max_features,random_state,dataset,index,experimental,predicted
19,1,test,0,584.000000,568.498047
19,1,test,1,510.000000,534.898315
19,1,test,2,525.000000,510.242371
19,1,test,3,557.000000,588.997192
19,1,test,4,596.000000,551.468323
19,1,test,5,528.000000,541.042114
19,1,test,6,645.000000,562.076355
19,1,test,7,460.000000,548.366821
19,1,test,8,572.000000,570.054810
19,1,test,9,509.000000,501.990601
19,1,test,10,577.000000,523.415466
19,1,test,11,555.000000,534.557251
19,1,test,12,485.000000,549.212769
19,1,test,13,580.000000,513.477844
19,1,test,14,456.000000,490.108185
19,1,test,15,597.000000,587.547852
19,1,test,16,484.000000,518.846558
19,1,test,17,584.000000,557.460388
19,1,test,18,502.000000,510.655457
19,1,test,19,612.000000,599.036377
19,1,test,20,644.000000,584.274231
19,1,test,21,501.000000,471.687836
19,1,test,22,462.000000,495.704834
19,1,test,23,495.000000,484.284546
19,1,test,24,601.000000,585.078735
19,1,test,25,613.000000,612.843994
19,1,test,26,610.000000,610.165710
19,1,test,27,580.000000,596.460388
19,1,test,28,545.000000,524.105286
19,1,test,29,469.000000,484.801849
19,1,test,30,479.000000,500.069336
19,1,test,31,478.000000,478.114075
19,1,test,32,446.000000,514.610840
19,1,test,33,463.000000,493.604095
19,1,test,34,613.000000,612.843994
19,1,test,35,572.000000,566.832214
19,1,train,0,572.000000,570.054810
19,1,train,1,524.000000,512.194214
19,1,train,2,575.000000,565.154968
19,1,train,3,600.000000,591.586792
19,1,train,4,560.000000,536.838013
19,1,train,5,442.000000,451.771210
19,1,train,6,451.000000,479.083252
19,1,train,7,616.000000,638.229980
19,1,train,8,534.000000,549.563354
19,1,train,9,608.000000,596.709412
19,1,train,10,489.000000,506.838379
19,1,train,11,637.000000,614.700989
19,1,train,12,648.000000,621.121765
19,1,train,13,523.000000,543.305603
19,1,train,14,519.000000,526.849609
19,1,train,15,524.000000,541.799377
19,1,train,16,500.000000,484.040741
19,1,train,17,495.000000,511.722443
19,1,train,18,585.000000,596.191345
19,1,train,19,509.000000,505.290070
19,1,train,20,577.000000,553.895081
19,1,train,21,479.000000,494.052917
19,1,train,22,504.000000,504.665436
19,1,train,23,509.000000,502.726379
19,1,train,24,606.000000,564.427612
19,1,train,25,605.000000,588.533569
19,1,train,26,484.000000,472.479126
19,1,train,27,488.000000,490.852814
19,1,train,28,630.000000,633.735291
19,1,train,29,507.000000,521.583862
19,1,train,30,522.000000,524.263977
19,1,train,31,628.000000,605.683289
19,1,train,32,522.000000,525.529785
19,1,train,33,578.000000,587.809570
19,1,train,34,640.000000,635.617615
19,1,train,35,618.000000,634.739746
19,1,train,36,431.000000,473.993622
19,1,train,37,649.000000,621.064758
19,1,train,38,526.000000,518.260620
19,1,train,39,535.000000,511.480194
19,1,train,40,507.000000,497.829468
19,1,train,41,541.000000,557.185791
19,1,train,42,612.000000,595.236328
19,1,train,43,617.000000,552.366882
19,1,train,44,459.000000,480.734802
19,1,train,45,597.000000,599.632690
19,1,train,46,538.000000,541.248291
19,1,train,47,508.000000,501.524994
19,1,train,48,525.000000,540.367371
19,1,train,49,455.000000,505.892914
19,1,train,50,472.000000,500.634216
19,1,train,51,596.000000,572.651794
19,1,train,52,617.000000,614.383301
19,1,train,53,623.000000,605.274841
19,1,train,54,594.000000,589.811890
19,1,train,55,480.000000,490.885345
19,1,train,56,504.000000,501.715240
19,1,train,57,516.000000,522.366699
19,1,train,58,541.000000,565.969543
19,1,train,59,505.000000,514.059937
19,1,train,60,515.000000,520.106323
19,1,train,61,522.000000,515.158752
19,1,train,62,506.000000,556.418030
19,1,train,63,577.000000,550.051941
19,1,train,64,574.000000,559.203369
19,1,train,65,624.000000,628.291687
19,1,train,66,543.000000,521.112061
19,1,train,67,644.000000,617.956848
19,1,train,68,584.000000,563.362427
19,1,train,69,500.000000,517.301636
19,1,train,70,689.000000,645.830933
19,1,train,71,586.000000,572.011169
19,1,train,72,617.000000,614.383301
19,1,train,73,473.000000,460.881409
19,1,train,74,572.000000,566.832214
19,1,train,75,595.000000,613.475830
19,1,train,76,528.000000,528.074097
19,1,train,77,492.000000,513.506958
19,1,train,78,516.000000,530.127686
19,1,train,79,473.000000,477.700775
19,1,train,80,505.000000,497.540710
19,1,train,81,534.000000,537.231079
19,1,train,82,630.000000,637.226990
19,1,train,83,670.000000,658.199524
19,1,train,84,598.000000,582.341003
19,1,train,85,488.000000,501.775238
19,1,train,86,481.000000,490.576019
19,1,train,87,455.000000,478.942780
19,1,train,88,550.000000,542.783691
19,1,train,89,505.000000,535.200134
19,1,train,90,608.000000,591.665955
19,1,train,91,482.000000,510.383789
19,1,train,92,466.000000,491.057983
19,1,train,93,471.000000,477.482086
19,1,train,94,624.000000,588.946289
19,1,train,95,591.000000,560.441528
19,1,train,96,488.000000,483.654144
19,1,train,97,606.000000,603.342468
19,1,train,98,693.000000,630.352051
19,1,train,99,475.000000,468.996490
19,1,train,100,484.000000,512.203857
19,1,train,101,580.000000,578.226440
19,1,train,102,511.000000,524.873779
19,1,train,103,562.000000,515.614502
19,1,train,104,630.000000,580.080627
19,1,train,105,583.000000,560.804749
19,1,train,106,465.000000,467.915314
19,1,train,107,524.000000,533.499084
19,1,train,108,472.000000,479.235596
19,1,train,109,456.000000,486.524048
19,1,train,110,456.000000,491.229858
19,1,train,111,475.000000,487.967468
19,1,train,112,465.000000,527.052917
19,1,train,113,561.000000,543.326416
19,1,train,114,464.000000,482.279358
19,1,train,115,490.000000,485.260864
19,1,train,116,450.000000,455.575073
19,1,train,117,601.000000,580.408813
19,1,train,118,463.000000,468.683289
19,1,train,119,670.000000,658.199524
19,1,train,120,597.000000,602.385010
19,1,train,121,592.000000,594.131165
19,1,train,122,597.000000,584.389587
19,1,train,123,371.000000,428.783203
19,1,train,124,500.000000,497.972687
19,1,train,125,476.000000,514.995117
19,1,train,126,464.000000,460.939484
19,1,train,127,494.000000,489.088013
19,1,train,128,585.000000,593.220642
19,1,train,129,507.000000,493.308838
19,1,train,130,568.000000,562.762024
19,1,train,131,500.000000,496.613220
19,1,train,132,605.000000,604.997131
19,1,train,133,519.000000,517.572571
19,1,train,134,504.000000,504.015594
19,1,train,135,487.000000,490.875366
19,1,train,136,517.000000,525.268677
19,1,train,137,532.000000,529.335876
19,1,train,138,493.000000,495.555481
19,1,train,139,477.000000,474.809692
19,1,train,140,648.000000,651.339111
19,2,test,0,495.000000,531.357422
19,2,test,1,473.000000,480.002594
19,2,test,2,618.000000,628.440063
19,2,test,3,568.000000,548.131714
19,2,test,4,584.000000,558.279602
19,2,test,5,507.000000,566.169861
19,2,test,6,455.000000,564.549255
19,2,test,7,543.000000,519.417175
19,2,test,8,597.000000,596.907166
19,2,test,9,600.000000,588.749512
19,2,test,10,524.000000,578.613342
19,2,test,11,475.000000,455.641144
19,2,test,12,459.000000,499.508545
19,2,test,13,500.000000,477.764709
19,2,test,14,689.000000,617.895325
19,2,test,15,606.000000,557.420715
19,2,test,16,580.000000,531.928345
19,2,test,17,541.000000,564.597839
19,2,test,18,580.000000,612.850403
19,2,test,19,476.000000,533.235596
19,2,test,20,617.000000,518.247925
19,2,test,21,628.000000,602.448975
19,2,test,22,509.000000,496.253174
19,2,test,23,509.000000,498.807678
19,2,test,24,463.000000,494.095184
19,2,test,25,596.000000,575.718445
19,2,test,26,522.000000,538.138672
19,2,test,27,608.000000,583.338928
19,2,test,28,560.000000,526.383484
19,2,test,29,693.000000,582.364380
19,2,test,30,517.000000,547.375244
19,2,test,31,455.000000,551.565979
19,2,test,32,446.000000,537.504517
19,2,test,33,534.000000,552.828674
19,2,test,34,577.000000,555.867004
19,2,test,35,575.000000,537.832397
19,2,train,0,528.000000,528.085327
19,2,train,1,645.000000,643.874634
19,2,train,2,585.000000,585.053162
19,2,train,3,516.000000,515.979919
19,2,train,4,479.000000,479.042725
19,2,train,5,473.000000,472.338531
19,2,train,6,487.000000,487.159912
19,2,train,7,460.000000,460.841125
19,2,train,8,500.000000,499.819397
19,2,train,9,596.000000,596.055176
19,2,train,10,519.000000,518.909363
19,2,train,11,608.000000,608.419617
19,2,train,12,492.000000,491.855316
19,2,train,13,509.000000,509.305420
19,2,train,14,479.000000,479.029663
19,2,train,15,505.000000,505.017120
19,2,train,16,466.000000,465.519043
19,2,train,17,613.000000,612.718506
19,2,train,18,630.000000,629.933899
19,2,train,19,511.000000,511.171051
19,2,train,20,478.000000,477.933136
19,2,train,21,465.000000,466.160034
19,2,train,22,605.000000,604.791443
19,2,train,23,524.000000,523.527954
19,2,train,24,515.000000,515.110474
19,2,train,25,477.000000,476.907806
19,2,train,26,494.000000,493.439178
19,2,train,27,577.000000,575.960632
19,2,train,28,488.000000,488.135986
19,2,train,29,578.000000,577.165100
19,2,train,30,484.000000,483.618683
19,2,train,31,465.000000,463.738129
19,2,train,32,480.000000,478.169250
19,2,train,33,538.000000,538.193604
19,2,train,34,586.000000,586.212158
19,2,train,35,532.000000,530.877441
19,2,train,36,598.000000,598.093018
19,2,train,37,670.000000,669.909424
19,2,train,38,507.000000,504.808289
19,2,train,39,505.000000,504.886932
19,2,train,40,500.000000,500.235687
19,2,train,41,519.000000,518.809082
19,2,train,42,525.000000,524.689697
19,2,train,43,630.000000,628.954041
19,2,train,44,508.000000,507.863037
19,2,train,45,605.000000,605.284607
19,2,train,46,442.000000,441.267822
19,2,train,47,482.000000,482.115387
19,2,train,48,484.000000,483.363922
19,2,train,49,464.000000,464.019958
19,2,train,50,451.000000,451.500244
19,2,train,51,371.000000,389.103912
19,2,train,52,524.000000,523.864136
19,2,train,53,535.000000,534.450500
19,2,train,54,472.000000,471.703033
19,2,train,55,545.000000,544.968994
19,2,train,56,572.000000,571.872925
19,2,train,57,617.000000,617.014465
19,2,train,58,649.000000,648.822571
19,2,train,59,504.000000,503.900085
19,2,train,60,463.000000,457.153961
19,2,train,61,456.000000,456.137878
19,2,train,62,601.000000,601.104187
19,2,train,63,630.000000,629.779297
19,2,train,64,572.000000,571.980896
19,2,train,65,597.000000,597.192017
19,2,train,66,648.000000,647.421387
19,2,train,67,613.000000,612.718506
19,2,train,68,500.000000,499.856720
19,2,train,69,502.000000,502.023041
19,2,train,70,464.000000,463.624298
19,2,train,71,489.000000,489.202515
19,2,train,72,504.000000,503.520691
19,2,train,73,592.000000,591.786011
19,2,train,74,475.000000,475.230591
19,2,train,75,505.000000,505.400787
19,2,train,76,534.000000,533.617554
19,2,train,77,525.000000,524.384460
19,2,train,78,481.000000,481.010406
19,2,train,79,670.000000,669.909424
19,2,train,80,612.000000,611.668091
19,2,train,81,585.000000,584.945068
19,2,train,82,528.000000,527.599609
19,2,train,83,456.000000,457.304901
19,2,train,84,574.000000,571.896118
19,2,train,85,601.000000,600.664490
19,2,train,86,577.000000,576.852173
19,2,train,87,488.000000,487.720337
19,2,train,88,472.000000,471.977448
19,2,train,89,456.000000,455.882721
19,2,train,90,591.000000,591.133057
19,2,train,91,624.000000,623.840210
19,2,train,92,431.000000,432.077576
19,2,train,93,597.000000,597.009705
19,2,train,94,584.000000,583.774048
19,2,train,95,469.000000,468.436890
19,2,train,96,522.000000,521.815918
19,2,train,97,495.000000,495.040985
19,2,train,98,526.000000,525.998413
19,2,train,99,640.000000,640.051514
19,2,train,100,616.000000,616.025146
19,2,train,101,580.000000,579.778320
19,2,train,102,623.000000,620.725342
19,2,train,103,507.000000,507.371429
19,2,train,104,597.000000,597.048706
19,2,train,105,624.000000,623.792725
19,2,train,106,471.000000,471.264801
19,2,train,107,506.000000,512.042847
19,2,train,108,583.000000,583.043457
19,2,train,109,504.000000,504.355896
19,2,train,110,594.000000,593.341614
19,2,train,111,617.000000,617.014465
19,2,train,112,557.000000,556.833862
19,2,train,113,595.000000,594.797363
19,2,train,114,488.000000,487.865509
19,2,train,115,523.000000,523.256287
19,2,train,116,637.000000,636.918701
19,2,train,117,644.000000,643.895630
19,2,train,118,572.000000,571.872925
19,2,train,119,644.000000,643.916443
19,2,train,120,485.000000,485.312531
19,2,train,121,555.000000,554.963196
19,2,train,122,572.000000,571.980896
19,2,train,123,648.000000,648.195068
19,2,train,124,510.000000,510.003418
19,2,train,125,522.000000,521.997620
19,2,train,126,484.000000,484.360565
19,2,train,127,612.000000,612.238525
19,2,train,128,490.000000,490.369293
19,2,train,129,610.000000,609.478638
19,2,train,130,462.000000,461.687622
19,2,train,131,584.000000,584.075317
19,2,train,132,541.000000,540.867065
19,2,train,133,450.000000,450.176239
19,2,train,134,516.000000,516.063660
19,2,train,135,501.000000,500.994354
19,2,train,136,606.000000,605.874573
19,2,train,137,561.000000,558.366455
19,2,train,138,493.000000,493.003845
19,2,train,139,550.000000,550.278687
19,2,train,140,562.000000,560.932373
19,3,test,0,601.000000,580.655884
19,3,test,1,596.000000,576.380127
19,3,test,2,574.000000,560.775146
19,3,test,3,466.000000,486.599731
19,3,test,4,482.000000,577.770142
19,3,test,5,473.000000,449.533020
19,3,test,6,594.000000,559.109680
19,3,test,7,493.000000,526.840515
19,3,test,8,524.000000,556.228882
19,3,test,9,644.000000,609.512024
19,3,test,10,455.000000,521.009521
19,3,test,11,475.000000,452.188812
19,3,test,12,505.000000,597.720093
19,3,test,13,612.000000,603.033386
19,3,test,14,644.000000,598.071655
19,3,test,15,459.000000,474.257935
19,3,test,16,597.000000,598.810059
19,3,test,17,550.000000,567.924011
19,3,test,18,524.000000,521.903992
19,3,test,19,506.000000,611.981567
19,3,test,20,523.000000,564.010315
19,3,test,21,500.000000,519.595703
19,3,test,22,568.000000,589.353394
19,3,test,23,640.000000,642.282654
19,3,test,24,605.000000,625.920776
19,3,test,25,465.000000,458.304474
19,3,test,26,610.000000,613.342590
19,3,test,27,608.000000,562.700806
19,3,test,28,585.000000,606.134033
19,3,test,29,584.000000,507.885162
19,3,test,30,597.000000,572.171326
19,3,test,31,555.000000,567.918945
19,3,test,32,507.000000,486.999451
19,3,test,33,670.000000,668.862488
19,3,test,34,598.000000,570.761475
19,3,test,35,617.000000,505.153870
19,3,train,0,580.000000,579.484558
19,3,train,1,595.000000,596.185486
19,3,train,2,612.000000,612.323914
19,3,train,3,463.000000,462.421143
19,3,train,4,463.000000,463.611176
19,3,train,5,541.000000,542.046692
19,3,train,6,617.000000,617.058533
19,3,train,7,572.000000,571.599670
19,3,train,8,525.000000,525.273499
19,3,train,9,495.000000,495.182007
19,3,train,10,460.000000,460.023895
19,3,train,11,693.000000,691.569092
19,3,train,12,484.000000,485.876068
19,3,train,13,495.000000,495.086395
19,3,train,14,472.000000,472.176453
19,3,train,15,623.000000,621.635193
19,3,train,16,586.000000,586.134338
19,3,train,17,488.000000,488.403290
19,3,train,18,519.000000,519.136780
19,3,train,19,585.000000,585.231628
19,3,train,20,670.000000,668.862488
19,3,train,21,630.000000,630.420166
19,3,train,22,465.000000,465.411804
19,3,train,23,618.000000,618.851685
19,3,train,24,606.000000,605.963074
19,3,train,25,572.000000,572.004150
19,3,train,26,561.000000,561.335022
19,3,train,27,605.000000,605.013672
19,3,train,28,504.000000,504.191956
19,3,train,29,473.000000,472.949097
19,3,train,30,528.000000,527.865845
19,3,train,31,490.000000,490.151764
19,3,train,32,500.000000,499.060394
19,3,train,33,649.000000,649.169312
19,3,train,34,522.000000,522.890320
19,3,train,35,628.000000,627.300903
19,3,train,36,584.000000,583.888489
19,3,train,37,455.000000,457.085999
19,3,train,38,597.000000,596.448242
19,3,train,39,516.000000,516.313477
19,3,train,40,515.000000,515.249329
19,3,train,41,525.000000,525.466797
19,3,train,42,484.000000,481.506500
19,3,train,43,502.000000,502.059906
19,3,train,44,592.000000,592.019592
19,3,train,45,488.000000,487.779572
19,3,train,46,645.000000,644.069824
19,3,train,47,577.000000,576.707458
19,3,train,48,577.000000,576.373169
19,3,train,49,476.000000,475.906860
19,3,train,50,500.000000,499.806000
19,3,train,51,481.000000,480.977936
19,3,train,52,528.000000,528.006042
19,3,train,53,494.000000,493.334900
19,3,train,54,456.000000,456.856171
19,3,train,55,580.000000,580.230408
19,3,train,56,616.000000,616.517273
19,3,train,57,534.000000,533.804260
19,3,train,58,431.000000,431.965302
19,3,train,59,606.000000,604.425232
19,3,train,60,532.000000,533.027100
19,3,train,61,477.000000,477.160339
19,3,train,62,442.000000,441.253418
19,3,train,63,451.000000,450.972900
19,3,train,64,608.000000,606.969849
19,3,train,65,479.000000,478.688263
19,3,train,66,578.000000,577.753540
19,3,train,67,464.000000,463.823975
19,3,train,68,478.000000,477.593597
19,3,train,69,624.000000,623.621765
19,3,train,70,517.000000,516.961121
19,3,train,71,464.000000,465.673431
19,3,train,72,600.000000,600.163086
19,3,train,73,630.000000,629.274048
19,3,train,74,504.000000,504.076477
19,3,train,75,507.000000,507.291656
19,3,train,76,584.000000,584.038696
19,3,train,77,597.000000,596.649109
19,3,train,78,472.000000,472.822449
19,3,train,79,501.000000,501.080597
19,3,train,80,508.000000,508.708710
19,3,train,81,456.000000,455.917725
19,3,train,82,583.000000,581.603577
19,3,train,83,624.000000,623.944885
19,3,train,84,471.000000,470.746490
19,3,train,85,545.000000,544.982239
19,3,train,86,572.000000,572.004150
19,3,train,87,630.000000,629.652222
19,3,train,88,617.000000,617.058533
19,3,train,89,522.000000,521.488647
19,3,train,90,543.000000,543.512390
19,3,train,91,504.000000,504.344025
19,3,train,92,562.000000,560.240173
19,3,train,93,526.000000,524.986145
19,3,train,94,613.000000,613.007568
19,3,train,95,475.000000,475.030884
19,3,train,96,575.000000,575.096436
19,3,train,97,462.000000,461.837463
19,3,train,98,510.000000,510.004913
19,3,train,99,648.000000,647.641174
19,3,train,100,601.000000,601.078674
19,3,train,101,560.000000,558.798828
19,3,train,102,488.000000,488.249634
19,3,train,103,577.000000,577.298096
19,3,train,104,505.000000,504.587341
19,3,train,105,580.000000,580.023499
19,3,train,106,509.000000,509.452148
19,3,train,107,507.000000,506.420746
19,3,train,108,648.000000,647.633850
19,3,train,109,487.000000,487.003967
19,3,train,110,479.000000,478.700684
19,3,train,111,637.000000,637.171692
19,3,train,112,450.000000,450.437042
19,3,train,113,480.000000,477.905090
19,3,train,114,689.000000,689.204834
19,3,train,115,613.000000,613.007568
19,3,train,116,469.000000,468.716461
19,3,train,117,516.000000,516.112549
19,3,train,118,557.000000,557.159607
19,3,train,119,572.000000,571.599670
19,3,train,120,519.000000,517.863892
19,3,train,121,456.000000,461.017792
19,3,train,122,541.000000,540.897583
19,3,train,123,509.000000,509.489532
19,3,train,124,446.000000,445.959229
19,3,train,125,489.000000,489.565826
19,3,train,126,591.000000,590.723816
19,3,train,127,371.000000,374.048431
19,3,train,128,522.000000,523.198792
19,3,train,129,484.000000,486.297760
19,3,train,130,596.000000,596.610413
19,3,train,131,492.000000,490.428375
19,3,train,132,505.000000,504.842651
19,3,train,133,524.000000,523.722290
19,3,train,134,485.000000,485.519043
19,3,train,135,500.000000,498.199890
19,3,train,136,535.000000,533.596741
19,3,train,137,538.000000,537.645935
19,3,train,138,511.000000,511.263885
19,3,train,139,534.000000,534.120178
19,3,train,140,509.000000,509.020142
19,4,test,0,541.000000,531.463196
19,4,test,1,463.000000,521.470703
19,4,test,2,460.000000,576.056030
19,4,test,3,628.000000,599.931824
19,4,test,4,489.000000,595.733032
19,4,test,5,476.000000,525.636230
19,4,test,6,591.000000,532.447021
19,4,test,7,504.000000,495.564301
19,4,test,8,475.000000,488.789520
19,4,test,9,488.000000,482.913300
19,4,test,10,572.000000,565.745850
19,4,test,11,648.000000,569.361694
19,4,test,12,524.000000,483.807343
19,4,test,13,618.000000,605.247009
19,4,test,14,637.000000,636.092590
19,4,test,15,522.000000,491.599762
19,4,test,16,600.000000,570.499573
19,4,test,17,572.000000,565.745850
19,4,test,18,522.000000,480.946533
19,4,test,19,484.000000,515.579407
19,4,test,20,572.000000,573.643494
19,4,test,21,623.000000,569.844604
19,4,test,22,479.000000,494.419159
19,4,test,23,504.000000,523.267639
19,4,test,24,459.000000,496.940918
19,4,test,25,517.000000,513.942810
19,4,test,26,557.000000,591.935852
19,4,test,27,516.000000,508.822998
19,4,test,28,371.000000,497.477112
19,4,test,29,473.000000,502.997589
19,4,test,30,610.000000,596.253113
19,4,test,31,525.000000,555.557190
19,4,test,32,495.000000,497.934326
19,4,test,33,575.000000,548.556885
19,4,test,34,488.000000,481.167358
19,4,test,35,464.000000,476.220001
19,4,train,0,545.000000,544.614258
19,4,train,1,525.000000,522.242676
19,4,train,2,541.000000,542.704895
19,4,train,3,617.000000,598.532959
19,4,train,4,500.000000,503.312927
19,4,train,5,580.000000,582.321289
19,4,train,6,693.000000,646.382019
19,4,train,7,464.000000,471.773499
19,4,train,8,451.000000,457.698273
19,4,train,9,463.000000,467.235992
19,4,train,10,585.000000,583.977234
19,4,train,11,477.000000,475.736328
19,4,train,12,568.000000,564.396973
19,4,train,13,500.000000,496.260803
19,4,train,14,522.000000,521.080383
19,4,train,15,585.000000,584.872986
19,4,train,16,613.000000,611.313293
19,4,train,17,577.000000,575.040466
19,4,train,18,577.000000,575.015015
19,4,train,19,505.000000,504.251282
19,4,train,20,584.000000,576.494141
19,4,train,21,509.000000,508.052002
19,4,train,22,488.000000,488.139587
19,4,train,23,508.000000,507.037415
19,4,train,24,574.000000,574.947937
19,4,train,25,479.000000,477.981171
19,4,train,26,630.000000,628.748596
19,4,train,27,605.000000,600.518555
19,4,train,28,617.000000,616.023865
19,4,train,29,608.000000,604.233215
19,4,train,30,507.000000,506.167786
19,4,train,31,505.000000,504.248230
19,4,train,32,597.000000,595.513733
19,4,train,33,507.000000,508.706238
19,4,train,34,645.000000,638.845947
19,4,train,35,455.000000,472.921722
19,4,train,36,515.000000,517.471069
19,4,train,37,584.000000,584.158081
19,4,train,38,597.000000,598.330444
19,4,train,39,446.000000,459.616333
19,4,train,40,580.000000,577.238220
19,4,train,41,594.000000,591.935852
19,4,train,42,455.000000,459.546692
19,4,train,43,471.000000,490.314850
19,4,train,44,482.000000,483.702393
19,4,train,45,506.000000,520.516052
19,4,train,46,478.000000,478.087769
19,4,train,47,490.000000,491.804565
19,4,train,48,450.000000,458.633026
19,4,train,49,577.000000,574.677490
19,4,train,50,500.000000,496.843018
19,4,train,51,507.000000,508.836212
19,4,train,52,550.000000,546.325073
19,4,train,53,670.000000,664.802185
19,4,train,54,606.000000,604.385132
19,4,train,55,456.000000,468.429901
19,4,train,56,586.000000,581.743774
19,4,train,57,469.000000,477.876404
19,4,train,58,543.000000,542.504700
19,4,train,59,456.000000,472.072662
19,4,train,60,595.000000,597.159302
19,4,train,61,596.000000,586.708313
19,4,train,62,598.000000,593.108276
19,4,train,63,612.000000,605.517212
19,4,train,64,510.000000,512.491394
19,4,train,65,616.000000,613.905823
19,4,train,66,528.000000,527.255249
19,4,train,67,484.000000,479.501221
19,4,train,68,689.000000,667.978455
19,4,train,69,480.000000,486.492401
19,4,train,70,592.000000,592.327393
19,4,train,71,596.000000,597.039124
19,4,train,72,528.000000,528.886597
19,4,train,73,524.000000,528.479004
19,4,train,74,605.000000,599.540649
19,4,train,75,601.000000,602.631653
19,4,train,76,612.000000,606.162170
19,4,train,77,617.000000,616.023865
19,4,train,78,494.000000,490.755829
19,4,train,79,484.000000,494.462341
19,4,train,80,502.000000,504.991241
19,4,train,81,555.000000,554.853455
19,4,train,82,534.000000,530.888062
19,4,train,83,597.000000,594.274353
19,4,train,84,562.000000,552.467773
19,4,train,85,560.000000,558.150940
19,4,train,86,640.000000,635.420471
19,4,train,87,493.000000,492.486053
19,4,train,88,648.000000,647.156616
19,4,train,89,583.000000,580.408630
19,4,train,90,472.000000,474.772339
19,4,train,91,644.000000,639.323975
19,4,train,92,485.000000,497.006409
19,4,train,93,442.000000,452.691162
19,4,train,94,578.000000,576.247070
19,4,train,95,487.000000,485.638916
19,4,train,96,613.000000,611.313293
19,4,train,97,505.000000,502.884216
19,4,train,98,524.000000,522.897156
19,4,train,99,473.000000,472.526031
19,4,train,100,501.000000,500.211792
19,4,train,101,561.000000,556.193787
19,4,train,102,504.000000,507.725372
19,4,train,103,495.000000,490.563324
19,4,train,104,462.000000,459.198273
19,4,train,105,584.000000,591.146118
19,4,train,106,670.000000,664.802185
19,4,train,107,465.000000,465.364166
19,4,train,108,456.000000,464.544617
19,4,train,109,475.000000,473.101257
19,4,train,110,481.000000,489.938843
19,4,train,111,624.000000,622.981506
19,4,train,112,431.000000,449.859589
19,4,train,113,509.000000,505.373230
19,4,train,114,580.000000,576.415710
19,4,train,115,500.000000,502.690582
19,4,train,116,630.000000,603.231934
19,4,train,117,526.000000,524.809326
19,4,train,118,534.000000,538.455994
19,4,train,119,492.000000,497.996552
19,4,train,120,535.000000,531.487549
19,4,train,121,538.000000,537.332031
19,4,train,122,511.000000,515.516602
19,4,train,123,624.000000,614.197327
19,4,train,124,519.000000,518.969849
19,4,train,125,644.000000,641.296631
19,4,train,126,608.000000,606.638855
19,4,train,127,601.000000,600.658386
19,4,train,128,465.000000,476.972168
19,4,train,129,472.000000,487.098816
19,4,train,130,509.000000,508.552155
19,4,train,131,466.000000,472.693604
19,4,train,132,572.000000,573.643494
19,4,train,133,523.000000,524.496216
19,4,train,134,532.000000,530.870056
19,4,train,135,597.000000,596.075134
19,4,train,136,630.000000,629.324097
19,4,train,137,516.000000,515.962708
19,4,train,138,519.000000,519.312561
19,4,train,139,649.000000,637.653076
19,4,train,140,606.000000,599.471985
19,5,test,0,482.000000,548.390808
19,5,test,1,601.000000,608.420898
19,5,test,2,475.000000,469.738434
19,5,test,3,605.000000,611.290894
19,5,test,4,617.000000,507.581085
19,5,test,5,465.000000,577.306641
19,5,test,6,689.000000,637.455688
19,5,test,7,616.000000,640.687256
19,5,test,8,522.000000,522.460815
19,5,test,9,500.000000,497.852905
19,5,test,10,598.000000,584.889038
19,5,test,11,560.000000,531.248901
19,5,test,12,500.000000,447.285980
19,5,test,13,594.000000,558.444580
19,5,test,14,509.000000,512.476196
19,5,test,15,568.000000,557.286133
19,5,test,16,600.000000,586.091309
19,5,test,17,580.000000,525.034790
19,5,test,18,577.000000,579.743469
19,5,test,19,535.000000,476.782440
19,5,test,20,618.000000,658.809937
19,5,test,21,534.000000,564.767456
19,5,test,22,489.000000,530.903320
19,5,test,23,617.000000,616.973755
19,5,test,24,591.000000,548.609802
19,5,test,25,456.000000,535.980957
19,5,test,26,606.000000,593.778259
19,5,test,27,605.000000,627.970276
19,5,test,28,472.000000,512.984253
19,5,test,29,516.000000,537.769409
19,5,test,30,473.000000,472.708710
19,5,test,31,504.000000,513.184875
19,5,test,32,475.000000,477.393097
19,5,test,33,505.000000,516.190979
19,5,test,34,465.000000,449.288239
19,5,test,35,596.000000,605.164368
19,5,train,0,644.000000,644.004211
19,5,train,1,541.000000,540.874878
19,5,train,2,525.000000,524.797363
19,5,train,3,670.000000,669.920898
19,5,train,4,517.000000,517.310791
19,5,train,5,480.000000,478.065582
19,5,train,6,524.000000,523.691467
19,5,train,7,463.000000,462.209961
19,5,train,8,464.000000,463.744415
19,5,train,9,511.000000,511.245087
19,5,train,10,490.000000,490.015869
19,5,train,11,495.000000,495.250824
19,5,train,12,584.000000,583.980469
19,5,train,13,597.000000,596.529297
19,5,train,14,528.000000,528.028992
19,5,train,15,597.000000,597.703735
19,5,train,16,525.000000,525.261963
19,5,train,17,371.000000,371.872253
19,5,train,18,500.000000,500.222900
19,5,train,19,488.000000,488.081543
19,5,train,20,510.000000,510.235352
19,5,train,21,459.000000,459.078003
19,5,train,22,584.000000,583.736816
19,5,train,23,550.000000,549.869141
19,5,train,24,464.000000,464.008026
19,5,train,25,577.000000,576.963135
19,5,train,26,601.000000,600.922424
19,5,train,27,534.000000,533.982788
19,5,train,28,524.000000,524.024658
19,5,train,29,578.000000,577.269897
19,5,train,30,555.000000,555.109070
19,5,train,31,630.000000,629.972351
19,5,train,32,492.000000,492.124237
19,5,train,33,479.000000,479.048035
19,5,train,34,597.000000,596.694031
19,5,train,35,505.000000,504.934937
19,5,train,36,485.000000,485.110687
19,5,train,37,462.000000,461.752350
19,5,train,38,493.000000,493.077942
19,5,train,39,580.000000,579.850098
19,5,train,40,507.000000,506.309357
19,5,train,41,584.000000,583.869507
19,5,train,42,612.000000,611.612854
19,5,train,43,487.000000,487.061066
19,5,train,44,519.000000,519.104370
19,5,train,45,456.000000,457.984558
19,5,train,46,613.000000,612.923157
19,5,train,47,557.000000,556.997864
19,5,train,48,624.000000,623.760742
19,5,train,49,561.000000,560.932495
19,5,train,50,585.000000,584.657715
19,5,train,51,501.000000,500.879700
19,5,train,52,648.000000,648.143860
19,5,train,53,572.000000,571.920959
19,5,train,54,640.000000,639.975159
19,5,train,55,431.000000,431.931000
19,5,train,56,455.000000,454.852570
19,5,train,57,476.000000,475.959412
19,5,train,58,481.000000,480.702362
19,5,train,59,606.000000,605.420349
19,5,train,60,484.000000,484.712830
19,5,train,61,505.000000,505.981873
19,5,train,62,645.000000,644.785583
19,5,train,63,456.000000,455.994751
19,5,train,64,596.000000,595.138855
19,5,train,65,543.000000,543.041687
19,5,train,66,506.000000,506.473145
19,5,train,67,488.000000,487.973816
19,5,train,68,624.000000,623.968689
19,5,train,69,526.000000,526.105408
19,5,train,70,516.000000,516.170593
19,5,train,71,507.000000,506.922852
19,5,train,72,693.000000,692.445374
19,5,train,73,442.000000,441.936066
19,5,train,74,628.000000,628.133850
19,5,train,75,574.000000,573.225403
19,5,train,76,446.000000,446.039734
19,5,train,77,500.000000,499.867828
19,5,train,78,610.000000,609.631226
19,5,train,79,477.000000,476.925873
19,5,train,80,528.000000,528.017456
19,5,train,81,504.000000,504.309174
19,5,train,82,572.000000,571.920959
19,5,train,83,460.000000,460.582184
19,5,train,84,509.000000,508.943665
19,5,train,85,545.000000,544.959595
19,5,train,86,562.000000,561.262756
19,5,train,87,613.000000,612.923157
19,5,train,88,585.000000,585.104309
19,5,train,89,637.000000,637.013977
19,5,train,90,580.000000,580.689392
19,5,train,91,484.000000,484.317688
19,5,train,92,524.000000,524.277649
19,5,train,93,572.000000,571.997253
19,5,train,94,522.000000,522.489929
19,5,train,95,595.000000,596.322205
19,5,train,96,577.000000,576.606628
19,5,train,97,466.000000,466.640137
19,5,train,98,451.000000,451.659149
19,5,train,99,617.000000,616.973755
19,5,train,100,508.000000,508.060272
19,5,train,101,488.000000,487.915070
19,5,train,102,648.000000,648.071167
19,5,train,103,484.000000,483.417084
19,5,train,104,644.000000,643.414185
19,5,train,105,592.000000,591.818298
19,5,train,106,541.000000,541.089478
19,5,train,107,612.000000,612.000977
19,5,train,108,623.000000,622.577454
19,5,train,109,522.000000,522.218140
19,5,train,110,469.000000,468.957306
19,5,train,111,507.000000,506.659851
19,5,train,112,538.000000,537.637817
19,5,train,113,523.000000,522.938293
19,5,train,114,463.000000,462.936340
19,5,train,115,649.000000,649.262024
19,5,train,116,572.000000,571.997253
19,5,train,117,519.000000,518.931335
19,5,train,118,608.000000,607.647461
19,5,train,119,509.000000,508.858887
19,5,train,120,532.000000,531.544373
19,5,train,121,583.000000,583.971741
19,5,train,122,494.000000,493.609711
19,5,train,123,502.000000,502.384338
19,5,train,124,670.000000,669.920898
19,5,train,125,630.000000,629.425964
19,5,train,126,455.000000,455.621643
19,5,train,127,608.000000,608.944397
19,5,train,128,586.000000,586.011536
19,5,train,129,471.000000,471.060425
19,5,train,130,575.000000,575.117554
19,5,train,131,473.000000,473.010468
19,5,train,132,450.000000,450.030426
19,5,train,133,478.000000,477.636444
19,5,train,134,597.000000,597.298828
19,5,train,135,479.000000,478.912842
19,5,train,136,472.000000,472.056396
19,5,train,137,495.000000,495.134949
19,5,train,138,504.000000,503.938568
19,5,train,139,515.000000,515.232239
19,5,train,140,630.000000,630.377930
19,6,test,0,493.000000,508.999817
19,6,test,1,596.000000,602.647766
19,6,test,2,509.000000,501.250671
19,6,test,3,585.000000,615.818909
19,6,test,4,525.000000,514.122314
19,6,test,5,577.000000,531.624146
19,6,test,6,500.000000,505.412720
19,6,test,7,516.000000,535.339722
19,6,test,8,617.000000,616.841431
19,6,test,9,459.000000,496.841370
19,6,test,10,630.000000,539.315552
19,6,test,11,451.000000,502.470093
19,6,test,12,516.000000,537.839355
19,6,test,13,555.000000,579.462952
19,6,test,14,644.000000,619.714600
19,6,test,15,580.000000,557.176392
19,6,test,16,541.000000,568.261658
19,6,test,17,597.000000,588.783997
19,6,test,18,489.000000,559.251038
19,6,test,19,522.000000,535.055847
19,6,test,20,464.000000,509.080536
19,6,test,21,463.000000,489.376923
19,6,test,22,584.000000,566.799927
19,6,test,23,538.000000,541.610535
19,6,test,24,644.000000,609.655884
19,6,test,25,455.000000,510.753235
19,6,test,26,484.000000,518.740234
19,6,test,27,484.000000,524.921692
19,6,test,28,476.000000,556.490417
19,6,test,29,624.000000,555.175781
19,6,test,30,481.000000,544.847961
19,6,test,31,528.000000,528.868225
19,6,test,32,463.000000,490.212982
19,6,test,33,670.000000,641.864746
19,6,test,34,613.000000,613.403198
19,6,test,35,446.000000,532.908691
19,6,train,0,560.000000,548.942444
19,6,train,1,689.000000,651.853455
19,6,train,2,371.000000,440.611877
19,6,train,3,601.000000,600.270813
19,6,train,4,492.000000,511.611725
19,6,train,5,482.000000,496.786133
19,6,train,6,648.000000,648.885681
19,6,train,7,586.000000,576.254333
19,6,train,8,442.000000,452.700317
19,6,train,9,630.000000,631.131348
19,6,train,10,473.000000,474.992371
19,6,train,11,572.000000,567.622314
19,6,train,12,630.000000,630.821289
19,6,train,13,605.000000,612.140991
19,6,train,14,624.000000,624.821289
19,6,train,15,648.000000,637.335693
19,6,train,16,506.000000,540.003296
19,6,train,17,572.000000,570.391296
19,6,train,18,628.000000,619.455872
19,6,train,19,495.000000,506.437103
19,6,train,20,572.000000,570.391296
19,6,train,21,545.000000,545.460022
19,6,train,22,465.000000,473.847961
19,6,train,23,616.000000,628.670654
19,6,train,24,507.000000,516.942932
19,6,train,25,617.000000,616.841431
19,6,train,26,478.000000,486.698517
19,6,train,27,584.000000,570.269287
19,6,train,28,510.000000,521.697632
19,6,train,29,515.000000,521.667969
19,6,train,30,605.000000,591.368896
19,6,train,31,504.000000,504.979614
19,6,train,32,608.000000,606.905640
19,6,train,33,597.000000,595.635803
19,6,train,34,594.000000,582.598145
19,6,train,35,472.000000,494.756317
19,6,train,36,572.000000,567.622314
19,6,train,37,574.000000,560.303467
19,6,train,38,649.000000,635.703369
19,6,train,39,464.000000,468.317932
19,6,train,40,473.000000,475.051117
19,6,train,41,431.000000,457.168427
19,6,train,42,507.000000,508.090790
19,6,train,43,523.000000,543.016479
19,6,train,44,504.000000,503.320129
19,6,train,45,532.000000,533.214905
19,6,train,46,456.000000,472.769287
19,6,train,47,606.000000,590.053589
19,6,train,48,526.000000,523.855530
19,6,train,49,598.000000,595.054382
19,6,train,50,475.000000,475.721222
19,6,train,51,519.000000,521.485718
19,6,train,52,460.000000,499.907135
19,6,train,53,580.000000,590.375671
19,6,train,54,597.000000,595.763916
19,6,train,55,575.000000,563.799805
19,6,train,56,485.000000,494.632263
19,6,train,57,524.000000,515.907715
19,6,train,58,500.000000,482.616638
19,6,train,59,456.000000,487.228302
19,6,train,60,477.000000,475.455719
19,6,train,61,455.000000,486.927856
19,6,train,62,495.000000,494.324646
19,6,train,63,488.000000,486.912872
19,6,train,64,508.000000,502.394043
19,6,train,65,645.000000,630.667297
19,6,train,66,585.000000,596.113953
19,6,train,67,583.000000,576.759277
19,6,train,68,528.000000,518.725952
19,6,train,69,562.000000,542.832520
19,6,train,70,500.000000,496.854950
19,6,train,71,535.000000,521.110962
19,6,train,72,610.000000,604.194031
19,6,train,73,557.000000,562.152344
19,6,train,74,479.000000,476.212646
19,6,train,75,534.000000,530.406555
19,6,train,76,541.000000,540.177429
19,6,train,77,488.000000,486.826477
19,6,train,78,637.000000,634.318115
19,6,train,79,534.000000,533.938477
19,6,train,80,504.000000,508.479340
19,6,train,81,578.000000,558.962402
19,6,train,82,450.000000,460.425201
19,6,train,83,511.000000,516.923462
19,6,train,84,580.000000,567.506104
19,6,train,85,600.000000,583.870422
19,6,train,86,693.000000,642.535461
19,6,train,87,522.000000,519.493347
19,6,train,88,479.000000,488.167786
19,6,train,89,608.000000,595.063293
19,6,train,90,561.000000,537.003723
19,6,train,91,584.000000,577.737854
19,6,train,92,505.000000,513.660706
19,6,train,93,519.000000,514.268921
19,6,train,94,484.000000,477.682068
19,6,train,95,595.000000,602.262695
19,6,train,96,577.000000,567.588684
19,6,train,97,494.000000,485.910461
19,6,train,98,612.000000,609.780029
19,6,train,99,601.000000,600.031616
19,6,train,100,596.000000,582.205750
19,6,train,101,524.000000,535.367493
19,6,train,102,618.000000,625.780334
19,6,train,103,597.000000,587.641052
19,6,train,104,500.000000,494.708649
19,6,train,105,465.000000,490.601715
19,6,train,106,606.000000,608.374084
19,6,train,107,577.000000,570.585144
19,6,train,108,522.000000,517.491699
19,6,train,109,613.000000,613.403198
19,6,train,110,490.000000,490.142548
19,6,train,111,509.000000,506.611816
19,6,train,112,505.000000,503.699554
19,6,train,113,462.000000,462.202515
19,6,train,114,543.000000,533.344604
19,6,train,115,507.000000,505.934357
19,6,train,116,456.000000,465.092834
19,6,train,117,670.000000,641.864746
19,6,train,118,550.000000,545.445862
19,6,train,119,524.000000,534.953125
19,6,train,120,502.000000,504.677551
19,6,train,121,517.000000,519.782959
19,6,train,122,612.000000,608.081543
19,6,train,123,617.000000,575.637512
19,6,train,124,472.000000,477.517822
19,6,train,125,623.000000,599.550903
19,6,train,126,592.000000,593.471313
19,6,train,127,469.000000,481.989136
19,6,train,128,488.000000,490.261383
19,6,train,129,591.000000,586.597717
19,6,train,130,525.000000,529.405884
19,6,train,131,501.000000,492.096802
19,6,train,132,475.000000,475.590790
19,6,train,133,568.000000,573.288269
19,6,train,134,480.000000,484.162537
19,6,train,135,471.000000,491.213470
19,6,train,136,640.000000,637.541138
19,6,train,137,487.000000,487.320038
19,6,train,138,466.000000,481.580688
19,6,train,139,509.000000,504.788574
19,6,train,140,505.000000,504.092316
19,7,test,0,623.000000,547.212280
19,7,test,1,456.000000,493.339935
19,7,test,2,606.000000,578.769226
19,7,test,3,597.000000,603.955933
19,7,test,4,624.000000,620.084961
19,7,test,5,524.000000,572.793335
19,7,test,6,543.000000,496.162811
19,7,test,7,507.000000,516.499146
19,7,test,8,502.000000,508.023041
19,7,test,9,561.000000,511.866577
19,7,test,10,597.000000,607.222900
19,7,test,11,644.000000,602.752563
19,7,test,12,481.000000,513.371704
19,7,test,13,572.000000,575.715515
19,7,test,14,526.000000,519.693359
19,7,test,15,451.000000,506.424011
19,7,test,16,463.000000,506.221375
19,7,test,17,670.000000,635.199341
19,7,test,18,578.000000,513.621277
19,7,test,19,504.000000,490.969208
19,7,test,20,517.000000,530.253662
19,7,test,21,488.000000,483.610321
19,7,test,22,507.000000,552.576355
19,7,test,23,478.000000,484.425873
19,7,test,24,617.000000,623.717529
19,7,test,25,689.000000,600.631592
19,7,test,26,613.000000,607.074219
19,7,test,27,630.000000,626.793884
19,7,test,28,541.000000,534.610229
19,7,test,29,693.000000,590.309692
19,7,test,30,628.000000,604.155212
19,7,test,31,583.000000,581.399780
19,7,test,32,522.000000,500.569336
19,7,test,33,500.000000,495.940704
19,7,test,34,466.000000,496.812378
19,7,test,35,519.000000,519.288330
19,7,train,0,490.000000,497.659760
19,7,train,1,577.000000,557.688110
19,7,train,2,584.000000,583.724243
19,7,train,3,586.000000,576.155945
19,7,train,4,509.000000,508.045380
19,7,train,5,504.000000,501.170013
19,7,train,6,494.000000,488.082581
19,7,train,7,516.000000,516.794495
19,7,train,8,648.000000,634.540100
19,7,train,9,577.000000,558.431946
19,7,train,10,455.000000,488.807831
19,7,train,11,505.000000,492.613007
19,7,train,12,509.000000,503.508514
19,7,train,13,492.000000,492.203064
19,7,train,14,670.000000,635.199341
19,7,train,15,463.000000,485.944855
19,7,train,16,605.000000,593.567993
19,7,train,17,456.000000,482.898468
19,7,train,18,596.000000,579.987427
19,7,train,19,506.000000,533.182312
19,7,train,20,580.000000,580.120728
19,7,train,21,598.000000,580.006653
19,7,train,22,594.000000,586.789062
19,7,train,23,618.000000,617.786011
19,7,train,24,613.000000,607.074219
19,7,train,25,446.000000,466.210693
19,7,train,26,601.000000,599.759705
19,7,train,27,500.000000,490.375275
19,7,train,28,505.000000,510.500427
19,7,train,29,480.000000,485.314056
19,7,train,30,455.000000,475.618317
19,7,train,31,591.000000,579.268738
19,7,train,32,471.000000,497.773010
19,7,train,33,608.000000,589.424377
19,7,train,34,624.000000,591.052612
19,7,train,35,524.000000,523.476257
19,7,train,36,450.000000,476.069519
19,7,train,37,479.000000,475.697052
19,7,train,38,575.000000,544.416504
19,7,train,39,612.000000,592.247253
19,7,train,40,484.000000,493.329590
19,7,train,41,572.000000,570.411926
19,7,train,42,472.000000,476.599304
19,7,train,43,510.000000,518.272766
19,7,train,44,487.000000,497.644531
19,7,train,45,431.000000,461.434509
19,7,train,46,485.000000,492.688019
19,7,train,47,580.000000,582.367432
19,7,train,48,475.000000,478.267365
19,7,train,49,616.000000,614.903992
19,7,train,50,465.000000,474.518433
19,7,train,51,525.000000,525.933899
19,7,train,52,484.000000,480.472290
19,7,train,53,509.000000,506.841797
19,7,train,54,560.000000,559.443237
19,7,train,55,572.000000,575.715515
19,7,train,56,504.000000,508.997192
19,7,train,57,606.000000,596.935242
19,7,train,58,456.000000,492.922424
19,7,train,59,600.000000,591.343933
19,7,train,60,488.000000,501.982727
19,7,train,61,442.000000,453.174164
19,7,train,62,550.000000,548.316345
19,7,train,63,596.000000,612.233948
19,7,train,64,507.000000,500.200745
19,7,train,65,460.000000,477.799774
19,7,train,66,601.000000,585.880249
19,7,train,67,488.000000,489.851044
19,7,train,68,528.000000,532.352173
19,7,train,69,522.000000,514.483887
19,7,train,70,645.000000,632.277771
19,7,train,71,495.000000,500.825378
19,7,train,72,545.000000,530.136597
19,7,train,73,610.000000,599.392700
19,7,train,74,523.000000,544.914307
19,7,train,75,482.000000,499.991852
19,7,train,76,511.000000,517.821533
19,7,train,77,535.000000,521.673706
19,7,train,78,648.000000,616.739075
19,7,train,79,597.000000,595.301025
19,7,train,80,473.000000,475.832092
19,7,train,81,541.000000,543.875610
19,7,train,82,612.000000,601.326111
19,7,train,83,489.000000,517.789734
19,7,train,84,477.000000,486.398804
19,7,train,85,495.000000,484.410095
19,7,train,86,585.000000,594.984558
19,7,train,87,465.000000,503.596191
19,7,train,88,630.000000,584.965637
19,7,train,89,617.000000,582.498413
19,7,train,90,637.000000,630.656006
19,7,train,91,519.000000,523.200012
19,7,train,92,500.000000,495.333893
19,7,train,93,476.000000,490.404633
19,7,train,94,479.000000,492.226044
19,7,train,95,649.000000,626.862305
19,7,train,96,617.000000,623.717529
19,7,train,97,464.000000,469.623749
19,7,train,98,464.000000,476.031403
19,7,train,99,584.000000,583.919189
19,7,train,100,577.000000,549.998901
19,7,train,101,524.000000,502.058655
19,7,train,102,605.000000,604.155212
19,7,train,103,462.000000,464.594696
19,7,train,104,522.000000,522.139771
19,7,train,105,515.000000,512.674622
19,7,train,106,475.000000,493.091827
19,7,train,107,584.000000,547.469543
19,7,train,108,562.000000,543.506897
19,7,train,109,630.000000,623.511230
19,7,train,110,532.000000,529.390320
19,7,train,111,555.000000,563.557129
19,7,train,112,644.000000,635.775818
19,7,train,113,528.000000,536.639587
19,7,train,114,574.000000,568.481750
19,7,train,115,597.000000,599.918457
19,7,train,116,534.000000,530.796265
19,7,train,117,534.000000,538.440308
19,7,train,118,557.000000,561.879639
19,7,train,119,608.000000,592.247253
19,7,train,120,525.000000,516.847778
19,7,train,121,459.000000,483.748108
19,7,train,122,472.000000,495.656342
19,7,train,123,501.000000,492.185303
19,7,train,124,538.000000,543.224426
19,7,train,125,508.000000,509.050293
19,7,train,126,505.000000,510.217285
19,7,train,127,592.000000,593.308899
19,7,train,128,500.000000,507.002380
19,7,train,129,580.000000,562.071716
19,7,train,130,469.000000,473.517242
19,7,train,131,585.000000,590.147034
19,7,train,132,493.000000,491.455750
19,7,train,133,473.000000,470.442047
19,7,train,134,371.000000,426.324005
19,7,train,135,516.000000,528.540405
19,7,train,136,572.000000,570.411926
19,7,train,137,484.000000,491.832520
19,7,train,138,595.000000,597.192383
19,7,train,139,568.000000,567.226440
19,7,train,140,640.000000,632.542908
19,8,test,0,511.000000,546.219116
19,8,test,1,601.000000,547.084839
19,8,test,2,572.000000,570.859436
19,8,test,3,475.000000,491.390717
19,8,test,4,562.000000,503.966187
19,8,test,5,617.000000,619.702271
19,8,test,6,689.000000,601.771912
19,8,test,7,591.000000,520.298523
19,8,test,8,534.000000,562.375549
19,8,test,9,624.000000,550.587646
19,8,test,10,601.000000,587.449097
19,8,test,11,568.000000,552.841064
19,8,test,12,462.000000,518.652161
19,8,test,13,473.000000,487.267181
19,8,test,14,519.000000,525.173523
19,8,test,15,595.000000,611.729614
19,8,test,16,455.000000,548.838257
19,8,test,17,555.000000,526.491211
19,8,test,18,586.000000,558.565308
19,8,test,19,525.000000,528.054688
19,8,test,20,597.000000,552.938660
19,8,test,21,617.000000,619.702271
19,8,test,22,605.000000,570.540833
19,8,test,23,528.000000,552.825623
19,8,test,24,446.000000,511.498749
19,8,test,25,476.000000,531.834412
19,8,test,26,475.000000,462.844208
19,8,test,27,612.000000,605.195801
19,8,test,28,465.000000,557.129700
19,8,test,29,583.000000,551.137939
19,8,test,30,488.000000,513.940125
19,8,test,31,431.000000,518.037354
19,8,test,32,507.000000,500.271179
19,8,test,33,606.000000,555.415039
19,8,test,34,481.000000,514.075195
19,8,test,35,526.000000,530.301636
19,8,train,0,630.000000,621.989685
19,8,train,1,510.000000,513.516235
19,8,train,2,617.000000,590.431641
19,8,train,3,577.000000,570.142395
19,8,train,4,488.000000,486.257874
19,8,train,5,506.000000,524.975769
19,8,train,6,471.000000,474.798920
19,8,train,7,505.000000,505.033478
19,8,train,8,504.000000,503.895050
19,8,train,9,484.000000,487.397614
19,8,train,10,515.000000,515.794739
19,8,train,11,557.000000,562.410767
19,8,train,12,456.000000,475.040863
19,8,train,13,487.000000,486.292114
19,8,train,14,572.000000,571.977722
19,8,train,15,630.000000,628.770752
19,8,train,16,538.000000,542.725952
19,8,train,17,608.000000,605.237854
19,8,train,18,371.000000,427.514801
19,8,train,19,580.000000,582.972107
19,8,train,20,584.000000,583.512085
19,8,train,21,580.000000,578.080444
19,8,train,22,500.000000,501.204132
19,8,train,23,623.000000,605.799500
19,8,train,24,495.000000,497.919189
19,8,train,25,561.000000,549.651245
19,8,train,26,628.000000,619.220825
19,8,train,27,492.000000,492.910400
19,8,train,28,574.000000,567.269775
19,8,train,29,472.000000,472.850647
19,8,train,30,509.000000,510.533508
19,8,train,31,480.000000,483.316925
19,8,train,32,516.000000,516.166504
19,8,train,33,637.000000,638.922791
19,8,train,34,613.000000,614.523987
19,8,train,35,608.000000,600.650940
19,8,train,36,524.000000,518.808960
19,8,train,37,519.000000,519.666931
19,8,train,38,597.000000,596.895691
19,8,train,39,606.000000,601.878479
19,8,train,40,523.000000,530.321289
19,8,train,41,488.000000,494.378143
19,8,train,42,477.000000,475.757294
19,8,train,43,456.000000,459.458496
19,8,train,44,618.000000,622.000977
19,8,train,45,509.000000,509.411011
19,8,train,46,493.000000,492.854614
19,8,train,47,575.000000,571.476868
19,8,train,48,577.000000,572.324707
19,8,train,49,501.000000,498.578247
19,8,train,50,585.000000,585.739258
19,8,train,51,596.000000,579.434021
19,8,train,52,463.000000,464.845001
19,8,train,53,649.000000,637.667908
19,8,train,54,598.000000,596.203064
19,8,train,55,693.000000,645.643555
19,8,train,56,630.000000,630.843445
19,8,train,57,508.000000,504.738464
19,8,train,58,469.000000,472.613708
19,8,train,59,472.000000,480.960815
19,8,train,60,524.000000,532.151917
19,8,train,61,545.000000,545.510559
19,8,train,62,597.000000,597.049683
19,8,train,63,543.000000,534.024658
19,8,train,64,484.000000,491.759583
19,8,train,65,525.000000,522.476440
19,8,train,66,580.000000,574.707642
19,8,train,67,522.000000,521.333313
19,8,train,68,505.000000,506.968384
19,8,train,69,504.000000,504.129333
19,8,train,70,450.000000,455.106232
19,8,train,71,478.000000,478.556244
19,8,train,72,495.000000,492.474548
19,8,train,73,624.000000,623.089905
19,8,train,74,584.000000,583.018677
19,8,train,75,459.000000,461.726440
19,8,train,76,500.000000,494.952332
19,8,train,77,594.000000,587.883484
19,8,train,78,616.000000,620.403381
19,8,train,79,541.000000,545.328674
19,8,train,80,560.000000,553.388550
19,8,train,81,644.000000,631.608398
19,8,train,82,505.000000,508.442291
19,8,train,83,494.000000,487.460846
19,8,train,84,463.000000,461.501648
19,8,train,85,648.000000,647.661438
19,8,train,86,592.000000,591.543213
19,8,train,87,464.000000,464.289886
19,8,train,88,484.000000,479.984009
19,8,train,89,504.000000,506.477844
19,8,train,90,585.000000,586.604797
19,8,train,91,645.000000,637.918457
19,8,train,92,479.000000,483.957520
19,8,train,93,578.000000,570.492126
19,8,train,94,541.000000,543.456848
19,8,train,95,455.000000,468.809509
19,8,train,96,610.000000,610.299866
19,8,train,97,577.000000,575.200256
19,8,train,98,535.000000,527.110046
19,8,train,99,507.000000,505.512299
19,8,train,100,612.000000,615.482117
19,8,train,101,670.000000,665.570312
19,8,train,102,490.000000,491.300781
19,8,train,103,572.000000,570.859436
19,8,train,104,550.000000,546.649353
19,8,train,105,485.000000,495.941681
19,8,train,106,489.000000,493.610077
19,8,train,107,502.000000,502.120850
19,8,train,108,534.000000,532.516357
19,8,train,109,524.000000,525.428711
19,8,train,110,509.000000,504.031830
19,8,train,111,640.000000,635.237366
19,8,train,112,500.000000,496.818054
19,8,train,113,605.000000,610.888428
19,8,train,114,596.000000,595.715271
19,8,train,115,644.000000,640.660889
19,8,train,116,528.000000,523.553223
19,8,train,117,482.000000,487.308044
19,8,train,118,572.000000,571.977722
19,8,train,119,460.000000,476.313263
19,8,train,120,648.000000,638.535400
19,8,train,121,442.000000,444.690948
19,8,train,122,670.000000,665.570312
19,8,train,123,522.000000,523.275635
19,8,train,124,473.000000,477.075623
19,8,train,125,464.000000,470.965576
19,8,train,126,532.000000,531.275330
19,8,train,127,507.000000,513.526306
19,8,train,128,451.000000,461.867889
19,8,train,129,479.000000,479.450928
19,8,train,130,465.000000,464.922913
19,8,train,131,456.000000,466.104218
19,8,train,132,613.000000,614.523987
19,8,train,133,466.000000,474.151825
19,8,train,134,600.000000,598.001648
19,8,train,135,516.000000,519.787842
19,8,train,136,584.000000,577.121887
19,8,train,137,500.000000,501.822540
19,8,train,138,517.000000,520.499207
19,8,train,139,522.000000,521.672363
19,8,train,140,597.000000,597.804993
19,9,test,0,507.000000,549.880310
19,9,test,1,510.000000,542.477417
19,9,test,2,648.000000,658.058533
19,9,test,3,500.000000,472.370544
19,9,test,4,606.000000,572.421387
19,9,test,5,482.000000,533.763550
19,9,test,6,605.000000,575.331177
19,9,test,7,488.000000,505.466400
19,9,test,8,585.000000,618.927429
19,9,test,9,585.000000,610.002808
19,9,test,10,640.000000,643.677917
19,9,test,11,630.000000,523.879578
19,9,test,12,586.000000,559.714172
19,9,test,13,644.000000,611.524536
19,9,test,14,505.000000,471.329834
19,9,test,15,495.000000,478.999786
19,9,test,16,560.000000,527.402527
19,9,test,17,472.000000,531.625122
19,9,test,18,543.000000,505.606140
19,9,test,19,572.000000,571.672668
19,9,test,20,577.000000,565.238831
19,9,test,21,612.000000,574.054443
19,9,test,22,550.000000,510.964905
19,9,test,23,595.000000,623.913879
19,9,test,24,459.000000,511.714111
19,9,test,25,597.000000,593.744873
19,9,test,26,509.000000,492.365356
19,9,test,27,492.000000,485.266083
19,9,test,28,616.000000,640.202698
19,9,test,29,591.000000,567.770752
19,9,test,30,477.000000,474.025452
19,9,test,31,500.000000,483.737915
19,9,test,32,608.000000,597.641418
19,9,test,33,371.000000,480.840088
19,9,test,34,644.000000,612.011902
19,9,test,35,504.000000,496.514954
19,9,train,0,475.000000,473.996399
19,9,train,1,528.000000,527.352478
19,9,train,2,592.000000,591.871277
19,9,train,3,541.000000,540.806458
19,9,train,4,568.000000,567.941833
19,9,train,5,535.000000,533.738953
19,9,train,6,617.000000,610.470215
19,9,train,7,524.000000,525.254883
19,9,train,8,485.000000,485.690002
19,9,train,9,456.000000,462.123474
19,9,train,10,613.000000,613.359558
19,9,train,11,472.000000,474.074768
19,9,train,12,596.000000,595.664062
19,9,train,13,471.000000,470.626434
19,9,train,14,507.000000,505.932526
19,9,train,15,525.000000,523.809998
19,9,train,16,484.000000,484.659485
19,9,train,17,606.000000,606.160400
19,9,train,18,557.000000,559.419250
19,9,train,19,562.000000,557.060303
19,9,train,20,473.000000,474.387604
19,9,train,21,473.000000,472.164612
19,9,train,22,572.000000,572.286499
19,9,train,23,598.000000,592.011292
19,9,train,24,522.000000,520.357239
19,9,train,25,584.000000,584.275818
19,9,train,26,484.000000,486.944733
19,9,train,27,610.000000,610.001465
19,9,train,28,509.000000,510.223633
19,9,train,29,628.000000,626.837158
19,9,train,30,538.000000,537.955688
19,9,train,31,511.000000,511.755371
19,9,train,32,450.000000,450.737305
19,9,train,33,500.000000,500.262909
19,9,train,34,528.000000,528.298523
19,9,train,35,612.000000,607.365784
19,9,train,36,597.000000,597.591980
19,9,train,37,541.000000,539.665771
19,9,train,38,431.000000,437.284912
19,9,train,39,584.000000,584.953979
19,9,train,40,577.000000,572.377380
19,9,train,41,478.000000,477.821930
19,9,train,42,617.000000,617.274658
19,9,train,43,500.000000,499.491119
19,9,train,44,522.000000,521.885193
19,9,train,45,649.000000,648.504456
19,9,train,46,524.000000,523.963135
19,9,train,47,494.000000,492.503326
19,9,train,48,577.000000,577.195679
19,9,train,49,487.000000,485.308105
19,9,train,50,488.000000,486.291412
19,9,train,51,584.000000,581.386414
19,9,train,52,479.000000,480.751312
19,9,train,53,465.000000,467.930939
19,9,train,54,583.000000,583.024414
19,9,train,55,613.000000,613.359558
19,9,train,56,466.000000,467.684540
19,9,train,57,670.000000,668.771912
19,9,train,58,637.000000,637.355896
19,9,train,59,630.000000,632.243713
19,9,train,60,517.000000,517.093506
19,9,train,61,455.000000,458.042511
19,9,train,62,505.000000,504.594269
19,9,train,63,578.000000,577.068054
19,9,train,64,505.000000,505.239014
19,9,train,65,624.000000,626.362671
19,9,train,66,618.000000,620.947815
19,9,train,67,605.000000,606.267517
19,9,train,68,462.000000,459.863434
19,9,train,69,501.000000,498.426666
19,9,train,70,460.000000,464.455627
19,9,train,71,534.000000,533.485596
19,9,train,72,515.000000,516.348450
19,9,train,73,617.000000,617.274658
19,9,train,74,545.000000,545.094177
19,9,train,75,508.000000,505.632660
19,9,train,76,597.000000,596.950317
19,9,train,77,489.000000,489.278473
19,9,train,78,600.000000,602.480225
19,9,train,79,481.000000,482.318176
19,9,train,80,575.000000,572.954041
19,9,train,81,623.000000,619.885986
19,9,train,82,580.000000,579.391296
19,9,train,83,608.000000,603.644226
19,9,train,84,479.000000,478.970612
19,9,train,85,469.000000,470.110870
19,9,train,86,464.000000,464.950958
19,9,train,87,670.000000,668.771912
19,9,train,88,597.000000,597.335876
19,9,train,89,580.000000,580.538025
19,9,train,90,509.000000,508.646057
19,9,train,91,572.000000,572.286499
19,9,train,92,594.000000,591.652405
19,9,train,93,456.000000,458.438507
19,9,train,94,465.000000,462.160919
19,9,train,95,451.000000,451.101074
19,9,train,96,574.000000,573.614441
19,9,train,97,475.000000,476.060547
19,9,train,98,493.000000,493.715576
19,9,train,99,476.000000,478.054901
19,9,train,100,484.000000,480.327728
19,9,train,101,693.000000,688.788635
19,9,train,102,463.000000,464.630280
19,9,train,103,507.000000,506.761597
19,9,train,104,504.000000,503.962860
19,9,train,105,506.000000,509.126068
19,9,train,106,624.000000,617.608459
19,9,train,107,630.000000,632.349976
19,9,train,108,555.000000,555.061584
19,9,train,109,504.000000,504.151550
19,9,train,110,524.000000,521.322327
19,9,train,111,490.000000,489.698761
19,9,train,112,523.000000,522.690857
19,9,train,113,463.000000,463.123077
19,9,train,114,516.000000,517.074097
19,9,train,115,580.000000,579.618103
19,9,train,116,601.000000,599.536865
19,9,train,117,532.000000,532.741882
19,9,train,118,596.000000,592.582886
19,9,train,119,525.000000,525.755066
19,9,train,120,464.000000,462.923645
19,9,train,121,519.000000,519.581604
19,9,train,122,648.000000,648.224487
19,9,train,123,495.000000,495.794098
19,9,train,124,645.000000,643.934937
19,9,train,125,522.000000,522.476440
19,9,train,126,480.000000,477.792908
19,9,train,127,456.000000,458.673859
19,9,train,128,488.000000,488.100037
19,9,train,129,572.000000,571.672668
19,9,train,130,526.000000,527.002441
19,9,train,131,601.000000,602.345398
19,9,train,132,442.000000,442.359009
19,9,train,133,561.000000,561.066345
19,9,train,134,455.000000,460.830994
19,9,train,135,502.000000,502.903442
19,9,train,136,446.000000,449.148438
19,9,train,137,534.000000,533.738281
19,9,train,138,689.000000,685.141907
19,9,train,139,516.000000,519.521057
19,9,train,140,519.000000,520.457153
19,10,test,0,557.000000,594.576233
19,10,test,1,572.000000,575.875916
19,10,test,2,507.000000,504.879333
19,10,test,3,510.000000,543.361938
19,10,test,4,534.000000,589.533752
19,10,test,5,613.000000,619.476501
19,10,test,6,526.000000,532.987305
19,10,test,7,616.000000,653.854187
19,10,test,8,462.000000,472.498077
19,10,test,9,577.000000,496.615936
19,10,test,10,525.000000,512.518188
19,10,test,11,509.000000,494.366638
19,10,test,12,472.000000,514.774719
19,10,test,13,464.000000,484.305969
19,10,test,14,572.000000,574.131042
19,10,test,15,442.000000,462.174896
19,10,test,16,584.000000,530.699219
19,10,test,17,524.000000,612.370300
19,10,test,18,469.000000,486.668884
19,10,test,19,506.000000,612.402771
19,10,test,20,475.000000,468.314392
19,10,test,21,481.000000,537.729370
19,10,test,22,610.000000,618.786377
19,10,test,23,580.000000,581.512390
19,10,test,24,595.000000,616.741455
19,10,test,25,500.000000,512.883972
19,10,test,26,592.000000,608.301636
19,10,test,27,517.000000,562.900757
19,10,test,28,456.000000,492.114807
19,10,test,29,488.000000,481.352295
19,10,test,30,543.000000,516.926575
19,10,test,31,524.000000,486.624481
19,10,test,32,612.000000,603.618835
19,10,test,33,504.000000,527.563965
19,10,test,34,522.000000,507.066284
19,10,test,35,591.000000,523.788452
19,10,train,0,584.000000,585.605469
19,10,train,1,572.000000,575.875916
19,10,train,2,693.000000,648.356567
19,10,train,3,466.000000,474.469574
19,10,train,4,583.000000,580.910583
19,10,train,5,535.000000,525.758789
19,10,train,6,640.000000,640.875732
19,10,train,7,490.000000,491.196747
19,10,train,8,523.000000,526.758545
19,10,train,9,630.000000,633.446716
19,10,train,10,504.000000,502.416626
19,10,train,11,489.000000,492.319916
19,10,train,12,630.000000,630.429626
19,10,train,13,606.000000,599.747375
19,10,train,14,446.000000,454.549530
19,10,train,15,645.000000,643.272705
19,10,train,16,505.000000,502.060669
19,10,train,17,584.000000,580.577881
19,10,train,18,601.000000,596.098511
19,10,train,19,505.000000,506.483276
19,10,train,20,541.000000,545.502441
19,10,train,21,456.000000,462.368347
19,10,train,22,528.000000,527.310669
19,10,train,23,644.000000,639.253845
19,10,train,24,624.000000,617.938782
19,10,train,25,371.000000,416.258514
19,10,train,26,689.000000,674.134094
19,10,train,27,494.000000,488.412598
19,10,train,28,484.000000,491.243713
19,10,train,29,585.000000,584.637451
19,10,train,30,471.000000,478.827698
19,10,train,31,493.000000,494.379364
19,10,train,32,484.000000,478.021088
19,10,train,33,670.000000,665.765259
19,10,train,34,608.000000,596.805176
19,10,train,35,624.000000,622.580505
19,10,train,36,522.000000,518.880371
19,10,train,37,600.000000,598.078430
19,10,train,38,568.000000,569.900574
19,10,train,39,596.000000,595.958557
19,10,train,40,572.000000,574.131042
19,10,train,41,492.000000,490.044708
19,10,train,42,644.000000,641.604675
19,10,train,43,460.000000,473.372223
19,10,train,44,541.000000,551.394653
19,10,train,45,580.000000,589.462219
19,10,train,46,475.000000,469.985718
19,10,train,47,473.000000,474.948975
19,10,train,48,511.000000,517.942017
19,10,train,49,618.000000,622.443848
19,10,train,50,648.000000,650.812805
19,10,train,51,488.000000,481.981628
19,10,train,52,623.000000,606.819946
19,10,train,53,628.000000,619.473389
19,10,train,54,598.000000,596.625305
19,10,train,55,500.000000,496.352356
19,10,train,56,580.000000,577.699341
19,10,train,57,487.000000,487.171204
19,10,train,58,473.000000,472.599823
19,10,train,59,479.000000,475.976837
19,10,train,60,596.000000,596.482910
19,10,train,61,500.000000,492.146912
19,10,train,62,495.000000,496.207886
19,10,train,63,505.000000,505.737640
19,10,train,64,561.000000,554.060059
19,10,train,65,613.000000,619.476501
19,10,train,66,459.000000,467.295563
19,10,train,67,509.000000,511.701019
19,10,train,68,597.000000,599.102295
19,10,train,69,508.000000,507.102844
19,10,train,70,507.000000,505.072083
19,10,train,71,516.000000,517.895874
19,10,train,72,574.000000,574.411560
19,10,train,73,534.000000,534.687317
19,10,train,74,451.000000,461.953339
19,10,train,75,597.000000,587.496338
19,10,train,76,562.000000,551.005676
19,10,train,77,617.000000,580.733704
19,10,train,78,519.000000,521.683716
19,10,train,79,555.000000,558.330750
19,10,train,80,463.000000,462.614899
19,10,train,81,608.000000,603.618835
19,10,train,82,456.000000,476.180511
19,10,train,83,597.000000,595.804321
19,10,train,84,597.000000,595.196838
19,10,train,85,524.000000,524.825623
19,10,train,86,577.000000,579.758728
19,10,train,87,501.000000,501.876465
19,10,train,88,450.000000,457.041687
19,10,train,89,594.000000,594.576233
19,10,train,90,605.000000,602.664856
19,10,train,91,577.000000,575.356384
19,10,train,92,478.000000,476.826935
19,10,train,93,605.000000,614.748352
19,10,train,94,515.000000,513.697388
19,10,train,95,532.000000,527.974243
19,10,train,96,649.000000,647.317444
19,10,train,97,504.000000,503.598328
19,10,train,98,509.000000,508.995697
19,10,train,99,484.000000,487.397766
19,10,train,100,522.000000,523.319214
19,10,train,101,648.000000,639.468018
19,10,train,102,586.000000,584.124146
19,10,train,103,578.000000,573.273682
19,10,train,104,465.000000,488.018188
19,10,train,105,612.000000,612.533630
19,10,train,106,455.000000,475.193512
19,10,train,107,477.000000,474.932465
19,10,train,108,585.000000,588.065063
19,10,train,109,630.000000,616.409485
19,10,train,110,670.000000,665.765259
19,10,train,111,516.000000,518.220947
19,10,train,112,463.000000,460.904114
19,10,train,113,519.000000,519.431091
19,10,train,114,507.000000,510.509186
19,10,train,115,525.000000,525.891113
19,10,train,116,482.000000,484.899261
19,10,train,117,488.000000,491.244781
19,10,train,118,637.000000,637.926453
19,10,train,119,480.000000,484.546661
19,10,train,120,606.000000,597.234741
19,10,train,121,485.000000,492.341248
19,10,train,122,617.000000,618.602600
19,10,train,123,560.000000,559.507568
19,10,train,124,464.000000,461.222107
19,10,train,125,617.000000,618.602600
19,10,train,126,545.000000,540.383728
19,10,train,127,465.000000,465.350922
19,10,train,128,601.000000,605.789734
19,10,train,129,538.000000,535.947937
19,10,train,130,495.000000,493.144012
19,10,train,131,472.000000,473.345642
19,10,train,132,431.000000,444.922241
19,10,train,133,500.000000,498.411591
19,10,train,134,476.000000,478.188751
19,10,train,135,479.000000,479.971649
19,10,train,136,575.000000,573.638428
19,10,train,137,455.000000,458.443359
19,10,train,138,550.000000,539.981262
19,10,train,139,502.000000,504.026611
19,10,train,140,528.000000,525.960571
20,1,test,0,584.000000,574.888123
20,1,test,1,510.000000,553.023865
20,1,test,2,525.000000,528.748901
20,1,test,3,557.000000,594.169983
20,1,test,4,596.000000,548.603333
20,1,test,5,528.000000,517.104553
20,1,test,6,645.000000,592.588684
20,1,test,7,460.000000,536.166382
20,1,test,8,572.000000,572.249512
20,1,test,9,509.000000,532.723755
20,1,test,10,577.000000,554.726318
20,1,test,11,555.000000,548.479248
20,1,test,12,485.000000,541.171204
20,1,test,13,580.000000,533.897522
20,1,test,14,456.000000,489.488708
20,1,test,15,597.000000,592.683289
20,1,test,16,484.000000,501.839722
20,1,test,17,584.000000,568.743652
20,1,test,18,502.000000,500.068298
20,1,test,19,612.000000,582.719849
20,1,test,20,644.000000,588.598328
20,1,test,21,501.000000,475.128052
20,1,test,22,462.000000,478.155701
20,1,test,23,495.000000,496.828644
20,1,test,24,601.000000,610.855469
20,1,test,25,613.000000,612.097168
20,1,test,26,610.000000,602.279602
20,1,test,27,580.000000,577.028809
20,1,test,28,545.000000,520.264282
20,1,test,29,469.000000,471.299988
20,1,test,30,479.000000,480.753998
20,1,test,31,478.000000,486.252625
20,1,test,32,446.000000,528.242310
20,1,test,33,463.000000,503.526581
20,1,test,34,613.000000,612.097168
20,1,test,35,572.000000,570.019775
20,1,train,0,572.000000,572.249512
20,1,train,1,524.000000,525.862183
20,1,train,2,575.000000,571.119446
20,1,train,3,600.000000,601.772034
20,1,train,4,560.000000,553.210449
20,1,train,5,442.000000,439.860199
20,1,train,6,451.000000,464.947540
20,1,train,7,616.000000,630.584900
20,1,train,8,534.000000,537.658020
20,1,train,9,608.000000,608.358215
20,1,train,10,489.000000,498.371033
20,1,train,11,637.000000,634.560059
20,1,train,12,648.000000,641.122498
20,1,train,13,523.000000,528.031982
20,1,train,14,519.000000,514.552063
20,1,train,15,524.000000,534.682861
20,1,train,16,500.000000,491.033081
20,1,train,17,495.000000,498.852051
20,1,train,18,585.000000,591.612854
20,1,train,19,509.000000,517.801575
20,1,train,20,577.000000,570.652832
20,1,train,21,479.000000,480.006226
20,1,train,22,504.000000,502.253235
20,1,train,23,509.000000,506.633667
20,1,train,24,606.000000,584.947937
20,1,train,25,605.000000,603.377991
20,1,train,26,484.000000,483.722260
20,1,train,27,488.000000,488.640656
20,1,train,28,630.000000,631.020386
20,1,train,29,507.000000,506.465393
20,1,train,30,522.000000,522.842407
20,1,train,31,628.000000,615.151855
20,1,train,32,522.000000,524.407837
20,1,train,33,578.000000,576.486755
20,1,train,34,640.000000,643.551453
20,1,train,35,618.000000,621.533081
20,1,train,36,431.000000,454.481201
20,1,train,37,649.000000,641.411926
20,1,train,38,526.000000,526.223755
20,1,train,39,535.000000,524.594849
20,1,train,40,507.000000,504.695435
20,1,train,41,541.000000,543.307861
20,1,train,42,612.000000,604.533813
20,1,train,43,617.000000,591.261414
20,1,train,44,459.000000,465.788818
20,1,train,45,597.000000,595.355835
20,1,train,46,538.000000,536.397949
20,1,train,47,508.000000,508.319580
20,1,train,48,525.000000,524.440247
20,1,train,49,455.000000,464.828430
20,1,train,50,472.000000,487.577637
20,1,train,51,596.000000,585.465149
20,1,train,52,617.000000,618.951538
20,1,train,53,623.000000,612.347534
20,1,train,54,594.000000,593.524475
20,1,train,55,480.000000,483.600494
20,1,train,56,504.000000,498.584045
20,1,train,57,516.000000,520.578369
20,1,train,58,541.000000,539.565491
20,1,train,59,505.000000,501.474426
20,1,train,60,515.000000,519.434875
20,1,train,61,522.000000,517.048096
20,1,train,62,506.000000,535.232422
20,1,train,63,577.000000,555.305481
20,1,train,64,574.000000,572.984802
20,1,train,65,624.000000,625.369690
20,1,train,66,543.000000,531.732666
20,1,train,67,644.000000,637.371399
20,1,train,68,584.000000,578.557373
20,1,train,69,500.000000,501.880554
20,1,train,70,689.000000,665.812744
20,1,train,71,586.000000,575.490112
20,1,train,72,617.000000,618.951538
20,1,train,73,473.000000,469.998840
20,1,train,74,572.000000,570.019775
20,1,train,75,595.000000,598.327026
20,1,train,76,528.000000,527.743347
20,1,train,77,492.000000,492.875153
20,1,train,78,516.000000,523.522644
20,1,train,79,473.000000,475.024872
20,1,train,80,505.000000,502.363861
20,1,train,81,534.000000,535.288086
20,1,train,82,630.000000,631.977173
20,1,train,83,670.000000,664.357544
20,1,train,84,598.000000,590.074280
20,1,train,85,488.000000,488.748718
20,1,train,86,481.000000,484.347229
20,1,train,87,455.000000,461.367310
20,1,train,88,550.000000,549.849182
20,1,train,89,505.000000,516.094666
20,1,train,90,608.000000,599.076050
20,1,train,91,482.000000,501.038177
20,1,train,92,466.000000,473.862122
20,1,train,93,471.000000,469.692902
20,1,train,94,624.000000,615.470093
20,1,train,95,591.000000,588.200989
20,1,train,96,488.000000,487.746979
20,1,train,97,606.000000,601.106995
20,1,train,98,693.000000,646.941650
20,1,train,99,475.000000,466.368713
20,1,train,100,484.000000,493.201782
20,1,train,101,580.000000,579.185669
20,1,train,102,511.000000,514.851196
20,1,train,103,562.000000,547.389526
20,1,train,104,630.000000,605.877502
20,1,train,105,583.000000,580.035522
20,1,train,106,465.000000,459.787628
20,1,train,107,524.000000,523.581604
20,1,train,108,472.000000,470.510406
20,1,train,109,456.000000,464.903259
20,1,train,110,456.000000,470.276550
20,1,train,111,475.000000,474.935852
20,1,train,112,465.000000,506.004578
20,1,train,113,561.000000,564.144531
20,1,train,114,464.000000,473.027985
20,1,train,115,490.000000,497.345947
20,1,train,116,450.000000,458.183929
20,1,train,117,601.000000,600.327881
20,1,train,118,463.000000,451.786469
20,1,train,119,670.000000,664.357544
20,1,train,120,597.000000,599.972473
20,1,train,121,592.000000,592.906677
20,1,train,122,597.000000,588.964539
20,1,train,123,371.000000,414.283661
20,1,train,124,500.000000,499.751984
20,1,train,125,476.000000,487.899353
20,1,train,126,464.000000,461.933868
20,1,train,127,494.000000,491.702393
20,1,train,128,585.000000,583.551514
20,1,train,129,507.000000,498.556702
20,1,train,130,568.000000,567.498962
20,1,train,131,500.000000,502.777100
20,1,train,132,605.000000,607.949890
20,1,train,133,519.000000,516.646545
20,1,train,134,504.000000,500.293823
20,1,train,135,487.000000,481.775146
20,1,train,136,517.000000,518.265869
20,1,train,137,532.000000,533.329224
20,1,train,138,493.000000,492.229858
20,1,train,139,477.000000,480.254486
20,1,train,140,648.000000,648.032288
20,2,test,0,495.000000,509.492615
20,2,test,1,473.000000,526.180725
20,2,test,2,618.000000,611.150574
20,2,test,3,568.000000,531.456543
20,2,test,4,584.000000,571.927551
20,2,test,5,507.000000,527.312622
20,2,test,6,455.000000,559.380920
20,2,test,7,543.000000,506.946381
20,2,test,8,597.000000,606.894348
20,2,test,9,600.000000,601.214355
20,2,test,10,524.000000,601.911316
20,2,test,11,475.000000,450.223206
20,2,test,12,459.000000,470.372070
20,2,test,13,500.000000,471.568848
20,2,test,14,689.000000,607.250793
20,2,test,15,606.000000,579.126648
20,2,test,16,580.000000,575.358337
20,2,test,17,541.000000,586.287659
20,2,test,18,580.000000,592.399902
20,2,test,19,476.000000,551.752075
20,2,test,20,617.000000,531.840271
20,2,test,21,628.000000,604.712830
20,2,test,22,509.000000,534.537415
20,2,test,23,509.000000,533.282837
20,2,test,24,463.000000,489.652832
20,2,test,25,596.000000,591.955872
20,2,test,26,522.000000,541.576355
20,2,test,27,608.000000,567.064026
20,2,test,28,560.000000,548.032471
20,2,test,29,693.000000,591.532532
20,2,test,30,517.000000,553.481140
20,2,test,31,455.000000,524.307251
20,2,test,32,446.000000,548.751099
20,2,test,33,534.000000,556.087830
20,2,test,34,577.000000,554.689880
20,2,test,35,575.000000,536.427795
20,2,train,0,528.000000,527.999817
20,2,train,1,645.000000,645.000000
20,2,train,2,585.000000,585.000244
20,2,train,3,516.000000,515.999756
20,2,train,4,479.000000,478.999847
20,2,train,5,473.000000,473.000153
20,2,train,6,487.000000,486.999847
20,2,train,7,460.000000,460.000153
20,2,train,8,500.000000,499.999969
20,2,train,9,596.000000,596.000183
20,2,train,10,519.000000,519.000305
20,2,train,11,608.000000,608.000427
20,2,train,12,492.000000,491.999817
20,2,train,13,509.000000,509.000519
20,2,train,14,479.000000,478.999878
20,2,train,15,505.000000,504.999969
20,2,train,16,466.000000,465.999969
20,2,train,17,613.000000,613.000000
20,2,train,18,630.000000,630.000366
20,2,train,19,511.000000,510.999664
20,2,train,20,478.000000,477.999756
20,2,train,21,465.000000,465.000427
20,2,train,22,605.000000,605.000244
20,2,train,23,524.000000,524.000366
20,2,train,24,515.000000,515.000000
20,2,train,25,477.000000,476.999908
20,2,train,26,494.000000,494.000031
20,2,train,27,577.000000,576.998352
20,2,train,28,488.000000,487.999786
20,2,train,29,578.000000,578.000122
20,2,train,30,484.000000,483.999908
20,2,train,31,465.000000,464.999756
20,2,train,32,480.000000,479.999512
20,2,train,33,538.000000,538.000000
20,2,train,34,586.000000,585.999878
20,2,train,35,532.000000,531.999817
20,2,train,36,598.000000,598.000122
20,2,train,37,670.000000,670.000122
20,2,train,38,507.000000,506.999390
20,2,train,39,505.000000,504.999969
20,2,train,40,500.000000,499.999969
20,2,train,41,519.000000,519.000061
20,2,train,42,525.000000,524.999512
20,2,train,43,630.000000,629.999756
20,2,train,44,508.000000,508.000275
20,2,train,45,605.000000,604.999817
20,2,train,46,442.000000,442.000183
20,2,train,47,482.000000,481.999756
20,2,train,48,484.000000,484.000061
20,2,train,49,464.000000,463.999786
20,2,train,50,451.000000,451.000092
20,2,train,51,371.000000,371.003906
20,2,train,52,524.000000,524.000610
20,2,train,53,535.000000,535.000000
20,2,train,54,472.000000,472.000580
20,2,train,55,545.000000,544.999573
20,2,train,56,572.000000,571.999878
20,2,train,57,617.000000,616.999939
20,2,train,58,649.000000,648.999573
20,2,train,59,504.000000,503.999939
20,2,train,60,463.000000,462.998749
20,2,train,61,456.000000,455.999817
20,2,train,62,601.000000,600.999878
20,2,train,63,630.000000,630.000427
20,2,train,64,572.000000,572.000061
20,2,train,65,597.000000,597.000488
20,2,train,66,648.000000,648.000000
20,2,train,67,613.000000,613.000000
20,2,train,68,500.000000,499.999847
20,2,train,69,502.000000,501.999908
20,2,train,70,464.000000,463.999786
20,2,train,71,489.000000,488.999603
20,2,train,72,504.000000,503.999969
20,2,train,73,592.000000,591.999817
20,2,train,74,475.000000,474.999908
20,2,train,75,505.000000,505.000031
20,2,train,76,534.000000,534.000183
20,2,train,77,525.000000,525.000244
20,2,train,78,481.000000,480.999939
20,2,train,79,670.000000,670.000122
20,2,train,80,612.000000,611.999573
20,2,train,81,585.000000,584.999939
20,2,train,82,528.000000,528.000549
20,2,train,83,456.000000,456.000275
20,2,train,84,574.000000,574.000122
20,2,train,85,601.000000,600.999878
20,2,train,86,577.000000,576.999573
20,2,train,87,488.000000,487.999969
20,2,train,88,472.000000,471.999695
20,2,train,89,456.000000,455.999603
20,2,train,90,591.000000,590.999817
20,2,train,91,624.000000,624.000366
20,2,train,92,431.000000,431.001434
20,2,train,93,597.000000,596.999878
20,2,train,94,584.000000,583.999939
20,2,train,95,469.000000,469.000092
20,2,train,96,522.000000,521.999939
20,2,train,97,495.000000,494.999939
20,2,train,98,526.000000,526.000366
20,2,train,99,640.000000,639.999695
20,2,train,100,616.000000,616.000183
20,2,train,101,580.000000,579.999939
20,2,train,102,623.000000,622.999817
20,2,train,103,507.000000,506.998566
20,2,train,104,597.000000,596.999939
20,2,train,105,624.000000,624.000061
20,2,train,106,471.000000,471.000305
20,2,train,107,506.000000,505.999878
20,2,train,108,583.000000,583.000000
20,2,train,109,504.000000,503.999756
20,2,train,110,594.000000,593.999939
20,2,train,111,617.000000,616.999939
20,2,train,112,557.000000,557.000244
20,2,train,113,595.000000,595.000000
20,2,train,114,488.000000,487.999847
20,2,train,115,523.000000,522.999817
20,2,train,116,637.000000,637.000305
20,2,train,117,644.000000,644.000122
20,2,train,118,572.000000,571.999878
20,2,train,119,644.000000,644.000183
20,2,train,120,485.000000,485.000916
20,2,train,121,555.000000,555.000000
20,2,train,122,572.000000,572.000061
20,2,train,123,648.000000,647.999695
20,2,train,124,510.000000,510.000122
20,2,train,125,522.000000,521.999939
20,2,train,126,484.000000,484.000092
20,2,train,127,612.000000,612.000183
20,2,train,128,490.000000,490.000336
20,2,train,129,610.000000,610.000244
20,2,train,130,462.000000,461.999359
20,2,train,131,584.000000,583.999939
20,2,train,132,541.000000,541.000183
20,2,train,133,450.000000,449.999603
20,2,train,134,516.000000,515.999939
20,2,train,135,501.000000,501.000122
20,2,train,136,606.000000,606.000183
20,2,train,137,561.000000,561.000183
20,2,train,138,493.000000,492.999908
20,2,train,139,550.000000,550.000000
20,2,train,140,562.000000,561.999817
20,3,test,0,601.000000,585.145569
20,3,test,1,596.000000,598.388428
20,3,test,2,574.000000,543.131470
20,3,test,3,466.000000,497.558411
20,3,test,4,482.000000,581.174988
20,3,test,5,473.000000,502.103821
20,3,test,6,594.000000,557.326660
20,3,test,7,493.000000,524.263245
20,3,test,8,524.000000,540.143188
20,3,test,9,644.000000,596.785461
20,3,test,10,455.000000,516.654724
20,3,test,11,475.000000,455.832306
20,3,test,12,505.000000,578.515625
20,3,test,13,612.000000,606.580322
20,3,test,14,644.000000,621.919922
20,3,test,15,459.000000,495.523254
20,3,test,16,597.000000,592.149353
20,3,test,17,550.000000,565.314636
20,3,test,18,524.000000,549.329712
20,3,test,19,506.000000,605.742676
20,3,test,20,523.000000,565.757507
20,3,test,21,500.000000,507.462860
20,3,test,22,568.000000,543.728455
20,3,test,23,640.000000,604.289368
20,3,test,24,605.000000,627.834778
20,3,test,25,465.000000,462.378754
20,3,test,26,610.000000,603.091187
20,3,test,27,608.000000,588.259033
20,3,test,28,585.000000,607.113770
20,3,test,29,584.000000,517.991211
20,3,test,30,597.000000,574.894043
20,3,test,31,555.000000,593.041321
20,3,test,32,507.000000,462.704407
20,3,test,33,670.000000,669.679565
20,3,test,34,598.000000,531.265320
20,3,test,35,617.000000,507.158020
20,3,train,0,580.000000,579.927734
20,3,train,1,595.000000,594.972168
20,3,train,2,612.000000,612.091858
20,3,train,3,463.000000,462.989746
20,3,train,4,463.000000,462.864258
20,3,train,5,541.000000,541.765015
20,3,train,6,617.000000,616.905823
20,3,train,7,572.000000,571.911377
20,3,train,8,525.000000,525.176086
20,3,train,9,495.000000,494.828400
20,3,train,10,460.000000,459.968658
20,3,train,11,693.000000,691.424561
20,3,train,12,484.000000,484.311188
20,3,train,13,495.000000,494.935394
20,3,train,14,472.000000,472.128540
20,3,train,15,623.000000,622.583069
20,3,train,16,586.000000,585.932678
20,3,train,17,488.000000,488.201508
20,3,train,18,519.000000,518.861572
20,3,train,19,585.000000,585.069275
20,3,train,20,670.000000,669.679565
20,3,train,21,630.000000,630.116211
20,3,train,22,465.000000,465.139923
20,3,train,23,618.000000,618.118164
20,3,train,24,606.000000,606.411316
20,3,train,25,572.000000,571.997070
20,3,train,26,561.000000,561.065552
20,3,train,27,605.000000,604.979553
20,3,train,28,504.000000,504.092621
20,3,train,29,473.000000,472.905334
20,3,train,30,528.000000,527.990723
20,3,train,31,490.000000,490.027374
20,3,train,32,500.000000,500.042664
20,3,train,33,649.000000,649.004639
20,3,train,34,522.000000,522.472595
20,3,train,35,628.000000,628.003906
20,3,train,36,584.000000,583.996033
20,3,train,37,455.000000,455.529144
20,3,train,38,597.000000,596.869080
20,3,train,39,516.000000,516.082764
20,3,train,40,515.000000,515.082703
20,3,train,41,525.000000,525.182129
20,3,train,42,484.000000,482.996368
20,3,train,43,502.000000,501.732208
20,3,train,44,592.000000,592.166077
20,3,train,45,488.000000,488.091522
20,3,train,46,645.000000,644.597595
20,3,train,47,577.000000,576.996521
20,3,train,48,577.000000,576.822205
20,3,train,49,476.000000,476.129089
20,3,train,50,500.000000,500.002045
20,3,train,51,481.000000,481.066803
20,3,train,52,528.000000,528.114990
20,3,train,53,494.000000,493.479919
20,3,train,54,456.000000,455.968170
20,3,train,55,580.000000,580.185608
20,3,train,56,616.000000,616.487305
20,3,train,57,534.000000,534.136963
20,3,train,58,431.000000,431.709320
20,3,train,59,606.000000,604.821045
20,3,train,60,532.000000,531.519836
20,3,train,61,477.000000,476.889435
20,3,train,62,442.000000,441.517456
20,3,train,63,451.000000,450.994110
20,3,train,64,608.000000,607.922791
20,3,train,65,479.000000,478.960144
20,3,train,66,578.000000,577.472961
20,3,train,67,464.000000,463.902130
20,3,train,68,478.000000,477.815002
20,3,train,69,624.000000,623.877136
20,3,train,70,517.000000,517.017395
20,3,train,71,464.000000,464.271210
20,3,train,72,600.000000,600.256592
20,3,train,73,630.000000,629.760010
20,3,train,74,504.000000,503.985107
20,3,train,75,507.000000,507.025360
20,3,train,76,584.000000,584.058044
20,3,train,77,597.000000,596.886658
20,3,train,78,472.000000,472.019562
20,3,train,79,501.000000,500.958954
20,3,train,80,508.000000,508.015167
20,3,train,81,456.000000,455.912476
20,3,train,82,583.000000,582.751221
20,3,train,83,624.000000,624.016541
20,3,train,84,471.000000,471.059204
20,3,train,85,545.000000,545.089478
20,3,train,86,572.000000,571.997070
20,3,train,87,630.000000,629.774353
20,3,train,88,617.000000,616.905823
20,3,train,89,522.000000,521.925903
20,3,train,90,543.000000,542.968079
20,3,train,91,504.000000,504.118378
20,3,train,92,562.000000,561.632874
20,3,train,93,526.000000,525.951965
20,3,train,94,613.000000,612.937439
20,3,train,95,475.000000,475.055267
20,3,train,96,575.000000,575.012695
20,3,train,97,462.000000,461.516998
20,3,train,98,510.000000,509.990814
20,3,train,99,648.000000,648.036133
20,3,train,100,601.000000,600.997437
20,3,train,101,560.000000,560.029114
20,3,train,102,488.000000,488.044250
20,3,train,103,577.000000,577.121460
20,3,train,104,505.000000,505.223663
20,3,train,105,580.000000,579.851562
20,3,train,106,509.000000,508.970245
20,3,train,107,507.000000,507.016357
20,3,train,108,648.000000,647.834717
20,3,train,109,487.000000,487.091492
20,3,train,110,479.000000,479.041779
20,3,train,111,637.000000,637.094116
20,3,train,112,450.000000,450.035553
20,3,train,113,480.000000,478.557068
20,3,train,114,689.000000,688.843445
20,3,train,115,613.000000,612.937439
20,3,train,116,469.000000,469.559204
20,3,train,117,516.000000,516.032043
20,3,train,118,557.000000,556.924377
20,3,train,119,572.000000,571.911377
20,3,train,120,519.000000,519.361511
20,3,train,121,456.000000,457.964661
20,3,train,122,541.000000,540.881409
20,3,train,123,509.000000,509.222351
20,3,train,124,446.000000,445.967316
20,3,train,125,489.000000,488.972504
20,3,train,126,591.000000,591.075256
20,3,train,127,371.000000,372.015839
20,3,train,128,522.000000,522.440491
20,3,train,129,484.000000,484.886200
20,3,train,130,596.000000,596.696777
20,3,train,131,492.000000,491.891174
20,3,train,132,505.000000,505.000519
20,3,train,133,524.000000,523.956848
20,3,train,134,485.000000,485.248077
20,3,train,135,500.000000,499.367096
20,3,train,136,535.000000,534.348145
20,3,train,137,538.000000,538.090332
20,3,train,138,511.000000,510.927551
20,3,train,139,534.000000,533.995422
20,3,train,140,509.000000,509.582825
20,4,test,0,541.000000,532.848083
20,4,test,1,463.000000,530.078918
20,4,test,2,460.000000,594.171753
20,4,test,3,628.000000,602.122681
20,4,test,4,489.000000,599.483337
20,4,test,5,476.000000,552.701843
20,4,test,6,591.000000,551.275024
20,4,test,7,504.000000,489.225067
20,4,test,8,475.000000,491.931335
20,4,test,9,488.000000,485.516357
20,4,test,10,572.000000,583.855896
20,4,test,11,648.000000,571.748169
20,4,test,12,524.000000,497.396912
20,4,test,13,618.000000,614.115540
20,4,test,14,637.000000,577.948730
20,4,test,15,522.000000,487.277374
20,4,test,16,600.000000,570.304260
20,4,test,17,572.000000,583.855896
20,4,test,18,522.000000,488.304260
20,4,test,19,484.000000,511.088715
20,4,test,20,572.000000,571.534790
20,4,test,21,623.000000,573.196411
20,4,test,22,479.000000,478.995850
20,4,test,23,504.000000,509.712891
20,4,test,24,459.000000,479.481659
20,4,test,25,517.000000,514.839233
20,4,test,26,557.000000,591.994263
20,4,test,27,516.000000,512.612549
20,4,test,28,371.000000,500.295685
20,4,test,29,473.000000,528.083496
20,4,test,30,610.000000,598.760925
20,4,test,31,525.000000,565.814453
20,4,test,32,495.000000,506.216431
20,4,test,33,575.000000,544.942932
20,4,test,34,488.000000,486.900146
20,4,test,35,464.000000,469.985992
20,4,train,0,545.000000,544.891052
20,4,train,1,525.000000,522.251648
20,4,train,2,541.000000,540.740967
20,4,train,3,617.000000,602.509277
20,4,train,4,500.000000,502.367859
20,4,train,5,580.000000,579.726685
20,4,train,6,693.000000,649.407227
20,4,train,7,464.000000,465.976257
20,4,train,8,451.000000,453.658813
20,4,train,9,463.000000,466.340149
20,4,train,10,585.000000,585.333313
20,4,train,11,477.000000,478.603302
20,4,train,12,568.000000,566.476440
20,4,train,13,500.000000,500.290009
20,4,train,14,522.000000,521.787292
20,4,train,15,585.000000,584.823730
20,4,train,16,613.000000,611.894348
20,4,train,17,577.000000,574.381470
20,4,train,18,577.000000,575.835388
20,4,train,19,505.000000,506.229919
20,4,train,20,584.000000,577.273193
20,4,train,21,509.000000,509.539093
20,4,train,22,488.000000,486.339752
20,4,train,23,508.000000,506.775970
20,4,train,24,574.000000,573.496460
20,4,train,25,479.000000,480.128204
20,4,train,26,630.000000,629.312805
20,4,train,27,605.000000,603.969360
20,4,train,28,617.000000,616.751831
20,4,train,29,608.000000,606.823975
20,4,train,30,507.000000,507.393677
20,4,train,31,505.000000,505.076477
20,4,train,32,597.000000,595.740417
20,4,train,33,507.000000,507.751495
20,4,train,34,645.000000,642.088867
20,4,train,35,455.000000,471.488281
20,4,train,36,515.000000,515.406189
20,4,train,37,584.000000,584.395630
20,4,train,38,597.000000,596.730347
20,4,train,39,446.000000,457.756927
20,4,train,40,580.000000,579.480286
20,4,train,41,594.000000,591.994263
20,4,train,42,455.000000,461.387421
20,4,train,43,471.000000,481.149811
20,4,train,44,482.000000,481.131165
20,4,train,45,506.000000,517.497864
20,4,train,46,478.000000,478.440430
20,4,train,47,490.000000,491.873627
20,4,train,48,450.000000,453.390442
20,4,train,49,577.000000,574.875244
20,4,train,50,500.000000,497.866455
20,4,train,51,507.000000,508.578033
20,4,train,52,550.000000,549.526184
20,4,train,53,670.000000,664.460083
20,4,train,54,606.000000,602.926636
20,4,train,55,456.000000,464.256989
20,4,train,56,586.000000,585.186829
20,4,train,57,469.000000,472.923981
20,4,train,58,543.000000,538.640808
20,4,train,59,456.000000,471.302612
20,4,train,60,595.000000,594.244019
20,4,train,61,596.000000,587.954773
20,4,train,62,598.000000,595.056885
20,4,train,63,612.000000,608.180054
20,4,train,64,510.000000,511.325653
20,4,train,65,616.000000,613.307800
20,4,train,66,528.000000,525.247925
20,4,train,67,484.000000,478.974091
20,4,train,68,689.000000,667.221497
20,4,train,69,480.000000,484.425323
20,4,train,70,592.000000,590.551025
20,4,train,71,596.000000,595.376160
20,4,train,72,528.000000,528.418579
20,4,train,73,524.000000,525.288452
20,4,train,74,605.000000,601.602417
20,4,train,75,601.000000,598.442993
20,4,train,76,612.000000,609.502686
20,4,train,77,617.000000,616.751831
20,4,train,78,494.000000,495.051636
20,4,train,79,484.000000,491.468475
20,4,train,80,502.000000,502.803040
20,4,train,81,555.000000,553.947693
20,4,train,82,534.000000,532.213074
20,4,train,83,597.000000,595.947388
20,4,train,84,562.000000,558.823792
20,4,train,85,560.000000,558.377441
20,4,train,86,640.000000,636.795898
20,4,train,87,493.000000,493.855743
20,4,train,88,648.000000,645.271729
20,4,train,89,583.000000,582.427368
20,4,train,90,472.000000,475.975189
20,4,train,91,644.000000,640.879700
20,4,train,92,485.000000,494.602509
20,4,train,93,442.000000,449.261841
20,4,train,94,578.000000,577.795959
20,4,train,95,487.000000,486.987976
20,4,train,96,613.000000,611.894348
20,4,train,97,505.000000,505.696503
20,4,train,98,524.000000,524.557312
20,4,train,99,473.000000,476.723419
20,4,train,100,501.000000,500.322784
20,4,train,101,561.000000,559.366943
20,4,train,102,504.000000,505.427460
20,4,train,103,495.000000,492.699158
20,4,train,104,462.000000,461.126312
20,4,train,105,584.000000,589.481384
20,4,train,106,670.000000,664.460083
20,4,train,107,465.000000,462.993927
20,4,train,108,456.000000,461.759247
20,4,train,109,475.000000,474.152527
20,4,train,110,481.000000,487.229218
20,4,train,111,624.000000,621.466309
20,4,train,112,431.000000,448.727570
20,4,train,113,509.000000,504.539307
20,4,train,114,580.000000,579.108582
20,4,train,115,500.000000,500.358582
20,4,train,116,630.000000,604.488708
20,4,train,117,526.000000,525.498413
20,4,train,118,534.000000,534.403076
20,4,train,119,492.000000,493.991333
20,4,train,120,535.000000,535.256409
20,4,train,121,538.000000,538.534546
20,4,train,122,511.000000,511.980804
20,4,train,123,624.000000,613.043152
20,4,train,124,519.000000,519.136169
20,4,train,125,644.000000,641.452881
20,4,train,126,608.000000,607.035706
20,4,train,127,601.000000,599.138367
20,4,train,128,465.000000,476.034424
20,4,train,129,472.000000,482.744537
20,4,train,130,509.000000,510.226074
20,4,train,131,466.000000,470.351501
20,4,train,132,572.000000,571.534790
20,4,train,133,523.000000,524.638367
20,4,train,134,532.000000,532.116150
20,4,train,135,597.000000,595.773010
20,4,train,136,630.000000,628.821533
20,4,train,137,516.000000,515.495117
20,4,train,138,519.000000,519.276794
20,4,train,139,649.000000,638.429382
20,4,train,140,606.000000,603.971191
20,5,test,0,482.000000,515.039978
20,5,test,1,601.000000,570.332703
20,5,test,2,475.000000,461.269440
20,5,test,3,605.000000,592.834106
20,5,test,4,617.000000,522.457520
20,5,test,5,465.000000,563.764221
20,5,test,6,689.000000,632.342285
20,5,test,7,616.000000,651.929199
20,5,test,8,522.000000,513.170166
20,5,test,9,500.000000,496.824524
20,5,test,10,598.000000,559.472961
20,5,test,11,560.000000,528.717712
20,5,test,12,500.000000,452.908813
20,5,test,13,594.000000,556.768188
20,5,test,14,509.000000,482.286591
20,5,test,15,568.000000,542.660889
20,5,test,16,600.000000,569.837769
20,5,test,17,580.000000,534.365234
20,5,test,18,577.000000,558.464966
20,5,test,19,535.000000,470.256104
20,5,test,20,618.000000,641.799438
20,5,test,21,534.000000,543.957397
20,5,test,22,489.000000,547.708435
20,5,test,23,617.000000,617.022278
20,5,test,24,591.000000,535.455750
20,5,test,25,456.000000,541.659851
20,5,test,26,606.000000,600.601562
20,5,test,27,605.000000,627.979858
20,5,test,28,472.000000,529.270325
20,5,test,29,516.000000,535.144531
20,5,test,30,473.000000,501.529205
20,5,test,31,504.000000,485.417572
20,5,test,32,475.000000,474.068909
20,5,test,33,505.000000,511.705872
20,5,test,34,465.000000,444.269470
20,5,test,35,596.000000,608.933777
20,5,train,0,644.000000,644.005798
20,5,train,1,541.000000,540.998901
20,5,train,2,525.000000,524.941528
20,5,train,3,670.000000,669.972534
20,5,train,4,517.000000,517.081299
20,5,train,5,480.000000,479.731598
20,5,train,6,524.000000,523.998596
20,5,train,7,463.000000,462.575806
20,5,train,8,464.000000,464.057068
20,5,train,9,511.000000,511.020905
20,5,train,10,490.000000,490.063019
20,5,train,11,495.000000,494.991211
20,5,train,12,584.000000,584.051636
20,5,train,13,597.000000,596.993225
20,5,train,14,528.000000,528.041382
20,5,train,15,597.000000,597.057495
20,5,train,16,525.000000,524.976868
20,5,train,17,371.000000,373.092834
20,5,train,18,500.000000,500.036499
20,5,train,19,488.000000,488.080719
20,5,train,20,510.000000,510.026703
20,5,train,21,459.000000,459.048920
20,5,train,22,584.000000,583.967896
20,5,train,23,550.000000,550.003052
20,5,train,24,464.000000,463.941833
20,5,train,25,577.000000,577.077209
20,5,train,26,601.000000,600.948914
20,5,train,27,534.000000,534.045715
20,5,train,28,524.000000,523.901672
20,5,train,29,578.000000,577.860413
20,5,train,30,555.000000,555.051086
20,5,train,31,630.000000,630.048828
20,5,train,32,492.000000,492.003204
20,5,train,33,479.000000,478.985992
20,5,train,34,597.000000,597.062805
20,5,train,35,505.000000,505.143738
20,5,train,36,485.000000,485.009644
20,5,train,37,462.000000,461.982788
20,5,train,38,493.000000,492.971954
20,5,train,39,580.000000,579.845154
20,5,train,40,507.000000,506.804016
20,5,train,41,584.000000,583.981506
20,5,train,42,612.000000,611.887268
20,5,train,43,487.000000,487.090271
20,5,train,44,519.000000,519.038635
20,5,train,45,456.000000,456.243286
20,5,train,46,613.000000,612.942993
20,5,train,47,557.000000,557.064087
20,5,train,48,624.000000,624.026855
20,5,train,49,561.000000,561.026489
20,5,train,50,585.000000,585.034241
20,5,train,51,501.000000,500.965576
20,5,train,52,648.000000,648.008545
20,5,train,53,572.000000,572.011292
20,5,train,54,640.000000,639.966187
20,5,train,55,431.000000,430.986053
20,5,train,56,455.000000,454.982117
20,5,train,57,476.000000,476.004883
20,5,train,58,481.000000,481.009766
20,5,train,59,606.000000,605.903870
20,5,train,60,484.000000,484.047729
20,5,train,61,505.000000,504.948914
20,5,train,62,645.000000,644.912659
20,5,train,63,456.000000,456.029358
20,5,train,64,596.000000,595.958069
20,5,train,65,543.000000,542.925537
20,5,train,66,506.000000,506.102753
20,5,train,67,488.000000,488.025452
20,5,train,68,624.000000,624.096680
20,5,train,69,526.000000,526.052856
20,5,train,70,516.000000,516.114929
20,5,train,71,507.000000,506.960236
20,5,train,72,693.000000,692.318481
20,5,train,73,442.000000,441.704224
20,5,train,74,628.000000,628.025330
20,5,train,75,574.000000,573.429138
20,5,train,76,446.000000,445.912964
20,5,train,77,500.000000,499.966217
20,5,train,78,610.000000,609.890442
20,5,train,79,477.000000,476.990570
20,5,train,80,528.000000,527.954224
20,5,train,81,504.000000,504.093811
20,5,train,82,572.000000,572.011292
20,5,train,83,460.000000,459.977264
20,5,train,84,509.000000,509.192749
20,5,train,85,545.000000,544.903503
20,5,train,86,562.000000,561.943604
20,5,train,87,613.000000,612.942993
20,5,train,88,585.000000,584.958252
20,5,train,89,637.000000,636.992310
20,5,train,90,580.000000,579.967346
20,5,train,91,484.000000,483.808929
20,5,train,92,524.000000,524.036987
20,5,train,93,572.000000,572.007324
20,5,train,94,522.000000,522.082642
20,5,train,95,595.000000,595.267273
20,5,train,96,577.000000,576.912048
20,5,train,97,466.000000,466.038910
20,5,train,98,451.000000,450.835938
20,5,train,99,617.000000,617.022278
20,5,train,100,508.000000,507.988434
20,5,train,101,488.000000,487.984161
20,5,train,102,648.000000,647.972351
20,5,train,103,484.000000,483.898376
20,5,train,104,644.000000,644.014832
20,5,train,105,592.000000,591.898926
20,5,train,106,541.000000,541.038452
20,5,train,107,612.000000,612.003357
20,5,train,108,623.000000,623.153625
20,5,train,109,522.000000,521.928955
20,5,train,110,469.000000,468.921448
20,5,train,111,507.000000,506.922485
20,5,train,112,538.000000,537.963684
20,5,train,113,523.000000,523.016541
20,5,train,114,463.000000,462.997559
20,5,train,115,649.000000,648.959473
20,5,train,116,572.000000,572.007324
20,5,train,117,519.000000,518.995972
20,5,train,118,608.000000,607.851318
20,5,train,119,509.000000,508.888062
20,5,train,120,532.000000,531.830078
20,5,train,121,583.000000,583.293579
20,5,train,122,494.000000,494.035065
20,5,train,123,502.000000,501.980988
20,5,train,124,670.000000,669.972534
20,5,train,125,630.000000,629.895752
20,5,train,126,455.000000,455.099152
20,5,train,127,608.000000,608.146729
20,5,train,128,586.000000,586.051880
20,5,train,129,471.000000,471.049011
20,5,train,130,575.000000,575.079590
20,5,train,131,473.000000,472.984467
20,5,train,132,450.000000,450.134155
20,5,train,133,478.000000,477.949097
20,5,train,134,597.000000,597.021057
20,5,train,135,479.000000,479.018188
20,5,train,136,472.000000,472.082825
20,5,train,137,495.000000,495.077148
20,5,train,138,504.000000,503.879028
20,5,train,139,515.000000,514.962463
20,5,train,140,630.000000,629.993347
20,6,test,0,493.000000,506.512665
20,6,test,1,596.000000,602.425720
20,6,test,2,509.000000,524.823242
20,6,test,3,585.000000,607.698914
20,6,test,4,525.000000,518.083923
20,6,test,5,577.000000,535.332947
20,6,test,6,500.000000,513.548035
20,6,test,7,516.000000,517.112732
20,6,test,8,617.000000,610.401428
20,6,test,9,459.000000,504.695557
20,6,test,10,630.000000,535.721680
20,6,test,11,451.000000,498.866394
20,6,test,12,516.000000,529.088440
20,6,test,13,555.000000,574.518372
20,6,test,14,644.000000,615.064148
20,6,test,15,580.000000,569.269104
20,6,test,16,541.000000,576.978149
20,6,test,17,597.000000,590.672363
20,6,test,18,489.000000,563.991699
20,6,test,19,522.000000,513.146484
20,6,test,20,464.000000,519.406860
20,6,test,21,463.000000,484.275391
20,6,test,22,584.000000,556.008911
20,6,test,23,538.000000,518.331360
20,6,test,24,644.000000,596.505859
20,6,test,25,455.000000,523.131042
20,6,test,26,484.000000,523.418457
20,6,test,27,484.000000,502.283112
20,6,test,28,476.000000,584.934509
20,6,test,29,624.000000,553.495728
20,6,test,30,481.000000,533.506409
20,6,test,31,528.000000,510.890686
20,6,test,32,463.000000,500.842010
20,6,test,33,670.000000,649.609009
20,6,test,34,613.000000,610.242065
20,6,test,35,446.000000,563.300415
20,6,train,0,560.000000,551.753601
20,6,train,1,689.000000,663.415283
20,6,train,2,371.000000,429.199615
20,6,train,3,601.000000,604.052734
20,6,train,4,492.000000,498.534607
20,6,train,5,482.000000,491.386566
20,6,train,6,648.000000,643.727905
20,6,train,7,586.000000,581.348328
20,6,train,8,442.000000,448.208679
20,6,train,9,630.000000,627.942078
20,6,train,10,473.000000,479.283783
20,6,train,11,572.000000,568.011658
20,6,train,12,630.000000,626.556702
20,6,train,13,605.000000,609.434509
20,6,train,14,624.000000,618.858948
20,6,train,15,648.000000,639.735962
20,6,train,16,506.000000,526.529419
20,6,train,17,572.000000,569.675720
20,6,train,18,628.000000,614.849487
20,6,train,19,495.000000,498.268341
20,6,train,20,572.000000,569.675720
20,6,train,21,545.000000,544.951599
20,6,train,22,465.000000,467.788849
20,6,train,23,616.000000,622.716736
20,6,train,24,507.000000,510.051788
20,6,train,25,617.000000,610.401428
20,6,train,26,478.000000,479.318085
20,6,train,27,584.000000,567.614929
20,6,train,28,510.000000,520.380371
20,6,train,29,515.000000,516.828796
20,6,train,30,605.000000,590.668213
20,6,train,31,504.000000,509.551575
20,6,train,32,608.000000,605.160156
20,6,train,33,597.000000,592.119324
20,6,train,34,594.000000,578.526917
20,6,train,35,472.000000,482.258148
20,6,train,36,572.000000,568.011658
20,6,train,37,574.000000,575.583313
20,6,train,38,649.000000,641.949951
20,6,train,39,464.000000,470.390137
20,6,train,40,473.000000,474.285034
20,6,train,41,431.000000,450.375244
20,6,train,42,507.000000,512.162170
20,6,train,43,523.000000,539.061096
20,6,train,44,504.000000,505.289185
20,6,train,45,532.000000,532.410461
20,6,train,46,456.000000,470.553680
20,6,train,47,606.000000,593.657288
20,6,train,48,526.000000,524.154053
20,6,train,49,598.000000,593.285156
20,6,train,50,475.000000,477.777008
20,6,train,51,519.000000,519.479736
20,6,train,52,460.000000,483.734894
20,6,train,53,580.000000,583.340393
20,6,train,54,597.000000,593.037842
20,6,train,55,575.000000,566.913086
20,6,train,56,485.000000,494.678314
20,6,train,57,524.000000,522.811157
20,6,train,58,500.000000,493.962677
20,6,train,59,456.000000,472.517120
20,6,train,60,477.000000,482.238892
20,6,train,61,455.000000,476.003754
20,6,train,62,495.000000,497.794678
20,6,train,63,488.000000,490.136749
20,6,train,64,508.000000,509.978302
20,6,train,65,645.000000,640.191162
20,6,train,66,585.000000,588.942627
20,6,train,67,583.000000,585.187439
20,6,train,68,528.000000,532.270325
20,6,train,69,562.000000,557.907593
20,6,train,70,500.000000,502.139099
20,6,train,71,535.000000,530.825378
20,6,train,72,610.000000,603.365540
20,6,train,73,557.000000,560.060486
20,6,train,74,479.000000,481.438843
20,6,train,75,534.000000,533.524536
20,6,train,76,541.000000,542.828857
20,6,train,77,488.000000,490.498108
20,6,train,78,637.000000,634.230530
20,6,train,79,534.000000,535.265869
20,6,train,80,504.000000,508.786621
20,6,train,81,578.000000,565.350525
20,6,train,82,450.000000,458.054962
20,6,train,83,511.000000,512.738464
20,6,train,84,580.000000,576.326416
20,6,train,85,600.000000,589.872620
20,6,train,86,693.000000,646.868713
20,6,train,87,522.000000,516.333923
20,6,train,88,479.000000,484.639221
20,6,train,89,608.000000,595.373474
20,6,train,90,561.000000,554.105103
20,6,train,91,584.000000,584.426758
20,6,train,92,505.000000,510.798492
20,6,train,93,519.000000,521.403320
20,6,train,94,484.000000,480.908356
20,6,train,95,595.000000,595.568298
20,6,train,96,577.000000,570.716614
20,6,train,97,494.000000,492.254059
20,6,train,98,612.000000,606.011292
20,6,train,99,601.000000,600.688721
20,6,train,100,596.000000,583.112671
20,6,train,101,524.000000,525.978516
20,6,train,102,618.000000,616.406555
20,6,train,103,597.000000,587.862061
20,6,train,104,500.000000,500.058411
20,6,train,105,465.000000,481.925079
20,6,train,106,606.000000,613.011108
20,6,train,107,577.000000,567.037537
20,6,train,108,522.000000,517.533691
20,6,train,109,613.000000,610.242065
20,6,train,110,490.000000,498.719574
20,6,train,111,509.000000,501.680542
20,6,train,112,505.000000,508.685974
20,6,train,113,462.000000,459.894623
20,6,train,114,543.000000,538.108948
20,6,train,115,507.000000,503.267151
20,6,train,116,456.000000,463.845520
20,6,train,117,670.000000,649.609009
20,6,train,118,550.000000,546.886108
20,6,train,119,524.000000,532.730835
20,6,train,120,502.000000,506.089874
20,6,train,121,517.000000,517.728333
20,6,train,122,612.000000,607.844116
20,6,train,123,617.000000,586.869751
20,6,train,124,472.000000,475.298950
20,6,train,125,623.000000,605.800110
20,6,train,126,592.000000,587.127625
20,6,train,127,469.000000,476.617096
20,6,train,128,488.000000,490.016998
20,6,train,129,591.000000,588.304504
20,6,train,130,525.000000,525.388977
20,6,train,131,501.000000,501.344360
20,6,train,132,475.000000,478.236450
20,6,train,133,568.000000,564.915771
20,6,train,134,480.000000,484.334412
20,6,train,135,471.000000,485.519348
20,6,train,136,640.000000,635.027649
20,6,train,137,487.000000,492.728302
20,6,train,138,466.000000,475.363770
20,6,train,139,509.000000,507.680298
20,6,train,140,505.000000,508.389465
20,7,test,0,623.000000,554.528748
20,7,test,1,456.000000,505.821442
20,7,test,2,606.000000,594.347046
20,7,test,3,597.000000,599.483887
20,7,test,4,624.000000,621.729980
20,7,test,5,524.000000,577.236023
20,7,test,6,543.000000,485.470001
20,7,test,7,507.000000,528.578247
20,7,test,8,502.000000,522.156555
20,7,test,9,561.000000,523.740295
20,7,test,10,597.000000,619.254578
20,7,test,11,644.000000,612.486328
20,7,test,12,481.000000,527.407349
20,7,test,13,572.000000,572.000854
20,7,test,14,526.000000,530.217590
20,7,test,15,451.000000,475.167908
20,7,test,16,463.000000,482.931091
20,7,test,17,670.000000,669.999695
20,7,test,18,578.000000,486.532471
20,7,test,19,504.000000,493.075623
20,7,test,20,517.000000,515.229614
20,7,test,21,488.000000,489.423004
20,7,test,22,507.000000,531.584229
20,7,test,23,478.000000,450.182037
20,7,test,24,617.000000,617.000916
20,7,test,25,689.000000,610.329407
20,7,test,26,613.000000,612.999878
20,7,test,27,630.000000,637.186096
20,7,test,28,541.000000,534.251587
20,7,test,29,693.000000,558.716309
20,7,test,30,628.000000,602.198242
20,7,test,31,583.000000,597.414612
20,7,test,32,522.000000,493.541351
20,7,test,33,500.000000,498.707672
20,7,test,34,466.000000,493.213501
20,7,test,35,519.000000,520.065979
20,7,train,0,490.000000,489.999969
20,7,train,1,577.000000,576.999878
20,7,train,2,584.000000,583.999756
20,7,train,3,586.000000,585.999634
20,7,train,4,509.000000,509.000610
20,7,train,5,504.000000,503.999420
20,7,train,6,494.000000,494.000122
20,7,train,7,516.000000,515.998535
20,7,train,8,648.000000,647.999329
20,7,train,9,577.000000,576.999939
20,7,train,10,455.000000,455.000275
20,7,train,11,505.000000,505.000336
20,7,train,12,509.000000,509.000153
20,7,train,13,492.000000,491.999847
20,7,train,14,670.000000,669.999695
20,7,train,15,463.000000,463.001404
20,7,train,16,605.000000,604.999268
20,7,train,17,456.000000,456.000671
20,7,train,18,596.000000,596.000244
20,7,train,19,506.000000,506.000244
20,7,train,20,580.000000,579.999390
20,7,train,21,598.000000,598.000427
20,7,train,22,594.000000,593.999512
20,7,train,23,618.000000,617.999634
20,7,train,24,613.000000,612.999878
20,7,train,25,446.000000,445.999878
20,7,train,26,601.000000,600.999573
20,7,train,27,500.000000,499.999847
20,7,train,28,505.000000,505.000427
20,7,train,29,480.000000,479.998993
20,7,train,30,455.000000,454.999969
20,7,train,31,591.000000,591.000427
20,7,train,32,471.000000,470.999420
20,7,train,33,608.000000,608.000244
20,7,train,34,624.000000,624.000183
20,7,train,35,524.000000,523.999878
20,7,train,36,450.000000,450.000549
20,7,train,37,479.000000,478.999817
20,7,train,38,575.000000,575.000610
20,7,train,39,612.000000,611.997009
20,7,train,40,484.000000,484.000336
20,7,train,41,572.000000,572.000061
20,7,train,42,472.000000,472.000244
20,7,train,43,510.000000,509.999939
20,7,train,44,487.000000,486.998901
20,7,train,45,431.000000,431.000427
20,7,train,46,485.000000,484.999451
20,7,train,47,580.000000,579.999634
20,7,train,48,475.000000,475.000183
20,7,train,49,616.000000,616.000183
20,7,train,50,465.000000,465.000000
20,7,train,51,525.000000,525.000122
20,7,train,52,484.000000,484.000702
20,7,train,53,509.000000,508.998322
20,7,train,54,560.000000,559.998657
20,7,train,55,572.000000,572.000854
20,7,train,56,504.000000,503.999695
20,7,train,57,606.000000,606.000061
20,7,train,58,456.000000,455.999939
20,7,train,59,600.000000,600.000183
20,7,train,60,488.000000,487.999908
20,7,train,61,442.000000,441.999481
20,7,train,62,550.000000,550.000000
20,7,train,63,596.000000,595.999817
20,7,train,64,507.000000,506.999573
20,7,train,65,460.000000,460.000092
20,7,train,66,601.000000,600.999634
20,7,train,67,488.000000,488.000427
20,7,train,68,528.000000,527.999695
20,7,train,69,522.000000,522.000000
20,7,train,70,645.000000,644.999817
20,7,train,71,495.000000,495.000153
20,7,train,72,545.000000,544.999390
20,7,train,73,610.000000,610.000427
20,7,train,74,523.000000,522.999756
20,7,train,75,482.000000,481.999878
20,7,train,76,511.000000,511.000671
20,7,train,77,535.000000,534.999756
20,7,train,78,648.000000,647.999756
20,7,train,79,597.000000,596.999939
20,7,train,80,473.000000,472.999329
20,7,train,81,541.000000,541.000427
20,7,train,82,612.000000,612.000366
20,7,train,83,489.000000,489.001404
20,7,train,84,477.000000,477.000061
20,7,train,85,495.000000,495.000031
20,7,train,86,585.000000,584.999817
20,7,train,87,465.000000,465.000244
20,7,train,88,630.000000,630.000061
20,7,train,89,617.000000,616.999756
20,7,train,90,637.000000,637.000244
20,7,train,91,519.000000,518.999329
20,7,train,92,500.000000,499.999756
20,7,train,93,476.000000,476.000183
20,7,train,94,479.000000,478.999969
20,7,train,95,649.000000,649.000000
20,7,train,96,617.000000,617.000916
20,7,train,97,464.000000,464.000061
20,7,train,98,464.000000,463.999939
20,7,train,99,584.000000,584.000000
20,7,train,100,577.000000,577.000671
20,7,train,101,524.000000,524.000000
20,7,train,102,605.000000,605.000366
20,7,train,103,462.000000,461.999695
20,7,train,104,522.000000,521.999634
20,7,train,105,515.000000,514.999817
20,7,train,106,475.000000,474.999817
20,7,train,107,584.000000,584.000244
20,7,train,108,562.000000,561.999817
20,7,train,109,630.000000,630.000610
20,7,train,110,532.000000,532.000793
20,7,train,111,555.000000,554.999878
20,7,train,112,644.000000,643.999329
20,7,train,113,528.000000,528.001221
20,7,train,114,574.000000,573.999817
20,7,train,115,597.000000,596.999390
20,7,train,116,534.000000,534.000183
20,7,train,117,534.000000,534.000610
20,7,train,118,557.000000,557.000549
20,7,train,119,608.000000,608.002319
20,7,train,120,525.000000,525.000305
20,7,train,121,459.000000,459.000122
20,7,train,122,472.000000,472.000305
20,7,train,123,501.000000,501.000275
20,7,train,124,538.000000,537.999451
20,7,train,125,508.000000,507.999939
20,7,train,126,505.000000,504.998840
20,7,train,127,592.000000,592.000061
20,7,train,128,500.000000,500.000336
20,7,train,129,580.000000,580.000122
20,7,train,130,469.000000,468.999847
20,7,train,131,585.000000,585.000000
20,7,train,132,493.000000,492.999573
20,7,train,133,473.000000,472.999969
20,7,train,134,371.000000,371.005493
20,7,train,135,516.000000,516.002991
20,7,train,136,572.000000,572.000061
20,7,train,137,484.000000,483.998047
20,7,train,138,595.000000,594.999817
20,7,train,139,568.000000,568.000061
20,7,train,140,640.000000,640.000427
20,8,test,0,511.000000,550.085144
20,8,test,1,601.000000,536.327209
20,8,test,2,572.000000,571.851501
20,8,test,3,475.000000,525.835266
20,8,test,4,562.000000,522.198181
20,8,test,5,617.000000,579.154846
20,8,test,6,689.000000,595.905090
20,8,test,7,591.000000,549.198425
20,8,test,8,534.000000,565.504456
20,8,test,9,624.000000,530.290771
20,8,test,10,601.000000,609.144836
20,8,test,11,568.000000,569.117615
20,8,test,12,462.000000,513.793579
20,8,test,13,473.000000,474.267181
20,8,test,14,519.000000,536.710388
20,8,test,15,595.000000,620.022278
20,8,test,16,455.000000,572.177490
20,8,test,17,555.000000,524.505371
20,8,test,18,586.000000,542.415283
20,8,test,19,525.000000,544.006775
20,8,test,20,597.000000,583.924927
20,8,test,21,617.000000,579.154846
20,8,test,22,605.000000,582.214478
20,8,test,23,528.000000,560.689941
20,8,test,24,446.000000,509.091553
20,8,test,25,476.000000,510.161163
20,8,test,26,475.000000,428.805969
20,8,test,27,612.000000,608.273987
20,8,test,28,465.000000,567.938416
20,8,test,29,583.000000,552.830139
20,8,test,30,488.000000,530.295044
20,8,test,31,431.000000,517.496460
20,8,test,32,507.000000,481.178986
20,8,test,33,606.000000,544.429626
20,8,test,34,481.000000,527.945435
20,8,test,35,526.000000,534.272034
20,8,train,0,630.000000,629.920166
20,8,train,1,510.000000,509.975677
20,8,train,2,617.000000,616.236450
20,8,train,3,577.000000,577.050476
20,8,train,4,488.000000,488.010712
20,8,train,5,506.000000,506.041107
20,8,train,6,471.000000,471.074524
20,8,train,7,505.000000,504.936951
20,8,train,8,504.000000,504.103607
20,8,train,9,484.000000,484.127838
20,8,train,10,515.000000,514.984070
20,8,train,11,557.000000,558.121521
20,8,train,12,456.000000,456.355621
20,8,train,13,487.000000,486.877350
20,8,train,14,572.000000,571.992554
20,8,train,15,630.000000,630.006836
20,8,train,16,538.000000,538.011475
20,8,train,17,608.000000,607.922974
20,8,train,18,371.000000,371.308105
20,8,train,19,580.000000,580.001526
20,8,train,20,584.000000,584.100891
20,8,train,21,580.000000,579.755798
20,8,train,22,500.000000,499.689941
20,8,train,23,623.000000,622.510315
20,8,train,24,495.000000,495.025330
20,8,train,25,561.000000,560.997375
20,8,train,26,628.000000,627.555847
20,8,train,27,492.000000,492.046326
20,8,train,28,574.000000,573.836182
20,8,train,29,472.000000,472.130035
20,8,train,30,509.000000,508.851746
20,8,train,31,480.000000,480.169250
20,8,train,32,516.000000,515.856384
20,8,train,33,637.000000,637.058044
20,8,train,34,613.000000,612.942871
20,8,train,35,608.000000,608.000488
20,8,train,36,524.000000,523.883728
20,8,train,37,519.000000,518.895142
20,8,train,38,597.000000,596.992981
20,8,train,39,606.000000,605.990479
20,8,train,40,523.000000,523.172852
20,8,train,41,488.000000,488.237152
20,8,train,42,477.000000,476.984375
20,8,train,43,456.000000,456.092621
20,8,train,44,618.000000,618.563721
20,8,train,45,509.000000,509.436676
20,8,train,46,493.000000,492.950348
20,8,train,47,575.000000,574.948120
20,8,train,48,577.000000,576.799377
20,8,train,49,501.000000,500.959808
20,8,train,50,585.000000,584.988525
20,8,train,51,596.000000,595.051392
20,8,train,52,463.000000,462.970184
20,8,train,53,649.000000,649.130737
20,8,train,54,598.000000,597.929565
20,8,train,55,693.000000,692.915039
20,8,train,56,630.000000,629.985718
20,8,train,57,508.000000,508.496674
20,8,train,58,469.000000,468.987610
20,8,train,59,472.000000,472.114349
20,8,train,60,524.000000,524.152771
20,8,train,61,545.000000,544.998596
20,8,train,62,597.000000,596.911987
20,8,train,63,543.000000,542.944824
20,8,train,64,484.000000,484.728638
20,8,train,65,525.000000,525.061340
20,8,train,66,580.000000,579.734375
20,8,train,67,522.000000,521.924744
20,8,train,68,505.000000,505.162079
20,8,train,69,504.000000,503.959991
20,8,train,70,450.000000,449.997894
20,8,train,71,478.000000,478.061127
20,8,train,72,495.000000,494.883606
20,8,train,73,624.000000,624.012451
20,8,train,74,584.000000,583.839966
20,8,train,75,459.000000,459.120850
20,8,train,76,500.000000,499.397736
20,8,train,77,594.000000,593.191528
20,8,train,78,616.000000,616.097961
20,8,train,79,541.000000,541.038574
20,8,train,80,560.000000,559.760254
20,8,train,81,644.000000,643.760193
20,8,train,82,505.000000,505.237335
20,8,train,83,494.000000,493.821167
20,8,train,84,463.000000,462.949615
20,8,train,85,648.000000,647.891541
20,8,train,86,592.000000,592.085327
20,8,train,87,464.000000,463.825165
20,8,train,88,484.000000,483.667725
20,8,train,89,504.000000,503.886200
20,8,train,90,585.000000,584.996887
20,8,train,91,645.000000,644.883118
20,8,train,92,479.000000,479.052521
20,8,train,93,578.000000,577.684082
20,8,train,94,541.000000,540.928406
20,8,train,95,455.000000,455.112061
20,8,train,96,610.000000,610.590332
20,8,train,97,577.000000,577.077759
20,8,train,98,535.000000,534.600220
20,8,train,99,507.000000,507.018188
20,8,train,100,612.000000,612.155579
20,8,train,101,670.000000,669.939209
20,8,train,102,490.000000,490.236816
20,8,train,103,572.000000,571.851501
20,8,train,104,550.000000,549.902100
20,8,train,105,485.000000,485.053101
20,8,train,106,489.000000,488.829956
20,8,train,107,502.000000,501.866882
20,8,train,108,534.000000,533.992615
20,8,train,109,524.000000,523.913452
20,8,train,110,509.000000,508.467316
20,8,train,111,640.000000,639.989624
20,8,train,112,500.000000,499.862549
20,8,train,113,605.000000,605.781250
20,8,train,114,596.000000,595.947205
20,8,train,115,644.000000,644.015564
20,8,train,116,528.000000,527.944214
20,8,train,117,482.000000,482.027496
20,8,train,118,572.000000,571.992554
20,8,train,119,460.000000,460.126190
20,8,train,120,648.000000,648.041870
20,8,train,121,442.000000,441.934570
20,8,train,122,670.000000,669.939209
20,8,train,123,522.000000,522.139099
20,8,train,124,473.000000,473.100555
20,8,train,125,464.000000,464.087341
20,8,train,126,532.000000,532.191467
20,8,train,127,507.000000,507.090027
20,8,train,128,451.000000,451.169189
20,8,train,129,479.000000,479.085175
20,8,train,130,465.000000,464.819733
20,8,train,131,456.000000,457.038971
20,8,train,132,613.000000,612.942871
20,8,train,133,466.000000,466.364502
20,8,train,134,600.000000,599.891724
20,8,train,135,516.000000,516.117493
20,8,train,136,584.000000,584.095581
20,8,train,137,500.000000,499.935577
20,8,train,138,517.000000,516.903198
20,8,train,139,522.000000,521.943970
20,8,train,140,597.000000,597.026794
20,9,test,0,507.000000,541.789978
20,9,test,1,510.000000,540.656067
20,9,test,2,648.000000,637.730469
20,9,test,3,500.000000,472.767212
20,9,test,4,606.000000,578.668701
20,9,test,5,482.000000,501.477234
20,9,test,6,605.000000,562.767456
20,9,test,7,488.000000,502.678711
20,9,test,8,585.000000,615.983704
20,9,test,9,585.000000,617.745605
20,9,test,10,640.000000,629.321167
20,9,test,11,630.000000,525.885193
20,9,test,12,586.000000,548.336670
20,9,test,13,644.000000,603.492798
20,9,test,14,505.000000,464.089569
20,9,test,15,495.000000,471.118958
20,9,test,16,560.000000,507.746887
20,9,test,17,472.000000,527.904114
20,9,test,18,543.000000,514.718018
20,9,test,19,572.000000,571.951172
20,9,test,20,577.000000,546.235962
20,9,test,21,612.000000,571.455444
20,9,test,22,550.000000,519.898499
20,9,test,23,595.000000,612.228943
20,9,test,24,459.000000,485.460388
20,9,test,25,597.000000,589.470642
20,9,test,26,509.000000,527.514893
20,9,test,27,492.000000,513.429199
20,9,test,28,616.000000,644.134888
20,9,test,29,591.000000,552.243469
20,9,test,30,477.000000,469.882599
20,9,test,31,500.000000,510.689331
20,9,test,32,608.000000,604.936890
20,9,test,33,371.000000,462.910278
20,9,test,34,644.000000,618.570435
20,9,test,35,504.000000,498.422058
20,9,train,0,475.000000,474.929749
20,9,train,1,528.000000,527.995850
20,9,train,2,592.000000,591.966492
20,9,train,3,541.000000,540.925354
20,9,train,4,568.000000,568.193665
20,9,train,5,535.000000,535.228638
20,9,train,6,617.000000,616.771545
20,9,train,7,524.000000,523.955933
20,9,train,8,485.000000,485.114258
20,9,train,9,456.000000,456.952972
20,9,train,10,613.000000,612.988281
20,9,train,11,472.000000,472.023254
20,9,train,12,596.000000,595.869934
20,9,train,13,471.000000,471.024506
20,9,train,14,507.000000,507.174469
20,9,train,15,525.000000,525.017395
20,9,train,16,484.000000,483.966370
20,9,train,17,606.000000,606.065063
20,9,train,18,557.000000,557.179565
20,9,train,19,562.000000,561.961487
20,9,train,20,473.000000,472.820404
20,9,train,21,473.000000,472.979736
20,9,train,22,572.000000,571.995483
20,9,train,23,598.000000,598.033691
20,9,train,24,522.000000,521.728088
20,9,train,25,584.000000,583.939392
20,9,train,26,484.000000,484.284729
20,9,train,27,610.000000,610.076599
20,9,train,28,509.000000,509.120636
20,9,train,29,628.000000,627.802856
20,9,train,30,538.000000,538.026062
20,9,train,31,511.000000,511.195129
20,9,train,32,450.000000,449.937866
20,9,train,33,500.000000,499.976227
20,9,train,34,528.000000,528.008667
20,9,train,35,612.000000,611.955505
20,9,train,36,597.000000,596.979675
20,9,train,37,541.000000,541.023010
20,9,train,38,431.000000,431.267090
20,9,train,39,584.000000,584.099609
20,9,train,40,577.000000,576.930359
20,9,train,41,478.000000,478.046509
20,9,train,42,617.000000,617.061462
20,9,train,43,500.000000,499.960846
20,9,train,44,522.000000,522.224426
20,9,train,45,649.000000,649.092896
20,9,train,46,524.000000,523.867798
20,9,train,47,494.000000,493.940063
20,9,train,48,577.000000,577.070618
20,9,train,49,487.000000,486.883087
20,9,train,50,488.000000,488.059448
20,9,train,51,584.000000,583.907776
20,9,train,52,479.000000,479.026123
20,9,train,53,465.000000,465.143127
20,9,train,54,583.000000,583.238953
20,9,train,55,613.000000,612.988281
20,9,train,56,466.000000,465.827362
20,9,train,57,670.000000,669.957642
20,9,train,58,637.000000,637.061462
20,9,train,59,630.000000,629.983582
20,9,train,60,517.000000,517.022705
20,9,train,61,455.000000,454.956970
20,9,train,62,505.000000,505.090454
20,9,train,63,578.000000,577.987305
20,9,train,64,505.000000,504.871460
20,9,train,65,624.000000,623.872253
20,9,train,66,618.000000,618.331848
20,9,train,67,605.000000,605.199341
20,9,train,68,462.000000,461.824799
20,9,train,69,501.000000,500.980042
20,9,train,70,460.000000,460.190979
20,9,train,71,534.000000,533.975647
20,9,train,72,515.000000,514.948730
20,9,train,73,617.000000,617.061462
20,9,train,74,545.000000,545.103882
20,9,train,75,508.000000,507.929688
20,9,train,76,597.000000,597.053894
20,9,train,77,489.000000,488.909180
20,9,train,78,600.000000,600.078125
20,9,train,79,481.000000,480.870544
20,9,train,80,575.000000,574.972168
20,9,train,81,623.000000,623.256226
20,9,train,82,580.000000,579.924561
20,9,train,83,608.000000,607.705261
20,9,train,84,479.000000,478.920746
20,9,train,85,469.000000,469.304108
20,9,train,86,464.000000,464.016479
20,9,train,87,670.000000,669.957642
20,9,train,88,597.000000,597.013855
20,9,train,89,580.000000,580.069763
20,9,train,90,509.000000,508.920288
20,9,train,91,572.000000,571.995483
20,9,train,92,594.000000,593.811096
20,9,train,93,456.000000,456.024445
20,9,train,94,465.000000,464.766754
20,9,train,95,451.000000,451.168945
20,9,train,96,574.000000,573.777710
20,9,train,97,475.000000,475.063965
20,9,train,98,493.000000,493.003204
20,9,train,99,476.000000,475.954834
20,9,train,100,484.000000,482.850037
20,9,train,101,693.000000,690.169678
20,9,train,102,463.000000,462.974854
20,9,train,103,507.000000,506.992279
20,9,train,104,504.000000,503.865234
20,9,train,105,506.000000,506.265015
20,9,train,106,624.000000,623.942017
20,9,train,107,630.000000,630.078918
20,9,train,108,555.000000,555.025330
20,9,train,109,504.000000,503.992096
20,9,train,110,524.000000,523.997925
20,9,train,111,490.000000,491.422363
20,9,train,112,523.000000,522.906006
20,9,train,113,463.000000,463.049194
20,9,train,114,516.000000,515.963440
20,9,train,115,580.000000,580.101440
20,9,train,116,601.000000,600.914185
20,9,train,117,532.000000,532.014648
20,9,train,118,596.000000,595.821838
20,9,train,119,525.000000,524.887390
20,9,train,120,464.000000,463.908020
20,9,train,121,519.000000,519.154968
20,9,train,122,648.000000,647.880798
20,9,train,123,495.000000,494.977997
20,9,train,124,645.000000,645.183777
20,9,train,125,522.000000,522.013062
20,9,train,126,480.000000,479.849762
20,9,train,127,456.000000,456.056549
20,9,train,128,488.000000,487.947693
20,9,train,129,572.000000,571.951172
20,9,train,130,526.000000,525.905273
20,9,train,131,601.000000,601.259766
20,9,train,132,442.000000,441.998688
20,9,train,133,561.000000,561.408447
20,9,train,134,455.000000,455.091431
20,9,train,135,502.000000,501.971710
20,9,train,136,446.000000,446.209015
20,9,train,137,534.000000,533.873962
20,9,train,138,689.000000,689.011902
20,9,train,139,516.000000,515.957458
20,9,train,140,519.000000,518.911438
20,10,test,0,557.000000,587.400940
20,10,test,1,572.000000,577.139954
20,10,test,2,507.000000,485.049957
20,10,test,3,510.000000,522.247620
20,10,test,4,534.000000,578.195068
20,10,test,5,613.000000,607.121338
20,10,test,6,526.000000,516.536621
20,10,test,7,616.000000,661.194153
20,10,test,8,462.000000,472.215881
20,10,test,9,577.000000,493.395142
20,10,test,10,525.000000,505.522034
20,10,test,11,509.000000,497.434387
20,10,test,12,472.000000,524.217285
20,10,test,13,464.000000,482.787994
20,10,test,14,572.000000,571.987732
20,10,test,15,442.000000,463.898376
20,10,test,16,584.000000,529.075806
20,10,test,17,524.000000,575.309265
20,10,test,18,469.000000,467.309387
20,10,test,19,506.000000,615.115234
20,10,test,20,475.000000,479.991821
20,10,test,21,481.000000,521.187866
20,10,test,22,610.000000,598.261292
20,10,test,23,580.000000,577.563049
20,10,test,24,595.000000,596.430603
20,10,test,25,500.000000,510.213531
20,10,test,26,592.000000,615.432739
20,10,test,27,517.000000,529.334229
20,10,test,28,456.000000,484.759003
20,10,test,29,488.000000,478.820587
20,10,test,30,543.000000,495.690369
20,10,test,31,524.000000,485.699860
20,10,test,32,612.000000,583.515747
20,10,test,33,504.000000,501.706116
20,10,test,34,522.000000,499.977997
20,10,test,35,591.000000,522.000122
20,10,train,0,584.000000,587.703430
20,10,train,1,572.000000,577.139954
20,10,train,2,693.000000,637.705078
20,10,train,3,466.000000,473.551056
20,10,train,4,583.000000,572.256653
20,10,train,5,535.000000,512.741699
20,10,train,6,640.000000,645.184387
20,10,train,7,490.000000,509.962860
20,10,train,8,523.000000,536.307373
20,10,train,9,630.000000,629.437378
20,10,train,10,504.000000,493.336609
20,10,train,11,489.000000,498.503754
20,10,train,12,630.000000,628.970825
20,10,train,13,606.000000,613.364380
20,10,train,14,446.000000,458.185822
20,10,train,15,645.000000,640.008972
20,10,train,16,505.000000,497.777466
20,10,train,17,584.000000,585.763245
20,10,train,18,601.000000,598.924377
20,10,train,19,505.000000,520.927917
20,10,train,20,541.000000,542.098206
20,10,train,21,456.000000,471.004486
20,10,train,22,528.000000,529.266602
20,10,train,23,644.000000,627.069397
20,10,train,24,624.000000,609.714050
20,10,train,25,371.000000,422.991882
20,10,train,26,689.000000,666.133728
20,10,train,27,494.000000,481.539154
20,10,train,28,484.000000,500.042664
20,10,train,29,585.000000,589.708130
20,10,train,30,471.000000,488.258484
20,10,train,31,493.000000,493.701508
20,10,train,32,484.000000,478.133362
20,10,train,33,670.000000,660.788452
20,10,train,34,608.000000,598.971191
20,10,train,35,624.000000,629.038879
20,10,train,36,522.000000,529.091736
20,10,train,37,600.000000,593.857605
20,10,train,38,568.000000,572.873657
20,10,train,39,596.000000,600.049011
20,10,train,40,572.000000,571.987732
20,10,train,41,492.000000,498.192108
20,10,train,42,644.000000,641.883606
20,10,train,43,460.000000,486.833923
20,10,train,44,541.000000,550.001953
20,10,train,45,580.000000,599.403076
20,10,train,46,475.000000,469.756592
20,10,train,47,473.000000,481.768646
20,10,train,48,511.000000,514.028564
20,10,train,49,618.000000,621.826538
20,10,train,50,648.000000,646.089661
20,10,train,51,488.000000,476.658264
20,10,train,52,623.000000,603.947388
20,10,train,53,628.000000,619.112183
20,10,train,54,598.000000,589.926208
20,10,train,55,500.000000,499.108643
20,10,train,56,580.000000,573.188965
20,10,train,57,487.000000,481.565033
20,10,train,58,473.000000,471.210144
20,10,train,59,479.000000,477.594513
20,10,train,60,596.000000,591.501526
20,10,train,61,500.000000,486.985748
20,10,train,62,495.000000,504.486450
20,10,train,63,505.000000,505.587006
20,10,train,64,561.000000,549.245178
20,10,train,65,613.000000,607.121338
20,10,train,66,459.000000,468.443390
20,10,train,67,509.000000,506.310425
20,10,train,68,597.000000,602.083130
20,10,train,69,508.000000,505.608215
20,10,train,70,507.000000,508.884766
20,10,train,71,516.000000,515.554077
20,10,train,72,574.000000,567.418396
20,10,train,73,534.000000,531.970032
20,10,train,74,451.000000,461.502045
20,10,train,75,597.000000,580.078857
20,10,train,76,562.000000,546.905518
20,10,train,77,617.000000,575.383850
20,10,train,78,519.000000,514.705078
20,10,train,79,555.000000,559.805542
20,10,train,80,463.000000,469.312683
20,10,train,81,608.000000,586.065491
20,10,train,82,456.000000,486.444611
20,10,train,83,597.000000,601.431030
20,10,train,84,597.000000,588.183899
20,10,train,85,524.000000,525.378723
20,10,train,86,577.000000,568.692871
20,10,train,87,501.000000,497.680054
20,10,train,88,450.000000,461.105499
20,10,train,89,594.000000,587.400940
20,10,train,90,605.000000,601.377747
20,10,train,91,577.000000,563.565735
20,10,train,92,478.000000,476.011047
20,10,train,93,605.000000,615.353577
20,10,train,94,515.000000,517.839966
20,10,train,95,532.000000,526.521423
20,10,train,96,649.000000,640.392700
20,10,train,97,504.000000,500.991943
20,10,train,98,509.000000,527.833862
20,10,train,99,484.000000,499.978516
20,10,train,100,522.000000,519.536743
20,10,train,101,648.000000,625.748840
20,10,train,102,586.000000,585.831055
20,10,train,103,578.000000,566.662598
20,10,train,104,465.000000,501.959747
20,10,train,105,612.000000,620.120850
20,10,train,106,455.000000,483.955872
20,10,train,107,477.000000,482.053406
20,10,train,108,585.000000,593.244141
20,10,train,109,630.000000,598.275635
20,10,train,110,670.000000,660.788452
20,10,train,111,516.000000,520.817505
20,10,train,112,463.000000,459.910706
20,10,train,113,519.000000,522.401489
20,10,train,114,507.000000,509.935913
20,10,train,115,525.000000,526.832642
20,10,train,116,482.000000,488.038147
20,10,train,117,488.000000,496.126526
20,10,train,118,637.000000,631.545105
20,10,train,119,480.000000,487.416595
20,10,train,120,606.000000,591.312866
20,10,train,121,485.000000,493.945160
20,10,train,122,617.000000,623.679626
20,10,train,123,560.000000,548.606018
20,10,train,124,464.000000,464.339508
20,10,train,125,617.000000,623.679626
20,10,train,126,545.000000,537.143311
20,10,train,127,465.000000,466.566315
20,10,train,128,601.000000,603.623047
20,10,train,129,538.000000,533.212952
20,10,train,130,495.000000,489.297150
20,10,train,131,472.000000,469.822815
20,10,train,132,431.000000,455.235016
20,10,train,133,500.000000,492.655701
20,10,train,134,476.000000,479.883484
20,10,train,135,479.000000,481.447327
20,10,train,136,575.000000,570.764648
20,10,train,137,455.000000,469.867249
20,10,train,138,550.000000,544.491577
20,10,train,139,502.000000,504.821228
20,10,train,140,528.000000,521.280518
50,1,test,0,584.000000,534.916260
50,1,test,1,510.000000,535.609680
50,1,test,2,525.000000,490.247223
50,1,test,3,557.000000,585.832214
50,1,test,4,596.000000,599.531799
50,1,test,5,528.000000,513.980408
50,1,test,6,645.000000,584.038086
50,1,test,7,460.000000,568.760010
50,1,test,8,572.000000,560.175232
50,1,test,9,509.000000,509.354645
50,1,test,10,577.000000,532.259644
50,1,test,11,555.000000,563.588806
50,1,test,12,485.000000,534.112732
50,1,test,13,580.000000,551.075928
50,1,test,14,456.000000,494.486572
50,1,test,15,597.000000,576.549377
50,1,test,16,484.000000,513.086182
50,1,test,17,584.000000,589.136719
50,1,test,18,502.000000,514.277039
50,1,test,19,612.000000,590.485596
50,1,test,20,644.000000,590.114380
50,1,test,21,501.000000,487.916321
50,1,test,22,462.000000,503.993347
50,1,test,23,495.000000,486.495972
50,1,test,24,601.000000,585.470398
50,1,test,25,613.000000,590.252869
50,1,test,26,610.000000,606.725769
50,1,test,27,580.000000,596.151489
50,1,test,28,545.000000,574.184143
50,1,test,29,469.000000,507.640656
50,1,test,30,479.000000,489.104187
50,1,test,31,478.000000,503.472229
50,1,test,32,446.000000,509.682861
50,1,test,33,463.000000,483.832794
50,1,test,34,613.000000,590.252869
50,1,test,35,572.000000,569.583374
50,1,train,0,572.000000,560.175232
50,1,train,1,524.000000,506.388367
50,1,train,2,575.000000,565.854919
50,1,train,3,600.000000,591.911377
50,1,train,4,560.000000,548.124023
50,1,train,5,442.000000,455.313141
50,1,train,6,451.000000,465.869781
50,1,train,7,616.000000,631.813416
50,1,train,8,534.000000,543.763489
50,1,train,9,608.000000,608.079895
50,1,train,10,489.000000,501.072479
50,1,train,11,637.000000,624.581543
50,1,train,12,648.000000,619.238220
50,1,train,13,523.000000,539.632019
50,1,train,14,519.000000,519.093750
50,1,train,15,524.000000,539.527649
50,1,train,16,500.000000,489.403320
50,1,train,17,495.000000,511.171814
50,1,train,18,585.000000,593.644348
50,1,train,19,509.000000,507.900238
50,1,train,20,577.000000,571.156189
50,1,train,21,479.000000,490.229980
50,1,train,22,504.000000,515.895813
50,1,train,23,509.000000,501.633514
50,1,train,24,606.000000,571.754333
50,1,train,25,605.000000,589.630615
50,1,train,26,484.000000,481.958557
50,1,train,27,488.000000,490.217773
50,1,train,28,630.000000,630.585876
50,1,train,29,507.000000,515.313599
50,1,train,30,522.000000,519.581116
50,1,train,31,628.000000,614.847595
50,1,train,32,522.000000,517.787354
50,1,train,33,578.000000,581.056396
50,1,train,34,640.000000,637.683472
50,1,train,35,618.000000,617.097900
50,1,train,36,431.000000,469.156158
50,1,train,37,649.000000,617.605469
50,1,train,38,526.000000,521.679138
50,1,train,39,535.000000,523.245422
50,1,train,40,507.000000,504.161438
50,1,train,41,541.000000,554.493713
50,1,train,42,612.000000,608.016113
50,1,train,43,617.000000,571.885315
50,1,train,44,459.000000,472.506500
50,1,train,45,597.000000,596.676086
50,1,train,46,538.000000,537.077454
50,1,train,47,508.000000,510.723572
50,1,train,48,525.000000,541.023987
50,1,train,49,455.000000,480.321167
50,1,train,50,472.000000,500.312897
50,1,train,51,596.000000,577.780762
50,1,train,52,617.000000,624.452759
50,1,train,53,623.000000,598.656250
50,1,train,54,594.000000,586.121155
50,1,train,55,480.000000,485.622925
50,1,train,56,504.000000,502.787903
50,1,train,57,516.000000,517.331909
50,1,train,58,541.000000,551.533508
50,1,train,59,505.000000,507.681183
50,1,train,60,515.000000,520.417664
50,1,train,61,522.000000,516.328796
50,1,train,62,506.000000,541.375610
50,1,train,63,577.000000,551.583923
50,1,train,64,574.000000,575.482422
50,1,train,65,624.000000,625.475586
50,1,train,66,543.000000,534.962769
50,1,train,67,644.000000,620.521423
50,1,train,68,584.000000,559.449158
50,1,train,69,500.000000,506.613312
50,1,train,70,689.000000,659.740234
50,1,train,71,586.000000,572.026672
50,1,train,72,617.000000,624.452759
50,1,train,73,473.000000,480.843414
50,1,train,74,572.000000,569.583374
50,1,train,75,595.000000,601.724670
50,1,train,76,528.000000,527.198914
50,1,train,77,492.000000,511.426636
50,1,train,78,516.000000,520.983582
50,1,train,79,473.000000,476.995636
50,1,train,80,505.000000,511.690918
50,1,train,81,534.000000,530.526917
50,1,train,82,630.000000,631.192627
50,1,train,83,670.000000,657.946777
50,1,train,84,598.000000,577.006348
50,1,train,85,488.000000,488.843414
50,1,train,86,481.000000,488.166565
50,1,train,87,455.000000,478.007324
50,1,train,88,550.000000,540.442932
50,1,train,89,505.000000,521.822815
50,1,train,90,608.000000,596.071350
50,1,train,91,482.000000,490.200470
50,1,train,92,466.000000,474.648499
50,1,train,93,471.000000,484.772552
50,1,train,94,624.000000,609.505737
50,1,train,95,591.000000,577.798279
50,1,train,96,488.000000,482.945007
50,1,train,97,606.000000,608.109314
50,1,train,98,693.000000,629.499878
50,1,train,99,475.000000,468.927490
50,1,train,100,484.000000,498.785614
50,1,train,101,580.000000,573.691040
50,1,train,102,511.000000,519.187134
50,1,train,103,562.000000,535.533264
50,1,train,104,630.000000,587.850525
50,1,train,105,583.000000,572.669373
50,1,train,106,465.000000,471.536865
50,1,train,107,524.000000,530.036011
50,1,train,108,472.000000,474.670074
50,1,train,109,456.000000,473.853333
50,1,train,110,456.000000,493.185394
50,1,train,111,475.000000,482.627014
50,1,train,112,465.000000,501.528656
50,1,train,113,561.000000,545.028015
50,1,train,114,464.000000,477.615265
50,1,train,115,490.000000,494.547852
50,1,train,116,450.000000,464.157104
50,1,train,117,601.000000,609.470093
50,1,train,118,463.000000,465.629089
50,1,train,119,670.000000,657.946777
50,1,train,120,597.000000,591.270813
50,1,train,121,592.000000,587.299133
50,1,train,122,597.000000,582.171753
50,1,train,123,371.000000,434.492279
50,1,train,124,500.000000,498.177490
50,1,train,125,476.000000,497.583893
50,1,train,126,464.000000,465.214539
50,1,train,127,494.000000,485.359985
50,1,train,128,585.000000,588.986084
50,1,train,129,507.000000,493.765961
50,1,train,130,568.000000,566.678711
50,1,train,131,500.000000,510.376221
50,1,train,132,605.000000,613.916199
50,1,train,133,519.000000,517.529114
50,1,train,134,504.000000,507.343231
50,1,train,135,487.000000,494.414307
50,1,train,136,517.000000,519.829346
50,1,train,137,532.000000,522.145081
50,1,train,138,493.000000,491.648041
50,1,train,139,477.000000,484.490845
50,1,train,140,648.000000,643.885254
50,2,test,0,495.000000,545.652527
50,2,test,1,473.000000,509.597168
50,2,test,2,618.000000,599.565918
50,2,test,3,568.000000,574.477051
50,2,test,4,584.000000,565.228699
50,2,test,5,507.000000,547.589539
50,2,test,6,455.000000,550.792114
50,2,test,7,543.000000,514.517090
50,2,test,8,597.000000,570.955444
50,2,test,9,600.000000,590.794128
50,2,test,10,524.000000,560.043884
50,2,test,11,475.000000,461.809204
50,2,test,12,459.000000,500.239655
50,2,test,13,500.000000,508.802338
50,2,test,14,689.000000,615.694336
50,2,test,15,606.000000,544.532410
50,2,test,16,580.000000,532.810486
50,2,test,17,541.000000,577.833069
50,2,test,18,580.000000,589.574219
50,2,test,19,476.000000,538.561890
50,2,test,20,617.000000,524.460999
50,2,test,21,628.000000,595.374390
50,2,test,22,509.000000,503.254974
50,2,test,23,509.000000,500.263397
50,2,test,24,463.000000,502.943695
50,2,test,25,596.000000,583.961914
50,2,test,26,522.000000,525.379761
50,2,test,27,608.000000,571.276489
50,2,test,28,560.000000,535.275208
50,2,test,29,693.000000,575.710999
50,2,test,30,517.000000,531.205017
50,2,test,31,455.000000,545.460754
50,2,test,32,446.000000,532.458252
50,2,test,33,534.000000,521.064575
50,2,test,34,577.000000,543.209229
50,2,test,35,575.000000,530.728760
50,2,train,0,528.000000,526.806824
50,2,train,1,645.000000,626.098816
50,2,train,2,585.000000,586.393188
50,2,train,3,516.000000,519.175598
50,2,train,4,479.000000,480.071777
50,2,train,5,473.000000,476.425110
50,2,train,6,487.000000,491.649597
50,2,train,7,460.000000,481.676727
50,2,train,8,500.000000,492.531342
50,2,train,9,596.000000,584.770752
50,2,train,10,519.000000,517.322083
50,2,train,11,608.000000,607.040527
50,2,train,12,492.000000,495.270020
50,2,train,13,509.000000,504.885376
50,2,train,14,479.000000,488.398865
50,2,train,15,505.000000,506.629364
50,2,train,16,466.000000,473.998688
50,2,train,17,613.000000,612.364807
50,2,train,18,630.000000,629.844421
50,2,train,19,511.000000,515.052124
50,2,train,20,478.000000,481.375916
50,2,train,21,465.000000,486.887085
50,2,train,22,605.000000,595.817261
50,2,train,23,524.000000,517.528564
50,2,train,24,515.000000,517.518250
50,2,train,25,477.000000,482.338440
50,2,train,26,494.000000,489.961426
50,2,train,27,577.000000,564.093689
50,2,train,28,488.000000,488.416534
50,2,train,29,578.000000,572.420898
50,2,train,30,484.000000,488.738495
50,2,train,31,465.000000,466.465881
50,2,train,32,480.000000,484.498688
50,2,train,33,538.000000,541.343750
50,2,train,34,586.000000,581.547241
50,2,train,35,532.000000,527.695312
50,2,train,36,598.000000,588.587219
50,2,train,37,670.000000,656.575745
50,2,train,38,507.000000,504.925171
50,2,train,39,505.000000,500.290344
50,2,train,40,500.000000,500.713379
50,2,train,41,519.000000,516.677856
50,2,train,42,525.000000,531.145691
50,2,train,43,630.000000,598.137573
50,2,train,44,508.000000,506.399384
50,2,train,45,605.000000,595.949219
50,2,train,46,442.000000,451.851044
50,2,train,47,482.000000,485.705383
50,2,train,48,484.000000,483.123596
50,2,train,49,464.000000,467.990906
50,2,train,50,451.000000,460.540161
50,2,train,51,371.000000,432.368347
50,2,train,52,524.000000,528.656189
50,2,train,53,535.000000,529.129211
50,2,train,54,472.000000,489.201172
50,2,train,55,545.000000,550.529907
50,2,train,56,572.000000,570.940735
50,2,train,57,617.000000,617.438354
50,2,train,58,649.000000,625.231873
50,2,train,59,504.000000,505.171844
50,2,train,60,463.000000,465.395599
50,2,train,61,456.000000,473.433350
50,2,train,62,601.000000,598.312317
50,2,train,63,630.000000,630.641846
50,2,train,64,572.000000,571.222839
50,2,train,65,597.000000,597.020996
50,2,train,66,648.000000,633.690125
50,2,train,67,613.000000,612.364807
50,2,train,68,500.000000,504.294098
50,2,train,69,502.000000,505.841187
50,2,train,70,464.000000,473.865356
50,2,train,71,489.000000,497.436829
50,2,train,72,504.000000,506.355682
50,2,train,73,592.000000,589.047546
50,2,train,74,475.000000,480.369629
50,2,train,75,505.000000,506.949036
50,2,train,76,534.000000,535.996582
50,2,train,77,525.000000,514.840271
50,2,train,78,481.000000,490.432617
50,2,train,79,670.000000,656.575745
50,2,train,80,612.000000,607.112061
50,2,train,81,585.000000,584.709045
50,2,train,82,528.000000,531.013916
50,2,train,83,456.000000,463.845673
50,2,train,84,574.000000,571.877319
50,2,train,85,601.000000,599.327637
50,2,train,86,577.000000,565.861084
50,2,train,87,488.000000,486.889496
50,2,train,88,472.000000,475.149109
50,2,train,89,456.000000,466.125732
50,2,train,90,591.000000,582.275818
50,2,train,91,624.000000,623.948303
50,2,train,92,431.000000,454.628784
50,2,train,93,597.000000,594.871582
50,2,train,94,584.000000,568.127075
50,2,train,95,469.000000,479.114136
50,2,train,96,522.000000,515.998169
50,2,train,97,495.000000,493.120880
50,2,train,98,526.000000,525.239380
50,2,train,99,640.000000,637.527527
50,2,train,100,616.000000,620.337341
50,2,train,101,580.000000,575.184021
50,2,train,102,623.000000,604.461304
50,2,train,103,507.000000,504.716980
50,2,train,104,597.000000,590.349121
50,2,train,105,624.000000,614.266052
50,2,train,106,471.000000,481.630188
50,2,train,107,506.000000,532.550415
50,2,train,108,583.000000,572.750977
50,2,train,109,504.000000,506.206635
50,2,train,110,594.000000,581.564148
50,2,train,111,617.000000,617.438354
50,2,train,112,557.000000,566.084961
50,2,train,113,595.000000,599.178162
50,2,train,114,488.000000,491.302063
50,2,train,115,523.000000,537.880981
50,2,train,116,637.000000,631.862061
50,2,train,117,644.000000,627.869385
50,2,train,118,572.000000,570.940735
50,2,train,119,644.000000,627.605408
50,2,train,120,485.000000,495.920746
50,2,train,121,555.000000,555.774536
50,2,train,122,572.000000,571.222839
50,2,train,123,648.000000,642.793579
50,2,train,124,510.000000,513.066895
50,2,train,125,522.000000,517.453430
50,2,train,126,484.000000,493.029724
50,2,train,127,612.000000,608.117371
50,2,train,128,490.000000,492.832886
50,2,train,129,610.000000,606.223450
50,2,train,130,462.000000,465.163025
50,2,train,131,584.000000,579.602234
50,2,train,132,541.000000,544.348328
50,2,train,133,450.000000,454.756653
50,2,train,134,516.000000,521.203613
50,2,train,135,501.000000,499.832825
50,2,train,136,606.000000,600.264404
50,2,train,137,561.000000,549.085449
50,2,train,138,493.000000,493.658691
50,2,train,139,550.000000,545.837158
50,2,train,140,562.000000,543.097351
50,3,test,0,601.000000,612.754333
50,3,test,1,596.000000,574.014832
50,3,test,2,574.000000,567.824951
50,3,test,3,466.000000,476.885376
50,3,test,4,482.000000,537.906433
50,3,test,5,473.000000,470.178345
50,3,test,6,594.000000,557.106018
50,3,test,7,493.000000,520.512451
50,3,test,8,524.000000,615.371643
50,3,test,9,644.000000,594.201843
50,3,test,10,455.000000,490.178101
50,3,test,11,475.000000,446.753448
50,3,test,12,505.000000,534.259033
50,3,test,13,612.000000,607.890503
50,3,test,14,644.000000,601.161011
50,3,test,15,459.000000,488.084961
50,3,test,16,597.000000,580.537476
50,3,test,17,550.000000,561.490967
50,3,test,18,524.000000,537.188171
50,3,test,19,506.000000,599.878723
50,3,test,20,523.000000,578.939819
50,3,test,21,500.000000,508.813263
50,3,test,22,568.000000,581.061462
50,3,test,23,640.000000,664.579163
50,3,test,24,605.000000,625.833069
50,3,test,25,465.000000,495.625244
50,3,test,26,610.000000,604.420776
50,3,test,27,608.000000,546.782410
50,3,test,28,585.000000,585.802551
50,3,test,29,584.000000,473.545349
50,3,test,30,597.000000,570.025146
50,3,test,31,555.000000,556.721680
50,3,test,32,507.000000,482.151886
50,3,test,33,670.000000,669.882324
50,3,test,34,598.000000,531.676819
50,3,test,35,617.000000,515.042664
50,3,train,0,580.000000,579.882080
50,3,train,1,595.000000,595.254456
50,3,train,2,612.000000,612.053162
50,3,train,3,463.000000,462.940582
50,3,train,4,463.000000,463.240814
50,3,train,5,541.000000,541.156128
50,3,train,6,617.000000,617.036194
50,3,train,7,572.000000,571.986389
50,3,train,8,525.000000,525.089905
50,3,train,9,495.000000,495.185730
50,3,train,10,460.000000,460.071167
50,3,train,11,693.000000,692.582153
50,3,train,12,484.000000,484.063751
50,3,train,13,495.000000,495.009308
50,3,train,14,472.000000,472.177704
50,3,train,15,623.000000,622.462830
50,3,train,16,586.000000,586.095886
50,3,train,17,488.000000,487.979675
50,3,train,18,519.000000,518.970032
50,3,train,19,585.000000,585.051270
50,3,train,20,670.000000,669.882324
50,3,train,21,630.000000,630.088623
50,3,train,22,465.000000,465.248932
50,3,train,23,618.000000,618.258972
50,3,train,24,606.000000,606.037964
50,3,train,25,572.000000,571.978455
50,3,train,26,561.000000,560.922852
50,3,train,27,605.000000,604.904053
50,3,train,28,504.000000,504.022339
50,3,train,29,473.000000,472.983734
50,3,train,30,528.000000,528.135437
50,3,train,31,490.000000,489.989899
50,3,train,32,500.000000,499.746918
50,3,train,33,649.000000,648.901001
50,3,train,34,522.000000,522.105042
50,3,train,35,628.000000,627.963989
50,3,train,36,584.000000,584.104919
50,3,train,37,455.000000,455.115570
50,3,train,38,597.000000,596.858643
50,3,train,39,516.000000,515.867676
50,3,train,40,515.000000,514.940857
50,3,train,41,525.000000,524.519348
50,3,train,42,484.000000,483.924103
50,3,train,43,502.000000,501.966003
50,3,train,44,592.000000,592.045349
50,3,train,45,488.000000,488.010498
50,3,train,46,645.000000,644.640015
50,3,train,47,577.000000,576.979614
50,3,train,48,577.000000,577.036926
50,3,train,49,476.000000,475.947510
50,3,train,50,500.000000,500.036163
50,3,train,51,481.000000,481.041382
50,3,train,52,528.000000,527.957153
50,3,train,53,494.000000,493.945587
50,3,train,54,456.000000,455.937958
50,3,train,55,580.000000,579.927795
50,3,train,56,616.000000,616.318481
50,3,train,57,534.000000,534.145386
50,3,train,58,431.000000,431.521576
50,3,train,59,606.000000,606.074646
50,3,train,60,532.000000,531.706116
50,3,train,61,477.000000,476.967743
50,3,train,62,442.000000,441.869263
50,3,train,63,451.000000,451.028351
50,3,train,64,608.000000,607.890503
50,3,train,65,479.000000,478.933533
50,3,train,66,578.000000,577.845398
50,3,train,67,464.000000,463.978210
50,3,train,68,478.000000,478.035065
50,3,train,69,624.000000,623.961121
50,3,train,70,517.000000,517.101013
50,3,train,71,464.000000,463.928680
50,3,train,72,600.000000,600.087219
50,3,train,73,630.000000,630.049500
50,3,train,74,504.000000,503.940735
50,3,train,75,507.000000,506.987793
50,3,train,76,584.000000,583.939636
50,3,train,77,597.000000,596.945740
50,3,train,78,472.000000,471.976379
50,3,train,79,501.000000,500.961212
50,3,train,80,508.000000,508.103699
50,3,train,81,456.000000,455.955811
50,3,train,82,583.000000,582.933899
50,3,train,83,624.000000,624.192200
50,3,train,84,471.000000,471.003387
50,3,train,85,545.000000,544.911865
50,3,train,86,572.000000,571.978455
50,3,train,87,630.000000,629.913269
50,3,train,88,617.000000,617.036194
50,3,train,89,522.000000,522.019714
50,3,train,90,543.000000,543.132263
50,3,train,91,504.000000,504.071808
50,3,train,92,562.000000,561.816223
50,3,train,93,526.000000,525.986206
50,3,train,94,613.000000,612.991333
50,3,train,95,475.000000,474.987396
50,3,train,96,575.000000,575.091614
50,3,train,97,462.000000,461.898529
50,3,train,98,510.000000,510.047668
50,3,train,99,648.000000,647.929443
50,3,train,100,601.000000,601.025085
50,3,train,101,560.000000,559.985352
50,3,train,102,488.000000,487.982147
50,3,train,103,577.000000,576.978394
50,3,train,104,505.000000,505.011566
50,3,train,105,580.000000,579.926086
50,3,train,106,509.000000,509.059418
50,3,train,107,507.000000,507.404327
50,3,train,108,648.000000,647.917114
50,3,train,109,487.000000,486.884338
50,3,train,110,479.000000,478.999969
50,3,train,111,637.000000,636.829041
50,3,train,112,450.000000,449.907654
50,3,train,113,480.000000,479.804626
50,3,train,114,689.000000,688.975647
50,3,train,115,613.000000,612.991333
50,3,train,116,469.000000,469.696747
50,3,train,117,516.000000,516.167847
50,3,train,118,557.000000,557.106018
50,3,train,119,572.000000,571.986389
50,3,train,120,519.000000,519.121033
50,3,train,121,456.000000,456.129761
50,3,train,122,541.000000,540.816895
50,3,train,123,509.000000,509.012482
50,3,train,124,446.000000,446.010162
50,3,train,125,489.000000,488.990631
50,3,train,126,591.000000,591.168457
50,3,train,127,371.000000,371.195648
50,3,train,128,522.000000,521.951599
50,3,train,129,484.000000,484.150909
50,3,train,130,596.000000,596.153503
50,3,train,131,492.000000,491.800873
50,3,train,132,505.000000,504.853943
50,3,train,133,524.000000,523.793152
50,3,train,134,485.000000,485.097168
50,3,train,135,500.000000,500.051422
50,3,train,136,535.000000,534.807007
50,3,train,137,538.000000,537.856873
50,3,train,138,511.000000,510.982483
50,3,train,139,534.000000,534.025269
50,3,train,140,509.000000,508.850220
50,4,test,0,541.000000,567.893494
50,4,test,1,463.000000,523.403259
50,4,test,2,460.000000,558.905457
50,4,test,3,628.000000,598.528625
50,4,test,4,489.000000,556.381714
50,4,test,5,476.000000,536.152649
50,4,test,6,591.000000,537.869812
50,4,test,7,504.000000,499.340271
50,4,test,8,475.000000,495.401642
50,4,test,9,488.000000,483.612061
50,4,test,10,572.000000,548.824890
50,4,test,11,648.000000,554.630920
50,4,test,12,524.000000,496.974640
50,4,test,13,618.000000,594.025574
50,4,test,14,637.000000,602.578979
50,4,test,15,522.000000,505.499054
50,4,test,16,600.000000,574.752197
50,4,test,17,572.000000,548.824890
50,4,test,18,522.000000,519.603088
50,4,test,19,484.000000,519.223450
50,4,test,20,572.000000,570.245361
50,4,test,21,623.000000,558.909058
50,4,test,22,479.000000,503.013611
50,4,test,23,504.000000,511.540741
50,4,test,24,459.000000,503.108887
50,4,test,25,517.000000,527.871216
50,4,test,26,557.000000,591.713989
50,4,test,27,516.000000,527.351685
50,4,test,28,371.000000,518.266907
50,4,test,29,473.000000,527.705872
50,4,test,30,610.000000,600.869202
50,4,test,31,525.000000,544.038818
50,4,test,32,495.000000,536.576294
50,4,test,33,575.000000,539.122437
50,4,test,34,488.000000,505.192993
50,4,test,35,464.000000,476.819885
50,4,train,0,545.000000,551.432373
50,4,train,1,525.000000,512.599365
50,4,train,2,541.000000,548.634521
50,4,train,3,617.000000,590.523865
50,4,train,4,500.000000,505.803162
50,4,train,5,580.000000,584.717834
50,4,train,6,693.000000,641.120605
50,4,train,7,464.000000,479.653687
50,4,train,8,451.000000,463.451111
50,4,train,9,463.000000,468.728699
50,4,train,10,585.000000,589.232361
50,4,train,11,477.000000,481.011597
50,4,train,12,568.000000,567.159973
50,4,train,13,500.000000,495.147949
50,4,train,14,522.000000,517.265808
50,4,train,15,585.000000,586.757690
50,4,train,16,613.000000,611.922424
50,4,train,17,577.000000,570.099304
50,4,train,18,577.000000,569.951721
50,4,train,19,505.000000,508.828613
50,4,train,20,584.000000,570.509460
50,4,train,21,509.000000,508.345490
50,4,train,22,488.000000,488.779358
50,4,train,23,508.000000,508.052490
50,4,train,24,574.000000,572.157349
50,4,train,25,479.000000,479.615906
50,4,train,26,630.000000,630.255310
50,4,train,27,605.000000,599.646545
50,4,train,28,617.000000,619.232178
50,4,train,29,608.000000,597.636414
50,4,train,30,507.000000,505.985016
50,4,train,31,505.000000,505.595642
50,4,train,32,597.000000,598.045166
50,4,train,33,507.000000,504.433533
50,4,train,34,645.000000,625.805786
50,4,train,35,455.000000,476.311096
50,4,train,36,515.000000,515.732422
50,4,train,37,584.000000,586.931458
50,4,train,38,597.000000,595.263855
50,4,train,39,446.000000,466.096161
50,4,train,40,580.000000,577.061646
50,4,train,41,594.000000,591.782227
50,4,train,42,455.000000,475.005707
50,4,train,43,471.000000,482.472229
50,4,train,44,482.000000,486.226379
50,4,train,45,506.000000,537.808289
50,4,train,46,478.000000,480.223724
50,4,train,47,490.000000,492.955200
50,4,train,48,450.000000,459.810974
50,4,train,49,577.000000,563.402039
50,4,train,50,500.000000,495.743408
50,4,train,51,507.000000,514.567017
50,4,train,52,550.000000,547.235352
50,4,train,53,670.000000,656.967773
50,4,train,54,606.000000,606.061523
50,4,train,55,456.000000,470.987732
50,4,train,56,586.000000,578.720276
50,4,train,57,469.000000,492.362549
50,4,train,58,543.000000,534.096741
50,4,train,59,456.000000,480.329102
50,4,train,60,595.000000,596.217529
50,4,train,61,596.000000,582.525024
50,4,train,62,598.000000,584.365723
50,4,train,63,612.000000,608.536743
50,4,train,64,510.000000,512.062622
50,4,train,65,616.000000,621.637634
50,4,train,66,528.000000,526.018005
50,4,train,67,484.000000,485.634460
50,4,train,68,689.000000,654.716431
50,4,train,69,480.000000,490.562897
50,4,train,70,592.000000,593.172607
50,4,train,71,596.000000,598.719482
50,4,train,72,528.000000,530.995117
50,4,train,73,524.000000,529.043518
50,4,train,74,605.000000,596.339600
50,4,train,75,601.000000,603.442749
50,4,train,76,612.000000,606.284302
50,4,train,77,617.000000,619.232178
50,4,train,78,494.000000,492.137939
50,4,train,79,484.000000,490.972351
50,4,train,80,502.000000,504.265961
50,4,train,81,555.000000,555.243958
50,4,train,82,534.000000,526.034424
50,4,train,83,597.000000,597.281311
50,4,train,84,562.000000,543.662354
50,4,train,85,560.000000,555.537354
50,4,train,86,640.000000,635.521301
50,4,train,87,493.000000,489.768585
50,4,train,88,648.000000,642.967468
50,4,train,89,583.000000,578.799866
50,4,train,90,472.000000,479.297607
50,4,train,91,644.000000,629.737244
50,4,train,92,485.000000,495.133881
50,4,train,93,442.000000,457.154144
50,4,train,94,578.000000,575.726074
50,4,train,95,487.000000,491.771851
50,4,train,96,613.000000,611.922424
50,4,train,97,505.000000,508.752960
50,4,train,98,524.000000,530.669739
50,4,train,99,473.000000,479.784821
50,4,train,100,501.000000,497.445801
50,4,train,101,561.000000,552.761047
50,4,train,102,504.000000,505.499878
50,4,train,103,495.000000,490.596313
50,4,train,104,462.000000,472.311401
50,4,train,105,584.000000,578.962036
50,4,train,106,670.000000,656.967773
50,4,train,107,465.000000,469.224609
50,4,train,108,456.000000,465.956543
50,4,train,109,475.000000,469.790619
50,4,train,110,481.000000,487.834442
50,4,train,111,624.000000,622.325378
50,4,train,112,431.000000,460.200073
50,4,train,113,509.000000,497.979553
50,4,train,114,580.000000,574.223816
50,4,train,115,500.000000,500.430389
50,4,train,116,630.000000,598.927917
50,4,train,117,526.000000,522.892578
50,4,train,118,534.000000,536.918884
50,4,train,119,492.000000,502.051697
50,4,train,120,535.000000,529.372864
50,4,train,121,538.000000,537.752625
50,4,train,122,511.000000,517.868835
50,4,train,123,624.000000,617.070923
50,4,train,124,519.000000,517.118958
50,4,train,125,644.000000,624.716980
50,4,train,126,608.000000,608.169250
50,4,train,127,601.000000,604.443604
50,4,train,128,465.000000,491.636749
50,4,train,129,472.000000,492.961334
50,4,train,130,509.000000,504.622986
50,4,train,131,466.000000,474.540131
50,4,train,132,572.000000,570.245361
50,4,train,133,523.000000,528.903992
50,4,train,134,532.000000,529.738708
50,4,train,135,597.000000,590.323730
50,4,train,136,630.000000,630.962585
50,4,train,137,516.000000,520.329773
50,4,train,138,519.000000,518.218506
50,4,train,139,649.000000,626.335876
50,4,train,140,606.000000,587.988342
50,5,test,0,482.000000,526.502319
50,5,test,1,601.000000,604.943237
50,5,test,2,475.000000,459.617950
50,5,test,3,605.000000,565.975952
50,5,test,4,617.000000,517.986328
50,5,test,5,465.000000,571.295227
50,5,test,6,689.000000,613.044800
50,5,test,7,616.000000,650.018127
50,5,test,8,522.000000,513.036316
50,5,test,9,500.000000,522.236633
50,5,test,10,598.000000,561.908752
50,5,test,11,560.000000,561.500854
50,5,test,12,500.000000,481.745789
50,5,test,13,594.000000,555.094421
50,5,test,14,509.000000,494.157654
50,5,test,15,568.000000,570.398743
50,5,test,16,600.000000,597.000305
50,5,test,17,580.000000,530.685547
50,5,test,18,577.000000,558.222778
50,5,test,19,535.000000,506.275604
50,5,test,20,618.000000,616.469543
50,5,test,21,534.000000,562.864319
50,5,test,22,489.000000,528.194153
50,5,test,23,617.000000,619.409485
50,5,test,24,591.000000,564.199280
50,5,test,25,456.000000,550.195190
50,5,test,26,606.000000,582.156982
50,5,test,27,605.000000,624.203369
50,5,test,28,472.000000,544.058594
50,5,test,29,516.000000,519.687317
50,5,test,30,473.000000,486.920624
50,5,test,31,504.000000,498.386719
50,5,test,32,475.000000,490.129608
50,5,test,33,505.000000,506.479095
50,5,test,34,465.000000,475.144043
50,5,test,35,596.000000,599.258179
50,5,train,0,644.000000,644.375305
50,5,train,1,541.000000,542.153259
50,5,train,2,525.000000,525.576782
50,5,train,3,670.000000,668.140625
50,5,train,4,517.000000,518.483521
50,5,train,5,480.000000,480.692932
50,5,train,6,524.000000,521.366821
50,5,train,7,463.000000,461.655396
50,5,train,8,464.000000,467.513428
50,5,train,9,511.000000,511.030121
50,5,train,10,490.000000,491.532410
50,5,train,11,495.000000,500.656677
50,5,train,12,584.000000,582.447632
50,5,train,13,597.000000,595.562439
50,5,train,14,528.000000,527.714905
50,5,train,15,597.000000,596.085632
50,5,train,16,525.000000,521.040344
50,5,train,17,371.000000,410.684235
50,5,train,18,500.000000,501.476685
50,5,train,19,488.000000,489.294861
50,5,train,20,510.000000,513.165588
50,5,train,21,459.000000,461.428192
50,5,train,22,584.000000,576.552246
50,5,train,23,550.000000,547.403748
50,5,train,24,464.000000,464.541260
50,5,train,25,577.000000,567.390076
50,5,train,26,601.000000,601.102722
50,5,train,27,534.000000,531.763000
50,5,train,28,524.000000,524.531372
50,5,train,29,578.000000,577.071289
50,5,train,30,555.000000,555.489380
50,5,train,31,630.000000,630.292114
50,5,train,32,492.000000,492.230194
50,5,train,33,479.000000,480.704834
50,5,train,34,597.000000,597.334778
50,5,train,35,505.000000,506.874237
50,5,train,36,485.000000,491.405243
50,5,train,37,462.000000,461.898224
50,5,train,38,493.000000,492.521118
50,5,train,39,580.000000,577.923035
50,5,train,40,507.000000,505.110352
50,5,train,41,584.000000,584.312195
50,5,train,42,612.000000,609.842285
50,5,train,43,487.000000,488.261139
50,5,train,44,519.000000,518.408508
50,5,train,45,456.000000,460.275848
50,5,train,46,613.000000,613.005554
50,5,train,47,557.000000,555.241455
50,5,train,48,624.000000,619.315735
50,5,train,49,561.000000,555.679626
50,5,train,50,585.000000,585.174438
50,5,train,51,501.000000,499.701599
50,5,train,52,648.000000,648.426819
50,5,train,53,572.000000,571.839478
50,5,train,54,640.000000,639.906372
50,5,train,55,431.000000,443.577606
50,5,train,56,455.000000,457.396210
50,5,train,57,476.000000,478.449585
50,5,train,58,481.000000,483.659271
50,5,train,59,606.000000,599.146606
50,5,train,60,484.000000,486.530640
50,5,train,61,505.000000,505.811554
50,5,train,62,645.000000,639.876526
50,5,train,63,456.000000,460.420349
50,5,train,64,596.000000,590.744385
50,5,train,65,543.000000,539.956360
50,5,train,66,506.000000,520.865845
50,5,train,67,488.000000,485.928284
50,5,train,68,624.000000,625.636108
50,5,train,69,526.000000,525.067627
50,5,train,70,516.000000,517.384766
50,5,train,71,507.000000,508.343689
50,5,train,72,693.000000,658.457031
50,5,train,73,442.000000,444.188568
50,5,train,74,628.000000,624.906311
50,5,train,75,574.000000,574.376770
50,5,train,76,446.000000,451.390869
50,5,train,77,500.000000,496.851440
50,5,train,78,610.000000,608.783447
50,5,train,79,477.000000,481.351044
50,5,train,80,528.000000,527.238464
50,5,train,81,504.000000,506.609283
50,5,train,82,572.000000,571.839478
50,5,train,83,460.000000,473.101410
50,5,train,84,509.000000,509.776978
50,5,train,85,545.000000,548.542297
50,5,train,86,562.000000,555.511841
50,5,train,87,613.000000,613.005554
50,5,train,88,585.000000,586.063599
50,5,train,89,637.000000,637.195801
50,5,train,90,580.000000,583.642151
50,5,train,91,484.000000,481.911407
50,5,train,92,524.000000,526.593933
50,5,train,93,572.000000,572.722717
50,5,train,94,522.000000,521.128418
50,5,train,95,595.000000,598.785706
50,5,train,96,577.000000,573.388733
50,5,train,97,466.000000,468.163605
50,5,train,98,451.000000,453.308533
50,5,train,99,617.000000,619.409485
50,5,train,100,508.000000,508.552521
50,5,train,101,488.000000,488.223328
50,5,train,102,648.000000,638.089050
50,5,train,103,484.000000,483.400208
50,5,train,104,644.000000,636.599182
50,5,train,105,592.000000,590.792542
50,5,train,106,541.000000,542.612061
50,5,train,107,612.000000,610.631531
50,5,train,108,623.000000,611.003723
50,5,train,109,522.000000,519.804138
50,5,train,110,469.000000,475.930176
50,5,train,111,507.000000,507.628540
50,5,train,112,538.000000,538.030334
50,5,train,113,523.000000,530.801758
50,5,train,114,463.000000,462.673431
50,5,train,115,649.000000,634.977966
50,5,train,116,572.000000,572.722717
50,5,train,117,519.000000,518.492249
50,5,train,118,608.000000,606.300781
50,5,train,119,509.000000,510.493744
50,5,train,120,532.000000,529.745667
50,5,train,121,583.000000,582.259705
50,5,train,122,494.000000,491.360626
50,5,train,123,502.000000,504.427948
50,5,train,124,670.000000,668.140625
50,5,train,125,630.000000,613.020752
50,5,train,126,455.000000,459.744049
50,5,train,127,608.000000,608.725037
50,5,train,128,586.000000,582.174011
50,5,train,129,471.000000,475.887207
50,5,train,130,575.000000,574.494080
50,5,train,131,473.000000,470.998444
50,5,train,132,450.000000,452.730591
50,5,train,133,478.000000,478.484985
50,5,train,134,597.000000,596.610474
50,5,train,135,479.000000,478.851105
50,5,train,136,472.000000,474.342926
50,5,train,137,495.000000,493.734131
50,5,train,138,504.000000,503.836029
50,5,train,139,515.000000,515.407349
50,5,train,140,630.000000,629.744568
50,6,test,0,493.000000,502.090881
50,6,test,1,596.000000,603.121338
50,6,test,2,509.000000,511.364594
50,6,test,3,585.000000,588.028687
50,6,test,4,525.000000,501.059143
50,6,test,5,577.000000,537.153748
50,6,test,6,500.000000,508.093872
50,6,test,7,516.000000,508.245300
50,6,test,8,617.000000,617.089539
50,6,test,9,459.000000,492.705505
50,6,test,10,630.000000,539.459473
50,6,test,11,451.000000,487.250854
50,6,test,12,516.000000,519.252869
50,6,test,13,555.000000,587.789368
50,6,test,14,644.000000,608.336304
50,6,test,15,580.000000,553.608154
50,6,test,16,541.000000,584.436646
50,6,test,17,597.000000,579.636841
50,6,test,18,489.000000,554.655579
50,6,test,19,522.000000,515.113159
50,6,test,20,464.000000,504.899384
50,6,test,21,463.000000,471.733521
50,6,test,22,584.000000,565.204590
50,6,test,23,538.000000,513.647461
50,6,test,24,644.000000,595.638062
50,6,test,25,455.000000,514.204590
50,6,test,26,484.000000,518.950806
50,6,test,27,484.000000,514.064575
50,6,test,28,476.000000,582.236694
50,6,test,29,624.000000,558.858398
50,6,test,30,481.000000,522.379272
50,6,test,31,528.000000,511.703033
50,6,test,32,463.000000,482.955933
50,6,test,33,670.000000,669.679565
50,6,test,34,613.000000,613.165527
50,6,test,35,446.000000,553.116211
50,6,train,0,560.000000,559.170410
50,6,train,1,689.000000,685.416138
50,6,train,2,371.000000,394.795990
50,6,train,3,601.000000,602.388733
50,6,train,4,492.000000,491.465271
50,6,train,5,482.000000,482.179169
50,6,train,6,648.000000,648.034241
50,6,train,7,586.000000,585.856262
50,6,train,8,442.000000,441.071045
50,6,train,9,630.000000,630.091614
50,6,train,10,473.000000,472.922760
50,6,train,11,572.000000,571.996765
50,6,train,12,630.000000,629.890869
50,6,train,13,605.000000,605.592834
50,6,train,14,624.000000,624.408264
50,6,train,15,648.000000,648.036560
50,6,train,16,506.000000,507.689026
50,6,train,17,572.000000,571.993774
50,6,train,18,628.000000,626.706177
50,6,train,19,495.000000,495.115692
50,6,train,20,572.000000,571.993774
50,6,train,21,545.000000,544.528259
50,6,train,22,465.000000,464.280731
50,6,train,23,616.000000,616.568115
50,6,train,24,507.000000,507.036865
50,6,train,25,617.000000,617.089539
50,6,train,26,478.000000,477.945007
50,6,train,27,584.000000,583.727295
50,6,train,28,510.000000,512.740417
50,6,train,29,515.000000,514.765991
50,6,train,30,605.000000,604.857361
50,6,train,31,504.000000,503.877258
50,6,train,32,608.000000,608.375671
50,6,train,33,597.000000,597.027222
50,6,train,34,594.000000,593.511169
50,6,train,35,472.000000,471.697693
50,6,train,36,572.000000,571.996765
50,6,train,37,574.000000,573.109680
50,6,train,38,649.000000,648.708801
50,6,train,39,464.000000,463.547943
50,6,train,40,473.000000,468.503937
50,6,train,41,431.000000,432.121552
50,6,train,42,507.000000,506.261169
50,6,train,43,523.000000,523.238464
50,6,train,44,504.000000,503.998627
50,6,train,45,532.000000,531.847717
50,6,train,46,456.000000,458.996521
50,6,train,47,606.000000,605.439026
50,6,train,48,526.000000,525.988586
50,6,train,49,598.000000,597.894165
50,6,train,50,475.000000,474.925140
50,6,train,51,519.000000,518.982788
50,6,train,52,460.000000,462.319214
50,6,train,53,580.000000,579.930908
50,6,train,54,597.000000,597.091431
50,6,train,55,575.000000,574.925659
50,6,train,56,485.000000,484.818176
50,6,train,57,524.000000,523.700562
50,6,train,58,500.000000,499.410309
50,6,train,59,456.000000,456.959961
50,6,train,60,477.000000,476.938293
50,6,train,61,455.000000,454.918152
50,6,train,62,495.000000,494.683319
50,6,train,63,488.000000,487.980560
50,6,train,64,508.000000,507.846130
50,6,train,65,645.000000,644.162781
50,6,train,66,585.000000,585.014221
50,6,train,67,583.000000,583.218567
50,6,train,68,528.000000,526.559692
50,6,train,69,562.000000,561.637512
50,6,train,70,500.000000,499.740692
50,6,train,71,535.000000,534.988403
50,6,train,72,610.000000,609.853577
50,6,train,73,557.000000,557.075256
50,6,train,74,479.000000,478.963104
50,6,train,75,534.000000,533.821411
50,6,train,76,541.000000,541.534241
50,6,train,77,488.000000,487.573822
50,6,train,78,637.000000,636.776428
50,6,train,79,534.000000,533.679810
50,6,train,80,504.000000,504.208252
50,6,train,81,578.000000,577.718750
50,6,train,82,450.000000,450.219238
50,6,train,83,511.000000,511.604584
50,6,train,84,580.000000,580.134705
50,6,train,85,600.000000,600.117554
50,6,train,86,693.000000,680.533020
50,6,train,87,522.000000,522.496643
50,6,train,88,479.000000,479.029541
50,6,train,89,608.000000,608.145447
50,6,train,90,561.000000,560.469482
50,6,train,91,584.000000,583.669006
50,6,train,92,505.000000,504.799500
50,6,train,93,519.000000,519.352173
50,6,train,94,484.000000,484.043579
50,6,train,95,595.000000,594.960510
50,6,train,96,577.000000,576.770691
50,6,train,97,494.000000,494.161346
50,6,train,98,612.000000,611.669861
50,6,train,99,601.000000,601.245117
50,6,train,100,596.000000,594.778198
50,6,train,101,524.000000,524.135376
50,6,train,102,618.000000,618.459045
50,6,train,103,597.000000,597.042053
50,6,train,104,500.000000,498.922974
50,6,train,105,465.000000,465.048523
50,6,train,106,606.000000,607.579590
50,6,train,107,577.000000,573.517334
50,6,train,108,522.000000,521.918884
50,6,train,109,613.000000,613.165527
50,6,train,110,490.000000,491.651520
50,6,train,111,509.000000,509.073090
50,6,train,112,505.000000,504.814972
50,6,train,113,462.000000,461.727875
50,6,train,114,543.000000,543.242554
50,6,train,115,507.000000,507.080719
50,6,train,116,456.000000,456.212158
50,6,train,117,670.000000,669.679565
50,6,train,118,550.000000,549.987366
50,6,train,119,524.000000,524.270386
50,6,train,120,502.000000,502.174042
50,6,train,121,517.000000,516.226379
50,6,train,122,612.000000,612.327026
50,6,train,123,617.000000,614.219604
50,6,train,124,472.000000,472.058533
50,6,train,125,623.000000,621.335449
50,6,train,126,592.000000,591.646118
50,6,train,127,469.000000,470.040070
50,6,train,128,488.000000,488.068787
50,6,train,129,591.000000,590.935608
50,6,train,130,525.000000,525.038086
50,6,train,131,501.000000,500.812775
50,6,train,132,475.000000,475.041168
50,6,train,133,568.000000,568.288696
50,6,train,134,480.000000,479.672943
50,6,train,135,471.000000,471.142731
50,6,train,136,640.000000,639.962524
50,6,train,137,487.000000,486.986969
50,6,train,138,466.000000,464.761536
50,6,train,139,509.000000,509.059326
50,6,train,140,505.000000,505.106567
50,7,test,0,623.000000,541.885742
50,7,test,1,456.000000,502.227173
50,7,test,2,606.000000,557.916199
50,7,test,3,597.000000,580.485657
50,7,test,4,624.000000,627.675781
50,7,test,5,524.000000,592.035400
50,7,test,6,543.000000,494.730103
50,7,test,7,507.000000,506.854584
50,7,test,8,502.000000,506.933594
50,7,test,9,561.000000,513.197571
50,7,test,10,597.000000,590.738159
50,7,test,11,644.000000,596.828003
50,7,test,12,481.000000,521.979553
50,7,test,13,572.000000,570.954346
50,7,test,14,526.000000,531.473389
50,7,test,15,451.000000,482.921265
50,7,test,16,463.000000,521.991455
50,7,test,17,670.000000,648.342468
50,7,test,18,578.000000,526.809937
50,7,test,19,504.000000,496.596069
50,7,test,20,517.000000,516.690308
50,7,test,21,488.000000,489.505402
50,7,test,22,507.000000,545.461914
50,7,test,23,478.000000,489.751221
50,7,test,24,617.000000,618.390869
50,7,test,25,689.000000,582.806213
50,7,test,26,613.000000,610.809753
50,7,test,27,630.000000,630.879028
50,7,test,28,541.000000,556.782471
50,7,test,29,693.000000,589.112244
50,7,test,30,628.000000,600.264282
50,7,test,31,583.000000,547.743530
50,7,test,32,522.000000,482.286194
50,7,test,33,500.000000,518.320129
50,7,test,34,466.000000,496.649933
50,7,test,35,519.000000,508.676422
50,7,train,0,490.000000,492.020386
50,7,train,1,577.000000,570.743103
50,7,train,2,584.000000,582.891602
50,7,train,3,586.000000,584.610291
50,7,train,4,509.000000,509.365662
50,7,train,5,504.000000,504.070099
50,7,train,6,494.000000,492.453796
50,7,train,7,516.000000,516.123840
50,7,train,8,648.000000,643.501587
50,7,train,9,577.000000,575.929016
50,7,train,10,455.000000,461.243134
50,7,train,11,505.000000,505.161987
50,7,train,12,509.000000,506.045105
50,7,train,13,492.000000,490.512360
50,7,train,14,670.000000,648.342468
50,7,train,15,463.000000,464.055359
50,7,train,16,605.000000,603.936523
50,7,train,17,456.000000,464.268158
50,7,train,18,596.000000,589.498596
50,7,train,19,506.000000,521.925415
50,7,train,20,580.000000,577.384216
50,7,train,21,598.000000,592.938538
50,7,train,22,594.000000,588.385620
50,7,train,23,618.000000,616.045715
50,7,train,24,613.000000,610.809753
50,7,train,25,446.000000,453.415649
50,7,train,26,601.000000,599.982483
50,7,train,27,500.000000,496.608276
50,7,train,28,505.000000,504.549255
50,7,train,29,480.000000,483.329193
50,7,train,30,455.000000,458.687195
50,7,train,31,591.000000,588.717346
50,7,train,32,471.000000,480.264923
50,7,train,33,608.000000,606.153931
50,7,train,34,624.000000,618.914612
50,7,train,35,524.000000,524.821838
50,7,train,36,450.000000,456.805573
50,7,train,37,479.000000,479.127045
50,7,train,38,575.000000,574.677917
50,7,train,39,612.000000,608.420044
50,7,train,40,484.000000,490.311310
50,7,train,41,572.000000,571.084167
50,7,train,42,472.000000,473.320953
50,7,train,43,510.000000,511.719788
50,7,train,44,487.000000,487.684845
50,7,train,45,431.000000,446.347321
50,7,train,46,485.000000,490.641602
50,7,train,47,580.000000,578.755798
50,7,train,48,475.000000,471.701599
50,7,train,49,616.000000,612.568481
50,7,train,50,465.000000,462.735016
50,7,train,51,525.000000,525.253296
50,7,train,52,484.000000,483.673157
50,7,train,53,509.000000,510.384827
50,7,train,54,560.000000,558.080322
50,7,train,55,572.000000,570.954346
50,7,train,56,504.000000,505.850037
50,7,train,57,606.000000,603.580688
50,7,train,58,456.000000,472.302795
50,7,train,59,600.000000,599.776245
50,7,train,60,488.000000,488.147705
50,7,train,61,442.000000,448.582489
50,7,train,62,550.000000,549.232727
50,7,train,63,596.000000,598.244324
50,7,train,64,507.000000,507.199402
50,7,train,65,460.000000,467.430908
50,7,train,66,601.000000,602.976685
50,7,train,67,488.000000,488.861145
50,7,train,68,528.000000,529.744263
50,7,train,69,522.000000,519.108582
50,7,train,70,645.000000,631.728638
50,7,train,71,495.000000,499.449524
50,7,train,72,545.000000,545.277771
50,7,train,73,610.000000,608.463867
50,7,train,74,523.000000,525.475891
50,7,train,75,482.000000,482.454559
50,7,train,76,511.000000,513.747437
50,7,train,77,535.000000,531.728455
50,7,train,78,648.000000,637.399170
50,7,train,79,597.000000,594.635315
50,7,train,80,473.000000,471.689087
50,7,train,81,541.000000,542.164856
50,7,train,82,612.000000,612.523682
50,7,train,83,489.000000,489.862244
50,7,train,84,477.000000,478.365570
50,7,train,85,495.000000,492.952759
50,7,train,86,585.000000,586.878418
50,7,train,87,465.000000,474.307159
50,7,train,88,630.000000,613.244385
50,7,train,89,617.000000,592.629639
50,7,train,90,637.000000,634.831726
50,7,train,91,519.000000,519.994568
50,7,train,92,500.000000,500.572906
50,7,train,93,476.000000,481.294556
50,7,train,94,479.000000,484.434631
50,7,train,95,649.000000,630.349182
50,7,train,96,617.000000,618.390869
50,7,train,97,464.000000,468.785828
50,7,train,98,464.000000,468.084808
50,7,train,99,584.000000,583.475952
50,7,train,100,577.000000,567.729248
50,7,train,101,524.000000,521.094116
50,7,train,102,605.000000,600.613037
50,7,train,103,462.000000,461.230438
50,7,train,104,522.000000,523.058777
50,7,train,105,515.000000,514.380615
50,7,train,106,475.000000,475.452026
50,7,train,107,584.000000,572.271667
50,7,train,108,562.000000,555.131042
50,7,train,109,630.000000,629.457275
50,7,train,110,532.000000,531.164001
50,7,train,111,555.000000,556.684753
50,7,train,112,644.000000,633.206665
50,7,train,113,528.000000,528.846436
50,7,train,114,574.000000,572.031799
50,7,train,115,597.000000,596.388000
50,7,train,116,534.000000,531.857117
50,7,train,117,534.000000,534.705994
50,7,train,118,557.000000,560.635132
50,7,train,119,608.000000,607.758850
50,7,train,120,525.000000,522.314697
50,7,train,121,459.000000,461.555786
50,7,train,122,472.000000,479.166168
50,7,train,123,501.000000,499.686127
50,7,train,124,538.000000,538.158203
50,7,train,125,508.000000,509.409332
50,7,train,126,505.000000,504.065613
50,7,train,127,592.000000,592.145020
50,7,train,128,500.000000,501.467529
50,7,train,129,580.000000,578.053528
50,7,train,130,469.000000,471.941040
50,7,train,131,585.000000,588.250671
50,7,train,132,493.000000,494.905884
50,7,train,133,473.000000,476.968903
50,7,train,134,371.000000,437.098114
50,7,train,135,516.000000,516.867004
50,7,train,136,572.000000,571.084167
50,7,train,137,484.000000,485.579010
50,7,train,138,595.000000,594.988464
50,7,train,139,568.000000,566.448120
50,7,train,140,640.000000,634.716919
50,8,test,0,511.000000,551.173767
50,8,test,1,601.000000,521.979797
50,8,test,2,572.000000,571.998657
50,8,test,3,475.000000,524.953613
50,8,test,4,562.000000,510.255737
50,8,test,5,617.000000,603.409302
50,8,test,6,689.000000,620.460266
50,8,test,7,591.000000,526.174255
50,8,test,8,534.000000,601.818542
50,8,test,9,624.000000,546.175476
50,8,test,10,601.000000,579.468567
50,8,test,11,568.000000,566.129517
50,8,test,12,462.000000,508.629517
50,8,test,13,473.000000,493.039154
50,8,test,14,519.000000,506.794708
50,8,test,15,595.000000,619.968018
50,8,test,16,455.000000,544.657593
50,8,test,17,555.000000,555.148315
50,8,test,18,586.000000,543.629333
50,8,test,19,525.000000,551.718933
50,8,test,20,597.000000,570.303345
50,8,test,21,617.000000,603.409302
50,8,test,22,605.000000,558.136475
50,8,test,23,528.000000,531.427429
50,8,test,24,446.000000,468.780701
50,8,test,25,476.000000,536.710144
50,8,test,26,475.000000,446.987823
50,8,test,27,612.000000,608.866699
50,8,test,28,465.000000,581.511963
50,8,test,29,583.000000,553.791016
50,8,test,30,488.000000,521.979919
50,8,test,31,431.000000,490.607697
50,8,test,32,507.000000,459.517792
50,8,test,33,606.000000,563.617676
50,8,test,34,481.000000,494.537079
50,8,test,35,526.000000,524.965820
50,8,train,0,630.000000,630.015808
50,8,train,1,510.000000,510.000885
50,8,train,2,617.000000,616.916016
50,8,train,3,577.000000,577.005493
50,8,train,4,488.000000,487.964111
50,8,train,5,506.000000,506.398468
50,8,train,6,471.000000,471.004303
50,8,train,7,505.000000,505.012268
50,8,train,8,504.000000,504.004578
50,8,train,9,484.000000,483.985321
50,8,train,10,515.000000,514.998230
50,8,train,11,557.000000,557.078125
50,8,train,12,456.000000,456.004211
50,8,train,13,487.000000,487.009521
50,8,train,14,572.000000,572.007507
50,8,train,15,630.000000,629.990173
50,8,train,16,538.000000,538.009460
50,8,train,17,608.000000,608.013611
50,8,train,18,371.000000,371.007690
50,8,train,19,580.000000,579.968140
50,8,train,20,584.000000,583.996033
50,8,train,21,580.000000,579.985413
50,8,train,22,500.000000,500.011719
50,8,train,23,623.000000,622.857971
50,8,train,24,495.000000,495.014069
50,8,train,25,561.000000,561.005432
50,8,train,26,628.000000,627.835327
50,8,train,27,492.000000,492.025116
50,8,train,28,574.000000,574.008301
50,8,train,29,472.000000,472.017914
50,8,train,30,509.000000,508.997650
50,8,train,31,480.000000,480.015594
50,8,train,32,516.000000,516.013245
50,8,train,33,637.000000,636.982727
50,8,train,34,613.000000,612.999573
50,8,train,35,608.000000,608.019409
50,8,train,36,524.000000,523.994141
50,8,train,37,519.000000,518.991821
50,8,train,38,597.000000,597.017029
50,8,train,39,606.000000,606.000427
50,8,train,40,523.000000,522.994324
50,8,train,41,488.000000,487.994904
50,8,train,42,477.000000,477.011078
50,8,train,43,456.000000,455.989777
50,8,train,44,618.000000,618.034424
50,8,train,45,509.000000,509.000397
50,8,train,46,493.000000,493.008392
50,8,train,47,575.000000,575.008484
50,8,train,48,577.000000,577.014465
50,8,train,49,501.000000,501.000366
50,8,train,50,585.000000,585.023987
50,8,train,51,596.000000,595.861877
50,8,train,52,463.000000,462.999756
50,8,train,53,649.000000,648.993286
50,8,train,54,598.000000,597.997437
50,8,train,55,693.000000,692.993835
50,8,train,56,630.000000,630.010559
50,8,train,57,508.000000,507.898438
50,8,train,58,469.000000,469.024475
50,8,train,59,472.000000,472.003204
50,8,train,60,524.000000,524.018066
50,8,train,61,545.000000,545.002930
50,8,train,62,597.000000,596.985168
50,8,train,63,543.000000,543.010071
50,8,train,64,484.000000,483.993958
50,8,train,65,525.000000,524.945740
50,8,train,66,580.000000,579.960388
50,8,train,67,522.000000,522.003662
50,8,train,68,505.000000,504.980438
50,8,train,69,504.000000,504.019531
50,8,train,70,450.000000,450.007751
50,8,train,71,478.000000,477.990601
50,8,train,72,495.000000,495.002350
50,8,train,73,624.000000,623.997925
50,8,train,74,584.000000,584.011536
50,8,train,75,459.000000,459.000885
50,8,train,76,500.000000,499.991821
50,8,train,77,594.000000,593.898804
50,8,train,78,616.000000,616.005249
50,8,train,79,541.000000,540.965576
50,8,train,80,560.000000,560.013550
50,8,train,81,644.000000,643.983215
50,8,train,82,505.000000,505.011078
50,8,train,83,494.000000,493.969269
50,8,train,84,463.000000,462.992859
50,8,train,85,648.000000,647.994568
50,8,train,86,592.000000,591.988037
50,8,train,87,464.000000,464.015564
50,8,train,88,484.000000,484.003082
50,8,train,89,504.000000,504.017151
50,8,train,90,585.000000,584.977661
50,8,train,91,645.000000,644.989624
50,8,train,92,479.000000,479.008545
50,8,train,93,578.000000,577.980957
50,8,train,94,541.000000,541.018372
50,8,train,95,455.000000,454.975494
50,8,train,96,610.000000,609.981750
50,8,train,97,577.000000,576.979126
50,8,train,98,535.000000,534.993530
50,8,train,99,507.000000,507.014221
50,8,train,100,612.000000,611.997925
50,8,train,101,670.000000,670.004822
50,8,train,102,490.000000,490.013580
50,8,train,103,572.000000,571.998657
50,8,train,104,550.000000,549.990417
50,8,train,105,485.000000,484.976440
50,8,train,106,489.000000,488.998047
50,8,train,107,502.000000,502.028381
50,8,train,108,534.000000,534.002197
50,8,train,109,524.000000,523.997925
50,8,train,110,509.000000,508.981934
50,8,train,111,640.000000,640.010559
50,8,train,112,500.000000,500.003845
50,8,train,113,605.000000,605.072327
50,8,train,114,596.000000,596.005737
50,8,train,115,644.000000,643.999451
50,8,train,116,528.000000,527.994812
50,8,train,117,482.000000,482.012238
50,8,train,118,572.000000,572.007507
50,8,train,119,460.000000,460.011902
50,8,train,120,648.000000,647.989807
50,8,train,121,442.000000,441.984711
50,8,train,122,670.000000,670.004822
50,8,train,123,522.000000,521.998047
50,8,train,124,473.000000,473.001282
50,8,train,125,464.000000,463.983734
50,8,train,126,532.000000,532.016479
50,8,train,127,507.000000,506.999908
50,8,train,128,451.000000,451.033936
50,8,train,129,479.000000,478.994232
50,8,train,130,465.000000,465.000305
50,8,train,131,456.000000,456.035950
50,8,train,132,613.000000,612.999573
50,8,train,133,466.000000,466.023987
50,8,train,134,600.000000,600.008728
50,8,train,135,516.000000,515.973877
50,8,train,136,584.000000,584.017151
50,8,train,137,500.000000,500.033234
50,8,train,138,517.000000,517.017700
50,8,train,139,522.000000,522.016479
50,8,train,140,597.000000,596.986023
50,9,test,0,507.000000,538.475769
50,9,test,1,510.000000,531.777832
50,9,test,2,648.000000,630.391724
50,9,test,3,500.000000,480.250488
50,9,test,4,606.000000,548.262146
50,9,test,5,482.000000,530.713196
50,9,test,6,605.000000,554.095093
50,9,test,7,488.000000,493.205750
50,9,test,8,585.000000,613.626404
50,9,test,9,585.000000,611.003723
50,9,test,10,640.000000,627.019714
50,9,test,11,630.000000,517.460388
50,9,test,12,586.000000,549.566162
50,9,test,13,644.000000,562.065552
50,9,test,14,505.000000,526.867676
50,9,test,15,495.000000,486.945557
50,9,test,16,560.000000,557.915588
50,9,test,17,472.000000,552.980408
50,9,test,18,543.000000,513.093872
50,9,test,19,572.000000,564.112976
50,9,test,20,577.000000,544.358521
50,9,test,21,612.000000,585.102966
50,9,test,22,550.000000,524.861206
50,9,test,23,595.000000,608.708923
50,9,test,24,459.000000,499.477509
50,9,test,25,597.000000,583.503601
50,9,test,26,509.000000,516.829590
50,9,test,27,492.000000,521.744873
50,9,test,28,616.000000,650.317261
50,9,test,29,591.000000,563.752563
50,9,test,30,477.000000,514.286499
50,9,test,31,500.000000,514.800415
50,9,test,32,608.000000,596.653076
50,9,test,33,371.000000,497.482422
50,9,test,34,644.000000,590.516663
50,9,test,35,504.000000,518.244629
50,9,train,0,475.000000,474.601227
50,9,train,1,528.000000,525.937561
50,9,train,2,592.000000,598.359741
50,9,train,3,541.000000,554.235474
50,9,train,4,568.000000,568.081055
50,9,train,5,535.000000,517.146729
50,9,train,6,617.000000,561.571289
50,9,train,7,524.000000,539.549072
50,9,train,8,485.000000,503.101685
50,9,train,9,456.000000,479.676453
50,9,train,10,613.000000,604.554565
50,9,train,11,472.000000,489.820953
50,9,train,12,596.000000,611.504700
50,9,train,13,471.000000,494.545258
50,9,train,14,507.000000,493.992737
50,9,train,15,525.000000,540.740234
50,9,train,16,484.000000,498.383118
50,9,train,17,606.000000,589.575317
50,9,train,18,557.000000,566.426514
50,9,train,19,562.000000,537.147766
50,9,train,20,473.000000,498.859894
50,9,train,21,473.000000,483.176819
50,9,train,22,572.000000,560.747803
50,9,train,23,598.000000,557.532654
50,9,train,24,522.000000,512.491333
50,9,train,25,584.000000,581.430847
50,9,train,26,484.000000,511.277100
50,9,train,27,610.000000,598.760071
50,9,train,28,509.000000,506.647003
50,9,train,29,628.000000,611.595581
50,9,train,30,538.000000,537.119690
50,9,train,31,511.000000,513.192932
50,9,train,32,450.000000,476.281219
50,9,train,33,500.000000,506.547241
50,9,train,34,528.000000,518.216309
50,9,train,35,612.000000,596.163025
50,9,train,36,597.000000,572.568909
50,9,train,37,541.000000,562.596863
50,9,train,38,431.000000,475.796051
50,9,train,39,584.000000,570.548218
50,9,train,40,577.000000,530.689026
50,9,train,41,478.000000,495.500610
50,9,train,42,617.000000,617.436890
50,9,train,43,500.000000,503.967926
50,9,train,44,522.000000,509.065430
50,9,train,45,649.000000,593.140686
50,9,train,46,524.000000,526.598511
50,9,train,47,494.000000,490.178680
50,9,train,48,577.000000,552.045166
50,9,train,49,487.000000,503.216034
50,9,train,50,488.000000,469.056396
50,9,train,51,584.000000,550.921875
50,9,train,52,479.000000,492.661774
50,9,train,53,465.000000,535.827209
50,9,train,54,583.000000,562.429443
50,9,train,55,613.000000,604.554565
50,9,train,56,466.000000,474.473999
50,9,train,57,670.000000,650.466248
50,9,train,58,637.000000,625.996948
50,9,train,59,630.000000,625.626099
50,9,train,60,517.000000,525.169922
50,9,train,61,455.000000,499.494537
50,9,train,62,505.000000,509.397980
50,9,train,63,578.000000,560.608521
50,9,train,64,505.000000,526.770020
50,9,train,65,624.000000,625.584167
50,9,train,66,618.000000,603.991455
50,9,train,67,605.000000,609.962341
50,9,train,68,462.000000,485.795746
50,9,train,69,501.000000,487.326660
50,9,train,70,460.000000,524.134521
50,9,train,71,534.000000,506.611359
50,9,train,72,515.000000,507.001190
50,9,train,73,617.000000,617.436890
50,9,train,74,545.000000,553.179810
50,9,train,75,508.000000,509.669373
50,9,train,76,597.000000,585.621887
50,9,train,77,489.000000,525.973633
50,9,train,78,600.000000,595.898621
50,9,train,79,481.000000,500.615570
50,9,train,80,575.000000,552.103394
50,9,train,81,623.000000,584.476868
50,9,train,82,580.000000,564.588562
50,9,train,83,608.000000,569.623535
50,9,train,84,479.000000,473.361206
50,9,train,85,469.000000,499.765930
50,9,train,86,464.000000,480.398682
50,9,train,87,670.000000,650.466248
50,9,train,88,597.000000,589.407227
50,9,train,89,580.000000,572.654968
50,9,train,90,509.000000,489.338043
50,9,train,91,572.000000,560.747803
50,9,train,92,594.000000,573.663635
50,9,train,93,456.000000,479.698364
50,9,train,94,465.000000,484.249176
50,9,train,95,451.000000,478.222748
50,9,train,96,574.000000,566.996704
50,9,train,97,475.000000,481.364014
50,9,train,98,493.000000,496.143127
50,9,train,99,476.000000,504.068451
50,9,train,100,484.000000,479.094818
50,9,train,101,693.000000,615.062866
50,9,train,102,463.000000,471.731354
50,9,train,103,507.000000,509.963348
50,9,train,104,504.000000,503.705750
50,9,train,105,506.000000,570.115601
50,9,train,106,624.000000,605.481995
50,9,train,107,630.000000,623.994263
50,9,train,108,555.000000,567.512268
50,9,train,109,504.000000,505.466980
50,9,train,110,524.000000,499.394806
50,9,train,111,490.000000,494.420624
50,9,train,112,523.000000,575.206787
50,9,train,113,463.000000,489.850098
50,9,train,114,516.000000,528.912231
50,9,train,115,580.000000,562.085754
50,9,train,116,601.000000,597.175842
50,9,train,117,532.000000,518.182800
50,9,train,118,596.000000,573.518982
50,9,train,119,525.000000,503.270782
50,9,train,120,464.000000,466.967926
50,9,train,121,519.000000,512.060486
50,9,train,122,648.000000,581.722351
50,9,train,123,495.000000,510.701599
50,9,train,124,645.000000,599.784790
50,9,train,125,522.000000,509.561951
50,9,train,126,480.000000,481.153839
50,9,train,127,456.000000,517.381287
50,9,train,128,488.000000,494.533813
50,9,train,129,572.000000,564.112976
50,9,train,130,526.000000,518.540039
50,9,train,131,601.000000,601.804749
50,9,train,132,442.000000,465.607727
50,9,train,133,561.000000,539.182129
50,9,train,134,455.000000,493.128693
50,9,train,135,502.000000,514.580383
50,9,train,136,446.000000,486.065857
50,9,train,137,534.000000,557.217834
50,9,train,138,689.000000,639.134155
50,9,train,139,516.000000,520.719849
50,9,train,140,519.000000,515.296570
50,10,test,0,557.000000,592.512085
50,10,test,1,572.000000,571.278809
50,10,test,2,507.000000,496.083801
50,10,test,3,510.000000,530.934082
50,10,test,4,534.000000,565.628052
50,10,test,5,613.000000,614.030823
50,10,test,6,526.000000,511.635193
50,10,test,7,616.000000,655.690308
50,10,test,8,462.000000,499.544098
50,10,test,9,577.000000,500.190063
50,10,test,10,525.000000,495.991882
50,10,test,11,509.000000,504.668488
50,10,test,12,472.000000,551.451782
50,10,test,13,464.000000,490.708801
50,10,test,14,572.000000,570.443054
50,10,test,15,442.000000,488.202881
50,10,test,16,584.000000,499.215668
50,10,test,17,524.000000,570.019714
50,10,test,18,469.000000,532.187561
50,10,test,19,506.000000,612.075867
50,10,test,20,475.000000,490.935822
50,10,test,21,481.000000,520.693726
50,10,test,22,610.000000,591.379700
50,10,test,23,580.000000,566.934570
50,10,test,24,595.000000,583.556274
50,10,test,25,500.000000,507.565735
50,10,test,26,592.000000,587.499390
50,10,test,27,517.000000,517.042908
50,10,test,28,456.000000,477.451965
50,10,test,29,488.000000,479.038879
50,10,test,30,543.000000,523.052490
50,10,test,31,524.000000,479.558594
50,10,test,32,612.000000,605.976379
50,10,test,33,504.000000,527.074036
50,10,test,34,522.000000,505.326782
50,10,test,35,591.000000,539.118164
50,10,train,0,584.000000,582.965942
50,10,train,1,572.000000,571.278809
50,10,train,2,693.000000,663.213867
50,10,train,3,466.000000,465.444000
50,10,train,4,583.000000,584.309021
50,10,train,5,535.000000,532.002991
50,10,train,6,640.000000,639.806641
50,10,train,7,490.000000,494.604584
50,10,train,8,523.000000,527.178284
50,10,train,9,630.000000,630.520691
50,10,train,10,504.000000,503.196930
50,10,train,11,489.000000,488.666962
50,10,train,12,630.000000,629.872559
50,10,train,13,606.000000,608.555298
50,10,train,14,446.000000,449.249817
50,10,train,15,645.000000,643.294861
50,10,train,16,505.000000,504.227692
50,10,train,17,584.000000,585.147095
50,10,train,18,601.000000,604.597351
50,10,train,19,505.000000,506.862213
50,10,train,20,541.000000,541.711731
50,10,train,21,456.000000,460.464264
50,10,train,22,528.000000,529.526367
50,10,train,23,644.000000,640.032166
50,10,train,24,624.000000,622.492859
50,10,train,25,371.000000,413.969940
50,10,train,26,689.000000,679.236267
50,10,train,27,494.000000,493.368713
50,10,train,28,484.000000,487.933380
50,10,train,29,585.000000,585.773804
50,10,train,30,471.000000,475.472321
50,10,train,31,493.000000,492.537384
50,10,train,32,484.000000,483.569763
50,10,train,33,670.000000,668.912415
50,10,train,34,608.000000,607.840881
50,10,train,35,624.000000,625.833557
50,10,train,36,522.000000,523.369019
50,10,train,37,600.000000,599.861206
50,10,train,38,568.000000,566.331055
50,10,train,39,596.000000,595.924988
50,10,train,40,572.000000,570.443054
50,10,train,41,492.000000,491.217041
50,10,train,42,644.000000,644.628052
50,10,train,43,460.000000,469.074158
50,10,train,44,541.000000,544.911072
50,10,train,45,580.000000,584.427490
50,10,train,46,475.000000,470.696930
50,10,train,47,473.000000,471.647217
50,10,train,48,511.000000,517.062195
50,10,train,49,618.000000,620.599487
50,10,train,50,648.000000,649.143188
50,10,train,51,488.000000,485.214142
50,10,train,52,623.000000,615.324768
50,10,train,53,628.000000,620.771118
50,10,train,54,598.000000,594.472107
50,10,train,55,500.000000,504.648529
50,10,train,56,580.000000,578.207703
50,10,train,57,487.000000,487.292328
50,10,train,58,473.000000,472.492432
50,10,train,59,479.000000,478.666504
50,10,train,60,596.000000,593.963928
50,10,train,61,500.000000,496.610809
50,10,train,62,495.000000,499.333008
50,10,train,63,505.000000,504.636047
50,10,train,64,561.000000,555.311157
50,10,train,65,613.000000,614.030823
50,10,train,66,459.000000,462.728577
50,10,train,67,509.000000,510.199158
50,10,train,68,597.000000,598.603271
50,10,train,69,508.000000,505.727203
50,10,train,70,507.000000,505.934662
50,10,train,71,516.000000,514.557251
50,10,train,72,574.000000,572.212524
50,10,train,73,534.000000,532.416931
50,10,train,74,451.000000,453.791046
50,10,train,75,597.000000,592.450806
50,10,train,76,562.000000,558.472656
50,10,train,77,617.000000,598.579590
50,10,train,78,519.000000,517.859375
50,10,train,79,555.000000,556.581299
50,10,train,80,463.000000,462.145538
50,10,train,81,608.000000,607.025574
50,10,train,82,456.000000,467.664490
50,10,train,83,597.000000,597.206665
50,10,train,84,597.000000,596.352966
50,10,train,85,524.000000,525.011963
50,10,train,86,577.000000,576.314636
50,10,train,87,501.000000,498.912506
50,10,train,88,450.000000,453.231628
50,10,train,89,594.000000,592.761230
50,10,train,90,605.000000,601.298828
50,10,train,91,577.000000,574.743896
50,10,train,92,478.000000,477.514923
50,10,train,93,605.000000,610.310852
50,10,train,94,515.000000,513.992432
50,10,train,95,532.000000,532.002319
50,10,train,96,649.000000,643.836304
50,10,train,97,504.000000,504.298248
50,10,train,98,509.000000,511.430481
50,10,train,99,484.000000,482.732605
50,10,train,100,522.000000,519.846680
50,10,train,101,648.000000,640.120239
50,10,train,102,586.000000,585.170227
50,10,train,103,578.000000,574.312256
50,10,train,104,465.000000,473.300415
50,10,train,105,612.000000,610.958130
50,10,train,106,455.000000,460.582642
50,10,train,107,477.000000,477.671692
50,10,train,108,585.000000,585.938599
50,10,train,109,630.000000,615.415161
50,10,train,110,670.000000,668.912415
50,10,train,111,516.000000,515.787781
50,10,train,112,463.000000,459.674194
50,10,train,113,519.000000,518.570435
50,10,train,114,507.000000,507.478149
50,10,train,115,525.000000,527.467651
50,10,train,116,482.000000,484.933289
50,10,train,117,488.000000,488.720490
50,10,train,118,637.000000,636.761475
50,10,train,119,480.000000,480.609863
50,10,train,120,606.000000,603.143127
50,10,train,121,485.000000,488.733795
50,10,train,122,617.000000,616.921875
50,10,train,123,560.000000,559.898254
50,10,train,124,464.000000,462.653229
50,10,train,125,617.000000,616.921875
50,10,train,126,545.000000,550.874268
50,10,train,127,465.000000,466.495758
50,10,train,128,601.000000,603.126892
50,10,train,129,538.000000,536.096436
50,10,train,130,495.000000,493.732513
50,10,train,131,472.000000,472.415436
50,10,train,132,431.000000,439.476349
50,10,train,133,500.000000,498.631836
50,10,train,134,476.000000,477.586761
50,10,train,135,479.000000,479.547455
50,10,train,136,575.000000,574.812805
50,10,train,137,455.000000,456.776917
50,10,train,138,550.000000,547.821167
50,10,train,139,502.000000,503.593872
50,10,train,140,528.000000,523.941345
70,1,test,0,584.000000,546.540039
70,1,test,1,510.000000,539.597534
70,1,test,2,525.000000,487.034485
70,1,test,3,557.000000,589.931030
70,1,test,4,596.000000,606.891296
70,1,test,5,528.000000,521.653687
70,1,test,6,645.000000,589.036499
70,1,test,7,460.000000,564.036865
70,1,test,8,572.000000,569.887817
70,1,test,9,509.000000,500.592621
70,1,test,10,577.000000,551.805481
70,1,test,11,555.000000,555.979370
70,1,test,12,485.000000,526.048096
70,1,test,13,580.000000,539.774902
70,1,test,14,456.000000,507.774811
70,1,test,15,597.000000,589.860229
70,1,test,16,484.000000,531.590454
70,1,test,17,584.000000,577.864685
70,1,test,18,502.000000,508.810669
70,1,test,19,612.000000,595.222229
70,1,test,20,644.000000,584.978210
70,1,test,21,501.000000,495.207428
70,1,test,22,462.000000,488.997375
70,1,test,23,495.000000,492.819000
70,1,test,24,601.000000,584.983521
70,1,test,25,613.000000,586.334473
70,1,test,26,610.000000,594.223022
70,1,test,27,580.000000,587.245789
70,1,test,28,545.000000,572.475464
70,1,test,29,469.000000,502.403687
70,1,test,30,479.000000,492.432831
70,1,test,31,478.000000,509.701843
70,1,test,32,446.000000,533.998047
70,1,test,33,463.000000,476.935028
70,1,test,34,613.000000,586.334473
70,1,test,35,572.000000,572.264099
70,1,train,0,572.000000,569.887817
70,1,train,1,524.000000,518.103149
70,1,train,2,575.000000,572.675354
70,1,train,3,600.000000,597.307800
70,1,train,4,560.000000,553.604614
70,1,train,5,442.000000,446.588715
70,1,train,6,451.000000,456.419739
70,1,train,7,616.000000,622.923096
70,1,train,8,534.000000,537.076050
70,1,train,9,608.000000,608.785278
70,1,train,10,489.000000,492.094879
70,1,train,11,637.000000,635.118225
70,1,train,12,648.000000,634.387512
70,1,train,13,523.000000,529.898010
70,1,train,14,519.000000,517.519104
70,1,train,15,524.000000,530.119080
70,1,train,16,500.000000,499.421844
70,1,train,17,495.000000,500.364777
70,1,train,18,585.000000,586.553772
70,1,train,19,509.000000,510.969910
70,1,train,20,577.000000,575.069397
70,1,train,21,479.000000,481.813995
70,1,train,22,504.000000,511.275482
70,1,train,23,509.000000,507.178070
70,1,train,24,606.000000,590.130493
70,1,train,25,605.000000,598.689270
70,1,train,26,484.000000,482.108612
70,1,train,27,488.000000,489.564545
70,1,train,28,630.000000,630.428467
70,1,train,29,507.000000,508.797180
70,1,train,30,522.000000,522.826416
70,1,train,31,628.000000,619.939819
70,1,train,32,522.000000,522.178894
70,1,train,33,578.000000,581.653809
70,1,train,34,640.000000,638.659485
70,1,train,35,618.000000,616.708496
70,1,train,36,431.000000,450.981842
70,1,train,37,649.000000,638.322327
70,1,train,38,526.000000,525.555908
70,1,train,39,535.000000,533.220093
70,1,train,40,507.000000,506.803711
70,1,train,41,541.000000,543.491882
70,1,train,42,612.000000,609.420471
70,1,train,43,617.000000,594.657959
70,1,train,44,459.000000,465.586273
70,1,train,45,597.000000,596.821533
70,1,train,46,538.000000,538.734741
70,1,train,47,508.000000,508.800934
70,1,train,48,525.000000,527.670593
70,1,train,49,455.000000,461.914734
70,1,train,50,472.000000,481.716248
70,1,train,51,596.000000,592.368469
70,1,train,52,617.000000,616.914917
70,1,train,53,623.000000,615.490540
70,1,train,54,594.000000,590.305115
70,1,train,55,480.000000,480.371063
70,1,train,56,504.000000,502.987701
70,1,train,57,516.000000,515.899475
70,1,train,58,541.000000,543.755737
70,1,train,59,505.000000,505.868774
70,1,train,60,515.000000,518.095398
70,1,train,61,522.000000,519.759094
70,1,train,62,506.000000,519.474121
70,1,train,63,577.000000,568.598206
70,1,train,64,574.000000,571.904541
70,1,train,65,624.000000,624.088196
70,1,train,66,543.000000,539.806519
70,1,train,67,644.000000,637.190247
70,1,train,68,584.000000,574.049622
70,1,train,69,500.000000,503.409302
70,1,train,70,689.000000,673.426636
70,1,train,71,586.000000,580.032776
70,1,train,72,617.000000,616.914917
70,1,train,73,473.000000,475.181061
70,1,train,74,572.000000,572.264099
70,1,train,75,595.000000,595.062988
70,1,train,76,528.000000,528.285339
70,1,train,77,492.000000,498.919067
70,1,train,78,516.000000,517.194946
70,1,train,79,473.000000,473.651459
70,1,train,80,505.000000,507.420471
70,1,train,81,534.000000,531.831909
70,1,train,82,630.000000,628.076660
70,1,train,83,670.000000,666.275940
70,1,train,84,598.000000,593.830994
70,1,train,85,488.000000,487.773468
70,1,train,86,481.000000,483.903992
70,1,train,87,455.000000,460.551392
70,1,train,88,550.000000,546.961853
70,1,train,89,505.000000,507.928589
70,1,train,90,608.000000,604.246216
70,1,train,91,482.000000,483.813477
70,1,train,92,466.000000,470.400360
70,1,train,93,471.000000,474.358612
70,1,train,94,624.000000,619.376953
70,1,train,95,591.000000,587.851685
70,1,train,96,488.000000,487.798828
70,1,train,97,606.000000,606.999268
70,1,train,98,693.000000,652.020325
70,1,train,99,475.000000,470.900604
70,1,train,100,484.000000,489.728088
70,1,train,101,580.000000,577.655029
70,1,train,102,511.000000,514.456604
70,1,train,103,562.000000,553.806702
70,1,train,104,630.000000,610.873962
70,1,train,105,583.000000,579.698853
70,1,train,106,465.000000,464.322510
70,1,train,107,524.000000,524.993225
70,1,train,108,472.000000,473.716461
70,1,train,109,456.000000,462.260712
70,1,train,110,456.000000,470.699829
70,1,train,111,475.000000,477.887512
70,1,train,112,465.000000,479.596130
70,1,train,113,561.000000,556.966553
70,1,train,114,464.000000,470.263153
70,1,train,115,490.000000,493.995148
70,1,train,116,450.000000,455.650726
70,1,train,117,601.000000,606.630249
70,1,train,118,463.000000,458.097839
70,1,train,119,670.000000,666.275940
70,1,train,120,597.000000,596.570557
70,1,train,121,592.000000,591.111084
70,1,train,122,597.000000,591.313293
70,1,train,123,371.000000,419.127991
70,1,train,124,500.000000,499.094513
70,1,train,125,476.000000,483.224640
70,1,train,126,464.000000,466.480408
70,1,train,127,494.000000,490.748993
70,1,train,128,585.000000,585.571655
70,1,train,129,507.000000,501.613007
70,1,train,130,568.000000,569.108032
70,1,train,131,500.000000,502.721954
70,1,train,132,605.000000,610.849304
70,1,train,133,519.000000,518.365662
70,1,train,134,504.000000,506.765686
70,1,train,135,487.000000,488.233215
70,1,train,136,517.000000,518.852051
70,1,train,137,532.000000,529.842712
70,1,train,138,493.000000,492.371094
70,1,train,139,477.000000,480.201691
70,1,train,140,648.000000,648.343384
70,2,test,0,495.000000,543.549072
70,2,test,1,473.000000,511.209747
70,2,test,2,618.000000,630.698914
70,2,test,3,568.000000,559.522522
70,2,test,4,584.000000,567.741211
70,2,test,5,507.000000,521.454041
70,2,test,6,455.000000,565.352051
70,2,test,7,543.000000,519.662903
70,2,test,8,597.000000,609.349182
70,2,test,9,600.000000,580.361755
70,2,test,10,524.000000,581.211670
70,2,test,11,475.000000,459.668762
70,2,test,12,459.000000,482.346710
70,2,test,13,500.000000,506.661285
70,2,test,14,689.000000,629.239258
70,2,test,15,606.000000,544.748840
70,2,test,16,580.000000,546.658386
70,2,test,17,541.000000,584.515625
70,2,test,18,580.000000,617.178406
70,2,test,19,476.000000,531.923096
70,2,test,20,617.000000,519.929382
70,2,test,21,628.000000,603.009277
70,2,test,22,509.000000,496.053284
70,2,test,23,509.000000,501.271698
70,2,test,24,463.000000,484.836273
70,2,test,25,596.000000,598.805176
70,2,test,26,522.000000,522.927368
70,2,test,27,608.000000,576.240845
70,2,test,28,560.000000,516.925110
70,2,test,29,693.000000,571.165405
70,2,test,30,517.000000,520.079346
70,2,test,31,455.000000,550.531921
70,2,test,32,446.000000,531.643005
70,2,test,33,534.000000,512.690430
70,2,test,34,577.000000,535.750427
70,2,test,35,575.000000,533.975952
70,2,train,0,528.000000,528.317566
70,2,train,1,645.000000,643.744629
70,2,train,2,585.000000,584.720703
70,2,train,3,516.000000,516.373535
70,2,train,4,479.000000,479.615906
70,2,train,5,473.000000,472.762054
70,2,train,6,487.000000,486.907684
70,2,train,7,460.000000,461.627228
70,2,train,8,500.000000,498.699219
70,2,train,9,596.000000,595.842834
70,2,train,10,519.000000,519.418762
70,2,train,11,608.000000,608.591614
70,2,train,12,492.000000,493.252991
70,2,train,13,509.000000,509.815277
70,2,train,14,479.000000,479.212646
70,2,train,15,505.000000,504.763763
70,2,train,16,466.000000,466.130890
70,2,train,17,613.000000,613.114075
70,2,train,18,630.000000,630.092834
70,2,train,19,511.000000,511.824524
70,2,train,20,478.000000,477.261749
70,2,train,21,465.000000,466.438293
70,2,train,22,605.000000,603.871521
70,2,train,23,524.000000,521.749512
70,2,train,24,515.000000,515.405151
70,2,train,25,477.000000,476.190369
70,2,train,26,494.000000,493.380371
70,2,train,27,577.000000,573.092163
70,2,train,28,488.000000,487.776215
70,2,train,29,578.000000,578.510437
70,2,train,30,484.000000,485.158600
70,2,train,31,465.000000,463.587189
70,2,train,32,480.000000,479.950684
70,2,train,33,538.000000,538.330811
70,2,train,34,586.000000,585.242737
70,2,train,35,532.000000,531.197083
70,2,train,36,598.000000,598.038086
70,2,train,37,670.000000,670.088684
70,2,train,38,507.000000,507.208344
70,2,train,39,505.000000,505.219788
70,2,train,40,500.000000,500.144897
70,2,train,41,519.000000,518.470032
70,2,train,42,525.000000,526.803772
70,2,train,43,630.000000,618.409973
70,2,train,44,508.000000,505.917267
70,2,train,45,605.000000,604.414856
70,2,train,46,442.000000,440.790405
70,2,train,47,482.000000,481.741058
70,2,train,48,484.000000,483.672302
70,2,train,49,464.000000,464.163025
70,2,train,50,451.000000,452.177704
70,2,train,51,371.000000,395.321747
70,2,train,52,524.000000,524.057739
70,2,train,53,535.000000,533.654602
70,2,train,54,472.000000,472.698273
70,2,train,55,545.000000,546.687439
70,2,train,56,572.000000,572.004333
70,2,train,57,617.000000,617.069763
70,2,train,58,649.000000,642.160767
70,2,train,59,504.000000,503.742828
70,2,train,60,463.000000,459.484192
70,2,train,61,456.000000,459.247742
70,2,train,62,601.000000,600.653625
70,2,train,63,630.000000,630.592590
70,2,train,64,572.000000,572.307495
70,2,train,65,597.000000,597.246948
70,2,train,66,648.000000,645.907043
70,2,train,67,613.000000,613.114075
70,2,train,68,500.000000,502.256775
70,2,train,69,502.000000,502.474243
70,2,train,70,464.000000,464.793976
70,2,train,71,489.000000,489.755005
70,2,train,72,504.000000,503.289337
70,2,train,73,592.000000,591.496399
70,2,train,74,475.000000,474.547363
70,2,train,75,505.000000,505.830078
70,2,train,76,534.000000,532.756104
70,2,train,77,525.000000,524.549561
70,2,train,78,481.000000,480.933563
70,2,train,79,670.000000,670.088684
70,2,train,80,612.000000,611.549683
70,2,train,81,585.000000,585.043945
70,2,train,82,528.000000,528.608826
70,2,train,83,456.000000,455.938660
70,2,train,84,574.000000,574.008545
70,2,train,85,601.000000,600.772583
70,2,train,86,577.000000,575.795898
70,2,train,87,488.000000,488.446045
70,2,train,88,472.000000,471.125092
70,2,train,89,456.000000,456.068054
70,2,train,90,591.000000,590.720337
70,2,train,91,624.000000,623.962280
70,2,train,92,431.000000,439.267395
70,2,train,93,597.000000,597.072205
70,2,train,94,584.000000,584.107666
70,2,train,95,469.000000,470.017944
70,2,train,96,522.000000,522.283508
70,2,train,97,495.000000,494.302490
70,2,train,98,526.000000,526.287842
70,2,train,99,640.000000,639.778748
70,2,train,100,616.000000,615.666321
70,2,train,101,580.000000,579.900269
70,2,train,102,623.000000,609.729919
70,2,train,103,507.000000,507.144287
70,2,train,104,597.000000,596.022461
70,2,train,105,624.000000,623.475159
70,2,train,106,471.000000,471.677734
70,2,train,107,506.000000,518.556274
70,2,train,108,583.000000,580.274536
70,2,train,109,504.000000,506.020325
70,2,train,110,594.000000,587.269348
70,2,train,111,617.000000,617.069763
70,2,train,112,557.000000,561.300964
70,2,train,113,595.000000,595.077576
70,2,train,114,488.000000,488.071106
70,2,train,115,523.000000,526.753540
70,2,train,116,637.000000,635.588440
70,2,train,117,644.000000,642.164917
70,2,train,118,572.000000,572.004333
70,2,train,119,644.000000,642.735535
70,2,train,120,485.000000,484.949982
70,2,train,121,555.000000,555.341492
70,2,train,122,572.000000,572.307495
70,2,train,123,648.000000,647.970947
70,2,train,124,510.000000,510.350891
70,2,train,125,522.000000,520.689209
70,2,train,126,484.000000,483.445465
70,2,train,127,612.000000,612.053528
70,2,train,128,490.000000,490.118530
70,2,train,129,610.000000,610.046692
70,2,train,130,462.000000,462.391602
70,2,train,131,584.000000,583.863281
70,2,train,132,541.000000,541.044678
70,2,train,133,450.000000,450.792419
70,2,train,134,516.000000,515.949280
70,2,train,135,501.000000,500.736420
70,2,train,136,606.000000,606.032043
70,2,train,137,561.000000,559.231445
70,2,train,138,493.000000,493.297455
70,2,train,139,550.000000,549.547485
70,2,train,140,562.000000,559.322327
70,3,test,0,601.000000,594.767456
70,3,test,1,596.000000,594.252930
70,3,test,2,574.000000,571.997070
70,3,test,3,466.000000,487.652985
70,3,test,4,482.000000,524.508179
70,3,test,5,473.000000,496.217804
70,3,test,6,594.000000,563.303711
70,3,test,7,493.000000,531.537964
70,3,test,8,524.000000,588.749756
70,3,test,9,644.000000,575.061829
70,3,test,10,455.000000,502.145020
70,3,test,11,475.000000,467.598480
70,3,test,12,505.000000,562.907898
70,3,test,13,612.000000,603.870850
70,3,test,14,644.000000,590.630066
70,3,test,15,459.000000,475.902039
70,3,test,16,597.000000,590.656921
70,3,test,17,550.000000,547.442993
70,3,test,18,524.000000,522.252014
70,3,test,19,506.000000,607.018799
70,3,test,20,523.000000,581.381836
70,3,test,21,500.000000,520.414185
70,3,test,22,568.000000,578.625122
70,3,test,23,640.000000,634.552307
70,3,test,24,605.000000,625.078796
70,3,test,25,465.000000,470.457703
70,3,test,26,610.000000,589.888794
70,3,test,27,608.000000,558.243591
70,3,test,28,585.000000,609.016418
70,3,test,29,584.000000,485.995789
70,3,test,30,597.000000,574.848083
70,3,test,31,555.000000,580.697388
70,3,test,32,507.000000,478.154602
70,3,test,33,670.000000,667.321045
70,3,test,34,598.000000,527.380127
70,3,test,35,617.000000,513.378479
70,3,train,0,580.000000,579.014160
70,3,train,1,595.000000,595.817444
70,3,train,2,612.000000,609.623657
70,3,train,3,463.000000,460.768860
70,3,train,4,463.000000,464.455475
70,3,train,5,541.000000,544.990845
70,3,train,6,617.000000,617.219116
70,3,train,7,572.000000,571.522400
70,3,train,8,525.000000,528.951233
70,3,train,9,495.000000,495.606812
70,3,train,10,460.000000,462.244659
70,3,train,11,693.000000,680.287109
70,3,train,12,484.000000,483.964417
70,3,train,13,495.000000,494.623627
70,3,train,14,472.000000,471.885681
70,3,train,15,623.000000,619.729065
70,3,train,16,586.000000,585.540283
70,3,train,17,488.000000,487.711639
70,3,train,18,519.000000,516.050903
70,3,train,19,585.000000,586.402893
70,3,train,20,670.000000,667.321045
70,3,train,21,630.000000,630.618347
70,3,train,22,465.000000,469.540985
70,3,train,23,618.000000,617.850037
70,3,train,24,606.000000,605.815125
70,3,train,25,572.000000,572.170227
70,3,train,26,561.000000,558.911743
70,3,train,27,605.000000,604.936462
70,3,train,28,504.000000,506.116638
70,3,train,29,473.000000,473.511261
70,3,train,30,528.000000,528.034302
70,3,train,31,490.000000,488.873077
70,3,train,32,500.000000,499.470337
70,3,train,33,649.000000,647.040161
70,3,train,34,522.000000,522.659119
70,3,train,35,628.000000,626.823303
70,3,train,36,584.000000,584.840942
70,3,train,37,455.000000,460.839050
70,3,train,38,597.000000,597.009033
70,3,train,39,516.000000,516.970642
70,3,train,40,515.000000,514.339050
70,3,train,41,525.000000,521.285034
70,3,train,42,484.000000,482.199280
70,3,train,43,502.000000,501.805786
70,3,train,44,592.000000,592.131470
70,3,train,45,488.000000,488.136902
70,3,train,46,645.000000,641.161011
70,3,train,47,577.000000,574.594788
70,3,train,48,577.000000,577.292297
70,3,train,49,476.000000,476.939819
70,3,train,50,500.000000,499.937073
70,3,train,51,481.000000,481.505463
70,3,train,52,528.000000,528.262390
70,3,train,53,494.000000,492.403198
70,3,train,54,456.000000,458.551758
70,3,train,55,580.000000,582.153564
70,3,train,56,616.000000,619.036926
70,3,train,57,534.000000,536.667847
70,3,train,58,431.000000,437.739166
70,3,train,59,606.000000,604.200195
70,3,train,60,532.000000,528.601440
70,3,train,61,477.000000,478.340393
70,3,train,62,442.000000,440.692871
70,3,train,63,451.000000,450.202820
70,3,train,64,608.000000,606.769165
70,3,train,65,479.000000,478.266144
70,3,train,66,578.000000,576.411316
70,3,train,67,464.000000,463.521759
70,3,train,68,478.000000,477.629517
70,3,train,69,624.000000,623.662720
70,3,train,70,517.000000,518.911560
70,3,train,71,464.000000,466.343323
70,3,train,72,600.000000,599.021362
70,3,train,73,630.000000,625.412048
70,3,train,74,504.000000,504.390564
70,3,train,75,507.000000,507.246399
70,3,train,76,584.000000,584.081360
70,3,train,77,597.000000,596.899658
70,3,train,78,472.000000,474.290131
70,3,train,79,501.000000,499.827087
70,3,train,80,508.000000,508.180756
70,3,train,81,456.000000,458.121277
70,3,train,82,583.000000,579.146667
70,3,train,83,624.000000,624.143860
70,3,train,84,471.000000,471.553375
70,3,train,85,545.000000,545.596130
70,3,train,86,572.000000,572.170227
70,3,train,87,630.000000,629.532471
70,3,train,88,617.000000,617.219116
70,3,train,89,522.000000,523.262024
70,3,train,90,543.000000,541.971985
70,3,train,91,504.000000,503.875763
70,3,train,92,562.000000,556.799805
70,3,train,93,526.000000,525.151611
70,3,train,94,613.000000,613.201111
70,3,train,95,475.000000,474.156647
70,3,train,96,575.000000,575.895081
70,3,train,97,462.000000,461.450104
70,3,train,98,510.000000,509.679138
70,3,train,99,648.000000,647.881897
70,3,train,100,601.000000,602.250427
70,3,train,101,560.000000,558.004761
70,3,train,102,488.000000,487.891266
70,3,train,103,577.000000,575.989502
70,3,train,104,505.000000,506.479218
70,3,train,105,580.000000,579.481750
70,3,train,106,509.000000,509.555023
70,3,train,107,507.000000,507.372559
70,3,train,108,648.000000,647.893433
70,3,train,109,487.000000,486.597290
70,3,train,110,479.000000,480.044250
70,3,train,111,637.000000,637.163391
70,3,train,112,450.000000,451.103180
70,3,train,113,480.000000,478.531189
70,3,train,114,689.000000,687.817444
70,3,train,115,613.000000,613.201111
70,3,train,116,469.000000,475.242523
70,3,train,117,516.000000,516.286682
70,3,train,118,557.000000,559.141174
70,3,train,119,572.000000,571.522400
70,3,train,120,519.000000,519.781250
70,3,train,121,456.000000,458.228973
70,3,train,122,541.000000,540.187866
70,3,train,123,509.000000,508.111389
70,3,train,124,446.000000,446.500031
70,3,train,125,489.000000,488.123047
70,3,train,126,591.000000,589.034058
70,3,train,127,371.000000,377.781158
70,3,train,128,522.000000,521.905151
70,3,train,129,484.000000,486.140961
70,3,train,130,596.000000,597.292725
70,3,train,131,492.000000,492.676239
70,3,train,132,505.000000,503.301056
70,3,train,133,524.000000,522.454346
70,3,train,134,485.000000,487.895874
70,3,train,135,500.000000,498.808350
70,3,train,136,535.000000,535.607361
70,3,train,137,538.000000,537.644104
70,3,train,138,511.000000,511.344421
70,3,train,139,534.000000,534.250977
70,3,train,140,509.000000,508.949097
70,4,test,0,541.000000,555.081848
70,4,test,1,463.000000,519.904602
70,4,test,2,460.000000,564.983215
70,4,test,3,628.000000,602.580872
70,4,test,4,489.000000,550.081360
70,4,test,5,476.000000,531.801270
70,4,test,6,591.000000,548.642395
70,4,test,7,504.000000,497.510468
70,4,test,8,475.000000,495.691193
70,4,test,9,488.000000,487.249939
70,4,test,10,572.000000,542.482361
70,4,test,11,648.000000,543.120483
70,4,test,12,524.000000,494.382080
70,4,test,13,618.000000,583.509521
70,4,test,14,637.000000,608.366882
70,4,test,15,522.000000,504.500122
70,4,test,16,600.000000,575.970520
70,4,test,17,572.000000,542.482361
70,4,test,18,522.000000,519.307983
70,4,test,19,484.000000,530.726562
70,4,test,20,572.000000,571.878052
70,4,test,21,623.000000,546.199890
70,4,test,22,479.000000,502.588013
70,4,test,23,504.000000,521.650940
70,4,test,24,459.000000,502.945099
70,4,test,25,517.000000,526.492493
70,4,test,26,557.000000,592.575073
70,4,test,27,516.000000,519.463745
70,4,test,28,371.000000,514.999329
70,4,test,29,473.000000,529.493103
70,4,test,30,610.000000,598.263611
70,4,test,31,525.000000,549.371338
70,4,test,32,495.000000,535.877991
70,4,test,33,575.000000,533.370178
70,4,test,34,488.000000,505.080566
70,4,test,35,464.000000,482.362579
70,4,train,0,545.000000,547.321655
70,4,train,1,525.000000,522.277039
70,4,train,2,541.000000,541.996216
70,4,train,3,617.000000,605.685608
70,4,train,4,500.000000,501.241211
70,4,train,5,580.000000,581.438477
70,4,train,6,693.000000,662.351929
70,4,train,7,464.000000,468.395630
70,4,train,8,451.000000,454.158875
70,4,train,9,463.000000,464.112976
70,4,train,10,585.000000,585.592407
70,4,train,11,477.000000,478.036957
70,4,train,12,568.000000,567.945557
70,4,train,13,500.000000,499.357635
70,4,train,14,522.000000,521.227112
70,4,train,15,585.000000,585.002441
70,4,train,16,613.000000,612.563477
70,4,train,17,577.000000,576.400940
70,4,train,18,577.000000,576.309448
70,4,train,19,505.000000,506.120575
70,4,train,20,584.000000,579.921265
70,4,train,21,509.000000,509.484985
70,4,train,22,488.000000,488.618134
70,4,train,23,508.000000,507.983643
70,4,train,24,574.000000,573.085754
70,4,train,25,479.000000,479.487610
70,4,train,26,630.000000,629.537842
70,4,train,27,605.000000,603.800476
70,4,train,28,617.000000,616.956421
70,4,train,29,608.000000,606.121399
70,4,train,30,507.000000,507.080566
70,4,train,31,505.000000,504.956238
70,4,train,32,597.000000,596.804199
70,4,train,33,507.000000,505.991211
70,4,train,34,645.000000,640.264343
70,4,train,35,455.000000,460.624908
70,4,train,36,515.000000,515.888489
70,4,train,37,584.000000,584.436523
70,4,train,38,597.000000,597.328186
70,4,train,39,446.000000,453.800903
70,4,train,40,580.000000,579.535095
70,4,train,41,594.000000,592.620422
70,4,train,42,455.000000,459.461945
70,4,train,43,471.000000,472.604340
70,4,train,44,482.000000,482.793579
70,4,train,45,506.000000,515.898438
70,4,train,46,478.000000,478.403076
70,4,train,47,490.000000,493.872375
70,4,train,48,450.000000,452.667816
70,4,train,49,577.000000,573.618164
70,4,train,50,500.000000,499.185303
70,4,train,51,507.000000,507.943390
70,4,train,52,550.000000,549.342834
70,4,train,53,670.000000,668.206970
70,4,train,54,606.000000,607.553589
70,4,train,55,456.000000,460.344635
70,4,train,56,586.000000,583.906799
70,4,train,57,469.000000,475.656860
70,4,train,58,543.000000,541.704956
70,4,train,59,456.000000,462.694733
70,4,train,60,595.000000,594.159058
70,4,train,61,596.000000,593.744385
70,4,train,62,598.000000,596.203308
70,4,train,63,612.000000,610.908203
70,4,train,64,510.000000,511.150391
70,4,train,65,616.000000,622.329407
70,4,train,66,528.000000,528.519958
70,4,train,67,484.000000,483.941772
70,4,train,68,689.000000,675.548035
70,4,train,69,480.000000,482.185913
70,4,train,70,592.000000,592.428040
70,4,train,71,596.000000,596.122681
70,4,train,72,528.000000,529.038269
70,4,train,73,524.000000,526.414185
70,4,train,74,605.000000,602.590271
70,4,train,75,601.000000,601.458984
70,4,train,76,612.000000,611.029968
70,4,train,77,617.000000,616.956421
70,4,train,78,494.000000,493.901276
70,4,train,79,484.000000,484.881897
70,4,train,80,502.000000,503.197815
70,4,train,81,555.000000,555.075073
70,4,train,82,534.000000,531.426147
70,4,train,83,597.000000,596.734253
70,4,train,84,562.000000,557.069824
70,4,train,85,560.000000,558.971130
70,4,train,86,640.000000,639.229614
70,4,train,87,493.000000,492.661346
70,4,train,88,648.000000,647.954590
70,4,train,89,583.000000,582.691284
70,4,train,90,472.000000,473.829010
70,4,train,91,644.000000,641.847290
70,4,train,92,485.000000,486.768127
70,4,train,93,442.000000,445.104797
70,4,train,94,578.000000,578.864075
70,4,train,95,487.000000,486.925140
70,4,train,96,613.000000,612.563477
70,4,train,97,505.000000,505.607574
70,4,train,98,524.000000,525.277771
70,4,train,99,473.000000,474.095673
70,4,train,100,501.000000,500.737701
70,4,train,101,561.000000,559.925842
70,4,train,102,504.000000,503.785675
70,4,train,103,495.000000,494.521332
70,4,train,104,462.000000,462.065796
70,4,train,105,584.000000,583.481812
70,4,train,106,670.000000,668.206970
70,4,train,107,465.000000,465.884460
70,4,train,108,456.000000,458.639435
70,4,train,109,475.000000,473.154724
70,4,train,110,481.000000,481.854523
70,4,train,111,624.000000,623.157837
70,4,train,112,431.000000,443.523560
70,4,train,113,509.000000,506.948273
70,4,train,114,580.000000,578.540894
70,4,train,115,500.000000,500.702362
70,4,train,116,630.000000,617.379089
70,4,train,117,526.000000,525.418457
70,4,train,118,534.000000,534.771423
70,4,train,119,492.000000,494.832550
70,4,train,120,535.000000,534.869934
70,4,train,121,538.000000,538.151733
70,4,train,122,511.000000,512.851257
70,4,train,123,624.000000,622.373596
70,4,train,124,519.000000,518.404785
70,4,train,125,644.000000,640.972839
70,4,train,126,608.000000,608.953186
70,4,train,127,601.000000,602.949524
70,4,train,128,465.000000,471.255280
70,4,train,129,472.000000,478.261200
70,4,train,130,509.000000,510.838806
70,4,train,131,466.000000,467.045929
70,4,train,132,572.000000,571.878052
70,4,train,133,523.000000,524.996765
70,4,train,134,532.000000,531.441895
70,4,train,135,597.000000,594.790771
70,4,train,136,630.000000,629.272156
70,4,train,137,516.000000,516.773926
70,4,train,138,519.000000,519.010010
70,4,train,139,649.000000,643.234070
70,4,train,140,606.000000,600.960388
70,5,test,0,482.000000,524.535217
70,5,test,1,601.000000,592.158447
70,5,test,2,475.000000,484.269257
70,5,test,3,605.000000,555.703674
70,5,test,4,617.000000,533.746582
70,5,test,5,465.000000,585.766541
70,5,test,6,689.000000,620.807068
70,5,test,7,616.000000,642.222168
70,5,test,8,522.000000,492.826538
70,5,test,9,500.000000,518.604065
70,5,test,10,598.000000,549.086548
70,5,test,11,560.000000,558.121948
70,5,test,12,500.000000,473.995819
70,5,test,13,594.000000,555.113586
70,5,test,14,509.000000,481.988770
70,5,test,15,568.000000,565.939087
70,5,test,16,600.000000,588.737244
70,5,test,17,580.000000,532.537903
70,5,test,18,577.000000,531.564331
70,5,test,19,535.000000,510.117706
70,5,test,20,618.000000,590.327759
70,5,test,21,534.000000,572.032471
70,5,test,22,489.000000,545.316589
70,5,test,23,617.000000,631.848206
70,5,test,24,591.000000,558.844788
70,5,test,25,456.000000,546.212769
70,5,test,26,606.000000,570.915894
70,5,test,27,605.000000,602.472778
70,5,test,28,472.000000,551.376465
70,5,test,29,516.000000,524.243225
70,5,test,30,473.000000,496.009735
70,5,test,31,504.000000,490.417938
70,5,test,32,475.000000,490.078735
70,5,test,33,505.000000,506.844666
70,5,test,34,465.000000,499.234772
70,5,test,35,596.000000,613.048462
70,5,train,0,644.000000,639.076965
70,5,train,1,541.000000,546.370056
70,5,train,2,525.000000,540.389771
70,5,train,3,670.000000,650.207092
70,5,train,4,517.000000,524.491150
70,5,train,5,480.000000,478.645782
70,5,train,6,524.000000,498.537140
70,5,train,7,463.000000,483.409332
70,5,train,8,464.000000,479.257080
70,5,train,9,511.000000,507.855896
70,5,train,10,490.000000,485.808960
70,5,train,11,495.000000,517.050049
70,5,train,12,584.000000,567.346741
70,5,train,13,597.000000,584.956909
70,5,train,14,528.000000,517.097595
70,5,train,15,597.000000,587.480896
70,5,train,16,525.000000,499.296417
70,5,train,17,371.000000,445.376434
70,5,train,18,500.000000,508.552399
70,5,train,19,488.000000,494.338043
70,5,train,20,510.000000,530.951904
70,5,train,21,459.000000,477.124878
70,5,train,22,584.000000,535.462280
70,5,train,23,550.000000,538.375305
70,5,train,24,464.000000,463.041077
70,5,train,25,577.000000,530.700073
70,5,train,26,601.000000,594.183838
70,5,train,27,534.000000,507.702118
70,5,train,28,524.000000,538.400330
70,5,train,29,578.000000,565.199219
70,5,train,30,555.000000,565.726135
70,5,train,31,630.000000,629.058899
70,5,train,32,492.000000,504.361328
70,5,train,33,479.000000,489.907379
70,5,train,34,597.000000,591.701172
70,5,train,35,505.000000,517.645508
70,5,train,36,485.000000,505.471497
70,5,train,37,462.000000,499.709229
70,5,train,38,493.000000,500.079956
70,5,train,39,580.000000,562.837646
70,5,train,40,507.000000,492.903534
70,5,train,41,584.000000,577.143860
70,5,train,42,612.000000,590.790894
70,5,train,43,487.000000,496.415436
70,5,train,44,519.000000,515.961365
70,5,train,45,456.000000,484.350128
70,5,train,46,613.000000,604.160828
70,5,train,47,557.000000,553.866150
70,5,train,48,624.000000,597.577820
70,5,train,49,561.000000,527.868408
70,5,train,50,585.000000,602.169800
70,5,train,51,501.000000,480.973999
70,5,train,52,648.000000,640.871094
70,5,train,53,572.000000,560.278320
70,5,train,54,640.000000,632.759094
70,5,train,55,431.000000,490.664642
70,5,train,56,455.000000,503.940704
70,5,train,57,476.000000,508.149292
70,5,train,58,481.000000,496.247406
70,5,train,59,606.000000,556.131958
70,5,train,60,484.000000,496.072693
70,5,train,61,505.000000,520.084839
70,5,train,62,645.000000,599.519958
70,5,train,63,456.000000,477.145874
70,5,train,64,596.000000,572.303650
70,5,train,65,543.000000,517.524048
70,5,train,66,506.000000,575.473816
70,5,train,67,488.000000,477.008667
70,5,train,68,624.000000,626.717224
70,5,train,69,526.000000,516.120117
70,5,train,70,516.000000,528.481323
70,5,train,71,507.000000,527.857300
70,5,train,72,693.000000,602.841492
70,5,train,73,442.000000,472.897736
70,5,train,74,628.000000,602.383301
70,5,train,75,574.000000,567.883240
70,5,train,76,446.000000,496.802795
70,5,train,77,500.000000,500.210724
70,5,train,78,610.000000,598.342712
70,5,train,79,477.000000,499.797943
70,5,train,80,528.000000,526.001221
70,5,train,81,504.000000,510.562317
70,5,train,82,572.000000,560.278320
70,5,train,83,460.000000,527.208740
70,5,train,84,509.000000,505.913605
70,5,train,85,545.000000,546.892029
70,5,train,86,562.000000,532.901489
70,5,train,87,613.000000,604.160828
70,5,train,88,585.000000,601.030273
70,5,train,89,637.000000,627.161255
70,5,train,90,580.000000,588.604797
70,5,train,91,484.000000,501.880707
70,5,train,92,524.000000,542.789856
70,5,train,93,572.000000,563.765076
70,5,train,94,522.000000,513.041138
70,5,train,95,595.000000,603.169495
70,5,train,96,577.000000,545.054749
70,5,train,97,466.000000,468.539825
70,5,train,98,451.000000,468.842468
70,5,train,99,617.000000,631.848206
70,5,train,100,508.000000,507.564270
70,5,train,101,488.000000,495.480042
70,5,train,102,648.000000,590.485229
70,5,train,103,484.000000,466.023010
70,5,train,104,644.000000,599.076111
70,5,train,105,592.000000,604.581970
70,5,train,106,541.000000,564.791382
70,5,train,107,612.000000,601.551880
70,5,train,108,623.000000,566.433899
70,5,train,109,522.000000,503.753662
70,5,train,110,469.000000,499.950745
70,5,train,111,507.000000,507.027191
70,5,train,112,538.000000,539.547241
70,5,train,113,523.000000,578.140564
70,5,train,114,463.000000,475.400269
70,5,train,115,649.000000,588.885254
70,5,train,116,572.000000,563.765076
70,5,train,117,519.000000,507.683929
70,5,train,118,608.000000,570.842773
70,5,train,119,509.000000,507.385376
70,5,train,120,532.000000,510.865509
70,5,train,121,583.000000,557.226379
70,5,train,122,494.000000,472.901489
70,5,train,123,502.000000,509.897919
70,5,train,124,670.000000,650.207092
70,5,train,125,630.000000,546.150940
70,5,train,126,455.000000,508.673462
70,5,train,127,608.000000,590.486206
70,5,train,128,586.000000,555.832275
70,5,train,129,471.000000,512.664673
70,5,train,130,575.000000,552.919861
70,5,train,131,473.000000,478.589386
70,5,train,132,450.000000,488.325775
70,5,train,133,478.000000,501.020172
70,5,train,134,597.000000,580.799927
70,5,train,135,479.000000,481.024139
70,5,train,136,472.000000,476.637970
70,5,train,137,495.000000,487.163666
70,5,train,138,504.000000,508.887268
70,5,train,139,515.000000,514.864990
70,5,train,140,630.000000,634.214111
70,6,test,0,493.000000,505.461945
70,6,test,1,596.000000,614.345825
70,6,test,2,509.000000,502.213837
70,6,test,3,585.000000,588.959961
70,6,test,4,525.000000,501.745483
70,6,test,5,577.000000,553.401123
70,6,test,6,500.000000,511.835236
70,6,test,7,516.000000,495.493164
70,6,test,8,617.000000,617.137756
70,6,test,9,459.000000,504.092010
70,6,test,10,630.000000,539.135315
70,6,test,11,451.000000,496.279541
70,6,test,12,516.000000,500.223511
70,6,test,13,555.000000,581.713623
70,6,test,14,644.000000,603.191406
70,6,test,15,580.000000,556.872681
70,6,test,16,541.000000,578.985779
70,6,test,17,597.000000,588.516174
70,6,test,18,489.000000,537.900757
70,6,test,19,522.000000,510.674286
70,6,test,20,464.000000,507.282928
70,6,test,21,463.000000,472.768494
70,6,test,22,584.000000,561.329468
70,6,test,23,538.000000,504.207916
70,6,test,24,644.000000,585.309875
70,6,test,25,455.000000,502.596954
70,6,test,26,484.000000,519.727844
70,6,test,27,484.000000,510.773804
70,6,test,28,476.000000,586.701538
70,6,test,29,624.000000,563.768555
70,6,test,30,481.000000,531.938904
70,6,test,31,528.000000,499.114227
70,6,test,32,463.000000,486.733185
70,6,test,33,670.000000,669.557007
70,6,test,34,613.000000,613.193542
70,6,test,35,446.000000,556.924561
70,6,train,0,560.000000,558.428467
70,6,train,1,689.000000,685.777649
70,6,train,2,371.000000,393.611572
70,6,train,3,601.000000,601.892517
70,6,train,4,492.000000,491.370575
70,6,train,5,482.000000,482.204681
70,6,train,6,648.000000,648.150085
70,6,train,7,586.000000,585.883423
70,6,train,8,442.000000,440.698486
70,6,train,9,630.000000,629.954834
70,6,train,10,473.000000,472.863892
70,6,train,11,572.000000,571.971924
70,6,train,12,630.000000,629.961243
70,6,train,13,605.000000,605.005554
70,6,train,14,624.000000,624.047546
70,6,train,15,648.000000,647.466980
70,6,train,16,506.000000,508.075714
70,6,train,17,572.000000,571.981079
70,6,train,18,628.000000,626.754578
70,6,train,19,495.000000,495.179260
70,6,train,20,572.000000,571.981079
70,6,train,21,545.000000,544.329712
70,6,train,22,465.000000,466.206116
70,6,train,23,616.000000,617.371765
70,6,train,24,507.000000,506.978088
70,6,train,25,617.000000,617.137756
70,6,train,26,478.000000,477.953522
70,6,train,27,584.000000,583.714478
70,6,train,28,510.000000,512.454712
70,6,train,29,515.000000,514.932678
70,6,train,30,605.000000,604.924133
70,6,train,31,504.000000,503.693726
70,6,train,32,608.000000,608.201843
70,6,train,33,597.000000,597.159607
70,6,train,34,594.000000,593.963257
70,6,train,35,472.000000,470.714966
70,6,train,36,572.000000,571.971924
70,6,train,37,574.000000,573.885559
70,6,train,38,649.000000,648.619263
70,6,train,39,464.000000,463.787903
70,6,train,40,473.000000,471.043579
70,6,train,41,431.000000,432.216522
70,6,train,42,507.000000,507.312500
70,6,train,43,523.000000,523.109863
70,6,train,44,504.000000,504.009247
70,6,train,45,532.000000,531.973694
70,6,train,46,456.000000,457.357300
70,6,train,47,606.000000,605.790039
70,6,train,48,526.000000,525.940430
70,6,train,49,598.000000,597.895508
70,6,train,50,475.000000,474.612061
70,6,train,51,519.000000,518.960510
70,6,train,52,460.000000,463.225830
70,6,train,53,580.000000,580.019897
70,6,train,54,597.000000,597.013184
70,6,train,55,575.000000,574.943237
70,6,train,56,485.000000,484.812805
70,6,train,57,524.000000,523.687439
70,6,train,58,500.000000,499.046875
70,6,train,59,456.000000,456.838745
70,6,train,60,477.000000,476.900757
70,6,train,61,455.000000,455.453674
70,6,train,62,495.000000,494.795929
70,6,train,63,488.000000,487.990173
70,6,train,64,508.000000,507.714386
70,6,train,65,645.000000,644.281006
70,6,train,66,585.000000,585.139526
70,6,train,67,583.000000,582.645020
70,6,train,68,528.000000,527.422180
70,6,train,69,562.000000,561.760681
70,6,train,70,500.000000,499.916656
70,6,train,71,535.000000,535.343506
70,6,train,72,610.000000,609.858582
70,6,train,73,557.000000,556.381897
70,6,train,74,479.000000,478.996338
70,6,train,75,534.000000,533.854675
70,6,train,76,541.000000,541.354980
70,6,train,77,488.000000,487.620331
70,6,train,78,637.000000,635.314392
70,6,train,79,534.000000,534.424988
70,6,train,80,504.000000,504.194885
70,6,train,81,578.000000,577.638062
70,6,train,82,450.000000,450.714081
70,6,train,83,511.000000,511.347931
70,6,train,84,580.000000,580.043396
70,6,train,85,600.000000,599.893677
70,6,train,86,693.000000,678.385864
70,6,train,87,522.000000,522.121948
70,6,train,88,479.000000,479.033539
70,6,train,89,608.000000,608.081848
70,6,train,90,561.000000,561.086365
70,6,train,91,584.000000,583.771240
70,6,train,92,505.000000,504.696472
70,6,train,93,519.000000,519.135864
70,6,train,94,484.000000,484.055634
70,6,train,95,595.000000,595.056763
70,6,train,96,577.000000,576.880188
70,6,train,97,494.000000,493.766937
70,6,train,98,612.000000,611.706970
70,6,train,99,601.000000,601.196472
70,6,train,100,596.000000,596.669189
70,6,train,101,524.000000,524.095764
70,6,train,102,618.000000,618.378296
70,6,train,103,597.000000,596.829956
70,6,train,104,500.000000,498.976227
70,6,train,105,465.000000,465.069672
70,6,train,106,606.000000,606.691040
70,6,train,107,577.000000,575.044861
70,6,train,108,522.000000,521.860352
70,6,train,109,613.000000,613.193542
70,6,train,110,490.000000,492.282257
70,6,train,111,509.000000,508.937958
70,6,train,112,505.000000,504.788116
70,6,train,113,462.000000,461.844696
70,6,train,114,543.000000,543.032349
70,6,train,115,507.000000,506.322174
70,6,train,116,456.000000,456.167145
70,6,train,117,670.000000,669.557007
70,6,train,118,550.000000,550.020447
70,6,train,119,524.000000,524.921570
70,6,train,120,502.000000,502.270813
70,6,train,121,517.000000,516.621033
70,6,train,122,612.000000,611.944153
70,6,train,123,617.000000,613.803284
70,6,train,124,472.000000,472.140961
70,6,train,125,623.000000,621.836182
70,6,train,126,592.000000,591.789917
70,6,train,127,469.000000,469.211823
70,6,train,128,488.000000,488.014496
70,6,train,129,591.000000,590.936218
70,6,train,130,525.000000,525.116089
70,6,train,131,501.000000,500.885559
70,6,train,132,475.000000,475.060120
70,6,train,133,568.000000,568.078491
70,6,train,134,480.000000,477.730164
70,6,train,135,471.000000,471.104523
70,6,train,136,640.000000,639.655212
70,6,train,137,487.000000,486.202606
70,6,train,138,466.000000,465.707825
70,6,train,139,509.000000,508.999390
70,6,train,140,505.000000,505.154999
70,7,test,0,623.000000,533.973328
70,7,test,1,456.000000,493.706329
70,7,test,2,606.000000,542.513733
70,7,test,3,597.000000,594.470459
70,7,test,4,624.000000,616.335571
70,7,test,5,524.000000,564.379272
70,7,test,6,543.000000,511.572052
70,7,test,7,507.000000,504.465881
70,7,test,8,502.000000,507.518921
70,7,test,9,561.000000,519.257385
70,7,test,10,597.000000,594.528076
70,7,test,11,644.000000,592.031372
70,7,test,12,481.000000,508.428589
70,7,test,13,572.000000,567.348999
70,7,test,14,526.000000,528.411865
70,7,test,15,451.000000,478.481934
70,7,test,16,463.000000,488.731598
70,7,test,17,670.000000,650.793640
70,7,test,18,578.000000,549.508057
70,7,test,19,504.000000,508.839081
70,7,test,20,517.000000,535.522949
70,7,test,21,488.000000,495.167603
70,7,test,22,507.000000,549.947510
70,7,test,23,478.000000,491.894623
70,7,test,24,617.000000,623.852844
70,7,test,25,689.000000,616.624817
70,7,test,26,613.000000,611.474365
70,7,test,27,630.000000,629.929626
70,7,test,28,541.000000,544.481018
70,7,test,29,693.000000,576.432495
70,7,test,30,628.000000,599.651428
70,7,test,31,583.000000,548.436890
70,7,test,32,522.000000,510.219910
70,7,test,33,500.000000,515.442810
70,7,test,34,466.000000,492.508759
70,7,test,35,519.000000,520.975769
70,7,train,0,490.000000,486.649719
70,7,train,1,577.000000,566.157227
70,7,train,2,584.000000,579.674500
70,7,train,3,586.000000,578.072144
70,7,train,4,509.000000,507.540436
70,7,train,5,504.000000,503.444458
70,7,train,6,494.000000,485.767975
70,7,train,7,516.000000,516.717896
70,7,train,8,648.000000,642.137451
70,7,train,9,577.000000,570.641113
70,7,train,10,455.000000,477.927734
70,7,train,11,505.000000,505.056885
70,7,train,12,509.000000,503.555389
70,7,train,13,492.000000,494.630127
70,7,train,14,670.000000,650.793640
70,7,train,15,463.000000,463.815918
70,7,train,16,605.000000,598.288696
70,7,train,17,456.000000,468.813171
70,7,train,18,596.000000,582.736328
70,7,train,19,506.000000,534.545776
70,7,train,20,580.000000,575.985291
70,7,train,21,598.000000,583.954590
70,7,train,22,594.000000,582.144958
70,7,train,23,618.000000,607.092468
70,7,train,24,613.000000,611.474365
70,7,train,25,446.000000,458.464111
70,7,train,26,601.000000,599.073975
70,7,train,27,500.000000,495.089844
70,7,train,28,505.000000,506.732758
70,7,train,29,480.000000,482.229706
70,7,train,30,455.000000,468.262024
70,7,train,31,591.000000,581.057190
70,7,train,32,471.000000,478.279114
70,7,train,33,608.000000,593.805420
70,7,train,34,624.000000,616.762939
70,7,train,35,524.000000,527.644653
70,7,train,36,450.000000,460.381470
70,7,train,37,479.000000,475.207245
70,7,train,38,575.000000,574.899536
70,7,train,39,612.000000,607.874023
70,7,train,40,484.000000,495.388275
70,7,train,41,572.000000,570.244385
70,7,train,42,472.000000,474.171417
70,7,train,43,510.000000,514.814270
70,7,train,44,487.000000,488.387146
70,7,train,45,431.000000,460.647278
70,7,train,46,485.000000,497.722717
70,7,train,47,580.000000,586.545349
70,7,train,48,475.000000,467.306091
70,7,train,49,616.000000,624.802979
70,7,train,50,465.000000,467.777863
70,7,train,51,525.000000,534.488586
70,7,train,52,484.000000,480.312256
70,7,train,53,509.000000,511.257416
70,7,train,54,560.000000,555.153748
70,7,train,55,572.000000,567.348999
70,7,train,56,504.000000,506.312561
70,7,train,57,606.000000,600.583862
70,7,train,58,456.000000,487.045929
70,7,train,59,600.000000,599.125305
70,7,train,60,488.000000,489.853516
70,7,train,61,442.000000,451.734100
70,7,train,62,550.000000,543.355469
70,7,train,63,596.000000,600.208069
70,7,train,64,507.000000,499.124603
70,7,train,65,460.000000,481.056122
70,7,train,66,601.000000,602.198608
70,7,train,67,488.000000,484.279602
70,7,train,68,528.000000,528.539673
70,7,train,69,522.000000,516.847168
70,7,train,70,645.000000,620.782837
70,7,train,71,495.000000,505.217987
70,7,train,72,545.000000,548.477295
70,7,train,73,610.000000,607.600403
70,7,train,74,523.000000,534.030945
70,7,train,75,482.000000,489.707520
70,7,train,76,511.000000,516.745789
70,7,train,77,535.000000,521.806824
70,7,train,78,648.000000,628.268860
70,7,train,79,597.000000,588.108459
70,7,train,80,473.000000,473.024384
70,7,train,81,541.000000,543.251587
70,7,train,82,612.000000,607.434998
70,7,train,83,489.000000,490.804779
70,7,train,84,477.000000,484.288971
70,7,train,85,495.000000,491.242889
70,7,train,86,585.000000,588.187500
70,7,train,87,465.000000,494.998688
70,7,train,88,630.000000,605.445129
70,7,train,89,617.000000,580.566101
70,7,train,90,637.000000,629.752808
70,7,train,91,519.000000,514.753052
70,7,train,92,500.000000,486.627838
70,7,train,93,476.000000,484.191681
70,7,train,94,479.000000,486.469177
70,7,train,95,649.000000,622.989441
70,7,train,96,617.000000,623.852844
70,7,train,97,464.000000,466.755096
70,7,train,98,464.000000,476.400665
70,7,train,99,584.000000,585.405090
70,7,train,100,577.000000,562.132141
70,7,train,101,524.000000,509.641815
70,7,train,102,605.000000,600.443420
70,7,train,103,462.000000,469.067505
70,7,train,104,522.000000,518.090637
70,7,train,105,515.000000,516.266296
70,7,train,106,475.000000,478.981293
70,7,train,107,584.000000,568.289734
70,7,train,108,562.000000,535.816956
70,7,train,109,630.000000,626.990723
70,7,train,110,532.000000,530.655457
70,7,train,111,555.000000,558.210327
70,7,train,112,644.000000,631.148193
70,7,train,113,528.000000,528.108215
70,7,train,114,574.000000,564.771851
70,7,train,115,597.000000,597.125977
70,7,train,116,534.000000,525.545715
70,7,train,117,534.000000,539.709351
70,7,train,118,557.000000,570.333984
70,7,train,119,608.000000,608.013794
70,7,train,120,525.000000,509.149048
70,7,train,121,459.000000,468.948334
70,7,train,122,472.000000,492.027222
70,7,train,123,501.000000,496.325714
70,7,train,124,538.000000,537.978088
70,7,train,125,508.000000,506.987274
70,7,train,126,505.000000,505.114197
70,7,train,127,592.000000,595.059570
70,7,train,128,500.000000,507.436310
70,7,train,129,580.000000,572.817017
70,7,train,130,469.000000,484.921661
70,7,train,131,585.000000,592.752258
70,7,train,132,493.000000,492.291290
70,7,train,133,473.000000,475.304169
70,7,train,134,371.000000,425.101227
70,7,train,135,516.000000,520.611267
70,7,train,136,572.000000,570.244385
70,7,train,137,484.000000,483.826874
70,7,train,138,595.000000,602.417542
70,7,train,139,568.000000,570.819763
70,7,train,140,640.000000,638.463928
70,8,test,0,511.000000,550.948425
70,8,test,1,601.000000,575.671326
70,8,test,2,572.000000,569.740479
70,8,test,3,475.000000,498.045502
70,8,test,4,562.000000,516.606140
70,8,test,5,617.000000,617.990906
70,8,test,6,689.000000,628.339233
70,8,test,7,591.000000,540.678894
70,8,test,8,534.000000,574.838135
70,8,test,9,624.000000,552.735352
70,8,test,10,601.000000,578.469849
70,8,test,11,568.000000,569.387512
70,8,test,12,462.000000,532.656738
70,8,test,13,473.000000,489.921387
70,8,test,14,519.000000,543.194641
70,8,test,15,595.000000,607.729858
70,8,test,16,455.000000,554.784729
70,8,test,17,555.000000,524.517273
70,8,test,18,586.000000,563.616150
70,8,test,19,525.000000,541.511047
70,8,test,20,597.000000,571.929993
70,8,test,21,617.000000,617.990906
70,8,test,22,605.000000,571.203796
70,8,test,23,528.000000,534.436096
70,8,test,24,446.000000,534.429871
70,8,test,25,476.000000,536.679077
70,8,test,26,475.000000,444.358612
70,8,test,27,612.000000,607.120483
70,8,test,28,465.000000,570.064148
70,8,test,29,583.000000,535.883118
70,8,test,30,488.000000,522.884583
70,8,test,31,431.000000,527.792297
70,8,test,32,507.000000,508.395752
70,8,test,33,606.000000,549.187744
70,8,test,34,481.000000,504.671265
70,8,test,35,526.000000,525.377319
70,8,train,0,630.000000,629.475830
70,8,train,1,510.000000,511.784821
70,8,train,2,617.000000,588.230530
70,8,train,3,577.000000,566.888062
70,8,train,4,488.000000,482.644623
70,8,train,5,506.000000,538.433838
70,8,train,6,471.000000,479.711182
70,8,train,7,505.000000,502.323669
70,8,train,8,504.000000,495.967194
70,8,train,9,484.000000,496.152649
70,8,train,10,515.000000,516.234131
70,8,train,11,557.000000,567.704834
70,8,train,12,456.000000,476.181244
70,8,train,13,487.000000,483.198730
70,8,train,14,572.000000,574.126465
70,8,train,15,630.000000,630.237793
70,8,train,16,538.000000,538.465576
70,8,train,17,608.000000,607.120483
70,8,train,18,371.000000,410.934784
70,8,train,19,580.000000,589.856262
70,8,train,20,584.000000,582.925415
70,8,train,21,580.000000,577.127991
70,8,train,22,500.000000,504.817535
70,8,train,23,623.000000,607.957703
70,8,train,24,495.000000,500.862274
70,8,train,25,561.000000,554.874451
70,8,train,26,628.000000,614.597534
70,8,train,27,492.000000,491.487854
70,8,train,28,574.000000,570.110901
70,8,train,29,472.000000,478.264343
70,8,train,30,509.000000,509.545990
70,8,train,31,480.000000,482.225128
70,8,train,32,516.000000,519.447937
70,8,train,33,637.000000,636.006592
70,8,train,34,613.000000,615.081543
70,8,train,35,608.000000,601.734253
70,8,train,36,524.000000,514.953552
70,8,train,37,519.000000,513.527954
70,8,train,38,597.000000,595.820374
70,8,train,39,606.000000,604.471252
70,8,train,40,523.000000,535.324402
70,8,train,41,488.000000,498.640198
70,8,train,42,477.000000,479.414337
70,8,train,43,456.000000,467.096313
70,8,train,44,618.000000,620.304810
70,8,train,45,509.000000,506.031708
70,8,train,46,493.000000,490.753296
70,8,train,47,575.000000,557.928894
70,8,train,48,577.000000,573.546814
70,8,train,49,501.000000,494.419678
70,8,train,50,585.000000,588.902222
70,8,train,51,596.000000,578.419128
70,8,train,52,463.000000,460.002106
70,8,train,53,649.000000,628.141113
70,8,train,54,598.000000,584.866272
70,8,train,55,693.000000,660.182129
70,8,train,56,630.000000,629.777405
70,8,train,57,508.000000,504.062286
70,8,train,58,469.000000,482.190857
70,8,train,59,472.000000,485.256470
70,8,train,60,524.000000,539.333923
70,8,train,61,545.000000,549.190796
70,8,train,62,597.000000,602.007751
70,8,train,63,543.000000,532.645813
70,8,train,64,484.000000,484.426178
70,8,train,65,525.000000,515.386658
70,8,train,66,580.000000,569.125183
70,8,train,67,522.000000,518.830078
70,8,train,68,505.000000,505.863617
70,8,train,69,504.000000,508.293091
70,8,train,70,450.000000,452.471863
70,8,train,71,478.000000,475.000549
70,8,train,72,495.000000,490.820892
70,8,train,73,624.000000,629.323425
70,8,train,74,584.000000,581.572754
70,8,train,75,459.000000,470.446930
70,8,train,76,500.000000,496.072113
70,8,train,77,594.000000,576.468506
70,8,train,78,616.000000,626.235352
70,8,train,79,541.000000,551.347351
70,8,train,80,560.000000,552.012329
70,8,train,81,644.000000,626.077332
70,8,train,82,505.000000,506.257172
70,8,train,83,494.000000,484.126526
70,8,train,84,463.000000,457.673126
70,8,train,85,648.000000,648.773560
70,8,train,86,592.000000,590.605408
70,8,train,87,464.000000,466.019775
70,8,train,88,484.000000,474.164612
70,8,train,89,504.000000,508.302643
70,8,train,90,585.000000,592.559265
70,8,train,91,645.000000,628.723145
70,8,train,92,479.000000,488.677826
70,8,train,93,578.000000,562.533447
70,8,train,94,541.000000,549.223083
70,8,train,95,455.000000,470.495697
70,8,train,96,610.000000,613.791077
70,8,train,97,577.000000,575.103333
70,8,train,98,535.000000,529.441711
70,8,train,99,507.000000,503.760925
70,8,train,100,612.000000,613.844360
70,8,train,101,670.000000,665.701172
70,8,train,102,490.000000,492.861603
70,8,train,103,572.000000,569.740479
70,8,train,104,550.000000,540.092896
70,8,train,105,485.000000,499.083405
70,8,train,106,489.000000,492.376770
70,8,train,107,502.000000,503.551392
70,8,train,108,534.000000,523.598145
70,8,train,109,524.000000,526.811462
70,8,train,110,509.000000,503.390503
70,8,train,111,640.000000,637.093445
70,8,train,112,500.000000,503.689117
70,8,train,113,605.000000,609.819031
70,8,train,114,596.000000,598.135315
70,8,train,115,644.000000,636.677551
70,8,train,116,528.000000,526.112793
70,8,train,117,482.000000,495.293640
70,8,train,118,572.000000,574.126465
70,8,train,119,460.000000,481.774628
70,8,train,120,648.000000,627.375061
70,8,train,121,442.000000,444.412323
70,8,train,122,670.000000,665.701172
70,8,train,123,522.000000,523.658936
70,8,train,124,473.000000,475.143005
70,8,train,125,464.000000,467.815796
70,8,train,126,532.000000,535.176208
70,8,train,127,507.000000,520.737732
70,8,train,128,451.000000,450.716705
70,8,train,129,479.000000,479.825378
70,8,train,130,465.000000,468.942566
70,8,train,131,456.000000,456.805084
70,8,train,132,613.000000,615.081543
70,8,train,133,466.000000,474.803070
70,8,train,134,600.000000,595.477661
70,8,train,135,516.000000,521.594177
70,8,train,136,584.000000,570.441101
70,8,train,137,500.000000,500.531708
70,8,train,138,517.000000,521.496643
70,8,train,139,522.000000,521.036255
70,8,train,140,597.000000,599.118347
70,9,test,0,507.000000,523.275269
70,9,test,1,510.000000,537.119629
70,9,test,2,648.000000,631.162354
70,9,test,3,500.000000,500.113129
70,9,test,4,606.000000,547.463501
70,9,test,5,482.000000,519.274292
70,9,test,6,605.000000,558.691101
70,9,test,7,488.000000,501.011902
70,9,test,8,585.000000,613.660095
70,9,test,9,585.000000,609.500427
70,9,test,10,640.000000,646.287964
70,9,test,11,630.000000,548.254089
70,9,test,12,586.000000,542.564392
70,9,test,13,644.000000,539.343445
70,9,test,14,505.000000,516.157776
70,9,test,15,495.000000,496.321930
70,9,test,16,560.000000,549.859131
70,9,test,17,472.000000,550.872192
70,9,test,18,543.000000,512.500977
70,9,test,19,572.000000,572.009155
70,9,test,20,577.000000,537.532959
70,9,test,21,612.000000,581.075317
70,9,test,22,550.000000,530.185364
70,9,test,23,595.000000,599.669861
70,9,test,24,459.000000,495.960999
70,9,test,25,597.000000,585.930969
70,9,test,26,509.000000,503.419373
70,9,test,27,492.000000,519.845032
70,9,test,28,616.000000,646.600342
70,9,test,29,591.000000,546.559937
70,9,test,30,477.000000,501.492950
70,9,test,31,500.000000,524.727478
70,9,test,32,608.000000,598.346191
70,9,test,33,371.000000,495.747375
70,9,test,34,644.000000,588.156738
70,9,test,35,504.000000,512.819214
70,9,train,0,475.000000,474.977173
70,9,train,1,528.000000,527.986023
70,9,train,2,592.000000,591.986877
70,9,train,3,541.000000,540.987915
70,9,train,4,568.000000,568.014893
70,9,train,5,535.000000,535.136719
70,9,train,6,617.000000,617.007019
70,9,train,7,524.000000,523.981750
70,9,train,8,485.000000,484.987030
70,9,train,9,456.000000,456.190155
70,9,train,10,613.000000,612.999390
70,9,train,11,472.000000,471.985138
70,9,train,12,596.000000,595.992432
70,9,train,13,471.000000,470.950134
70,9,train,14,507.000000,507.037323
70,9,train,15,525.000000,524.995728
70,9,train,16,484.000000,483.903534
70,9,train,17,606.000000,606.024231
70,9,train,18,557.000000,557.057190
70,9,train,19,562.000000,561.957214
70,9,train,20,473.000000,473.024994
70,9,train,21,473.000000,472.975433
70,9,train,22,572.000000,571.995972
70,9,train,23,598.000000,597.958435
70,9,train,24,522.000000,521.993896
70,9,train,25,584.000000,583.986450
70,9,train,26,484.000000,484.162781
70,9,train,27,610.000000,609.991943
70,9,train,28,509.000000,509.068695
70,9,train,29,628.000000,627.941406
70,9,train,30,538.000000,537.993530
70,9,train,31,511.000000,511.043427
70,9,train,32,450.000000,450.000916
70,9,train,33,500.000000,499.979370
70,9,train,34,528.000000,528.030457
70,9,train,35,612.000000,611.990479
70,9,train,36,597.000000,597.015625
70,9,train,37,541.000000,540.998718
70,9,train,38,431.000000,431.144714
70,9,train,39,584.000000,583.987000
70,9,train,40,577.000000,576.980957
70,9,train,41,478.000000,477.994781
70,9,train,42,617.000000,616.988953
70,9,train,43,500.000000,499.975159
70,9,train,44,522.000000,522.026978
70,9,train,45,649.000000,648.983948
70,9,train,46,524.000000,524.015991
70,9,train,47,494.000000,493.968750
70,9,train,48,577.000000,577.012817
70,9,train,49,487.000000,486.954437
70,9,train,50,488.000000,487.998230
70,9,train,51,584.000000,583.976257
70,9,train,52,479.000000,478.990265
70,9,train,53,465.000000,465.044983
70,9,train,54,583.000000,582.968994
70,9,train,55,613.000000,612.999390
70,9,train,56,466.000000,465.968506
70,9,train,57,670.000000,670.003967
70,9,train,58,637.000000,636.997864
70,9,train,59,630.000000,629.994751
70,9,train,60,517.000000,517.018311
70,9,train,61,455.000000,454.999634
70,9,train,62,505.000000,505.006592
70,9,train,63,578.000000,577.996887
70,9,train,64,505.000000,504.975189
70,9,train,65,624.000000,624.045654
70,9,train,66,618.000000,618.015991
70,9,train,67,605.000000,605.169250
70,9,train,68,462.000000,461.920624
70,9,train,69,501.000000,501.074127
70,9,train,70,460.000000,460.008423
70,9,train,71,534.000000,533.990112
70,9,train,72,515.000000,514.966431
70,9,train,73,617.000000,616.988953
70,9,train,74,545.000000,545.004395
70,9,train,75,508.000000,507.991150
70,9,train,76,597.000000,596.985229
70,9,train,77,489.000000,489.103516
70,9,train,78,600.000000,600.001282
70,9,train,79,481.000000,480.974152
70,9,train,80,575.000000,574.990356
70,9,train,81,623.000000,622.990601
70,9,train,82,580.000000,579.959412
70,9,train,83,608.000000,607.984253
70,9,train,84,479.000000,478.996704
70,9,train,85,469.000000,469.101624
70,9,train,86,464.000000,463.981995
70,9,train,87,670.000000,670.003967
70,9,train,88,597.000000,596.985107
70,9,train,89,580.000000,580.021118
70,9,train,90,509.000000,508.968414
70,9,train,91,572.000000,571.995972
70,9,train,92,594.000000,593.960266
70,9,train,93,456.000000,455.970825
70,9,train,94,465.000000,464.993439
70,9,train,95,451.000000,451.002533
70,9,train,96,574.000000,573.944641
70,9,train,97,475.000000,474.999481
70,9,train,98,493.000000,493.012634
70,9,train,99,476.000000,475.997681
70,9,train,100,484.000000,483.906372
70,9,train,101,693.000000,691.754639
70,9,train,102,463.000000,462.987854
70,9,train,103,507.000000,506.992249
70,9,train,104,504.000000,503.981750
70,9,train,105,506.000000,506.295990
70,9,train,106,624.000000,623.995544
70,9,train,107,630.000000,629.983643
70,9,train,108,555.000000,554.982300
70,9,train,109,504.000000,504.013672
70,9,train,110,524.000000,523.967285
70,9,train,111,490.000000,490.229095
70,9,train,112,523.000000,522.992065
70,9,train,113,463.000000,463.046265
70,9,train,114,516.000000,516.005615
70,9,train,115,580.000000,580.002563
70,9,train,116,601.000000,601.038818
70,9,train,117,532.000000,532.029663
70,9,train,118,596.000000,596.029541
70,9,train,119,525.000000,524.966309
70,9,train,120,464.000000,463.995361
70,9,train,121,519.000000,518.953918
70,9,train,122,648.000000,647.995239
70,9,train,123,495.000000,494.982056
70,9,train,124,645.000000,644.994568
70,9,train,125,522.000000,522.028992
70,9,train,126,480.000000,480.137665
70,9,train,127,456.000000,456.042084
70,9,train,128,488.000000,487.980835
70,9,train,129,572.000000,572.009155
70,9,train,130,526.000000,526.008423
70,9,train,131,601.000000,601.081482
70,9,train,132,442.000000,442.008698
70,9,train,133,561.000000,561.071960
70,9,train,134,455.000000,454.988129
70,9,train,135,502.000000,502.000641
70,9,train,136,446.000000,446.043152
70,9,train,137,534.000000,534.032043
70,9,train,138,689.000000,688.968994
70,9,train,139,516.000000,515.972839
70,9,train,140,519.000000,518.992798
70,10,test,0,557.000000,593.260254
70,10,test,1,572.000000,572.184875
70,10,test,2,507.000000,500.356506
70,10,test,3,510.000000,531.510803
70,10,test,4,534.000000,563.437256
70,10,test,5,613.000000,612.992126
70,10,test,6,526.000000,513.704712
70,10,test,7,616.000000,636.618591
70,10,test,8,462.000000,491.412842
70,10,test,9,577.000000,522.852600
70,10,test,10,525.000000,502.312592
70,10,test,11,509.000000,511.698730
70,10,test,12,472.000000,549.640442
70,10,test,13,464.000000,507.181061
70,10,test,14,572.000000,571.606445
70,10,test,15,442.000000,489.790863
70,10,test,16,584.000000,504.463501
70,10,test,17,524.000000,552.409241
70,10,test,18,469.000000,527.171265
70,10,test,19,506.000000,603.989807
70,10,test,20,475.000000,502.708740
70,10,test,21,481.000000,517.215820
70,10,test,22,610.000000,600.261597
70,10,test,23,580.000000,564.141479
70,10,test,24,595.000000,597.054565
70,10,test,25,500.000000,514.600220
70,10,test,26,592.000000,588.041687
70,10,test,27,517.000000,534.098999
70,10,test,28,456.000000,484.117126
70,10,test,29,488.000000,485.659790
70,10,test,30,543.000000,515.127136
70,10,test,31,524.000000,485.296844
70,10,test,32,612.000000,607.277100
70,10,test,33,504.000000,516.484985
70,10,test,34,522.000000,508.184021
70,10,test,35,591.000000,550.785950
70,10,train,0,584.000000,583.752747
70,10,train,1,572.000000,572.184875
70,10,train,2,693.000000,679.637573
70,10,train,3,466.000000,466.228424
70,10,train,4,583.000000,582.336243
70,10,train,5,535.000000,535.160339
70,10,train,6,640.000000,640.033691
70,10,train,7,490.000000,492.270660
70,10,train,8,523.000000,523.846436
70,10,train,9,630.000000,629.963318
70,10,train,10,504.000000,504.145782
70,10,train,11,489.000000,489.265167
70,10,train,12,630.000000,629.719543
70,10,train,13,606.000000,606.184570
70,10,train,14,446.000000,447.203186
70,10,train,15,645.000000,643.335571
70,10,train,16,505.000000,505.178131
70,10,train,17,584.000000,583.944092
70,10,train,18,601.000000,601.024963
70,10,train,19,505.000000,505.200073
70,10,train,20,541.000000,541.127991
70,10,train,21,456.000000,456.543304
70,10,train,22,528.000000,528.444885
70,10,train,23,644.000000,643.630493
70,10,train,24,624.000000,623.532959
70,10,train,25,371.000000,394.696594
70,10,train,26,689.000000,684.769897
70,10,train,27,494.000000,493.276215
70,10,train,28,484.000000,483.676025
70,10,train,29,585.000000,585.231628
70,10,train,30,471.000000,472.134460
70,10,train,31,493.000000,493.064850
70,10,train,32,484.000000,484.130554
70,10,train,33,670.000000,669.797485
70,10,train,34,608.000000,607.954773
70,10,train,35,624.000000,624.525696
70,10,train,36,522.000000,522.110413
70,10,train,37,600.000000,599.973755
70,10,train,38,568.000000,568.166504
70,10,train,39,596.000000,596.025818
70,10,train,40,572.000000,571.606445
70,10,train,41,492.000000,492.458954
70,10,train,42,644.000000,643.466370
70,10,train,43,460.000000,461.731628
70,10,train,44,541.000000,541.823059
70,10,train,45,580.000000,580.802734
70,10,train,46,475.000000,473.948608
70,10,train,47,473.000000,472.916534
70,10,train,48,511.000000,511.432343
70,10,train,49,618.000000,618.868286
70,10,train,50,648.000000,648.111694
70,10,train,51,488.000000,486.975616
70,10,train,52,623.000000,622.748962
70,10,train,53,628.000000,626.299377
70,10,train,54,598.000000,597.574768
70,10,train,55,500.000000,500.220337
70,10,train,56,580.000000,579.571716
70,10,train,57,487.000000,487.128601
70,10,train,58,473.000000,471.497894
70,10,train,59,479.000000,479.163910
70,10,train,60,596.000000,596.189453
70,10,train,61,500.000000,499.698425
70,10,train,62,495.000000,495.353973
70,10,train,63,505.000000,505.050568
70,10,train,64,561.000000,560.733826
70,10,train,65,613.000000,612.992126
70,10,train,66,459.000000,459.362823
70,10,train,67,509.000000,508.011322
70,10,train,68,597.000000,597.175110
70,10,train,69,508.000000,507.903442
70,10,train,70,507.000000,506.393677
70,10,train,71,516.000000,516.051453
70,10,train,72,574.000000,573.799866
70,10,train,73,534.000000,533.882019
70,10,train,74,451.000000,451.575775
70,10,train,75,597.000000,596.268799
70,10,train,76,562.000000,561.532043
70,10,train,77,617.000000,612.918091
70,10,train,78,519.000000,518.962891
70,10,train,79,555.000000,554.972290
70,10,train,80,463.000000,463.113342
70,10,train,81,608.000000,607.678650
70,10,train,82,456.000000,458.100586
70,10,train,83,597.000000,597.020325
70,10,train,84,597.000000,596.892883
70,10,train,85,524.000000,524.443665
70,10,train,86,577.000000,575.923767
70,10,train,87,501.000000,501.032257
70,10,train,88,450.000000,450.971558
70,10,train,89,594.000000,593.564697
70,10,train,90,605.000000,604.029785
70,10,train,91,577.000000,575.769836
70,10,train,92,478.000000,478.107513
70,10,train,93,605.000000,605.870850
70,10,train,94,515.000000,515.011475
70,10,train,95,532.000000,531.769592
70,10,train,96,649.000000,648.097961
70,10,train,97,504.000000,504.064087
70,10,train,98,509.000000,510.983124
70,10,train,99,484.000000,484.046509
70,10,train,100,522.000000,521.920105
70,10,train,101,648.000000,646.377563
70,10,train,102,586.000000,585.365845
70,10,train,103,578.000000,577.812500
70,10,train,104,465.000000,466.625275
70,10,train,105,612.000000,611.975525
70,10,train,106,455.000000,456.389282
70,10,train,107,477.000000,477.411896
70,10,train,108,585.000000,584.661987
70,10,train,109,630.000000,626.327515
70,10,train,110,670.000000,669.797485
70,10,train,111,516.000000,516.139709
70,10,train,112,463.000000,460.378784
70,10,train,113,519.000000,518.981567
70,10,train,114,507.000000,507.296814
70,10,train,115,525.000000,525.322388
70,10,train,116,482.000000,482.330048
70,10,train,117,488.000000,488.184723
70,10,train,118,637.000000,635.149475
70,10,train,119,480.000000,477.309967
70,10,train,120,606.000000,605.332397
70,10,train,121,485.000000,484.966858
70,10,train,122,617.000000,616.838562
70,10,train,123,560.000000,559.116089
70,10,train,124,464.000000,464.285431
70,10,train,125,617.000000,616.838562
70,10,train,126,545.000000,545.201782
70,10,train,127,465.000000,465.169250
70,10,train,128,601.000000,601.240356
70,10,train,129,538.000000,538.122070
70,10,train,130,495.000000,495.116577
70,10,train,131,472.000000,472.059204
70,10,train,132,431.000000,436.612305
70,10,train,133,500.000000,499.738708
70,10,train,134,476.000000,476.385040
70,10,train,135,479.000000,479.384155
70,10,train,136,575.000000,574.606262
70,10,train,137,455.000000,455.337006
70,10,train,138,550.000000,549.548096
70,10,train,139,502.000000,502.230988
70,10,train,140,528.000000,528.085510
100,1,test,0,584.000000,575.932373
100,1,test,1,510.000000,553.891479
100,1,test,2,525.000000,497.649475
100,1,test,3,557.000000,590.813538
100,1,test,4,596.000000,615.056946
100,1,test,5,528.000000,517.605713
100,1,test,6,645.000000,597.038208
100,1,test,7,460.000000,550.869385
100,1,test,8,572.000000,572.040588
100,1,test,9,509.000000,516.975586
100,1,test,10,577.000000,559.885254
100,1,test,11,555.000000,554.830627
100,1,test,12,485.000000,526.674316
100,1,test,13,580.000000,560.085815
100,1,test,14,456.000000,479.658936
100,1,test,15,597.000000,599.898621
100,1,test,16,484.000000,537.596069
100,1,test,17,584.000000,605.505005
100,1,test,18,502.000000,506.065613
100,1,test,19,612.000000,598.268677
100,1,test,20,644.000000,594.934998
100,1,test,21,501.000000,486.882477
100,1,test,22,462.000000,465.108276
100,1,test,23,495.000000,479.165649
100,1,test,24,601.000000,601.945190
100,1,test,25,613.000000,597.038574
100,1,test,26,610.000000,577.050720
100,1,test,27,580.000000,594.037598
100,1,test,28,545.000000,583.031982
100,1,test,29,469.000000,521.708069
100,1,test,30,479.000000,495.721802
100,1,test,31,478.000000,517.766785
100,1,test,32,446.000000,530.226685
100,1,test,33,463.000000,486.652679
100,1,test,34,613.000000,597.038574
100,1,test,35,572.000000,572.070007
100,1,train,0,572.000000,572.040588
100,1,train,1,524.000000,524.046326
100,1,train,2,575.000000,574.932251
100,1,train,3,600.000000,600.025513
100,1,train,4,560.000000,559.910583
100,1,train,5,442.000000,442.044830
100,1,train,6,451.000000,451.324860
100,1,train,7,616.000000,617.172607
100,1,train,8,534.000000,534.191528
100,1,train,9,608.000000,608.182678
100,1,train,10,489.000000,489.221924
100,1,train,11,637.000000,637.271301
100,1,train,12,648.000000,647.865417
100,1,train,13,523.000000,522.980225
100,1,train,14,519.000000,518.977783
100,1,train,15,524.000000,524.026917
100,1,train,16,500.000000,499.824341
100,1,train,17,495.000000,495.041931
100,1,train,18,585.000000,584.873230
100,1,train,19,509.000000,509.131256
100,1,train,20,577.000000,577.009033
100,1,train,21,479.000000,479.017090
100,1,train,22,504.000000,504.070129
100,1,train,23,509.000000,508.887878
100,1,train,24,606.000000,605.740784
100,1,train,25,605.000000,605.093384
100,1,train,26,484.000000,483.958405
100,1,train,27,488.000000,487.989044
100,1,train,28,630.000000,629.901978
100,1,train,29,507.000000,507.030731
100,1,train,30,522.000000,522.093079
100,1,train,31,628.000000,627.602539
100,1,train,32,522.000000,522.318726
100,1,train,33,578.000000,578.243530
100,1,train,34,640.000000,639.939331
100,1,train,35,618.000000,618.196655
100,1,train,36,431.000000,431.529419
100,1,train,37,649.000000,648.975220
100,1,train,38,526.000000,525.945496
100,1,train,39,535.000000,535.339539
100,1,train,40,507.000000,506.790985
100,1,train,41,541.000000,540.883789
100,1,train,42,612.000000,611.785767
100,1,train,43,617.000000,617.068481
100,1,train,44,459.000000,459.044373
100,1,train,45,597.000000,597.058838
100,1,train,46,538.000000,537.960999
100,1,train,47,508.000000,508.029236
100,1,train,48,525.000000,525.048462
100,1,train,49,455.000000,455.072144
100,1,train,50,472.000000,471.487762
100,1,train,51,596.000000,596.554626
100,1,train,52,617.000000,616.952271
100,1,train,53,623.000000,623.346619
100,1,train,54,594.000000,594.109558
100,1,train,55,480.000000,480.078339
100,1,train,56,504.000000,504.024506
100,1,train,57,516.000000,515.987305
100,1,train,58,541.000000,541.053528
100,1,train,59,505.000000,504.944092
100,1,train,60,515.000000,515.055786
100,1,train,61,522.000000,521.908325
100,1,train,62,506.000000,506.324036
100,1,train,63,577.000000,576.978149
100,1,train,64,574.000000,574.017761
100,1,train,65,624.000000,624.338684
100,1,train,66,543.000000,542.961487
100,1,train,67,644.000000,643.680603
100,1,train,68,584.000000,583.814819
100,1,train,69,500.000000,500.031921
100,1,train,70,689.000000,689.044495
100,1,train,71,586.000000,586.022400
100,1,train,72,617.000000,616.952271
100,1,train,73,473.000000,472.860626
100,1,train,74,572.000000,572.070007
100,1,train,75,595.000000,595.205200
100,1,train,76,528.000000,527.977356
100,1,train,77,492.000000,492.057739
100,1,train,78,516.000000,515.962341
100,1,train,79,473.000000,472.877808
100,1,train,80,505.000000,505.118195
100,1,train,81,534.000000,533.961243
100,1,train,82,630.000000,629.982056
100,1,train,83,670.000000,670.045349
100,1,train,84,598.000000,598.242981
100,1,train,85,488.000000,487.899841
100,1,train,86,481.000000,480.990540
100,1,train,87,455.000000,454.876251
100,1,train,88,550.000000,549.832764
100,1,train,89,505.000000,505.093018
100,1,train,90,608.000000,608.187622
100,1,train,91,482.000000,481.981201
100,1,train,92,466.000000,465.655884
100,1,train,93,471.000000,470.850433
100,1,train,94,624.000000,624.007996
100,1,train,95,591.000000,591.108032
100,1,train,96,488.000000,487.956146
100,1,train,97,606.000000,606.042053
100,1,train,98,693.000000,687.414124
100,1,train,99,475.000000,474.742737
100,1,train,100,484.000000,484.150238
100,1,train,101,580.000000,579.951050
100,1,train,102,511.000000,511.112579
100,1,train,103,562.000000,561.907288
100,1,train,104,630.000000,629.009888
100,1,train,105,583.000000,582.766479
100,1,train,106,465.000000,465.258026
100,1,train,107,524.000000,524.035034
100,1,train,108,472.000000,471.673431
100,1,train,109,456.000000,456.623230
100,1,train,110,456.000000,456.496887
100,1,train,111,475.000000,475.019409
100,1,train,112,465.000000,465.153503
100,1,train,113,561.000000,561.166504
100,1,train,114,464.000000,464.028992
100,1,train,115,490.000000,490.469391
100,1,train,116,450.000000,450.102325
100,1,train,117,601.000000,601.302246
100,1,train,118,463.000000,462.234528
100,1,train,119,670.000000,670.045349
100,1,train,120,597.000000,597.078247
100,1,train,121,592.000000,591.845215
100,1,train,122,597.000000,596.981506
100,1,train,123,371.000000,374.449127
100,1,train,124,500.000000,500.000610
100,1,train,125,476.000000,475.911407
100,1,train,126,464.000000,463.918854
100,1,train,127,494.000000,493.698608
100,1,train,128,585.000000,585.112976
100,1,train,129,507.000000,507.271362
100,1,train,130,568.000000,568.003296
100,1,train,131,500.000000,500.039185
100,1,train,132,605.000000,605.353149
100,1,train,133,519.000000,519.102600
100,1,train,134,504.000000,503.824310
100,1,train,135,487.000000,486.691772
100,1,train,136,517.000000,517.003235
100,1,train,137,532.000000,531.867798
100,1,train,138,493.000000,493.041962
100,1,train,139,477.000000,477.164948
100,1,train,140,648.000000,647.768311
100,2,test,0,495.000000,540.071106
100,2,test,1,473.000000,505.458466
100,2,test,2,618.000000,578.641541
100,2,test,3,568.000000,567.110046
100,2,test,4,584.000000,568.652527
100,2,test,5,507.000000,545.756042
100,2,test,6,455.000000,547.645142
100,2,test,7,543.000000,508.153503
100,2,test,8,597.000000,585.739258
100,2,test,9,600.000000,579.435913
100,2,test,10,524.000000,559.510620
100,2,test,11,475.000000,453.532593
100,2,test,12,459.000000,494.449738
100,2,test,13,500.000000,502.987122
100,2,test,14,689.000000,616.315735
100,2,test,15,606.000000,554.314209
100,2,test,16,580.000000,549.795898
100,2,test,17,541.000000,572.315063
100,2,test,18,580.000000,562.275879
100,2,test,19,476.000000,540.365601
100,2,test,20,617.000000,515.163086
100,2,test,21,628.000000,602.630432
100,2,test,22,509.000000,501.433167
100,2,test,23,509.000000,497.722260
100,2,test,24,463.000000,499.909271
100,2,test,25,596.000000,595.837036
100,2,test,26,522.000000,521.875000
100,2,test,27,608.000000,558.854919
100,2,test,28,560.000000,529.219910
100,2,test,29,693.000000,574.543640
100,2,test,30,517.000000,525.239624
100,2,test,31,455.000000,543.352295
100,2,test,32,446.000000,535.291565
100,2,test,33,534.000000,515.483826
100,2,test,34,577.000000,542.270996
100,2,test,35,575.000000,512.708557
100,2,train,0,528.000000,527.838135
100,2,train,1,645.000000,641.627808
100,2,train,2,585.000000,584.955627
100,2,train,3,516.000000,516.282104
100,2,train,4,479.000000,479.324829
100,2,train,5,473.000000,472.381592
100,2,train,6,487.000000,487.466644
100,2,train,7,460.000000,463.465515
100,2,train,8,500.000000,498.856049
100,2,train,9,596.000000,593.939148
100,2,train,10,519.000000,519.159241
100,2,train,11,608.000000,608.190125
100,2,train,12,492.000000,492.614410
100,2,train,13,509.000000,508.342926
100,2,train,14,479.000000,479.567230
100,2,train,15,505.000000,504.881836
100,2,train,16,466.000000,467.410431
100,2,train,17,613.000000,612.699585
100,2,train,18,630.000000,629.159485
100,2,train,19,511.000000,511.331390
100,2,train,20,478.000000,478.676910
100,2,train,21,465.000000,468.645721
100,2,train,22,605.000000,603.765320
100,2,train,23,524.000000,521.878601
100,2,train,24,515.000000,515.214844
100,2,train,25,477.000000,477.645721
100,2,train,26,494.000000,493.088287
100,2,train,27,577.000000,575.418884
100,2,train,28,488.000000,487.233337
100,2,train,29,578.000000,577.590149
100,2,train,30,484.000000,483.975494
100,2,train,31,465.000000,465.649445
100,2,train,32,480.000000,476.292511
100,2,train,33,538.000000,538.467346
100,2,train,34,586.000000,585.444763
100,2,train,35,532.000000,531.235596
100,2,train,36,598.000000,597.364136
100,2,train,37,670.000000,666.154785
100,2,train,38,507.000000,507.298309
100,2,train,39,505.000000,505.084961
100,2,train,40,500.000000,500.509705
100,2,train,41,519.000000,518.897583
100,2,train,42,525.000000,524.947510
100,2,train,43,630.000000,621.375366
100,2,train,44,508.000000,507.880524
100,2,train,45,605.000000,603.696838
100,2,train,46,442.000000,442.492493
100,2,train,47,482.000000,482.661194
100,2,train,48,484.000000,482.855225
100,2,train,49,464.000000,464.916443
100,2,train,50,451.000000,452.107605
100,2,train,51,371.000000,408.805298
100,2,train,52,524.000000,524.360962
100,2,train,53,535.000000,533.665955
100,2,train,54,472.000000,471.454590
100,2,train,55,545.000000,543.837708
100,2,train,56,572.000000,571.616089
100,2,train,57,617.000000,616.704651
100,2,train,58,649.000000,645.606506
100,2,train,59,504.000000,504.088715
100,2,train,60,463.000000,460.117218
100,2,train,61,456.000000,460.516296
100,2,train,62,601.000000,600.981323
100,2,train,63,630.000000,629.818848
100,2,train,64,572.000000,571.784363
100,2,train,65,597.000000,596.793579
100,2,train,66,648.000000,646.104675
100,2,train,67,613.000000,612.699585
100,2,train,68,500.000000,500.884491
100,2,train,69,502.000000,502.832581
100,2,train,70,464.000000,464.472748
100,2,train,71,489.000000,490.025543
100,2,train,72,504.000000,504.521667
100,2,train,73,592.000000,591.768433
100,2,train,74,475.000000,475.353333
100,2,train,75,505.000000,504.883026
100,2,train,76,534.000000,534.229492
100,2,train,77,525.000000,523.653687
100,2,train,78,481.000000,482.232483
100,2,train,79,670.000000,666.154785
100,2,train,80,612.000000,610.634094
100,2,train,81,585.000000,584.667114
100,2,train,82,528.000000,528.865906
100,2,train,83,456.000000,456.217804
100,2,train,84,574.000000,573.873474
100,2,train,85,601.000000,600.217834
100,2,train,86,577.000000,575.756165
100,2,train,87,488.000000,488.309631
100,2,train,88,472.000000,471.234375
100,2,train,89,456.000000,457.571930
100,2,train,90,591.000000,590.442688
100,2,train,91,624.000000,623.663330
100,2,train,92,431.000000,441.483856
100,2,train,93,597.000000,596.739685
100,2,train,94,584.000000,582.233032
100,2,train,95,469.000000,468.416351
100,2,train,96,522.000000,521.654053
100,2,train,97,495.000000,492.913727
100,2,train,98,526.000000,526.004639
100,2,train,99,640.000000,639.443054
100,2,train,100,616.000000,616.058289
100,2,train,101,580.000000,579.494141
100,2,train,102,623.000000,620.255432
100,2,train,103,507.000000,506.431549
100,2,train,104,597.000000,596.174072
100,2,train,105,624.000000,622.675903
100,2,train,106,471.000000,472.575012
100,2,train,107,506.000000,511.843811
100,2,train,108,583.000000,582.202576
100,2,train,109,504.000000,504.806793
100,2,train,110,594.000000,590.740051
100,2,train,111,617.000000,616.704651
100,2,train,112,557.000000,558.640991
100,2,train,113,595.000000,595.318848
100,2,train,114,488.000000,488.540039
100,2,train,115,523.000000,524.992554
100,2,train,116,637.000000,636.466980
100,2,train,117,644.000000,641.415527
100,2,train,118,572.000000,571.616089
100,2,train,119,644.000000,642.059509
100,2,train,120,485.000000,485.824615
100,2,train,121,555.000000,555.216980
100,2,train,122,572.000000,571.784363
100,2,train,123,648.000000,647.487244
100,2,train,124,510.000000,509.979309
100,2,train,125,522.000000,521.676697
100,2,train,126,484.000000,484.265778
100,2,train,127,612.000000,611.693665
100,2,train,128,490.000000,490.372620
100,2,train,129,610.000000,609.089050
100,2,train,130,462.000000,462.163330
100,2,train,131,584.000000,583.880615
100,2,train,132,541.000000,541.135376
100,2,train,133,450.000000,450.983459
100,2,train,134,516.000000,516.429871
100,2,train,135,501.000000,501.092743
100,2,train,136,606.000000,604.850281
100,2,train,137,561.000000,557.535156
100,2,train,138,493.000000,493.279022
100,2,train,139,550.000000,549.694458
100,2,train,140,562.000000,558.408813
100,3,test,0,601.000000,605.660217
100,3,test,1,596.000000,585.527100
100,3,test,2,574.000000,572.407349
100,3,test,3,466.000000,484.638275
100,3,test,4,482.000000,546.836792
100,3,test,5,473.000000,502.229950
100,3,test,6,594.000000,557.939758
100,3,test,7,493.000000,530.874756
100,3,test,8,524.000000,582.820007
100,3,test,9,644.000000,564.102539
100,3,test,10,455.000000,525.727905
100,3,test,11,475.000000,457.306274
100,3,test,12,505.000000,545.502502
100,3,test,13,612.000000,606.622131
100,3,test,14,644.000000,578.943665
100,3,test,15,459.000000,501.833710
100,3,test,16,597.000000,593.125427
100,3,test,17,550.000000,553.436523
100,3,test,18,524.000000,544.694336
100,3,test,19,506.000000,605.936462
100,3,test,20,523.000000,577.671509
100,3,test,21,500.000000,523.093933
100,3,test,22,568.000000,583.402100
100,3,test,23,640.000000,647.801025
100,3,test,24,605.000000,628.036621
100,3,test,25,465.000000,478.287659
100,3,test,26,610.000000,582.768127
100,3,test,27,608.000000,539.868408
100,3,test,28,585.000000,608.333130
100,3,test,29,584.000000,504.778259
100,3,test,30,597.000000,571.063293
100,3,test,31,555.000000,565.894287
100,3,test,32,507.000000,496.054474
100,3,test,33,670.000000,668.890747
100,3,test,34,598.000000,523.683777
100,3,test,35,617.000000,505.661469
100,3,train,0,580.000000,579.953552
100,3,train,1,595.000000,595.490967
100,3,train,2,612.000000,611.474548
100,3,train,3,463.000000,462.985840
100,3,train,4,463.000000,463.228851
100,3,train,5,541.000000,542.945129
100,3,train,6,617.000000,617.264099
100,3,train,7,572.000000,572.098083
100,3,train,8,525.000000,527.382141
100,3,train,9,495.000000,494.669220
100,3,train,10,460.000000,460.332031
100,3,train,11,693.000000,686.445496
100,3,train,12,484.000000,484.251373
100,3,train,13,495.000000,494.919525
100,3,train,14,472.000000,471.679810
100,3,train,15,623.000000,622.738647
100,3,train,16,586.000000,585.874817
100,3,train,17,488.000000,488.092407
100,3,train,18,519.000000,518.096558
100,3,train,19,585.000000,585.604309
100,3,train,20,670.000000,668.890747
100,3,train,21,630.000000,630.255737
100,3,train,22,465.000000,467.032806
100,3,train,23,618.000000,617.825378
100,3,train,24,606.000000,606.573303
100,3,train,25,572.000000,571.935791
100,3,train,26,561.000000,560.065063
100,3,train,27,605.000000,605.070129
100,3,train,28,504.000000,504.446167
100,3,train,29,473.000000,473.436218
100,3,train,30,528.000000,527.511414
100,3,train,31,490.000000,489.367157
100,3,train,32,500.000000,499.814056
100,3,train,33,649.000000,648.722168
100,3,train,34,522.000000,522.349854
100,3,train,35,628.000000,628.049561
100,3,train,36,584.000000,584.992188
100,3,train,37,455.000000,457.366730
100,3,train,38,597.000000,597.058105
100,3,train,39,516.000000,516.578430
100,3,train,40,515.000000,514.836487
100,3,train,41,525.000000,523.517822
100,3,train,42,484.000000,482.833527
100,3,train,43,502.000000,501.554962
100,3,train,44,592.000000,591.638184
100,3,train,45,488.000000,488.061462
100,3,train,46,645.000000,645.006104
100,3,train,47,577.000000,576.439514
100,3,train,48,577.000000,576.968689
100,3,train,49,476.000000,476.274353
100,3,train,50,500.000000,500.209656
100,3,train,51,481.000000,480.372437
100,3,train,52,528.000000,528.606323
100,3,train,53,494.000000,493.790375
100,3,train,54,456.000000,456.650055
100,3,train,55,580.000000,580.636169
100,3,train,56,616.000000,617.293213
100,3,train,57,534.000000,534.972351
100,3,train,58,431.000000,433.870789
100,3,train,59,606.000000,604.026428
100,3,train,60,532.000000,530.759094
100,3,train,61,477.000000,477.081085
100,3,train,62,442.000000,441.605377
100,3,train,63,451.000000,450.831512
100,3,train,64,608.000000,607.220947
100,3,train,65,479.000000,478.874756
100,3,train,66,578.000000,577.528137
100,3,train,67,464.000000,463.467133
100,3,train,68,478.000000,478.015137
100,3,train,69,624.000000,623.749084
100,3,train,70,517.000000,518.293884
100,3,train,71,464.000000,465.507965
100,3,train,72,600.000000,600.095459
100,3,train,73,630.000000,629.019287
100,3,train,74,504.000000,503.713196
100,3,train,75,507.000000,507.441437
100,3,train,76,584.000000,584.546509
100,3,train,77,597.000000,596.501709
100,3,train,78,472.000000,473.549011
100,3,train,79,501.000000,500.233795
100,3,train,80,508.000000,508.766571
100,3,train,81,456.000000,456.408417
100,3,train,82,583.000000,580.638855
100,3,train,83,624.000000,623.569519
100,3,train,84,471.000000,470.678864
100,3,train,85,545.000000,545.052856
100,3,train,86,572.000000,571.935791
100,3,train,87,630.000000,629.515991
100,3,train,88,617.000000,617.264099
100,3,train,89,522.000000,522.257141
100,3,train,90,543.000000,542.585938
100,3,train,91,504.000000,503.958527
100,3,train,92,562.000000,559.685486
100,3,train,93,526.000000,525.814087
100,3,train,94,613.000000,613.253479
100,3,train,95,475.000000,474.378326
100,3,train,96,575.000000,575.078918
100,3,train,97,462.000000,461.218994
100,3,train,98,510.000000,510.020966
100,3,train,99,648.000000,648.065125
100,3,train,100,601.000000,600.901367
100,3,train,101,560.000000,558.122437
100,3,train,102,488.000000,488.462006
100,3,train,103,577.000000,576.891968
100,3,train,104,505.000000,505.363434
100,3,train,105,580.000000,579.710999
100,3,train,106,509.000000,509.114532
100,3,train,107,507.000000,507.621338
100,3,train,108,648.000000,647.513489
100,3,train,109,487.000000,486.750458
100,3,train,110,479.000000,479.016327
100,3,train,111,637.000000,637.115601
100,3,train,112,450.000000,450.196808
100,3,train,113,480.000000,479.696381
100,3,train,114,689.000000,689.240051
100,3,train,115,613.000000,613.253479
100,3,train,116,469.000000,470.432190
100,3,train,117,516.000000,516.507507
100,3,train,118,557.000000,557.404602
100,3,train,119,572.000000,572.098083
100,3,train,120,519.000000,519.372070
100,3,train,121,456.000000,457.739288
100,3,train,122,541.000000,540.514526
100,3,train,123,509.000000,507.873352
100,3,train,124,446.000000,446.755127
100,3,train,125,489.000000,488.770355
100,3,train,126,591.000000,590.723450
100,3,train,127,371.000000,372.783325
100,3,train,128,522.000000,522.006592
100,3,train,129,484.000000,484.777832
100,3,train,130,596.000000,597.063965
100,3,train,131,492.000000,492.281433
100,3,train,132,505.000000,503.772339
100,3,train,133,524.000000,522.962708
100,3,train,134,485.000000,485.619476
100,3,train,135,500.000000,499.720764
100,3,train,136,535.000000,535.216919
100,3,train,137,538.000000,537.802002
100,3,train,138,511.000000,510.914001
100,3,train,139,534.000000,534.307739
100,3,train,140,509.000000,508.958832
100,4,test,0,541.000000,559.065247
100,4,test,1,463.000000,531.435486
100,4,test,2,460.000000,563.877991
100,4,test,3,628.000000,599.621277
100,4,test,4,489.000000,553.978760
100,4,test,5,476.000000,525.400635
100,4,test,6,591.000000,556.916687
100,4,test,7,504.000000,490.572174
100,4,test,8,475.000000,480.956146
100,4,test,9,488.000000,479.219757
100,4,test,10,572.000000,550.919556
100,4,test,11,648.000000,535.840454
100,4,test,12,524.000000,511.742432
100,4,test,13,618.000000,578.875916
100,4,test,14,637.000000,599.386292
100,4,test,15,522.000000,509.529480
100,4,test,16,600.000000,583.100952
100,4,test,17,572.000000,550.919556
100,4,test,18,522.000000,517.398193
100,4,test,19,484.000000,529.026428
100,4,test,20,572.000000,569.711731
100,4,test,21,623.000000,555.682007
100,4,test,22,479.000000,497.508392
100,4,test,23,504.000000,509.947845
100,4,test,24,459.000000,502.610016
100,4,test,25,517.000000,526.975891
100,4,test,26,557.000000,590.197571
100,4,test,27,516.000000,525.640625
100,4,test,28,371.000000,526.390503
100,4,test,29,473.000000,539.346924
100,4,test,30,610.000000,596.441101
100,4,test,31,525.000000,553.679626
100,4,test,32,495.000000,533.908875
100,4,test,33,575.000000,524.303284
100,4,test,34,488.000000,510.771393
100,4,test,35,464.000000,476.582855
100,4,train,0,545.000000,547.001587
100,4,train,1,525.000000,519.538574
100,4,train,2,541.000000,543.153931
100,4,train,3,617.000000,596.826843
100,4,train,4,500.000000,502.883698
100,4,train,5,580.000000,580.497986
100,4,train,6,693.000000,650.849182
100,4,train,7,464.000000,474.232056
100,4,train,8,451.000000,456.791077
100,4,train,9,463.000000,464.398621
100,4,train,10,585.000000,587.458862
100,4,train,11,477.000000,479.445923
100,4,train,12,568.000000,567.684143
100,4,train,13,500.000000,500.221680
100,4,train,14,522.000000,520.827393
100,4,train,15,585.000000,584.567993
100,4,train,16,613.000000,612.112366
100,4,train,17,577.000000,575.423157
100,4,train,18,577.000000,573.407959
100,4,train,19,505.000000,505.104065
100,4,train,20,584.000000,579.237183
100,4,train,21,509.000000,508.914215
100,4,train,22,488.000000,488.177673
100,4,train,23,508.000000,507.709412
100,4,train,24,574.000000,571.938477
100,4,train,25,479.000000,479.055634
100,4,train,26,630.000000,628.315613
100,4,train,27,605.000000,601.371277
100,4,train,28,617.000000,616.530396
100,4,train,29,608.000000,604.131836
100,4,train,30,507.000000,507.567505
100,4,train,31,505.000000,505.618530
100,4,train,32,597.000000,596.609558
100,4,train,33,507.000000,505.784760
100,4,train,34,645.000000,636.559998
100,4,train,35,455.000000,465.312317
100,4,train,36,515.000000,515.092407
100,4,train,37,584.000000,583.888733
100,4,train,38,597.000000,596.639221
100,4,train,39,446.000000,461.867401
100,4,train,40,580.000000,578.847107
100,4,train,41,594.000000,591.437378
100,4,train,42,455.000000,466.473572
100,4,train,43,471.000000,478.790924
100,4,train,44,482.000000,482.993561
100,4,train,45,506.000000,520.627930
100,4,train,46,478.000000,479.699524
100,4,train,47,490.000000,490.766571
100,4,train,48,450.000000,458.266235
100,4,train,49,577.000000,572.239624
100,4,train,50,500.000000,498.786255
100,4,train,51,507.000000,509.596405
100,4,train,52,550.000000,549.026672
100,4,train,53,670.000000,661.908142
100,4,train,54,606.000000,605.045349
100,4,train,55,456.000000,466.332306
100,4,train,56,586.000000,583.699585
100,4,train,57,469.000000,481.931244
100,4,train,58,543.000000,541.545044
100,4,train,59,456.000000,470.655609
100,4,train,60,595.000000,593.587036
100,4,train,61,596.000000,590.892883
100,4,train,62,598.000000,592.643127
100,4,train,63,612.000000,608.914917
100,4,train,64,510.000000,510.630310
100,4,train,65,616.000000,617.738953
100,4,train,66,528.000000,528.222534
100,4,train,67,484.000000,486.181702
100,4,train,68,689.000000,662.925293
100,4,train,69,480.000000,483.246490
100,4,train,70,592.000000,591.152100
100,4,train,71,596.000000,595.645508
100,4,train,72,528.000000,529.166138
100,4,train,73,524.000000,524.385559
100,4,train,74,605.000000,600.727173
100,4,train,75,601.000000,601.190430
100,4,train,76,612.000000,609.817078
100,4,train,77,617.000000,616.530396
100,4,train,78,494.000000,494.412170
100,4,train,79,484.000000,486.162872
100,4,train,80,502.000000,503.549561
100,4,train,81,555.000000,554.475586
100,4,train,82,534.000000,528.624939
100,4,train,83,597.000000,596.104919
100,4,train,84,562.000000,554.833313
100,4,train,85,560.000000,557.931824
100,4,train,86,640.000000,636.955750
100,4,train,87,493.000000,492.910980
100,4,train,88,648.000000,646.520447
100,4,train,89,583.000000,581.369751
100,4,train,90,472.000000,475.202759
100,4,train,91,644.000000,636.450073
100,4,train,92,485.000000,490.070648
100,4,train,93,442.000000,451.986908
100,4,train,94,578.000000,577.545776
100,4,train,95,487.000000,488.112488
100,4,train,96,613.000000,612.112366
100,4,train,97,505.000000,507.385712
100,4,train,98,524.000000,525.442261
100,4,train,99,473.000000,474.638397
100,4,train,100,501.000000,500.226440
100,4,train,101,561.000000,557.294922
100,4,train,102,504.000000,505.008148
100,4,train,103,495.000000,493.137634
100,4,train,104,462.000000,465.150299
100,4,train,105,584.000000,583.379761
100,4,train,106,670.000000,661.908142
100,4,train,107,465.000000,467.444763
100,4,train,108,456.000000,460.650787
100,4,train,109,475.000000,473.174896
100,4,train,110,481.000000,483.076874
100,4,train,111,624.000000,623.054749
100,4,train,112,431.000000,456.932129
100,4,train,113,509.000000,504.077362
100,4,train,114,580.000000,577.736206
100,4,train,115,500.000000,501.251923
100,4,train,116,630.000000,609.281006
100,4,train,117,526.000000,524.431396
100,4,train,118,534.000000,535.121155
100,4,train,119,492.000000,497.667847
100,4,train,120,535.000000,533.519287
100,4,train,121,538.000000,538.199280
100,4,train,122,511.000000,513.165283
100,4,train,123,624.000000,620.890869
100,4,train,124,519.000000,517.957642
100,4,train,125,644.000000,635.423035
100,4,train,126,608.000000,607.642944
100,4,train,127,601.000000,601.741272
100,4,train,128,465.000000,482.999939
100,4,train,129,472.000000,483.828217
100,4,train,130,509.000000,506.696075
100,4,train,131,466.000000,468.445404
100,4,train,132,572.000000,569.711731
100,4,train,133,523.000000,526.542725
100,4,train,134,532.000000,531.992981
100,4,train,135,597.000000,594.831116
100,4,train,136,630.000000,628.775940
100,4,train,137,516.000000,517.336792
100,4,train,138,519.000000,519.590393
100,4,train,139,649.000000,631.529724
100,4,train,140,606.000000,598.529846
100,5,test,0,482.000000,507.626923
100,5,test,1,601.000000,606.273376
100,5,test,2,475.000000,477.060364
100,5,test,3,605.000000,582.587463
100,5,test,4,617.000000,542.671448
100,5,test,5,465.000000,602.020691
100,5,test,6,689.000000,623.825867
100,5,test,7,616.000000,659.885010
100,5,test,8,522.000000,527.513855
100,5,test,9,500.000000,530.366882
100,5,test,10,598.000000,554.554993
100,5,test,11,560.000000,565.602051
100,5,test,12,500.000000,469.314667
100,5,test,13,594.000000,560.236145
100,5,test,14,509.000000,476.355988
100,5,test,15,568.000000,593.987122
100,5,test,16,600.000000,613.101868
100,5,test,17,580.000000,512.420349
100,5,test,18,577.000000,568.690613
100,5,test,19,535.000000,505.000793
100,5,test,20,618.000000,584.874207
100,5,test,21,534.000000,585.525513
100,5,test,22,489.000000,520.925293
100,5,test,23,617.000000,618.465698
100,5,test,24,591.000000,564.296692
100,5,test,25,456.000000,557.195435
100,5,test,26,606.000000,592.350586
100,5,test,27,605.000000,627.243713
100,5,test,28,472.000000,549.445801
100,5,test,29,516.000000,537.903381
100,5,test,30,473.000000,498.347687
100,5,test,31,504.000000,495.469971
100,5,test,32,475.000000,493.847412
100,5,test,33,505.000000,506.070618
100,5,test,34,465.000000,468.765656
100,5,test,35,596.000000,613.921997
100,5,train,0,644.000000,643.307373
100,5,train,1,541.000000,539.958374
100,5,train,2,525.000000,526.909180
100,5,train,3,670.000000,669.503967
100,5,train,4,517.000000,518.820496
100,5,train,5,480.000000,480.672180
100,5,train,6,524.000000,522.517761
100,5,train,7,463.000000,461.367188
100,5,train,8,464.000000,466.469116
100,5,train,9,511.000000,510.708527
100,5,train,10,490.000000,489.674591
100,5,train,11,495.000000,496.405975
100,5,train,12,584.000000,583.896423
100,5,train,13,597.000000,595.593140
100,5,train,14,528.000000,527.226929
100,5,train,15,597.000000,596.494507
100,5,train,16,525.000000,522.482971
100,5,train,17,371.000000,373.146118
100,5,train,18,500.000000,500.952240
100,5,train,19,488.000000,488.064301
100,5,train,20,510.000000,509.872070
100,5,train,21,459.000000,459.652100
100,5,train,22,584.000000,581.605469
100,5,train,23,550.000000,549.312317
100,5,train,24,464.000000,463.660034
100,5,train,25,577.000000,573.933594
100,5,train,26,601.000000,601.320129
100,5,train,27,534.000000,532.991150
100,5,train,28,524.000000,525.658081
100,5,train,29,578.000000,578.688599
100,5,train,30,555.000000,554.740967
100,5,train,31,630.000000,628.740662
100,5,train,32,492.000000,492.082001
100,5,train,33,479.000000,478.239075
100,5,train,34,597.000000,597.805054
100,5,train,35,505.000000,504.705048
100,5,train,36,485.000000,486.933228
100,5,train,37,462.000000,461.403198
100,5,train,38,493.000000,492.463776
100,5,train,39,580.000000,579.607788
100,5,train,40,507.000000,507.296112
100,5,train,41,584.000000,585.446777
100,5,train,42,612.000000,609.811035
100,5,train,43,487.000000,485.008179
100,5,train,44,519.000000,520.490845
100,5,train,45,456.000000,458.342316
100,5,train,46,613.000000,613.142639
100,5,train,47,557.000000,557.681091
100,5,train,48,624.000000,623.693604
100,5,train,49,561.000000,559.827087
100,5,train,50,585.000000,583.515930
100,5,train,51,501.000000,500.959900
100,5,train,52,648.000000,647.776855
100,5,train,53,572.000000,571.865723
100,5,train,54,640.000000,640.933044
100,5,train,55,431.000000,434.562500
100,5,train,56,455.000000,455.287964
100,5,train,57,476.000000,477.896545
100,5,train,58,481.000000,479.631714
100,5,train,59,606.000000,602.781616
100,5,train,60,484.000000,484.480072
100,5,train,61,505.000000,504.727631
100,5,train,62,645.000000,642.752075
100,5,train,63,456.000000,457.415527
100,5,train,64,596.000000,597.419067
100,5,train,65,543.000000,540.335815
100,5,train,66,506.000000,513.553162
100,5,train,67,488.000000,486.630981
100,5,train,68,624.000000,622.821777
100,5,train,69,526.000000,525.575745
100,5,train,70,516.000000,516.722290
100,5,train,71,507.000000,507.024872
100,5,train,72,693.000000,692.543884
100,5,train,73,442.000000,442.215485
100,5,train,74,628.000000,627.356262
100,5,train,75,574.000000,575.026917
100,5,train,76,446.000000,445.966980
100,5,train,77,500.000000,499.690613
100,5,train,78,610.000000,609.921692
100,5,train,79,477.000000,477.537506
100,5,train,80,528.000000,528.521790
100,5,train,81,504.000000,507.169312
100,5,train,82,572.000000,571.865723
100,5,train,83,460.000000,462.043762
100,5,train,84,509.000000,509.007080
100,5,train,85,545.000000,545.785522
100,5,train,86,562.000000,560.016113
100,5,train,87,613.000000,613.142639
100,5,train,88,585.000000,586.284790
100,5,train,89,637.000000,636.344421
100,5,train,90,580.000000,579.881897
100,5,train,91,484.000000,483.921906
100,5,train,92,524.000000,525.966370
100,5,train,93,572.000000,572.555359
100,5,train,94,522.000000,522.647949
100,5,train,95,595.000000,596.337158
100,5,train,96,577.000000,577.019897
100,5,train,97,466.000000,465.271362
100,5,train,98,451.000000,450.427094
100,5,train,99,617.000000,618.465698
100,5,train,100,508.000000,507.581421
100,5,train,101,488.000000,487.407623
100,5,train,102,648.000000,647.485657
100,5,train,103,484.000000,484.115265
100,5,train,104,644.000000,640.865417
100,5,train,105,592.000000,592.593323
100,5,train,106,541.000000,541.630310
100,5,train,107,612.000000,611.560425
100,5,train,108,623.000000,622.077942
100,5,train,109,522.000000,522.577393
100,5,train,110,469.000000,469.867035
100,5,train,111,507.000000,505.615173
100,5,train,112,538.000000,537.982239
100,5,train,113,523.000000,524.204712
100,5,train,114,463.000000,462.475494
100,5,train,115,649.000000,645.290649
100,5,train,116,572.000000,572.555359
100,5,train,117,519.000000,517.686829
100,5,train,118,608.000000,606.883606
100,5,train,119,509.000000,509.502289
100,5,train,120,532.000000,531.351013
100,5,train,121,583.000000,577.664429
100,5,train,122,494.000000,493.637604
100,5,train,123,502.000000,502.081024
100,5,train,124,670.000000,669.503967
100,5,train,125,630.000000,625.676208
100,5,train,126,455.000000,458.256500
100,5,train,127,608.000000,608.918213
100,5,train,128,586.000000,583.605774
100,5,train,129,471.000000,472.572174
100,5,train,130,575.000000,576.769470
100,5,train,131,473.000000,473.927368
100,5,train,132,450.000000,453.014801
100,5,train,133,478.000000,478.533630
100,5,train,134,597.000000,597.486877
100,5,train,135,479.000000,479.105164
100,5,train,136,472.000000,472.323792
100,5,train,137,495.000000,495.312042
100,5,train,138,504.000000,503.838257
100,5,train,139,515.000000,515.556030
100,5,train,140,630.000000,632.135559
100,6,test,0,493.000000,503.319794
100,6,test,1,596.000000,589.179688
100,6,test,2,509.000000,504.021729
100,6,test,3,585.000000,587.469421
100,6,test,4,525.000000,491.790344
100,6,test,5,577.000000,547.021118
100,6,test,6,500.000000,511.155640
100,6,test,7,516.000000,518.438049
100,6,test,8,617.000000,617.111755
100,6,test,9,459.000000,499.912567
100,6,test,10,630.000000,542.029541
100,6,test,11,451.000000,497.644318
100,6,test,12,516.000000,522.957397
100,6,test,13,555.000000,566.559937
100,6,test,14,644.000000,581.737305
100,6,test,15,580.000000,549.926697
100,6,test,16,541.000000,573.709045
100,6,test,17,597.000000,582.027344
100,6,test,18,489.000000,549.580078
100,6,test,19,522.000000,518.544617
100,6,test,20,464.000000,502.528595
100,6,test,21,463.000000,481.923706
100,6,test,22,584.000000,569.990845
100,6,test,23,538.000000,536.306580
100,6,test,24,644.000000,576.243958
100,6,test,25,455.000000,514.014221
100,6,test,26,484.000000,514.844788
100,6,test,27,484.000000,522.662842
100,6,test,28,476.000000,543.245483
100,6,test,29,624.000000,574.010864
100,6,test,30,481.000000,518.152344
100,6,test,31,528.000000,516.337097
100,6,test,32,463.000000,482.866089
100,6,test,33,670.000000,667.510376
100,6,test,34,613.000000,612.662292
100,6,test,35,446.000000,530.668579
100,6,train,0,560.000000,559.096619
100,6,train,1,689.000000,680.974060
100,6,train,2,371.000000,405.288544
100,6,train,3,601.000000,601.260742
100,6,train,4,492.000000,493.947906
100,6,train,5,482.000000,482.711639
100,6,train,6,648.000000,647.468567
100,6,train,7,586.000000,585.467957
100,6,train,8,442.000000,443.075378
100,6,train,9,630.000000,629.130920
100,6,train,10,473.000000,473.515076
100,6,train,11,572.000000,571.633362
100,6,train,12,630.000000,630.137878
100,6,train,13,605.000000,606.754517
100,6,train,14,624.000000,623.684814
100,6,train,15,648.000000,645.613403
100,6,train,16,506.000000,511.881256
100,6,train,17,572.000000,571.664124
100,6,train,18,628.000000,625.294617
100,6,train,19,495.000000,497.096405
100,6,train,20,572.000000,571.664124
100,6,train,21,545.000000,545.411804
100,6,train,22,465.000000,467.283875
100,6,train,23,616.000000,619.365051
100,6,train,24,507.000000,507.492462
100,6,train,25,617.000000,617.111755
100,6,train,26,478.000000,478.410645
100,6,train,27,584.000000,582.495178
100,6,train,28,510.000000,512.115601
100,6,train,29,515.000000,515.518555
100,6,train,30,605.000000,604.346497
100,6,train,31,504.000000,504.528809
100,6,train,32,608.000000,608.621704
100,6,train,33,597.000000,596.377014
100,6,train,34,594.000000,592.028931
100,6,train,35,472.000000,470.730225
100,6,train,36,572.000000,571.633362
100,6,train,37,574.000000,574.016907
100,6,train,38,649.000000,645.526733
100,6,train,39,464.000000,465.052307
100,6,train,40,473.000000,471.311554
100,6,train,41,431.000000,437.629852
100,6,train,42,507.000000,506.651062
100,6,train,43,523.000000,525.159607
100,6,train,44,504.000000,503.766479
100,6,train,45,532.000000,531.462280
100,6,train,46,456.000000,457.671570
100,6,train,47,606.000000,603.158508
100,6,train,48,526.000000,525.533569
100,6,train,49,598.000000,596.020325
100,6,train,50,475.000000,473.721405
100,6,train,51,519.000000,518.708435
100,6,train,52,460.000000,462.155670
100,6,train,53,580.000000,579.769714
100,6,train,54,597.000000,597.276306
100,6,train,55,575.000000,573.384827
100,6,train,56,485.000000,486.120728
100,6,train,57,524.000000,523.890381
100,6,train,58,500.000000,499.357971
100,6,train,59,456.000000,460.188232
100,6,train,60,477.000000,477.410126
100,6,train,61,455.000000,458.441589
100,6,train,62,495.000000,494.823578
100,6,train,63,488.000000,488.553375
100,6,train,64,508.000000,507.780243
100,6,train,65,645.000000,644.165039
100,6,train,66,585.000000,585.503967
100,6,train,67,583.000000,582.697388
100,6,train,68,528.000000,527.976379
100,6,train,69,562.000000,560.298828
100,6,train,70,500.000000,501.020477
100,6,train,71,535.000000,535.216858
100,6,train,72,610.000000,608.951782
100,6,train,73,557.000000,558.625854
100,6,train,74,479.000000,479.660126
100,6,train,75,534.000000,532.786926
100,6,train,76,541.000000,540.861328
100,6,train,77,488.000000,487.684418
100,6,train,78,637.000000,636.904236
100,6,train,79,534.000000,534.749634
100,6,train,80,504.000000,505.244202
100,6,train,81,578.000000,577.709106
100,6,train,82,450.000000,452.185608
100,6,train,83,511.000000,511.961456
100,6,train,84,580.000000,578.949524
100,6,train,85,600.000000,599.649292
100,6,train,86,693.000000,670.854431
100,6,train,87,522.000000,521.999207
100,6,train,88,479.000000,479.414948
100,6,train,89,608.000000,607.200684
100,6,train,90,561.000000,559.730469
100,6,train,91,584.000000,583.855408
100,6,train,92,505.000000,505.243713
100,6,train,93,519.000000,519.316833
100,6,train,94,484.000000,483.341339
100,6,train,95,595.000000,595.260010
100,6,train,96,577.000000,574.995667
100,6,train,97,494.000000,493.412811
100,6,train,98,612.000000,610.500000
100,6,train,99,601.000000,600.962769
100,6,train,100,596.000000,594.041931
100,6,train,101,524.000000,524.815613
100,6,train,102,618.000000,617.263794
100,6,train,103,597.000000,596.007568
100,6,train,104,500.000000,499.164429
100,6,train,105,465.000000,467.662628
100,6,train,106,606.000000,606.867188
100,6,train,107,577.000000,573.563171
100,6,train,108,522.000000,521.859802
100,6,train,109,613.000000,612.662292
100,6,train,110,490.000000,492.955017
100,6,train,111,509.000000,508.318359
100,6,train,112,505.000000,505.216766
100,6,train,113,462.000000,461.494598
100,6,train,114,543.000000,542.250427
100,6,train,115,507.000000,503.789795
100,6,train,116,456.000000,456.998199
100,6,train,117,670.000000,667.510376
100,6,train,118,550.000000,549.519592
100,6,train,119,524.000000,523.285278
100,6,train,120,502.000000,503.007172
100,6,train,121,517.000000,517.777161
100,6,train,122,612.000000,611.325928
100,6,train,123,617.000000,608.981873
100,6,train,124,472.000000,472.111115
100,6,train,125,623.000000,622.037354
100,6,train,126,592.000000,591.546204
100,6,train,127,469.000000,470.673981
100,6,train,128,488.000000,488.609741
100,6,train,129,591.000000,590.494690
100,6,train,130,525.000000,525.026550
100,6,train,131,501.000000,501.397766
100,6,train,132,475.000000,475.216705
100,6,train,133,568.000000,566.076294
100,6,train,134,480.000000,476.523102
100,6,train,135,471.000000,473.048248
100,6,train,136,640.000000,639.479126
100,6,train,137,487.000000,487.120819
100,6,train,138,466.000000,467.719574
100,6,train,139,509.000000,508.459351
100,6,train,140,505.000000,505.318481
100,7,test,0,623.000000,506.696838
100,7,test,1,456.000000,487.949524
100,7,test,2,606.000000,572.587463
100,7,test,3,597.000000,606.860901
100,7,test,4,624.000000,613.956238
100,7,test,5,524.000000,572.047607
100,7,test,6,543.000000,535.742493
100,7,test,7,507.000000,500.315155
100,7,test,8,502.000000,514.501587
100,7,test,9,561.000000,475.428955
100,7,test,10,597.000000,591.441833
100,7,test,11,644.000000,639.967834
100,7,test,12,481.000000,528.262634
100,7,test,13,572.000000,571.957397
100,7,test,14,526.000000,559.511658
100,7,test,15,451.000000,482.747620
100,7,test,16,463.000000,458.556549
100,7,test,17,670.000000,669.104980
100,7,test,18,578.000000,509.609131
100,7,test,19,504.000000,535.273804
100,7,test,20,517.000000,569.187866
100,7,test,21,488.000000,484.001129
100,7,test,22,507.000000,546.066101
100,7,test,23,478.000000,508.415771
100,7,test,24,617.000000,617.405884
100,7,test,25,689.000000,598.854004
100,7,test,26,613.000000,612.929932
100,7,test,27,630.000000,627.980408
100,7,test,28,541.000000,522.578247
100,7,test,29,693.000000,587.604797
100,7,test,30,628.000000,602.965332
100,7,test,31,583.000000,561.644470
100,7,test,32,522.000000,488.152710
100,7,test,33,500.000000,536.626831
100,7,test,34,466.000000,499.308716
100,7,test,35,519.000000,514.846436
100,7,train,0,490.000000,490.015778
100,7,train,1,577.000000,576.990112
100,7,train,2,584.000000,584.138123
100,7,train,3,586.000000,585.941040
100,7,train,4,509.000000,509.083252
100,7,train,5,504.000000,504.037842
100,7,train,6,494.000000,494.829651
100,7,train,7,516.000000,515.873474
100,7,train,8,648.000000,647.992920
100,7,train,9,577.000000,576.908752
100,7,train,10,455.000000,455.031586
100,7,train,11,505.000000,504.936340
100,7,train,12,509.000000,508.961151
100,7,train,13,492.000000,492.099060
100,7,train,14,670.000000,669.104980
100,7,train,15,463.000000,463.064270
100,7,train,16,605.000000,604.860291
100,7,train,17,456.000000,456.075714
100,7,train,18,596.000000,595.480835
100,7,train,19,506.000000,505.990021
100,7,train,20,580.000000,579.921570
100,7,train,21,598.000000,597.751099
100,7,train,22,594.000000,593.854858
100,7,train,23,618.000000,617.888062
100,7,train,24,613.000000,612.929932
100,7,train,25,446.000000,446.140350
100,7,train,26,601.000000,600.992859
100,7,train,27,500.000000,500.028900
100,7,train,28,505.000000,504.979675
100,7,train,29,480.000000,480.203278
100,7,train,30,455.000000,455.141846
100,7,train,31,591.000000,590.869324
100,7,train,32,471.000000,470.964233
100,7,train,33,608.000000,608.011292
100,7,train,34,624.000000,623.642334
100,7,train,35,524.000000,523.879456
100,7,train,36,450.000000,450.126648
100,7,train,37,479.000000,478.968140
100,7,train,38,575.000000,574.907227
100,7,train,39,612.000000,611.864746
100,7,train,40,484.000000,484.001678
100,7,train,41,572.000000,571.840759
100,7,train,42,472.000000,471.977875
100,7,train,43,510.000000,510.156219
100,7,train,44,487.000000,487.833252
100,7,train,45,431.000000,431.274292
100,7,train,46,485.000000,484.963745
100,7,train,47,580.000000,581.500549
100,7,train,48,475.000000,474.898346
100,7,train,49,616.000000,615.881042
100,7,train,50,465.000000,464.910461
100,7,train,51,525.000000,525.111023
100,7,train,52,484.000000,484.086365
100,7,train,53,509.000000,509.058472
100,7,train,54,560.000000,560.609131
100,7,train,55,572.000000,571.957397
100,7,train,56,504.000000,504.203400
100,7,train,57,606.000000,605.969727
100,7,train,58,456.000000,456.119232
100,7,train,59,600.000000,599.892456
100,7,train,60,488.000000,488.039856
100,7,train,61,442.000000,441.999939
100,7,train,62,550.000000,549.834045
100,7,train,63,596.000000,595.862244
100,7,train,64,507.000000,507.206512
100,7,train,65,460.000000,459.746399
100,7,train,66,601.000000,600.926453
100,7,train,67,488.000000,487.922241
100,7,train,68,528.000000,527.969971
100,7,train,69,522.000000,521.991028
100,7,train,70,645.000000,645.114319
100,7,train,71,495.000000,495.078918
100,7,train,72,545.000000,545.052734
100,7,train,73,610.000000,609.983887
100,7,train,74,523.000000,523.195435
100,7,train,75,482.000000,482.027161
100,7,train,76,511.000000,511.037659
100,7,train,77,535.000000,533.936890
100,7,train,78,648.000000,647.934143
100,7,train,79,597.000000,597.119873
100,7,train,80,473.000000,472.033630
100,7,train,81,541.000000,541.117981
100,7,train,82,612.000000,611.962402
100,7,train,83,489.000000,489.059570
100,7,train,84,477.000000,477.035492
100,7,train,85,495.000000,495.043488
100,7,train,86,585.000000,584.957214
100,7,train,87,465.000000,465.030792
100,7,train,88,630.000000,625.598938
100,7,train,89,617.000000,616.193481
100,7,train,90,637.000000,636.991211
100,7,train,91,519.000000,518.808960
100,7,train,92,500.000000,500.731659
100,7,train,93,476.000000,476.061462
100,7,train,94,479.000000,478.932739
100,7,train,95,649.000000,648.927246
100,7,train,96,617.000000,617.405884
100,7,train,97,464.000000,464.045471
100,7,train,98,464.000000,464.288422
100,7,train,99,584.000000,584.021973
100,7,train,100,577.000000,576.868713
100,7,train,101,524.000000,524.127869
100,7,train,102,605.000000,605.027527
100,7,train,103,462.000000,461.968292
100,7,train,104,522.000000,522.013184
100,7,train,105,515.000000,514.869873
100,7,train,106,475.000000,475.003418
100,7,train,107,584.000000,583.857239
100,7,train,108,562.000000,561.972046
100,7,train,109,630.000000,629.992676
100,7,train,110,532.000000,532.138184
100,7,train,111,555.000000,555.203552
100,7,train,112,644.000000,643.917725
100,7,train,113,528.000000,528.288452
100,7,train,114,574.000000,574.179871
100,7,train,115,597.000000,596.933655
100,7,train,116,534.000000,533.994507
100,7,train,117,534.000000,533.881348
100,7,train,118,557.000000,557.015747
100,7,train,119,608.000000,608.062073
100,7,train,120,525.000000,524.711487
100,7,train,121,459.000000,459.088287
100,7,train,122,472.000000,471.340881
100,7,train,123,501.000000,500.895996
100,7,train,124,538.000000,537.954285
100,7,train,125,508.000000,508.145111
100,7,train,126,505.000000,504.689270
100,7,train,127,592.000000,591.997009
100,7,train,128,500.000000,500.567749
100,7,train,129,580.000000,580.128967
100,7,train,130,469.000000,469.121979
100,7,train,131,585.000000,584.848511
100,7,train,132,493.000000,492.937286
100,7,train,133,473.000000,473.043976
100,7,train,134,371.000000,374.760345
100,7,train,135,516.000000,516.038757
100,7,train,136,572.000000,571.840759
100,7,train,137,484.000000,484.090546
100,7,train,138,595.000000,595.099304
100,7,train,139,568.000000,568.031372
100,7,train,140,640.000000,639.959290
100,8,test,0,511.000000,534.453979
100,8,test,1,601.000000,580.657104
100,8,test,2,572.000000,571.415955
100,8,test,3,475.000000,496.904785
100,8,test,4,562.000000,516.106873
100,8,test,5,617.000000,632.527039
100,8,test,6,689.000000,651.431091
100,8,test,7,591.000000,523.526611
100,8,test,8,534.000000,567.758789
100,8,test,9,624.000000,582.329956
100,8,test,10,601.000000,592.463074
100,8,test,11,568.000000,592.616516
100,8,test,12,462.000000,512.097229
100,8,test,13,473.000000,515.785217
100,8,test,14,519.000000,516.367981
100,8,test,15,595.000000,601.041931
100,8,test,16,455.000000,546.813232
100,8,test,17,555.000000,518.812744
100,8,test,18,586.000000,547.949890
100,8,test,19,525.000000,565.603149
100,8,test,20,597.000000,539.494080
100,8,test,21,617.000000,632.527039
100,8,test,22,605.000000,543.123901
100,8,test,23,528.000000,530.083130
100,8,test,24,446.000000,514.891785
100,8,test,25,476.000000,534.120789
100,8,test,26,475.000000,458.013062
100,8,test,27,612.000000,607.823364
100,8,test,28,465.000000,571.521606
100,8,test,29,583.000000,550.722961
100,8,test,30,488.000000,512.478394
100,8,test,31,431.000000,508.564819
100,8,test,32,507.000000,487.963074
100,8,test,33,606.000000,559.713318
100,8,test,34,481.000000,512.549377
100,8,test,35,526.000000,524.699402
100,8,train,0,630.000000,629.498901
100,8,train,1,510.000000,509.482971
100,8,train,2,617.000000,611.665222
100,8,train,3,577.000000,576.875610
100,8,train,4,488.000000,487.318207
100,8,train,5,506.000000,510.537628
100,8,train,6,471.000000,471.153595
100,8,train,7,505.000000,504.997742
100,8,train,8,504.000000,503.941193
100,8,train,9,484.000000,484.296814
100,8,train,10,515.000000,515.119629
100,8,train,11,557.000000,560.742737
100,8,train,12,456.000000,460.750092
100,8,train,13,487.000000,486.011322
100,8,train,14,572.000000,572.239624
100,8,train,15,630.000000,629.975647
100,8,train,16,538.000000,537.994324
100,8,train,17,608.000000,607.823364
100,8,train,18,371.000000,392.394073
100,8,train,19,580.000000,579.283936
100,8,train,20,584.000000,583.129883
100,8,train,21,580.000000,577.945496
100,8,train,22,500.000000,499.521362
100,8,train,23,623.000000,619.812073
100,8,train,24,495.000000,496.009888
100,8,train,25,561.000000,560.671875
100,8,train,26,628.000000,622.661743
100,8,train,27,492.000000,492.187012
100,8,train,28,574.000000,573.121216
100,8,train,29,472.000000,472.681366
100,8,train,30,509.000000,508.742920
100,8,train,31,480.000000,480.680725
100,8,train,32,516.000000,516.182617
100,8,train,33,637.000000,637.184265
100,8,train,34,613.000000,613.428772
100,8,train,35,608.000000,607.750854
100,8,train,36,524.000000,523.965271
100,8,train,37,519.000000,518.243469
100,8,train,38,597.000000,596.701050
100,8,train,39,606.000000,605.788818
100,8,train,40,523.000000,522.942017
100,8,train,41,488.000000,489.842255
100,8,train,42,477.000000,476.886719
100,8,train,43,456.000000,456.864990
100,8,train,44,618.000000,619.244690
100,8,train,45,509.000000,508.686371
100,8,train,46,493.000000,492.116333
100,8,train,47,575.000000,574.945618
100,8,train,48,577.000000,576.970398
100,8,train,49,501.000000,501.455963
100,8,train,50,585.000000,585.953430
100,8,train,51,596.000000,590.978271
100,8,train,52,463.000000,463.289917
100,8,train,53,649.000000,647.276794
100,8,train,54,598.000000,597.090027
100,8,train,55,693.000000,690.225159
100,8,train,56,630.000000,629.779419
100,8,train,57,508.000000,507.452209
100,8,train,58,469.000000,469.181702
100,8,train,59,472.000000,472.048615
100,8,train,60,524.000000,527.057922
100,8,train,61,545.000000,544.347595
100,8,train,62,597.000000,597.335083
100,8,train,63,543.000000,539.894104
100,8,train,64,484.000000,484.489105
100,8,train,65,525.000000,521.580505
100,8,train,66,580.000000,580.120911
100,8,train,67,522.000000,522.264771
100,8,train,68,505.000000,504.476288
100,8,train,69,504.000000,503.924469
100,8,train,70,450.000000,450.426697
100,8,train,71,478.000000,478.319397
100,8,train,72,495.000000,494.894775
100,8,train,73,624.000000,623.023804
100,8,train,74,584.000000,583.996643
100,8,train,75,459.000000,459.495361
100,8,train,76,500.000000,498.797119
100,8,train,77,594.000000,591.490234
100,8,train,78,616.000000,617.293091
100,8,train,79,541.000000,541.078552
100,8,train,80,560.000000,559.836243
100,8,train,81,644.000000,641.390625
100,8,train,82,505.000000,505.588257
100,8,train,83,494.000000,491.604736
100,8,train,84,463.000000,459.901947
100,8,train,85,648.000000,647.297729
100,8,train,86,592.000000,592.188965
100,8,train,87,464.000000,464.381317
100,8,train,88,484.000000,483.617188
100,8,train,89,504.000000,505.389435
100,8,train,90,585.000000,584.087097
100,8,train,91,645.000000,641.370850
100,8,train,92,479.000000,479.081696
100,8,train,93,578.000000,576.580627
100,8,train,94,541.000000,540.576904
100,8,train,95,455.000000,455.243774
100,8,train,96,610.000000,611.575806
100,8,train,97,577.000000,577.190063
100,8,train,98,535.000000,534.900757
100,8,train,99,507.000000,506.787079
100,8,train,100,612.000000,612.393494
100,8,train,101,670.000000,669.714661
100,8,train,102,490.000000,489.471588
100,8,train,103,572.000000,571.415955
100,8,train,104,550.000000,550.418091
100,8,train,105,485.000000,485.803162
100,8,train,106,489.000000,489.116974
100,8,train,107,502.000000,501.884155
100,8,train,108,534.000000,533.747864
100,8,train,109,524.000000,523.913025
100,8,train,110,509.000000,509.077240
100,8,train,111,640.000000,639.848572
100,8,train,112,500.000000,499.693024
100,8,train,113,605.000000,608.385620
100,8,train,114,596.000000,596.698425
100,8,train,115,644.000000,644.546631
100,8,train,116,528.000000,527.740845
100,8,train,117,482.000000,482.456573
100,8,train,118,572.000000,572.239624
100,8,train,119,460.000000,459.547546
100,8,train,120,648.000000,646.820190
100,8,train,121,442.000000,442.018585
100,8,train,122,670.000000,669.714661
100,8,train,123,522.000000,522.513245
100,8,train,124,473.000000,472.866058
100,8,train,125,464.000000,464.989014
100,8,train,126,532.000000,531.821899
100,8,train,127,507.000000,507.522247
100,8,train,128,451.000000,452.578033
100,8,train,129,479.000000,478.691803
100,8,train,130,465.000000,464.562286
100,8,train,131,456.000000,455.575073
100,8,train,132,613.000000,613.428772
100,8,train,133,466.000000,465.841949
100,8,train,134,600.000000,599.233154
100,8,train,135,516.000000,516.282715
100,8,train,136,584.000000,584.335510
100,8,train,137,500.000000,500.061676
100,8,train,138,517.000000,517.581299
100,8,train,139,522.000000,521.445618
100,8,train,140,597.000000,596.852539
100,9,test,0,507.000000,551.422607
100,9,test,1,510.000000,512.988464
100,9,test,2,648.000000,632.098999
100,9,test,3,500.000000,474.258240
100,9,test,4,606.000000,552.216125
100,9,test,5,482.000000,513.839294
100,9,test,6,605.000000,556.399353
100,9,test,7,488.000000,493.930054
100,9,test,8,585.000000,614.942261
100,9,test,9,585.000000,610.084717
100,9,test,10,640.000000,636.752930
100,9,test,11,630.000000,527.416931
100,9,test,12,586.000000,553.592529
100,9,test,13,644.000000,554.839539
100,9,test,14,505.000000,510.041870
100,9,test,15,495.000000,484.728363
100,9,test,16,560.000000,547.004517
100,9,test,17,472.000000,541.116699
100,9,test,18,543.000000,513.359497
100,9,test,19,572.000000,570.454285
100,9,test,20,577.000000,538.042847
100,9,test,21,612.000000,583.228760
100,9,test,22,550.000000,547.943665
100,9,test,23,595.000000,605.978821
100,9,test,24,459.000000,488.496246
100,9,test,25,597.000000,590.983032
100,9,test,26,509.000000,511.641510
100,9,test,27,492.000000,503.405182
100,9,test,28,616.000000,646.833862
100,9,test,29,591.000000,548.847839
100,9,test,30,477.000000,492.702148
100,9,test,31,500.000000,513.041199
100,9,test,32,608.000000,601.553040
100,9,test,33,371.000000,494.267517
100,9,test,34,644.000000,576.558167
100,9,test,35,504.000000,512.764954
100,9,train,0,475.000000,469.357422
100,9,train,1,528.000000,527.321594
100,9,train,2,592.000000,593.030273
100,9,train,3,541.000000,541.876709
100,9,train,4,568.000000,573.202271
100,9,train,5,535.000000,529.286316
100,9,train,6,617.000000,579.199524
100,9,train,7,524.000000,527.557922
100,9,train,8,485.000000,498.241394
100,9,train,9,456.000000,465.426147
100,9,train,10,613.000000,615.900208
100,9,train,11,472.000000,472.887543
100,9,train,12,596.000000,602.257568
100,9,train,13,471.000000,474.993835
100,9,train,14,507.000000,495.217804
100,9,train,15,525.000000,530.042114
100,9,train,16,484.000000,485.623444
100,9,train,17,606.000000,602.353088
100,9,train,18,557.000000,569.988159
100,9,train,19,562.000000,545.083008
100,9,train,20,473.000000,480.815430
100,9,train,21,473.000000,482.235596
100,9,train,22,572.000000,572.120605
100,9,train,23,598.000000,587.100891
100,9,train,24,522.000000,521.109497
100,9,train,25,584.000000,585.117310
100,9,train,26,484.000000,494.908875
100,9,train,27,610.000000,609.226929
100,9,train,28,509.000000,511.789886
100,9,train,29,628.000000,614.835327
100,9,train,30,538.000000,535.763672
100,9,train,31,511.000000,516.664673
100,9,train,32,450.000000,461.522125
100,9,train,33,500.000000,503.432281
100,9,train,34,528.000000,525.218872
100,9,train,35,612.000000,602.662903
100,9,train,36,597.000000,598.452393
100,9,train,37,541.000000,542.056519
100,9,train,38,431.000000,456.955444
100,9,train,39,584.000000,585.177490
100,9,train,40,577.000000,555.923096
100,9,train,41,478.000000,481.170959
100,9,train,42,617.000000,623.399963
100,9,train,43,500.000000,497.165894
100,9,train,44,522.000000,519.086121
100,9,train,45,649.000000,629.234375
100,9,train,46,524.000000,526.437073
100,9,train,47,494.000000,487.593506
100,9,train,48,577.000000,570.676025
100,9,train,49,487.000000,486.371887
100,9,train,50,488.000000,483.113678
100,9,train,51,584.000000,573.762146
100,9,train,52,479.000000,481.612152
100,9,train,53,465.000000,493.853302
100,9,train,54,583.000000,572.441162
100,9,train,55,613.000000,615.900208
100,9,train,56,466.000000,473.255768
100,9,train,57,670.000000,666.657715
100,9,train,58,637.000000,635.386719
100,9,train,59,630.000000,629.565063
100,9,train,60,517.000000,519.177612
100,9,train,61,455.000000,468.241058
100,9,train,62,505.000000,504.740540
100,9,train,63,578.000000,575.090210
100,9,train,64,505.000000,510.788116
100,9,train,65,624.000000,621.354980
100,9,train,66,618.000000,609.382568
100,9,train,67,605.000000,612.465393
100,9,train,68,462.000000,465.956665
100,9,train,69,501.000000,494.938812
100,9,train,70,460.000000,480.705719
100,9,train,71,534.000000,521.375000
100,9,train,72,515.000000,515.719727
100,9,train,73,617.000000,623.399963
100,9,train,74,545.000000,554.265442
100,9,train,75,508.000000,509.473602
100,9,train,76,597.000000,599.061279
100,9,train,77,489.000000,490.630890
100,9,train,78,600.000000,599.786499
100,9,train,79,481.000000,484.927490
100,9,train,80,575.000000,570.965759
100,9,train,81,623.000000,609.222900
100,9,train,82,580.000000,571.649719
100,9,train,83,608.000000,591.579529
100,9,train,84,479.000000,474.397156
100,9,train,85,469.000000,486.238983
100,9,train,86,464.000000,470.877594
100,9,train,87,670.000000,666.657715
100,9,train,88,597.000000,588.612610
100,9,train,89,580.000000,580.745117
100,9,train,90,509.000000,497.512451
100,9,train,91,572.000000,572.120605
100,9,train,92,594.000000,583.119507
100,9,train,93,456.000000,461.240448
100,9,train,94,465.000000,466.435211
100,9,train,95,451.000000,455.645325
100,9,train,96,574.000000,572.209412
100,9,train,97,475.000000,477.057709
100,9,train,98,493.000000,492.542114
100,9,train,99,476.000000,485.888336
100,9,train,100,484.000000,483.190155
100,9,train,101,693.000000,654.754883
100,9,train,102,463.000000,466.370361
100,9,train,103,507.000000,505.205811
100,9,train,104,504.000000,502.735962
100,9,train,105,506.000000,540.925232
100,9,train,106,624.000000,619.981934
100,9,train,107,630.000000,633.663147
100,9,train,108,555.000000,553.257202
100,9,train,109,504.000000,504.325958
100,9,train,110,524.000000,513.007263
100,9,train,111,490.000000,491.480286
100,9,train,112,523.000000,536.428589
100,9,train,113,463.000000,471.326752
100,9,train,114,516.000000,517.897644
100,9,train,115,580.000000,574.432373
100,9,train,116,601.000000,604.411804
100,9,train,117,532.000000,527.632324
100,9,train,118,596.000000,588.723694
100,9,train,119,525.000000,514.295959
100,9,train,120,464.000000,468.463806
100,9,train,121,519.000000,519.731689
100,9,train,122,648.000000,617.858643
100,9,train,123,495.000000,505.901215
100,9,train,124,645.000000,624.985962
100,9,train,125,522.000000,519.368225
100,9,train,126,480.000000,485.764771
100,9,train,127,456.000000,479.568024
100,9,train,128,488.000000,489.334259
100,9,train,129,572.000000,570.454285
100,9,train,130,526.000000,520.684082
100,9,train,131,601.000000,604.182861
100,9,train,132,442.000000,450.859467
100,9,train,133,561.000000,550.630981
100,9,train,134,455.000000,468.571686
100,9,train,135,502.000000,505.563629
100,9,train,136,446.000000,459.829498
100,9,train,137,534.000000,542.245789
100,9,train,138,689.000000,673.793762
100,9,train,139,516.000000,518.812744
100,9,train,140,519.000000,516.750549
100,10,test,0,557.000000,590.105591
100,10,test,1,572.000000,570.981018
100,10,test,2,507.000000,502.173737
100,10,test,3,510.000000,519.785278
100,10,test,4,534.000000,559.392639
100,10,test,5,613.000000,610.540161
100,10,test,6,526.000000,505.571167
100,10,test,7,616.000000,652.439148
100,10,test,8,462.000000,493.491577
100,10,test,9,577.000000,508.555298
100,10,test,10,525.000000,497.788910
100,10,test,11,509.000000,493.328766
100,10,test,12,472.000000,543.168213
100,10,test,13,464.000000,506.359009
100,10,test,14,572.000000,569.006226
100,10,test,15,442.000000,494.090942
100,10,test,16,584.000000,500.516815
100,10,test,17,524.000000,581.252930
100,10,test,18,469.000000,526.459167
100,10,test,19,506.000000,617.641602
100,10,test,20,475.000000,488.633942
100,10,test,21,481.000000,513.155640
100,10,test,22,610.000000,592.174500
100,10,test,23,580.000000,565.218933
100,10,test,24,595.000000,593.694031
100,10,test,25,500.000000,512.361572
100,10,test,26,592.000000,607.576538
100,10,test,27,517.000000,533.335022
100,10,test,28,456.000000,487.759949
100,10,test,29,488.000000,480.293335
100,10,test,30,543.000000,508.678986
100,10,test,31,524.000000,498.727081
100,10,test,32,612.000000,605.298401
100,10,test,33,504.000000,508.654572
100,10,test,34,522.000000,510.977386
100,10,test,35,591.000000,549.481567
100,10,train,0,584.000000,583.356140
100,10,train,1,572.000000,570.981018
100,10,train,2,693.000000,669.576050
100,10,train,3,466.000000,467.946167
100,10,train,4,583.000000,580.226624
100,10,train,5,535.000000,533.148621
100,10,train,6,640.000000,638.966980
100,10,train,7,490.000000,492.603485
100,10,train,8,523.000000,529.890686
100,10,train,9,630.000000,630.262268
100,10,train,10,504.000000,505.184021
100,10,train,11,489.000000,495.304413
100,10,train,12,630.000000,627.800903
100,10,train,13,606.000000,604.797241
100,10,train,14,446.000000,452.974335
100,10,train,15,645.000000,641.625732
100,10,train,16,505.000000,505.953003
100,10,train,17,584.000000,583.543335
100,10,train,18,601.000000,599.859802
100,10,train,19,505.000000,508.883484
100,10,train,20,541.000000,543.768188
100,10,train,21,456.000000,460.684387
100,10,train,22,528.000000,527.509827
100,10,train,23,644.000000,635.239319
100,10,train,24,624.000000,617.515686
100,10,train,25,371.000000,394.388763
100,10,train,26,689.000000,679.729675
100,10,train,27,494.000000,492.043274
100,10,train,28,484.000000,489.363220
100,10,train,29,585.000000,585.538635
100,10,train,30,471.000000,475.399170
100,10,train,31,493.000000,494.617584
100,10,train,32,484.000000,485.182434
100,10,train,33,670.000000,667.655090
100,10,train,34,608.000000,604.293457
100,10,train,35,624.000000,623.785339
100,10,train,36,522.000000,521.134155
100,10,train,37,600.000000,599.052856
100,10,train,38,568.000000,567.625061
100,10,train,39,596.000000,595.973083
100,10,train,40,572.000000,569.006226
100,10,train,41,492.000000,493.060577
100,10,train,42,644.000000,638.752563
100,10,train,43,460.000000,471.209473
100,10,train,44,541.000000,547.085327
100,10,train,45,580.000000,583.603943
100,10,train,46,475.000000,474.759460
100,10,train,47,473.000000,474.385681
100,10,train,48,511.000000,511.865356
100,10,train,49,618.000000,617.581482
100,10,train,50,648.000000,645.668884
100,10,train,51,488.000000,487.501953
100,10,train,52,623.000000,618.073669
100,10,train,53,628.000000,622.731262
100,10,train,54,598.000000,595.136719
100,10,train,55,500.000000,502.635620
100,10,train,56,580.000000,577.369751
100,10,train,57,487.000000,487.924103
100,10,train,58,473.000000,474.841858
100,10,train,59,479.000000,479.946289
100,10,train,60,596.000000,595.356689
100,10,train,61,500.000000,496.817932
100,10,train,62,495.000000,498.411591
100,10,train,63,505.000000,506.263428
100,10,train,64,561.000000,556.272583
100,10,train,65,613.000000,610.540161
100,10,train,66,459.000000,462.685120
100,10,train,67,509.000000,510.234863
100,10,train,68,597.000000,595.317078
100,10,train,69,508.000000,507.441254
100,10,train,70,507.000000,504.973785
100,10,train,71,516.000000,516.573547
100,10,train,72,574.000000,573.000793
100,10,train,73,534.000000,529.003906
100,10,train,74,451.000000,458.842804
100,10,train,75,597.000000,591.753479
100,10,train,76,562.000000,556.987061
100,10,train,77,617.000000,602.777466
100,10,train,78,519.000000,519.238525
100,10,train,79,555.000000,556.320251
100,10,train,80,463.000000,464.916565
100,10,train,81,608.000000,604.994141
100,10,train,82,456.000000,468.220154
100,10,train,83,597.000000,594.616394
100,10,train,84,597.000000,595.906372
100,10,train,85,524.000000,526.835449
100,10,train,86,577.000000,573.197388
100,10,train,87,501.000000,499.092590
100,10,train,88,450.000000,456.529572
100,10,train,89,594.000000,591.705750
100,10,train,90,605.000000,598.927856
100,10,train,91,577.000000,573.866516
100,10,train,92,478.000000,481.947296
100,10,train,93,605.000000,606.550598
100,10,train,94,515.000000,514.715210
100,10,train,95,532.000000,531.693054
100,10,train,96,649.000000,641.769531
100,10,train,97,504.000000,503.525452
100,10,train,98,509.000000,512.202271
100,10,train,99,484.000000,485.347046
100,10,train,100,522.000000,519.108582
100,10,train,101,648.000000,634.975220
100,10,train,102,586.000000,582.265320
100,10,train,103,578.000000,572.985046
100,10,train,104,465.000000,478.934937
100,10,train,105,612.000000,610.994751
100,10,train,106,455.000000,462.004608
100,10,train,107,477.000000,480.531128
100,10,train,108,585.000000,585.919861
100,10,train,109,630.000000,615.396606
100,10,train,110,670.000000,667.655090
100,10,train,111,516.000000,517.357117
100,10,train,112,463.000000,463.736755
100,10,train,113,519.000000,517.917236
100,10,train,114,507.000000,511.713440
100,10,train,115,525.000000,528.410034
100,10,train,116,482.000000,485.939728
100,10,train,117,488.000000,490.842438
100,10,train,118,637.000000,635.431152
100,10,train,119,480.000000,481.491333
100,10,train,120,606.000000,598.851562
100,10,train,121,485.000000,488.698273
100,10,train,122,617.000000,616.516357
100,10,train,123,560.000000,558.992065
100,10,train,124,464.000000,465.836334
100,10,train,125,617.000000,616.516357
100,10,train,126,545.000000,545.492188
100,10,train,127,465.000000,469.251160
100,10,train,128,601.000000,600.073853
100,10,train,129,538.000000,536.863220
100,10,train,130,495.000000,494.591583
100,10,train,131,472.000000,473.350433
100,10,train,132,431.000000,442.279114
100,10,train,133,500.000000,498.792053
100,10,train,134,476.000000,482.455444
100,10,train,135,479.000000,481.448975
100,10,train,136,575.000000,571.016846
100,10,train,137,455.000000,460.252869
100,10,train,138,550.000000,547.564880
100,10,train,139,502.000000,503.334015
100,10,train,140,528.000000,528.489380
320,1,test,0,584.000000,563.089172
320,1,test,1,510.000000,529.904968
320,1,test,2,525.000000,490.686401
320,1,test,3,557.000000,577.593628
320,1,test,4,596.000000,612.270203
320,1,test,5,528.000000,519.222168
320,1,test,6,645.000000,576.287720
320,1,test,7,460.000000,556.407898
320,1,test,8,572.000000,558.829773
320,1,test,9,509.000000,503.045349
320,1,test,10,577.000000,534.869446
320,1,test,11,555.000000,554.586182
320,1,test,12,485.000000,529.837402
320,1,test,13,580.000000,564.145691
320,1,test,14,456.000000,484.026306
320,1,test,15,597.000000,579.772644
320,1,test,16,484.000000,524.215149
320,1,test,17,584.000000,573.035583
320,1,test,18,502.000000,510.343628
320,1,test,19,612.000000,596.109619
320,1,test,20,644.000000,577.883118
320,1,test,21,501.000000,484.010895
320,1,test,22,462.000000,516.126099
320,1,test,23,495.000000,493.549652
320,1,test,24,601.000000,568.660522
320,1,test,25,613.000000,585.886414
320,1,test,26,610.000000,595.535889
320,1,test,27,580.000000,581.969543
320,1,test,28,545.000000,564.643372
320,1,test,29,469.000000,506.834808
320,1,test,30,479.000000,495.967590
320,1,test,31,478.000000,510.486176
320,1,test,32,446.000000,524.857117
320,1,test,33,463.000000,478.480225
320,1,test,34,613.000000,585.886414
320,1,test,35,572.000000,558.863647
320,1,train,0,572.000000,558.829773
320,1,train,1,524.000000,513.971436
320,1,train,2,575.000000,553.163025
320,1,train,3,600.000000,601.508667
320,1,train,4,560.000000,551.272278
320,1,train,5,442.000000,466.909973
320,1,train,6,451.000000,470.355377
320,1,train,7,616.000000,632.921570
320,1,train,8,534.000000,544.218628
320,1,train,9,608.000000,597.785461
320,1,train,10,489.000000,504.976379
320,1,train,11,637.000000,615.012390
320,1,train,12,648.000000,596.891846
320,1,train,13,523.000000,551.787109
320,1,train,14,519.000000,521.952393
320,1,train,15,524.000000,545.041382
320,1,train,16,500.000000,496.370300
320,1,train,17,495.000000,515.026123
320,1,train,18,585.000000,595.545349
320,1,train,19,509.000000,498.007233
320,1,train,20,577.000000,550.354614
320,1,train,21,479.000000,493.282562
320,1,train,22,504.000000,515.326416
320,1,train,23,509.000000,496.727203
320,1,train,24,606.000000,567.418274
320,1,train,25,605.000000,580.996704
320,1,train,26,484.000000,478.879395
320,1,train,27,488.000000,498.253326
320,1,train,28,630.000000,627.423828
320,1,train,29,507.000000,513.595886
320,1,train,30,522.000000,522.312866
320,1,train,31,628.000000,613.102844
320,1,train,32,522.000000,521.312805
320,1,train,33,578.000000,575.913635
320,1,train,34,640.000000,634.635010
320,1,train,35,618.000000,600.157654
320,1,train,36,431.000000,489.547150
320,1,train,37,649.000000,606.497070
320,1,train,38,526.000000,521.768799
320,1,train,39,535.000000,519.715027
320,1,train,40,507.000000,508.198578
320,1,train,41,541.000000,551.139709
320,1,train,42,612.000000,597.499756
320,1,train,43,617.000000,545.432251
320,1,train,44,459.000000,477.842896
320,1,train,45,597.000000,592.598022
320,1,train,46,538.000000,536.446045
320,1,train,47,508.000000,510.116608
320,1,train,48,525.000000,542.830505
320,1,train,49,455.000000,494.728424
320,1,train,50,472.000000,512.844116
320,1,train,51,596.000000,575.957031
320,1,train,52,617.000000,622.977722
320,1,train,53,623.000000,600.691345
320,1,train,54,594.000000,578.301208
320,1,train,55,480.000000,488.235535
320,1,train,56,504.000000,499.273041
320,1,train,57,516.000000,515.296143
320,1,train,58,541.000000,556.360657
320,1,train,59,505.000000,507.258362
320,1,train,60,515.000000,525.087097
320,1,train,61,522.000000,512.050476
320,1,train,62,506.000000,556.750244
320,1,train,63,577.000000,547.869751
320,1,train,64,574.000000,568.921509
320,1,train,65,624.000000,619.821289
320,1,train,66,543.000000,527.685913
320,1,train,67,644.000000,608.144165
320,1,train,68,584.000000,543.582092
320,1,train,69,500.000000,509.498657
320,1,train,70,689.000000,643.667847
320,1,train,71,586.000000,560.533752
320,1,train,72,617.000000,622.977722
320,1,train,73,473.000000,484.950348
320,1,train,74,572.000000,558.863647
320,1,train,75,595.000000,601.756531
320,1,train,76,528.000000,529.836914
320,1,train,77,492.000000,512.389587
320,1,train,78,516.000000,522.895935
320,1,train,79,473.000000,477.581390
320,1,train,80,505.000000,509.947571
320,1,train,81,534.000000,518.958679
320,1,train,82,630.000000,624.916321
320,1,train,83,670.000000,649.747131
320,1,train,84,598.000000,576.896240
320,1,train,85,488.000000,506.472443
320,1,train,86,481.000000,492.704437
320,1,train,87,455.000000,489.677521
320,1,train,88,550.000000,546.324402
320,1,train,89,505.000000,522.252869
320,1,train,90,608.000000,588.869263
320,1,train,91,482.000000,495.538086
320,1,train,92,466.000000,475.069458
320,1,train,93,471.000000,497.719116
320,1,train,94,624.000000,606.477173
320,1,train,95,591.000000,583.172852
320,1,train,96,488.000000,490.585083
320,1,train,97,606.000000,596.702271
320,1,train,98,693.000000,615.307495
320,1,train,99,475.000000,476.641418
320,1,train,100,484.000000,509.481842
320,1,train,101,580.000000,562.723511
320,1,train,102,511.000000,519.368225
320,1,train,103,562.000000,525.358826
320,1,train,104,630.000000,576.717468
320,1,train,105,583.000000,561.428101
320,1,train,106,465.000000,475.978210
320,1,train,107,524.000000,531.292053
320,1,train,108,472.000000,474.678436
320,1,train,109,456.000000,477.014252
320,1,train,110,456.000000,510.691010
320,1,train,111,475.000000,484.440918
320,1,train,112,465.000000,523.312561
320,1,train,113,561.000000,538.779663
320,1,train,114,464.000000,488.001556
320,1,train,115,490.000000,486.792297
320,1,train,116,450.000000,476.024719
320,1,train,117,601.000000,608.778564
320,1,train,118,463.000000,476.133179
320,1,train,119,670.000000,649.747131
320,1,train,120,597.000000,586.902283
320,1,train,121,592.000000,601.355286
320,1,train,122,597.000000,582.044922
320,1,train,123,371.000000,452.156494
320,1,train,124,500.000000,505.718414
320,1,train,125,476.000000,503.413452
320,1,train,126,464.000000,471.795288
320,1,train,127,494.000000,476.580292
320,1,train,128,585.000000,596.409180
320,1,train,129,507.000000,484.152893
320,1,train,130,568.000000,569.736877
320,1,train,131,500.000000,510.313416
320,1,train,132,605.000000,612.165466
320,1,train,133,519.000000,517.017090
320,1,train,134,504.000000,515.636292
320,1,train,135,487.000000,490.985870
320,1,train,136,517.000000,523.546936
320,1,train,137,532.000000,520.588928
320,1,train,138,493.000000,508.616791
320,1,train,139,477.000000,495.872009
320,1,train,140,648.000000,642.135986
320,2,test,0,495.000000,541.958923
320,2,test,1,473.000000,506.878754
320,2,test,2,618.000000,589.891846
320,2,test,3,568.000000,585.211182
320,2,test,4,584.000000,567.067627
320,2,test,5,507.000000,544.627930
320,2,test,6,455.000000,555.195190
320,2,test,7,543.000000,503.391235
320,2,test,8,597.000000,577.103149
320,2,test,9,600.000000,597.419739
320,2,test,10,524.000000,570.643250
320,2,test,11,475.000000,460.799866
320,2,test,12,459.000000,491.148315
320,2,test,13,500.000000,525.446960
320,2,test,14,689.000000,614.452881
320,2,test,15,606.000000,570.123413
320,2,test,16,580.000000,548.011230
320,2,test,17,541.000000,574.383606
320,2,test,18,580.000000,580.737854
320,2,test,19,476.000000,545.601562
320,2,test,20,617.000000,506.081055
320,2,test,21,628.000000,597.970642
320,2,test,22,509.000000,494.929779
320,2,test,23,509.000000,486.014679
320,2,test,24,463.000000,496.570862
320,2,test,25,596.000000,602.336060
320,2,test,26,522.000000,516.708679
320,2,test,27,608.000000,594.102661
320,2,test,28,560.000000,526.227173
320,2,test,29,693.000000,569.176697
320,2,test,30,517.000000,538.559265
320,2,test,31,455.000000,551.542297
320,2,test,32,446.000000,541.116394
320,2,test,33,534.000000,511.003113
320,2,test,34,577.000000,542.412781
320,2,test,35,575.000000,517.489380
320,2,train,0,528.000000,525.255432
320,2,train,1,645.000000,628.188293
320,2,train,2,585.000000,587.144958
320,2,train,3,516.000000,521.963684
320,2,train,4,479.000000,480.123810
320,2,train,5,473.000000,473.118225
320,2,train,6,487.000000,487.008636
320,2,train,7,460.000000,478.299408
320,2,train,8,500.000000,492.993317
320,2,train,9,596.000000,583.682129
320,2,train,10,519.000000,514.350708
320,2,train,11,608.000000,607.879089
320,2,train,12,492.000000,496.810730
320,2,train,13,509.000000,507.731567
320,2,train,14,479.000000,478.024658
320,2,train,15,505.000000,505.517761
320,2,train,16,466.000000,473.107117
320,2,train,17,613.000000,613.396057
320,2,train,18,630.000000,631.193359
320,2,train,19,511.000000,509.596710
320,2,train,20,478.000000,478.790161
320,2,train,21,465.000000,480.472656
320,2,train,22,605.000000,601.892761
320,2,train,23,524.000000,519.134338
320,2,train,24,515.000000,514.851990
320,2,train,25,477.000000,480.375031
320,2,train,26,494.000000,486.783569
320,2,train,27,577.000000,568.986511
320,2,train,28,488.000000,486.147217
320,2,train,29,578.000000,569.121399
320,2,train,30,484.000000,489.437988
320,2,train,31,465.000000,467.228424
320,2,train,32,480.000000,482.707184
320,2,train,33,538.000000,538.272522
320,2,train,34,586.000000,582.328125
320,2,train,35,532.000000,524.690796
320,2,train,36,598.000000,594.657471
320,2,train,37,670.000000,661.916016
320,2,train,38,507.000000,503.003815
320,2,train,39,505.000000,504.326630
320,2,train,40,500.000000,501.890472
320,2,train,41,519.000000,517.304565
320,2,train,42,525.000000,526.716125
320,2,train,43,630.000000,607.764954
320,2,train,44,508.000000,507.808868
320,2,train,45,605.000000,602.264648
320,2,train,46,442.000000,447.828766
320,2,train,47,482.000000,483.882172
320,2,train,48,484.000000,481.920013
320,2,train,49,464.000000,466.304077
320,2,train,50,451.000000,455.202240
320,2,train,51,371.000000,429.977325
320,2,train,52,524.000000,525.784180
320,2,train,53,535.000000,531.332642
320,2,train,54,472.000000,479.642395
320,2,train,55,545.000000,550.671082
320,2,train,56,572.000000,570.474060
320,2,train,57,617.000000,618.899353
320,2,train,58,649.000000,637.194275
320,2,train,59,504.000000,504.607727
320,2,train,60,463.000000,460.159912
320,2,train,61,456.000000,471.373688
320,2,train,62,601.000000,601.244690
320,2,train,63,630.000000,627.891418
320,2,train,64,572.000000,572.085022
320,2,train,65,597.000000,597.551697
320,2,train,66,648.000000,644.123779
320,2,train,67,613.000000,613.396057
320,2,train,68,500.000000,503.557373
320,2,train,69,502.000000,504.779510
320,2,train,70,464.000000,477.841553
320,2,train,71,489.000000,493.522980
320,2,train,72,504.000000,510.311646
320,2,train,73,592.000000,592.117371
320,2,train,74,475.000000,474.729889
320,2,train,75,505.000000,507.172852
320,2,train,76,534.000000,533.820374
320,2,train,77,525.000000,516.368225
320,2,train,78,481.000000,485.363831
320,2,train,79,670.000000,661.916016
320,2,train,80,612.000000,608.461609
320,2,train,81,585.000000,583.268433
320,2,train,82,528.000000,535.444214
320,2,train,83,456.000000,460.210022
320,2,train,84,574.000000,567.370972
320,2,train,85,601.000000,597.493286
320,2,train,86,577.000000,573.856506
320,2,train,87,488.000000,486.775818
320,2,train,88,472.000000,472.780029
320,2,train,89,456.000000,456.552124
320,2,train,90,591.000000,587.449463
320,2,train,91,624.000000,624.998657
320,2,train,92,431.000000,450.403107
320,2,train,93,597.000000,596.304993
320,2,train,94,584.000000,572.563538
320,2,train,95,469.000000,469.606018
320,2,train,96,522.000000,517.031006
320,2,train,97,495.000000,495.133514
320,2,train,98,526.000000,527.695251
320,2,train,99,640.000000,635.861389
320,2,train,100,616.000000,620.629639
320,2,train,101,580.000000,576.872925
320,2,train,102,623.000000,608.930298
320,2,train,103,507.000000,504.822998
320,2,train,104,597.000000,591.603821
320,2,train,105,624.000000,621.192200
320,2,train,106,471.000000,476.242554
320,2,train,107,506.000000,528.095520
320,2,train,108,583.000000,575.345764
320,2,train,109,504.000000,505.864075
320,2,train,110,594.000000,583.590576
320,2,train,111,617.000000,618.899353
320,2,train,112,557.000000,565.473206
320,2,train,113,595.000000,595.361938
320,2,train,114,488.000000,487.384430
320,2,train,115,523.000000,537.607483
320,2,train,116,637.000000,636.908630
320,2,train,117,644.000000,633.753967
320,2,train,118,572.000000,570.474060
320,2,train,119,644.000000,633.672791
320,2,train,120,485.000000,490.762543
320,2,train,121,555.000000,553.371399
320,2,train,122,572.000000,572.085022
320,2,train,123,648.000000,643.636047
320,2,train,124,510.000000,509.708984
320,2,train,125,522.000000,519.399109
320,2,train,126,484.000000,491.931580
320,2,train,127,612.000000,609.405457
320,2,train,128,490.000000,489.508911
320,2,train,129,610.000000,612.134644
320,2,train,130,462.000000,463.706818
320,2,train,131,584.000000,585.759277
320,2,train,132,541.000000,539.804443
320,2,train,133,450.000000,455.248474
320,2,train,134,516.000000,513.601868
320,2,train,135,501.000000,498.085480
320,2,train,136,606.000000,600.798462
320,2,train,137,561.000000,554.672485
320,2,train,138,493.000000,493.773773
320,2,train,139,550.000000,549.458069
320,2,train,140,562.000000,548.556030
320,3,test,0,601.000000,580.161133
320,3,test,1,596.000000,598.368347
320,3,test,2,574.000000,558.366150
320,3,test,3,466.000000,490.227020
320,3,test,4,482.000000,529.409363
320,3,test,5,473.000000,491.571747
320,3,test,6,594.000000,557.094543
320,3,test,7,493.000000,532.379211
320,3,test,8,524.000000,564.816589
320,3,test,9,644.000000,566.852051
320,3,test,10,455.000000,540.552429
320,3,test,11,475.000000,466.957642
320,3,test,12,505.000000,531.210266
320,3,test,13,612.000000,596.536194
320,3,test,14,644.000000,572.882324
320,3,test,15,459.000000,521.513184
320,3,test,16,597.000000,576.629883
320,3,test,17,550.000000,536.685486
320,3,test,18,524.000000,527.661072
320,3,test,19,506.000000,607.833130
320,3,test,20,523.000000,601.585327
320,3,test,21,500.000000,508.910919
320,3,test,22,568.000000,578.231934
320,3,test,23,640.000000,646.061157
320,3,test,24,605.000000,624.261230
320,3,test,25,465.000000,474.366486
320,3,test,26,610.000000,576.514648
320,3,test,27,608.000000,574.760010
320,3,test,28,585.000000,610.313721
320,3,test,29,584.000000,522.597900
320,3,test,30,597.000000,578.965698
320,3,test,31,555.000000,540.323181
320,3,test,32,507.000000,479.792755
320,3,test,33,670.000000,661.750305
320,3,test,34,598.000000,559.674316
320,3,test,35,617.000000,501.155304
320,3,train,0,580.000000,580.708191
320,3,train,1,595.000000,598.425049
320,3,train,2,612.000000,607.536987
320,3,train,3,463.000000,460.623718
320,3,train,4,463.000000,468.350006
320,3,train,5,541.000000,547.217651
320,3,train,6,617.000000,618.974670
320,3,train,7,572.000000,574.774841
320,3,train,8,525.000000,532.741638
320,3,train,9,495.000000,504.057739
320,3,train,10,460.000000,472.733124
320,3,train,11,693.000000,661.165466
320,3,train,12,484.000000,487.634430
320,3,train,13,495.000000,491.152039
320,3,train,14,472.000000,475.388641
320,3,train,15,623.000000,619.936890
320,3,train,16,586.000000,582.252014
320,3,train,17,488.000000,486.828491
320,3,train,18,519.000000,515.023010
320,3,train,19,585.000000,594.997803
320,3,train,20,670.000000,661.750305
320,3,train,21,630.000000,627.714844
320,3,train,22,465.000000,480.104309
320,3,train,23,618.000000,616.042847
320,3,train,24,606.000000,605.577942
320,3,train,25,572.000000,569.661743
320,3,train,26,561.000000,554.562744
320,3,train,27,605.000000,605.781189
320,3,train,28,504.000000,511.525330
320,3,train,29,473.000000,474.453278
320,3,train,30,528.000000,525.074890
320,3,train,31,490.000000,486.754578
320,3,train,32,500.000000,500.925293
320,3,train,33,649.000000,635.040588
320,3,train,34,522.000000,518.670959
320,3,train,35,628.000000,624.404053
320,3,train,36,584.000000,584.993652
320,3,train,37,455.000000,471.783264
320,3,train,38,597.000000,593.560181
320,3,train,39,516.000000,518.375488
320,3,train,40,515.000000,514.019226
320,3,train,41,525.000000,516.042175
320,3,train,42,484.000000,479.699921
320,3,train,43,502.000000,502.820190
320,3,train,44,592.000000,591.192444
320,3,train,45,488.000000,485.020691
320,3,train,46,645.000000,642.473083
320,3,train,47,577.000000,570.428284
320,3,train,48,577.000000,575.674683
320,3,train,49,476.000000,484.225037
320,3,train,50,500.000000,498.384796
320,3,train,51,481.000000,480.018036
320,3,train,52,528.000000,527.717285
320,3,train,53,494.000000,488.070892
320,3,train,54,456.000000,469.109711
320,3,train,55,580.000000,593.587891
320,3,train,56,616.000000,624.020447
320,3,train,57,534.000000,539.346863
320,3,train,58,431.000000,448.971893
320,3,train,59,606.000000,599.383484
320,3,train,60,532.000000,522.557251
320,3,train,61,477.000000,480.727814
320,3,train,62,442.000000,444.206573
320,3,train,63,451.000000,458.575928
320,3,train,64,608.000000,597.824280
320,3,train,65,479.000000,473.589233
320,3,train,66,578.000000,569.794861
320,3,train,67,464.000000,466.745544
320,3,train,68,478.000000,477.705658
320,3,train,69,624.000000,625.745850
320,3,train,70,517.000000,521.320801
320,3,train,71,464.000000,479.903931
320,3,train,72,600.000000,600.771606
320,3,train,73,630.000000,614.826111
320,3,train,74,504.000000,508.033264
320,3,train,75,507.000000,509.130371
320,3,train,76,584.000000,583.243042
320,3,train,77,597.000000,595.103149
320,3,train,78,472.000000,485.450165
320,3,train,79,501.000000,493.462982
320,3,train,80,508.000000,507.131165
320,3,train,81,456.000000,456.675079
320,3,train,82,583.000000,576.891846
320,3,train,83,624.000000,624.694275
320,3,train,84,471.000000,476.681091
320,3,train,85,545.000000,550.180786
320,3,train,86,572.000000,569.661743
320,3,train,87,630.000000,631.572266
320,3,train,88,617.000000,618.974670
320,3,train,89,522.000000,515.245422
320,3,train,90,543.000000,535.887878
320,3,train,91,504.000000,506.631409
320,3,train,92,562.000000,540.563171
320,3,train,93,526.000000,525.396912
320,3,train,94,613.000000,614.362671
320,3,train,95,475.000000,470.306824
320,3,train,96,575.000000,569.009338
320,3,train,97,462.000000,461.691681
320,3,train,98,510.000000,507.996643
320,3,train,99,648.000000,628.652466
320,3,train,100,601.000000,604.395996
320,3,train,101,560.000000,553.618469
320,3,train,102,488.000000,487.416718
320,3,train,103,577.000000,571.641174
320,3,train,104,505.000000,508.501556
320,3,train,105,580.000000,575.969177
320,3,train,106,509.000000,503.411255
320,3,train,107,507.000000,497.274750
320,3,train,108,648.000000,646.694092
320,3,train,109,487.000000,481.643829
320,3,train,110,479.000000,479.678436
320,3,train,111,637.000000,633.408020
320,3,train,112,450.000000,450.793793
320,3,train,113,480.000000,475.531494
320,3,train,114,689.000000,684.577820
320,3,train,115,613.000000,614.362671
320,3,train,116,469.000000,481.401398
320,3,train,117,516.000000,523.747192
320,3,train,118,557.000000,558.892090
320,3,train,119,572.000000,574.774841
320,3,train,120,519.000000,515.243103
320,3,train,121,456.000000,468.766266
320,3,train,122,541.000000,544.091187
320,3,train,123,509.000000,502.731750
320,3,train,124,446.000000,455.513824
320,3,train,125,489.000000,494.552368
320,3,train,126,591.000000,588.653015
320,3,train,127,371.000000,410.826263
320,3,train,128,522.000000,521.509583
320,3,train,129,484.000000,491.777771
320,3,train,130,596.000000,591.763184
320,3,train,131,492.000000,497.465271
320,3,train,132,505.000000,499.499359
320,3,train,133,524.000000,516.934265
320,3,train,134,485.000000,498.533203
320,3,train,135,500.000000,491.136353
320,3,train,136,535.000000,533.289124
320,3,train,137,538.000000,536.117737
320,3,train,138,511.000000,509.921814
320,3,train,139,534.000000,533.579468
320,3,train,140,509.000000,512.541992
320,4,test,0,541.000000,568.442261
320,4,test,1,463.000000,540.944641
320,4,test,2,460.000000,547.436890
320,4,test,3,628.000000,597.023743
320,4,test,4,489.000000,560.705444
320,4,test,5,476.000000,532.117859
320,4,test,6,591.000000,565.988647
320,4,test,7,504.000000,495.367493
320,4,test,8,475.000000,495.959900
320,4,test,9,488.000000,461.441650
320,4,test,10,572.000000,532.632629
320,4,test,11,648.000000,536.046082
320,4,test,12,524.000000,525.213318
320,4,test,13,618.000000,583.542542
320,4,test,14,637.000000,630.096191
320,4,test,15,522.000000,508.532837
320,4,test,16,600.000000,583.301453
320,4,test,17,572.000000,532.632629
320,4,test,18,522.000000,493.913605
320,4,test,19,484.000000,524.449219
320,4,test,20,572.000000,566.994934
320,4,test,21,623.000000,534.887512
320,4,test,22,479.000000,459.461700
320,4,test,23,504.000000,535.347107
320,4,test,24,459.000000,485.531281
320,4,test,25,517.000000,543.295959
320,4,test,26,557.000000,592.490845
320,4,test,27,516.000000,504.786591
320,4,test,28,371.000000,561.507385
320,4,test,29,473.000000,586.237183
320,4,test,30,610.000000,577.814026
320,4,test,31,525.000000,557.271912
320,4,test,32,495.000000,553.000854
320,4,test,33,575.000000,558.336365
320,4,test,34,488.000000,521.091125
320,4,test,35,464.000000,448.971832
320,4,train,0,545.000000,545.694946
320,4,train,1,525.000000,525.145996
320,4,train,2,541.000000,546.759155
320,4,train,3,617.000000,605.431030
320,4,train,4,500.000000,500.324921
320,4,train,5,580.000000,581.147522
320,4,train,6,693.000000,647.657959
320,4,train,7,464.000000,469.251862
320,4,train,8,451.000000,451.893097
320,4,train,9,463.000000,464.296936
320,4,train,10,585.000000,585.794617
320,4,train,11,477.000000,480.969421
320,4,train,12,568.000000,570.111328
320,4,train,13,500.000000,497.521973
320,4,train,14,522.000000,521.641724
320,4,train,15,585.000000,586.272217
320,4,train,16,613.000000,614.075500
320,4,train,17,577.000000,576.858337
320,4,train,18,577.000000,575.528015
320,4,train,19,505.000000,514.275269
320,4,train,20,584.000000,581.448975
320,4,train,21,509.000000,506.820892
320,4,train,22,488.000000,487.797913
320,4,train,23,508.000000,508.952698
320,4,train,24,574.000000,573.677124
320,4,train,25,479.000000,477.357574
320,4,train,26,630.000000,629.678955
320,4,train,27,605.000000,597.023743
320,4,train,28,617.000000,617.225281
320,4,train,29,608.000000,606.948364
320,4,train,30,507.000000,505.810394
320,4,train,31,505.000000,503.527435
320,4,train,32,597.000000,597.117737
320,4,train,33,507.000000,502.816315
320,4,train,34,645.000000,640.647827
320,4,train,35,455.000000,458.628510
320,4,train,36,515.000000,514.392273
320,4,train,37,584.000000,585.051270
320,4,train,38,597.000000,597.330078
320,4,train,39,446.000000,446.576416
320,4,train,40,580.000000,580.138184
320,4,train,41,594.000000,592.490845
320,4,train,42,455.000000,456.112305
320,4,train,43,471.000000,473.779358
320,4,train,44,482.000000,484.717865
320,4,train,45,506.000000,532.767578
320,4,train,46,478.000000,478.247192
320,4,train,47,490.000000,491.900238
320,4,train,48,450.000000,449.007477
320,4,train,49,577.000000,572.338684
320,4,train,50,500.000000,500.325928
320,4,train,51,507.000000,511.412750
320,4,train,52,550.000000,543.265503
320,4,train,53,670.000000,668.134094
320,4,train,54,606.000000,607.380737
320,4,train,55,456.000000,471.844269
320,4,train,56,586.000000,586.805725
320,4,train,57,469.000000,476.101013
320,4,train,58,543.000000,547.065186
320,4,train,59,456.000000,458.877930
320,4,train,60,595.000000,595.596985
320,4,train,61,596.000000,594.172974
320,4,train,62,598.000000,593.202515
320,4,train,63,612.000000,610.660339
320,4,train,64,510.000000,508.267517
320,4,train,65,616.000000,621.400940
320,4,train,66,528.000000,526.033936
320,4,train,67,484.000000,485.894470
320,4,train,68,689.000000,686.018982
320,4,train,69,480.000000,483.660431
320,4,train,70,592.000000,592.240906
320,4,train,71,596.000000,600.245178
320,4,train,72,528.000000,536.590271
320,4,train,73,524.000000,531.652710
320,4,train,74,605.000000,595.083679
320,4,train,75,601.000000,600.739441
320,4,train,76,612.000000,613.780762
320,4,train,77,617.000000,617.225281
320,4,train,78,494.000000,493.404236
320,4,train,79,484.000000,484.865417
320,4,train,80,502.000000,502.857849
320,4,train,81,555.000000,552.629089
320,4,train,82,534.000000,528.828369
320,4,train,83,597.000000,590.053833
320,4,train,84,562.000000,557.281433
320,4,train,85,560.000000,557.357971
320,4,train,86,640.000000,639.355652
320,4,train,87,493.000000,490.965179
320,4,train,88,648.000000,643.411072
320,4,train,89,583.000000,577.435181
320,4,train,90,472.000000,472.320923
320,4,train,91,644.000000,641.441589
320,4,train,92,485.000000,486.138885
320,4,train,93,442.000000,444.265411
320,4,train,94,578.000000,578.050049
320,4,train,95,487.000000,486.906281
320,4,train,96,613.000000,614.075500
320,4,train,97,505.000000,504.128571
320,4,train,98,524.000000,528.835815
320,4,train,99,473.000000,476.424896
320,4,train,100,501.000000,500.354767
320,4,train,101,561.000000,548.415039
320,4,train,102,504.000000,504.196655
320,4,train,103,495.000000,494.593781
320,4,train,104,462.000000,462.359497
320,4,train,105,584.000000,584.149963
320,4,train,106,670.000000,668.134094
320,4,train,107,465.000000,461.951569
320,4,train,108,456.000000,456.572723
320,4,train,109,475.000000,471.640717
320,4,train,110,481.000000,481.880768
320,4,train,111,624.000000,622.142761
320,4,train,112,431.000000,448.056305
320,4,train,113,509.000000,491.930969
320,4,train,114,580.000000,576.350952
320,4,train,115,500.000000,495.801758
320,4,train,116,630.000000,604.795227
320,4,train,117,526.000000,526.212036
320,4,train,118,534.000000,533.804321
320,4,train,119,492.000000,494.277863
320,4,train,120,535.000000,536.224670
320,4,train,121,538.000000,537.381104
320,4,train,122,511.000000,514.646118
320,4,train,123,624.000000,625.063477
320,4,train,124,519.000000,515.730896
320,4,train,125,644.000000,641.215088
320,4,train,126,608.000000,610.141418
320,4,train,127,601.000000,606.930725
320,4,train,128,465.000000,477.483612
320,4,train,129,472.000000,488.992157
320,4,train,130,509.000000,509.848419
320,4,train,131,466.000000,467.078796
320,4,train,132,572.000000,566.994934
320,4,train,133,523.000000,528.410217
320,4,train,134,532.000000,532.512451
320,4,train,135,597.000000,588.822144
320,4,train,136,630.000000,623.794495
320,4,train,137,516.000000,517.088867
320,4,train,138,519.000000,517.817871
320,4,train,139,649.000000,634.025024
320,4,train,140,606.000000,599.747559
320,5,test,0,482.000000,518.580811
320,5,test,1,601.000000,599.578674
320,5,test,2,475.000000,466.624329
320,5,test,3,605.000000,583.993408
320,5,test,4,617.000000,517.631409
320,5,test,5,465.000000,592.200806
320,5,test,6,689.000000,624.904297
320,5,test,7,616.000000,647.052917
320,5,test,8,522.000000,512.847351
320,5,test,9,500.000000,516.631958
320,5,test,10,598.000000,568.650391
320,5,test,11,560.000000,560.690369
320,5,test,12,500.000000,466.780090
320,5,test,13,594.000000,558.522766
320,5,test,14,509.000000,480.805695
320,5,test,15,568.000000,574.210266
320,5,test,16,600.000000,593.592285
320,5,test,17,580.000000,532.080688
320,5,test,18,577.000000,539.298645
320,5,test,19,535.000000,514.840515
320,5,test,20,618.000000,577.323303
320,5,test,21,534.000000,563.310120
320,5,test,22,489.000000,529.403992
320,5,test,23,617.000000,625.449829
320,5,test,24,591.000000,583.930237
320,5,test,25,456.000000,541.019714
320,5,test,26,606.000000,585.888000
320,5,test,27,605.000000,619.598145
320,5,test,28,472.000000,553.621704
320,5,test,29,516.000000,527.528076
320,5,test,30,473.000000,493.790527
320,5,test,31,504.000000,492.734467
320,5,test,32,475.000000,478.069153
320,5,test,33,505.000000,505.644257
320,5,test,34,465.000000,462.678864
320,5,test,35,596.000000,602.581482
320,5,train,0,644.000000,634.699585
320,5,train,1,541.000000,545.152771
320,5,train,2,525.000000,526.267029
320,5,train,3,670.000000,667.321716
320,5,train,4,517.000000,522.834106
320,5,train,5,480.000000,483.033020
320,5,train,6,524.000000,514.804260
320,5,train,7,463.000000,462.625366
320,5,train,8,464.000000,483.208649
320,5,train,9,511.000000,511.162689
320,5,train,10,490.000000,488.448151
320,5,train,11,495.000000,505.051147
320,5,train,12,584.000000,580.019958
320,5,train,13,597.000000,590.587219
320,5,train,14,528.000000,523.258301
320,5,train,15,597.000000,596.597595
320,5,train,16,525.000000,504.896759
320,5,train,17,371.000000,421.702148
320,5,train,18,500.000000,501.863770
320,5,train,19,488.000000,488.852081
320,5,train,20,510.000000,515.906494
320,5,train,21,459.000000,471.102692
320,5,train,22,584.000000,574.209045
320,5,train,23,550.000000,546.585144
320,5,train,24,464.000000,466.368805
320,5,train,25,577.000000,565.449341
320,5,train,26,601.000000,603.548218
320,5,train,27,534.000000,524.665283
320,5,train,28,524.000000,531.256714
320,5,train,29,578.000000,572.265930
320,5,train,30,555.000000,557.044006
320,5,train,31,630.000000,628.427979
320,5,train,32,492.000000,496.401978
320,5,train,33,479.000000,482.279602
320,5,train,34,597.000000,595.823120
320,5,train,35,505.000000,505.103271
320,5,train,36,485.000000,501.368195
320,5,train,37,462.000000,471.857605
320,5,train,38,493.000000,493.627472
320,5,train,39,580.000000,576.009033
320,5,train,40,507.000000,489.705109
320,5,train,41,584.000000,580.015564
320,5,train,42,612.000000,605.636841
320,5,train,43,487.000000,485.302307
320,5,train,44,519.000000,521.132324
320,5,train,45,456.000000,466.918976
320,5,train,46,613.000000,614.926575
320,5,train,47,557.000000,559.995850
320,5,train,48,624.000000,615.605347
320,5,train,49,561.000000,540.666992
320,5,train,50,585.000000,587.040344
320,5,train,51,501.000000,492.507904
320,5,train,52,648.000000,643.023560
320,5,train,53,572.000000,570.799927
320,5,train,54,640.000000,641.709534
320,5,train,55,431.000000,459.802307
320,5,train,56,455.000000,468.079651
320,5,train,57,476.000000,479.771667
320,5,train,58,481.000000,482.767120
320,5,train,59,606.000000,594.602539
320,5,train,60,484.000000,486.573914
320,5,train,61,505.000000,506.717041
320,5,train,62,645.000000,623.953674
320,5,train,63,456.000000,454.869537
320,5,train,64,596.000000,588.082275
320,5,train,65,543.000000,527.458130
320,5,train,66,506.000000,537.894714
320,5,train,67,488.000000,485.336182
320,5,train,68,624.000000,621.220398
320,5,train,69,526.000000,521.051453
320,5,train,70,516.000000,521.560120
320,5,train,71,507.000000,510.881317
320,5,train,72,693.000000,655.664307
320,5,train,73,442.000000,452.077209
320,5,train,74,628.000000,620.006226
320,5,train,75,574.000000,574.856873
320,5,train,76,446.000000,457.774902
320,5,train,77,500.000000,500.362305
320,5,train,78,610.000000,611.274719
320,5,train,79,477.000000,491.342316
320,5,train,80,528.000000,530.014404
320,5,train,81,504.000000,506.390991
320,5,train,82,572.000000,570.799927
320,5,train,83,460.000000,476.169159
320,5,train,84,509.000000,505.394836
320,5,train,85,545.000000,550.491882
320,5,train,86,562.000000,543.204285
320,5,train,87,613.000000,614.926575
320,5,train,88,585.000000,589.896362
320,5,train,89,637.000000,632.587097
320,5,train,90,580.000000,582.882935
320,5,train,91,484.000000,487.642883
320,5,train,92,524.000000,531.996521
320,5,train,93,572.000000,572.199585
320,5,train,94,522.000000,522.547791
320,5,train,95,595.000000,600.007080
320,5,train,96,577.000000,569.681396
320,5,train,97,466.000000,467.708893
320,5,train,98,451.000000,460.690643
320,5,train,99,617.000000,625.449829
320,5,train,100,508.000000,509.553497
320,5,train,101,488.000000,486.773987
320,5,train,102,648.000000,619.796814
320,5,train,103,484.000000,477.802277
320,5,train,104,644.000000,630.359924
320,5,train,105,592.000000,596.223267
320,5,train,106,541.000000,543.701355
320,5,train,107,612.000000,614.820557
320,5,train,108,623.000000,613.862366
320,5,train,109,522.000000,516.085266
320,5,train,110,469.000000,483.022186
320,5,train,111,507.000000,506.076141
320,5,train,112,538.000000,538.058228
320,5,train,113,523.000000,541.254517
320,5,train,114,463.000000,464.327881
320,5,train,115,649.000000,624.353638
320,5,train,116,572.000000,572.199585
320,5,train,117,519.000000,515.959167
320,5,train,118,608.000000,598.705505
320,5,train,119,509.000000,514.722473
320,5,train,120,532.000000,520.668213
320,5,train,121,583.000000,574.243469
320,5,train,122,494.000000,480.852600
320,5,train,123,502.000000,506.890778
320,5,train,124,670.000000,667.321716
320,5,train,125,630.000000,605.970703
320,5,train,126,455.000000,477.668457
320,5,train,127,608.000000,605.677368
320,5,train,128,586.000000,574.793396
320,5,train,129,471.000000,481.518494
320,5,train,130,575.000000,568.902832
320,5,train,131,473.000000,472.186951
320,5,train,132,450.000000,460.539703
320,5,train,133,478.000000,487.349182
320,5,train,134,597.000000,594.127991
320,5,train,135,479.000000,476.409851
320,5,train,136,472.000000,474.049927
320,5,train,137,495.000000,492.583984
320,5,train,138,504.000000,508.257294
320,5,train,139,515.000000,523.598083
320,5,train,140,630.000000,632.934204
320,6,test,0,493.000000,590.473022
320,6,test,1,596.000000,614.664673
320,6,test,2,509.000000,504.095520
320,6,test,3,585.000000,586.545654
320,6,test,4,525.000000,512.655090
320,6,test,5,577.000000,536.343811
320,6,test,6,500.000000,512.173950
320,6,test,7,516.000000,512.436890
320,6,test,8,617.000000,616.818848
320,6,test,9,459.000000,511.605194
320,6,test,10,630.000000,516.340088
320,6,test,11,451.000000,496.219330
320,6,test,12,516.000000,515.780090
320,6,test,13,555.000000,602.585388
320,6,test,14,644.000000,574.520264
320,6,test,15,580.000000,547.396057
320,6,test,16,541.000000,570.222290
320,6,test,17,597.000000,587.879700
320,6,test,18,489.000000,506.678955
320,6,test,19,522.000000,511.459564
320,6,test,20,464.000000,519.927856
320,6,test,21,463.000000,450.082947
320,6,test,22,584.000000,605.509155
320,6,test,23,538.000000,515.959229
320,6,test,24,644.000000,546.905518
320,6,test,25,455.000000,518.221863
320,6,test,26,484.000000,494.387238
320,6,test,27,484.000000,520.411926
320,6,test,28,476.000000,566.898865
320,6,test,29,624.000000,607.530518
320,6,test,30,481.000000,542.925110
320,6,test,31,528.000000,488.991852
320,6,test,32,463.000000,482.327057
320,6,test,33,670.000000,664.312561
320,6,test,34,613.000000,612.129700
320,6,test,35,446.000000,506.124146
320,6,train,0,560.000000,559.397095
320,6,train,1,689.000000,681.630188
320,6,train,2,371.000000,399.442810
320,6,train,3,601.000000,601.030762
320,6,train,4,492.000000,492.372925
320,6,train,5,482.000000,483.997772
320,6,train,6,648.000000,646.607727
320,6,train,7,586.000000,585.483948
320,6,train,8,442.000000,444.897980
320,6,train,9,630.000000,628.683105
320,6,train,10,473.000000,473.867950
320,6,train,11,572.000000,571.813599
320,6,train,12,630.000000,629.263489
320,6,train,13,605.000000,605.061646
320,6,train,14,624.000000,623.146667
320,6,train,15,648.000000,645.607544
320,6,train,16,506.000000,509.704224
320,6,train,17,572.000000,571.760986
320,6,train,18,628.000000,626.085876
320,6,train,19,495.000000,496.028625
320,6,train,20,572.000000,571.760986
320,6,train,21,545.000000,544.827393
320,6,train,22,465.000000,465.305237
320,6,train,23,616.000000,615.281677
320,6,train,24,507.000000,507.235260
320,6,train,25,617.000000,616.818848
320,6,train,26,478.000000,478.512421
320,6,train,27,584.000000,581.669312
320,6,train,28,510.000000,510.165802
320,6,train,29,515.000000,515.033691
320,6,train,30,605.000000,603.126648
320,6,train,31,504.000000,504.297821
320,6,train,32,608.000000,607.716125
320,6,train,33,597.000000,596.393616
320,6,train,34,594.000000,592.971375
320,6,train,35,472.000000,474.114014
320,6,train,36,572.000000,571.813599
320,6,train,37,574.000000,573.891907
320,6,train,38,649.000000,645.538330
320,6,train,39,464.000000,467.758698
320,6,train,40,473.000000,476.091888
320,6,train,41,431.000000,438.089966
320,6,train,42,507.000000,507.266296
320,6,train,43,523.000000,524.779724
320,6,train,44,504.000000,503.232880
320,6,train,45,532.000000,531.997864
320,6,train,46,456.000000,460.723724
320,6,train,47,606.000000,602.917847
320,6,train,48,526.000000,525.626831
320,6,train,49,598.000000,597.411560
320,6,train,50,475.000000,474.864471
320,6,train,51,519.000000,518.144226
320,6,train,52,460.000000,463.046875
320,6,train,53,580.000000,579.953796
320,6,train,54,597.000000,596.612122
320,6,train,55,575.000000,571.693542
320,6,train,56,485.000000,485.861603
320,6,train,57,524.000000,523.933899
320,6,train,58,500.000000,500.385956
320,6,train,59,456.000000,463.549591
320,6,train,60,477.000000,478.046722
320,6,train,61,455.000000,458.559570
320,6,train,62,495.000000,495.041107
320,6,train,63,488.000000,488.747711
320,6,train,64,508.000000,507.734924
320,6,train,65,645.000000,643.687134
320,6,train,66,585.000000,584.793579
320,6,train,67,583.000000,582.666321
320,6,train,68,528.000000,528.317078
320,6,train,69,562.000000,560.975586
320,6,train,70,500.000000,500.666534
320,6,train,71,535.000000,535.279480
320,6,train,72,610.000000,609.142273
320,6,train,73,557.000000,556.947754
320,6,train,74,479.000000,479.557861
320,6,train,75,534.000000,533.487793
320,6,train,76,541.000000,541.251221
320,6,train,77,488.000000,488.385315
320,6,train,78,637.000000,636.117859
320,6,train,79,534.000000,534.359314
320,6,train,80,504.000000,504.502686
320,6,train,81,578.000000,577.852966
320,6,train,82,450.000000,451.602417
320,6,train,83,511.000000,511.558441
320,6,train,84,580.000000,579.747314
320,6,train,85,600.000000,599.810059
320,6,train,86,693.000000,673.023376
320,6,train,87,522.000000,521.756958
320,6,train,88,479.000000,480.227722
320,6,train,89,608.000000,607.048157
320,6,train,90,561.000000,558.919739
320,6,train,91,584.000000,583.903625
320,6,train,92,505.000000,505.309204
320,6,train,93,519.000000,518.694336
320,6,train,94,484.000000,484.379517
320,6,train,95,595.000000,595.080994
320,6,train,96,577.000000,575.783752
320,6,train,97,494.000000,494.003143
320,6,train,98,612.000000,610.826782
320,6,train,99,601.000000,600.444092
320,6,train,100,596.000000,594.138062
320,6,train,101,524.000000,525.068359
320,6,train,102,618.000000,618.084229
320,6,train,103,597.000000,596.398499
320,6,train,104,500.000000,500.376984
320,6,train,105,465.000000,467.401031
320,6,train,106,606.000000,604.737000
320,6,train,107,577.000000,575.803711
320,6,train,108,522.000000,521.788269
320,6,train,109,613.000000,612.129700
320,6,train,110,490.000000,491.192688
320,6,train,111,509.000000,508.008331
320,6,train,112,505.000000,506.214325
320,6,train,113,462.000000,462.450653
320,6,train,114,543.000000,541.986572
320,6,train,115,507.000000,507.224670
320,6,train,116,456.000000,457.266968
320,6,train,117,670.000000,664.312561
320,6,train,118,550.000000,549.793823
320,6,train,119,524.000000,524.833496
320,6,train,120,502.000000,503.180023
320,6,train,121,517.000000,517.780762
320,6,train,122,612.000000,611.413818
320,6,train,123,617.000000,609.707397
320,6,train,124,472.000000,472.453491
320,6,train,125,623.000000,621.539185
320,6,train,126,592.000000,591.779846
320,6,train,127,469.000000,469.596008
320,6,train,128,488.000000,489.034393
320,6,train,129,591.000000,590.663452
320,6,train,130,525.000000,525.701599
320,6,train,131,501.000000,500.804688
320,6,train,132,475.000000,475.415283
320,6,train,133,568.000000,567.691956
320,6,train,134,480.000000,480.033356
320,6,train,135,471.000000,474.364075
320,6,train,136,640.000000,639.066650
320,6,train,137,487.000000,488.093506
320,6,train,138,466.000000,467.891754
320,6,train,139,509.000000,509.382416
320,6,train,140,505.000000,505.718475
320,7,test,0,623.000000,534.292480
320,7,test,1,456.000000,487.453461
320,7,test,2,606.000000,556.214966
320,7,test,3,597.000000,576.788879
320,7,test,4,624.000000,614.347107
320,7,test,5,524.000000,573.820862
320,7,test,6,543.000000,510.235901
320,7,test,7,507.000000,505.467651
320,7,test,8,502.000000,507.448303
320,7,test,9,561.000000,515.924377
320,7,test,10,597.000000,569.740295
320,7,test,11,644.000000,592.033447
320,7,test,12,481.000000,522.188599
320,7,test,13,572.000000,570.761475
320,7,test,14,526.000000,521.817444
320,7,test,15,451.000000,494.241241
320,7,test,16,463.000000,503.041382
320,7,test,17,670.000000,654.148865
320,7,test,18,578.000000,531.113770
320,7,test,19,504.000000,503.954865
320,7,test,20,517.000000,532.494629
320,7,test,21,488.000000,498.261719
320,7,test,22,507.000000,537.323914
320,7,test,23,478.000000,513.083252
320,7,test,24,617.000000,617.002502
320,7,test,25,689.000000,611.827393
320,7,test,26,613.000000,611.658997
320,7,test,27,630.000000,619.277893
320,7,test,28,541.000000,541.163879
320,7,test,29,693.000000,574.057190
320,7,test,30,628.000000,595.978210
320,7,test,31,583.000000,555.274536
320,7,test,32,522.000000,504.403015
320,7,test,33,500.000000,523.658936
320,7,test,34,466.000000,501.217896
320,7,test,35,519.000000,509.286713
320,7,train,0,490.000000,491.013306
320,7,train,1,577.000000,575.499268
320,7,train,2,584.000000,582.992188
320,7,train,3,586.000000,582.382019
320,7,train,4,509.000000,510.015167
320,7,train,5,504.000000,504.264099
320,7,train,6,494.000000,493.576416
320,7,train,7,516.000000,516.967163
320,7,train,8,648.000000,644.885437
320,7,train,9,577.000000,574.551208
320,7,train,10,455.000000,463.586945
320,7,train,11,505.000000,506.033783
320,7,train,12,509.000000,508.525360
320,7,train,13,492.000000,492.672241
320,7,train,14,670.000000,654.148865
320,7,train,15,463.000000,464.382416
320,7,train,16,605.000000,601.266541
320,7,train,17,456.000000,461.236908
320,7,train,18,596.000000,591.422241
320,7,train,19,506.000000,515.768250
320,7,train,20,580.000000,578.865845
320,7,train,21,598.000000,594.087097
320,7,train,22,594.000000,589.209167
320,7,train,23,618.000000,615.113464
320,7,train,24,613.000000,611.658997
320,7,train,25,446.000000,454.442017
320,7,train,26,601.000000,599.711792
320,7,train,27,500.000000,500.134705
320,7,train,28,505.000000,506.156616
320,7,train,29,480.000000,478.053070
320,7,train,30,455.000000,461.625824
320,7,train,31,591.000000,589.378845
320,7,train,32,471.000000,476.314850
320,7,train,33,608.000000,605.092529
320,7,train,34,624.000000,619.050110
320,7,train,35,524.000000,526.018494
320,7,train,36,450.000000,455.912628
320,7,train,37,479.000000,479.920990
320,7,train,38,575.000000,572.215881
320,7,train,39,612.000000,609.346558
320,7,train,40,484.000000,488.758118
320,7,train,41,572.000000,570.987549
320,7,train,42,472.000000,473.174255
320,7,train,43,510.000000,511.448395
320,7,train,44,487.000000,488.611298
320,7,train,45,431.000000,443.709473
320,7,train,46,485.000000,489.084045
320,7,train,47,580.000000,578.938843
320,7,train,48,475.000000,475.318970
320,7,train,49,616.000000,615.100464
320,7,train,50,465.000000,466.924347
320,7,train,51,525.000000,526.355225
320,7,train,52,484.000000,484.859283
320,7,train,53,509.000000,509.752319
320,7,train,54,560.000000,558.336182
320,7,train,55,572.000000,570.761475
320,7,train,56,504.000000,506.233521
320,7,train,57,606.000000,603.784302
320,7,train,58,456.000000,468.677002
320,7,train,59,600.000000,598.627502
320,7,train,60,488.000000,489.440643
320,7,train,61,442.000000,449.876007
320,7,train,62,550.000000,548.525391
320,7,train,63,596.000000,595.968262
320,7,train,64,507.000000,507.726593
320,7,train,65,460.000000,464.911041
320,7,train,66,601.000000,599.278564
320,7,train,67,488.000000,488.046112
320,7,train,68,528.000000,529.022095
320,7,train,69,522.000000,521.732239
320,7,train,70,645.000000,635.306946
320,7,train,71,495.000000,498.143463
320,7,train,72,545.000000,544.441956
320,7,train,73,610.000000,607.500000
320,7,train,74,523.000000,527.470642
320,7,train,75,482.000000,483.584991
320,7,train,76,511.000000,512.911621
320,7,train,77,535.000000,533.183838
320,7,train,78,648.000000,630.573242
320,7,train,79,597.000000,593.636719
320,7,train,80,473.000000,471.896484
320,7,train,81,541.000000,542.499817
320,7,train,82,612.000000,609.518677
320,7,train,83,489.000000,490.738068
320,7,train,84,477.000000,478.991943
320,7,train,85,495.000000,494.705383
320,7,train,86,585.000000,584.377991
320,7,train,87,465.000000,474.314331
320,7,train,88,630.000000,611.465271
320,7,train,89,617.000000,601.481201
320,7,train,90,637.000000,633.816528
320,7,train,91,519.000000,519.818176
320,7,train,92,500.000000,500.759399
320,7,train,93,476.000000,479.478546
320,7,train,94,479.000000,481.234650
320,7,train,95,649.000000,635.422974
320,7,train,96,617.000000,617.002502
320,7,train,97,464.000000,466.171539
320,7,train,98,464.000000,466.602112
320,7,train,99,584.000000,583.104858
320,7,train,100,577.000000,572.892029
320,7,train,101,524.000000,523.991150
320,7,train,102,605.000000,602.036499
320,7,train,103,462.000000,464.354889
320,7,train,104,522.000000,521.788635
320,7,train,105,515.000000,515.374573
320,7,train,106,475.000000,476.213989
320,7,train,107,584.000000,574.163330
320,7,train,108,562.000000,556.948242
320,7,train,109,630.000000,628.040955
320,7,train,110,532.000000,532.037720
320,7,train,111,555.000000,554.425781
320,7,train,112,644.000000,635.665100
320,7,train,113,528.000000,528.917419
320,7,train,114,574.000000,572.030579
320,7,train,115,597.000000,597.088806
320,7,train,116,534.000000,531.464294
320,7,train,117,534.000000,535.555603
320,7,train,118,557.000000,558.889587
320,7,train,119,608.000000,607.151978
320,7,train,120,525.000000,523.639160
320,7,train,121,459.000000,461.020844
320,7,train,122,472.000000,474.299652
320,7,train,123,501.000000,501.366089
320,7,train,124,538.000000,538.148071
320,7,train,125,508.000000,508.875610
320,7,train,126,505.000000,505.651764
320,7,train,127,592.000000,591.446594
320,7,train,128,500.000000,502.337219
320,7,train,129,580.000000,577.703186
320,7,train,130,469.000000,472.035797
320,7,train,131,585.000000,584.041565
320,7,train,132,493.000000,494.102051
320,7,train,133,473.000000,476.043060
320,7,train,134,371.000000,420.374573
320,7,train,135,516.000000,516.675537
320,7,train,136,572.000000,570.987549
320,7,train,137,484.000000,485.997711
320,7,train,138,595.000000,594.466187
320,7,train,139,568.000000,567.034119
320,7,train,140,640.000000,637.357666
320,8,test,0,511.000000,539.345703
320,8,test,1,601.000000,578.679321
320,8,test,2,572.000000,564.147949
320,8,test,3,475.000000,491.736023
320,8,test,4,562.000000,521.643799
320,8,test,5,617.000000,631.446533
320,8,test,6,689.000000,594.858765
320,8,test,7,591.000000,557.425476
320,8,test,8,534.000000,553.482910
320,8,test,9,624.000000,561.652405
320,8,test,10,601.000000,598.650269
320,8,test,11,568.000000,558.382874
320,8,test,12,462.000000,528.515686
320,8,test,13,473.000000,509.171997
320,8,test,14,519.000000,528.289978
320,8,test,15,595.000000,607.909546
320,8,test,16,455.000000,543.692444
320,8,test,17,555.000000,542.601990
320,8,test,18,586.000000,548.820190
320,8,test,19,525.000000,530.715515
320,8,test,20,597.000000,565.103027
320,8,test,21,617.000000,631.446533
320,8,test,22,605.000000,550.374756
320,8,test,23,528.000000,522.294495
320,8,test,24,446.000000,506.398315
320,8,test,25,476.000000,503.631805
320,8,test,26,475.000000,461.031158
320,8,test,27,612.000000,594.160278
320,8,test,28,465.000000,581.272156
320,8,test,29,583.000000,538.399170
320,8,test,30,488.000000,521.162476
320,8,test,31,431.000000,519.784241
320,8,test,32,507.000000,491.984314
320,8,test,33,606.000000,552.872314
320,8,test,34,481.000000,517.106506
320,8,test,35,526.000000,526.745605
320,8,train,0,630.000000,628.672302
320,8,train,1,510.000000,511.032440
320,8,train,2,617.000000,576.042236
320,8,train,3,577.000000,559.210083
320,8,train,4,488.000000,483.364319
320,8,train,5,506.000000,560.459778
320,8,train,6,471.000000,493.789795
320,8,train,7,505.000000,513.163086
320,8,train,8,504.000000,507.829956
320,8,train,9,484.000000,492.603546
320,8,train,10,515.000000,519.203247
320,8,train,11,557.000000,567.129089
320,8,train,12,456.000000,488.915131
320,8,train,13,487.000000,493.402588
320,8,train,14,572.000000,567.360718
320,8,train,15,630.000000,626.314636
320,8,train,16,538.000000,540.494568
320,8,train,17,608.000000,597.401733
320,8,train,18,371.000000,410.382568
320,8,train,19,580.000000,586.047852
320,8,train,20,584.000000,576.559448
320,8,train,21,580.000000,569.794006
320,8,train,22,500.000000,505.790131
320,8,train,23,623.000000,593.465637
320,8,train,24,495.000000,510.410858
320,8,train,25,561.000000,545.192078
320,8,train,26,628.000000,610.956116
320,8,train,27,492.000000,497.301758
320,8,train,28,574.000000,564.654480
320,8,train,29,472.000000,474.953278
320,8,train,30,509.000000,507.274536
320,8,train,31,480.000000,480.522369
320,8,train,32,516.000000,520.826538
320,8,train,33,637.000000,624.235474
320,8,train,34,613.000000,608.377441
320,8,train,35,608.000000,591.524658
320,8,train,36,524.000000,515.745911
320,8,train,37,519.000000,513.813232
320,8,train,38,597.000000,594.790466
320,8,train,39,606.000000,597.812927
320,8,train,40,523.000000,545.646729
320,8,train,41,488.000000,506.538971
320,8,train,42,477.000000,486.208313
320,8,train,43,456.000000,472.058899
320,8,train,44,618.000000,605.238220
320,8,train,45,509.000000,507.505249
320,8,train,46,493.000000,497.649750
320,8,train,47,575.000000,559.876282
320,8,train,48,577.000000,552.078369
320,8,train,49,501.000000,489.956940
320,8,train,50,585.000000,590.191711
320,8,train,51,596.000000,575.365723
320,8,train,52,463.000000,462.668610
320,8,train,53,649.000000,606.297363
320,8,train,54,598.000000,581.708069
320,8,train,55,693.000000,640.862671
320,8,train,56,630.000000,629.818726
320,8,train,57,508.000000,502.149292
320,8,train,58,469.000000,483.938324
320,8,train,59,472.000000,500.660400
320,8,train,60,524.000000,539.557495
320,8,train,61,545.000000,552.767761
320,8,train,62,597.000000,591.944885
320,8,train,63,543.000000,527.205933
320,8,train,64,484.000000,500.331635
320,8,train,65,525.000000,507.355499
320,8,train,66,580.000000,565.106018
320,8,train,67,522.000000,521.799194
320,8,train,68,505.000000,506.188416
320,8,train,69,504.000000,512.495422
320,8,train,70,450.000000,466.275879
320,8,train,71,478.000000,486.152008
320,8,train,72,495.000000,495.632324
320,8,train,73,624.000000,624.892700
320,8,train,74,584.000000,572.638550
320,8,train,75,459.000000,473.751923
320,8,train,76,500.000000,494.750885
320,8,train,77,594.000000,574.812317
320,8,train,78,616.000000,630.827209
320,8,train,79,541.000000,557.260681
320,8,train,80,560.000000,545.461792
320,8,train,81,644.000000,614.531189
320,8,train,82,505.000000,516.487610
320,8,train,83,494.000000,479.666962
320,8,train,84,463.000000,463.479462
320,8,train,85,648.000000,648.104980
320,8,train,86,592.000000,588.816040
320,8,train,87,464.000000,461.637543
320,8,train,88,484.000000,469.990051
320,8,train,89,504.000000,508.453033
320,8,train,90,585.000000,592.169495
320,8,train,91,645.000000,601.640625
320,8,train,92,479.000000,485.069794
320,8,train,93,578.000000,566.484009
320,8,train,94,541.000000,550.541992
320,8,train,95,455.000000,487.538208
320,8,train,96,610.000000,606.835510
320,8,train,97,577.000000,550.442871
320,8,train,98,535.000000,526.304199
320,8,train,99,507.000000,497.560211
320,8,train,100,612.000000,614.958069
320,8,train,101,670.000000,663.723877
320,8,train,102,490.000000,499.867401
320,8,train,103,572.000000,564.147949
320,8,train,104,550.000000,539.282471
320,8,train,105,485.000000,506.279236
320,8,train,106,489.000000,514.156311
320,8,train,107,502.000000,500.118683
320,8,train,108,534.000000,516.712158
320,8,train,109,524.000000,528.071167
320,8,train,110,509.000000,499.955811
320,8,train,111,640.000000,625.626526
320,8,train,112,500.000000,519.234619
320,8,train,113,605.000000,604.532959
320,8,train,114,596.000000,595.244080
320,8,train,115,644.000000,626.399597
320,8,train,116,528.000000,525.834778
320,8,train,117,482.000000,501.179169
320,8,train,118,572.000000,567.360718
320,8,train,119,460.000000,507.152374
320,8,train,120,648.000000,598.935059
320,8,train,121,442.000000,465.793610
320,8,train,122,670.000000,663.723877
320,8,train,123,522.000000,516.675171
320,8,train,124,473.000000,495.949585
320,8,train,125,464.000000,480.331268
320,8,train,126,532.000000,525.016846
320,8,train,127,507.000000,526.668335
320,8,train,128,451.000000,475.889160
320,8,train,129,479.000000,483.166138
320,8,train,130,465.000000,472.042450
320,8,train,131,456.000000,477.841156
320,8,train,132,613.000000,608.377441
320,8,train,133,466.000000,471.205139
320,8,train,134,600.000000,593.055054
320,8,train,135,516.000000,523.066956
320,8,train,136,584.000000,564.926331
320,8,train,137,500.000000,503.265167
320,8,train,138,517.000000,520.888550
320,8,train,139,522.000000,508.780914
320,8,train,140,597.000000,584.165894
320,9,test,0,507.000000,531.353882
320,9,test,1,510.000000,505.038788
320,9,test,2,648.000000,616.156860
320,9,test,3,500.000000,499.241821
320,9,test,4,606.000000,565.542480
320,9,test,5,482.000000,520.640320
320,9,test,6,605.000000,549.636414
320,9,test,7,488.000000,494.299377
320,9,test,8,585.000000,610.915405
320,9,test,9,585.000000,614.476135
320,9,test,10,640.000000,630.873474
320,9,test,11,630.000000,518.192688
320,9,test,12,586.000000,539.420959
320,9,test,13,644.000000,557.297913
320,9,test,14,505.000000,502.919891
320,9,test,15,495.000000,484.297882
320,9,test,16,560.000000,557.980408
320,9,test,17,472.000000,554.757507
320,9,test,18,543.000000,520.224976
320,9,test,19,572.000000,571.339966
320,9,test,20,577.000000,535.190796
320,9,test,21,612.000000,581.102661
320,9,test,22,550.000000,541.544067
320,9,test,23,595.000000,610.023376
320,9,test,24,459.000000,493.725555
320,9,test,25,597.000000,592.176880
320,9,test,26,509.000000,518.399658
320,9,test,27,492.000000,513.581116
320,9,test,28,616.000000,655.049866
320,9,test,29,591.000000,558.910828
320,9,test,30,477.000000,519.592529
320,9,test,31,500.000000,511.208466
320,9,test,32,608.000000,610.090820
320,9,test,33,371.000000,489.601898
320,9,test,34,644.000000,590.959961
320,9,test,35,504.000000,519.998596
320,9,train,0,475.000000,474.939178
320,9,train,1,528.000000,528.035950
320,9,train,2,592.000000,592.066833
320,9,train,3,541.000000,541.110107
320,9,train,4,568.000000,568.280518
320,9,train,5,535.000000,535.311340
320,9,train,6,617.000000,616.699158
320,9,train,7,524.000000,524.534729
320,9,train,8,485.000000,485.601318
320,9,train,9,456.000000,457.381256
320,9,train,10,613.000000,612.998779
320,9,train,11,472.000000,472.186218
320,9,train,12,596.000000,595.878723
320,9,train,13,471.000000,471.692322
320,9,train,14,507.000000,507.184784
320,9,train,15,525.000000,525.154236
320,9,train,16,484.000000,484.265045
320,9,train,17,606.000000,606.223022
320,9,train,18,557.000000,558.418823
320,9,train,19,562.000000,561.179199
320,9,train,20,473.000000,474.669464
320,9,train,21,473.000000,472.612427
320,9,train,22,572.000000,572.104492
320,9,train,23,598.000000,597.898926
320,9,train,24,522.000000,521.442322
320,9,train,25,584.000000,584.267151
320,9,train,26,484.000000,484.855408
320,9,train,27,610.000000,610.499695
320,9,train,28,509.000000,510.133881
320,9,train,29,628.000000,626.828064
320,9,train,30,538.000000,537.686646
320,9,train,31,511.000000,511.600922
320,9,train,32,450.000000,450.877197
320,9,train,33,500.000000,500.482391
320,9,train,34,528.000000,527.726868
320,9,train,35,612.000000,612.187561
320,9,train,36,597.000000,597.205994
320,9,train,37,541.000000,540.782654
320,9,train,38,431.000000,434.540192
320,9,train,39,584.000000,584.174866
320,9,train,40,577.000000,575.712219
320,9,train,41,478.000000,478.287689
320,9,train,42,617.000000,616.834229
320,9,train,43,500.000000,499.680908
320,9,train,44,522.000000,521.814453
320,9,train,45,649.000000,645.812988
320,9,train,46,524.000000,524.198669
320,9,train,47,494.000000,493.904419
320,9,train,48,577.000000,576.692383
320,9,train,49,487.000000,486.939148
320,9,train,50,488.000000,487.679077
320,9,train,51,584.000000,583.674438
320,9,train,52,479.000000,478.561890
320,9,train,53,465.000000,465.941193
320,9,train,54,583.000000,582.567078
320,9,train,55,613.000000,612.998779
320,9,train,56,466.000000,465.648285
320,9,train,57,670.000000,670.035767
320,9,train,58,637.000000,636.504944
320,9,train,59,630.000000,629.782227
320,9,train,60,517.000000,516.436218
320,9,train,61,455.000000,455.767029
320,9,train,62,505.000000,505.071930
320,9,train,63,578.000000,577.647522
320,9,train,64,505.000000,505.151733
320,9,train,65,624.000000,623.464600
320,9,train,66,618.000000,617.722229
320,9,train,67,605.000000,605.832520
320,9,train,68,462.000000,461.290771
320,9,train,69,501.000000,500.928192
320,9,train,70,460.000000,461.069458
320,9,train,71,534.000000,532.790894
320,9,train,72,515.000000,514.918945
320,9,train,73,617.000000,616.834229
320,9,train,74,545.000000,545.871033
320,9,train,75,508.000000,507.715759
320,9,train,76,597.000000,596.901611
320,9,train,77,489.000000,489.138641
320,9,train,78,600.000000,600.158264
320,9,train,79,481.000000,481.111389
320,9,train,80,575.000000,574.411865
320,9,train,81,623.000000,621.808899
320,9,train,82,580.000000,579.871277
320,9,train,83,608.000000,607.708801
320,9,train,84,479.000000,478.271118
320,9,train,85,469.000000,469.872833
320,9,train,86,464.000000,465.333618
320,9,train,87,670.000000,670.035767
320,9,train,88,597.000000,596.783386
320,9,train,89,580.000000,579.683411
320,9,train,90,509.000000,508.185974
320,9,train,91,572.000000,572.104492
320,9,train,92,594.000000,591.843628
320,9,train,93,456.000000,456.269470
320,9,train,94,465.000000,464.783630
320,9,train,95,451.000000,451.531128
320,9,train,96,574.000000,573.762390
320,9,train,97,475.000000,474.962006
320,9,train,98,493.000000,493.131348
320,9,train,99,476.000000,476.809479
320,9,train,100,484.000000,483.574585
320,9,train,101,693.000000,678.619080
320,9,train,102,463.000000,462.594971
320,9,train,103,507.000000,506.372925
320,9,train,104,504.000000,503.944946
320,9,train,105,506.000000,518.106567
320,9,train,106,624.000000,624.123840
320,9,train,107,630.000000,630.387329
320,9,train,108,555.000000,554.808533
320,9,train,109,504.000000,504.386658
320,9,train,110,524.000000,523.498169
320,9,train,111,490.000000,494.138641
320,9,train,112,523.000000,523.879028
320,9,train,113,463.000000,462.693390
320,9,train,114,516.000000,516.220520
320,9,train,115,580.000000,579.542480
320,9,train,116,601.000000,601.721680
320,9,train,117,532.000000,531.297729
320,9,train,118,596.000000,595.851685
320,9,train,119,525.000000,523.620850
320,9,train,120,464.000000,463.756378
320,9,train,121,519.000000,518.595703
320,9,train,122,648.000000,645.529419
320,9,train,123,495.000000,495.305389
320,9,train,124,645.000000,644.800415
320,9,train,125,522.000000,522.612915
320,9,train,126,480.000000,479.839966
320,9,train,127,456.000000,459.866180
320,9,train,128,488.000000,488.139374
320,9,train,129,572.000000,571.339966
320,9,train,130,526.000000,525.851257
320,9,train,131,601.000000,601.736450
320,9,train,132,442.000000,441.981812
320,9,train,133,561.000000,561.561035
320,9,train,134,455.000000,455.268219
320,9,train,135,502.000000,502.549927
320,9,train,136,446.000000,447.339386
320,9,train,137,534.000000,534.083130
320,9,train,138,689.000000,686.635010
320,9,train,139,516.000000,515.973511
320,9,train,140,519.000000,518.868286
320,10,test,0,557.000000,587.890442
320,10,test,1,572.000000,571.263000
320,10,test,2,507.000000,492.079742
320,10,test,3,510.000000,534.134888
320,10,test,4,534.000000,567.199158
320,10,test,5,613.000000,613.148010
320,10,test,6,526.000000,517.948486
320,10,test,7,616.000000,653.187012
320,10,test,8,462.000000,498.838989
320,10,test,9,577.000000,528.027161
320,10,test,10,525.000000,500.819855
320,10,test,11,509.000000,491.499268
320,10,test,12,472.000000,544.408936
320,10,test,13,464.000000,513.224854
320,10,test,14,572.000000,569.286560
320,10,test,15,442.000000,498.401642
320,10,test,16,584.000000,501.118195
320,10,test,17,524.000000,574.172546
320,10,test,18,469.000000,517.963074
320,10,test,19,506.000000,619.365601
320,10,test,20,475.000000,492.579895
320,10,test,21,481.000000,512.413269
320,10,test,22,610.000000,603.814148
320,10,test,23,580.000000,562.103638
320,10,test,24,595.000000,617.757935
320,10,test,25,500.000000,510.891113
320,10,test,26,592.000000,614.675842
320,10,test,27,517.000000,532.848938
320,10,test,28,456.000000,493.367920
320,10,test,29,488.000000,476.232635
320,10,test,30,543.000000,520.994446
320,10,test,31,524.000000,495.503387
320,10,test,32,612.000000,609.938293
320,10,test,33,504.000000,528.687073
320,10,test,34,522.000000,509.250153
320,10,test,35,591.000000,535.428772
320,10,train,0,584.000000,584.356384
320,10,train,1,572.000000,571.263000
320,10,train,2,693.000000,662.289734
320,10,train,3,466.000000,468.135864
320,10,train,4,583.000000,582.885681
320,10,train,5,535.000000,533.043701
320,10,train,6,640.000000,641.300476
320,10,train,7,490.000000,494.849426
320,10,train,8,523.000000,531.940186
320,10,train,9,630.000000,630.092224
320,10,train,10,504.000000,504.689636
320,10,train,11,489.000000,494.054871
320,10,train,12,630.000000,630.054871
320,10,train,13,606.000000,604.257446
320,10,train,14,446.000000,451.374237
320,10,train,15,645.000000,640.098389
320,10,train,16,505.000000,504.163666
320,10,train,17,584.000000,582.533020
320,10,train,18,601.000000,601.934265
320,10,train,19,505.000000,509.112305
320,10,train,20,541.000000,543.358704
320,10,train,21,456.000000,455.987640
320,10,train,22,528.000000,527.371704
320,10,train,23,644.000000,637.416992
320,10,train,24,624.000000,620.757935
320,10,train,25,371.000000,411.981354
320,10,train,26,689.000000,676.901733
320,10,train,27,494.000000,491.452209
320,10,train,28,484.000000,487.414795
320,10,train,29,585.000000,585.457031
320,10,train,30,471.000000,474.893433
320,10,train,31,493.000000,494.013214
320,10,train,32,484.000000,482.079498
320,10,train,33,670.000000,668.717834
320,10,train,34,608.000000,607.564636
320,10,train,35,624.000000,625.656311
320,10,train,36,522.000000,520.456055
320,10,train,37,600.000000,601.079102
320,10,train,38,568.000000,567.892456
320,10,train,39,596.000000,597.569458
320,10,train,40,572.000000,569.286560
320,10,train,41,492.000000,492.966766
320,10,train,42,644.000000,643.129700
320,10,train,43,460.000000,473.754028
320,10,train,44,541.000000,545.764709
320,10,train,45,580.000000,585.460388
320,10,train,46,475.000000,470.839142
320,10,train,47,473.000000,472.655151
320,10,train,48,511.000000,514.143250
320,10,train,49,618.000000,618.861023
320,10,train,50,648.000000,647.509216
320,10,train,51,488.000000,486.620056
320,10,train,52,623.000000,619.091736
320,10,train,53,628.000000,621.130127
320,10,train,54,598.000000,595.207092
320,10,train,55,500.000000,502.544403
320,10,train,56,580.000000,578.859436
320,10,train,57,487.000000,486.059814
320,10,train,58,473.000000,476.886261
320,10,train,59,479.000000,478.724792
320,10,train,60,596.000000,594.793213
320,10,train,61,500.000000,496.916229
320,10,train,62,495.000000,497.115845
320,10,train,63,505.000000,506.120331
320,10,train,64,561.000000,555.352478
320,10,train,65,613.000000,613.148010
320,10,train,66,459.000000,463.217285
320,10,train,67,509.000000,511.706055
320,10,train,68,597.000000,596.823242
320,10,train,69,508.000000,506.195526
320,10,train,70,507.000000,506.266785
320,10,train,71,516.000000,516.188416
320,10,train,72,574.000000,573.320007
320,10,train,73,534.000000,529.064453
320,10,train,74,451.000000,459.179504
320,10,train,75,597.000000,593.176941
320,10,train,76,562.000000,555.302979
320,10,train,77,617.000000,595.182983
320,10,train,78,519.000000,519.913330
320,10,train,79,555.000000,555.489075
320,10,train,80,463.000000,461.658997
320,10,train,81,608.000000,609.238159
320,10,train,82,456.000000,472.768616
320,10,train,83,597.000000,595.711243
320,10,train,84,597.000000,595.660889
320,10,train,85,524.000000,524.842102
320,10,train,86,577.000000,574.166931
320,10,train,87,501.000000,498.320160
320,10,train,88,450.000000,454.458344
320,10,train,89,594.000000,591.782593
320,10,train,90,605.000000,600.964417
320,10,train,91,577.000000,575.843201
320,10,train,92,478.000000,479.318726
320,10,train,93,605.000000,606.977356
320,10,train,94,515.000000,514.588135
320,10,train,95,532.000000,529.441162
320,10,train,96,649.000000,632.185120
320,10,train,97,504.000000,503.646790
320,10,train,98,509.000000,511.556519
320,10,train,99,484.000000,484.884644
320,10,train,100,522.000000,519.518677
320,10,train,101,648.000000,625.175903
320,10,train,102,586.000000,581.579529
320,10,train,103,578.000000,577.201538
320,10,train,104,465.000000,486.488464
320,10,train,105,612.000000,615.481750
320,10,train,106,455.000000,461.343781
320,10,train,107,477.000000,479.614960
320,10,train,108,585.000000,587.349609
320,10,train,109,630.000000,603.855408
320,10,train,110,670.000000,668.717834
320,10,train,111,516.000000,516.949341
320,10,train,112,463.000000,460.079926
320,10,train,113,519.000000,516.583496
320,10,train,114,507.000000,509.792908
320,10,train,115,525.000000,527.393372
320,10,train,116,482.000000,483.913513
320,10,train,117,488.000000,488.700378
320,10,train,118,637.000000,636.459534
320,10,train,119,480.000000,479.697601
320,10,train,120,606.000000,600.910522
320,10,train,121,485.000000,488.071594
320,10,train,122,617.000000,617.288513
320,10,train,123,560.000000,559.832153
320,10,train,124,464.000000,463.397949
320,10,train,125,617.000000,617.288513
320,10,train,126,545.000000,546.221436
320,10,train,127,465.000000,467.770569
320,10,train,128,601.000000,605.978455
320,10,train,129,538.000000,536.177124
320,10,train,130,495.000000,492.241180
320,10,train,131,472.000000,473.018311
320,10,train,132,431.000000,448.104004
320,10,train,133,500.000000,500.913910
320,10,train,134,476.000000,479.375397
320,10,train,135,479.000000,478.246948
320,10,train,136,575.000000,572.432373
320,10,train,137,455.000000,458.088165
320,10,train,138,550.000000,547.459717
320,10,train,139,502.000000,503.087280
320,10,train,140,528.000000,526.952881
