NumAromaticHeterocycles,EState_VSA10,SlogP_VSA10,fr_NH0,fr_C_O,NumHAcceptors,SlogP_VSA8,EState_VSA3,PEOE_VSA10,TPSA,BCUT2D_CHGLO,VSA_EState5,SMR_VSA10,SMR_VSA1,VSA_EState2,SMR_VSA6,EState_VSA6,SlogP_VSA1,PEOE_VSA11,BCUT2D_MRHI,EState_VSA5,MinAbsEStateIndex,BCUT2D_LOGPLOW,MaxAbsEStateIndex,SPS,HallKierAlpha,EState_VSA4,MinPartialCharge,qed,BCUT2D_MWHI,Chi4n,AvgIpc,FpDensityMorgan2,PEOE_VSA7,SMR_VSA3,NumAliphaticRings,VSA_EState3,Chi1n,MaxPartialCharge,Kappa2,PEOE_VSA12,SlogP_VSA2,BalabanJ,PEOE_VSA1,Chi2n,MinEStateIndex,EState_VSA7,NumHeteroatoms,NumValenceElectrons,SMR_VSA5,BCUT2D_MWLOW,FpDensityMorgan1,PEOE_VSA6,fr_pyridine,Ipc,PEOE_VSA3,NumRotatableBonds,FpDensityMorgan3,fr_para_hydroxylation,MolecularVolume,Chi3n,BCUT2D_MRLOW,PEOE_VSA9,SMR_VSA7,Chi0v,VSA_EState1,PEOE_VSA8,BCUT2D_LOGPHI,VSA_EState4,BCUT2D_CHGHI,MolWt,Chi4v,EState_VSA8,BertzCT,RingCount,SlogP_VSA5,SlogP_VSA3,EState_VSA9,VSA_EState6,Chi3v,Kappa3,PEOE_VSA2,Chi0n,SlogP_VSA6,Chi0,VSA_EState8,Phi,Chi2v,EState_VSA2,HeavyAtomMolWt,MaxAbsPartialCharge,MolMR,Kappa1,VSA_EState7,FractionCSP3,NumAromaticRings,VSA_EState9,MolLogP,SlogP_VSA12,SMR_VSA9,Chi1v,NOCount,Chi1,EState_VSA1,EState_VSA11,MaxEStateIndex,MinAbsPartialCharge,NumRadicalElectrons,SlogP_VSA4,SlogP_VSA7,SlogP_VSA9,SMR_VSA4,SMR_VSA2,SMR_VSA8,SlogP_VSA11,PEOE_VSA13,PEOE_VSA14,PEOE_VSA5,LabuteASA,PEOE_VSA4,ExactMolWt,NumAromaticCarbocycles,NumAmideBonds,NumHeterocycles,NumHDonors,NumAtomStereoCenters,NumBridgeheadAtoms,NumAliphaticHeterocycles,NumAliphaticCarbocycles,NumSpiroAtoms,NumSaturatedRings,NumUnspecifiedAtomStereoCenters,fr_Al_COO,fr_Al_OH,fr_Al_OH_noTert,fr_ArN,fr_Ar_COO,NumSaturatedHeterocycles,NumSaturatedCarbocycles,fr_Ar_NH,fr_Ar_N,fr_COO,fr_Ar_OH,fr_C_O_noCOO,fr_C_S,fr_HOCCN,fr_COO2,fr_Imine,fr_NH1,fr_NH2,fr_N_O,fr_Ndealkylation1,VSA_EState10,HeavyAtomCount,NHOHCount,fr_SH,fr_Nhpyrrole,fr_Ndealkylation2,fr_aldehyde,fr_amide,fr_alkyl_carbamate,fr_alkyl_halide,fr_allylic_oxid,fr_azide,fr_azo,fr_barbitur,fr_benzene,fr_benzodiazepine,fr_amidine,fr_aniline,fr_aryl_methyl,fr_epoxide,fr_ester,fr_ether,fr_furan,fr_guanido,fr_halogen,fr_hdrzine,fr_hdrzone,fr_imidazole,fr_imide,fr_isocyan,fr_isothiocyan,fr_ketone,fr_bicyclic,fr_diazo,fr_dihydropyridine,fr_lactone,fr_lactam,fr_ketone_Topliss,fr_methoxy,fr_nitro_arom,fr_nitro_arom_nonortho,fr_nitrile,fr_morpholine,fr_oxazole,fr_oxime,fr_phenol,fr_phenol_noOrthoHbond,fr_phos_acid,fr_phos_ester,fr_nitroso,fr_nitro,fr_piperzine,fr_piperdine,fr_prisulfonamd,fr_priamide,fr_sulfide,fr_sulfonamd,fr_sulfone,fr_quatN,fr_term_acetylene,fr_tetrazole,fr_thiocyan,fr_thiazole,fr_thiophene,fr_unbrch_alkane,fr_urea,LogP,Tag
0,4.794537184071822,34.124317648101375,2,1,5,0.0,11.126902983393991,0.0,42.010000000000005,-2.324977992655428,3.144894305773613,39.90756259446631,14.26826309167192,17.87167359552835,9.799819461700956,0.0,19.27354536930105,28.78129227950056,6.091907100526456,0.0,0.029022633744856,-2.157554836664428,13.547807102843176,12.666666666666666,-5.809999999999998,57.12236498123699,-0.4529535242788035,0.2062665191764019,16.487971356243364,5.656022997193569,3.05726063214794,0.6666666666666666,97.0618730953858,0.0,2,0.0,13.814396999509876,0.1925248106683502,9.679557551585384,0.0,5.783244946364939,1.0956881309368809,19.27354536930105,10.168715508198511,-0.029022633744856,145.59280964307868,5,200,0.0,10.013040718546428,0.3809523809523809,48.53093654769288,0,10346122175.613453,0.0,4,0.9761904761904762,8,430.6320000000001,7.6398504410100765,0.1034038256350813,22.74954509873425,156.71971262647267,22.47557852294253,12.270295705019814,22.50167553276112,2.509725362437876,6.98590693109251,2.266175615505927,544.6100000000002,5.656022997193569,9.799819461700956,1731.806623066445,8,15.921440167465814,0.0,9.473725907600098,47.39389612925238,7.6398504410100765,3.906421356297432,4.794537184071822,22.47557852294253,145.59280964307868,28.045030348694613,0.0,5.53690311960552,10.168715508198511,5.783244946364939,520.4180000000005,0.4529535242788035,165.83049999999966,24.0248513203316,0.0,0.0,6,0.0,10.068599999999991,0.0,22.99804733313562,13.814396999509876,5,20.742316078466885,0.0,0.0,13.547807102843176,0.1925248106683502,0,0.0,0.0,0.0,0.0,0.0,0.0,22.99804733313562,0.0,0.0,0.0,242.97843385661952,0.0,544.178692628,6,0,2,0,0,0,2,0,0,0,0,0,0,0,0,0,0,0,0,0,0,0,1,0,0,0,0,0,0,0,0,0.0,42,0,0,0,0,0,0,0,0,0,0,0,0,6,0,0,6,0,0,0,2,0,0,0,0,0,0,0,0,0,1,4,0,0,0,0,0,0,0,0,0,0,0,0,0,0,0,0,0,0,0,0,0,0,0,0,0,0,0,0,0,0,0,0,0,10.068599999999991,538
2,4.794537184071822,0.0,2,1,1,54.98647227769136,11.126902983393991,0.0,26.93,-2.1016465787294942,0.016244855967078,49.39494467468917,4.794537184071822,13.477807102843176,0.0,0.0,0.0,5.783244946364939,6.112523783380612,21.544896857859182,0.016244855967078,-2.027483340489433,13.477807102843176,11.6,-5.4099999999999975,33.44157541983217,-0.3092477272266533,0.2160584035419628,16.138301728710367,6.091834061009632,3.5416063269305096,0.625,72.79640482153933,9.13419929558271,0,4.894784995074026,13.49790041858215,0.1925248106674458,8.82269111680498,0.0,14.91744424194765,1.1491070594182142,9.13419929558271,10.16228882090131,0.016244855967078,48.53093654769288,3,188,0.0,10.02432204042538,0.35,72.79640482153933,0,5007790093.649244,0.0,4,0.925,4,411.3680000000001,7.935539129115752,0.1034038919386504,22.066802870465047,156.71971262647267,21.659081942014804,4.526672615134153,44.0465723906203,2.330951213524059,8.049339294669107,2.1489751706685247,512.6120000000003,6.091834061009632,106.19607239096852,1948.4315776678177,8,15.921440167465814,0.0,0.0,49.701817802979136,7.935539129115752,3.3459379213643285,4.794537184071822,21.659081942014804,145.59280964307868,26.63081678632152,0.0,4.976612343936304,10.16228882090131,5.783244946364939,488.4200000000004,0.3092477272266533,164.99449999999965,22.56278624310954,0.0,0.0,8,0.0,9.111799999999995,0.0,11.374772549367124,13.49790041858215,3,19.775989583278097,0.0,0.0,13.477807102843176,0.1925248106674458,0,0.0,0.0,0.0,0.0,0.0,0.0,0.0,0.0,0.0,0.0,230.6940718942894,0.0,512.1888633880001,6,0,2,0,0,0,0,0,0,0,0,0,0,0,0,0,0,0,0,2,0,0,1,0,0,0,0,0,0,0,0,0.0,40,0,0,0,0,0,0,0,0,0,0,0,0,6,0,0,0,0,0,0,0,0,0,0,0,0,0,0,0,0,1,6,0,0,0,0,0,0,0,0,0,0,0,0,0,0,0,0,0,0,0,0,0,0,0,0,0,0,0,0,0,0,0,0,0,9.111799999999995,475
0,9.589074368143644,34.124317648101375,2,2,6,0.0,22.253805966787983,0.0,59.08,-2.323466778742544,2.7360053971911413,45.69080754083125,19.06280027574374,31.661970524974183,9.799819461700956,24.26546827384644,19.27354536930105,34.5645372258655,6.131646195040049,0.0,0.1583576440291947,-2.155249920316265,13.70244360211657,12.4,-6.919999999999996,57.12236498123699,-0.4529535242788035,0.1672677171844357,16.48801681174496,6.624362698548738,3.1838054199744734,0.66,103.1282401638474,0.0,2,0.0,16.339888349787728,0.192546302659063,11.952346888735152,0.0,11.566489892729878,0.9687264626977816,19.27354536930105,12.078644246314015,-0.1583576440291947,145.59280964307868,6,238,0.0,9.96738836999272,0.34,66.73003775307771,0,602624984513.4557,0.0,6,1.0,8,510.8800000000001,9.026798916090891,0.1032965170645396,22.74954509873425,192.11208388371304,26.6932278901649,12.280952661467223,33.62857851615511,2.5098031321346723,7.4477790685628,2.2678985547003983,648.7180000000003,6.624362698548738,9.799819461700956,2176.958400712378,9,31.842880334931625,0.0,9.473725907600098,53.539959014471314,9.026798916090891,4.982945695300873,9.589074368143644,26.6932278901649,169.8582779169251,33.60550828100968,0.0,6.9888957832769805,12.078644246314015,11.566489892729878,620.4940000000001,0.4529535242788035,195.7049999999996,29.2364999457298,0.0,0.0,7,0.0,11.299599999999986,0.0,22.99804733313562,16.339888349787728,6,24.61932617617863,0.0,0.0,13.70244360211657,0.192546302659063,0,0.0,0.0,0.0,0.0,0.0,0.0,22.99804733313562,0.0,0.0,0.0,288.56199227712386,0.0,648.204907376,7,0,2,0,0,0,2,0,0,0,0,0,0,0,0,0,0,0,0,0,0,0,2,0,0,0,0,0,0,0,0,0.0,50,0,0,0,0,0,0,0,0,0,0,0,0,7,0,0,6,0,0,0,2,0,0,0,0,0,0,0,0,0,2,4,0,0,0,0,0,0,0,0,0,0,0,0,0,0,0,0,0,0,0,0,0,0,0,0,0,0,0,0,0,0,0,0,0,11.299599999999986,541
4,4.794537184071822,0.0,4,1,1,109.97294455538268,11.126902983393991,0.0,36.79,-2.1154176283352104,-0.0100190336934149,93.00664440301338,4.794537184071822,14.14578106229753,0.0,0.0,0.0,5.783244946364939,6.144763948899975,65.15659658618341,0.0100190336934149,-2.0288646469952885,14.14578106229753,12.0,-8.930000000000001,44.81634796919929,-0.3092450892658011,0.1536704177066308,16.138331835427053,10.848143234865928,4.109470183779146,0.4545454545454545,121.32734136923226,18.26839859116542,0,9.70278964764178,22.470309486886432,0.1925248106674458,14.035334778039488,0.0,24.05164353753036,0.8042127935185586,18.26839859116542,17.270311336389693,-0.0100190336934149,24.26546827384644,5,308,0.0,10.024241509138736,0.2272727272727272,109.19460723230902,0,7086751244275366.0,0.0,6,0.7575757575757576,6,668.9040000000001,13.764264906671333,0.1034000724344608,44.133605740930086,241.6488515849351,35.636412901669466,9.354342667451563,76.96624179784659,2.390415038674883,14.775752548817644,2.193632865774153,843.0020000000001,10.848143234865928,224.5248789188601,3908.3680634343614,14,15.921440167465814,0.0,0.0,81.36468644081822,13.764264906671333,5.2529631251237605,4.794537184071822,35.636412901669466,230.5219486015411,43.458514953208656,0.0,7.771119553209558,17.270311336389693,5.783244946364939,804.6979999999996,0.3092450892658011,273.6724999999999,36.54304643408541,0.0,0.0,14,0.0,15.30599999999997,0.0,22.74954509873425,22.470309486886432,5,32.67496906884445,0.0,0.0,14.14578106229753,0.1925248106674458,0,0.0,0.0,0.0,0.0,0.0,0.0,0.0,0.0,0.0,0.0,378.3731822485775,0.0,842.3045618360001,10,0,4,0,0,0,0,0,0,0,0,0,0,0,0,0,0,0,0,4,0,0,1,0,0,0,0,0,0,0,0,0.0,66,0,0,0,0,0,0,0,0,0,0,0,0,10,0,0,0,0,0,0,0,0,0,0,0,0,0,0,0,0,1,12,0,0,0,0,0,0,0,0,0,0,0,0,0,0,0,0,0,0,0,0,0,0,0,0,0,0,0,0,0,0,0,0,0,15.30599999999997,475
0,9.589074368143644,34.124317648101375,2,2,6,0.0,22.253805966787983,0.0,59.08,-2.323402120470248,2.842448398999488,45.69080754083125,19.06280027574374,31.291719124791285,9.799819461700956,24.26546827384644,19.27354536930105,34.5645372258655,6.11722790728659,0.0,0.11689506736321,-2.154545551574476,13.51280946903307,12.4,-6.919999999999997,57.12236498123699,-0.4529535242788035,0.1672677171844357,16.488016732849577,6.595666961522509,3.1842976866309933,0.56,97.0618730953858,0.0,2,0.0,16.339888349787728,0.1925229874638418,11.952346888735152,0.0,11.566489892729878,0.9341155336158936,19.27354536930105,12.075189922620064,-0.1168950673632103,145.59280964307868,6,238,0.0,9.978079959727756,0.32,72.79640482153933,0,606521464641.4668,0.0,6,0.84,8,510.0320000000001,9.049128015460154,0.1022936844705274,22.74954509873425,192.11208388371304,26.6932278901649,12.262694375086632,33.62857851615511,2.5097210012671165,7.682369862097927,2.2668884888397574,648.7180000000002,6.595666961522509,9.799819461700956,2155.9584007123776,9,31.842880334931625,0.0,9.473725907600098,53.587434905691325,9.049128015460154,4.982945695300873,9.589074368143644,26.6932278901649,169.8582779169251,33.60550828100967,0.0,6.9888957832769805,12.075189922620064,11.566489892729878,620.4940000000001,0.4529535242788035,195.7049999999996,29.2364999457298,0.0,0.0,7,0.0,11.299599999999986,0.0,22.99804733313562,16.339888349787728,6,24.619326176178628,0.0,0.0,13.51280946903307,0.1925229874638418,0,0.0,0.0,0.0,0.0,0.0,0.0,22.99804733313562,0.0,0.0,0.0,288.56199227712386,0.0,648.204907376,7,0,2,0,0,0,2,0,0,0,0,0,0,0,0,0,0,0,0,0,0,0,2,0,0,0,0,0,0,0,0,0.0,50,0,0,0,0,0,0,0,0,0,0,0,0,7,0,0,6,0,0,0,2,0,0,0,0,0,0,0,0,0,2,4,0,0,0,0,0,0,0,0,0,0,0,0,0,0,0,0,0,0,0,0,0,0,0,0,0,0,0,0,0,0,0,0,0,11.299599999999986,555
3,0.0,0.0,5,0,3,100.2769432301761,17.47321349399978,0.0,48.53,-2.1092002947609774,1.940410690377548,43.61169972832423,0.0,14.773446173095946,0.0,0.0,0.0,17.47321349399978,6.123254562809215,43.705201276485695,0.6388696211072553,-2.0017521954360964,4.952117548458274,11.571428571428571,-7.629999999999996,39.09852845969064,-0.3092477477921203,0.1721794724889672,15.035778237901416,8.13561000178813,3.7926548498740735,0.5892857142857143,83.92330780493333,24.086134858424334,0,4.923811832360382,18.86746786741897,0.1635966181304171,13.042710856778193,0.0,24.086134858424334,1.0082779871006071,9.13419929558271,14.089679585906234,0.6388696211072553,60.6636706846161,5,262,0.0,10.003184124033488,0.25,127.39370843769387,0,27616646073733.85,14.951935562841626,6,1.0535714285714286,3,576.3760000000001,10.775976015518165,1.0726071569490252,22.066802870465047,200.1901132592331,30.28862686075745,4.717112580525137,49.61002388231729,2.3829057789030665,12.171445459625897,2.171098755705766,715.8600000000001,8.13561000178813,148.66064187019978,3160.834353085264,11,0.0,0.0,14.951935562841626,70.47377326401507,10.775976015518165,5.286521710590095,0.0,30.28862686075745,200.1901132592331,37.002849506508205,0.0,7.419648130002101,14.089679585906234,0.0,682.596,0.3092477477921203,230.24899999999948,31.85689691680817,0.0,0.0,11,0.0,12.733799999999976,0.0,56.66524350185188,18.86746786741897,5,27.764285466321493,0.0,0.0,4.952117548458274,0.1635966181304171,0,0.0,0.0,0.0,0.0,0.0,0.0,0.0,0.0,0.0,0.0,322.99783424088065,0.0,715.273596056,8,0,3,0,0,0,0,0,0,0,0,0,0,0,0,0,0,0,0,5,0,0,0,0,0,0,0,0,0,0,0,0.0,56,0,0,0,0,0,0,0,0,0,0,0,0,8,0,0,0,0,0,0,0,0,0,0,0,0,0,0,0,0,0,6,0,0,0,0,0,0,0,0,0,0,0,0,0,0,0,0,0,0,0,0,0,0,0,0,0,0,0,0,0,0,0,0,0,12.733799999999976,463
2,8.417796984328938,0.0,2,0,2,77.24027824447934,9.79096695103555,0.0,44.0,-2.10626607237134,0.0,53.44895286474173,8.417796984328938,0.7475830121744602,0.0,18.19910120538483,0.0,0.0,7.917620989803736,21.80584986416212,0.3699227637051485,-1.978458849608252,13.289759795064892,13.4468085106383,-5.9099999999999975,55.43442838031722,-0.3092477477921203,0.196798188527735,32.227927072073626,7.582176667399442,3.712177464828143,0.8723404255319149,83.92330780493333,9.13419929558271,1,4.751845685898388,15.690058435526668,0.2073213944168064,9.55016356520877,9.837253136417502,17.55199627991165,1.1653627710437988,9.13419929558271,12.1845827310633,-3.5264377178419246,24.26546827384644,5,222,9.79096695103555,10.002925553841582,0.3617021276595745,84.92913895846256,0,199781972028.86688,8.417796984328938,3,1.5319148936170213,3,482.4080000000001,9.670496496458227,0.5984642514625285,31.8577698215006,157.72554378000189,25.94677564224951,31.1672845666466,44.0465723906203,2.447884466493685,10.42273438116855,2.325425740299546,622.7490000000003,9.249924112102006,124.39517359635336,2861.545490594337,10,0.0,9.837253136417502,0.0,54.02032340528727,11.54054834748212,3.65844653113234,0.0,25.130279061321783,167.51651073103744,31.27708115626349,0.0,5.348341652427834,14.071109117704736,0.0,596.5410000000002,0.3092477477921203,191.4437999999996,26.32123062057871,0.0,0.0,9,-3.5264377178419246,10.36099999999999,0.0,33.62857851615511,17.17322168312106,4,23.07564941180021,9.837253136417502,0.0,13.289759795064892,0.2073213944168064,0,0.0,0.0,0.0,0.0,0.0,0.0,0.0,0.0,0.0,0.0,270.8442691141704,0.0,622.1714990720001,7,0,3,0,0,0,1,0,0,0,0,0,0,0,0,0,0,0,0,2,0,0,0,0,0,0,0,0,0,0,0,0.0,47,0,0,0,0,0,0,0,0,0,0,0,0,7,0,0,0,0,0,0,0,0,0,0,0,0,0,0,0,0,0,9,0,0,0,0,0,0,0,0,0,0,0,0,0,0,0,0,0,0,0,0,0,0,0,0,1,0,0,0,0,0,0,0,0,10.36099999999999,459
4,0.0,0.0,6,0,3,127.77017936902176,17.47321349399978,0.0,53.46,-2.1156887654993275,1.907007399258853,65.41754959248635,0.0,14.98037160831567,0.0,0.0,0.0,17.47321349399978,6.140523390377749,59.94759964895082,0.6257376762770088,-2.0025999923107727,5.026995708128828,11.768115942028986,-9.390000000000002,50.34936622607119,-0.3092477477921203,0.160232277618211,15.039207935429484,10.513764588716285,4.063257528859952,0.5072463768115942,108.1887760787798,28.65323450621569,0,7.305558480244999,23.3536724015711,0.1635966181304171,15.615692757768672,0.0,28.65323450621569,0.9499719939255444,13.701298943374065,17.643690843650432,0.6257376762770088,60.6636706846161,6,322,0.0,10.001632024147415,0.2028985507246377,145.59280964307868,0,3.2788751306472844e+16,14.951935562841626,7,1.0,4,705.8720000000002,13.69033890429595,1.0725727706368666,33.10020430569757,242.65468273846432,37.27729234058477,7.171789621095659,66.06985858593045,2.4052163382099225,15.458332136341523,2.195619574114957,881.0550000000001,10.513764588716285,195.6923109972224,4169.26800652249,14,0.0,0.0,14.951935562841626,86.51027408807663,13.69033890429595,6.304144017992005,0.0,37.27729234058477,242.65468273846432,45.41669858995177,0.0,8.78985793515979,17.643690843650432,0.0,840.7349999999996,0.3092477477921203,284.58800000000014,38.83914770443321,0.0,0.0,14,0.0,15.830899999999966,0.0,62.35262977653544,23.3536724015711,6,34.21377520910467,0.0,0.0,5.026995708128828,0.1635966181304171,0,0.0,0.0,0.0,0.0,0.0,0.0,0.0,0.0,0.0,0.0,396.8373894180247,0.0,880.33144528,10,0,4,0,0,0,0,0,0,0,0,0,0,0,0,0,0,0,0,6,0,0,0,0,0,0,0,0,0,0,0,0.0,69,0,0,0,0,0,0,0,0,0,0,0,0,10,0,0,0,0,0,0,0,0,0,0,0,0,0,0,0,0,0,9,0,0,0,0,0,0,0,0,0,0,0,0,0,0,0,0,0,0,0,0,0,0,0,0,0,0,0,0,0,0,0,0,0,15.830899999999966,450
1,0.0,17.062158824050687,4,0,4,34.16356796909077,17.47321349399978,0.0,41.91,-2.460778490827297,1.932435099228584,17.062158824050687,0.0,17.186900728883018,4.899909730850478,0.0,4.899909730850478,17.47321349399978,5.893352138296248,22.253805966787983,0.501285422641029,-2.372132083038218,4.9638473167634976,12.92,-6.649999999999997,33.752513299141675,-0.3098316401477127,0.1813512536978896,15.158790911713917,7.3867270280209905,3.210136307952788,0.66,58.65200837755764,14.951935562841626,1,0.0,16.881263333266826,0.1635966181303677,12.421852260704394,0.0,14.951935562841626,1.200684687295797,4.899909730850478,12.436914542847347,-0.501285422641029,60.6636706846161,4,236,5.41499046939678,9.622194551493404,0.32,157.72554378000189,0,781570335759.4012,14.951935562841626,6,1.08,2,517.0320000000002,9.594611211369632,0.7310057921977928,16.789763018763903,216.37755215755948,27.264062996067867,0.0,22.37774074977455,2.5703414482385747,10.607730923991054,2.456679848992472,640.7900000000002,7.3867270280209905,138.35998523700596,2263.558533368596,9,22.253805966787983,5.41499046939678,14.951935562841626,68.189599914564,9.594611211369632,4.888733961112909,0.0,27.264062996067867,194.1237461907715,33.33164111018391,0.0,7.325400784058486,12.436914542847347,0.0,608.5340000000002,0.3098316401477127,202.6859999999995,29.48594392493238,0.0,0.0217391304347826,8,0.0,11.038499999999988,0.0,34.16356796909077,16.881263333266826,4,24.802829595250905,5.41499046939678,0.0,4.9638473167634976,0.1635966181303677,0,0.0,0.0,0.0,0.0,0.0,0.0,0.0,0.0,0.0,0.0,291.60895113585536,0.0,640.262697024,7,0,2,0,0,0,1,0,0,0,0,0,0,0,0,0,0,0,0,3,0,0,0,0,0,0,0,0,0,0,0,0.0,50,0,0,0,0,0,0,0,0,0,0,0,0,7,0,0,3,0,0,0,0,0,0,0,0,0,0,0,0,0,0,2,0,0,0,0,0,0,0,0,0,0,0,0,0,0,0,0,0,0,0,0,0,0,0,0,0,0,0,0,0,0,0,0,0,11.038499999999988,472
1,0.0,34.124317648101375,5,0,4,28.46309825407741,0.0,0.0,37.190000000000005,-2.39879028040984,1.608393880360317,34.124317648101375,0.0,4.674789690695175,9.799819461700956,0.0,9.799819461700956,11.648808995999854,6.0096498659495765,0.0,0.7975002298743837,-2.2333020610959298,4.6894333393406535,12.093023255813954,-5.939999999999998,62.587415902178776,-0.3062895250840267,0.2125438926598757,15.290666437904546,5.904186747859553,3.537455573933692,0.6511627906976745,72.79640482153933,14.76446326439343,1,9.334515468423712,14.36779332624382,0.1683508976871326,10.471802144564425,0.0,14.76446326439343,1.242370073104617,9.799819461700956,10.414870601144925,0.7975002298743837,36.39820241076966,5,204,0.0,10.04068970454379,0.3023255813953488,90.99550602692418,0,24171464500.30508,0.0,5,1.1162790697674418,6,443.4080000000001,7.834600009014791,1.0721071539872582,22.74954509873425,163.7919108484635,23.324525245619693,2.132513051389314,28.18906180744468,2.534114704160549,9.744856200973594,2.296659575361866,553.6690000000002,5.904186747859553,151.95799116378825,1969.7137941146373,8,0.0,0.0,0.0,56.83826504149124,7.834600009014791,4.263029739392812,4.567099647791355,23.324525245619693,163.7919108484635,28.589000423064626,0.0,6.045341603956012,10.414870601144925,0.0,526.4530000000004,0.3062895250840267,175.1549999999996,24.823777739635776,0.0,0.0,7,0.0,9.854299999999997,0.0,28.46309825407741,14.36779332624382,5,21.36530598075514,0.0,0.0,4.6894333393406535,0.1683508976871326,0,0.0,0.0,0.0,0.0,0.0,0.0,0.0,0.0,0.0,10.197363616602075,250.114685980666,0.0,553.226645864,6,0,2,0,0,0,1,0,0,0,0,0,0,0,0,0,0,0,0,3,0,0,0,0,0,0,0,0,0,0,0,0.0,43,0,0,0,0,0,0,0,0,0,0,0,0,6,0,0,6,0,0,0,0,0,0,0,0,0,0,0,0,0,0,2,0,0,0,0,0,0,0,0,0,0,0,0,0,0,0,0,0,0,0,0,0,0,0,0,0,0,0,0,0,0,0,0,0,9.854299999999997,528
1,0.0,34.124317648101375,4,0,5,22.90835082744581,11.781447844051817,0.0,45.400000000000006,-2.398631930155142,1.0135790655455024,34.124317648101375,4.417150937053347,4.6212142915272425,9.799819461700956,0.0,9.799819461700956,0.0,6.00907782419862,0.0,0.5000928224669763,-2.233143059560512,5.974168993520406,12.216216216216216,-5.159999999999998,45.25122063149536,-0.4161306783895016,0.2532255640034028,16.363406369883982,4.86796128090149,3.474024841546049,0.7567567567567568,72.79640482153933,10.197363616602075,1,8.52258803078199,12.194537620934788,0.2476664134712624,8.806861930526024,11.781447844051817,10.197363616602075,1.2950691263139325,14.216970398754302,8.809064851516142,0.5000928224669763,48.53093654769288,5,176,0.0,10.04216639629337,0.3783783783783784,60.6636706846161,0,1006904689.9460112,0.0,4,1.2432432432432432,5,378.4720000000001,6.55966019651032,0.5843744658471609,22.74954509873425,133.46007550615548,19.89880859463547,5.974168993520406,22.50167553276112,2.533376725211788,8.442723761416218,2.2944967828485128,478.5550000000002,4.86796128090149,104.9263220367656,1630.281175228457,7,0.0,0.0,4.417150937053347,45.59239252387531,6.55966019651032,3.649239290761029,0.0,19.89880859463547,137.87722644320883,24.60587275993919,0.0,5.034067169612272,8.809064851516142,0.0,456.3790000000004,0.4161306783895016,148.09399999999974,21.14947262089403,0.0,0.0,6,0.0,8.656600000000001,0.0,22.90835082744581,12.194537620934788,5,18.36530598075514,0.0,0.0,5.974168993520406,0.2476664134712624,0,0.0,0.0,0.0,0.0,0.0,0.0,0.0,0.0,0.0,10.197363616602075,214.4327891310692,0.0,478.179361324,5,0,2,0,0,0,1,0,0,0,0,0,0,0,0,0,0,0,0,2,0,0,0,0,0,0,0,0,0,0,0,0.0,37,0,0,0,0,0,0,0,0,0,0,0,0,5,0,0,6,0,0,0,0,0,0,0,0,0,0,0,0,0,0,2,0,0,0,0,0,0,0,0,0,0,0,0,0,0,0,0,0,0,0,0,0,0,0,0,0,0,0,0,0,0,0,0,0,8.656600000000001,577
0,8.417796984328938,68.24863529620275,4,0,6,0.0,0.0,0.0,47.10000000000001,-2.399500202287991,0.0,78.08588843262024,8.417796984328938,9.403112691363122,19.599638923401912,24.26546827384644,19.599638923401912,0.0,7.911312963890139,0.0,0.2367208238203213,-2.235180400295655,14.161713865134054,13.090909090909092,-7.089999999999996,68.24863529620275,-0.3062895250839444,0.169741034052519,32.22791882335633,7.84002813621237,3.2502967452614286,0.4363636363636363,121.32734136923226,0.0,2,0.0,18.198365888693203,0.2060918256850351,13.090026285297249,9.837253136417502,8.417796984328938,0.9845396703549876,19.599638923401912,13.458835531892223,-3.819111790019076,109.19460723230902,7,264,9.79096695103555,10.0474741819717,0.2363636363636363,84.92913895846256,0,8625898566409.358,8.417796984328938,6,0.6727272727272727,10,566.3920000000002,10.293376942283318,0.5958732941668167,55.29005714850404,206.2564803276947,30.46000498676643,28.323427730268108,22.74954509873425,2.551865159213849,12.03903878364268,2.3190745942012154,730.8930000000001,9.100969161584542,92.39604374494124,2509.3057563725497,10,0.0,9.837253136417502,0.0,68.30353258474516,12.078912875945674,5.355946460857404,0.0,29.643508405838705,216.04744727873023,36.933935405755854,0.0,7.747430601284314,15.408518148860832,9.79096695103555,696.6209999999999,0.3062895250839444,224.18379999999948,32.552164050980075,0.0,0.0,8,-3.819111790019076,13.025399999999978,0.0,0.0,19.68152913628759,6,27.07564941180021,9.837253136417502,0.0,14.161713865134054,0.2060918256850351,0,0.0,0.0,0.0,0.0,0.0,0.0,0.0,0.0,0.0,0.0,320.4841333174866,0.0,730.2402473280001,8,0,2,0,0,0,2,0,0,0,0,0,0,0,0,0,0,0,0,0,0,0,0,0,0,0,0,0,0,0,0,0.0,55,0,0,0,0,0,0,0,0,0,0,0,0,8,0,0,12,0,0,0,0,0,0,0,0,0,0,0,0,0,0,4,0,0,0,0,0,0,0,0,0,0,0,0,0,0,0,0,0,0,0,0,0,0,0,0,1,0,0,0,0,0,0,0,0,13.025399999999978,577
1,0.0,34.124317648101375,5,0,4,28.46309825407741,0.0,0.0,37.190000000000005,-2.3989415428412104,1.609943945580532,34.124317648101375,0.0,4.681775973245129,9.799819461700956,0.0,9.799819461700956,11.648808995999854,6.009089919413411,0.0,0.8049719727902659,-2.2337281652055263,4.645082129083058,12.093023255813954,-5.939999999999998,62.587415902178776,-0.3062895250837763,0.2125438926598757,15.2921856241562,5.905547762058764,3.537527533088881,0.627906976744186,60.6636706846161,14.76446326439343,1,9.290164258166117,14.367793326243822,0.1683483408384646,10.471802144564425,0.0,14.76446326439343,1.26365900105854,9.799819461700956,10.414870601144926,0.8049719727902659,36.39820241076966,5,204,0.0,10.045075150778626,0.3023255813953488,103.1282401638474,0,24179925539.860752,0.0,5,1.0465116279069768,5,442.6400000000001,7.834600009014787,1.070016916057796,22.74954509873425,163.7919108484635,23.324525245619697,2.142540627362056,28.18906180744468,2.5338253808854803,9.742791161400955,2.296670691357705,553.6690000000002,5.905547762058764,151.95799116378822,1912.7137941146373,8,0.0,0.0,0.0,56.86611736757855,7.834600009014787,4.263029739392812,4.567099647791355,23.324525245619697,163.7919108484635,28.58900042306463,0.0,6.045341603956012,10.414870601144926,0.0,526.4530000000004,0.3062895250837763,175.1549999999996,24.823777739635776,0.0,0.0,7,0.0,9.854299999999991,0.0,28.46309825407741,14.367793326243822,5,21.36530598075514,0.0,0.0,4.645082129083058,0.1683483408384646,0,0.0,0.0,0.0,0.0,0.0,0.0,0.0,0.0,0.0,10.197363616602075,250.114685980666,0.0,553.226645864,6,0,2,0,0,0,1,0,0,0,0,0,0,0,0,0,0,0,0,3,0,0,0,0,0,0,0,0,0,0,0,0.0,43,0,0,0,0,0,0,0,0,0,0,0,0,6,0,0,6,0,0,0,0,0,0,0,0,0,0,0,0,0,0,2,0,0,0,0,0,0,0,0,0,0,0,0,0,0,0,0,0,0,0,0,0,0,0,0,0,0,0,0,0,0,0,0,0,9.854299999999991,495
0,8.417796984328938,34.124317648101375,2,0,6,0.0,0.0,0.0,59.08,-2.32522056127662,2.957417453921761,43.96157078451887,17.891522891929036,4.607550587203503,9.799819461700956,24.26546827384644,19.27354536930105,22.99804733313562,7.9112949814609745,0.0,0.2230495302523623,-2.1571648762776503,13.735307102843176,13.116279069767442,-5.529999999999998,57.12236498123699,-0.4529535242787363,0.2065563570891307,32.22791790928514,5.6504107463917,3.059461773612424,0.6511627906976745,97.0618730953858,0.0,2,0.0,13.85185447807514,0.2060918256854603,9.787177945739645,9.837253136417502,8.417796984328938,1.1259938106568312,19.27354536930105,10.237082402261262,-3.762423049466699,121.32734136923226,7,208,9.79096695103555,10.118720807130774,0.3720930232558139,48.53093654769288,0,14007772653.748089,8.417796984328938,4,0.9534883720930232,8,441.1360000000001,7.67490767951759,0.4765001725969537,32.540512049769795,145.59280964307868,23.608571684797983,39.68942842922469,11.374772549367124,2.511965510421546,5.22121754556889,2.275932460526428,580.6650000000002,6.911351771763869,9.799819461700956,1871.955633026388,8,0.0,9.837253136417502,9.473725907600098,45.20347570021453,9.460443613179937,4.126908668372891,0.0,22.792075103870257,155.3837765941142,28.967680079504987,0.0,5.736011188287637,12.18676501922987,9.79096695103555,556.4730000000003,0.4529535242787363,167.84979999999965,25.20118490373769,0.0,0.0,6,-3.762423049466699,9.670399999999995,0.0,22.99804733313562,15.335017725669532,6,21.07564941180021,9.837253136417502,0.0,13.735307102843176,0.2060918256854603,0,0.0,0.0,0.0,0.0,0.0,0.0,22.99804733313562,0.0,0.0,0.0,249.0773680239657,0.0,580.145678248,6,0,2,0,0,0,2,0,0,0,0,0,0,0,0,0,0,0,0,0,0,0,0,0,0,0,0,0,0,0,0,0.0,43,0,0,0,0,0,0,0,0,0,0,0,0,6,0,0,6,0,0,0,2,0,0,0,0,0,0,0,0,0,0,4,0,0,0,0,0,0,0,0,0,0,0,0,0,0,0,0,0,0,0,0,0,0,0,0,1,0,0,0,0,0,0,0,0,9.670399999999995,507
0,8.417796984328938,34.124317648101375,2,0,4,0.0,0.0,0.0,40.620000000000005,-2.416114763874462,0.0,43.96157078451887,8.417796984328938,4.999592081780623,9.799819461700956,24.26546827384644,9.799819461700956,0.0,7.911299381527753,22.253805966787983,0.1590385716819378,-2.300373619103058,13.94559635904152,15.659574468085106,-5.129999999999997,34.124317648101375,-0.3098810088429786,0.1938877786709329,32.22791818097638,7.579407040924623,3.0915885886879697,0.6382978723404256,95.05021078832732,0.0,2,0.0,16.035357897147417,0.2060918256844391,10.444157859182791,9.837253136417502,8.417796984328938,1.142023979252291,9.799819461700956,13.480655714964058,-3.750200827244474,24.26546827384644,5,232,48.31589668859161,9.733701013473846,0.3829787234042553,100.49135362030184,0,57695829720.1874,8.417796984328938,4,0.9148936170212766,4,496.18400000000014,10.08363023933585,0.5958749495417741,32.540512049769795,167.84661560986666,27.79207510387026,27.89119271808304,22.204753488160684,2.528033533125607,10.865894717006702,2.3760799516279296,632.8290000000002,8.840348066296796,134.55664135584925,2014.3477873074896,8,49.94875476555048,20.667234075211063,0.0,48.38424709969354,11.869166172998204,4.370078049822928,0.0,26.97557852294253,155.38377659411424,32.55346651713189,9.025940877347235,6.50733444197147,15.43033833193267,20.62094788982911,596.5410000000002,0.3098810088429786,191.95779999999948,29.28380850771534,0.0,0.1428571428571428,6,-3.750200827244474,10.73759999999999,0.0,0.0,17.51852114474181,4,22.597356788324014,9.837253136417502,0.0,13.94559635904152,0.2060918256844391,0,0.0,0.0,0.0,0.0,0.0,0.0,0.0,0.0,0.0,0.0,277.03993025133155,0.0,632.249749392,6,0,2,0,0,0,2,0,0,0,0,0,0,0,0,0,0,0,0,0,0,0,0,0,0,0,0,0,0,0,0,0.0,47,0,0,0,0,0,0,0,0,0,0,0,0,6,0,0,6,0,0,0,0,0,0,0,0,0,0,0,0,0,0,4,0,0,0,0,0,0,0,0,0,0,0,0,0,0,0,0,0,0,0,0,0,0,0,0,1,0,0,0,0,0,0,0,0,10.73759999999999,460
2,0.0,34.124317648101375,6,0,4,56.21728739922601,0.0,11.648808995999854,42.120000000000005,-2.399448393173376,1.8284314652432552,56.191120518566414,0.0,14.947370577832952,9.799819461700956,0.0,9.799819461700956,0.0,6.014115620662608,0.0,0.9142157326216276,-2.23387875303862,5.110880429701084,12.214285714285714,-7.699999999999997,90.34160504732738,-0.3062887681068558,0.1716409334042019,15.274457672443654,8.135814709490248,3.859640585373768,0.5892857142857143,121.32734136923226,19.10215633747713,1,0.0,18.85121145589593,0.145222463903602,13.004741249395597,0.0,19.10215633747713,0.9852416643296912,9.799819461700956,13.932164885847476,0.9142157326216276,24.26546827384644,6,264,0.0,10.035288137497275,0.2678571428571428,84.92913895846256,0,28517023983521.715,9.967957041894415,6,0.9642857142857144,10,572.7200000000001,10.644847441156193,1.100370882964837,44.81634796919929,206.2564803276947,30.31319072544704,4.492720563732944,33.87644808212824,2.537907085568337,14.936327008584373,2.301455481751264,718.864,8.135814709490248,200.925030811132,2764.4799060219525,11,0.0,0.0,9.967957041894415,72.46181705127313,10.644847441156193,5.1142939192117005,9.13419929558271,30.31319072544704,206.2564803276947,37.0028495065082,0.0,7.383223092466802,13.932164885847476,0.0,684.5919999999999,0.3062887681068558,229.4939999999995,31.79305802776789,0.0,0.0,10,0.0,12.951399999999978,0.0,34.15048452876097,18.85121145589593,6,27.797958971132704,0.0,0.0,5.110880429701084,0.145222463903602,0,0.0,0.0,0.0,0.0,0.0,0.0,0.0,0.0,0.0,0.0,323.9857875894053,0.0,718.2844950880001,8,0,3,0,0,0,1,0,0,0,0,0,0,0,0,0,0,0,0,4,0,0,0,0,0,0,0,0,0,0,0,0.0,56,0,0,0,0,0,0,0,0,0,0,0,0,8,0,0,6,0,0,0,0,0,0,0,0,0,2,0,0,0,0,4,0,0,0,0,0,0,0,0,0,0,0,0,0,0,0,0,0,0,0,0,0,0,0,0,0,0,0,0,0,0,0,0,0,12.951399999999978,550
0,0.0,34.124317648101375,4,0,4,0.0,11.126902983393991,0.0,54.06,-2.3986994538033204,0.0,34.124317648101375,0.0,4.428509385235576,9.799819461700956,0.0,9.799819461700956,0.0,6.008441050750807,0.0,0.6356840977125555,-2.2337523800962487,9.162148095862854,11.8,-4.539999999999998,34.124317648101375,-0.3062880386380666,0.3404204479378003,15.273002664739264,3.87061937275065,2.824695764434725,0.7333333333333333,72.79640482153933,0.0,1,18.324296191725708,9.58628933047092,0.0991114627424701,7.1274310435417405,0.0,0.0,1.7312446444642156,9.799819461700956,6.965603909453941,0.6356840977125555,72.79640482153933,4,140,0.0,10.039453777868786,0.4333333333333333,24.26546827384644,0,13728473.366475074,0.0,2,1.0,4,310.6240000000001,5.236281155251011,1.1679987637838891,46.01489070771279,108.1887760787798,16.02645868903385,0.0,11.374772549367124,2.532140684798844,7.445281504805593,2.293298020115816,384.44200000000006,3.87061937275065,46.20373036113194,1157.987581296136,5,11.126902983393991,0.0,10.523783109476971,36.13524625156646,5.236281155251011,2.761820886552558,0.0,16.02645868903385,97.0618730953858,20.50142475325412,0.0,4.169822700200668,6.965603909453941,0.0,368.3140000000002,0.3062880386380666,118.796,17.551159771565942,0.0,0.0,4,0.0,6.682960000000005,0.0,12.138442625584547,9.58628933047092,4,14.796356295533847,0.0,0.0,9.162148095862854,0.0991114627424701,0,22.66222573506152,0.0,0.0,0.0,10.523783109476971,0.0,0.0,0.0,0.0,0.0,174.63156551629717,10.523783109476971,384.137496512,4,0,1,0,0,0,1,0,0,0,0,0,0,0,0,0,0,0,0,0,0,0,0,0,0,0,0,0,0,0,0,0.0,30,0,0,0,0,0,0,0,0,0,0,0,0,4,0,0,6,0,0,0,0,0,0,0,0,0,0,0,0,0,0,2,0,0,0,0,0,0,0,0,2,0,0,0,0,0,0,0,0,0,0,0,0,0,0,0,0,0,0,0,0,0,0,0,0,6.682960000000005,545
2,0.0,34.124317648101375,4,0,6,41.57539164527024,0.0,10.01524739370553,32.260000000000005,-2.3992877739933283,0.0,77.23113067214157,0.0,14.463672108054554,9.799819461700956,22.673571755869474,9.799819461700956,0.0,7.215848199619277,9.399839832938202,1.0395035118994875,-2.233542088651144,4.871926321870973,12.454545454545457,-5.299999999999997,66.29986946043341,-0.3062887756703225,0.2011193275480609,32.13472540774027,5.998073090143663,3.7236886237524938,0.7045454545454546,97.0618730953858,9.967957041894415,1,2.079007023798975,14.50470004527786,0.1241051511298493,10.158618502787842,0.0,9.967957041894415,1.1055954706862572,9.799819461700956,10.715482571403212,1.0395035118994875,12.13273413692322,6,208,0.0,10.03811038150303,0.3636363636363636,48.53093654769288,0,48366875771.889206,9.967957041894415,4,1.068181818181818,6,462.0320000000001,8.059753151193606,1.1692062096291076,43.18278636690497,145.59280964307868,25.09475058533404,2.4141947154793204,22.50167553276112,2.5374886575931823,11.103715069612017,2.2971570447897336,600.7720000000002,7.940259553031686,143.2598949678564,2024.36275746451,9,0.0,0.0,9.967957041894415,51.47428594259018,10.230698567720612,4.108408864732115,0.0,23.461757423478584,145.59280964307868,29.03659418025733,0.0,5.822934151504847,12.77678033525594,0.0,576.5800000000004,0.3062887756703225,186.59399999999965,25.22086074951052,0.0,0.0,8,0.0,11.492999999999984,22.673571755869474,21.14215037709952,16.13769320713331,4,21.79795897113271,0.0,0.0,4.871926321870973,0.1241051511298493,0,0.0,0.0,0.0,0.0,0.0,0.0,0.0,0.0,0.0,22.673571755869474,262.3140619028809,0.0,600.144238768,6,0,3,0,0,0,1,0,0,0,0,0,0,0,0,0,0,0,0,2,0,0,0,0,0,0,0,0,0,0,0,3.465125140464965,44,0,0,0,0,0,0,0,0,0,0,0,0,6,0,0,6,0,0,0,0,0,0,0,0,0,0,0,0,0,0,4,0,0,0,0,0,0,0,0,0,0,0,0,0,0,0,0,0,0,0,0,0,0,0,0,0,0,0,0,0,2,0,0,0,11.492999999999984,605
2,0.0,34.124317648101375,8,0,8,68.32713593818154,34.946426987999565,0.0,83.82000000000001,-2.3993270381267333,3.7564618099793368,34.124317648101375,0.0,34.253817716841134,9.799819461700956,0.0,9.799819461700956,34.946426987999565,6.012153380697617,0.0,0.6139513184533747,-2.233853142529292,4.965202542760178,11.806451612903226,-8.62,67.50502659828335,-0.3062887680527569,0.1502942931909041,15.274215438417448,7.895052621665231,3.362992684996203,0.3870967741935484,72.79640482153933,29.90387112568325,1,0.0,20.465091718062546,0.1635966181306601,15.857910220302148,0.0,29.90387112568325,0.9514309098885434,9.799819461700956,14.81855990659152,0.6139513184533747,121.32734136923226,8,292,0.0,10.03499666432433,0.1935483870967742,145.59280964307868,0,438105755889264.8,29.90387112568325,8,0.6129032258064516,4,637.2800000000002,10.893252270631308,1.0726641843276288,22.74954509873425,218.3892144646179,33.362318454826195,0.0,44.7554814995491,2.537092506011863,11.790041543506026,2.3004635185611497,796.9380000000001,7.895052621665231,106.86169255708676,2783.9258815974777,11,0.0,0.0,29.90387112568325,74.19967892967351,10.893252270631308,6.909766986149996,0.0,33.362318454826195,218.3892144646179,41.24549019362748,0.0,9.325225727341596,14.81855990659152,0.0,760.6499999999997,0.3062887680527569,248.7519999999994,36.45902814829803,0.0,0.0,10,0.0,13.311599999999975,0.0,68.32713593818154,20.465091718062546,8,30.730611961510284,0.0,0.0,4.965202542760178,0.1635966181306601,0,0.0,0.0,0.0,0.0,0.0,0.0,0.0,0.0,0.0,0.0,358.7769750466297,0.0,796.306293152,8,0,3,0,0,0,1,0,0,0,0,0,0,0,0,0,0,0,0,6,0,0,0,0,0,0,0,0,0,0,0,0.0,62,0,0,0,0,0,0,0,0,0,0,0,0,8,0,0,6,0,0,0,0,0,0,0,0,0,0,0,0,0,0,2,0,0,0,0,0,0,0,0,0,0,0,0,0,0,0,0,0,0,0,0,0,0,0,0,0,0,0,0,0,0,0,0,0,13.311599999999975,648
4,10.523783109476971,0.0,6,0,2,109.97294455538268,11.374772549367124,12.138442625584547,67.3,-2.273798676178158,0.0,87.22339945664844,0.0,0.0,0.0,0.0,0.0,0.0,6.158302112859757,0.0,0.2891183757453599,-2.1674115736774024,11.895612532075376,11.838709677419354,-8.840000000000002,98.59817200601556,-0.3058861178029662,0.1782043276436319,15.142521840075544,10.42839169149191,4.0579305267719885,0.3870967741935484,48.53093654769288,18.26839859116542,0,32.381162777885365,20.74929732201672,0.1029116501943196,12.828503216166723,0.0,18.26839859116542,1.413913227403517,18.26839859116542,15.84686724272074,0.2891183757453599,0.0,6,286,0.0,9.97994299796685,0.2258064516129032,145.59280964307868,0,782032883818088.2,0.0,4,0.5645161290322581,8,627.7920000000001,12.834860047214775,1.0122377209265676,78.01005382305833,205.2506491741655,33.15849018706778,9.162256235827664,43.089793715718365,2.487061665002837,11.113337471811498,2.340385348903373,788.914,10.42839169149191,224.53058740752144,3655.686625741284,13,11.126902983393991,0.0,0.0,73.00991018114216,12.834860047214775,4.393807601059998,0.0,33.15849018706778,194.1237461907715,41.05273755927284,0.0,7.048265975032061,15.84686724272074,11.126902983393991,756.6579999999997,0.3058861178029662,253.22799999999955,34.06418372342001,0.0,0.0,13,0.0,13.818359999999975,0.0,34.8879877243188,20.74929732201672,6,30.76268279072261,0.0,0.0,11.895612532075376,0.1029116501943196,0,22.66222573506152,0.0,0.0,0.0,10.523783109476971,0.0,0.0,0.0,0.0,0.0,354.30466741980376,10.523783109476971,788.268845024,9,0,4,0,0,0,0,0,0,0,0,0,0,0,0,0,0,0,0,4,0,0,0,0,0,0,0,0,0,0,0,0.0,62,0,0,0,0,0,0,0,0,0,0,0,0,9,0,0,0,0,0,0,0,0,0,0,0,0,0,0,0,0,0,12,0,0,0,0,0,0,0,0,2,0,0,0,0,0,0,0,0,0,0,0,0,0,0,0,0,0,0,0,0,0,0,0,0,13.818359999999975,525
4,10.523783109476971,0.0,6,0,2,109.97294455538268,28.18906180744468,23.26534560897854,67.3,-2.2679947998400305,0.0,87.22339945664844,0.0,0.0,0.0,0.0,0.0,0.0,6.154785551893665,0.0,0.3897608549592677,-2.1646450006362428,12.116547591284244,11.838709677419354,-8.839999999999998,92.910785731332,-0.3064893141055377,0.1782043276436319,15.12748997223162,10.434641691491912,4.057866534963513,0.4032258064516129,48.53093654769288,18.26839859116542,0,32.75126874721933,20.74929732201672,0.1037529766481871,12.82850321616673,0.0,18.26839859116542,1.4007004055448051,18.26839859116542,15.84686724272074,0.3897608549592677,24.26546827384644,6,286,0.0,9.98291402316213,0.2258064516129032,145.59280964307868,0,782114675967711.6,0.0,4,0.6129032258064516,8,627.1440000000001,12.834163446089764,1.0200657773926314,66.88315083966434,205.2506491741655,33.158490187067784,9.015856009070294,43.089793715718365,2.482756772092088,10.997653000492107,2.3390878059048528,788.9139999999999,10.434641691491912,200.26511913367503,3771.186625741285,13,11.126902983393991,0.0,0.0,72.90188890988495,12.834163446089764,4.393807601059999,0.0,33.158490187067784,194.1237461907715,41.052737559272856,0.0,7.048265975032067,15.84686724272074,0.0,756.6579999999997,0.3064893141055377,253.22799999999955,34.06418372342002,0.0,0.0,13,0.0,13.818359999999974,0.0,34.8879877243188,20.74929732201672,6,30.76268279072261,0.0,0.0,12.116547591284244,0.1037529766481871,0,22.66222573506152,0.0,0.0,0.0,10.523783109476971,0.0,0.0,0.0,0.0,0.0,354.3046674198037,10.523783109476971,788.268845024,9,0,4,0,0,0,0,0,0,0,0,0,0,0,0,0,0,0,0,4,0,0,0,0,0,0,0,0,0,0,0,0.0,62,0,0,0,0,0,0,0,0,0,0,0,0,9,0,0,0,0,0,0,0,0,0,0,0,0,0,0,0,0,0,12,0,0,0,0,0,0,0,0,2,0,0,0,0,0,0,0,0,0,0,0,0,0,0,0,0,0,0,0,0,0,0,0,0,13.818359999999974,507
4,10.523783109476971,0.0,6,0,2,109.97294455538268,33.87644808212824,23.26534560897854,67.3,-2.2655093305941345,0.0,87.22339945664844,0.0,0.0,0.0,0.0,0.0,0.0,6.153417483978998,0.0,0.440496976568405,-2.163557142627658,12.267756991685566,11.838709677419354,-8.839999999999998,87.22339945664844,-0.3058863394121328,0.1782043276436319,15.11806450480007,10.434293390929405,4.057896237392453,0.3709677419354839,48.53093654769288,18.26839859116542,0,33.00631104905997,20.74929732201672,0.1044864062066724,12.82850321616673,0.0,18.26839859116542,1.3878454974909873,18.26839859116542,15.84686724272074,0.440496976568405,0.0,6,286,0.0,9.983772598050257,0.2258064516129032,145.59280964307868,0,782093504050654.8,0.0,4,0.5161290322580645,8,627.5840000000002,12.834163446089766,1.023854059301381,66.88315083966434,205.2506491741655,33.158490187067784,8.928473167044595,43.089793715718365,2.481086561123896,10.925888851408333,2.3386247246269587,788.9139999999999,10.434293390929405,224.53058740752144,3402.936625741284,13,11.126902983393991,0.0,0.0,72.80599359915375,12.834163446089766,4.393807601059999,0.0,33.158490187067784,194.1237461907715,41.052737559272856,0.0,7.048265975032067,15.84686724272074,0.0,756.6579999999997,0.3058863394121328,253.22799999999955,34.06418372342002,0.0,0.0,13,0.0,13.818359999999974,0.0,34.8879877243188,20.74929732201672,6,30.762682790722607,0.0,0.0,12.267756991685566,0.1044864062066724,0,22.66222573506152,0.0,0.0,0.0,10.523783109476971,0.0,0.0,0.0,0.0,0.0,354.30466741980376,10.523783109476971,788.268845024,9,0,4,0,0,0,0,0,0,0,0,0,0,0,0,0,0,0,0,4,0,0,0,0,0,0,0,0,0,0,0,0.0,62,0,0,0,0,0,0,0,0,0,0,0,0,9,0,0,0,0,0,0,0,0,0,0,0,0,0,0,0,0,0,12,0,0,0,0,0,0,0,0,2,0,0,0,0,0,0,0,0,0,0,0,0,0,0,0,0,0,0,0,0,0,0,0,0,13.818359999999974,535
4,10.523783109476971,0.0,6,0,2,109.97294455538268,33.87644808212824,23.26534560897854,67.3,-2.267014152979849,0.0,87.22339945664844,0.0,0.0,0.0,0.0,0.0,0.0,6.159699360808999,0.0,0.4512469555723519,-2.1644825897167204,12.589782635327367,11.971428571428572,-8.839999999999998,131.73101139022438,-0.3058856566326327,0.1765670110738847,15.118743934405774,11.74801334005294,4.034373248722148,0.3857142857142857,152.45177069291077,18.26839859116542,0,33.861767113902204,24.034766142200368,0.1044864062450894,14.828703076621958,0.0,18.26839859116542,1.3867254075666668,18.26839859116542,19.874501832272315,0.4512469555723519,0.0,6,334,55.38989759752498,9.982231642102857,0.2428571428571428,93.03854848126886,0,1.2031547206583432e+16,0.0,4,0.5142857142857142,0,729.6480000000001,14.818208608373208,1.0231149118939482,66.88315083966434,201.2273245600486,40.53968803355075,9.136394977744184,43.089793715718365,2.489629317258561,20.252339949109576,2.344324986622322,901.1299999999997,11.74801334005294,231.3895484573536,3777.741426743028,13,55.63451491696996,0.0,0.0,58.68832294940989,14.818208608373208,5.712824571058906,0.0,40.53968803355075,145.59280964307868,48.01468546329747,17.06117500983413,8.760741529797212,19.874501832272315,0.0,852.7459999999994,0.3058856566326327,291.12400000000025,41.35573447772523,0.0,0.125,13,0.0,16.285719999999966,0.0,34.8879877243188,24.034766142200368,6,33.913457591661434,0.0,0.0,12.589782635327367,0.1044864062450894,0,78.0521233325865,0.0,0.0,0.0,10.523783109476971,0.0,0.0,0.0,0.0,0.0,405.2242043349766,10.523783109476971,900.394045536,9,0,4,0,0,0,0,0,0,0,0,0,0,0,0,0,0,0,0,4,0,0,0,0,0,0,0,0,0,0,0,0.0,70,0,0,0,0,0,0,0,0,0,0,0,0,9,0,0,0,8,0,0,0,0,0,0,0,0,0,0,0,0,0,12,0,0,0,0,0,0,0,0,2,0,0,0,0,0,0,0,0,0,0,0,0,0,0,0,0,0,0,0,0,0,0,0,0,16.285719999999966,561
2,10.523783109476971,0.0,4,0,2,54.98647227769135,11.126902983393991,12.138442625584547,57.44,-2.175167374785012,0.0,43.61169972832423,0.0,0.0,0.0,0.0,0.0,0.0,6.111276257155778,0.0,0.3600735911648611,-2.0520052542995098,9.945874247872805,11.27777777777778,-5.319999999999999,54.98647227769135,-0.3070918688732009,0.267441497696961,15.06285937338544,5.484169719696125,3.4532517724763343,0.6944444444444444,36.39820241076966,9.13419929558271,0,24.46263589391476,11.75295599713759,0.1005921080248309,7.599106086043601,0.0,9.13419929558271,1.7171265531435826,9.13419929558271,8.849529650611801,0.3600735911648611,60.6636706846161,4,166,0.0,10.057947802370355,0.4166666666666667,72.79640482153933,0,515318208.8692267,0.0,2,0.9722222222222222,4,369.9920000000001,6.997578888894124,1.0896404258949808,44.56847840322616,120.32151021570304,19.181159227413104,4.4276606198034765,21.544896857859182,2.383500325344297,6.633268455530361,2.2066994049798905,458.5240000000001,5.484169719696125,69.80357846886014,1818.751248107088,7,11.126902983393991,0.0,0.0,41.4764350307514,6.997578888894124,2.6723189764187216,0.0,19.181159227413104,109.19460723230902,24.225039392385707,0.0,4.240182030236309,8.849529650611801,0.0,440.3800000000003,0.3070918688732009,144.54999999999978,20.08743546413379,0.0,0.0,7,0.0,7.624160000000005,0.0,23.51321517495167,11.75295599713759,4,17.79635629553384,0.0,0.0,9.945874247872805,0.1005921080248309,0,22.66222573506152,0.0,0.0,0.0,10.523783109476971,0.0,0.0,0.0,0.0,0.0,206.6255570655157,10.523783109476971,458.153146576,5,0,2,0,0,0,0,0,0,0,0,0,0,0,0,0,0,0,0,2,0,0,0,0,0,0,0,0,0,0,0,0.0,36,0,0,0,0,0,0,0,0,0,0,0,0,5,0,0,0,0,0,0,0,0,0,0,0,0,0,0,0,0,0,6,0,0,0,0,0,0,0,0,2,0,0,0,0,0,0,0,0,0,0,0,0,0,0,0,0,0,0,0,0,0,0,0,0,7.624160000000005,473
1,10.523783109476971,34.124317648101375,6,0,6,55.541013368808485,11.387855989696922,12.138442625584547,79.83999999999999,-2.256296318545601,0.0,44.89676607703097,0.0,13.926289468230864,9.799819461700956,0.0,9.799819461700956,11.387855989696922,6.21227828125381,0.0,0.0282003758293436,-2.090570834864584,9.880733181639968,11.06896551724138,-8.319999999999999,78.27747502721293,-0.3105059436970015,0.1542833433836638,15.145019362320747,8.121001603460442,3.6108632638989873,0.5862068965517241,100.43643500279214,9.967957041894415,1,21.81775616468157,19.040117598229333,0.1772373831675369,14.395341786989182,0.0,9.967957041894415,1.141794711524641,9.799819461700956,14.01977306922682,0.0282003758293436,24.26546827384644,6,270,0.0,9.883637108055485,0.3103448275862069,121.32734136923226,0,47200009545936.51,9.967957041894415,8,0.896551724137931,4,593.0160000000002,10.709133435418948,1.1490354531427582,11.387855989696922,205.5116021804684,31.158490187067784,0.0,50.63744484596016,2.5113064400384832,13.667079495713322,2.2914558813216845,740.8700000000001,8.121001603460442,191.79654000421056,2759.041552655448,10,11.387855989696922,0.0,9.967957041894415,71.58887487137429,10.709133435418948,5.8138666683857165,0.0,31.158490187067784,194.1237461907715,39.0028495065082,0.0,8.485872517662326,14.01977306922682,11.387855989696922,708.6139999999999,0.3105059436970015,233.63599999999943,34.19026885969865,0.0,0.0,9,0.0,13.294159999999977,0.0,56.90700756546344,19.040117598229333,6,28.6953357811002,0.0,0.0,9.880733181639968,0.1772373831675369,0,22.66222573506152,0.0,0.0,0.0,10.523783109476971,0.0,0.0,0.0,0.0,0.0,335.9809028341814,10.523783109476971,740.268845024,8,0,1,0,0,0,0,1,0,0,0,0,0,0,0,0,0,0,0,2,0,0,0,0,0,0,0,0,0,0,0,0.0,58,0,0,0,0,0,0,0,0,0,0,0,0,8,0,0,6,0,0,0,0,0,0,0,0,0,0,0,0,0,0,3,0,0,0,0,0,0,0,0,2,0,0,0,0,0,0,0,0,0,0,0,0,0,0,0,0,0,0,0,0,0,0,0,0,13.294159999999977,693
1,0.0,51.18647647215206,6,0,9,34.16356796909077,17.47321349399978,0.0,76.08,-2.32448062965823,6.474525579318472,51.18647647215206,14.210588861400147,22.14331136597636,14.699729192551434,0.0,28.91031805395158,51.97028449370321,5.893342764809511,0.0,0.5597674557017993,-2.152553222687615,6.293464723750733,12.818181818181818,-9.210000000000004,102.37390194694648,-0.4529535242788035,0.1624929950902236,16.49099039623165,8.990356869160363,3.385476750578144,0.4242424242424242,145.59280964307868,14.951935562841626,3,0.0,21.75705006791677,0.1635966183207974,15.251736081508694,0.0,14.951935562841626,0.901133242065182,28.91031805395158,16.06561763432476,0.5597674557017993,109.19460723230902,9,312,0.0,10.080379615598842,0.2272727272727272,72.79640482153933,0,4420858875405541.0,14.951935562841626,6,0.6363636363636364,12,663.5280000000001,12.083216434896077,0.4765051791413327,34.124317648101375,218.3892144646179,35.19263613521786,18.880394171252195,33.752513299141675,2.52837085376079,11.3258575439307,2.2837752133188274,852.954,8.990356869160363,123.89433642486048,2970.638079427596,13,0.0,0.0,29.16252442424177,73.67591133952227,12.083216434896077,6.287211810357772,0.0,35.19263613521786,218.3892144646179,43.55489127038598,0.0,8.631958001369414,16.06561763432476,0.0,816.6659999999996,0.4529535242788035,260.40599999999955,37.35372976858028,0.0,0.0,10,0.0,15.599099999999968,0.0,68.6606389687942,21.75705006791677,9,32.69693845669906,0.0,0.0,6.293464723750733,0.1635966183207974,0,0.0,0.0,0.0,0.0,0.0,0.0,34.49707099970343,0.0,0.0,0.0,380.20683815545567,0.0,852.2848890119999,9,0,4,0,0,0,3,0,0,0,0,0,0,0,0,0,0,0,0,3,0,0,0,0,0,0,0,0,0,0,0,0.0,66,0,0,0,0,0,0,0,0,0,0,0,0,9,0,0,9,0,0,0,3,0,0,0,0,0,0,0,0,0,0,6,0,0,0,0,0,0,0,0,0,0,0,0,0,0,0,0,0,0,0,0,0,0,0,0,0,0,0,0,0,0,0,0,0,15.599099999999968,568
0,9.589074368143644,22.74954509873425,2,2,3,10.772448428929591,22.200513472542347,0.0,40.620000000000005,-2.4189428253287497,-0.5989602402217393,45.336352986366855,9.589074368143644,30.962933636596155,9.799819461700956,12.13273413692322,9.799819461700956,0.0,6.357560710611169,16.026812714244468,0.1723027429360508,-2.401731653003841,13.929901423532376,15.513513513513514,-4.699999999999998,22.448383038515484,-0.3098344224092631,0.2425936853499362,16.177673152455075,5.980080117219607,2.923540759907578,1.135135135135135,58.97769667709006,0.0,2,1.5893965865667254,12.463990692101495,0.2655632500977088,7.6473091181018145,0.0,11.814359458703011,1.5026800740344224,4.899909730850478,10.172988982394388,-0.3049448197488873,42.46456947923127,4,178,19.26246486877803,9.732925110302642,0.5405405405405406,80.57751215245898,0,469344765.82904094,4.899909730850478,2,1.8108108108108107,3,379.2560000000001,7.737813811306512,0.0893267333712946,22.62561031574768,131.44841319909702,20.60322861734091,0.0,22.052052450242133,2.519481976660472,7.003332574194577,2.382662437391544,480.5670000000002,5.980080117219607,73.34468774638621,1704.2875702970844,7,45.69035473431288,5.41499046939678,0.0,35.782761698212376,7.737813811306512,2.9586512575849846,9.589074368143644,20.60322861734091,109.19460723230902,25.31082583001261,4.510535744651906,4.458621140887613,10.172988982394388,17.22934992809979,456.37500000000034,0.3098344224092631,148.34099999999975,21.572160830055427,0.0,0.0909090909090909,5,0.0,7.7495000000000065,0.0,0.0,12.463990692101495,4,17.964363626468568,0.0,0.0,13.929901423532376,0.2655632500977088,0,0.0,0.0,0.0,0.0,0.0,0.0,0.0,11.814359458703011,0.0,0.0,214.94011007484312,0.0,480.183778008,5,2,2,0,0,0,2,0,0,0,0,0,0,0,0,0,0,0,0,0,0,0,2,0,0,0,0,0,0,0,0,0.0,37,0,0,0,0,0,2,0,0,0,0,0,0,5,0,0,4,0,0,0,0,0,0,0,0,0,0,1,0,0,0,2,0,0,0,0,0,0,0,0,0,0,0,0,0,0,0,0,0,0,0,0,0,0,0,0,0,0,0,0,0,0,0,0,0,7.7495000000000065,591
0,9.589074368143644,34.124317648101375,2,2,6,0.0,22.253805966787983,0.0,59.080000000000005,-2.323466778742539,2.7360053971911418,45.69080754083125,19.06280027574374,31.661970524974183,9.799819461700956,24.26546827384644,19.27354536930105,34.5645372258655,6.131646195040089,0.0,0.1583576440291945,-2.155249920316266,13.70244360211657,12.4,-6.919999999999997,57.12236498123699,-0.4529535242788035,0.1672677171844357,16.488016811744927,6.6243626985487385,3.1838054199744734,0.66,103.1282401638474,0.0,2,0.0,16.33988834978772,0.192546302659063,11.952346888735152,0.0,11.566489892729878,0.9687264626977816,19.27354536930105,12.078644246314015,-0.1583576440291947,145.59280964307868,6,238,0.0,9.967388369992705,0.34,66.73003775307771,0,602624984513.4557,0.0,6,1.0,8,513.5680000000001,9.026798916090891,0.1032965170645381,22.74954509873425,192.11208388371304,26.6932278901649,12.280952661467223,33.62857851615511,2.5098031321346723,7.4477790685628,2.267898554700387,648.7180000000002,6.6243626985487385,9.799819461700956,2176.958400712378,9,31.842880334931625,0.0,9.473725907600098,53.539959014471314,9.026798916090891,4.982945695300873,9.589074368143644,26.6932278901649,169.8582779169251,33.60550828100968,0.0,6.9888957832769805,12.078644246314015,11.566489892729878,620.4940000000003,0.4529535242788035,195.7049999999996,29.2364999457298,0.0,0.0,7,0.0,11.299599999999986,0.0,22.99804733313562,16.33988834978772,6,24.61932617617863,0.0,0.0,13.70244360211657,0.192546302659063,0,0.0,0.0,0.0,0.0,0.0,0.0,22.99804733313562,0.0,0.0,0.0,288.5619922771239,0.0,648.204907376,7,0,2,0,0,0,2,0,0,0,0,0,0,0,0,0,0,0,0,0,0,0,2,0,0,0,0,0,0,0,0,0.0,50,0,0,0,0,0,0,0,0,0,0,0,0,7,0,0,6,0,0,0,2,0,0,0,0,0,0,0,0,0,2,4,0,0,0,0,0,0,0,0,0,0,0,0,0,0,0,0,0,0,0,0,0,0,0,0,0,0,0,0,0,0,0,0,0,11.299599999999986,586
0,8.417796984328938,68.24863529620275,4,0,6,0.0,0.0,0.0,47.10000000000001,-2.3995002022879848,0.0,78.08588843262024,8.417796984328938,9.403112691363122,19.599638923401912,24.26546827384644,19.599638923401912,0.0,7.9113129638901185,0.0,0.2367208238203215,-2.2351804002956506,14.161713865134054,13.090909090909092,-7.089999999999996,68.24863529620275,-0.3062895250839444,0.169741034052519,32.22791882335628,7.84002813621237,3.2502967452614286,0.4363636363636363,121.32734136923226,0.0,2,0.0,18.1983658886932,0.2060918256850351,13.090026285297249,9.837253136417502,8.417796984328938,0.984539670354988,19.599638923401912,13.458835531892223,-3.81911179001908,109.19460723230902,7,264,9.79096695103555,10.047474181971715,0.2363636363636363,84.92913895846256,0,8625898566409.358,8.417796984328938,6,0.6727272727272727,10,565.2720000000002,10.293376942283318,0.5958732941668178,55.29005714850404,206.2564803276947,30.460004986766435,28.323427730268108,22.74954509873425,2.551865159213856,12.03903878364268,2.319074594201197,730.8930000000001,9.10096916158454,92.39604374494124,2509.3057563725497,10,0.0,9.837253136417502,0.0,68.30353258474516,12.078912875945672,5.355946460857404,0.0,29.643508405838705,216.04744727873023,36.93393540575586,0.0,7.747430601284314,15.408518148860832,9.79096695103555,696.621,0.3062895250839444,224.18379999999948,32.552164050980075,0.0,0.0,8,-3.81911179001908,13.025399999999976,0.0,0.0,19.681529136287587,6,27.075649411800217,9.837253136417502,0.0,14.161713865134054,0.2060918256850351,0,0.0,0.0,0.0,0.0,0.0,0.0,0.0,0.0,0.0,0.0,320.4841333174866,0.0,730.2402473280001,8,0,2,0,0,0,2,0,0,0,0,0,0,0,0,0,0,0,0,0,0,0,0,0,0,0,0,0,0,0,0,0.0,55,0,0,0,0,0,0,0,0,0,0,0,0,8,0,0,12,0,0,0,0,0,0,0,0,0,0,0,0,0,0,4,0,0,0,0,0,0,0,0,0,0,0,0,0,0,0,0,0,0,0,0,0,0,0,0,1,0,0,0,0,0,0,0,0,13.025399999999976,577
0,13.212334168400758,17.062158824050687,1,1,4,11.126902983393991,0.0,0.0,54.45,-2.2526869159240395,-0.2701615772882699,32.68265690683313,13.212334168400758,15.467537247219855,4.899909730850478,36.39820241076966,4.899909730850478,5.783244946364939,7.914200706362022,6.06636706846161,0.0610189782672858,-2.1965924851599072,13.165359794120894,13.5,-4.479999999999999,28.18906180744468,-0.310505943718567,0.2638227987051494,32.2279186516806,4.677729896673315,2.9340733723075725,0.9722222222222222,71.7905736680101,0.0,1,0.0,11.574644713273113,0.2075606879825891,8.628162595819251,9.837253136417502,14.201041930693876,1.401300530260736,4.899909730850478,8.593041495862916,-3.739964921292032,60.6636706846161,5,174,9.79096695103555,9.970914924213725,0.4722222222222222,66.73003775307771,0,265653350.38742545,8.417796984328938,4,1.6111111111111112,2,376.9360000000001,6.422528773804323,0.1026443864108072,9.79096695103555,138.52061142108786,20.021058991265285,26.24032812117644,28.18906180744468,2.380089723343193,5.186397851792599,2.34107243143774,487.58000000000015,6.310959544511444,29.165378004696915,1655.2713676866963,6,15.921440167465814,9.837253136417502,0.0,39.69919661172474,8.292580624828208,3.613158833970076,4.794537184071822,19.20456241033756,137.1846753887294,24.70009536600338,0.0,5.276057859788522,10.47956788250436,26.70111488079448,466.4120000000003,0.310505943718567,141.8872999999998,22.013734771806536,0.0,0.0,5,-3.739964921292032,7.200600000000007,0.0,11.126902983393991,13.057807960867509,4,17.536843271540004,9.837253136417502,0.0,13.165359794120894,0.2075606879825891,0,0.0,0.0,0.0,0.0,0.0,0.0,0.0,0.0,0.0,0.0,209.5656450566542,0.0,487.124214532,5,0,1,0,0,0,1,0,0,0,0,0,0,0,0,0,0,0,0,0,0,0,1,0,0,0,0,0,0,0,0,0.0,36,0,0,0,0,0,0,0,0,0,0,0,0,5,0,0,3,0,0,0,0,0,0,0,0,0,0,0,0,0,1,2,0,0,0,0,0,0,0,0,0,0,0,0,0,0,0,0,0,0,0,0,0,0,0,0,1,0,0,0,0,0,0,0,0,7.200600000000007,580
1,13.212334168400758,0.0,1,1,3,38.620139122239664,0.0,0.0,56.14,-2.1910182442791832,-0.26478391204991,37.42634794694455,13.212334168400758,13.399741435979712,0.0,36.39820241076966,0.0,5.783244946364939,7.914203167835375,6.06636706846161,0.066396643505646,-2.196494415223689,13.258908551362694,14.055555555555555,-4.479999999999999,38.620139122239664,-0.3092477477921201,0.2697444141384731,32.227918654936666,5.281145148442289,3.2576318171761267,1.1666666666666667,65.72420659954848,4.567099647791355,1,2.2201037370935013,11.657978046606445,0.207560687982629,7.507431711758586,9.837253136417502,18.76814157848523,1.4368366792505618,4.567099647791355,8.959695618551034,-3.7481862976789926,36.39820241076966,5,172,9.79096695103555,9.964681618638393,0.5277777777777778,60.6636706846161,0,374483541.3436627,8.417796984328938,2,2.0277777777777777,2,374.1840000000001,6.955213477160842,0.1026444635270646,20.82436838626808,126.38787728416465,19.86635845288604,28.62956440717936,27.586737687007144,2.383089259712597,5.442175025146084,2.3416107633984296,485.5640000000002,6.914374796280416,40.965302058561015,1968.672839642703,7,15.921440167465814,9.837253136417502,0.0,36.23805227099692,8.825265328184727,2.8667074337375924,4.794537184071822,19.049861871958303,125.0519412518062,24.44058234200953,0.0,4.349291315803704,10.84622200519248,26.70111488079448,466.4120000000003,0.3092477477921201,141.54329999999982,20.855932278903992,0.0,0.0,6,-3.7481862976789926,6.827900000000007,0.0,16.814289258077554,13.14114129420084,4,17.536843271540004,9.837253136417502,0.0,13.258908551362694,0.207560687982629,0,0.0,0.0,0.0,0.0,0.0,0.0,0.0,0.0,0.0,0.0,207.53117815146683,0.0,485.108564468,5,0,2,0,0,0,1,0,0,0,0,0,0,0,0,0,0,0,0,1,0,0,1,0,0,0,0,0,0,0,0,0.0,36,0,0,0,0,0,0,0,0,0,0,0,0,5,0,0,0,0,0,0,0,0,0,0,0,0,0,0,0,0,1,5,0,0,0,0,0,0,0,0,0,0,0,0,0,0,0,0,0,0,0,0,0,0,0,0,1,0,0,0,0,0,0,0,0,6.827900000000007,630
0,9.589074368143644,17.062158824050687,1,2,3,11.126902983393991,22.253805966787983,0.0,37.38,-2.2524882743927166,-0.2023495930271095,28.628648716780564,9.589074368143644,28.272154406863656,4.899909730850478,30.33183534230805,4.899909730850478,11.566489892729878,6.281929636501947,0.0,0.0986463490721731,-2.2021069302418104,13.135359794120896,12.114285714285714,-4.759999999999998,28.18906180744468,-0.3105059437185671,0.2769123054888484,16.14422093044326,4.683261907100634,2.931395717881024,0.8,59.65783953108687,0.0,1,0.0,11.53718723470785,0.1940353191278493,8.544770771723863,0.0,11.566489892729878,1.378274302335649,4.899909730850478,8.517577582368938,-0.1037032439549363,48.53093654769288,3,166,0.0,9.826030256029464,0.3714285714285714,78.86277189000094,0,198047908.8399312,0.0,4,1.3714285714285714,2,362.8640000000001,6.412757852367581,0.0978931495965732,0.0,149.64751440448185,18.888065829409832,0.0,39.31596479083867,2.359526304028333,6.940362058134844,2.289824770338173,451.52500000000015,4.683261907100634,53.43084627854336,1515.6150223319723,6,31.842880334931625,0.0,0.0,41.32316646136194,6.412757852367581,3.63669638252492,9.589074368143644,18.888065829409832,127.39370843769387,23.777445635193008,0.0,5.08273065479669,8.517577582368938,11.566489892729878,430.35700000000026,0.3105059437185671,139.86799999999985,20.81923291688194,0.0,0.0,5,0.0,7.598800000000006,0.0,11.126902983393991,11.53718723470785,3,17.20350993820667,0.0,0.0,13.135359794120896,0.1940353191278493,0,0.0,0.0,0.0,0.0,0.0,0.0,0.0,0.0,0.0,0.0,203.466710889308,0.0,451.157228912,5,0,0,0,0,0,0,1,0,0,0,0,0,0,0,0,0,0,0,0,0,0,2,0,0,0,0,0,0,0,0,0.0,35,0,0,0,0,0,0,0,0,0,0,0,0,5,0,0,3,0,0,0,0,0,0,0,0,0,0,0,0,0,2,2,0,0,0,0,0,0,0,0,0,0,0,0,0,0,0,0,0,0,0,0,0,0,0,0,0,0,0,0,0,0,0,0,0,7.598800000000006,612
0,9.589074368143644,34.124317648101375,2,2,4,22.253805966787983,22.253805966787983,0.0,40.620000000000005,-2.253964567171721,-0.2765510379060716,45.69080754083125,9.589074368143644,32.355062604066106,9.799819461700956,12.13273413692322,9.799819461700956,11.566489892729878,6.285760788842708,0.0,0.1382755189530355,-2.205810185914643,13.96672755841282,11.77777777777778,-7.299999999999996,56.37812361488936,-0.3105059437185671,0.1587369651177144,16.144268814030834,7.318113555226258,3.2462650845014163,0.5,119.3156790621738,0.0,1,0.0,18.011425640572575,0.1940360501125702,14.02116747971974,0.0,11.566489892729878,0.989608231365664,9.799819461700956,13.285739310308578,-0.138275518953036,97.0618730953858,4,256,0.0,9.813382782949011,0.2407407407407407,109.19460723230902,0,4517682412588.214,0.0,8,0.7962962962962963,4,559.3760000000001,9.99288329490277,0.0978982395581,0.0,228.51028629448265,29.34083292437493,0.0,56.37812361488936,2.385647956829924,11.701618349953064,2.301517853919972,694.8340000000003,7.318113555226258,106.86169255708676,2339.1885431612395,9,31.842880334931625,0.0,0.0,68.88653675055356,9.99288329490277,6.05855366583651,9.589074368143644,29.34083292437493,206.2564803276947,36.43393540575587,0.0,8.463793231461759,13.285739310308578,11.566489892729878,660.562,0.3105059437185671,219.98699999999943,32.59677449541959,0.0,0.0,8,0.0,12.735599999999978,0.0,22.253805966787983,18.011425640572575,4,26.61932617617863,0.0,0.0,13.96672755841282,0.1940360501125702,0,0.0,0.0,0.0,0.0,0.0,0.0,0.0,0.0,0.0,0.0,314.39782717770333,0.0,694.2620283280002,8,0,0,0,0,0,0,1,0,0,0,0,0,0,0,0,0,0,0,0,0,0,2,0,0,0,0,0,0,0,0,0.0,54,0,0,0,0,0,0,0,0,0,0,0,0,8,0,0,6,0,0,0,0,0,0,0,0,0,0,0,0,0,2,2,0,0,0,0,0,0,0,0,0,0,0,0,0,0,0,0,0,0,0,0,0,0,0,0,0,0,0,0,0,0,0,0,0,12.735599999999978,624
0,9.589074368143644,34.124317648101375,2,2,4,66.76141790036395,22.253805966787983,0.0,40.620000000000005,-2.261582192141347,-0.3125000124390109,45.69080754083125,9.589074368143644,33.3152385256582,9.799819461700956,0.0,9.799819461700956,11.566489892729878,6.286267176802077,22.253805966787983,0.1562500062195051,-2.205815808893405,14.398992684109867,11.64102564102564,-10.420000000000009,78.63192958167734,-0.3105044906320684,0.1222846932368445,16.144312000891073,10.744069799892708,3.5913064940199315,0.3461538461538461,163.82329099574974,0.0,1,0.0,26.296894460756214,0.1940360501125702,20.71188870607428,0.0,11.566489892729878,0.7672935087138195,9.799819461700956,19.59514038706707,-0.1562500062195058,60.6636706846161,4,368,0.0,9.813374843466212,0.1666666666666666,206.2564803276947,0,1.50665315545762e+18,0.0,12,0.5641025641025641,0,812.8240000000002,14.865817346075124,0.0978982395581508,0.0,325.5721593898684,42.57843723140889,0.0,56.37812361488936,2.4117044409504462,20.60972825757872,2.3041205922220254,999.226,10.744069799892708,252.45450220016528,3647.9778601562302,13,31.842880334931625,0.0,0.0,104.3875332292021,14.865817346075124,9.29039473083696,9.589074368143644,42.57843723140889,303.31835342308034,52.36644605825759,0.0,12.560964857125706,19.59514038706707,11.566489892729878,948.8259999999992,0.3105044906320684,321.7310000000006,47.30400364542648,0.0,0.0,12,0.0,19.4036,0.0,66.76141790036395,26.296894460756214,4,38.48463215693372,0.0,0.0,14.398992684109867,0.1940360501125702,0,0.0,0.0,0.0,0.0,0.0,0.0,0.0,0.0,0.0,0.0,454.6262040019592,0.0,998.38722884,12,0,0,0,0,0,0,1,0,0,0,0,0,0,0,0,0,0,0,0,0,0,2,0,0,0,0,0,0,0,0,0.0,78,0,0,0,0,0,0,0,0,0,0,0,0,12,0,0,6,0,0,0,0,0,0,0,0,0,0,0,0,0,2,2,0,0,0,0,0,0,0,0,0,0,0,0,0,0,0,0,0,0,0,0,0,0,0,0,0,0,0,0,0,0,0,0,0,19.4036,637
2,9.589074368143644,0.0,2,2,2,77.24027824447933,22.253805966787983,0.0,44.0,-2.1962102234195773,-0.2590721964705611,55.17818962105411,9.589074368143644,28.59738599841997,0.0,0.0,0.0,11.566489892729878,6.28676450929146,65.86550569511222,0.0247786666555256,-2.205680192940425,14.298692999209988,13.485714285714286,-7.299999999999996,33.62857851615511,-0.3092470595815207,0.1765449580483574,16.14429885840339,10.584384030570376,3.832249637279965,0.5285714285714286,163.22944690654887,9.13419929558271,1,5.002855798105344,24.820826717331062,0.1940360501125702,15.604433472515,0.0,20.700689188312587,0.8960226313604602,9.13419929558271,23.87125566469345,-0.1295360982352806,36.39820241076966,4,348,104.7448082738746,9.813459723788911,0.2714285714285714,143.74851708090358,0,3239524124062999.5,0.0,4,0.7857142857142857,0,752.1360000000002,14.929583595582589,0.0978982383704635,22.066802870465047,202.23315571357784,42.72203077085789,4.718181533829986,55.17347537401429,2.4108169016306165,17.660227451526843,2.308163397954451,915.2339999999998,10.584384030570376,213.5463870611024,3411.8554069047545,11,137.1815326980071,21.65996187758712,0.0,56.0812250004088,14.929583595582589,7.42455298816102,9.589074368143644,42.72203077085789,157.72554378000189,49.39588330978047,27.199196414179628,10.067439146425675,23.87125566469345,33.226451770317,852.7379999999996,0.3092470595815207,294.0990000000001,45.1615716450753,0.0,0.2424242424242424,10,0.0,17.18019999999997,0.0,33.62857851615511,24.820826717331062,4,33.040013038268775,0.0,0.0,14.298692999209988,0.1940360501125702,0,0.0,0.0,0.0,0.0,0.0,0.0,0.0,0.0,0.0,0.0,412.1679671976743,0.0,914.481129224,8,0,2,0,0,0,0,1,0,0,0,0,0,0,0,0,0,0,0,2,0,0,2,0,0,0,0,0,0,0,0,0.0,70,0,0,0,0,0,0,0,0,0,0,0,0,8,0,0,0,0,0,0,0,0,0,0,0,0,0,0,0,0,2,8,0,0,0,0,0,0,0,0,0,0,0,0,0,0,0,0,0,0,0,0,0,0,0,0,0,0,0,0,0,0,0,0,0,17.18019999999997,574
0,9.589074368143644,34.124317648101375,2,2,4,22.253805966787983,22.253805966787983,0.0,40.620000000000005,-2.4157855199869163,-0.2602467588333113,45.69080754083125,9.589074368143644,32.938494763583435,9.799819461700956,0.0,9.799819461700956,11.566489892729878,6.286012433383068,45.00335106552223,0.1296443411876753,-2.299712329924284,14.134127217158634,15.266666666666667,-7.299999999999996,33.62857851615511,-0.3098816773982928,0.1785398231986962,16.14428712279729,10.01002568420252,3.285348389246963,0.6,117.30401675511531,0.0,3,0.0,20.67809230723924,0.1940360501125702,13.105316705602988,0.0,11.566489892729878,0.8818651556181816,9.799819461700956,17.26213890829691,-0.1301233794166558,36.39820241076966,4,288,38.52492973755606,9.733463477536144,0.3166666666666666,136.8895560310715,0,71791622574311.53,0.0,4,0.9166666666666666,4,620.4480000000001,13.208501738943845,0.0978982395407956,22.74954509873425,226.49862398742425,34.03143184761641,0.0,44.45855945494866,2.530712747778888,17.181456903500774,2.379268393673049,774.964,10.01002568420252,183.08757790354213,2773.2154773133643,11,81.79163510048211,10.82998093879356,0.0,62.81397131605665,13.208501738943845,5.232871972318339,9.589074368143644,34.03143184761641,181.9910120538483,40.91490935776817,9.159657109025794,7.826235100857073,17.26213890829691,22.39647083152344,732.6279999999998,0.3098816773982928,244.2429999999993,35.83080947983995,0.0,0.1071428571428571,8,0.0,14.01419999999997,0.0,22.253805966787983,20.67809230723924,4,29.107360047891213,0.0,0.0,14.134127217158634,0.1940360501125702,0,0.0,0.0,0.0,0.0,0.0,0.0,0.0,0.0,0.0,0.0,350.5758175570245,0.0,774.3246285840002,8,0,2,0,0,0,2,1,0,0,0,0,0,0,0,0,0,0,0,0,0,0,2,0,0,0,0,0,0,0,0,0.0,60,0,0,0,0,0,0,0,0,0,0,0,0,8,0,0,6,0,0,0,0,0,0,0,0,0,0,0,0,0,2,6,0,0,0,0,0,0,0,0,0,0,0,0,0,0,0,0,0,0,0,0,0,0,0,0,0,0,0,0,0,0,0,0,0,14.01419999999997,584
0,16.835593968657875,17.062158824050687,1,0,5,11.126902983393991,5.563451491696996,0.0,71.52000000000001,-2.415688432998612,0.0,36.73666509688569,16.835593968657875,1.5235114428364236,4.899909730850478,6.06636706846161,4.899909730850478,0.0,7.969671175368536,47.52510539416365,0.1555508358261552,-2.299580757274307,13.442533500552845,17.2,-4.199999999999998,22.62561031574768,-0.3098816773982591,0.2189423245952749,32.2332997413886,6.001001240863997,2.9681941078762555,0.95,70.78474251448087,0.0,2,0.0,12.945435525171712,0.2087280521584668,8.399158328826395,19.674506272835004,16.835593968657875,1.3322551062259258,4.899909730850478,10.656705208351068,-3.993588311948928,36.39820241076966,7,198,38.844398770849125,9.733594836926564,0.5,80.57751215245898,0,1433589313.176391,16.835593968657875,2,1.525,2,424.2400000000001,8.046366838402525,0.5698476053965009,30.956706451438222,126.38787728416465,23.499351614741485,53.34084702690986,11.102376744080342,2.5140487031157384,6.93324627726552,2.3926057343751066,563.7000000000004,10.158580519499402,55.145586541001386,2012.965868460274,7,24.97437738277524,25.089496742231784,0.0,35.06968958992829,12.02665728336291,3.374968165398853,0.0,21.86635845288604,134.84290820284173,27.86323207281991,4.487781075027717,5.210323967385715,14.429757981633951,24.99692437146788,538.5000000000005,0.3098816773982591,156.03459999999964,24.81355280327832,0.0,0.0909090909090909,5,-7.938408745301142,7.441700000000007,0.0,11.126902983393991,15.9117620203605,5,19.114193540729627,19.674506272835004,0.0,13.442533500552845,0.2087280521584668,0,0.0,0.0,0.0,0.0,0.0,0.0,0.0,0.0,0.0,0.0,233.75357441366103,0.0,563.12250028,5,0,2,0,0,0,2,0,0,0,0,0,0,0,0,0,0,0,0,0,0,0,0,0,0,0,0,0,0,0,0,0.0,40,0,0,0,0,0,0,0,0,0,0,0,0,5,0,0,3,0,0,0,0,0,0,0,0,0,0,0,0,0,0,4,0,0,0,0,0,0,0,0,0,0,0,0,0,0,0,0,0,0,0,0,0,0,0,0,2,0,0,0,0,0,0,0,0,7.441700000000007,578
1,10.523783109476971,34.124317648101375,6,0,6,54.832104259879685,11.033401435232523,12.138442625584547,79.84,-2.252421987341769,0.0,66.70261594119307,0.0,13.967827772964572,9.799819461700956,0.0,9.799819461700956,11.387855989696922,6.239255290287162,0.0,0.0170933838571092,-2.0895591001176714,9.929677306507642,10.966666666666669,-8.579999999999997,77.92302047274853,-0.3105059437185672,0.1432978353142327,15.144939195237528,8.081768499838322,3.326505545251828,0.5833333333333334,117.95539335418016,9.967957041894415,0,23.543658973220964,19.694818136608585,0.1772373803742398,15.40064792011102,0.0,9.967957041894415,1.095973369373564,9.799819461700956,14.469131806344588,0.0170933838571092,24.26546827384644,6,280,0.0,9.926875818251816,0.3,121.32734136923226,0,110703966044675.16,9.967957041894415,8,0.8833333333333333,4,617.2800000000002,10.922416858482157,1.2073903523008231,11.033401435232523,217.6443363173916,32.31319072544704,0.0,44.89676607703096,2.407391680777444,11.83038634123724,2.183955289933498,766.908,8.081768499838322,203.9292741411338,2946.7066926578577,10,11.387855989696922,0.0,9.967957041894415,75.65812691257723,10.922416858482157,6.508942554600788,0.0,32.31319072544704,206.2564803276947,40.41706306888129,0.0,9.191027279950513,14.469131806344588,11.387855989696922,732.6359999999997,0.3105059437185672,244.21799999999945,35.80769066715054,0.0,0.0,10,0.0,13.953159999999972,0.0,34.39224859237253,19.694818136608585,6,29.661662276288983,0.0,0.0,9.929677306507642,0.1772373803742398,0,22.66222573506152,0.0,0.0,0.0,10.523783109476971,0.0,0.0,0.0,0.0,0.0,347.29296884511706,10.523783109476971,766.2844950880001,9,0,1,0,0,0,0,0,0,0,0,0,0,0,0,0,0,0,0,2,0,0,0,0,0,0,0,0,0,0,0,0.0,60,0,0,0,0,0,0,0,0,0,0,0,0,9,0,0,6,0,0,0,0,0,0,0,0,0,0,0,0,0,0,6,0,0,0,0,0,0,0,0,2,0,0,0,0,0,0,0,0,0,0,0,0,0,0,0,0,0,0,0,0,0,0,0,0,13.953159999999972,648
3,10.523783109476971,0.0,6,0,4,109.81857653757102,11.033401435232523,12.138442625584547,83.22,-2.1394060299547344,0.0,76.18999802141593,0.0,9.483132957749383,0.0,0.0,0.0,11.387855989696922,6.24060289591004,43.61169972832423,0.0234577073642898,-1.9774434911047416,9.93458827824928,11.633333333333333,-8.579999999999997,55.17347537401429,-0.3092477582645274,0.1671636009733632,14.987747010557296,9.280495398097717,3.839218267198216,0.6333333333333333,93.68992508033372,19.10215633747713,0,28.51962830976075,19.861484803275253,0.1772373803742398,12.975140611770543,0.0,19.10215633747713,1.01004132146858,9.13419929558271,15.195531404332929,0.0234577073642898,0.0,6,276,0.0,9.927503865480352,0.3166666666666666,121.32734136923226,0,205627701882674.47,9.967957041894415,4,0.9666666666666668,4,609.2880000000001,12.025001430810644,1.1801816252804007,33.10020430569757,193.3788680435452,32.00378964868853,4.651650457140308,43.6921178361559,2.396255663923909,12.388704481115498,2.182176908609298,762.876,9.280495398097717,203.2636539750156,3479.4290086668134,12,11.387855989696922,0.0,9.967957041894415,68.62355046090074,12.025001430810644,4.92252980576298,0.0,32.00378964868853,181.9910120538483,39.89803702089361,0.0,7.255227732493533,15.195531404332929,11.387855989696922,732.6359999999997,0.3092477582645274,243.52999999999955,33.54982246240263,0.0,0.0,12,0.0,13.207759999999974,0.0,45.76702114173965,19.861484803275253,6,29.66166227628897,0.0,0.0,9.93458827824928,0.1772373803742398,0,22.66222573506152,0.0,0.0,0.0,10.523783109476971,0.0,0.0,0.0,0.0,0.0,343.2240350347424,10.523783109476971,762.2531949600001,9,0,3,0,0,0,0,0,0,0,0,0,0,0,0,0,0,0,0,4,0,0,0,0,0,0,0,0,0,0,0,0.0,60,0,0,0,0,0,0,0,0,0,0,0,0,9,0,0,0,0,0,0,0,0,0,0,0,0,0,0,0,0,0,12,0,0,0,0,0,0,0,0,2,0,0,0,0,0,0,0,0,0,0,0,0,0,0,0,0,0,0,0,0,0,0,0,0,13.207759999999974,644
1,10.523783109476971,34.124317648101375,6,0,6,32.578298293091706,11.033401435232523,12.138442625584547,79.84,-2.267662423195896,0.0,66.70261594119307,0.0,13.886228570144516,9.799819461700956,0.0,9.799819461700956,11.387855989696922,6.240645255664449,0.0,0.014698768594803,-2.100249040263856,9.861530470863704,10.875,-7.019999999999997,55.66921450596056,-0.3104836338926634,0.173398368751502,15.146060257812554,6.370883686999836,3.160458202294686,0.6666666666666666,83.56885325046893,9.967957041894415,0,23.327909875127933,15.552083726516758,0.177237380427759,12.05742222736696,0.0,9.967957041894415,1.4565135319643523,9.799819461700956,11.314431267965348,0.014698768594803,84.92913895846256,6,224,0.0,9.968733595747834,0.3541666666666667,84.92913895846256,0,193253978864.6534,9.967957041894415,6,0.9583333333333334,4,489.9760000000001,8.488307178638843,1.2068204114239374,11.033401435232523,169.1133997696988,25.694388571930023,0.0,44.89676607703096,2.4251126886784213,7.240702909612128,2.20065119138264,614.7120000000001,6.370883686999836,94.73466690882486,2263.2844654779083,8,11.387855989696922,0.0,9.967957041894415,57.87849197844877,8.488307178638843,4.9129977864727925,0.0,25.694388571930023,157.72554378000189,32.45080774263043,0.0,7.1474360502050125,11.314431267965348,11.387855989696922,588.5040000000001,0.3104836338926634,193.3459999999996,28.45358849847295,0.0,0.0,8,0.0,10.619159999999988,0.0,12.138442625584547,15.552083726516758,6,23.729009285911413,0.0,0.0,9.861530470863704,0.177237380427759,0,22.66222573506152,0.0,0.0,0.0,10.523783109476971,0.0,0.0,0.0,0.0,0.0,277.1787804329891,10.523783109476971,614.2218948320001,7,0,1,0,0,0,0,0,0,0,0,0,0,0,0,0,0,0,0,2,0,0,0,0,0,0,0,0,0,0,0,0.0,48,0,0,0,0,0,0,0,0,0,0,0,0,7,0,0,6,0,0,0,0,0,0,0,0,0,0,0,0,0,0,6,0,0,0,0,0,0,0,0,2,0,0,0,0,0,0,0,0,0,0,0,0,0,0,0,0,0,0,0,0,0,0,0,0,10.619159999999988,616
1,10.523783109476971,34.124317648101375,6,0,6,11.033401435232523,22.16030441862652,12.138442625584547,79.84,-2.416077091136492,-0.3937475329638036,45.157719083333895,0.0,15.136309586159042,9.799819461700956,12.13273413692322,9.799819461700956,0.0,5.8393188059354175,22.253805966787983,0.1968737664819013,-2.300315432407969,9.86100172359874,14.62962962962963,-7.5399999999999965,45.51217363779829,-0.3104954987602935,0.1727447319837,15.14686330729867,8.295057161014299,3.236253839029696,0.7037037037037037,107.18294492525057,9.967957041894415,3,19.72200344719748,17.93883507246488,0.1005931901960404,12.596972867536564,0.0,9.967957041894415,1.1960038287659152,9.799819461700956,13.609683195384871,-0.1968737664819022,24.26546827384644,6,252,11.835812092322788,9.63612471708077,0.3703703703703703,84.92913895846256,0,5669128944125.516,9.967957041894415,6,1.0185185185185186,4,548.9840000000002,10.6054575579292,0.7089064207490343,45.383972500646216,214.626842856804,29.003789648688528,0.0,34.124317648101375,2.5666060071904315,14.748465353538478,2.4421225721403923,690.8100000000001,8.295057161014299,155.39833759344097,2533.142173402208,11,56.60437703220168,0.0,9.967957041894415,63.12030247940214,10.6054575579292,4.933943295588536,0.0,29.003789648688528,169.8582779169251,36.174422381762014,0.0,7.282001631045704,13.609683195384871,11.835812092322788,660.5699999999999,0.3104954987602935,213.10799999999952,31.216078038069696,0.0,0.0416666666666666,8,0.0,11.299959999999984,0.0,12.138442625584547,17.93883507246488,6,26.6953357811002,0.0,0.0,9.86100172359874,0.1005931901960404,0,22.66222573506152,0.0,0.0,0.0,10.523783109476971,0.0,0.0,0.0,0.0,0.0,312.64786170338147,10.523783109476971,690.2531949600001,7,0,1,0,2,2,0,3,0,0,0,0,0,0,0,0,0,0,0,2,0,0,0,0,0,0,0,0,0,0,0,0.0,54,0,0,0,0,0,0,0,0,0,0,0,0,7,0,0,6,0,0,0,0,0,0,0,0,0,0,0,0,0,0,1,0,0,0,0,0,0,0,0,2,0,0,0,0,0,0,0,0,0,0,0,0,0,0,0,0,0,0,0,0,0,0,0,0,11.299959999999984,601
0,16.835593968657875,17.062158824050687,1,0,6,11.126902983393991,5.563451491696996,0.0,80.75,-2.323822186944976,1.4938166640948582,36.73666509688569,21.572456922457924,1.3388119265222722,4.899909730850478,6.06636706846161,9.636772684650529,11.49902366656781,7.969667124360051,36.39820241076966,0.1845587315943349,-2.191693330570728,13.378199482922122,15.842105263157896,-4.399999999999999,34.124633982315494,-0.4529535242788038,0.2384487948713838,32.233299470116286,5.036503093597536,2.9491720331811635,0.9473684210526316,71.7905736680101,0.0,2,0.0,11.853683815635575,0.2087280521584668,8.047806653217833,19.674506272835004,16.835593968657875,1.3217646481861034,9.636772684650529,9.034918551999668,-3.996392799128415,72.79640482153933,8,186,19.5819339020711,10.042332839704487,0.4736842105263157,54.59730361615449,0,705479699.7389591,16.835593968657875,2,1.5526315789473684,4,395.9120000000001,6.842005558493394,0.4767248269914201,30.956706451438222,115.26097430077064,21.40759990520535,59.18907779609295,5.687386274683562,2.4997173304630027,4.0819435405606015,2.3869114558568447,537.6180000000003,9.19408237223294,4.899909730850478,1936.613488251841,7,0.0,19.674506272835004,4.736862953800049,33.506489159575366,10.82229600345378,3.2375326062218805,0.0,19.774606743349896,134.84290820284173,26.07033885400645,0.0,4.822564479839583,12.807971325282551,19.5819339020711,518.4660000000005,0.4529535242788038,143.98059999999975,22.77110498928681,0.0,0.0,5,-7.943472420179377,6.9081000000000055,0.0,22.6259266499618,14.820010310824362,6,18.353339852467727,19.674506272835004,0.0,13.378199482922122,0.2087280521584668,0,0.0,0.0,0.0,0.0,0.0,0.0,11.49902366656781,0.0,0.0,0.0,219.7722932999781,0.0,537.070464708,5,0,2,0,0,0,2,0,0,0,0,0,0,0,0,0,0,0,0,0,0,0,0,0,0,0,0,0,0,0,0,0.0,38,0,0,0,0,0,0,0,0,0,0,0,0,5,0,0,3,0,0,0,1,0,0,0,0,0,0,0,0,0,0,4,0,0,0,0,0,0,0,0,0,0,0,0,0,0,0,0,0,0,0,0,0,0,0,0,2,0,0,0,0,0,0,0,0,6.9081000000000055,608
1,10.523783109476971,34.124317648101375,6,0,6,22.51475897309092,11.387855989696922,12.138442625584547,79.83999999999999,-2.416076815447672,0.0,34.124317648101375,0.0,14.13471591576223,9.799819461700956,0.0,9.799819461700956,11.387855989696922,5.889765475390123,22.253805966787983,0.002045126426301,-2.2998865840717166,9.986806904086569,14.48148148148148,-7.019999999999997,45.25122063149536,-0.3098816623627139,0.1822035190980194,15.164355273225931,8.425189413178899,3.210842965428076,0.6851851851851852,70.78474251448087,9.967957041894415,2,19.973613808173138,18.13541705985008,0.1772370246797283,12.296147452328595,0.0,9.967957041894415,1.134393256871787,9.799819461700956,14.92480546216925,-0.155546000517067,24.26546827384644,6,258,38.52492973755606,9.733458474563545,0.4074074074074074,124.75682189414827,0,2533298177898.6606,9.967957041894415,4,0.9629629629629628,4,560.4320000000001,11.178693422304914,0.6315047792245427,34.13740108843117,179.23447159956353,30.539688033550767,0.0,33.33165647155467,2.530357973963173,13.98876781929648,2.3754219823692906,696.858,8.425189413178899,170.96055225528022,2407.83165759594,9,61.33661075524739,10.82998093879356,9.967957041894415,54.956271482276414,11.178693422304914,4.919910970116834,0.0,30.539688033550767,145.59280964307868,37.19129471863658,9.113297641158413,7.481984048354096,14.92480546216925,22.21783692849048,660.5699999999999,0.3098816623627139,215.95599999999945,32.858026481669114,0.0,0.125,7,0.0,11.772159999999984,0.0,34.65320159867546,18.13541705985008,6,26.217043157624,0.0,0.0,9.986806904086569,0.1772370246797283,0,22.66222573506152,0.0,0.0,0.0,10.523783109476971,0.0,0.0,0.0,0.0,0.0,315.4259656292328,10.523783109476971,696.3001451519998,6,0,3,0,0,0,2,0,0,0,0,0,0,0,0,0,0,0,0,2,0,0,0,0,0,0,0,0,0,0,0,0.0,54,0,0,0,0,0,0,0,0,0,0,0,0,6,0,0,6,0,0,0,0,0,0,0,0,0,0,0,0,0,0,4,0,0,0,0,0,0,0,0,2,0,0,0,0,0,0,0,0,0,0,0,0,0,0,0,0,0,0,0,0,0,0,0,0,11.772159999999984,580
1,10.523783109476971,34.124317648101375,6,0,8,22.51475897309092,11.387855989696922,12.138442625584547,98.3,-2.324896384406002,3.0618004363968394,34.124317648101375,9.473725907600098,13.690440204100154,9.799819461700956,0.0,19.27354536930105,34.38590332283254,5.89086017023056,0.0,0.0236005120908409,-2.152045143048896,9.885641820696211,12.2,-7.419999999999997,68.24926796463099,-0.4529535242788036,0.1866106442702933,16.48797504563888,6.496193118645966,3.183379817990584,0.7,72.79640482153933,9.967957041894415,2,19.771283641392422,15.951913640777814,0.1772370246797283,11.6755633973959,0.0,9.967957041894415,1.1251181048750003,19.27354536930105,11.68123214946645,-0.0236005120908413,145.59280964307868,8,234,0.0,10.01354455016675,0.4,72.79640482153933,0,616089795046.1049,9.967957041894415,4,1.0,8,505.8480000000001,8.769970862486648,0.4765046408017666,34.13740108843117,156.98066563277558,26.356184614478497,12.37993355473934,22.50167553276112,2.5146525812908616,8.032909047103375,2.27135704951961,644.6940000000001,6.496193118645966,31.90621912917992,2265.6577026490218,9,11.387855989696922,0.0,9.473725907600098,51.730299782934544,8.769970862486648,4.677518571328381,0.0,26.356184614478497,145.59280964307868,33.60550828100968,0.0,6.719312182757233,11.68123214946645,11.387855989696922,620.5020000000001,0.4529535242788036,191.8479999999996,28.77510897784984,0.0,0.0,7,0.0,10.704959999999987,0.0,57.65124893181108,15.951913640777814,8,24.6953357811002,0.0,0.0,9.885641820696211,0.1772370246797283,0,22.66222573506152,0.0,0.0,0.0,10.523783109476971,0.0,22.99804733313562,0.0,0.0,0.0,287.46340340186686,10.523783109476971,644.1960740079999,6,0,3,0,0,0,2,0,0,0,0,0,0,0,0,0,0,0,0,2,0,0,0,0,0,0,0,0,0,0,0,0.0,50,0,0,0,0,0,0,0,0,0,0,0,0,6,0,0,6,0,0,0,2,0,0,0,0,0,0,0,0,0,0,4,0,0,0,0,0,0,0,0,2,0,0,0,0,0,0,0,0,0,0,0,0,0,0,0,0,0,0,0,0,0,0,0,0,10.704959999999987,606
0,10.523783109476971,34.124317648101375,4,0,6,0.0,34.12495031652961,12.138442625584547,72.52000000000001,-2.3813051438162924,2.7881301965230545,34.124317648101375,9.473725907600098,4.178936130007559,9.799819461700956,12.13273413692322,19.27354536930105,22.99804733313562,5.977123678962969,0.0,0.2940127918451329,-2.214997372712105,10.00173844540367,12.473684210526317,-5.719999999999997,34.124317648101375,-0.4529535036146077,0.2416124699759728,16.48806547608911,5.048358655880069,2.9772295253410674,0.7105263157894737,60.6636706846161,0.0,2,20.00347689080734,12.069452578065311,0.1510450837605114,8.443828421145357,0.0,0.0,1.576470616462333,19.27354536930105,8.855956337909003,0.2940127918451329,97.0618730953858,6,178,0.0,10.013212220448075,0.4210526315789473,48.53093654769288,0,1063399696.5104616,0.0,2,1.0,8,387.31200000000007,6.701890200788448,0.475634291167743,45.25122063149536,120.32151021570304,19.997655808340827,12.471729371551705,0.0,2.566778688635793,5.369526486520535,2.3273890754494886,490.5220000000002,5.048358655880069,21.9382620872855,1607.773403957572,7,11.126902983393991,0.0,9.473725907600098,39.18820092458982,6.701890200788448,3.185040175310446,0.0,19.997655808340827,109.19460723230902,25.639252954758803,0.0,4.789376289678967,8.855956337909003,0.0,472.3780000000003,0.4529535036146077,145.38599999999974,21.553765653508385,0.0,0.0,5,0.0,8.580960000000001,0.0,35.13648995872017,12.069452578065311,6,18.76268279072263,0.0,0.0,10.00173844540367,0.1510450837605114,0,22.66222573506152,0.0,0.0,0.0,10.523783109476971,0.0,22.99804733313562,0.0,0.0,0.0,218.9099190278457,10.523783109476971,490.142975816,5,0,2,0,0,0,2,0,0,0,0,0,0,0,0,0,0,0,0,0,0,0,0,0,0,0,0,0,0,0,0,0.0,38,0,0,0,0,0,0,0,0,0,0,0,0,5,0,0,6,0,0,0,2,0,0,0,0,0,0,0,0,0,0,4,0,0,0,0,0,0,0,0,2,0,0,0,0,0,0,0,0,0,0,0,0,0,0,0,0,0,0,0,0,0,0,0,0,8.580960000000001,608
0,10.523783109476971,34.124317648101375,4,0,6,0.0,11.126902983393991,12.138442625584547,54.06,-2.384468655197285,0.0,57.6480875468836,0.0,8.992398064163938,9.799819461700956,23.52376989878223,9.799819461700956,0.0,7.996336293799951,0.0,0.3540680639539766,-2.209898363544929,10.03898124375758,12.894736842105264,-4.619999999999997,53.70625155017248,-0.3060616119557807,0.2254538316238986,32.16780613101189,5.048358655880069,2.9772295253410674,0.7105263157894737,60.6636706846161,0.0,2,20.07796248751516,12.069452578065311,0.1005921080479499,9.042787730995068,0.0,0.0,1.576470616462333,9.799819461700956,8.855956337909003,0.3540680639539766,60.6636706846161,6,178,19.5819339020711,10.023802477514872,0.4210526315789473,72.05470644647512,0,1063399696.5104616,0.0,2,1.0,4,404.4880000000001,6.701890200788448,1.1232662969328862,45.25122063149536,120.32151021570304,21.63064897019628,0.0,19.5819339020711,2.5714883388063847,6.5604703640715565,2.3182032529224648,522.6580000000002,7.164231304759364,70.46919863497838,1607.773403957572,7,11.126902983393991,0.0,0.0,41.5535313443304,8.962426958456303,3.468375987826265,0.0,19.997655808340827,128.77654113438012,25.639252954758803,0.0,5.370408695382538,11.023510250882651,0.0,504.5140000000004,0.3060616119557807,153.48399999999972,22.56776742917972,0.0,0.0,5,0.0,9.298759999999996,23.52376989878223,12.138442625584547,13.702445739920766,4,18.76268279072263,0.0,0.0,10.03898124375758,0.1005921080479499,0,22.66222573506152,0.0,0.0,0.0,10.523783109476971,0.0,0.0,0.0,0.0,0.0,228.92904861956248,10.523783109476971,522.097288576,5,0,2,0,0,0,2,0,0,0,0,0,0,0,0,0,0,0,0,0,0,0,0,0,0,0,0,0,0,0,0,3.482304406585611,38,0,0,0,0,0,0,0,0,0,0,0,0,5,0,0,6,0,0,0,0,0,0,0,0,0,0,0,0,0,0,4,0,0,0,0,0,0,0,0,2,0,0,0,0,0,0,0,0,0,0,0,0,0,0,0,0,0,0,0,0,0,0,0,0,9.298759999999996,628
0,10.523783109476971,34.124317648101375,4,0,4,0.0,11.126902983393991,12.138442625584547,54.06,-2.4526033961116567,0.0,34.124317648101375,0.0,4.552022864701436,9.799819461700956,0.0,9.799819461700956,0.0,5.97411132846194,22.253805966787983,0.219393859791136,-2.328113067149044,10.198131925660784,15.38095238095238,-5.319999999999998,34.124317648101375,-0.3077257794689634,0.2227906172805442,15.227783182166014,6.977354950412993,3.01481162168883,0.6904761904761905,58.65200837755764,0.0,2,20.39626385132157,14.252955997137589,0.1005921080106834,9.097508087442405,0.0,0.0,1.6064384733054384,9.799819461700956,12.099529650611796,-0.2193938597911366,12.13273413692322,4,202,38.52492973755606,9.727721584109029,0.4285714285714285,100.49135362030184,0,4394678841.689321,0.0,2,0.9523809523809524,4,443.2160000000001,9.11061276060671,0.630033380013218,45.25122063149536,142.57531618249098,24.1811592274131,0.0,10.82998093879356,2.5739629225467944,11.063660708863184,2.404849213430289,542.6860000000003,6.977354950412993,146.69508398143378,1742.790076728651,7,61.07565774894447,10.82998093879356,0.0,42.42608834926431,9.11061276060671,3.45666458734278,0.0,24.1811592274131,109.19460723230902,29.2250393923857,9.061964225849508,5.552689090014147,12.099529650611796,10.82998093879356,512.4460000000004,0.3077257794689634,169.4939999999996,25.634815549381685,0.0,0.1578947368421052,5,0.0,9.648159999999995,0.0,12.138442625584547,14.252955997137589,4,20.28439016724643,0.0,0.0,10.198131925660784,0.1005921080106834,0,22.66222573506152,0.0,0.0,0.0,10.523783109476971,0.0,0.0,0.0,0.0,0.0,246.87248125521168,10.523783109476971,542.2470469600001,5,0,2,0,0,0,2,0,0,0,0,0,0,0,0,0,0,0,0,0,0,0,0,0,0,0,0,0,0,0,0,0.0,42,0,0,0,0,0,0,0,0,0,0,0,0,5,0,0,6,0,0,0,0,0,0,0,0,0,0,0,0,0,0,4,0,0,0,0,0,0,0,0,2,0,0,0,0,0,0,0,0,0,0,0,0,0,0,0,0,0,0,0,0,0,0,0,0,9.648159999999995,594
1,0.0,34.124317648101375,4,0,6,43.61169972832423,0.0,0.0,50.72,-2.325232358338008,3.330438466785237,77.7360173764256,9.473725907600098,14.965764100042374,9.799819461700956,0.0,19.27354536930105,22.99804733313562,6.118115779656457,0.0,0.8326096166963093,-2.151165192232739,6.255117295077861,13.04,-6.919999999999997,100.7340647095612,-0.4529535242572743,0.138130359855883,16.487973809666403,7.479372505833606,3.173547910302436,0.74,95.70158738739214,9.967957041894415,2,4.310942134888398,16.65940058365711,0.1510438422609013,10.288300136604017,0.0,9.967957041894415,1.0557376188387386,19.27354536930105,12.646917982092898,0.8326096166963093,72.79640482153933,6,234,0.0,10.03438458570113,0.36,72.79640482153933,0,1054392617503.2416,9.967957041894415,2,1.14,8,496.84000000000015,9.752675476916291,0.4765138454364899,44.81634796919929,157.72554378000189,26.61645796185784,12.51023459015572,22.14722097829672,2.517389795122354,9.650609957405898,2.268324552745,642.7180000000001,7.479372505833606,94.72895842016354,2584.5017798405893,11,0.0,0.0,19.44168294949452,54.23201075072237,9.752675476916291,3.960663509939812,0.0,26.61645796185784,157.72554378000189,32.76020881938893,0.0,5.571074285805952,12.646917982092898,0.0,616.5100000000001,0.4529535242572743,201.5699999999996,27.07480444697089,0.0,0.0,9,0.0,12.240399999999983,0.0,22.99804733313562,16.65940058365711,6,24.764285466321496,0.0,0.0,6.255117295077861,0.1510438422609013,0,0.0,0.0,0.0,0.0,0.0,0.0,22.99804733313562,0.0,0.0,0.0,286.5608295249489,0.0,642.205576072,8,0,3,0,0,0,2,0,0,0,0,0,0,0,0,0,0,0,0,2,0,0,0,0,0,0,0,0,0,0,0,0.0,50,0,0,0,0,0,0,0,0,0,0,0,0,8,0,0,6,0,0,0,2,0,0,0,0,0,0,0,0,0,0,10,0,0,0,0,0,0,0,0,0,0,0,0,0,0,0,0,0,0,0,0,0,0,0,0,0,0,0,0,0,0,0,0,0,12.240399999999983,610
1,0.0,34.124317648101375,4,0,8,43.61169972832423,0.0,22.99804733313562,69.18,-2.2604279473425577,3.20283639561808,77.7360173764256,18.9474518152002,14.91077289530204,38.23900962681109,28.439190165110134,28.747271276901152,0.0,6.115891977058002,0.0,0.80070909890452,-2.096151687952889,5.455864789091054,11.214285714285714,-7.319999999999998,100.7340647095612,-0.4967658832525265,0.1015928766683498,16.472213664528535,7.333364035601416,3.263305747164925,0.625,144.23252393508506,9.967957041894415,0,4.188320243007015,18.268461488937724,0.1185109345834528,14.48892761635178,0.0,38.40714720700455,1.14759583620103,28.747271276901152,13.363996242558636,0.80070909890452,48.53093654769288,8,274,0.0,10.039126820408434,0.3214285714285714,24.26546827384644,0,9616662334895.217,9.967957041894415,10,0.9285714285714286,0,576.0320000000002,10.210697466005149,0.4143824227827701,50.50599303557517,157.72554378000189,31.432954542785563,21.823459156364216,44.89676607703097,2.405928626269893,9.454585803906427,2.174835514415411,734.8560000000001,7.333364035601416,118.99442669401,2554.92391857588,9,0.0,0.0,28.91540885709461,53.70754399277243,10.210697466005149,6.265986439047194,0.0,31.432954542785563,157.72554378000189,38.17442238176201,0.0,8.912747348243293,13.363996242558636,0.0,696.5519999999999,0.4967658832525265,227.62999999999948,34.44794982192741,0.0,0.0833333333333333,9,6.712481513029796,12.063399999999978,0.0,22.99804733313562,18.268461488937724,8,27.525365581445257,0.0,0.0,5.455864789091054,0.1185109345834528,0,0.0,0.0,0.0,0.0,0.0,0.0,22.99804733313562,0.0,0.0,0.0,324.2593507486077,0.0,734.289305696,8,0,1,0,0,0,0,0,0,0,0,0,0,0,0,0,0,0,0,2,0,0,0,0,0,0,0,0,0,0,0,0.0,56,0,0,0,0,0,0,0,0,0,0,0,0,8,0,0,6,0,0,0,4,0,0,0,0,0,0,0,0,0,0,6,0,0,0,0,0,4,0,0,0,0,0,0,0,0,0,0,0,0,0,0,0,0,0,0,0,0,0,0,0,0,0,0,0,12.063399999999978,600
1,0.0,21.452573871725505,3,0,4,33.54816040832343,33.91373937133236,5.817220841045895,38.25,-2.3252208779854766,0.9371679568874044,28.09556025928321,9.127278001474869,11.841878700554297,4.899909730850478,6.06636706846161,9.636772684650529,11.49902366656781,5.922198554127468,6.06636706846161,0.3856229528848578,-2.166491667958232,15.89951449794794,12.08108108108108,-5.029999999999999,28.19560352760957,-0.4529534979748857,0.2530183242487534,19.142219094081728,4.796313496903497,2.958419790893614,0.972972972972973,30.33183534230805,9.967957041894415,1,0.0,12.043246393022752,0.1510454396236753,8.570817591698303,0.0,9.967957041894415,1.4789375696025688,9.636772684650529,8.818126856360582,-0.3890936004031242,114.0945169631595,5,176,0.0,10.03145824444834,0.5135135135135135,84.92913895846256,0,684414561.4931583,14.358372089569237,3,1.5135135135135136,4,378.5360000000001,6.500407760867651,0.4761222621266792,39.48341624898013,127.14456221027817,19.674858933765485,22.005611742241225,17.193270051855603,2.505699343129933,6.350725672385577,2.276857369533824,481.53000000000014,4.796313496903497,0.0,1725.3229631368322,7,0.0,0.0,14.704819995694464,38.3646159279315,6.500407760867651,3.600036957986502,0.0,19.674858933765485,121.32734136923226,24.769009466755723,0.0,4.926793740419745,8.818126856360582,5.817220841045895,461.3700000000004,0.4529534979748857,145.12499999999974,21.26884237649604,0.0,0.0,6,0.0,8.678400000000002,0.0,34.01378263965872,12.043246393022752,4,18.25915283087249,0.0,4.39041504767482,15.89951449794794,0.1510454396236753,0,5.817220841045895,0.0,0.0,0.0,0.0,0.0,11.49902366656781,0.0,0.0,0.0,212.81382358648847,0.0,481.15904048,5,0,2,0,0,0,1,0,0,0,0,0,0,0,0,0,0,0,0,2,0,0,0,0,0,0,0,0,0,0,0,0.0,37,0,0,0,0,0,0,0,0,0,0,0,0,5,0,0,3,0,0,0,1,0,0,1,0,0,0,0,0,0,0,3,0,0,0,0,0,0,0,0,0,0,0,0,0,0,0,0,0,0,0,0,0,0,0,0,0,0,0,0,0,0,0,0,0,8.678400000000002,580
0,9.589074368143644,22.74954509873425,2,2,3,10.772448428929591,22.200513472542347,0.0,40.620000000000005,-2.4214067430289226,-0.598096707818931,45.336352986366855,9.589074368143644,30.907815851776885,9.799819461700956,12.13273413692322,9.799819461700956,0.0,6.362399130971137,16.026812714244468,0.1685066844560654,-2.401211652182264,13.675074256618265,15.513513513513514,-4.699999999999998,22.448383038515484,-0.3092534636816189,0.2425936853499362,16.177665568302114,6.016117739022471,2.92872325000691,1.0810810810810811,53.59147246262526,0.0,2,1.5932416330729824,12.469973756245205,0.2654874734471828,7.6473091181018145,0.0,11.814359458703011,1.4954015246653831,4.899909730850478,10.136355369098393,-0.2990483539094655,48.53093654769288,4,178,19.26246486877803,9.732239094702669,0.5135135135135135,80.57751215245898,0,482730441.29921895,4.899909730850478,2,1.7297297297297298,3,381.5760000000001,7.776505162098869,0.0893295371166397,22.74954509873425,131.44841319909702,20.60322861734091,0.0,27.314341881720363,2.528190666192088,7.1039466207176805,2.3858432740704343,480.5670000000002,6.016117739022471,67.2783206779246,1682.0375702970844,7,45.69035473431288,5.41499046939678,0.0,35.72493588129342,7.776505162098869,2.897523747289376,9.589074368143644,20.60322861734091,109.19460723230902,25.31082583001261,4.518156720957947,4.458621140887613,10.136355369098393,17.22934992809979,456.37500000000034,0.3092534636816189,148.34099999999975,21.572160830055427,0.0,0.0909090909090909,5,0.0,7.7495000000000065,0.0,0.0,12.469973756245205,4,17.981200378874174,0.0,0.0,13.675074256618265,0.2654874734471828,0,0.0,0.0,0.0,0.0,0.0,0.0,0.0,11.814359458703011,0.0,0.0,214.94011007484312,0.0,480.183778008,5,2,2,0,0,0,2,0,0,0,0,0,0,0,0,0,0,0,0,0,0,0,2,0,0,0,0,0,0,0,0,0.0,37,0,0,0,0,0,2,0,0,0,0,0,0,5,0,0,4,0,0,0,0,0,0,0,0,0,0,1,0,0,0,2,0,0,0,0,0,0,0,0,0,0,0,0,0,0,0,0,0,0,0,0,0,0,0,0,0,0,0,0,0,0,0,0,0,7.7495000000000065,597
1,10.523783109476971,17.062158824050687,5,0,5,33.41768390517197,27.85423241347497,12.138442625584547,76.6,-2.251465336545706,0.0,28.09556025928321,0.0,11.40121883309327,4.899909730850478,18.32957770853629,4.899909730850478,0.0,5.81646194249592,0.0,0.2993880123590753,-2.0892665504529058,9.345621121558708,10.512820512820513,-5.779999999999998,33.752513299141675,-0.3105059437186062,0.2389980536115613,15.138347970429567,4.620916630875363,3.015079703579205,0.9743589743589745,59.65783953108687,9.967957041894415,0,18.60223639897261,12.454530559858812,0.100593192091814,10.29908230762702,0.0,9.967957041894415,1.28742785650096,4.899909730850478,8.996088531324641,0.2993880123590753,54.60015786048516,5,182,0.0,10.017664517784375,0.5128205128205128,72.79640482153933,0,1444027318.436895,4.9839785209472085,5,1.5128205128205128,2,405.9440000000001,6.590729511811722,1.2813970770639445,34.051075985088055,138.6510879242393,20.860423630481936,0.0,22.62561031574768,2.351431921738326,8.892215598922462,2.123750016125108,499.57700000000017,4.620916630875363,76.61678024920606,1809.6957882021336,6,11.126902983393991,0.0,4.9839785209472085,44.74214096039487,6.590729511811722,4.688617238219063,4.9839785209472085,20.860423630481936,127.52418494084532,26.60587275993919,0.0,6.234523363170325,8.996088531324641,0.0,478.40900000000033,0.3105059437186062,154.52299999999966,23.60855112145087,1.6955215419501133,0.0,6,0.0,8.176960000000005,0.0,34.522725095523995,12.454530559858812,5,19.229009285911413,0.0,0.0,9.345621121558708,0.100593192091814,0,22.66222573506152,0.0,0.0,0.0,10.523783109476971,0.0,0.0,0.0,0.0,0.0,226.0556176993153,10.523783109476971,499.1796956720001,5,0,1,0,0,0,0,0,0,0,0,0,0,0,0,0,0,0,0,2,0,0,0,0,0,0,0,0,0,0,0,0.0,39,0,0,0,0,0,0,0,0,0,0,0,0,5,0,0,3,0,0,0,0,0,0,0,0,0,0,0,0,0,0,1,0,0,0,0,0,0,0,0,2,0,0,0,0,0,0,0,0,0,0,0,0,0,0,0,0,0,0,0,0,0,0,0,0,8.176960000000005,644
1,10.523783109476971,34.124317648101375,6,0,6,32.578298293091706,11.033401435232523,12.138442625584547,79.83999999999999,-2.418619509800332,0.0,66.70261594119307,0.0,14.308412233376156,9.799819461700956,0.0,9.799819461700956,11.387855989696922,6.241975792150582,22.253805966787983,0.0246377190188937,-2.30085657001986,9.998817958508338,14.851851851851851,-7.019999999999997,55.66921450596056,-0.3098593676013656,0.167591832673606,15.16520973980924,9.0627958159761,3.204427668679613,0.7407407407407407,81.55719094341046,9.967957041894415,2,23.70102504736017,18.21875039318342,0.177237380427759,11.238698074811383,0.0,9.967957041894415,1.2919364287602575,9.799819461700956,15.290830865953694,-0.1848598972732833,0.0,6,256,38.52492973755606,9.732809759731952,0.4259259259259259,112.62408775722506,0,3077497817468.595,9.967957041894415,2,1.0555555555555556,4,551.6800000000002,11.703925622679913,0.6315150600231739,33.78294653396677,167.10173746264033,30.384987495171515,0.0,32.97720191709028,2.540113469094869,12.499838194626465,2.3787003478523507,694.8419999999999,9.0627958159761,183.09328639220345,2695.7674938759105,10,61.33661075524739,10.82998093879356,9.967957041894415,51.81401526697085,11.703925622679913,4.255781434764258,0.0,30.384987495171515,133.46007550615548,36.93178169464274,9.176709257666356,6.596406369507556,15.290830865953694,22.21783692849048,660.5699999999999,0.3098593676013656,217.60199999999952,31.69459145376909,0.0,0.125,8,0.0,11.89775999999998,0.0,12.138442625584547,18.21875039318342,6,26.217043157624,0.0,0.0,9.998817958508338,0.177237380427759,0,22.66222573506152,0.0,0.0,0.0,10.523783109476971,0.0,0.0,0.0,0.0,0.0,313.3567708123104,10.523783109476971,694.2844950879999,7,0,3,0,0,0,2,0,0,0,0,0,0,0,0,0,0,0,0,2,0,0,0,0,0,0,0,0,0,0,0,0.0,54,0,0,0,0,0,0,0,0,0,0,0,0,7,0,0,6,0,0,0,0,0,0,0,0,0,0,0,0,0,0,10,0,0,0,0,0,0,0,0,2,0,0,0,0,0,0,0,0,0,0,0,0,0,0,0,0,0,0,0,0,0,0,0,0,11.89775999999998,624
1,10.523783109476971,34.124317648101375,6,0,6,54.832104259879685,11.033401435232523,12.138442625584547,79.83999999999999,-2.4157687067290614,0.0,66.70261594119307,0.0,14.299504015733907,9.799819461700956,0.0,9.799819461700956,11.387855989696922,6.239658371500577,45.00335106552223,0.022026191641171,-2.299663956668585,10.012536781080245,14.212121212121213,-8.579999999999995,55.17347537401429,-0.309881677398293,0.1641743543065881,15.164197979798384,10.773680628814594,3.3615670073153656,0.6666666666666666,115.94373104712167,9.967957041894415,2,23.745560102287115,22.361484803275257,0.1772373803742398,14.473471284977093,0.0,9.967957041894415,0.9779151912599836,9.799819461700956,18.445531404332936,-0.1347761609365312,0.0,6,312,38.52492973755606,9.7335108525757,0.3636363636363636,149.0222901679947,0,1756618231996920.2,9.967957041894415,4,0.9848484848484848,4,677.7360000000002,14.13803530252323,0.6315064007022411,33.78294653396677,215.6326740103332,37.00378964868854,0.0,32.97720191709028,2.5327357310600016,17.342455802534964,2.375598108282996,847.0379999999997,10.773680628814594,231.6242229398963,3393.1038529514044,12,61.33661075524739,10.82998093879356,9.967957041894415,69.55310563611457,14.13803530252323,5.718132854916858,0.0,37.00378964868854,181.9910120538483,44.8980370208936,9.226041109996132,8.562330363991329,18.445531404332936,22.21783692849048,804.7019999999995,0.309881677398293,268.47399999999965,39.04480085644652,0.0,0.1,10,0.0,15.231759999999964,0.0,34.39224859237253,22.361484803275257,6,32.14969614800156,0.0,0.0,10.012536781080245,0.1772373803742398,0,22.66222573506152,0.0,0.0,0.0,10.523783109476971,0.0,0.0,0.0,0.0,0.0,383.4709592244384,10.523783109476971,846.3470953439999,9,0,3,0,0,0,2,0,0,0,0,0,0,0,0,0,0,0,0,2,0,0,0,0,0,0,0,0,0,0,0,0.0,66,0,0,0,0,0,0,0,0,0,0,0,0,9,0,0,6,0,0,0,0,0,0,0,0,0,0,0,0,0,0,10,0,0,0,0,0,0,0,0,2,0,0,0,0,0,0,0,0,0,0,0,0,0,0,0,0,0,0,0,0,0,0,0,0,15.231759999999964,596
2,9.589074368143644,0.0,1,0,3,38.094999010707966,21.544896857859182,0.0,38.55,-2.2139556485001752,0.0,49.85688396009908,0.0,28.09189027462837,0.0,17.828252017852726,10.85758078380108,10.85758078380108,7.994599958941494,0.0,0.0035359977324258,-2.1563453847309173,12.990109914336106,13.166666666666666,-2.8499999999999988,26.341069103884337,-0.3052117002940561,0.3123236583941283,32.16658060806776,3.932034233950822,2.622257592585336,1.0,36.39820241076966,4.400694606261793,1,2.6338983371126234,7.719367781746542,0.1968103216174934,3.968725000637783,0.0,4.400694606261793,2.221539254294369,4.400694606261793,6.102093300745874,-0.003535997732426,48.53093654769288,4,112,9.79096695103555,10.026992893666606,0.5833333333333334,29.960986154775945,2,794523.0724926161,0.0,0,1.5,3,239.7920000000001,4.903268502093265,1.2148405805621607,16.550102152848787,75.04395876809922,13.184607470525908,2.1243055555555554,31.335863808894736,2.422258748715302,2.5693168934240376,2.230149135097041,327.36400000000003,5.058011940134447,4.400694606261793,1361.1349493253572,6,0.0,0.0,0.0,17.121523604812296,6.001958765763608,1.2461554701424102,9.589074368143644,12.368110889598182,73.97734493533369,15.999271042140991,0.0,2.076619135142664,7.185870257232701,10.85758078380108,318.29200000000003,0.3052117002940561,97.764,12.55790190436846,0.0,0.0,5,0.0,4.021700000000001,11.761884949391115,0.0,8.535864362674268,3,11.754020195423491,0.0,0.0,12.990109914336106,0.1968103216174934,0,0.0,0.0,0.0,0.0,0.0,0.0,0.0,0.0,0.0,0.0,139.0348801818385,0.0,327.0353995280001,3,0,3,0,0,0,1,0,0,0,0,0,0,0,0,0,0,0,0,1,0,0,0,0,0,0,0,0,0,0,0,1.6257320011337866,24,0,0,0,0,0,0,0,0,0,0,0,0,3,0,0,0,0,0,0,0,0,0,0,0,0,0,0,0,0,0,0,0,0,0,0,0,0,0,0,0,0,0,0,0,0,0,0,0,0,0,0,0,0,0,0,0,0,0,0,0,0,0,0,0,4.021700000000001,560
2,9.589074368143644,0.0,1,0,2,38.094999010707966,10.772448428929591,0.0,38.55,-2.3391425635004546,0.0,38.094999010707966,0.0,26.42079050138574,0.0,0.0,10.85758078380108,10.85758078380108,6.097446943357668,0.0,0.0012788170823887,-2.2767425226497537,13.21039525069287,15.153846153846152,-3.199999999999999,38.44945356517236,-0.3068794710864748,0.3137628723353077,16.134236819412752,4.865503222417155,2.655476825701083,1.0,35.392371257240434,4.400694606261793,1,2.658678193499622,8.811119491282678,0.1967789717841901,4.12788291521507,0.0,4.400694606261793,2.214090019805488,4.400694606261793,7.723879957097271,-0.2802245134164778,42.46456947923127,3,124,19.26246486877803,9.73848335371486,0.6153846153846154,44.179309741689295,2,1625194.304958274,0.0,0,1.4615384615384617,3,259.00000000000006,6.104081272286783,0.6422412726046666,16.550102152848787,86.17086175149322,14.459862599134318,2.160763888888889,26.959887327255963,2.434303412407777,4.605022085222979,2.338548175651113,337.37800000000004,4.865503222417155,30.38090314256626,1430.7251025783014,6,24.97437738277524,5.41499046939678,0.0,17.403660674918115,6.104081272286783,1.3132314669277747,9.589074368143644,14.459862599134318,64.18637798429813,17.792164260954443,4.3344179894179895,2.225933905470097,7.723879957097271,16.27257125319786,322.25800000000004,0.3068794710864748,105.76900000000002,14.020330210651624,0.0,0.1304347826086956,5,0.0,4.196400000000003,0.0,0.0,8.811119491282678,3,12.514873883685391,0.0,0.0,13.21039525069287,0.1967789717841901,0,0.0,0.0,0.0,0.0,0.0,0.0,0.0,0.0,0.0,0.0,148.0065964996631,0.0,337.11027872000005,3,0,3,0,0,0,1,0,0,0,0,0,0,0,0,0,0,0,0,1,0,0,0,0,0,0,0,0,0,0,0,0.0,26,0,0,0,0,0,0,0,0,0,0,0,0,3,0,0,0,0,0,0,0,0,0,0,0,0,0,0,0,0,0,0,0,0,0,0,0,0,0,0,0,0,0,0,0,0,0,0,0,0,0,0,0,0,0,0,0,0,0,0,0,0,0,0,0,4.196400000000003,472
2,9.589074368143644,0.0,1,0,3,38.094999010707966,38.56062124204325,11.033401435232523,47.78,-2.2199310124090363,1.2783371126228271,38.094999010707966,4.736862953800049,25.887627236079616,0.0,18.19910120538483,15.59444373760113,22.35660445036889,6.100793379475695,0.0,0.0702026643990925,-2.161190964441129,12.943813618039808,12.833333333333334,-3.399999999999999,11.033401435232523,-0.4529006423546075,0.3175812584016305,16.48329401382835,3.932034233950822,2.622257592585336,1.0,36.39820241076966,4.400694606261793,1,2.332972411186698,7.719367781746542,0.1969120645587886,3.736480856972823,0.0,4.400694606261793,2.221539254294369,9.137557560061843,6.102093300745874,-0.0702026643990927,40.79889701703146,4,112,0.0,10.013584003533053,0.5833333333333334,18.19910120538483,2,794523.0724926161,0.0,0,1.5,3,232.10400000000004,4.903268502093265,0.485536327488894,16.289149146545853,75.04395876809922,12.368110889598182,8.02003236016629,10.772448428929591,2.402036596979834,1.998946523053668,2.23685721135858,311.29600000000005,3.932034233950822,0.0,1358.3800618231935,6,0.0,0.0,4.736862953800049,16.315417690224237,4.903268502093265,1.155922926915392,9.589074368143644,12.368110889598182,64.18637798429813,15.999271042140991,0.0,1.879970144392802,6.102093300745874,10.85758078380108,302.22400000000005,0.4529006423546075,93.71500000000002,12.075341796875,0.0,0.0,5,0.0,3.6628000000000016,0.0,11.49902366656781,7.719367781746542,4,11.754020195423491,0.0,0.0,12.943813618039808,0.1969120645587886,0,0.0,0.0,0.0,0.0,0.0,0.0,11.49902366656781,0.0,0.0,0.0,134.02531538598015,0.0,311.05824314800003,3,0,3,0,0,0,1,0,0,0,0,0,0,0,0,0,0,0,0,1,0,0,0,0,0,0,0,0,0,0,0,0.0,24,0,0,0,0,0,0,0,0,0,0,0,0,3,0,0,0,0,0,0,1,0,0,0,0,0,0,0,0,0,0,0,0,0,0,0,0,0,0,0,0,0,0,0,0,0,0,0,0,0,0,0,0,0,0,0,0,0,0,0,0,0,0,0,0,3.6628000000000016,534
8,38.356297472574575,0.0,4,0,9,152.3799960428318,152.3799960428318,0.0,174.42999999999995,-2.171679609331245,0.0,152.3799960428318,5.106527394840706,109.67532128618042,7.109797541277533,109.19460723230902,43.430323135204326,43.430323135204326,6.155281135913551,0.0,0.1295118196498059,-2.163166273038175,13.952671782849452,12.170731707317072,-11.28000000000001,7.109797541277533,-0.3996302435573072,0.1144778973430143,16.235987476486063,13.311315063936208,1.7908752672602195,0.3658536585365853,121.32734136923226,17.602778425047173,0,14.288432819919116,26.358358227297323,0.1967947107610787,16.626928422365143,0.0,29.81910336116541,1.3113339902642386e-07,22.70930581988788,20.62320459385484,-0.2364343978332073,102.53191738350976,13,386,0.0,9.993930004162896,0.1951219512195122,72.79640482153933,8,3.2237577504321745e+19,0.0,0,0.573170731707317,8,613.3520000000001,16.723991243060343,0.3989879000084712,66.20040861139513,275.9103667985504,42.97726291527869,7.854426177878558,93.28938497271425,2.3453856242106266,5.837906572076852,2.240991622762444,1065.0659999999998,13.311315063936208,0.0,5709.232724869175,18,0.0,0.0,5.106527394840706,57.34391314394506,16.723991243060343,5.819017097163278,38.356297472574575,42.97726291527869,232.48004366334607,55.72142776555447,0.0,9.486169031096637,20.62320459385484,43.430323135204326,1028.777999999999,0.3996302435573072,329.82280000000054,46.78349727563658,0.0,0.0144927536231884,18,1.0,10.463699999999989,0.0,0.0,26.358358227297323,13,40.08342779131642,0.0,0.0,13.952671782849452,0.1967947107610787,0,0.0,0.0,0.0,0.0,0.0,0.0,0.0,0.0,0.0,0.0,455.604128261234,0.0,1064.248228732,10,0,8,1,0,0,0,0,0,0,0,0,1,1,0,0,0,0,0,4,0,0,0,0,0,0,0,0,0,0,0,0.0,82,1,0,0,0,0,0,0,0,0,0,0,0,10,0,0,0,0,0,0,0,0,0,0,0,0,0,0,0,0,0,16,0,0,0,0,0,0,0,0,0,0,0,0,0,0,0,0,0,0,0,0,0,0,0,0,0,0,0,0,0,0,0,0,0,10.463699999999989,465
4,9.589074368143644,0.0,2,0,4,76.97718173012571,65.9437802948932,11.033401435232523,69.24,-2.167071733784691,0.0,76.97718173012571,8.834301874106695,27.766825047180383,0.0,6.06636706846161,10.85758078380108,33.18966135037005,6.100264290049571,0.0,0.1309199945410259,-2.124882868523179,13.883412523590192,12.421052631578949,-5.359999999999999,11.033401435232523,-0.452927083261521,0.1685395447311147,16.338029709202157,6.072919335184406,2.958610879599111,0.868421052631579,60.6636706846161,8.801389212523587,0,2.067996751424782,12.363820606362552,0.1969138336787923,6.688735460570783,0.0,8.801389212523587,1.677055902809811,17.63569108663028,9.65978069376076,-0.1309199945410259,90.99550602692418,6,178,0.0,10.029818356404622,0.4210526315789473,36.39820241076966,2,1553271421.8561444,0.0,0,1.368421052631579,6,362.4800000000001,7.671695704179325,0.6552406469030342,32.83925129939463,117.50852824733052,19.765024659889384,16.56913087924181,10.772448428929591,2.333775911472669,6.927239273272827,2.199303870289236,492.4900000000002,6.072919335184406,8.801389212523587,2435.457793813088,9,0.0,0.0,8.834301874106695,30.335474715546862,7.671695704179325,2.280686782737327,9.589074368143644,19.765024659889384,115.48524933763616,25.12022690677112,0.0,3.4823797161206,9.65978069376076,10.85758078380108,476.3620000000004,0.452927083261521,150.45999999999978,19.78407278814558,0.0,0.0,9,0.0,7.0176000000000025,0.0,0.0,12.363820606362552,6,18.68667318580105,0.0,0.0,13.883412523590192,0.1969138336787923,0,0.0,0.0,0.0,0.0,0.0,0.0,0.0,0.0,0.0,0.0,211.69038894843848,0.0,492.111006992,5,0,4,0,0,0,0,0,0,0,0,0,0,0,0,0,0,0,0,2,0,0,0,0,0,0,0,0,0,0,0,0.0,38,0,0,0,0,0,0,0,0,0,0,0,0,5,0,0,0,0,0,0,0,0,0,0,0,0,0,0,0,0,0,8,0,0,0,0,0,0,0,0,0,0,0,0,0,0,0,0,0,0,0,0,0,0,0,0,0,0,0,0,0,0,0,0,0,7.0176000000000025,523
4,5.261891554738487,0.0,5,0,1,109.97294455538268,5.563451491696996,11.63267280448927,43.51,-2.2496851474279307,0.0,87.22339945664844,0.0,0.0,0.0,0.0,0.0,0.0,6.146483979800763,0.0,0.5733673469387757,-2.1337420191169483,12.187069160997734,11.983333333333333,-8.329999999999998,109.97294455538268,-0.3070098758758488,0.1760103258347465,15.112066119470626,10.225050787030131,4.0359885903959976,0.4666666666666667,54.59730361615449,18.26839859116542,0,21.352690489725127,20.35304079345636,0.1043882101443524,12.334998103646267,0.0,18.26839859116542,1.346726777479598,18.26839859116542,15.577668637735156,0.5733673469387757,0.0,5,278,0.0,10.039700914596144,0.2666666666666666,145.59280964307868,0,313416895848996.3,0.0,4,0.6833333333333333,8,607.5600000000002,12.593415966928966,1.0330050324891162,66.88315083966434,205.7535647509301,32.28862686075745,9.457454648526078,43.089793715718365,2.46073884733694,12.479688926994124,2.299222866774696,763.904,10.225050787030131,224.5277331631908,3511.2517547018497,13,5.563451491696996,0.0,0.0,74.21016593475467,12.593415966928966,4.286759391560517,0.0,32.28862686075745,200.1901132592331,39.475387290083226,0.0,6.727572816294324,15.577668637735156,0.0,730.6399999999998,0.3070098758758488,248.51299999999952,32.72431544665887,0.0,0.0,13,0.0,13.946679999999974,0.0,28.81876641152652,20.35304079345636,5,29.79715763333326,0.0,0.0,12.187069160997734,0.1043882101443524,0,11.33111286753076,0.0,0.0,0.0,5.261891554738487,0.0,0.0,0.0,0.0,0.0,343.54714562393843,5.261891554738487,763.2735960560001,9,0,4,0,0,0,0,0,0,0,0,0,0,0,0,0,0,0,0,4,0,0,0,0,0,0,0,0,0,0,0,0.0,60,0,0,0,0,0,0,0,0,0,0,0,0,9,0,0,0,0,0,0,0,0,0,0,0,0,0,0,0,0,0,12,0,0,0,0,0,0,0,0,1,0,0,0,0,0,0,0,0,0,0,0,0,0,0,0,0,0,0,0,0,0,0,0,0,13.946679999999974,442
4,5.261891554738487,0.0,5,0,1,109.97294455538268,5.563451491696996,11.63267280448927,43.51,-2.261268007520974,0.0,87.22339945664844,0.0,0.0,0.0,0.0,0.0,0.0,6.157102044085463,87.59740564929432,0.1122591751809363,-2.1476374440054102,13.293915741278656,13.641304347826088,-8.329999999999998,66.88315083966434,-0.3070091771854783,0.1731598337739287,15.11412232074529,14.360137941199588,1.500529415102235,0.3695652173913043,190.9557758525976,18.26839859116542,0,22.7098141091692,33.638509613640004,0.1043882101829972,20.334995367401817,0.0,18.26839859116542,1.3503790066547343,18.26839859116542,35.29590215052824,-0.1223419686033768,0.0,5,470,209.48961654774928,9.847696122925672,0.217391304347826,214.7006293402679,0,4.349854316825527e+23,0.0,4,0.5108695652173914,0,1008.6720000000004,20.261647423631587,0.5902579206360101,66.88315083966434,201.7302401368132,59.6698247072404,10.015703976825913,43.089793715718365,2.4984747137174343,21.82897221244218,2.340570250365924,1212.767999999999,14.360137941199588,342.1664894080728,4669.898599257349,13,216.2407562178481,43.31992375517423,0.0,62.72950101677048,20.261647423631587,10.07576729465539,0.0,59.6698247072404,151.65917671154028,66.43733519410782,55.54934201812557,13.809258098827849,35.29590215052824,43.31992375517423,1114.9919999999988,0.3070091771854783,398.1130000000014,62.47612660530871,0.0,0.367816091954023,13,0.0,24.32668000000005,0.0,28.81876641152652,33.638509613640004,5,42.63853135751356,0.0,0.0,13.293915741278656,0.1043882101829972,0,11.33111286753076,0.0,0.0,0.0,5.261891554738487,0.0,0.0,0.0,0.0,0.0,547.22529328463,5.261891554738487,1211.7743981039998,9,0,4,0,0,0,0,0,0,0,0,0,0,0,0,0,0,0,0,4,0,0,0,0,0,0,0,0,0,0,0,0.0,92,0,0,0,0,0,0,0,0,0,0,0,0,9,0,0,0,0,0,0,0,0,0,0,0,0,0,0,0,0,0,12,0,0,0,0,0,0,0,0,1,0,0,0,0,0,0,0,0,0,0,0,0,0,0,0,0,0,0,0,0,0,0,0,0,24.32668000000005,456
5,5.261891554738487,0.0,6,0,1,137.46618069422834,5.563451491696996,11.63267280448927,48.44,-2.296806912823921,0.0,109.02924932081054,0.0,0.0,0.0,0.0,0.0,0.0,6.176182147277997,0.0,0.5381981187536744,-2.1842046718216226,12.845254759336653,12.095890410958903,-10.090000000000003,137.46618069422834,-0.3058594133090264,0.1696202391531248,15.16691090902924,12.67933154203679,4.245819756736706,0.3287671232876712,60.6636706846161,22.835498238956774,0,24.07347543539914,24.85121145589592,0.1045547544712908,14.95978283361116,0.0,22.835498238956774,1.3134495470613676,22.835498238956774,19.078378955088443,0.5381981187536744,0.0,6,338,0.0,10.007517640802853,0.1917808219178082,181.9910120538483,0,3.721700776730732e+17,0.0,5,0.4931506849315068,10,736.2800000000002,15.50104411098724,0.9923893564812942,83.60393854958042,248.21813423016133,39.277292340584765,12.240058578987153,53.86224214464796,2.512744894439938,15.086375644891165,2.35781442357046,929.0989999999998,12.67933154203679,271.55940229021337,4541.848244586839,16,5.563451491696996,0.0,0.0,90.4334236740559,15.50104411098724,5.2408842258207935,0.0,39.277292340584765,242.65468273846432,47.88923637352679,0.0,8.140616829972915,19.078378955088443,0.0,888.7789999999994,0.3058594133090264,302.85200000000054,39.72417482243441,0.0,0.0,16,0.0,17.04377999999998,0.0,34.506152686210086,24.85121145589592,6,36.28032088092769,0.0,0.0,12.845254759336653,0.1045547544712908,0,11.33111286753076,0.0,0.0,0.0,5.261891554738487,0.0,0.0,0.0,0.0,0.0,417.3867008010824,5.261891554738487,928.33144528,11,0,5,0,0,0,0,0,0,0,0,0,0,0,0,0,0,0,0,5,0,0,0,0,0,0,0,0,0,0,0,0.0,73,0,0,0,0,0,0,0,0,0,0,0,0,11,0,0,0,0,0,0,0,0,0,0,0,0,0,0,0,0,0,15,0,0,0,0,0,0,0,0,1,0,0,0,0,0,0,0,0,0,0,0,0,0,0,0,0,0,0,0,0,0,0,0,0,17.04377999999998,464
5,5.261891554738487,0.0,6,0,1,137.46618069422834,5.563451491696996,11.63267280448927,48.44,-2.30356560113475,0.0,109.02924932081054,0.0,0.0,0.0,0.0,0.0,0.0,6.187246235631697,66.40696334589956,0.1883988032814421,-2.190975220255944,14.1655950380326,13.743362831858407,-10.090000000000003,126.69373226529876,-0.3058587133046068,0.1693886062114704,15.16929548751885,17.848190484748617,1.53808335696199,0.2743362831858407,231.11176098016992,22.835498238956774,0,25.702712121134603,41.45804748112548,0.1045547545099429,24.957907147789765,0.0,22.835498238956774,1.3274386500094733,22.835498238956774,43.72617084607979,-0.1910511824237335,0.0,6,578,261.8620206846866,9.847696122925669,0.168141592920354,268.3757866753349,0,1.3909632296741193e+35,0.0,5,0.3805309734513274,0,1237.0080000000005,25.086333431865512,0.5902579206360122,83.60393854958042,243.18897846251525,73.50378964868847,13.075303792060646,53.86224214464796,2.546158614005001,25.879088278397667,2.3926114555425064,1490.1789999999978,17.848190484748617,418.60784759631576,6061.6288836153935,16,268.91008239938583,54.14990469396778,0.0,76.16140243723005,25.086333431865512,12.444459208652525,0.0,73.50378964868847,181.9910120538483,81.59167125355759,70.18149337117704,16.979293824918177,43.72617084607979,54.14990469396778,1369.2189999999982,0.3058587133046068,489.852000000002,76.87584503196885,0.0,0.3738317757009345,16,0.0,30.018780000000103,0.0,34.506152686210086,41.45804748112548,6,52.33203803615301,0.0,0.0,14.1655950380326,0.1045547545099429,0,11.33111286753076,0.0,0.0,0.0,5.261891554738487,0.0,0.0,0.0,0.0,0.0,671.9843853769474,5.261891554738487,1488.9574478399998,11,0,5,0,0,0,0,0,0,0,0,0,0,0,0,0,0,0,0,5,0,0,0,0,0,0,0,0,0,0,0,0.0,113,0,0,0,0,0,0,0,0,0,0,0,0,11,0,0,0,0,0,0,0,0,0,0,0,0,0,0,0,0,0,15,0,0,0,0,0,0,0,0,1,0,0,0,0,0,0,0,0,0,0,0,0,0,0,0,0,0,0,0,0,0,0,0,0,30.018780000000103,480
3,10.523783109476971,0.0,5,0,3,66.37432826738828,28.326080030761045,23.26534560897854,70.33,-2.1844959736602263,0.9807690854119424,43.61169972832423,0.0,5.266870275888132,0.0,0.0,0.0,11.635725555670057,6.105264313764456,0.0,0.3553457000083986,-2.106674101227635,10.768963502093012,11.285714285714286,-6.169999999999997,49.17515122002123,-0.2925954400048802,0.2271850353998883,15.14413467186427,6.291073487736941,3.570526581946758,0.7619047619047619,29.82891976554344,14.11817781652992,0,25.826165479608843,13.706152656781256,0.1583189779924671,9.198346383755974,0.0,14.11817781652992,1.6194492512675969,0.0,10.213065822894793,0.3553457000083986,78.86277189000094,5,194,0.0,9.95402927475091,0.4285714285714285,103.1282401638474,1,12668754808.314764,4.9839785209472085,3,1.119047619047619,4,431.8000000000001,8.028849324863314,1.0012747275916567,22.066802870465047,138.52061142108786,22.360423630481936,4.127371504157218,27.10834834955618,2.400082205353596,5.849325816746452,2.266579311453892,535.6100000000001,6.291073487736941,69.80357846886014,2175.270769016984,8,11.126902983393991,0.0,4.9839785209472085,47.28283117152075,8.028849324863314,3.2555635021209723,9.13419929558271,22.360423630481936,127.39370843769387,28.208167055511147,0.0,5.1894111156026295,10.213065822894793,0.0,514.4420000000005,0.2925954400048802,167.78099999999972,23.69504884488949,0.0,0.0,8,0.0,8.686160000000001,0.0,34.9010711646486,13.706152656781256,5,20.79635629553384,0.0,0.0,10.768963502093012,0.1583189779924671,0,22.66222573506152,0.0,0.0,0.0,10.523783109476971,0.0,0.0,0.0,0.0,0.0,240.9022992525262,10.523783109476971,535.1796956720001,5,0,3,0,0,0,0,0,0,0,0,0,0,0,0,0,0,0,0,3,0,0,0,0,0,0,0,0,0,0,0,0.0,42,0,0,0,0,0,0,0,0,0,0,0,0,5,0,0,0,0,0,0,0,0,0,0,0,0,0,0,0,0,0,6,0,0,0,0,0,0,0,0,2,0,0,0,0,0,0,0,0,0,0,0,0,0,0,0,0,0,0,0,0,0,0,0,0,8.686160000000001,490
0,5.261891554738487,17.062158824050687,2,0,3,22.253805966787983,5.563451491696996,6.069221312792274,36.26,-2.331502770506895,1.598299897119342,17.062158824050687,4.736862953800049,2.216469198790627,4.899909730850478,0.0,9.636772684650529,11.49902366656781,5.921569147504238,0.0,0.6629441977408248,-2.157079915228787,10.255086580954185,11.676470588235292,-4.809999999999998,50.81498845740648,-0.452953524235583,0.2790649058904004,16.4849974329518,4.549973043592764,2.91623559777148,1.0,47.52510539416365,0.0,1,10.255086580954185,11.183443763268205,0.1510438450001049,8.273306229712231,0.0,0.0,1.6714823554354052,9.636772684650529,8.132666823783453,0.6629441977408248,72.79640482153933,3,160,0.0,9.907734608237282,0.5588235294117647,84.92913895846256,0,133842615.79992852,0.0,3,1.4705882352941178,4,352.4320000000001,6.094938195947097,0.4767325137166918,16.93822404106412,126.89079286092928,18.3496808652563,6.209804647563036,16.814289258077554,2.5111557866494327,7.380910992483413,2.266798358989703,436.5140000000001,4.549973043592764,59.50006759133563,1429.3328647384365,6,5.563451491696996,0.0,4.736862953800049,43.00609534975606,6.094938195947097,3.298830754613914,0.0,18.3496808652563,121.32734136923226,22.907202147189928,0.0,4.828655566422456,8.132666823783453,0.0,416.3540000000002,0.452953524235583,136.78599999999986,19.84385500789978,0.0,0.0,5,0.0,8.467780000000003,0.0,39.82205094614807,11.183443763268205,3,16.83083113814449,0.0,0.0,10.255086580954185,0.1510438450001049,0,11.33111286753076,0.0,0.0,0.0,5.261891554738487,0.0,11.49902366656781,0.0,0.0,0.0,198.28484948579936,5.261891554738487,436.15756326,5,0,1,0,0,0,1,0,0,0,0,0,0,0,0,0,0,0,0,0,0,0,0,0,0,0,0,0,0,0,0,0.0,34,0,0,0,0,0,0,0,0,0,0,0,0,5,0,0,3,0,0,0,1,0,0,0,0,0,0,0,0,0,0,2,0,0,0,0,0,0,0,0,1,0,0,0,0,0,0,0,0,0,0,0,0,0,0,0,0,0,0,0,0,0,0,0,0,8.467780000000003,455
0,5.261891554738487,17.062158824050687,2,0,3,22.253805966787983,5.563451491696996,0.0,36.26,-2.3523770189094813,1.5899686633912824,17.062158824050687,4.736862953800049,2.2638766061980347,4.899909730850478,0.0,9.636772684650529,11.49902366656781,6.003507042183385,0.0,0.6215609777861761,-2.172721293186482,9.91348164268258,11.676470588235292,-4.809999999999998,50.81498845740648,-0.4529535127226513,0.2790649058904004,16.48500576809957,4.560987882193348,2.9183580595288108,1.0,47.52510539416365,0.0,1,9.91348164268258,11.183443763268205,0.1510445390508096,8.273306229712231,0.0,0.0,1.7497877494448018,9.636772684650529,8.136749866381082,0.6215609777861761,84.92913895846256,3,160,0.0,9.91484973352649,0.5588235294117647,84.92913895846256,0,133940027.62555525,0.0,3,1.4705882352941178,4,355.9840000000001,6.0644455488234925,0.4767784716682539,28.694831628539955,126.89079286092928,18.3496808652563,6.271212600781055,11.126902983393991,2.5431009393795003,7.632328173553372,2.2944301893904586,436.5140000000001,4.560987882193348,47.36733345441241,1429.3328647384365,6,5.563451491696996,0.0,4.736862953800049,42.99579898006035,6.0644455488234925,3.298830754613914,0.0,18.3496808652563,121.32734136923226,22.907202147189928,0.0,4.828655566422456,8.136749866381082,0.0,416.3540000000002,0.4529535127226513,136.78599999999986,19.84385500789978,0.0,0.0,5,0.0,8.467780000000003,0.0,39.82205094614807,11.183443763268205,3,16.830831138144493,0.0,0.0,9.91348164268258,0.1510445390508096,0,11.33111286753076,0.0,0.0,0.0,5.261891554738487,0.0,11.49902366656781,0.0,0.0,0.0,198.28484948579936,5.261891554738487,436.15756326,5,0,1,0,0,0,1,0,0,0,0,0,0,0,0,0,0,0,0,0,0,0,0,0,0,0,0,0,0,0,0,0.0,34,0,0,0,0,0,0,0,0,0,0,0,0,5,0,0,3,0,0,0,1,0,0,0,0,0,0,0,0,0,0,2,0,0,0,0,0,0,0,0,1,0,0,0,0,0,0,0,0,0,0,0,0,0,0,0,0,0,0,0,0,0,0,0,0,8.467780000000003,455
3,0.0,0.0,4,0,2,98.59817200601556,0.0,0.0,35.64,-2.1946817539653267,0.0,87.22339945664844,0.0,10.698345861294715,0.0,0.0,0.0,0.0,6.138934430120189,65.86550569511222,0.0485557619572556,-2.1045193611185264,5.473070160569604,13.3125,-6.519999999999997,54.98647227769135,-0.3092251190853406,0.1284494783139332,14.99009556274601,9.982727146734396,3.752359721383616,0.609375,139.61535523176724,19.10215633747713,0,9.662980202787978,22.985638412821213,0.09726730339499,13.499849863994458,0.0,19.10215633747713,1.06301369015267,9.13419929558271,22.49960805119223,0.0485557619572556,0.0,4,318,104.7448082738746,9.847696122925653,0.296875,131.61578294398038,0,196611042602847.7,9.967957041894415,2,0.90625,0,681.6000000000001,13.882479893373304,0.5902579206360108,44.133605740930086,155.71388147294346,39.4905603041716,4.877981167049245,43.6921178361559,2.409713288612584,16.370059014015954,2.234628538776076,835.1519999999998,9.982727146734396,225.67912119802563,3365.718613624018,11,105.33865236307544,21.65996187758712,9.967957041894415,50.50216826881644,13.882479893373304,6.3149972931213645,0.0,39.4905603041716,133.46007550615548,44.826969209028135,27.55513215270232,8.493857142071722,22.49960805119223,21.65996187758712,776.6879999999996,0.3092251190853406,275.5339999999997,40.26762242315359,0.0,0.2666666666666666,11,0.0,16.473599999999962,0.0,11.374772549367124,22.985638412821213,4,30.21864583322286,0.0,0.0,5.473070160569604,0.09726730339499,0,0.0,0.0,0.0,0.0,0.0,0.0,0.0,0.0,0.0,0.0,376.1155413929644,0.0,834.466147856,8,0,3,0,0,0,0,0,0,0,0,0,0,0,0,0,0,0,0,4,0,0,0,0,0,0,0,0,0,0,0,0.0,64,0,0,0,0,0,0,0,0,0,0,0,0,8,0,0,0,0,0,0,0,0,0,0,0,0,0,0,0,0,0,12,0,0,0,0,0,0,0,0,0,0,0,0,0,0,0,0,0,0,0,0,0,0,0,0,0,0,0,0,0,0,0,0,0,16.473599999999962,509
1,0.0,34.124317648101375,4,0,6,43.61169972832423,0.0,0.0,50.72,-2.3252323583380123,3.330438466785237,77.73601737642561,9.473725907600098,14.965764100042373,9.799819461700956,0.0,19.27354536930105,22.99804733313562,6.118115779656441,0.0,0.8326096166963092,-2.1511651922327304,6.255117295077861,13.04,-6.919999999999997,100.7340647095612,-0.4529535242572743,0.138130359855883,16.487973809666435,7.479372505833607,3.173547910302436,0.74,95.70158738739217,9.967957041894415,2,4.310942134888398,16.65940058365711,0.1510438422609013,10.288300136604017,0.0,9.967957041894415,1.0557376188387386,19.27354536930105,12.646917982092903,0.8326096166963092,72.79640482153933,6,234,0.0,10.034384585701089,0.36,72.79640482153933,0,1054392617503.2416,9.967957041894415,2,1.14,8,498.5120000000001,9.752675476916291,0.4765138454364875,44.81634796919929,157.72554378000189,26.61645796185784,12.51023459015572,22.14722097829672,2.517389795122352,9.650609957405898,2.2683245527449984,642.7180000000002,7.479372505833607,94.72895842016352,2584.501779840589,11,0.0,0.0,19.44168294949452,54.23201075072237,9.752675476916291,3.960663509939812,0.0,26.61645796185784,157.72554378000189,32.76020881938893,0.0,5.571074285805952,12.646917982092903,0.0,616.5100000000002,0.4529535242572743,201.5699999999996,27.07480444697089,0.0,0.0,9,0.0,12.24039999999998,0.0,22.99804733313562,16.65940058365711,6,24.764285466321493,0.0,0.0,6.255117295077861,0.1510438422609013,0,0.0,0.0,0.0,0.0,0.0,0.0,22.99804733313562,0.0,0.0,0.0,286.5608295249489,0.0,642.2055760720001,8,0,3,0,0,0,2,0,0,0,0,0,0,0,0,0,0,0,0,2,0,0,0,0,0,0,0,0,0,0,0,0.0,50,0,0,0,0,0,0,0,0,0,0,0,0,8,0,0,6,0,0,0,2,0,0,0,0,0,0,0,0,0,0,10,0,0,0,0,0,0,0,0,0,0,0,0,0,0,0,0,0,0,0,0,0,0,0,0,0,0,0,0,0,0,0,0,0,12.24039999999998,595
1,0.0,34.124317648101375,4,0,8,43.61169972832423,0.0,22.99804733313562,69.18,-2.2604279473425604,3.20283639561808,77.73601737642561,18.9474518152002,14.910772895302037,38.23900962681109,28.439190165110134,28.747271276901152,0.0,6.115891977057989,0.0,0.80070909890452,-2.0961516879528825,5.455864789091054,11.214285714285714,-7.319999999999998,100.7340647095612,-0.4967658832525265,0.1015928766683498,16.472213664528546,7.333364035601421,3.263305747164925,0.625,144.23252393508506,9.967957041894415,0,4.188320243007015,18.268461488937724,0.1185109345834528,14.48892761635178,0.0,38.40714720700455,1.147595836201029,28.747271276901152,13.363996242558636,0.80070909890452,48.53093654769288,8,274,0.0,10.03912682040847,0.3214285714285714,24.26546827384644,0,9616662334895.217,9.967957041894415,10,0.9285714285714286,0,577.9280000000001,10.210697466005149,0.4143824227827747,50.50599303557517,157.72554378000189,31.43295454278556,21.823459156364216,44.89676607703097,2.405928626269885,9.45458580390643,2.1748355144154057,734.8560000000002,7.333364035601421,118.99442669401,2554.92391857588,9,0.0,0.0,28.91540885709461,53.70754399277244,10.210697466005149,6.265986439047194,0.0,31.43295454278556,157.72554378000189,38.174422381762014,0.0,8.912747348243293,13.363996242558636,0.0,696.552,0.4967658832525265,227.6299999999995,34.44794982192741,0.0,0.0833333333333333,9,6.712481513029796,12.06339999999998,0.0,22.99804733313562,18.268461488937724,8,27.525365581445254,0.0,0.0,5.455864789091054,0.1185109345834528,0,0.0,0.0,0.0,0.0,0.0,0.0,22.99804733313562,0.0,0.0,0.0,324.2593507486075,0.0,734.2893056960003,8,0,1,0,0,0,0,0,0,0,0,0,0,0,0,0,0,0,0,2,0,0,0,0,0,0,0,0,0,0,0,0.0,56,0,0,0,0,0,0,0,0,0,0,0,0,8,0,0,6,0,0,0,4,0,0,0,0,0,0,0,0,0,0,6,0,0,0,0,0,4,0,0,0,0,0,0,0,0,0,0,0,0,0,0,0,0,0,0,0,0,0,0,0,0,0,0,0,12.06339999999998,592
0,10.523783109476971,34.124317648101375,4,0,4,0.0,11.126902983393991,12.138442625584547,54.06,-2.452603396111667,0.0,34.124317648101375,0.0,4.552022864701436,9.799819461700956,0.0,9.799819461700956,0.0,5.974111328461943,22.253805966787983,0.2193938597911366,-2.3281130671490406,10.198131925660784,15.38095238095238,-5.319999999999998,34.124317648101375,-0.3077257794689634,0.2227906172805442,15.227783182166034,6.977354950412996,3.01481162168883,0.6904761904761905,58.65200837755764,0.0,2,20.39626385132157,14.25295599713759,0.1005921080106834,9.097508087442405,0.0,0.0,1.6064384733054389,9.799819461700956,12.099529650611798,-0.2193938597911371,12.13273413692322,4,202,38.52492973755606,9.727721584109018,0.4285714285714285,100.49135362030182,0,4394678841.689321,0.0,2,0.9523809523809524,4,443.1920000000001,9.110612760606704,0.630033380013219,45.25122063149536,142.57531618249098,24.1811592274131,0.0,10.82998093879356,2.573962922546792,11.063660708863182,2.404849213430288,542.6860000000001,6.977354950412996,146.69508398143384,1742.790076728651,7,61.07565774894447,10.82998093879356,0.0,42.4260883492643,9.110612760606704,3.45666458734278,0.0,24.1811592274131,109.19460723230902,29.225039392385707,9.061964225849508,5.552689090014147,12.099529650611798,10.82998093879356,512.4460000000004,0.3077257794689634,169.49399999999957,25.634815549381685,0.0,0.1578947368421052,5,0.0,9.648159999999995,0.0,12.138442625584547,14.25295599713759,4,20.28439016724642,0.0,0.0,10.198131925660784,0.1005921080106834,0,22.66222573506152,0.0,0.0,0.0,10.523783109476971,0.0,0.0,0.0,0.0,0.0,246.8724812552117,10.523783109476971,542.2470469600001,5,0,2,0,0,0,2,0,0,0,0,0,0,0,0,0,0,0,0,0,0,0,0,0,0,0,0,0,0,0,0,0.0,42,0,0,0,0,0,0,0,0,0,0,0,0,5,0,0,6,0,0,0,0,0,0,0,0,0,0,0,0,0,0,4,0,0,0,0,0,0,0,0,2,0,0,0,0,0,0,0,0,0,0,0,0,0,0,0,0,0,0,0,0,0,0,0,0,9.648159999999995,557
0,10.523783109476971,34.124317648101375,4,0,6,0.0,34.12495031652961,12.138442625584547,72.52000000000001,-2.3813051438163004,2.7881301965230545,34.124317648101375,9.473725907600098,4.178936130007559,9.799819461700956,12.13273413692322,19.27354536930105,22.99804733313562,5.977123678962947,0.0,0.2940127918451332,-2.214997372712106,10.001738445403667,12.473684210526317,-5.719999999999999,34.124317648101375,-0.4529535036146077,0.2416124699759728,16.488065476089073,5.048358655880064,2.9772295253410674,0.7105263157894737,60.6636706846161,0.0,2,20.00347689080733,12.069452578065317,0.1510450837605114,8.443828421145357,0.0,0.0,1.5764706164623337,19.27354536930105,8.855956337909001,0.2940127918451332,97.0618730953858,6,178,0.0,10.013212220448109,0.4210526315789473,48.53093654769288,0,1063399696.5104616,0.0,2,1.0,8,388.3760000000001,6.701890200788447,0.4756342911677443,45.25122063149536,120.32151021570304,19.997655808340827,12.471729371551705,0.0,2.566778688635801,5.369526486520535,2.327389075449488,490.5220000000002,5.048358655880064,21.9382620872855,1607.773403957572,7,11.126902983393991,0.0,9.473725907600098,39.18820092458982,6.701890200788447,3.185040175310446,0.0,19.997655808340827,109.19460723230902,25.639252954758803,0.0,4.789376289678967,8.855956337909001,0.0,472.3780000000003,0.4529535036146077,145.38599999999974,21.553765653508385,0.0,0.0,5,0.0,8.580960000000001,0.0,35.13648995872017,12.069452578065317,6,18.762682790722625,0.0,0.0,10.001738445403667,0.1510450837605114,0,22.66222573506152,0.0,0.0,0.0,10.523783109476971,0.0,22.99804733313562,0.0,0.0,0.0,218.9099190278457,10.523783109476971,490.142975816,5,0,2,0,0,0,2,0,0,0,0,0,0,0,0,0,0,0,0,0,0,0,0,0,0,0,0,0,0,0,0,0.0,38,0,0,0,0,0,0,0,0,0,0,0,0,5,0,0,6,0,0,0,2,0,0,0,0,0,0,0,0,0,0,4,0,0,0,0,0,0,0,0,2,0,0,0,0,0,0,0,0,0,0,0,0,0,0,0,0,0,0,0,0,0,0,0,0,8.580960000000001,612
0,10.523783109476971,34.124317648101375,4,0,6,0.0,11.126902983393991,12.138442625584547,54.06,-2.3844686551972867,0.0,57.6480875468836,0.0,8.992398064163938,9.799819461700956,23.52376989878223,9.799819461700956,0.0,7.996336293799904,0.0,0.3540680639539768,-2.2098983635449185,10.03898124375758,12.894736842105264,-4.619999999999998,53.70625155017247,-0.3060616119557807,0.2254538316238986,32.16780613101195,5.048358655880064,2.9772295253410674,0.7105263157894737,60.6636706846161,0.0,2,20.07796248751516,12.069452578065317,0.1005921080479499,9.042787730995068,0.0,0.0,1.5764706164623337,9.799819461700956,8.855956337909001,0.3540680639539768,60.6636706846161,6,178,19.5819339020711,10.0238024775149,0.4210526315789473,72.05470644647512,0,1063399696.5104616,0.0,2,1.0,4,404.5760000000001,6.701890200788447,1.1232662969328884,45.25122063149536,120.32151021570304,21.63064897019628,0.0,19.5819339020711,2.571488338806381,6.560470364071556,2.3182032529224665,522.6580000000002,7.16423130475936,70.46919863497838,1607.773403957572,7,11.126902983393991,0.0,0.0,41.55353134433041,8.962426958456298,3.468375987826265,0.0,19.997655808340827,128.77654113438015,25.639252954758803,0.0,5.370408695382538,11.023510250882648,0.0,504.5140000000003,0.3060616119557807,153.48399999999972,22.56776742917972,0.0,0.0,5,0.0,9.298759999999996,23.52376989878223,12.138442625584547,13.702445739920767,4,18.762682790722625,0.0,0.0,10.03898124375758,0.1005921080479499,0,22.66222573506152,0.0,0.0,0.0,10.523783109476971,0.0,0.0,0.0,0.0,0.0,228.92904861956248,10.523783109476971,522.0972885760001,5,0,2,0,0,0,2,0,0,0,0,0,0,0,0,0,0,0,0,0,0,0,0,0,0,0,0,0,0,0,0,3.482304406585611,38,0,0,0,0,0,0,0,0,0,0,0,0,5,0,0,6,0,0,0,0,0,0,0,0,0,0,0,0,0,0,4,0,0,0,0,0,0,0,0,2,0,0,0,0,0,0,0,0,0,0,0,0,0,0,0,0,0,0,0,0,0,0,0,0,9.298759999999996,605
1,0.0,17.062158824050687,4,0,4,56.41737393587875,17.47321349399978,0.0,41.91,-2.451736715883377,1.9436497827815404,17.062158824050687,0.0,17.354920475252946,4.899909730850478,0.0,4.899909730850478,17.47321349399978,5.986421767572514,50.31893299124609,0.5525405737232449,-2.3611940175170325,5.010286016427912,13.107142857142858,-7.429999999999996,27.941192241471544,-0.309832378888499,0.1779717866080678,15.15886539196421,8.9985927153769,3.582077656008538,0.7142857142857143,68.77308020742241,14.951935562841626,2,0.0,19.04194693578977,0.1635947655234289,12.859393287859437,0.0,14.951935562841626,1.112547327428952,4.899909730850478,14.34460661329846,-0.5525405737232449,60.6636706846161,4,262,5.41499046939678,9.63064824639338,0.3035714285714285,181.9910120538483,0,25592647748046.95,14.951935562841626,5,1.2857142857142858,3,576.5520000000001,11.32650221724056,0.7541539162307633,16.789763018763903,228.51028629448268,30.41876353444712,0.0,22.37774074977455,2.644192743190028,15.810851418638611,2.522305783503387,714.8720000000002,8.9985927153769,150.49271937392916,2799.5819767728503,11,22.253805966787983,5.41499046939678,14.951935562841626,73.47391165666022,11.32650221724056,4.825272349706844,0.0,30.41876353444712,206.2564803276947,37.05525574931549,0.0,7.357265186490066,14.34460661329846,0.0,680.5999999999999,0.309832378888499,227.11599999999945,32.03936929376129,0.0,0.0192307692307692,9,0.0,12.685899999999975,0.0,56.41737393587875,19.04194693578977,4,27.78599284284529,5.41499046939678,0.0,5.010286016427912,0.1635947655234289,0,0.0,0.0,0.0,0.0,0.0,0.0,0.0,0.0,0.0,0.0,325.66021418839,0.0,714.2783470880001,8,0,2,0,0,0,1,1,1,0,0,0,0,0,0,0,0,0,0,3,0,0,0,0,0,0,0,0,0,0,0,0.0,56,0,0,0,0,0,0,0,0,0,0,0,0,8,0,0,3,0,0,0,0,0,0,0,0,0,0,0,0,0,0,9,0,0,0,0,0,0,0,0,0,0,0,0,0,0,0,0,0,0,0,0,0,0,0,0,0,0,0,0,0,0,0,0,0,12.685899999999975,493
1,0.0,17.062158824050687,4,0,4,56.41737393587875,17.47321349399978,0.0,41.91,-2.451785077734237,1.9291622609364936,17.062158824050687,0.0,17.560081105933598,4.899909730850478,0.0,4.899909730850478,17.47321349399978,5.987775903298108,50.31893299124609,0.5782574348480491,-2.361223484368477,5.091311769093588,13.107142857142858,-7.429999999999996,27.941192241471544,-0.309832378888499,0.1779717866080678,15.158876220008718,9.025554811311531,3.5815496492359853,0.75,74.83944727588403,14.951935562841626,2,0.0,19.04194693578977,0.1636161246161332,12.859393287859437,0.0,14.951935562841626,1.1593506876222792,4.899909730850478,14.348060936992407,-0.5782574348480491,60.6636706846161,4,262,5.41499046939678,9.630505813515716,0.3214285714285714,175.9246449853867,0,25429036434013.773,14.951935562841626,5,1.375,3,574.9120000000001,11.3041731178713,0.754154780644682,16.789763018763903,228.51028629448268,30.41876353444712,0.0,22.37774074977455,2.644562705885296,15.63606806571955,2.522545321812388,714.8720000000002,9.025554811311531,150.49271937392916,2816.8319767728503,11,22.253805966787983,5.41499046939678,14.951935562841626,73.45802190074372,11.3041731178713,4.825272349706844,0.0,30.41876353444712,206.2564803276947,37.05525574931549,0.0,7.357265186490066,14.348060936992407,0.0,680.5999999999999,0.309832378888499,227.11599999999945,32.03936929376129,0.0,0.0192307692307692,9,0.0,12.685899999999975,0.0,56.41737393587875,19.04194693578977,4,27.78599284284529,5.41499046939678,0.0,5.091311769093588,0.1636161246161332,0,0.0,0.0,0.0,0.0,0.0,0.0,0.0,0.0,0.0,0.0,325.66021418839,0.0,714.2783470880001,8,0,2,0,0,0,1,1,1,0,0,0,0,0,0,0,0,0,0,3,0,0,0,0,0,0,0,0,0,0,0,0.0,56,0,0,0,0,0,0,0,0,0,0,0,0,8,0,0,3,0,0,0,0,0,0,0,0,0,0,0,0,0,0,9,0,0,0,0,0,0,0,0,0,0,0,0,0,0,0,0,0,0,0,0,0,0,0,0,0,0,0,0,0,0,0,0,0,12.685899999999975,495
1,0.0,17.062158824050687,4,0,4,45.29047095248476,17.47321349399978,0.0,41.91,-2.45034203477966,1.953534533999833,17.062158824050687,0.0,17.94791688554967,4.899909730850478,0.0,4.899909730850478,17.47321349399978,5.981557880411425,33.380708950181976,0.6315104166666676,-2.36218107055124,5.25955193729364,13.32,-6.649999999999997,33.752513299141675,-0.3098323787641826,0.1923485865240705,15.15930176026178,8.136863634134329,3.4985582191801057,0.78,57.64617722402841,14.951935562841626,2,0.0,16.97057973074386,0.1639522737362523,11.215862597867371,0.0,14.951935562841626,1.3223363475306658,4.899909730850478,12.76725634410883,-0.6315104166666676,36.39820241076966,4,234,5.41499046939678,9.633758711261798,0.34,157.72554378000189,0,1071835035369.615,14.951935562841626,4,1.38,3,512.3440000000002,10.11330175781815,0.7528370266987644,16.789763018763903,204.24481802063627,27.10936245768861,0.0,22.37774074977455,2.64278899341509,13.011166678636414,2.52553480308832,638.7740000000002,8.136863634134329,150.49271937392916,2439.9715364875938,10,22.253805966787983,5.41499046939678,14.951935562841626,64.33738190181407,10.11330175781815,4.08668200978862,0.0,27.10936245768861,181.9910120538483,33.07212808619006,0.0,6.36392767072745,12.76725634410883,0.0,608.5340000000001,0.3098323787641826,201.6799999999995,28.370210562036988,0.0,0.0217391304347826,8,0.0,11.018899999999988,0.0,45.29047095248476,16.97057973074386,4,24.819666347656508,5.41499046939678,0.0,5.25955193729364,0.1639522737362523,0,0.0,0.0,0.0,0.0,0.0,0.0,0.0,0.0,0.0,0.0,290.60311998232606,0.0,638.2470469600001,7,0,2,0,0,0,1,1,1,0,0,0,0,0,0,0,0,0,0,3,0,0,0,0,0,0,0,0,0,0,0,0.0,50,0,0,0,0,0,0,0,0,0,0,0,0,7,0,0,3,0,0,0,0,0,0,0,0,0,0,0,0,0,0,9,0,0,0,0,0,0,0,0,0,0,0,0,0,0,0,0,0,0,0,0,0,0,0,0,0,0,0,0,0,0,0,0,0,11.018899999999988,504
1,0.0,17.062158824050687,4,0,4,34.16356796909077,17.47321349399978,0.0,41.91,-2.465731449982092,1.9023076821479807,17.062158824050687,0.0,17.833977392703247,4.899909730850478,0.0,4.899909730850478,17.47321349399978,5.903979110997774,16.690354475090988,0.6287624588147676,-2.3781132550207325,5.221527245935615,12.92,-6.649999999999997,39.31596479083867,-0.3098323909526039,0.1813512536978896,15.15868330892499,7.4805308174334675,3.2092812796574144,0.74,46.51927424063442,14.951935562841626,1,0.0,16.887246397410525,0.1639299591256476,12.421852260704394,0.0,14.951935562841626,1.3814016515188985,4.899909730850478,12.405148055640431,-0.7055844907407418,36.39820241076966,4,236,5.41499046939678,9.611092704147984,0.34,169.8582779169251,0,785439808474.3584,14.951935562841626,6,1.28,3,515.0480000000001,9.590474069770249,0.7315763304421288,16.789763018763903,216.37755215755948,27.264062996067864,0.0,22.37774074977455,2.5830024145187904,10.120587187580734,2.47216306626516,640.7900000000003,7.4805308174334675,162.62545351085237,2322.308533368596,9,22.253805966787983,5.41499046939678,14.951935562841626,68.0597944042347,9.590474069770249,4.806468135211503,0.0,27.264062996067864,194.1237461907715,33.3316411101839,0.0,7.325400784058486,12.405148055640431,0.0,608.5340000000001,0.3098323909526039,202.6859999999995,29.48594392493238,0.0,0.0217391304347826,8,0.0,11.038499999999988,0.0,34.16356796909077,16.887246397410525,4,24.81966634765651,5.41499046939678,0.0,5.221527245935615,0.1639299591256476,0,0.0,0.0,0.0,0.0,0.0,0.0,0.0,0.0,0.0,0.0,291.60895113585536,0.0,640.2626970240001,7,0,2,0,0,0,1,0,0,0,0,0,0,0,0,0,0,0,0,3,0,0,0,0,0,0,0,0,0,0,0,0.0,50,0,0,0,0,0,0,0,0,0,0,0,0,7,0,0,3,0,0,0,0,0,0,0,0,0,0,0,0,0,0,2,0,0,0,0,0,0,0,0,0,0,0,0,0,0,0,0,0,0,0,0,0,0,0,0,0,0,0,0,0,0,0,0,0,11.038499999999988,501
1,0.0,17.062158824050687,4,0,4,56.41737393587875,17.47321349399978,0.0,41.91,-2.446302566959414,1.9496400430732663,17.062158824050687,0.0,17.300490295262655,4.899909730850478,0.0,4.899909730850478,17.47321349399978,5.997575782922834,50.31893299124609,0.5070423434649141,-2.356865076854666,4.990884910266756,13.107142857142858,-7.429999999999996,27.941192241471544,-0.3098323849645146,0.1779717866080678,15.158770332437356,8.987196769881228,3.581510164297911,0.7142857142857143,68.77308020742241,14.951935562841626,2,0.0,19.04194693578977,0.163594765534568,12.859393287859437,0.0,14.951935562841626,1.084365842877258,4.899909730850478,14.344606613298458,-0.5070423434649141,60.6636706846161,4,262,5.41499046939678,9.643047973111251,0.3035714285714285,181.9910120538483,0,25597792991404.37,14.951935562841626,5,1.2857142857142858,3,574.5040000000001,11.334675234853336,0.7525497070733257,16.789763018763903,228.51028629448268,30.41876353444712,0.0,22.37774074977455,2.639663070244828,15.891680747311463,2.516254001932136,714.8720000000002,8.987196769881228,150.49271937392916,2799.5819767728503,11,22.253805966787983,5.41499046939678,14.951935562841626,73.44152224768594,11.334675234853336,4.825272349706844,0.0,30.41876353444712,206.2564803276947,37.0552557493155,0.0,7.357265186490066,14.344606613298458,0.0,680.5999999999999,0.3098323849645146,227.11599999999945,32.03936929376129,0.0,0.0192307692307692,9,0.0,12.685899999999975,0.0,56.41737393587875,19.04194693578977,4,27.78599284284529,5.41499046939678,0.0,4.990884910266756,0.163594765534568,0,0.0,0.0,0.0,0.0,0.0,0.0,0.0,0.0,0.0,0.0,325.66021418839,0.0,714.278347088,8,0,2,0,0,0,1,1,1,0,0,0,0,0,0,0,0,0,0,3,0,0,0,0,0,0,0,0,0,0,0,0.0,56,0,0,0,0,0,0,0,0,0,0,0,0,8,0,0,3,0,0,0,0,0,0,0,0,0,0,0,0,0,0,9,0,0,0,0,0,0,0,0,0,0,0,0,0,0,0,0,0,0,0,0,0,0,0,0,0,0,0,0,0,0,0,0,0,12.685899999999975,488
2,0.0,17.062158824050687,5,0,5,72.78370709133043,17.47321349399978,0.0,56.07000000000001,-2.3241620815184705,3.5886220306760057,38.8680086882128,4.736862953800049,17.298034954841903,4.899909730850478,0.0,9.636772684650529,28.972237160567587,6.142486025429286,32.93275284755611,0.0227361860047778,-2.1519414107021912,6.354274496817239,12.553846153846154,-7.8299999999999965,62.06582622378704,-0.4529535242785993,0.1668727142856625,16.485044362428663,9.00577518757344,3.666086962763902,0.8615384615384616,100.3167402354239,19.519035210632985,1,2.4710731356904634,22.35306642707244,0.1635947655904742,15.457051145426773,0.0,19.519035210632985,1.0938075408318455,14.203872332441884,18.99226355022291,-0.0993185134667962,84.92913895846256,6,316,52.372404136937305,9.830715752688162,0.4,156.80339749891442,0,816962593432435.1,14.951935562841626,6,1.4,4,683.7280000000002,12.545034357131632,0.4767266403987368,22.40817398459965,199.18428210570391,37.54217461284205,8.814620740380473,44.4010269450847,2.5042910096500943,14.047974731277344,2.2716676612277777,844.0749999999999,9.00577518757344,154.13767274063298,3293.322815206064,11,52.66932618153773,10.82998093879356,19.688798516641675,66.33148571084202,12.545034357131632,7.212583747193053,0.0,37.54217461284205,188.0573791223099,44.4504432637009,13.781522029625126,9.506915431652727,18.99226355022291,10.82998093879356,794.6829999999997,0.4529535242785993,268.06699999999955,39.978486015442726,0.0,0.135593220338983,10,0.0,15.807199999999966,0.0,62.47688089373613,22.35306642707244,6,31.47462889736657,0.0,0.0,6.354274496817239,0.1635947655904742,0,0.0,0.0,0.0,0.0,0.0,0.0,11.49902366656781,0.0,0.0,0.0,380.0595521372184,0.0,843.3937111880001,8,0,3,0,0,0,1,0,0,0,0,0,0,0,0,0,0,0,0,4,0,0,0,0,0,0,0,0,0,0,0,0.0,65,0,0,0,0,0,0,0,0,0,0,0,0,8,0,0,3,0,0,0,1,0,0,0,0,0,0,0,0,0,0,5,0,0,0,0,0,0,0,0,0,0,0,0,0,0,0,0,0,0,0,0,0,0,0,0,0,0,0,0,0,0,0,0,0,15.807199999999966,525
2,0.0,17.062158824050687,5,0,6,72.78370709133043,17.47321349399978,5.687386274683562,65.3,-2.3768137794321573,4.938078716446691,38.8680086882128,9.473725907600098,17.29791925576597,4.899909730850478,0.0,14.373635638450576,40.4712608271354,6.144720113522941,21.899351412323583,0.0549549057857965,-2.2007708109359148,6.8216856727185,12.909090909090908,-8.029999999999998,84.59825132558737,-0.4527200842859296,0.1717697272834804,16.499861100200665,9.409720299297293,3.671270193492392,0.8787878787878788,76.05127196157743,19.519035210632985,2,2.3792376434076408,22.59464805086964,0.1635947655904742,14.75735019030089,0.0,19.519035210632985,1.087446099456789,14.040825555391454,19.36857687232544,-0.1315372332478139,84.92913895846256,7,320,52.372404136937305,9.830705917405504,0.4090909090909091,156.80339749891442,0,1590555628198876.5,14.951935562841626,5,1.4090909090909092,4,687.4480000000002,12.905387211561674,0.4453768285285434,28.09556025928321,187.0515479687807,37.79572236492666,16.052004626037274,45.1589885326408,2.6016211487353367,13.317559382254595,2.355854774581908,858.0579999999999,9.409720299297293,142.00493860370975,3417.6388311816427,12,52.66932618153773,10.82998093879356,24.425661470441725,61.46173572919541,12.905387211561674,6.527049295739072,4.899909730850478,37.79572236492666,175.9246449853867,44.89803702089359,13.720131313559085,8.843816746094316,19.36857687232544,10.82998093879356,810.6819999999997,0.4527200842859296,268.1409999999996,39.552622775452605,0.0,0.135593220338983,10,0.0,15.912899999999969,0.0,73.97590456030395,22.59464805086964,7,31.95779214496096,0.0,0.0,6.8216856727185,0.1635947655904742,0,0.0,0.0,0.0,0.0,0.0,0.0,22.99804733313562,0.0,0.0,0.0,384.16726621319606,0.0,857.372975744,8,0,4,0,0,0,2,0,0,0,0,0,0,0,0,0,0,0,0,4,0,0,0,0,0,0,0,0,0,0,0,0.0,66,0,0,0,0,0,0,0,0,0,0,0,0,8,0,0,3,0,0,0,2,0,0,0,0,0,0,0,0,0,0,7,0,0,0,0,0,0,0,0,0,0,0,0,0,0,0,0,0,0,0,0,0,0,0,0,0,0,0,0,0,0,0,0,0,15.912899999999969,524
1,4.794537184071822,17.062158824050687,2,1,2,38.62013912223967,11.126902983393991,0.0,25.24,-2.2515135749294646,0.0284169110670919,44.65125363457774,4.794537184071822,15.311381983312364,4.899909730850478,0.0,4.899909730850478,5.783244946364939,6.110053053970624,10.772448428929591,0.0284169110670919,-2.0892895099861835,13.034309455354643,11.130434782608695,-6.189999999999997,44.90984951736076,-0.3105059437185671,0.1725583490467142,16.138303878219823,6.353011475685822,3.467027053147757,0.9130434782608696,89.98967487339495,4.567099647791355,0,2.385695945753597,15.485934290294736,0.1925222380014392,11.718010471621064,0.0,10.350344594156294,1.1631808435504167,9.467009378641832,11.379893614790712,0.0284169110670919,66.73003775307771,3,218,0.0,10.016738023174929,0.4130434782608695,103.1282401638474,0,90229914921.87172,0.0,7,1.565217391304348,3,479.4560000000001,8.583872772936873,0.1034014782953116,11.033401435232523,193.11791503724228,25.12318355715256,2.2836460322318906,44.64889651105784,2.375132532623472,10.323887046979603,2.156785621668556,590.7260000000003,6.353011475685822,124.72798367941247,2249.033945110261,8,15.921440167465814,0.0,0.0,62.33363874732212,8.583872772936873,4.942622448909008,4.794537184071822,25.12318355715256,181.9910120538483,30.8734574734408,0.0,6.9710505323644725,11.379893614790712,5.783244946364939,560.4860000000003,0.3105059437185671,190.7744999999996,27.365423957024728,0.0,0.0,8,0.0,11.151499999999986,0.0,16.814289258077554,15.485934290294736,3,22.74231607846689,0.0,0.0,13.034309455354643,0.1925222380014392,0,0.0,0.0,0.0,0.0,0.0,0.0,0.0,0.0,0.0,0.0,267.78563300554083,0.0,590.2358135800001,7,0,1,0,0,0,0,0,0,0,0,0,0,0,0,0,0,0,0,1,0,0,1,0,0,0,0,0,0,0,0,0.0,46,0,0,0,0,0,0,0,0,0,0,0,0,7,0,0,3,0,0,0,0,0,0,0,0,0,0,0,0,0,1,3,0,0,0,0,0,0,0,0,0,0,0,0,0,0,0,0,0,0,0,0,0,0,0,0,0,0,0,0,0,0,0,0,0,11.151499999999986,487
1,4.794537184071822,17.062158824050687,2,1,2,38.62013912223967,11.126902983393991,0.0,25.24,-2.251565456674204,0.0261107384865642,44.65125363457774,4.794537184071822,15.362659839927812,4.899909730850478,0.0,4.899909730850478,5.783244946364939,6.108297193505898,10.772448428929591,0.0261107384865642,-2.089347801642681,13.0878113615453,11.130434782608695,-6.189999999999997,44.90984951736076,-0.3105059437184648,0.1725583490467142,16.138303892368256,6.350654862439066,3.466396199415012,0.9130434782608696,83.92330780493333,4.567099647791355,0,2.3934623989464985,15.485934290294736,0.1925222380014393,11.718010471621064,0.0,10.350344594156294,1.1889238694451858,9.467009378641832,11.379893614790712,0.0261107384865642,66.73003775307771,3,218,0.0,10.02092077808074,0.4130434782608695,109.19460723230902,0,90108180529.32994,0.0,7,1.565217391304348,3,478.7600000000001,8.585051445808299,0.1034014868163075,11.033401435232523,193.11791503724228,25.12318355715256,2.297470238095238,44.64889651105784,2.3746116884137947,10.263682514087307,2.1575574002066435,590.7260000000003,6.350654862439066,124.72798367941247,2249.033945110261,8,15.921440167465814,0.0,0.0,62.32328093712323,8.585051445808299,4.942622448909008,4.794537184071822,25.12318355715256,181.9910120538483,30.8734574734408,0.0,6.9710505323644725,11.379893614790712,5.783244946364939,560.4860000000003,0.3105059437184648,190.7744999999996,27.365423957024728,0.0,0.0,8,0.0,11.151499999999986,0.0,16.814289258077554,15.485934290294736,3,22.74231607846689,0.0,0.0,13.0878113615453,0.1925222380014393,0,0.0,0.0,0.0,0.0,0.0,0.0,0.0,0.0,0.0,0.0,267.78563300554083,0.0,590.2358135800001,7,0,1,0,0,0,0,0,0,0,0,0,0,0,0,0,0,0,0,1,0,0,1,0,0,0,0,0,0,0,0,0.0,46,0,0,0,0,0,0,0,0,0,0,0,0,7,0,0,3,0,0,0,0,0,0,0,0,0,0,0,0,0,1,3,0,0,0,0,0,0,0,0,0,0,0,0,0,0,0,0,0,0,0,0,0,0,0,0,0,0,0,0,0,0,0,0,0,11.151499999999986,471
1,4.794537184071822,17.062158824050687,2,1,2,38.62013912223967,11.126902983393991,0.0,25.24,-2.2523225896420715,0.0233335944475192,44.65125363457774,4.794537184071822,15.43168548207728,4.899909730850478,0.0,4.899909730850478,5.783244946364939,6.137963250590009,10.772448428929591,0.0233335944475192,-2.089850759012465,13.154258478457512,11.130434782608695,-6.189999999999997,44.90984951736076,-0.3105059436404068,0.1725583490467146,16.138304032431353,6.429197380024209,3.4776914967059613,0.9565217391304348,72.29348924477472,4.567099647791355,0,2.385695945753597,15.491917354438442,0.1925222380014863,11.718010471621064,0.0,10.350344594156294,1.244578219743194,9.467009378641832,11.349705857260515,0.0233335944475192,54.59730361615449,3,218,0.0,10.006725534169396,0.4347826086956521,115.26097430077064,0,91654150975.59624,0.0,7,1.608695652173913,4,478.2560000000001,8.58371759442751,0.1034014666724418,11.033401435232523,193.11791503724228,25.12318355715256,2.3243321155622745,50.21234800275483,2.3979205229249643,10.237929139500723,2.1791857533617054,590.7260000000002,6.429197380024209,136.8607178163357,2249.033945110261,8,15.921440167465814,0.0,0.0,62.26369038932528,8.58371759442751,4.846939445412336,4.794537184071822,25.12318355715256,181.9910120538483,30.8734574734408,0.0,6.9710505323644725,11.349705857260515,5.783244946364939,560.4860000000003,0.3105059436404068,190.7744999999996,27.365423957024728,0.0,0.0,8,0.0,11.151499999999986,0.0,16.814289258077554,15.491917354438442,3,22.75915283087249,0.0,0.0,13.154258478457512,0.1925222380014863,0,0.0,0.0,0.0,0.0,0.0,0.0,0.0,0.0,0.0,0.0,267.78563300554083,0.0,590.2358135800001,7,0,1,0,0,0,0,0,0,0,0,0,0,0,0,0,0,0,0,1,0,0,1,0,0,0,0,0,0,0,0,0.0,46,0,0,0,0,0,0,0,0,0,0,0,0,7,0,0,3,0,0,0,0,0,0,0,0,0,0,0,0,0,1,3,0,0,0,0,0,0,0,0,0,0,0,0,0,0,0,0,0,0,0,0,0,0,0,0,0,0,0,0,0,0,0,0,0,11.151499999999986,489
2,4.794537184071822,17.062158824050687,3,1,2,66.11337526108535,11.126902983393991,0.0,30.17,-2.252323413576651,-0.0061365701615345,66.45710349873985,4.794537184071822,16.252107676623204,4.899909730850478,0.0,4.899909730850478,5.783244946364939,6.142349181474095,21.544896857859182,0.0061365701615345,-2.089858094068992,13.970013881730951,11.457627118644067,-7.949999999999996,61.63063722727684,-0.3105059436404068,0.1446019915166323,16.13832283345784,8.802253509565714,3.832960131753144,0.7457627118644068,108.6916916555444,9.13419929558271,0,4.792519142340995,19.97812188859058,0.1925248106674928,14.211323301313762,0.0,14.91744424194765,0.9464419244078186,14.034109026433187,14.900262791310755,-0.0061365701615345,48.53093654769288,4,278,0.0,10.006054072408798,0.3389830508474576,121.32734136923226,0,113019487818930.8,0.0,8,1.271186440677966,6,608.3680000000002,11.51550939314159,0.1034010585269316,22.066802870465047,235.5824845164735,32.111849036979905,4.606249350733551,66.67218270636798,2.4031643026433724,13.416959039942563,2.1892017956730867,755.9210000000002,8.802253509565714,189.95875401181985,3214.338358883597,11,15.921440167465814,0.0,0.0,77.93830136052122,11.51550939314159,5.808241758241759,4.794537184071822,32.111849036979905,224.4555815330795,39.28730655688437,0.0,8.264471406239108,14.900262791310755,5.783244946364939,718.6249999999999,0.3105059436404068,245.11349999999945,34.31093661228797,0.0,0.0,11,0.0,14.248599999999971,0.0,22.50167553276112,19.97812188859058,4,29.208642573655663,0.0,0.0,13.970013881730951,0.1925248106674928,0,0.0,0.0,0.0,0.0,0.0,0.0,0.0,0.0,0.0,0.0,341.6251881826848,0.0,755.2936628040001,9,0,2,0,0,0,0,0,0,0,0,0,0,0,0,0,0,0,0,2,0,0,1,0,0,0,0,0,0,0,0,0.0,59,0,0,0,0,0,0,0,0,0,0,0,0,9,0,0,3,0,0,0,0,0,0,0,0,0,0,0,0,0,1,6,0,0,0,0,0,0,0,0,0,0,0,0,0,0,0,0,0,0,0,0,0,0,0,0,0,0,0,0,0,0,0,0,0,14.248599999999971,505
0,9.589074368143644,22.74954509873425,2,2,3,10.772448428929591,22.20051347254235,0.0,40.620000000000005,-2.4637622539139974,-0.6289346856087057,45.33635298636685,9.589074368143644,32.17330956218412,9.799819461700956,0.0,9.799819461700956,0.0,6.362874502378576,16.026812714244468,0.0450565458975462,-2.4039414122480407,14.270668047083593,14.72549019607843,-6.259999999999997,39.13873751360647,-0.309203456961282,0.176440234868146,16.17769886320425,8.291726975037763,3.16415726317928,0.9607843137254902,75.69681740711303,0.0,2,1.538368752459662,17.452024563814078,0.2654874759174033,11.394149180230707,0.0,11.814359458703011,1.2642109555462335,4.899909730850478,14.454731042072448,-0.5897617333506231,54.59730361615449,4,246,31.60119253786544,9.62181728257884,0.4509803921568627,142.09855296830412,0,642269207286.6731,4.899909730850478,4,1.5098039215686274,2,530.2080000000001,10.62857008288131,0.0893248114732753,28.16453556813103,202.73607129034244,28.79938104004755,0.0,21.899351412323583,2.5801948148063203,9.768542540253865,2.464356917869864,660.8170000000002,8.291726975037763,134.86572856223137,2384.564340865177,9,69.3044464090945,10.82998093879356,0.0,56.201742598667,10.62857008288131,4.458273494268478,9.589074368143644,28.79938104004755,163.7919108484635,34.9068376682604,6.446971232044026,6.875194855940548,14.454731042072448,17.22934992809979,624.5290000000003,0.309203456961282,206.78099999999944,30.77324441752379,0.0,0.1063829787234042,7,0.0,11.103799999999987,0.0,0.0,17.452024563814078,4,24.796715525441787,5.41499046939678,0.0,14.270668047083593,0.2654874759174033,0,0.0,0.0,0.0,0.0,0.0,0.0,0.0,11.814359458703011,0.0,0.0,297.7841827157644,0.0,660.277678392,7,2,2,0,0,0,2,0,0,0,0,0,0,0,0,0,0,0,0,0,0,0,2,0,0,0,0,0,0,0,0,0.0,51,0,0,0,0,0,2,0,0,0,0,0,0,7,0,0,4,0,0,0,0,0,0,0,0,0,0,1,0,0,0,2,0,0,0,0,0,0,0,0,0,0,0,0,0,0,0,0,0,0,0,0,0,0,0,0,0,0,0,0,0,0,0,0,0,11.103799999999987,584
0,9.589074368143644,22.74954509873425,2,2,3,10.772448428929591,22.20051347254235,0.0,40.620000000000005,-2.421440990341769,-0.5938213865793227,45.33635298636685,9.589074368143644,31.513608985260767,9.799819461700956,0.0,9.799819461700956,0.0,6.362574048446013,16.026812714244468,0.0238657058138442,-2.402094062289737,13.956905912891887,15.634146341463415,-4.6999999999999975,28.011834530212475,-0.3092534636816189,0.2113645511857193,16.17767737037326,6.549553768176658,2.962223582042269,1.1219512195121952,64.56991442371904,0.0,2,1.5936114295223245,14.13065735876816,0.2654874759174033,8.647617590041834,0.0,11.814359458703011,1.4159016980204375,4.899909730850478,12.597680234503573,-0.2969106932896614,54.59730361615449,4,202,45.448666937246685,9.732236393162353,0.5609756097560976,95.28235668306924,0,2156915848.807123,4.899909730850478,2,1.7073170731707317,2,425.5760000000001,8.753641676994416,0.0893273824731533,22.74954509873425,130.9454976223324,24.025878348151288,0.0,27.314341881720363,2.528891078848962,8.23182441673361,2.3877071577243942,536.6750000000003,6.549553768176658,88.0495322769965,1821.8164391312296,7,72.02501782508175,10.82998093879356,0.0,34.45441334598926,8.753641676994416,3.598276690974576,9.589074368143644,24.025878348151288,103.1282401638474,28.68106931801569,10.96702987574002,5.331972742434571,12.597680234503573,22.64434039749657,504.4190000000005,0.3092534636816189,167.0409999999996,25.2798970541388,0.0,0.1891891891891892,5,0.0,9.047,0.0,0.0,14.13065735876816,4,19.58637209439671,0.0,0.0,13.956905912891887,0.2654874759174033,0,0.0,0.0,0.0,0.0,0.0,0.0,0.0,11.814359458703011,0.0,0.0,240.3998785324296,0.0,536.246378264,5,2,2,0,0,0,2,0,0,0,0,0,0,0,0,0,0,0,0,0,0,0,2,0,0,0,0,0,0,0,0,0.0,41,0,0,0,0,0,2,0,0,0,0,0,0,5,0,0,4,0,0,0,0,0,0,0,0,0,0,1,0,0,0,2,0,0,0,0,0,0,0,0,0,0,0,0,0,0,0,0,0,0,0,0,0,0,0,0,0,0,0,0,0,0,0,0,0,9.047,597
1,0.0,34.124317648101375,4,0,6,43.61169972832423,0.0,0.0,32.260000000000005,-2.3259954836481698,0.0,101.2597872752078,0.0,20.26568107454791,9.799819461700956,0.0,9.799819461700956,0.0,7.996341716488541,42.33147900080535,0.9007543230224716,-2.1415259249736143,5.365767181885508,13.36,-5.819999999999997,54.98647227769135,-0.3081955468264523,0.1340267017906934,32.1678077730958,7.479372505833606,3.173547910302436,0.74,95.70158738739214,9.967957041894415,2,4.473924693131945,16.65940058365711,0.097267303395071,10.84121471706338,0.0,9.967957041894415,1.0557376188387386,9.799819461700956,12.646917982092898,0.9007543230224716,23.52376989878223,6,234,19.5819339020711,10.038740442710573,0.36,96.32017472032156,0,1054392617503.2416,9.967957041894415,2,1.14,4,511.16000000000014,9.752675476916291,1.1680043690794149,44.81634796919929,157.72554378000189,28.24945112371329,0.0,41.729154880367815,2.5268062797908435,10.68774885126686,2.259362967541031,674.8540000000002,9.595245154712906,167.52536324170282,2584.5017798405893,11,0.0,0.0,9.967957041894415,56.58384486387965,12.01321223458415,4.220760655660937,0.0,26.61645796185784,177.30747768207297,32.76020881938893,0.0,6.084444413062649,14.814471895066546,0.0,648.646,0.3081955468264523,209.6679999999996,28.061635950656537,0.0,0.0,9,0.0,12.958199999999982,23.52376989878223,0.0,18.292393745512555,4,24.764285466321496,0.0,0.0,5.365767181885508,0.097267303395071,0,0.0,0.0,0.0,0.0,0.0,0.0,0.0,0.0,0.0,0.0,296.5799591166657,0.0,674.1598888320001,8,0,3,0,0,0,2,0,0,0,0,0,0,0,0,0,0,0,0,2,0,0,0,0,0,0,0,0,0,0,0,3.6554671838403054,50,0,0,0,0,0,0,0,0,0,0,0,0,8,0,0,6,0,0,0,0,0,0,0,0,0,0,0,0,0,0,10,0,0,0,0,0,0,0,0,0,0,0,0,0,0,0,0,0,0,0,0,0,0,0,0,0,0,0,0,0,0,0,0,0,12.958199999999982,613
1,10.523783109476971,17.062158824050687,5,0,5,54.738602711718215,22.16030441862652,12.138442625584547,76.6,-2.256647860798998,0.0,60.67385855237491,0.0,12.27252394033906,4.899909730850478,12.13273413692322,4.899909730850478,0.0,6.239753610378297,11.126902983393991,0.2988887644656024,-2.093593306500819,9.6054766934426,11.148936170212766,-6.559999999999997,60.76736010053638,-0.3105052719532737,0.1481296506827527,15.13863916969429,6.378758945362412,3.1190440728282254,0.9148936170212766,90.34412942785931,9.967957041894415,0,23.31971374164276,15.446647474169028,0.1005931921344492,11.10572156595028,0.0,9.967957041894415,1.2670299228378037,4.899909730850478,11.890262708781378,0.2988887644656024,12.13273413692322,5,220,13.847474399381248,9.949293866225316,0.4680851063829787,83.92330780493333,0,86118051474.13412,9.967957041894415,4,1.425531914893617,0,484.7040000000001,8.834654889103145,1.267760167945576,33.19370585385904,149.64751440448188,25.86042363048193,0.0,27.83460725298028,2.386945627258559,11.297746049669552,2.161359803581569,601.7130000000001,6.378758945362412,134.0140669196637,2544.4917500622346,8,22.253805966787983,0.0,9.967957041894415,48.23097701906308,8.834654889103145,4.789350123000652,0.0,25.86042363048193,127.39370843769387,32.069974375076946,4.212372582618893,6.604569608881291,11.890262708781378,0.0,574.4970000000002,0.3105052719532737,191.07899999999964,27.950887276801584,0.0,0.0476190476190476,8,0.0,10.586399999999983,0.0,23.26534560897854,15.446647474169028,5,22.99986623374051,0.0,0.0,9.6054766934426,0.1005931921344492,0,36.50970013444277,0.0,0.0,0.0,10.523783109476971,0.0,0.0,0.0,0.0,0.0,271.77340131725003,10.523783109476971,601.2266458639999,7,0,1,0,0,0,0,0,0,0,0,0,0,0,0,0,0,0,0,2,0,0,0,0,0,0,0,0,0,0,0,0.0,47,0,0,0,0,0,0,0,0,0,0,0,0,7,0,0,3,2,0,0,0,0,0,0,0,0,0,0,0,0,0,7,0,0,0,0,0,0,0,0,2,0,0,0,0,0,0,0,0,0,0,0,0,0,0,0,0,0,0,0,0,0,0,0,0,10.586399999999983,670
1,10.523783109476971,17.062158824050687,5,0,5,54.738602711718215,22.16030441862652,12.138442625584547,76.6,-2.4156757552876464,0.0,60.67385855237491,0.0,12.387260174706922,4.899909730850478,12.13273413692322,4.899909730850478,0.0,6.2399033580994345,22.50167553276112,0.1012695450603453,-2.299560780475974,9.620884945112335,13.291666666666666,-6.559999999999997,49.39258755116926,-0.309881677398293,0.1431806797561035,15.15639636425731,7.491176284875496,3.136798096345102,1.0208333333333333,75.49082387494886,9.967957041894415,1,23.3648246741952,15.958613602456444,0.1005931921344492,10.22373983655271,0.0,9.967957041894415,1.1938673568106974,4.899909730850478,12.87846250777555,-0.1012695450603453,12.13273413692322,5,224,19.26246486877803,9.733585571001322,0.5208333333333334,98.7766133578438,0,170693405477.38528,9.967957041894415,2,1.6041666666666667,2,489.4720000000001,9.886908555568132,0.6316867203918536,44.56847840322616,149.64751440448188,26.36042363048193,0.0,21.87482517300993,2.5134149565666,11.632809540309736,2.358800655971913,613.724,7.491176284875496,134.0140669196637,2679.072784571189,9,36.10128036616923,5.41499046939678,9.967957041894415,48.58755371932965,9.886908555568132,3.951665243255724,0.0,26.36042363048193,127.39370843769387,32.569974375076946,4.610885224791825,5.905459133751234,12.87846250777555,5.41499046939678,586.5080000000002,0.309881677398293,193.73299999999963,27.725865774342545,0.0,0.0697674418604651,8,0.0,10.608859999999986,0.0,23.26534560897854,15.958613602456444,5,23.45618946936209,0.0,0.0,9.620884945112335,0.1005931921344492,0,22.66222573506152,0.0,0.0,0.0,10.523783109476971,0.0,0.0,0.0,0.0,0.0,277.1325122781174,10.523783109476971,613.2266458639999,7,0,2,0,0,0,1,0,0,0,0,0,0,0,0,0,0,0,0,2,0,0,0,0,0,0,0,0,0,0,0,0.0,48,0,0,0,0,0,0,0,0,0,0,0,0,7,0,0,3,0,0,0,0,0,0,0,0,0,0,0,0,0,0,9,0,0,0,0,0,0,0,0,2,0,0,0,0,0,0,0,0,0,0,0,0,0,0,0,0,0,0,0,0,0,0,0,0,10.608859999999986,630
1,10.523783109476971,17.062158824050687,5,0,5,43.705201276485695,11.033401435232523,12.138442625584547,76.6,-2.256641503141989,0.0,49.64045711714239,0.0,11.418680838960896,4.899909730850478,0.0,4.899909730850478,11.387855989696922,6.23244448938664,11.126902983393991,0.0397721715774184,-2.0936048747345537,9.61120925467411,10.976744186046512,-6.039999999999997,49.73395866530386,-0.3105052719532737,0.2036652290676356,15.138624466694264,5.682343524131004,3.058685688805572,0.9302325581395348,78.21139529093608,9.967957041894415,0,23.00917486075005,14.041946935789776,0.1772373803741432,10.415269176636173,0.0,9.967957041894415,1.3603674828900238,4.899909730850478,10.700970078404955,0.0397721715774184,36.40391089943099,5,202,13.847474399381248,9.94996869922832,0.4883720930232558,83.92330780493333,0,9936130770.168636,9.967957041894415,4,1.441860465116279,0,446.4320000000001,7.8978469715025135,1.2073881660671262,11.033401435232523,137.77573327386156,23.70572309210268,0.0,27.83460725298028,2.3824098367862727,9.21113722116148,2.1651982422216287,551.6530000000002,5.682343524131004,119.71084719905032,2208.858782471913,7,22.51475897309092,0.0,0.0,44.16072796403405,7.8978469715025135,4.503753033126037,0.0,23.70572309210268,115.26097430077064,29.5010602743246,4.200279115093514,6.272560028729109,10.700970078404955,11.387855989696922,526.4530000000003,0.3105052719532737,173.57299999999967,25.896602061941472,0.0,0.0526315789473684,7,0.0,9.433199999999994,0.0,23.26534560897854,14.041946935789776,5,21.033539738551728,0.0,0.0,9.61120925467411,0.1772373803741432,0,36.50970013444277,0.0,0.0,0.0,10.523783109476971,0.0,0.0,0.0,0.0,0.0,249.09173678551485,10.523783109476971,551.2109958,6,0,1,0,0,0,0,0,0,0,0,0,0,0,0,0,0,0,0,2,0,0,0,0,0,0,0,0,0,0,0,0.0,43,0,0,0,0,0,0,0,0,0,0,0,0,6,0,0,3,2,0,0,0,0,0,0,0,0,0,0,0,0,0,6,0,0,0,0,0,0,0,0,2,0,0,0,0,0,0,0,0,0,0,0,0,0,0,0,0,0,0,0,0,0,0,0,0,9.433199999999994,617
1,10.523783109476971,17.062158824050687,5,0,5,43.705201276485695,11.033401435232523,12.138442625584547,76.6,-2.415675640071022,0.0,49.64045711714239,0.0,11.53341707332876,4.899909730850478,0.0,4.899909730850478,11.387855989696922,6.232586255998993,22.50167553276112,0.0421238557151255,-2.299560735385067,9.63072248753597,13.318181818181818,-6.039999999999997,38.35918611593674,-0.309881677398293,0.195842620966,15.156378149741364,6.794760863644081,3.077966224014371,1.0454545454545454,63.35808973802562,9.967957041894415,1,23.061850345928136,14.553913064077197,0.1772373803741432,9.491702443792269,0.0,9.967957041894415,1.2764401487678478,4.899909730850478,11.689169877399118,-0.1009679691442779,30.337543830969377,5,206,19.26246486877803,9.733585621236712,0.5454545454545454,98.7766133578438,0,19706240939.336308,9.967957041894415,2,1.6363636363636365,2,451.1200000000001,8.950100637967493,0.6316868755613829,22.40817398459965,137.77573327386153,24.205723092102687,0.0,21.87482517300993,2.51292559806591,9.539833454494572,2.3585854014452456,563.6640000000002,6.794760863644081,125.77721426751197,2341.515486672247,8,36.36223337247216,5.41499046939678,0.0,44.51790621423229,8.950100637967493,3.634905031771201,0.0,24.205723092102687,115.26097430077064,30.0010602743246,4.596992912016246,5.533870123040443,11.689169877399118,16.8028464590937,538.4640000000004,0.309881677398293,176.2269999999996,25.65296234850116,0.0,0.0769230769230769,7,0.0,9.455659999999996,0.0,23.26534560897854,14.553913064077197,5,21.48986297417331,0.0,0.0,9.63072248753597,0.1772373803741432,0,22.66222573506152,0.0,0.0,0.0,10.523783109476971,0.0,0.0,0.0,0.0,0.0,254.4508477463823,10.523783109476971,563.2109958000001,6,0,2,0,0,0,1,0,0,0,0,0,0,0,0,0,0,0,0,2,0,0,0,0,0,0,0,0,0,0,0,0.0,44,0,0,0,0,0,0,0,0,0,0,0,0,6,0,0,3,0,0,0,0,0,0,0,0,0,0,0,0,0,0,8,0,0,0,0,0,0,0,0,2,0,0,0,0,0,0,0,0,0,0,0,0,0,0,0,0,0,0,0,0,0,0,0,0,9.455659999999996,585
1,0.0,17.062158824050687,3,0,4,33.54816040832344,0.0,0.0,38.25,-2.32356854096949,1.6514467424757138,28.09556025928321,4.736862953800049,12.48456388573948,4.899909730850478,0.0,9.636772684650529,11.49902366656781,5.919056941631814,0.0,0.8257233712378569,-2.152352501924544,6.188674719727902,12.055555555555555,-4.959999999999998,62.109342898941925,-0.452953524200306,0.2631053285681275,16.48500252580467,4.759190395425104,2.956091897483647,0.9722222222222222,42.46456947923127,9.967957041894415,1,0.0,11.937597489851472,0.1510438494209917,8.362503295700382,0.0,9.967957041894415,1.445448826179036,9.636772684650529,8.698810137096652,0.8257233712378569,72.79640482153933,4,170,0.0,10.032397744350734,0.4722222222222222,84.92913895846256,0,475089846.4718711,9.967957041894415,3,1.5555555555555556,4,369.77600000000007,6.432694263223718,0.4767357576328775,33.79602997429657,127.39370843769387,19.37424472994588,6.188674719727902,16.814289258077554,2.4987921447945167,8.52212542673176,2.253582880643605,463.5400000000001,4.759190395425104,59.497213347004966,1669.580600942334,7,0.0,0.0,14.704819995694464,42.98652255865848,6.432694263223718,3.3923552625979982,0.0,19.37424472994588,127.39370843769387,23.898765978752643,0.0,4.742566337732252,8.698810137096652,0.0,442.3720000000003,0.452953524200306,145.16699999999975,20.416421031025948,0.0,0.0,6,0.0,8.539300000000003,0.0,34.01378263965872,11.937597489851472,4,17.848469228349536,0.0,0.0,6.188674719727902,0.1510438494209917,0,0.0,0.0,0.0,0.0,0.0,0.0,11.49902366656781,0.0,0.0,0.0,208.64828818356224,0.0,463.168462292,5,0,2,0,0,0,1,0,0,0,0,0,0,0,0,0,0,0,0,2,0,0,0,0,0,0,0,0,0,0,0,0.0,36,0,0,0,0,0,0,0,0,0,0,0,0,5,0,0,3,0,0,0,1,0,0,0,0,0,0,0,0,0,0,3,0,0,0,0,0,0,0,0,0,0,0,0,0,0,0,0,0,0,0,0,0,0,0,0,0,0,0,0,0,0,0,0,0,8.539300000000003,572
1,0.0,51.18647647215206,5,0,8,33.54816040832344,0.0,0.0,63.19,-2.326511739382428,4.81887254429181,62.21987790738458,14.210588861400147,17.633860403941537,14.699729192551434,0.0,28.91031805395158,34.49707099970343,5.940492217841312,0.0,0.7740421560875415,-2.1544181629027195,6.343245717618281,12.96875,-8.88,119.23170788017892,-0.4529535242788036,0.1700228984160505,16.490977704506296,9.069491590692044,3.3579202505312584,0.546875,115.26097430077064,9.967957041894415,3,0.0,21.226503139083484,0.1510438494209917,14.361113413553,0.0,9.967957041894415,0.9518507818017216,28.91031805395158,15.806350692494338,0.7740421560875415,109.19460723230902,8,302,0.0,10.013281845065242,0.265625,97.0618730953858,0,1631363515591933.8,9.967957041894415,5,0.890625,12,639.9200000000002,12.000589172546189,0.4765045233659532,56.54557507303082,212.3228473961563,34.168072270528285,18.97876547909288,28.18906180744468,2.5322960400572803,13.800233465659836,2.288177611611135,825.928,9.069491590692044,117.82796935639888,3326.7220036295644,13,0.0,0.0,24.17854590329456,72.26826810701394,12.000589172546189,5.771560720837663,0.0,34.168072270528285,212.3228473961563,42.14067770801289,0.0,8.041351145625718,15.806350692494338,0.0,790.6479999999997,0.4529535242788036,254.6809999999994,35.83611231942219,0.0,0.0,10,0.0,15.690299999999969,0.0,57.01182997279434,21.226503139083484,8,31.71377520910467,0.0,0.0,6.343245717618281,0.1510438494209917,0,0.0,0.0,0.0,0.0,0.0,0.0,34.49707099970343,0.0,0.0,0.0,368.6117605001803,0.0,825.2739899799999,9,0,4,0,0,0,3,0,0,0,0,0,0,0,0,0,0,0,0,2,0,0,0,0,0,0,0,0,0,0,0,0.0,64,0,0,0,0,0,0,0,0,0,0,0,0,9,0,0,9,0,0,0,3,0,0,0,0,0,0,0,0,0,0,7,0,0,0,0,0,0,0,0,0,0,0,0,0,0,0,0,0,0,0,0,0,0,0,0,0,0,0,0,0,0,0,0,0,15.690299999999969,572
1,10.523783109476971,17.062158824050687,4,0,4,11.126902983393991,28.078210464787908,12.138442625584547,63.71,-2.460878550895698,0.0,17.062158824050687,0.0,6.7701736459565085,4.899909730850478,0.0,4.899909730850478,0.0,5.898804075591463,22.253805966787983,0.4343236848754948,-2.372132746524416,9.97773666747776,12.863636363636363,-5.969999999999997,22.62561031574768,-0.3098316705314551,0.2136980727049572,15.157850504068383,6.879087848543869,3.076607746721593,0.9772727272727272,65.93020013171267,4.9839785209472085,1,19.95547333495552,14.612682532720946,0.1017391468182013,10.69901502728376,0.0,4.9839785209472085,1.4729208305818415,4.899909730850478,11.029863735278472,-0.5261574964454203,25.980208536304467,4,208,19.26246486877803,9.62217685767046,0.5454545454545454,109.19460723230902,1,17162371441.705526,0.0,4,1.431818181818182,2,458.8960000000001,8.708325135525644,0.7310079771883514,39.30452199185482,178.22864044603435,24.49056030417161,0.0,11.250837766380558,2.570654749433262,11.02488750550786,2.456650162189064,564.6920000000001,6.879087848543869,143.3496722466145,1973.7259366336564,7,44.76856493987889,5.41499046939678,0.0,51.53141458219752,8.708325135525644,3.932665551325613,4.9839785209472085,24.49056030417161,133.46007550615548,30.26057329831844,3.6347175980492654,6.540749242910518,11.029863735278472,0.0,536.4680000000004,0.3098316705314551,175.12799999999956,26.899015091964685,0.0,0.075,6,0.0,9.2747,0.0,23.26534560897854,14.612682532720946,4,21.588920619886736,5.41499046939678,0.0,9.97773666747776,0.1017391468182013,0,36.50970013444277,0.0,0.0,0.0,10.523783109476971,0.0,0.0,0.0,0.0,0.0,257.3003945823582,10.523783109476971,564.231396896,5,0,2,0,0,0,1,0,0,0,0,0,0,0,0,0,0,0,0,1,0,0,0,0,0,0,0,0,0,0,0,0.0,44,0,0,0,0,0,0,0,0,0,0,0,0,5,0,0,3,2,0,0,0,0,0,0,0,0,0,0,0,0,0,2,0,0,0,0,0,0,0,0,2,0,0,0,0,0,0,0,0,0,0,0,0,0,0,0,0,0,0,0,0,0,0,0,0,9.2747,516
3,10.523783109476971,17.062158824050687,6,0,4,66.11337526108535,28.078210464787908,12.138442625584547,73.57,-2.4623022934980545,0.0,60.67385855237492,0.0,6.910293165548775,4.899909730850478,0.0,4.899909730850478,0.0,6.11247115980673,21.544896857859182,0.4176531957053042,-2.373251479483783,10.303264022819782,12.771428571428572,-9.490000000000002,78.32099170236783,-0.3098316704853074,0.1666483017205392,15.158860260598376,11.625593486914749,3.927043940947639,0.8142857142857143,126.59387081632882,14.11817781652992,1,25.35404226978508,23.58509160102522,0.1017391468182013,15.81182136158878,0.0,14.11817781652992,1.100351534224074,14.034109026433187,18.13788625076685,-0.7982198074809466,25.980208536304467,6,328,19.26246486877803,9.618460253361969,0.4,133.46007550615548,1,2.748338772303032e+16,0.0,6,1.2857142857142858,6,718.1280000000002,14.534693567338358,0.7333181217779571,61.37132486231986,263.15777940449675,38.46789126382627,4.76488502147803,44.17050717360687,2.5849081687386,17.19403807319631,2.4669172014686445,895.082,11.625593486914749,237.4130105006596,3921.98293497177,13,44.76856493987889,5.41499046939678,0.0,83.7002857761959,14.534693567338358,5.809563501242683,4.9839785209472085,38.46789126382627,218.3892144646179,47.088271465205565,3.65978902712925,9.2065115498267,18.13788625076685,0.0,852.7459999999994,0.3098316704853074,283.8060000000001,40.757847799458936,0.0,0.046875,12,0.0,15.468899999999964,0.0,34.640118158345665,23.58509160102522,6,34.48790010545308,5.41499046939678,0.0,10.303264022819782,0.1017391468182013,0,36.50970013444277,0.0,0.0,0.0,10.523783109476971,0.0,0.0,0.0,0.0,0.0,404.9795049366462,10.523783109476971,894.3470953440001,9,0,4,0,0,0,1,0,0,0,0,0,0,0,0,0,0,0,0,3,0,0,0,0,0,0,0,0,0,0,0,0.0,70,0,0,0,0,0,0,0,0,0,0,0,0,9,0,0,3,2,0,0,0,0,0,0,0,0,0,0,0,0,0,8,0,0,0,0,0,0,0,0,2,0,0,0,0,0,0,0,0,0,0,0,0,0,0,0,0,0,0,0,0,0,0,0,0,15.468899999999964,522
3,10.523783109476971,17.062158824050687,6,0,4,66.11337526108535,28.078210464787908,12.138442625584547,73.57,-2.4620959340651742,0.0,60.67385855237492,0.0,6.885852820685621,4.899909730850478,0.0,4.899909730850478,0.0,6.099806296907368,43.61169972832423,0.418224575495252,-2.373384498272672,10.27013771998567,12.771428571428572,-9.490000000000002,56.25418883190279,-0.3098316705308579,0.1666483017205392,15.15881895588131,11.625200107626872,3.933730499581252,0.7285714285714285,114.46113667940558,14.11817781652992,1,25.45604410445145,23.585091601025223,0.1017391468182013,15.81182136158878,0.0,14.11817781652992,1.0274198683508355,14.034109026433187,18.130977603378955,-0.7521618426283387,25.980208536304467,6,328,19.26246486877803,9.6211615400891,0.3857142857142857,145.59280964307868,1,2.770819514423515e+16,0.0,6,1.1142857142857143,6,716.4000000000002,14.571908732953794,0.7303429257747611,61.37132486231986,263.1577794044968,38.46789126382627,4.756997436243903,44.17050717360687,2.577357385450883,17.235388518972094,2.461984494960788,895.0819999999999,11.625200107626872,237.4130105006596,3809.482934971768,13,44.76856493987889,5.41499046939678,0.0,83.59350718064947,14.571908732953794,5.809563501242683,4.9839785209472085,38.46789126382627,218.3892144646179,47.088271465205565,3.655543272330811,9.2065115498267,18.130977603378955,0.0,852.7459999999994,0.3098316705308579,283.8060000000001,40.757847799458936,0.0,0.046875,12,0.0,15.468899999999966,0.0,34.640118158345665,23.585091601025223,6,34.48790010545308,5.41499046939678,0.0,10.27013771998567,0.1017391468182013,0,36.50970013444277,0.0,0.0,0.0,10.523783109476971,0.0,0.0,0.0,0.0,0.0,404.97950493664615,10.523783109476971,894.3470953440001,9,0,4,0,0,0,1,0,0,0,0,0,0,0,0,0,0,0,0,3,0,0,0,0,0,0,0,0,0,0,0,0.0,70,0,0,0,0,0,0,0,0,0,0,0,0,9,0,0,3,2,0,0,0,0,0,0,0,0,0,0,0,0,0,8,0,0,0,0,0,0,0,0,2,0,0,0,0,0,0,0,0,0,0,0,0,0,0,0,0,0,0,0,0,0,0,0,0,15.468899999999966,509
0,9.589074368143644,22.74954509873425,2,2,3,10.772448428929591,22.20051347254235,0.0,40.620000000000005,-2.4637622539139974,-0.6289346856087057,45.33635298636685,9.589074368143644,32.17330956218412,9.799819461700956,0.0,9.799819461700956,0.0,6.362874502378576,16.026812714244468,0.0450565458975462,-2.4039414122480407,14.270668047083593,14.72549019607843,-6.259999999999997,39.13873751360647,-0.309203456961282,0.176440234868146,16.17769886320425,8.291726975037763,3.16415726317928,0.9607843137254902,75.69681740711303,0.0,2,1.538368752459662,17.452024563814078,0.2654874759174033,11.394149180230707,0.0,11.814359458703011,1.2642109555462335,4.899909730850478,14.454731042072448,-0.5897617333506231,54.59730361615449,4,246,31.60119253786544,9.62181728257884,0.4509803921568627,142.09855296830412,0,642269207286.6731,4.899909730850478,4,1.5098039215686274,2,525.8000000000001,10.62857008288131,0.0893248114732753,28.16453556813103,202.73607129034244,28.79938104004755,0.0,21.899351412323583,2.5801948148063203,9.768542540253865,2.464356917869864,660.8170000000002,8.291726975037763,134.86572856223137,2384.564340865177,9,69.3044464090945,10.82998093879356,0.0,56.201742598667,10.62857008288131,4.458273494268478,9.589074368143644,28.79938104004755,163.7919108484635,34.9068376682604,6.446971232044026,6.875194855940548,14.454731042072448,17.22934992809979,624.5290000000003,0.309203456961282,206.78099999999944,30.77324441752379,0.0,0.1063829787234042,7,0.0,11.103799999999987,0.0,0.0,17.452024563814078,4,24.796715525441787,5.41499046939678,0.0,14.270668047083593,0.2654874759174033,0,0.0,0.0,0.0,0.0,0.0,0.0,0.0,11.814359458703011,0.0,0.0,297.7841827157644,0.0,660.277678392,7,2,2,0,0,0,2,0,0,0,0,0,0,0,0,0,0,0,0,0,0,0,2,0,0,0,0,0,0,0,0,0.0,51,0,0,0,0,0,2,0,0,0,0,0,0,7,0,0,4,0,0,0,0,0,0,0,0,0,0,1,0,0,0,2,0,0,0,0,0,0,0,0,0,0,0,0,0,0,0,0,0,0,0,0,0,0,0,0,0,0,0,0,0,0,0,0,0,11.103799999999987,584
0,9.589074368143644,22.74954509873425,2,2,3,10.772448428929591,22.20051347254235,0.0,40.620000000000005,-2.421440990341769,-0.5938213865793227,45.33635298636685,9.589074368143644,31.513608985260767,9.799819461700956,0.0,9.799819461700956,0.0,6.362574048446013,16.026812714244468,0.0238657058138442,-2.402094062289737,13.956905912891887,15.634146341463415,-4.6999999999999975,28.011834530212475,-0.3092534636816189,0.2113645511857193,16.17767737037326,6.549553768176658,2.962223582042269,1.1219512195121952,64.56991442371904,0.0,2,1.5936114295223245,14.13065735876816,0.2654874759174033,8.647617590041834,0.0,11.814359458703011,1.4159016980204375,4.899909730850478,12.597680234503573,-0.2969106932896614,54.59730361615449,4,202,45.448666937246685,9.732236393162353,0.5609756097560976,95.28235668306924,0,2156915848.807123,4.899909730850478,2,1.7073170731707317,2,431.0720000000001,8.753641676994416,0.0893273824731533,22.74954509873425,130.9454976223324,24.025878348151288,0.0,27.314341881720363,2.528891078848962,8.23182441673361,2.3877071577243942,536.6750000000003,6.549553768176658,88.0495322769965,1821.8164391312296,7,72.02501782508175,10.82998093879356,0.0,34.45441334598926,8.753641676994416,3.598276690974576,9.589074368143644,24.025878348151288,103.1282401638474,28.68106931801569,10.96702987574002,5.331972742434571,12.597680234503573,22.64434039749657,504.4190000000005,0.3092534636816189,167.0409999999996,25.2798970541388,0.0,0.1891891891891892,5,0.0,9.047,0.0,0.0,14.13065735876816,4,19.58637209439671,0.0,0.0,13.956905912891887,0.2654874759174033,0,0.0,0.0,0.0,0.0,0.0,0.0,0.0,11.814359458703011,0.0,0.0,240.3998785324296,0.0,536.246378264,5,2,2,0,0,0,2,0,0,0,0,0,0,0,0,0,0,0,0,0,0,0,2,0,0,0,0,0,0,0,0,0.0,41,0,0,0,0,0,2,0,0,0,0,0,0,5,0,0,4,0,0,0,0,0,0,0,0,0,0,1,0,0,0,2,0,0,0,0,0,0,0,0,0,0,0,0,0,0,0,0,0,0,0,0,0,0,0,0,0,0,0,0,0,0,0,0,0,9.047,597
1,0.0,34.124317648101375,4,0,6,43.61169972832423,0.0,0.0,32.260000000000005,-2.3259954836481698,0.0,101.2597872752078,0.0,20.26568107454791,9.799819461700956,0.0,9.799819461700956,0.0,7.996341716488541,42.33147900080535,0.9007543230224716,-2.1415259249736143,5.365767181885508,13.36,-5.819999999999997,54.98647227769135,-0.3081955468264523,0.1340267017906934,32.1678077730958,7.479372505833606,3.173547910302436,0.74,95.70158738739214,9.967957041894415,2,4.473924693131945,16.65940058365711,0.097267303395071,10.84121471706338,0.0,9.967957041894415,1.0557376188387386,9.799819461700956,12.646917982092898,0.9007543230224716,23.52376989878223,6,234,19.5819339020711,10.038740442710573,0.36,96.32017472032156,0,1054392617503.2416,9.967957041894415,2,1.14,4,513.0240000000001,9.752675476916291,1.1680043690794149,44.81634796919929,157.72554378000189,28.24945112371329,0.0,41.729154880367815,2.5268062797908435,10.68774885126686,2.259362967541031,674.8540000000002,9.595245154712906,167.52536324170282,2584.5017798405893,11,0.0,0.0,9.967957041894415,56.58384486387965,12.01321223458415,4.220760655660937,0.0,26.61645796185784,177.30747768207297,32.76020881938893,0.0,6.084444413062649,14.814471895066546,0.0,648.646,0.3081955468264523,209.6679999999996,28.061635950656537,0.0,0.0,9,0.0,12.958199999999982,23.52376989878223,0.0,18.292393745512555,4,24.764285466321496,0.0,0.0,5.365767181885508,0.097267303395071,0,0.0,0.0,0.0,0.0,0.0,0.0,0.0,0.0,0.0,0.0,296.5799591166657,0.0,674.1598888320001,8,0,3,0,0,0,2,0,0,0,0,0,0,0,0,0,0,0,0,2,0,0,0,0,0,0,0,0,0,0,0,3.6554671838403054,50,0,0,0,0,0,0,0,0,0,0,0,0,8,0,0,6,0,0,0,0,0,0,0,0,0,0,0,0,0,0,10,0,0,0,0,0,0,0,0,0,0,0,0,0,0,0,0,0,0,0,0,0,0,0,0,0,0,0,0,0,0,0,0,0,12.958199999999982,613
1,10.523783109476971,17.062158824050687,5,0,5,54.738602711718215,22.16030441862652,12.138442625584547,76.6,-2.256647860798998,0.0,60.67385855237491,0.0,12.27252394033906,4.899909730850478,12.13273413692322,4.899909730850478,0.0,6.239753610378297,11.126902983393991,0.2988887644656024,-2.093593306500819,9.6054766934426,11.148936170212766,-6.559999999999997,60.76736010053638,-0.3105052719532737,0.1481296506827527,15.13863916969429,6.378758945362412,3.1190440728282254,0.9148936170212766,90.34412942785931,9.967957041894415,0,23.31971374164276,15.446647474169028,0.1005931921344492,11.10572156595028,0.0,9.967957041894415,1.2670299228378037,4.899909730850478,11.890262708781378,0.2988887644656024,12.13273413692322,5,220,13.847474399381248,9.949293866225316,0.4680851063829787,83.92330780493333,0,86118051474.13412,9.967957041894415,4,1.425531914893617,0,485.11200000000014,8.834654889103145,1.267760167945576,33.19370585385904,149.64751440448188,25.86042363048193,0.0,27.83460725298028,2.386945627258559,11.297746049669552,2.161359803581569,601.7130000000001,6.378758945362412,134.0140669196637,2544.4917500622346,8,22.253805966787983,0.0,9.967957041894415,48.23097701906308,8.834654889103145,4.789350123000652,0.0,25.86042363048193,127.39370843769387,32.069974375076946,4.212372582618893,6.604569608881291,11.890262708781378,0.0,574.4970000000002,0.3105052719532737,191.07899999999964,27.950887276801584,0.0,0.0476190476190476,8,0.0,10.586399999999983,0.0,23.26534560897854,15.446647474169028,5,22.99986623374051,0.0,0.0,9.6054766934426,0.1005931921344492,0,36.50970013444277,0.0,0.0,0.0,10.523783109476971,0.0,0.0,0.0,0.0,0.0,271.77340131725003,10.523783109476971,601.2266458639999,7,0,1,0,0,0,0,0,0,0,0,0,0,0,0,0,0,0,0,2,0,0,0,0,0,0,0,0,0,0,0,0.0,47,0,0,0,0,0,0,0,0,0,0,0,0,7,0,0,3,2,0,0,0,0,0,0,0,0,0,0,0,0,0,7,0,0,0,0,0,0,0,0,2,0,0,0,0,0,0,0,0,0,0,0,0,0,0,0,0,0,0,0,0,0,0,0,0,10.586399999999983,670
1,10.523783109476971,17.062158824050687,5,0,5,54.738602711718215,22.16030441862652,12.138442625584547,76.6,-2.4156757552876464,0.0,60.67385855237491,0.0,12.387260174706922,4.899909730850478,12.13273413692322,4.899909730850478,0.0,6.2399033580994345,22.50167553276112,0.1012695450603453,-2.299560780475974,9.620884945112335,13.291666666666666,-6.559999999999997,49.39258755116926,-0.309881677398293,0.1431806797561035,15.15639636425731,7.491176284875496,3.136798096345102,1.0208333333333333,75.49082387494886,9.967957041894415,1,23.3648246741952,15.958613602456444,0.1005931921344492,10.22373983655271,0.0,9.967957041894415,1.1938673568106974,4.899909730850478,12.87846250777555,-0.1012695450603453,12.13273413692322,5,224,19.26246486877803,9.733585571001322,0.5208333333333334,98.7766133578438,0,170693405477.38528,9.967957041894415,2,1.6041666666666667,2,489.2640000000001,9.886908555568132,0.6316867203918536,44.56847840322616,149.64751440448188,26.36042363048193,0.0,21.87482517300993,2.5134149565666,11.632809540309736,2.358800655971913,613.724,7.491176284875496,134.0140669196637,2679.072784571189,9,36.10128036616923,5.41499046939678,9.967957041894415,48.58755371932965,9.886908555568132,3.951665243255724,0.0,26.36042363048193,127.39370843769387,32.569974375076946,4.610885224791825,5.905459133751234,12.87846250777555,5.41499046939678,586.5080000000002,0.309881677398293,193.73299999999963,27.725865774342545,0.0,0.0697674418604651,8,0.0,10.608859999999986,0.0,23.26534560897854,15.958613602456444,5,23.45618946936209,0.0,0.0,9.620884945112335,0.1005931921344492,0,22.66222573506152,0.0,0.0,0.0,10.523783109476971,0.0,0.0,0.0,0.0,0.0,277.1325122781174,10.523783109476971,613.2266458639999,7,0,2,0,0,0,1,0,0,0,0,0,0,0,0,0,0,0,0,2,0,0,0,0,0,0,0,0,0,0,0,0.0,48,0,0,0,0,0,0,0,0,0,0,0,0,7,0,0,3,0,0,0,0,0,0,0,0,0,0,0,0,0,0,9,0,0,0,0,0,0,0,0,2,0,0,0,0,0,0,0,0,0,0,0,0,0,0,0,0,0,0,0,0,0,0,0,0,10.608859999999986,630
1,10.523783109476971,17.062158824050687,5,0,5,43.705201276485695,11.033401435232523,12.138442625584547,76.6,-2.256641503141989,0.0,49.64045711714239,0.0,11.418680838960896,4.899909730850478,0.0,4.899909730850478,11.387855989696922,6.23244448938664,11.126902983393991,0.0397721715774184,-2.0936048747345537,9.61120925467411,10.976744186046512,-6.039999999999997,49.73395866530386,-0.3105052719532737,0.2036652290676356,15.138624466694264,5.682343524131004,3.058685688805572,0.9302325581395348,78.21139529093608,9.967957041894415,0,23.00917486075005,14.041946935789776,0.1772373803741432,10.415269176636173,0.0,9.967957041894415,1.3603674828900238,4.899909730850478,10.700970078404955,0.0397721715774184,36.40391089943099,5,202,13.847474399381248,9.94996869922832,0.4883720930232558,83.92330780493333,0,9936130770.168636,9.967957041894415,4,1.441860465116279,0,445.7920000000001,7.8978469715025135,1.2073881660671262,11.033401435232523,137.77573327386156,23.70572309210268,0.0,27.83460725298028,2.3824098367862727,9.21113722116148,2.1651982422216287,551.6530000000002,5.682343524131004,119.71084719905032,2208.858782471913,7,22.51475897309092,0.0,0.0,44.16072796403405,7.8978469715025135,4.503753033126037,0.0,23.70572309210268,115.26097430077064,29.5010602743246,4.200279115093514,6.272560028729109,10.700970078404955,11.387855989696922,526.4530000000003,0.3105052719532737,173.57299999999967,25.896602061941472,0.0,0.0526315789473684,7,0.0,9.433199999999994,0.0,23.26534560897854,14.041946935789776,5,21.033539738551728,0.0,0.0,9.61120925467411,0.1772373803741432,0,36.50970013444277,0.0,0.0,0.0,10.523783109476971,0.0,0.0,0.0,0.0,0.0,249.09173678551485,10.523783109476971,551.2109958,6,0,1,0,0,0,0,0,0,0,0,0,0,0,0,0,0,0,0,2,0,0,0,0,0,0,0,0,0,0,0,0.0,43,0,0,0,0,0,0,0,0,0,0,0,0,6,0,0,3,2,0,0,0,0,0,0,0,0,0,0,0,0,0,6,0,0,0,0,0,0,0,0,2,0,0,0,0,0,0,0,0,0,0,0,0,0,0,0,0,0,0,0,0,0,0,0,0,9.433199999999994,617
1,10.523783109476971,17.062158824050687,5,0,5,43.705201276485695,11.033401435232523,12.138442625584547,76.6,-2.415675640071022,0.0,49.64045711714239,0.0,11.53341707332876,4.899909730850478,0.0,4.899909730850478,11.387855989696922,6.232586255998993,22.50167553276112,0.0421238557151255,-2.299560735385067,9.63072248753597,13.318181818181818,-6.039999999999997,38.35918611593674,-0.309881677398293,0.195842620966,15.156378149741364,6.794760863644081,3.077966224014371,1.0454545454545454,63.35808973802562,9.967957041894415,1,23.061850345928136,14.553913064077197,0.1772373803741432,9.491702443792269,0.0,9.967957041894415,1.2764401487678478,4.899909730850478,11.689169877399118,-0.1009679691442779,30.337543830969377,5,206,19.26246486877803,9.733585621236712,0.5454545454545454,98.7766133578438,0,19706240939.336308,9.967957041894415,2,1.6363636363636365,2,450.5680000000001,8.950100637967493,0.6316868755613829,22.40817398459965,137.77573327386153,24.205723092102687,0.0,21.87482517300993,2.51292559806591,9.539833454494572,2.3585854014452456,563.6640000000002,6.794760863644081,125.77721426751197,2341.515486672247,8,36.36223337247216,5.41499046939678,0.0,44.51790621423229,8.950100637967493,3.634905031771201,0.0,24.205723092102687,115.26097430077064,30.0010602743246,4.596992912016246,5.533870123040443,11.689169877399118,16.8028464590937,538.4640000000004,0.309881677398293,176.2269999999996,25.65296234850116,0.0,0.0769230769230769,7,0.0,9.455659999999996,0.0,23.26534560897854,14.553913064077197,5,21.48986297417331,0.0,0.0,9.63072248753597,0.1772373803741432,0,22.66222573506152,0.0,0.0,0.0,10.523783109476971,0.0,0.0,0.0,0.0,0.0,254.4508477463823,10.523783109476971,563.2109958000001,6,0,2,0,0,0,1,0,0,0,0,0,0,0,0,0,0,0,0,2,0,0,0,0,0,0,0,0,0,0,0,0.0,44,0,0,0,0,0,0,0,0,0,0,0,0,6,0,0,3,0,0,0,0,0,0,0,0,0,0,0,0,0,0,8,0,0,0,0,0,0,0,0,2,0,0,0,0,0,0,0,0,0,0,0,0,0,0,0,0,0,0,0,0,0,0,0,0,9.455659999999996,585
1,0.0,17.062158824050687,3,0,4,33.54816040832344,0.0,0.0,38.25,-2.32356854096949,1.6514467424757138,28.09556025928321,4.736862953800049,12.48456388573948,4.899909730850478,0.0,9.636772684650529,11.49902366656781,5.919056941631814,0.0,0.8257233712378569,-2.152352501924544,6.188674719727902,12.055555555555555,-4.959999999999998,62.109342898941925,-0.452953524200306,0.2631053285681275,16.48500252580467,4.759190395425104,2.956091897483647,0.9722222222222222,42.46456947923127,9.967957041894415,1,0.0,11.937597489851472,0.1510438494209917,8.362503295700382,0.0,9.967957041894415,1.445448826179036,9.636772684650529,8.698810137096652,0.8257233712378569,72.79640482153933,4,170,0.0,10.032397744350734,0.4722222222222222,84.92913895846256,0,475089846.4718711,9.967957041894415,3,1.5555555555555556,4,369.3200000000001,6.432694263223718,0.4767357576328775,33.79602997429657,127.39370843769387,19.37424472994588,6.188674719727902,16.814289258077554,2.4987921447945167,8.52212542673176,2.253582880643605,463.5400000000001,4.759190395425104,59.497213347004966,1669.580600942334,7,0.0,0.0,14.704819995694464,42.98652255865848,6.432694263223718,3.3923552625979982,0.0,19.37424472994588,127.39370843769387,23.898765978752643,0.0,4.742566337732252,8.698810137096652,0.0,442.3720000000003,0.452953524200306,145.16699999999975,20.416421031025948,0.0,0.0,6,0.0,8.539300000000003,0.0,34.01378263965872,11.937597489851472,4,17.848469228349536,0.0,0.0,6.188674719727902,0.1510438494209917,0,0.0,0.0,0.0,0.0,0.0,0.0,11.49902366656781,0.0,0.0,0.0,208.64828818356224,0.0,463.168462292,5,0,2,0,0,0,1,0,0,0,0,0,0,0,0,0,0,0,0,2,0,0,0,0,0,0,0,0,0,0,0,0.0,36,0,0,0,0,0,0,0,0,0,0,0,0,5,0,0,3,0,0,0,1,0,0,0,0,0,0,0,0,0,0,3,0,0,0,0,0,0,0,0,0,0,0,0,0,0,0,0,0,0,0,0,0,0,0,0,0,0,0,0,0,0,0,0,0,8.539300000000003,572
1,0.0,51.18647647215206,5,0,8,33.54816040832344,0.0,0.0,63.19,-2.326511739382428,4.81887254429181,62.21987790738458,14.210588861400147,17.633860403941537,14.699729192551434,0.0,28.91031805395158,34.49707099970343,5.940492217841312,0.0,0.7740421560875415,-2.1544181629027195,6.343245717618281,12.96875,-8.88,119.23170788017892,-0.4529535242788036,0.1700228984160505,16.490977704506296,9.069491590692044,3.3579202505312584,0.546875,115.26097430077064,9.967957041894415,3,0.0,21.226503139083484,0.1510438494209917,14.361113413553,0.0,9.967957041894415,0.9518507818017216,28.91031805395158,15.806350692494338,0.7740421560875415,109.19460723230902,8,302,0.0,10.013281845065242,0.265625,97.0618730953858,0,1631363515591933.8,9.967957041894415,5,0.890625,12,640.9680000000002,12.000589172546189,0.4765045233659532,56.54557507303082,212.3228473961563,34.168072270528285,18.97876547909288,28.18906180744468,2.5322960400572803,13.800233465659836,2.288177611611135,825.928,9.069491590692044,117.82796935639888,3326.7220036295644,13,0.0,0.0,24.17854590329456,72.26826810701394,12.000589172546189,5.771560720837663,0.0,34.168072270528285,212.3228473961563,42.14067770801289,0.0,8.041351145625718,15.806350692494338,0.0,790.6479999999997,0.4529535242788036,254.6809999999994,35.83611231942219,0.0,0.0,10,0.0,15.690299999999969,0.0,57.01182997279434,21.226503139083484,8,31.71377520910467,0.0,0.0,6.343245717618281,0.1510438494209917,0,0.0,0.0,0.0,0.0,0.0,0.0,34.49707099970343,0.0,0.0,0.0,368.6117605001803,0.0,825.2739899799999,9,0,4,0,0,0,3,0,0,0,0,0,0,0,0,0,0,0,0,2,0,0,0,0,0,0,0,0,0,0,0,0.0,64,0,0,0,0,0,0,0,0,0,0,0,0,9,0,0,9,0,0,0,3,0,0,0,0,0,0,0,0,0,0,7,0,0,0,0,0,0,0,0,0,0,0,0,0,0,0,0,0,0,0,0,0,0,0,0,0,0,0,0,0,0,0,0,0,15.690299999999969,572
1,10.523783109476971,17.062158824050687,4,0,4,11.126902983393991,28.078210464787908,12.138442625584547,63.71,-2.460878550895698,0.0,17.062158824050687,0.0,6.7701736459565085,4.899909730850478,0.0,4.899909730850478,0.0,5.898804075591463,22.253805966787983,0.4343236848754948,-2.372132746524416,9.97773666747776,12.863636363636363,-5.969999999999997,22.62561031574768,-0.3098316705314551,0.2136980727049572,15.157850504068383,6.879087848543869,3.076607746721593,0.9772727272727272,65.93020013171267,4.9839785209472085,1,19.95547333495552,14.612682532720946,0.1017391468182013,10.69901502728376,0.0,4.9839785209472085,1.4729208305818415,4.899909730850478,11.029863735278472,-0.5261574964454203,25.980208536304467,4,208,19.26246486877803,9.62217685767046,0.5454545454545454,109.19460723230902,1,17162371441.705526,0.0,4,1.431818181818182,2,458.9280000000001,8.708325135525644,0.7310079771883514,39.30452199185482,178.22864044603435,24.49056030417161,0.0,11.250837766380558,2.570654749433262,11.02488750550786,2.456650162189064,564.6920000000001,6.879087848543869,143.3496722466145,1973.7259366336564,7,44.76856493987889,5.41499046939678,0.0,51.53141458219752,8.708325135525644,3.932665551325613,4.9839785209472085,24.49056030417161,133.46007550615548,30.26057329831844,3.6347175980492654,6.540749242910518,11.029863735278472,0.0,536.4680000000004,0.3098316705314551,175.12799999999956,26.899015091964685,0.0,0.075,6,0.0,9.2747,0.0,23.26534560897854,14.612682532720946,4,21.588920619886736,5.41499046939678,0.0,9.97773666747776,0.1017391468182013,0,36.50970013444277,0.0,0.0,0.0,10.523783109476971,0.0,0.0,0.0,0.0,0.0,257.3003945823582,10.523783109476971,564.231396896,5,0,2,0,0,0,1,0,0,0,0,0,0,0,0,0,0,0,0,1,0,0,0,0,0,0,0,0,0,0,0,0.0,44,0,0,0,0,0,0,0,0,0,0,0,0,5,0,0,3,2,0,0,0,0,0,0,0,0,0,0,0,0,0,2,0,0,0,0,0,0,0,0,2,0,0,0,0,0,0,0,0,0,0,0,0,0,0,0,0,0,0,0,0,0,0,0,0,9.2747,516
3,10.523783109476971,17.062158824050687,6,0,4,66.11337526108535,28.078210464787908,12.138442625584547,73.57,-2.4623022934980545,0.0,60.67385855237492,0.0,6.910293165548775,4.899909730850478,0.0,4.899909730850478,0.0,6.11247115980673,21.544896857859182,0.4176531957053042,-2.373251479483783,10.303264022819782,12.771428571428572,-9.490000000000002,78.32099170236783,-0.3098316704853074,0.1666483017205392,15.158860260598376,11.625593486914749,3.927043940947639,0.8142857142857143,126.59387081632882,14.11817781652992,1,25.35404226978508,23.58509160102522,0.1017391468182013,15.81182136158878,0.0,14.11817781652992,1.100351534224074,14.034109026433187,18.13788625076685,-0.7982198074809466,25.980208536304467,6,328,19.26246486877803,9.618460253361969,0.4,133.46007550615548,1,2.748338772303032e+16,0.0,6,1.2857142857142858,6,718.5360000000002,14.534693567338358,0.7333181217779571,61.37132486231986,263.15777940449675,38.46789126382627,4.76488502147803,44.17050717360687,2.5849081687386,17.19403807319631,2.4669172014686445,895.082,11.625593486914749,237.4130105006596,3921.98293497177,13,44.76856493987889,5.41499046939678,0.0,83.7002857761959,14.534693567338358,5.809563501242683,4.9839785209472085,38.46789126382627,218.3892144646179,47.088271465205565,3.65978902712925,9.2065115498267,18.13788625076685,0.0,852.7459999999994,0.3098316704853074,283.8060000000001,40.757847799458936,0.0,0.046875,12,0.0,15.468899999999964,0.0,34.640118158345665,23.58509160102522,6,34.48790010545308,5.41499046939678,0.0,10.303264022819782,0.1017391468182013,0,36.50970013444277,0.0,0.0,0.0,10.523783109476971,0.0,0.0,0.0,0.0,0.0,404.9795049366462,10.523783109476971,894.3470953440001,9,0,4,0,0,0,1,0,0,0,0,0,0,0,0,0,0,0,0,3,0,0,0,0,0,0,0,0,0,0,0,0.0,70,0,0,0,0,0,0,0,0,0,0,0,0,9,0,0,3,2,0,0,0,0,0,0,0,0,0,0,0,0,0,8,0,0,0,0,0,0,0,0,2,0,0,0,0,0,0,0,0,0,0,0,0,0,0,0,0,0,0,0,0,0,0,0,0,15.468899999999964,522
3,10.523783109476971,17.062158824050687,6,0,4,66.11337526108535,28.078210464787908,12.138442625584547,73.57,-2.4620959340651742,0.0,60.67385855237492,0.0,6.885852820685621,4.899909730850478,0.0,4.899909730850478,0.0,6.099806296907368,43.61169972832423,0.418224575495252,-2.373384498272672,10.27013771998567,12.771428571428572,-9.490000000000002,56.25418883190279,-0.3098316705308579,0.1666483017205392,15.15881895588131,11.625200107626872,3.933730499581252,0.7285714285714285,114.46113667940558,14.11817781652992,1,25.45604410445145,23.585091601025223,0.1017391468182013,15.81182136158878,0.0,14.11817781652992,1.0274198683508355,14.034109026433187,18.130977603378955,-0.7521618426283387,25.980208536304467,6,328,19.26246486877803,9.6211615400891,0.3857142857142857,145.59280964307868,1,2.770819514423515e+16,0.0,6,1.1142857142857143,6,718.4240000000002,14.571908732953794,0.7303429257747611,61.37132486231986,263.1577794044968,38.46789126382627,4.756997436243903,44.17050717360687,2.577357385450883,17.235388518972094,2.461984494960788,895.0819999999999,11.625200107626872,237.4130105006596,3809.482934971768,13,44.76856493987889,5.41499046939678,0.0,83.59350718064947,14.571908732953794,5.809563501242683,4.9839785209472085,38.46789126382627,218.3892144646179,47.088271465205565,3.655543272330811,9.2065115498267,18.130977603378955,0.0,852.7459999999994,0.3098316705308579,283.8060000000001,40.757847799458936,0.0,0.046875,12,0.0,15.468899999999966,0.0,34.640118158345665,23.585091601025223,6,34.48790010545308,5.41499046939678,0.0,10.27013771998567,0.1017391468182013,0,36.50970013444277,0.0,0.0,0.0,10.523783109476971,0.0,0.0,0.0,0.0,0.0,404.97950493664615,10.523783109476971,894.3470953440001,9,0,4,0,0,0,1,0,0,0,0,0,0,0,0,0,0,0,0,3,0,0,0,0,0,0,0,0,0,0,0,0.0,70,0,0,0,0,0,0,0,0,0,0,0,0,9,0,0,3,2,0,0,0,0,0,0,0,0,0,0,0,0,0,8,0,0,0,0,0,0,0,0,2,0,0,0,0,0,0,0,0,0,0,0,0,0,0,0,0,0,0,0,0,0,0,0,0,15.468899999999966,509
2,0.0,17.062158824050687,7,0,11,33.90261496278784,40.21030782083247,22.99804733313562,117.5,-2.253749220243586,2.3334254811489448,17.062158824050687,18.9474518152002,30.19665184521328,4.899909730850478,24.26546827384644,23.847361546050674,11.648808995999854,5.815978040864506,0.0,0.010660674296032,-2.090854005703576,6.61682820005872,11.59322033898305,-8.44,33.752513299141675,-0.4239919408612094,0.1607457395304132,16.52825710808392,6.644078204826146,3.2797273786186625,0.6949152542372882,66.2271221763131,29.90387112568325,1,0.0,18.7665808841451,0.3282855544733586,15.597469975844009,0.0,29.90387112568325,1.1404892929174857,23.847361546050674,13.24615617673382,0.010660674296032,127.39370843769387,11,282,0.0,10.021118559140676,0.3050847457627119,121.32734136923226,0,61948589542021.92,0.0,6,1.152542372881356,2,600.5120000000002,9.309958175507694,0.3824952348898357,5.563451491696996,188.0573791223099,31.161346675233563,25.72182063565933,34.25542887590629,2.438175508864536,5.852712050042291,2.219469865526735,769.8210000000001,6.644078204826146,61.234026225408975,2718.771440896433,10,0.0,0.0,28.91540885709461,60.22872332126949,9.309958175507694,7.586362779100389,0.0,31.161346675233563,188.0573791223099,39.38368287406168,0.0,9.254701788943,13.24615617673382,24.041859358347345,738.5729999999998,0.4239919408612094,223.82499999999945,35.00743430782533,0.0,0.0,9,0.0,12.00999999999998,0.0,80.9425216542708,18.7665808841451,11,29.180101704293463,0.0,0.0,6.61682820005872,0.3282855544733586,0,0.0,0.0,0.0,0.0,0.0,0.0,47.03990669148297,0.0,24.041859358347345,9.967957041894415,338.41422808838973,19.93591408378884,769.243752472,7,0,3,0,0,8,1,0,0,0,0,0,0,0,0,0,0,0,0,6,0,0,0,0,0,0,0,0,0,0,0,0.0,59,0,0,0,0,0,0,0,0,0,0,0,0,7,0,0,3,0,0,0,4,0,0,0,0,0,0,0,0,0,0,8,0,0,0,0,0,0,0,0,0,0,0,0,0,0,0,0,0,0,0,0,0,0,0,0,0,0,0,0,0,0,0,0,0,12.00999999999998,485
4,5.261891554738487,0.0,5,0,1,109.97294455538268,5.563451491696996,11.63267280448927,43.51,-2.2401733417645047,0.0,87.22339945664844,0.0,0.0,0.0,0.0,0.0,0.0,6.229084930281164,5.563451491696996,0.5835779898379108,-2.11870877239656,12.314853538650436,12.016129032258064,-8.329999999999998,115.53639604707968,-0.3070911534423128,0.1750410029359562,15.110995810900304,10.547653650126357,4.038387883916615,0.6935483870967742,74.51114508399735,18.26839859116542,0,21.37144776885301,21.180391062645977,0.1044356163276932,12.834997638832494,0.0,18.26839859116542,1.4135802494232104,18.26839859116542,16.556918268042622,0.5835779898379108,0.0,5,290,13.847474399381248,9.996826683913769,0.3387096774193548,138.52061142108786,0,637069867062704.5,0.0,4,1.1129032258064515,6,634.0080000000002,13.096749444177904,1.0693397711249386,61.19576456498077,204.74773359740087,34.13392632237819,9.609836598219534,48.77717999040193,2.498846160822469,14.971404338310249,2.3277080896028512,791.9580000000001,10.547653650126357,226.2424734256488,3907.534211046898,13,16.690354475090988,0.0,0.0,70.56644806785476,13.096749444177904,4.554344654168346,0.0,34.13392632237819,188.0573791223099,41.21587426608938,4.3141965600958,7.147074399589035,16.556918268042622,0.0,754.6619999999997,0.3070911534423128,257.9869999999995,34.524245757074205,0.0,0.0350877192982456,13,0.0,14.56351999999997,0.0,28.81876641152652,21.180391062645977,5,30.60168808597357,0.0,0.0,12.314853538650436,0.1044356163276932,0,25.178587266912007,0.0,0.0,0.0,5.261891554738487,0.0,0.0,0.0,0.0,0.0,356.2770298527317,5.261891554738487,791.3048961840001,9,0,4,0,0,0,0,0,0,0,0,0,0,0,0,0,0,0,0,4,0,0,0,0,0,0,0,0,0,0,0,0.0,62,0,0,0,0,0,0,0,0,0,0,0,0,9,0,0,0,2,0,0,0,0,0,0,0,0,0,0,0,0,0,12,0,0,0,0,0,0,0,0,1,0,0,0,0,0,0,0,0,0,0,0,0,0,0,0,0,0,0,0,0,0,0,0,0,14.56351999999997,451
4,5.261891554738487,0.0,5,0,1,109.97294455538268,5.563451491696996,11.63267280448927,43.51,-2.241723758711511,0.0,87.22339945664844,0.0,0.0,0.0,0.0,0.0,0.0,6.231192788401334,49.71660887080856,0.592141754850088,-2.119814719649848,12.564096813146236,12.102941176470589,-8.329999999999998,104.7639476181501,-0.3070911534422842,0.1736870755241708,15.111522039765896,11.532943611969005,4.021216142785344,0.5735294117647058,152.45177069291077,18.26839859116542,0,21.78667582903749,23.644492677783724,0.1044356163660652,14.334996633935209,0.0,18.26839859116542,1.4087073222280342,18.26839859116542,19.5776442102063,0.592141754850088,0.0,5,326,55.38989759752498,9.995603435801607,0.2941176470588235,99.10491554973048,0,4949009497920135.0,0.0,4,0.9117647058823528,0,709.5680000000002,14.584783315890483,1.068449318179448,61.19576456498077,201.7302401368132,39.669824707240416,9.765777956244223,48.77717999040193,2.504273563291432,22.279124706268576,2.3323263633985363,876.1199999999999,11.532943611969005,231.3866942130229,4223.391602684312,13,50.07106342527296,0.0,0.0,59.6221294043872,14.584783315890483,5.550369795803589,0.0,39.669824707240416,151.65917671154028,46.43733519410784,17.379625437395863,8.429505297680478,19.5776442102063,0.0,826.7279999999995,0.3070911534422842,286.4090000000001,39.98650120958677,0.0,0.1269841269841269,13,0.0,16.414039999999968,0.0,28.81876641152652,23.644492677783724,5,32.96476918667769,0.0,0.0,12.564096813146236,0.1044356163660652,0,66.72101046505574,0.0,0.0,0.0,5.261891554738487,0.0,0.0,0.0,0.0,0.0,394.4666825391113,5.261891554738487,875.3987965680001,9,0,4,0,0,0,0,0,0,0,0,0,0,0,0,0,0,0,0,4,0,0,0,0,0,0,0,0,0,0,0,0.0,68,0,0,0,0,0,0,0,0,0,0,0,0,9,0,0,0,8,0,0,0,0,0,0,0,0,0,0,0,0,0,12,0,0,0,0,0,0,0,0,1,0,0,0,0,0,0,0,0,0,0,0,0,0,0,0,0,0,0,0,0,0,0,0,0,16.414039999999968,466
4,5.261891554738487,0.0,5,0,1,176.7343624557467,5.563451491696996,11.63267280448927,43.51,-2.242852992832595,0.0,87.22339945664844,0.0,0.0,0.0,0.0,0.0,0.0,6.240282043938893,0.0,0.5216155330359873,-2.119829422498251,13.41090137056018,11.76530612244898,-13.010000000000025,187.86126543914068,-0.3070911534422521,0.1345554620639615,15.112449266614911,15.710898832961684,1.5059268123477565,0.4897959183673469,177.670765395131,18.26839859116542,0,22.022486627375905,33.608594292921445,0.104435616409327,22.59921915001398,0.0,18.26839859116542,1.066884742056482,18.26839859116542,26.04174582534405,0.5216155330359873,0.0,5,458,13.847474399381248,9.992209827271102,0.2244897959183673,247.7152186533967,0,1.2256876179608913e+28,0.0,10,0.7959183673469388,0,1009.3040000000002,20.29450502409007,1.0694231969396475,61.19576456498077,350.3405432404793,53.99033278292913,9.882553795444306,48.77717999040193,2.520478938307573,27.62624191536553,2.341155799618367,1248.5459999999998,15.710898832961684,371.8352830687273,6157.629982284955,19,16.690354475090988,0.0,0.0,124.94128877108204,20.29450502409007,8.926932775522944,0.0,53.99033278292913,333.65018876538835,65.11464024484196,4.360762224065622,13.034675787750857,26.04174582534405,0.0,1187.0579999999986,0.3070911534422521,410.6030000000012,56.52399840544021,0.0,0.021505376344086,19,0.0,24.565520000000056,0.0,95.58018431189046,33.608594292921445,5,48.39964705710625,0.0,0.0,13.41090137056018,0.104435616409327,0,25.178587266912007,0.0,0.0,0.0,5.261891554738487,0.0,0.0,0.0,0.0,0.0,566.6195950891158,5.261891554738487,1247.4926969519995,15,0,4,0,0,0,0,0,0,0,0,0,0,0,0,0,0,0,0,4,0,0,0,0,0,0,0,0,0,0,0,0.0,98,0,0,0,0,0,0,0,0,0,0,0,0,15,0,0,0,2,0,0,0,0,0,0,0,0,0,0,0,0,0,12,0,0,0,0,0,0,0,0,1,0,0,0,0,0,0,0,0,0,0,0,0,0,0,0,0,0,0,0,0,0,0,0,0,24.565520000000056,469
1,9.589074368143644,0.0,1,2,2,38.62013912223967,22.253805966787983,0.0,39.07,-2.185779968321012,-0.1806362474501277,33.372339756892,9.589074368143644,26.3401205553223,0.0,18.19910120538483,0.0,11.566489892729878,6.283097283929735,21.80584986416212,0.0865167194425433,-2.205821655490875,13.251289499336314,12.694444444444445,-4.759999999999998,22.37774074977455,-0.3092477582645272,0.2657203910535931,16.14422582865414,5.4474584537787045,3.258577948998233,1.0277777777777777,60.51520966231588,4.567099647791355,1,2.4546636555034755,12.03120417056414,0.1940356570602549,7.622436073541845,0.0,16.133589540521232,1.313588768902333,4.567099647791355,9.384231705057054,-0.0941195280075843,25.12283840507545,3,170,6.923737199690624,9.81962683754554,0.5,72.29348924477472,0,394686051.848283,0.0,2,1.6666666666666667,2,371.58400000000006,7.21205578381725,0.0978868830397792,11.033401435232523,137.01186469079403,19.65601502184096,2.280177012816387,38.71364067040113,2.340620881601684,8.215533522145282,2.294356144773482,463.5360000000002,5.4474584537787045,77.36350446933069,1819.414666141036,7,37.40633182662862,0.0,0.0,36.29326189138297,7.21205578381725,2.928111631846676,9.589074368143644,19.65601502184096,109.19460723230902,24.38817609920224,1.9302129436130504,4.361607131648647,9.384231705057054,11.566489892729878,442.36800000000034,0.3092477582645272,144.2609999999998,20.59943241562553,0.0,0.0303030303030303,6,0.0,7.534520000000006,0.0,16.814289258077554,12.03120417056414,3,17.59735678832402,0.0,0.0,13.251289499336314,0.1940356570602549,0,6.923737199690624,0.0,0.0,0.0,0.0,0.0,0.0,0.0,0.0,0.0,207.7971860985172,0.0,463.157228912,5,0,1,0,0,0,0,1,0,0,0,0,0,0,0,0,0,0,0,1,0,0,2,0,0,0,0,0,0,0,0,0.0,36,0,0,0,0,0,0,0,0,0,0,0,0,5,0,0,0,1,0,0,0,0,0,0,0,0,0,0,0,0,2,5,0,0,0,0,0,0,0,0,0,0,0,0,0,0,0,0,0,0,0,0,0,0,0,0,0,0,0,0,0,0,0,0,0,7.534520000000006,598
1,9.589074368143644,0.0,1,2,2,38.62013912223967,22.253805966787983,0.0,39.07,-2.1871926556637704,-0.1862187962170611,33.372339756892,9.589074368143644,26.495080384307894,0.0,12.13273413692322,0.0,11.566489892729878,6.283171565564542,10.772448428929591,0.0889986432339215,-2.2058965076414543,13.338600660733736,12.694444444444445,-4.759999999999998,33.41114218500707,-0.3092261992202978,0.2657203910535931,16.144225957780556,5.469066931084291,3.2583428239829377,1.0833333333333333,60.51520966231588,4.567099647791355,1,2.426472140676548,12.03120417056414,0.1940356570989478,7.622436073541845,0.0,16.133589540521232,1.3804277177889253,4.567099647791355,9.387686028751002,-0.0972201529831395,43.32193961046029,3,170,6.923737199690624,9.819463885821529,0.5,72.29348924477472,0,391813743.51151127,0.0,2,1.7777777777777777,2,371.2320000000001,7.190905357319416,0.0978868829959846,11.033401435232523,137.01186469079403,19.65601502184096,2.27761033425716,38.71364067040113,2.3469009137621897,8.129841941338398,2.294905268500832,463.5360000000002,5.469066931084291,65.23077033240746,1836.664666141036,7,37.40633182662862,0.0,0.0,36.25919476325276,7.190905357319416,2.928111631846676,9.589074368143644,19.65601502184096,109.19460723230902,24.38817609920224,1.931352565717645,4.361607131648647,9.387686028751002,11.566489892729878,442.36800000000034,0.3092261992202978,144.26099999999985,20.59943241562553,0.0,0.0303030303030303,6,0.0,7.534520000000006,0.0,16.814289258077554,12.03120417056414,3,17.59735678832402,0.0,0.0,13.338600660733736,0.1940356570989478,0,6.923737199690624,0.0,0.0,0.0,0.0,0.0,0.0,0.0,0.0,0.0,207.7971860985172,0.0,463.157228912,5,0,1,0,0,0,0,1,0,0,0,0,0,0,0,0,0,0,0,1,0,0,2,0,0,0,0,0,0,0,0,0.0,36,0,0,0,0,0,0,0,0,0,0,0,0,5,0,0,0,1,0,0,0,0,0,0,0,0,0,0,0,0,2,5,0,0,0,0,0,0,0,0,0,0,0,0,0,0,0,0,0,0,0,0,0,0,0,0,0,0,0,0,0,0,0,0,0,7.534520000000006,597
1,9.589074368143644,0.0,1,2,2,38.62013912223967,22.253805966787983,0.0,39.07,-2.196302553404605,-0.193215118615551,33.372339756892,9.589074368143644,26.697944097246182,0.0,12.13273413692322,0.0,11.566489892729878,6.283667724400552,10.772448428929591,0.092099268209477,-2.206472283562769,13.454153212274605,12.694444444444445,-4.759999999999998,33.41114218500707,-0.30862073369589,0.2657203910535931,16.144226762953924,5.526581461319567,3.2559484287000138,1.0555555555555556,48.88539110215728,4.567099647791355,1,2.390775808486848,12.037187234707847,0.194035667428192,7.622436073541845,0.0,16.133589540521232,1.456976349317323,4.567099647791355,9.354506739148952,-0.101115850406074,43.32193961046029,3,170,6.923737199690624,9.818417317113784,0.5,78.35985631323634,0,397209298.321321,0.0,2,1.75,3,371.7360000000001,7.209176266103628,0.0978868815066739,16.720787709916088,137.01186469079403,19.65601502184096,2.2822424647596,38.58970588741457,2.373510265450922,8.054143345184805,2.2980548554275977,463.5360000000002,5.526581461319567,65.23077033240746,1836.664666141036,7,37.40633182662862,0.0,0.0,36.168668354219406,7.209176266103628,2.863575115688346,9.589074368143644,19.65601502184096,109.19460723230902,24.38817609920224,1.9327743820520489,4.361607131648647,9.354506739148952,11.566489892729878,442.36800000000034,0.30862073369589,144.2609999999998,20.59943241562553,0.0,0.0303030303030303,6,0.0,7.534520000000006,0.0,16.814289258077554,12.037187234707847,3,17.614193540729627,0.0,0.0,13.454153212274605,0.194035667428192,0,6.923737199690624,0.0,0.0,0.0,0.0,0.0,0.0,0.0,0.0,0.0,207.7971860985172,0.0,463.157228912,5,0,1,0,0,0,0,1,0,0,0,0,0,0,0,0,0,0,0,1,0,0,2,0,0,0,0,0,0,0,0,0.0,36,0,0,0,0,0,0,0,0,0,0,0,0,5,0,0,0,1,0,0,0,0,0,0,0,0,0,0,0,0,2,5,0,0,0,0,0,0,0,0,0,0,0,0,0,0,0,0,0,0,0,0,0,0,0,0,0,0,0,0,0,0,0,0,0,7.534520000000006,575
2,10.056428738810308,0.0,3,1,2,66.11337526108535,22.253805966787983,6.069221312792274,50.72,-2.1605639360817825,-0.0846905877553008,49.39494467468917,4.794537184071822,14.097772400302508,0.0,0.0,0.0,5.783244946364939,6.12484674677573,21.544896857859182,0.0846905877553008,-2.089670531154485,14.097772400302508,11.46,-6.699999999999997,50.131929894923154,-0.3092477582207907,0.1756180262366393,16.138391139328366,7.802412819818827,3.678565140144404,0.94,97.26786662754998,9.13419929558271,0,15.23489770547496,16.79885748552175,0.1931031806073528,11.473451814346532,0.0,14.91744424194765,1.0733704136009008,9.13419929558271,12.890117623560728,-0.0846905877553008,44.179309741689295,4,236,13.847474399381248,9.865158338527475,0.54,84.92913895846256,0,619953027481.5103,0.0,5,1.36,4,517.3680000000002,10.097739189913948,0.1032881759614176,27.63025436216204,179.4764341700252,27.68364580670439,4.522785976420703,49.61002388231729,2.35896653029897,11.585833281875962,2.214956142746617,641.7740000000002,7.802412819818827,136.53076197760723,2738.296555823658,9,32.6117946425568,0.0,0.0,54.29118975369373,10.097739189913948,4.411984629238258,4.794537184071822,27.68364580670439,151.65917671154028,33.931781694642744,3.852211469987444,6.755507688560798,12.890117623560728,5.783244946364939,610.5260000000001,0.3092477582207907,204.6194999999996,29.43973530317021,0.0,0.0434782608695652,9,0.0,11.267319999999986,0.0,28.57089684555339,16.79885748552175,4,24.52920844090215,0.0,0.0,14.097772400302508,0.1931031806073528,0,25.178587266912007,0.0,0.0,0.0,5.261891554738487,0.0,0.0,0.0,0.0,0.0,289.23857212501207,5.261891554738487,641.246712612,7,0,2,0,0,0,0,0,0,0,0,0,0,0,0,0,0,0,0,2,0,0,1,0,0,0,0,0,0,0,0,0.0,50,0,0,0,0,0,0,0,0,0,0,0,0,7,0,0,0,1,0,0,0,0,0,0,0,0,0,0,0,0,1,6,0,0,0,0,0,0,0,0,1,0,0,0,0,0,0,0,0,0,0,0,0,0,0,0,0,0,0,0,0,0,0,0,0,11.267319999999986,456
2,10.056428738810308,0.0,3,1,2,66.11337526108535,22.253805966787983,6.069221312792274,50.72,-2.1946817618386016,-0.0857331933880041,49.39494467468917,4.794537184071822,14.512349012522971,0.0,0.0,0.0,5.783244946364939,6.128836198950893,43.798702824647165,0.0135157146030095,-2.104519361118524,14.512349012522971,12.742424242424242,-6.699999999999997,50.131929894923154,-0.3092470595377842,0.1618621276151732,16.138407692494752,9.869956396903548,3.763277573034992,0.7878787878787878,165.4471027457715,9.13419929558271,0,15.646110599623285,23.441591895613577,0.1931031806073528,15.452098575279177,0.0,14.91744424194765,1.0724533327110932,9.13419929558271,22.749234379957265,-0.0857331933880041,32.04657560476608,4,332,118.59228267325584,9.847696122925642,0.4545454545454545,119.48304880705712,0,239374689467952.0,0.0,5,1.106060606060606,0,716.1040000000002,13.931854918265271,0.1032836157895125,27.63025436216204,177.46477186296678,41.37424472994587,4.670646087224027,49.61002388231729,2.4061100955285606,16.921978387953292,2.249876566699494,866.2059999999999,9.869956396903548,207.4828742369715,3321.004254134763,9,137.95044700563227,21.65996187758712,0.0,48.45271685666264,13.931854918265271,7.530581277373126,4.794537184071822,41.37424472994587,127.39370843769387,47.41275564665504,31.04859891606845,10.418500308340748,22.749234379957265,27.44320682395206,802.7019999999995,0.3092470595377842,279.41949999999974,44.50017044614058,0.0,0.2903225806451613,9,0.0,16.457319999999964,0.0,28.57089684555339,23.441591895613577,4,30.949895302992303,0.0,0.0,14.512349012522971,0.1931031806073528,0,25.178587266912007,0.0,0.0,0.0,5.261891554738487,0.0,0.0,0.0,0.0,0.0,391.07764595535775,5.261891554738487,865.497113636,7,0,2,0,0,0,0,0,0,0,0,0,0,0,0,0,0,0,0,2,0,0,1,0,0,0,0,0,0,0,0,0.0,66,0,0,0,0,0,0,0,0,0,0,0,0,7,0,0,0,1,0,0,0,0,0,0,0,0,0,0,0,0,1,6,0,0,0,0,0,0,0,0,1,0,0,0,0,0,0,0,0,0,0,0,0,0,0,0,0,0,0,0,0,0,0,0,0,16.457319999999964,465
0,4.794537184071822,21.452573871725505,1,1,2,22.253805966787983,16.690354475090988,5.817220841045895,20.31,-2.453755933484755,-0.3140657053979849,22.845403770415626,9.184952231746642,16.95835736586666,4.899909730850478,6.06636706846161,4.899909730850478,5.783244946364939,6.15152655377,33.380708950181976,0.0422830032742345,-2.37974206093495,16.91609990381982,17.12727272727273,-6.839999999999996,50.44286777423266,-0.3098204242680409,0.1694478749329425,19.14220523654028,10.935195343408306,3.715854766979567,0.8909090909090909,110.08335751082424,0.0,4,0.0,18.92674586435978,0.1931938786036238,10.644625445823175,0.0,5.783244946364939,1.1823995394152784,4.899909730850478,15.225337978782935,-1.0443903167072346,48.53093654769288,3,258,17.753718138484185,9.606556605684991,0.4363636363636363,139.52644257461708,0,14458221697911.12,4.39041504767482,1,1.490909090909091,2,555.9760000000001,12.874149855183036,0.1027598084134144,22.204753488160684,242.93983223509952,29.976584165472204,16.91609990381982,22.37774074977455,2.6469536850033104,16.255376047895965,2.547721604927589,705.8320000000001,10.935195343408306,133.15098829977336,2916.6773707150323,12,65.99250359273877,10.82998093879356,0.0,60.95998567621848,12.874149855183036,3.5259156175556754,4.794537184071822,29.976584165472204,175.9246449853867,36.630452307392,2.0575800449304027,5.923050499282818,15.225337978782935,11.600465787410831,673.576,0.3098204242680409,217.41849999999948,30.60396808873931,0.0,0.0576923076923076,8,0.0,12.18791999999998,0.0,22.253805966787983,18.92674586435978,2,27.056587779343573,10.82998093879356,4.39041504767482,16.91609990381982,0.1931938786036238,0,12.74095804073652,0.0,0.0,0.0,0.0,0.0,0.0,0.0,0.0,0.0,318.3543975785879,0.0,705.246792864,8,0,1,0,1,0,1,3,2,0,1,0,0,0,0,0,0,0,0,0,0,0,1,0,0,0,0,0,0,0,0,0.0,55,0,0,0,0,0,0,0,0,0,0,0,0,8,0,0,3,1,0,0,0,0,0,1,0,0,0,0,0,0,1,18,0,0,0,0,0,0,0,0,0,0,0,0,0,0,0,0,0,0,0,0,0,0,0,0,0,0,0,0,0,0,0,0,0,12.18791999999998,510
0,4.794537184071822,21.452573871725505,1,1,2,11.126902983393991,16.690354475090988,5.817220841045895,20.31,-2.4320649548124686,-0.2916078031049174,22.845403770415626,9.184952231746642,16.59478041686014,4.899909730850478,6.06636706846161,4.899909730850478,5.783244946364939,6.150273623431034,11.126902983393991,0.0302359956328213,-2.373510206692756,16.58973135376995,18.044444444444444,-5.279999999999998,50.44286777423266,-0.309870443222033,0.1916445412636457,19.142202387143907,8.542600936816903,3.384401307834252,1.1111111111111112,87.82955154403626,0.0,3,0.0,15.522045325980532,0.1931938786036237,8.890138888888888,0.0,5.783244946364939,1.415378980228731,4.899909730850478,13.009170414817522,-0.9940773809523796,48.53093654769288,3,216,31.60119253786544,9.60732340570504,0.5777777777777777,104.84298042630542,0,37971722052.101166,4.39041504767482,1,1.7777777777777777,2,460.0400000000001,10.460510517644767,0.1027610429419619,16.789763018763903,183.28199270401268,25.357782011955194,16.58973135376995,27.79273121917133,2.6131317277339976,11.886001208487684,2.5341745314856365,583.7060000000002,8.542600936816903,98.46752615146168,2212.955691535372,9,68.71307500872602,10.82998093879356,0.0,42.78800503922618,10.460510517644767,3.151001656700327,4.794537184071822,25.357782011955194,127.39370843769387,30.664196981141128,6.599756451427627,5.166246204724646,13.009170414817522,17.015456256807614,553.4660000000003,0.309870443222033,178.6844999999996,26.150444005230288,0.0,0.119047619047619,6,0.0,10.150719999999993,0.0,11.126902983393991,15.522045325980532,2,21.84624434829849,5.41499046939678,4.39041504767482,16.58973135376995,0.1931938786036237,0,12.74095804073652,0.0,0.0,0.0,0.0,0.0,0.0,0.0,0.0,0.0,261.9759245487825,0.0,583.2311428,6,0,1,0,1,0,1,2,1,0,1,0,0,0,0,0,0,0,0,0,0,0,1,0,0,0,0,0,0,0,0,0.0,45,0,0,0,0,0,0,0,0,0,0,0,0,6,0,0,3,1,0,0,0,0,0,1,0,0,0,0,0,0,1,11,0,0,0,0,0,0,0,0,0,0,0,0,0,0,0,0,0,0,0,0,0,0,0,0,0,0,0,0,0,0,0,0,0,10.150719999999993,526
0,4.794537184071822,17.062158824050687,1,1,2,11.126902983393991,0.0,0.0,20.31,-2.431823959893613,0.0881620580330899,22.845403770415626,4.794537184071822,16.618404912954876,4.899909730850478,0.0,4.899909730850478,5.783244946364939,6.1492658471827335,44.7554814995491,0.0881620580330899,-2.3663976017908563,14.227884788238324,16.046511627906977,-5.209999999999997,27.941192241471544,-0.3098704432765781,0.2023902074849731,16.138495675217108,8.240577214051147,3.348834312931,0.8604651162790697,74.83944727588403,0.0,3,0.0,14.999729756142589,0.1931938498367837,8.424926450298303,0.0,5.783244946364939,1.3923569857238884,4.899909730850478,12.440470530906964,-0.6000727513227517,12.13273413692322,2,204,24.67745533817481,9.60956953022585,0.4418604651162791,123.04208163169028,0,17939138523.69887,0.0,1,1.4186046511627908,2,441.5840000000001,10.074588638380616,0.1027753268150552,16.789763018763903,184.034054508193,24.13451807732522,0.0,22.22927972747433,2.6008212955822376,13.832548117400211,2.5146656434027617,551.6890000000002,8.240577214051147,146.14109256792557,2057.0773714806123,9,63.14962351702903,10.82998093879356,0.0,49.67150164289774,10.074588638380616,2.953334553505208,4.794537184071822,24.13451807732522,139.52644257461708,28.923710005134968,4.62271660204741,4.7796142042043,12.440470530906964,11.19823541576172,522.4570000000004,0.3098704432765781,173.98949999999954,24.394683086344084,0.0,0.0975609756097561,6,0.0,9.703199999999995,0.0,11.126902983393991,14.999729756142589,2,21.02487714325258,5.41499046939678,0.0,14.227884788238324,0.1931938498367837,0,0.0,0.0,0.0,0.0,0.0,0.0,0.0,0.0,0.0,0.0,251.4454470314596,0.0,551.224914548,6,0,1,0,0,0,1,2,1,0,0,0,0,0,0,0,0,0,0,0,0,0,1,0,0,0,0,0,0,0,0,0.0,43,0,0,0,0,0,0,0,0,0,0,0,0,6,0,0,3,0,0,0,0,0,0,0,0,0,0,0,0,0,1,11,0,0,0,0,0,0,0,0,0,0,0,0,0,0,0,0,0,0,0,0,0,0,0,0,0,0,0,0,0,0,0,0,0,9.703199999999995,515
4,0.0,68.24863529620275,8,1,7,55.24742528399428,22.76262853906405,11.635725555670057,65.67,-2.2819611004879947,1.1867931636472442,117.64357997089188,4.794537184071822,35.32351527439571,19.599638923401912,12.393687143226153,19.599638923401912,5.783244946364939,6.141193721725227,44.507611933575966,0.0240442683985526,-2.1412872174695323,15.26010616678506,12.709677419354838,-12.59000000000002,111.86033502452696,-0.3104810633778637,0.0893215901984354,16.13847533203723,17.193322597138373,1.5808825452988955,0.3548387096774194,281.9512818795217,19.10215633747713,0,4.210710561442845,44.11444848117902,0.1956266617092129,31.631382181716106,0.0,24.885401283842064,0.8146020397828444,19.599638923401912,42.33253135863722,-0.1798709917705454,24.26546827384644,9,628,209.48961654774928,9.864109676273198,0.2016129032258064,263.2315658879608,2,1.0104944318239183e+39,9.967957041894415,16,0.4919354838709677,0,1348.0800000000004,24.90784250704922,0.1033218124345735,22.066802870465047,359.21382134635326,77.35347051394474,4.499192835523575,113.31412228068204,2.485205479574144,27.32347928455985,2.293555881948884,1632.2959999999975,17.193322597138373,461.8236820238701,5605.921828012188,16,226.5987448936169,43.31992375517423,9.967957041894415,107.5921420804245,24.90784250704922,16.95259928001873,13.928736479654532,77.35347051394474,303.5793064293833,88.28621312009584,54.4099690449952,21.68076567711736,42.33253135863722,49.10316870153917,1509.319999999998,0.3104810633778637,528.9165000000022,84.9920161097651,3.4541977550109566,0.2782608695652174,16,0.0,32.16100000000012,0.0,11.635725555670057,44.11444848117902,9,58.41532227859104,0.0,4.794537184071822,15.26010616678506,0.1956266617092129,0,0.0,0.0,0.0,0.0,0.0,0.0,0.0,0.0,0.0,0.0,736.3076038462009,0.0,1630.974160524,12,0,4,0,0,0,0,0,0,0,0,0,0,0,0,0,0,0,0,4,0,0,1,0,0,0,0,0,0,0,0,0.0,124,0,0,0,0,0,0,0,0,0,0,0,0,12,0,0,12,0,0,0,0,0,0,0,0,0,0,0,0,0,1,6,0,0,0,0,0,0,0,0,0,0,0,0,0,0,0,0,0,0,0,0,0,0,0,0,0,0,0,0,0,0,0,0,0,32.16100000000012,596
4,4.794537184071822,68.24863529620275,8,1,15,55.24742528399428,22.76262853906405,57.6318202219413,139.51,-2.2612257044021646,6.973207328326923,117.64357997089188,42.68944081447221,34.07655161886936,76.47801925362216,69.2720674734464,57.494542553802304,5.783244946364939,6.140464069419994,0.0,0.2317290511707765,-2.097410645972108,14.950908849513926,11.185185185185183,-14.19000000000002,157.85642969079825,-0.4967658832525265,0.0529778970139718,16.481925017544153,14.15964909232716,1.5763493980817849,0.4074074074074074,291.18561928615713,19.10215633747713,0,3.85636439600199,35.01342796674537,0.1956266617092129,29.51294815130653,0.0,81.76378161406232,0.7935101974619523,57.494542553802304,25.54174152689832,-0.2317290511707765,121.32734136923226,17,532,0.0,10.072965563461045,0.2314814814814814,0.0,2,1.965370237892544e+31,9.967957041894415,24,0.5648148148148148,0,1121.8960000000002,19.620586134508176,0.103325489924313,78.94518320068529,314.7062094127773,60.61945683765565,49.2595860252672,113.31412228068204,2.470468266449793,15.468621896431,2.253337931026801,1423.6399999999994,14.15964909232716,198.5921161359097,5032.566286544582,16,15.921440167465814,0.0,47.86286067229481,97.71724241370003,19.620586134508176,12.94818287700579,13.928736479654532,60.61945683765565,303.5793064293833,73.94306736958819,0.0,18.65047512681729,25.54174152689832,5.783244946364939,1349.0479999999986,0.4967658832525265,431.7325000000015,68.24974934288619,3.306805464761524,0.0879120879120879,16,13.341620856641985,21.849800000000023,0.0,57.6318202219413,35.01342796674537,17,53.02876177503582,0.0,0.0,14.950908849513926,0.1956266617092129,0,0.0,0.0,0.0,0.0,0.0,0.0,45.99609466627124,0.0,0.0,0.0,624.4573549367366,0.0,1422.557875948,12,0,4,0,0,0,0,0,0,0,0,0,0,0,0,0,0,0,0,4,0,0,1,0,0,0,0,0,0,0,0,0.0,108,0,0,0,0,0,0,0,0,0,0,0,0,12,0,0,12,0,0,0,8,0,0,0,0,0,0,0,0,0,1,6,0,0,0,0,0,8,0,0,0,0,0,0,0,0,0,0,0,0,0,0,0,0,0,0,0,0,0,0,0,0,0,0,0,21.849800000000023,645
3,0.0,34.124317648101375,6,0,4,98.59817200601556,0.0,0.0,42.120000000000005,-2.418632275532476,0.0,121.3477171047498,0.0,16.99822635147996,9.799819461700956,0.0,9.799819461700956,0.0,6.25386829103728,88.80205389016939,0.0631455755068746,-2.300841023574181,6.015528771272821,14.791666666666666,-10.040000000000006,88.42804769752352,-0.3098593676014167,0.1300846543152041,15.1679167765462,16.342047242501426,1.0293478896518409,0.53125,186.13462947240168,19.10215633747713,2,9.270424966123826,34.4700136094129,0.097906263803612,20.25370549343094,0.0,19.10215633747713,1.0004897789165952,18.934018757283667,32.79818063486442,-0.2079607858449099,0.0,6,474,143.26973801143066,9.73281073902667,0.2604166666666667,219.9744024273589,0,8.32663677027843e+25,9.967957041894415,4,0.8020833333333334,4,1011.1520000000004,21.83293039957774,0.5902579206360102,78.25792338903146,262.8968263981939,58.46789126382623,5.073037705768863,54.52209877494945,2.553943738201472,26.71537016325427,2.3898816086218617,1249.7039999999993,16.342047242501426,348.1030284169516,5237.575675337213,17,155.28740712862597,32.48994281638068,9.967957041894415,83.46036598242226,21.83293039957774,8.819941684414522,0.0,58.46789126382623,218.3892144646179,66.65466737591528,37.31590816428413,12.592124771537542,32.79818063486442,32.48994281638068,1165.0319999999986,0.3098593676014167,409.1560000000015,59.68507730398662,0.0,0.2444444444444444,15,0.0,24.691800000000047,0.0,11.374772549367124,34.4700136094129,6,45.63933269531303,0.0,0.0,6.015528771272821,0.097906263803612,0,0.0,0.0,0.0,0.0,0.0,0.0,0.0,0.0,0.0,0.0,564.0415759369487,0.0,1248.675746688,12,0,5,0,0,0,2,0,0,0,0,0,0,0,0,0,0,0,0,4,0,0,0,0,0,0,0,0,0,0,0,0.0,96,0,0,0,0,0,0,0,0,0,0,0,0,12,0,0,6,0,0,0,0,0,0,0,0,0,0,0,0,0,0,17,0,0,0,0,0,0,0,0,0,0,0,0,0,0,0,0,0,0,0,0,0,0,0,0,0,0,0,0,0,0,0,0,0,24.691800000000047,583
3,0.0,34.124317648101375,6,0,4,120.85197797280354,0.0,0.0,42.120000000000005,-2.448055549508825,0.0,121.3477171047498,0.0,17.372405255419103,9.799819461700956,0.0,9.799819461700956,0.0,6.256491782420369,110.5601207250111,0.0873882650040953,-2.357203538571856,6.148858635252035,14.482758620689657,-13.160000000000023,111.17759279625776,-0.3098093486493992,0.1300833623346695,15.171239209979973,21.127236055684303,1.4729231567455243,0.4655172413793103,230.64224140597776,19.10215633747713,4,9.117696611229714,41.2794146861714,0.097906263803612,23.744153738598047,0.0,19.10215633747713,0.8237055812332643,18.934018757283667,37.23051576279524,-0.5692152512748732,0.0,6,558,115.57478921266816,9.64431786816158,0.2155172413793103,289.34132672398204,0,4.05098021394458e+37,9.967957041894415,4,0.7327586206896551,4,1199.1680000000003,26.66020907465424,0.5902579206360103,89.08790432782502,382.2125054603675,67.7054955708602,5.093993908511399,43.69211783615589,2.660308145001618,35.62174303784985,2.5350662563745354,1493.9559999999994,21.127236055684303,417.4699527135747,6757.541471863575,23,149.84626429665144,32.48994281638068,9.967957041894415,121.0225790022882,26.66020907465424,9.29549887437036,0.0,67.7054955708602,315.45108756000354,78.58717802841709,27.93824885136837,14.008448428539149,37.23051576279524,21.65996187758712,1405.251999999998,0.3098093486493992,486.624000000002,68.43705762690563,0.0,0.1636363636363636,19,0.0,28.76620000000008,0.0,33.62857851615511,41.2794146861714,6,56.06001955740316,10.82998093879356,0.0,6.148858635252035,0.097906263803612,0,0.0,0.0,0.0,0.0,0.0,0.0,0.0,0.0,0.0,0.0,676.7985219965608,0.0,1492.707046816,16,0,5,0,0,0,2,2,2,0,0,0,0,0,0,0,0,0,0,4,0,0,0,0,0,0,0,0,0,0,0,0.0,116,0,0,0,0,0,0,0,0,0,0,0,0,16,0,0,6,0,0,0,0,0,0,0,0,0,0,0,0,0,0,31,0,0,0,0,0,0,0,0,0,0,0,0,0,0,0,0,0,0,0,0,0,0,0,0,0,0,0,0,0,0,0,0,0,28.76620000000008,606
1,4.794537184071822,0.0,1,1,1,27.49323613884568,0.0,0.0,22.0,-2.447235258081774,0.1042577370454356,27.58909481052705,4.794537184071822,13.669649961096573,0.0,0.0,0.0,5.783244946364939,6.163455287159291,38.62013912223967,0.1042577370454356,-2.4041080364594443,13.669649961096573,14.764705882352942,-4.429999999999998,22.253805966787983,-0.3085735841447511,0.2517390846127539,16.138481459431542,6.588995057838448,3.245695929985532,1.0588235294117647,34.386540103711205,4.567099647791355,2,2.4939810090702954,11.678362551096669,0.1931912900741748,6.119678013903514,0.0,10.350344594156294,1.7056044099203294,4.567099647791355,9.241740512692877,-0.567880763416478,24.26546827384644,2,158,5.41499046939678,9.577824913215377,0.5,103.1282401638474,0,235827592.4706096,0.0,0,1.8235294117647056,3,343.1600000000001,7.79911494138733,0.1027610487395735,22.135778179312865,148.64168325095258,18.32511700056672,2.4188860544217685,21.899351412323583,2.56631039785177,9.186671180818008,2.500193461004727,433.5100000000001,6.588995057838448,95.56260567471554,1788.207404752895,8,38.1752461342538,5.41499046939678,0.0,40.37655405754793,7.79911494138733,1.886639704750025,4.794537184071822,18.32511700056672,115.26097430077064,22.44058234200953,0.0,3.24841524483476,9.241740512692877,5.783244946364939,414.3580000000003,0.3085735841447511,136.0814999999999,18.047700887768176,0.0,0.03125,6,0.0,7.024200000000006,0.0,5.687386274683562,11.678362551096669,2,16.814533712207506,5.41499046939678,0.0,13.669649961096573,0.1931912900741748,0,0.0,0.0,0.0,0.0,0.0,0.0,0.0,0.0,0.0,0.0,196.2648907305476,0.0,433.146664228,5,0,2,0,0,0,1,1,1,0,0,0,0,0,0,0,0,0,0,1,0,0,1,0,0,0,0,0,0,0,0,0.0,34,0,0,0,0,0,0,0,0,0,0,0,0,5,0,0,0,0,0,0,0,0,0,0,0,0,0,0,0,0,1,11,0,0,0,0,0,0,0,0,0,0,0,0,0,0,0,0,0,0,0,0,0,0,0,0,0,0,0,0,0,0,0,0,0,7.024200000000006,479
0,4.794537184071822,17.062158824050687,1,1,3,0.0,0.0,0.0,29.540000000000003,-2.4969923153873737,1.7338848920473204,22.845403770415626,9.53140013787187,16.010207826217925,4.899909730850478,0.0,9.636772684650529,17.28226861293275,6.146052710930467,0.0,0.0769723091129119,-2.424041371842187,13.685071771796158,15.314285714285717,-4.629999999999998,61.94189144080047,-0.4529413327284846,0.239997521887998,16.485090980134853,6.372848812875394,2.924443192412756,1.0571428571428572,46.51927424063442,0.0,3,0.0,11.836610841560528,0.1931912902022225,6.4860496138754975,0.0,5.783244946364939,1.6023621548527245,9.636772684650529,9.244953856341478,-0.6436735874905524,60.6636706846161,3,164,5.41499046939678,9.571529764255176,0.5142857142857142,90.99550602692418,0,327155822.2470273,0.0,0,1.8,4,351.4800000000001,7.653044852192299,0.1027612949616425,22.477149293447464,148.64168325095258,18.73336529103058,6.461707923910305,11.126902983393991,2.639797357860472,8.326750322814313,2.5256314171262253,449.5090000000002,6.372848812875394,59.497213347004966,1667.4497347183683,8,38.1752461342538,5.41499046939678,4.736862953800049,39.21744903501013,7.653044852192299,2.1410886454858176,4.794537184071822,18.73336529103058,115.26097430077064,23.147689123196084,0.0,3.476311709769208,9.244953856341478,5.783244946364939,430.3570000000003,0.4529413327284846,136.49949999999987,18.75886203238929,0.0,0.03125,5,0.0,7.502600000000005,0.0,11.49902366656781,11.836610841560528,3,17.2976969598019,5.41499046939678,0.0,13.685071771796158,0.1931912902022225,0,0.0,0.0,0.0,0.0,0.0,0.0,11.49902366656781,0.0,0.0,0.0,202.40707171171263,0.0,449.141578848,5,0,2,0,0,0,2,1,1,0,0,0,0,0,0,0,0,0,0,0,0,0,1,0,0,0,0,0,0,0,0,0.0,35,0,0,0,0,0,0,0,0,0,0,0,0,5,0,0,3,0,0,0,1,0,0,0,0,0,0,0,0,0,1,10,0,0,0,0,0,0,0,0,0,0,0,0,0,0,0,0,0,0,0,0,0,0,0,0,0,0,0,0,0,0,0,0,0,7.502600000000005,522
3,0.0,0.0,3,0,2,71.6431594190314,0.0,0.0,30.19,-2.094144950289939,0.0,49.128400445940485,0.0,10.217998866213152,0.0,0.0,0.0,0.0,6.274403530587144,38.094999010707966,0.933580771814899,-1.9435287130081924,5.108999433106576,12.827586206896552,-3.979999999999999,33.54816040832343,-0.3066119210785882,0.3091777294334358,14.944448391259476,5.315823800898125,3.2574315841151944,0.896551724137931,12.13273413692322,14.36865164815621,1,5.169092655580752,9.874648661008356,0.0994666592002605,4.527976819491618,0.0,14.36865164815621,1.7833512778931448,4.400694606261793,7.850166394768383,0.933580771814899,24.26546827384644,3,132,0.0,10.015424463120416,0.4482758620689655,66.73003775307771,0,21726221.73383648,9.967957041894415,0,1.4137931034482758,5,282.4560000000001,6.440018992473036,1.303995592753847,38.97135957777823,78.86277189000094,15.347194285965012,2.452407407407408,32.671799841253176,2.4781534660150584,9.897755731922398,2.2707786460533166,367.41100000000006,5.315823800898125,58.99799822241628,1679.9432865867286,8,0.0,0.0,9.967957041894415,27.92941200554296,6.440018992473036,1.469712718449342,0.0,15.347194285965012,78.86277189000094,18.689505486452976,0.0,2.1983500786191863,7.850166394768383,0.0,354.30700000000013,0.3066119210785882,118.62700000000002,14.07961100982717,0.0,0.0,7,0.0,6.427300000000003,0.0,22.51475897309092,9.874648661008356,3,14.39897948556636,0.0,0.0,5.108999433106576,0.0994666592002605,0,0.0,0.0,0.0,0.0,0.0,0.0,0.0,0.0,0.0,0.0,164.74580553621354,0.0,367.110947416,4,0,4,0,0,0,1,0,0,0,0,0,0,0,0,0,0,0,0,3,0,0,0,0,0,0,0,0,0,0,0,0.0,29,0,0,0,0,0,0,0,0,0,0,0,0,4,0,0,0,0,0,0,0,0,0,0,0,0,0,0,0,0,0,6,0,0,0,0,0,0,0,0,0,0,0,0,0,0,0,0,0,0,0,0,0,0,0,0,0,0,0,0,0,0,0,0,0,6.427300000000003,502
3,0.0,0.0,3,0,2,82.415607847961,0.0,0.0,30.19,-2.1055287398412474,0.0,59.90084887487008,0.0,10.518259637188208,0.0,0.0,0.0,0.0,6.275185946836992,48.86744743963755,0.93469188292601,-1.949901589855389,5.259129818594104,12.848484848484848,-4.499999999999998,33.54816040832344,-0.3066119210785377,0.2380732991085031,14.9447323755694,6.057934390199138,3.3449536743086026,0.9090909090909092,22.90518256585281,14.36865164815621,1,7.53035669951074,11.279349199387603,0.099467101479642,5.27610818933133,0.0,14.36865164815621,1.5899442254050715,4.400694606261793,9.049525131886156,0.93469188292601,0.0,3,150,0.0,10.009621911290724,0.4545454545454545,78.86277189000094,0,189314704.3598408,9.967957041894415,0,1.4242424242424243,3,320.9440000000001,7.401172463171319,1.3089235038014126,38.97135957777823,90.99550602692418,17.501894824344266,2.462824074074074,32.671799841253176,2.480176104247493,9.86500381659653,2.272955792665591,417.4710000000001,6.057934390199138,95.39620063318596,1985.304898797284,9,0.0,0.0,9.967957041894415,32.623555772630446,7.401172463171319,1.7704388505235018,0.0,17.501894824344266,90.99550602692418,21.258419587205324,0.0,2.5865702091627134,9.049525131886156,0.0,402.3510000000002,0.3066119210785377,136.1329999999999,16.17798836554701,0.0,0.0,8,0.0,7.580500000000002,0.0,22.51475897309092,11.279349199387603,3,16.365305980755146,0.0,0.0,5.259129818594104,0.099467101479642,0,0.0,0.0,0.0,0.0,0.0,0.0,0.0,0.0,0.0,0.0,187.42747006794872,0.0,417.12659748,5,0,4,0,0,0,1,0,0,0,0,0,0,0,0,0,0,0,0,3,0,0,0,0,0,0,0,0,0,0,0,0.0,33,0,0,0,0,0,0,0,0,0,0,0,0,5,0,0,0,0,0,0,0,0,0,0,0,0,0,0,0,0,0,7,0,0,0,0,0,0,0,0,0,0,0,0,0,0,0,0,0,0,0,0,0,0,0,0,0,0,0,0,0,0,0,0,0,7.580500000000002,519
3,0.0,0.0,3,0,2,71.64315941903139,0.0,0.0,30.19,-2.1000650668084804,0.0,49.128400445940485,0.0,10.319943310657596,0.0,0.0,0.0,0.0,6.274463500709516,43.65845050240496,0.9410807718148988,-1.9500496653438268,5.169832766439909,12.833333333333334,-3.979999999999998,33.54816040832343,-0.3066119210785764,0.2912402760499735,14.944588806980406,5.480135432627774,3.2572116598201486,1.1,24.61992282831084,14.36865164815621,1,5.172328060981561,10.285332263531316,0.0994668604355322,4.768613669580648,0.0,14.36865164815621,1.7490631767469091,4.400694606261793,8.35362071846233,0.9410807718148988,0.0,3,138,6.923737199690624,10.013415019848011,0.5666666666666667,60.6636706846161,0,30589161.96903124,9.967957041894415,0,1.7333333333333334,3,295.00000000000006,6.689203310629895,1.293568587584663,38.97135957777822,78.35985631323634,16.269844016775387,2.4576157407407404,32.671799841253176,2.478691344963861,11.135638842211716,2.2716611914026474,381.43800000000016,5.480135432627774,84.12083662749176,1856.3056770744267,8,5.563451491696996,0.0,9.967957041894415,26.14381851480516,6.689203310629895,1.5364200971233477,0.0,16.269844016775387,72.79640482153933,19.559748974456056,2.103988863936555,2.374644760719536,8.35362071846233,0.0,366.3180000000001,0.3066119210785764,123.36400000000002,14.939214572156954,0.0,0.037037037037037,7,0.0,6.735720000000003,0.0,22.51475897309092,10.285332263531316,3,14.792826335683715,0.0,0.0,5.169832766439909,0.0994668604355322,0,6.923737199690624,0.0,0.0,0.0,0.0,0.0,0.0,0.0,0.0,0.0,171.11074765061014,0.0,381.12659748,4,0,4,0,0,0,1,0,0,0,0,0,0,0,0,0,0,0,0,3,0,0,0,0,0,0,0,0,0,0,0,0.0,30,0,0,0,0,0,0,0,0,0,0,0,0,4,0,0,0,1,0,0,0,0,0,0,0,0,0,0,0,0,0,6,0,0,0,0,0,0,0,0,0,0,0,0,0,0,0,0,0,0,0,0,0,0,0,0,0,0,0,0,0,0,0,0,0,6.735720000000003,505
4,9.589074368143644,0.0,3,0,4,92.47914716796176,32.578298293091706,5.516700717616262,64.33,-2.062360114555664,0.0,92.47914716796176,0.0,37.589053176425246,0.0,30.33183534230805,10.85758078380108,10.85758078380108,6.321701388805154,21.67537336101065,0.1546377282930311,-2.131849659141751,13.7902395992322,12.82051282051282,-5.419999999999998,38.22547551385944,-0.3066119210644312,0.1673419713615797,16.136235870833055,7.015431895248746,3.467030000941302,0.8974358974358975,12.13273413692322,14.36865164815621,0,8.32524145349251,12.94358055399518,0.1962740518452984,6.341499217635143,0.0,14.36865164815621,1.5634048339595112,4.400694606261793,10.421139809054017,-0.1857048526736473,6.06636706846161,5,178,0.0,10.00466804194147,0.4102564102564102,78.86277189000094,0,3873955811.404103,9.967957041894415,0,1.5128205128205128,3,372.6400000000001,8.59427289212562,1.3945534889413445,38.48642852016236,111.44216117886891,20.31839140527199,2.369462186109012,48.47601793018316,2.442941958649829,5.658670645290831,2.2329164794909544,497.51300000000026,7.015431895248746,58.997998222416285,2815.542423545133,10,0.0,0.0,9.967957041894415,29.724239205349072,8.59427289212562,2.095441221358337,9.589074368143644,20.31839140527199,100.58458039506785,25.567820663963825,0.0,3.1966778641709457,10.421139809054017,10.85758078380108,482.3930000000004,0.3066119210644312,159.1329999999998,19.659457870146785,0.0,0.0,10,0.0,6.988700000000002,0.0,0.0,12.94358055399518,5,19.20350993820666,0.0,0.0,13.7902395992322,0.1962740518452984,0,0.0,0.0,0.0,0.0,0.0,0.0,0.0,0.0,0.0,0.0,217.7232696908426,0.0,497.1164267200001,6,0,4,0,0,0,0,0,0,0,0,0,0,0,0,0,0,0,0,3,0,0,0,0,0,0,0,0,0,0,0,0.0,39,0,0,0,0,0,0,0,0,0,0,0,0,6,0,0,0,0,0,0,0,0,0,0,0,0,0,0,0,0,0,9,0,0,0,0,0,0,0,0,0,0,0,0,0,0,0,0,0,0,0,0,0,0,0,0,0,0,0,0,0,0,0,0,0,6.988700000000002,456
4,0.0,0.0,4,0,3,71.77363592218288,5.647177220767728,11.210628712464722,43.08,-2.08881645003309,0.0,49.25887694909196,0.0,14.51188072142437,0.0,6.196843571613076,0.0,5.647177220767728,6.274215554289486,38.094999010707966,0.6835807718148988,-1.9579330765654488,5.046499433106575,12.827586206896552,-4.049999999999999,28.031459690707173,-0.3066119117665593,0.3385342294911528,14.96369153298183,5.209919847002905,3.2574315841151944,1.137931034482759,12.13273413692322,19.35263016910342,1,5.1050888133031,9.73444588057735,0.1782855056016143,4.499238016515662,0.0,19.35263016910342,1.783351277893145,4.400694606261793,7.707586668449409,0.6835807718148988,12.13273413692322,4,132,0.0,10.018538976740686,0.5517241379310345,54.59730361615449,1,21726221.73383648,14.951935562841626,0,1.827586206896552,3,280.80800000000005,6.309817493331671,1.2334047388709162,22.244030147697245,72.9268813246908,15.217057612275346,2.431999244142101,38.86864341286625,2.4774395877708093,9.302555901990427,2.2724979700212,368.3990000000001,5.209919847002905,63.98197674336349,1682.8132020161922,8,0.0,0.0,9.967957041894415,23.53821864239523,6.309817493331671,1.4584201702392003,0.0,15.217057612275346,72.9268813246908,18.68950548645298,0.0,2.175108027347051,7.707586668449409,0.0,356.30300000000017,0.3066119117665593,116.42200000000004,14.01973680021356,1.7769233434114386,0.0,7,0.0,5.822300000000003,0.0,22.51475897309092,9.73444588057735,4,14.398979485566365,0.0,0.0,5.046499433106575,0.1782855056016143,0,0.0,0.0,0.0,0.0,0.0,0.0,0.0,0.0,0.0,0.0,163.96545351716009,0.0,368.106196384,3,0,5,0,0,0,1,0,0,0,0,0,0,0,0,0,0,0,0,4,0,0,0,0,0,0,0,0,0,0,0,0.0,29,0,0,0,0,0,0,0,0,0,0,0,0,3,0,0,0,0,0,0,0,0,0,0,0,0,0,0,0,0,0,6,0,0,0,0,0,0,0,0,0,0,0,0,0,0,0,0,0,0,0,0,0,0,0,0,0,0,0,0,0,0,0,0,0,5.822300000000003,519
3,10.523783109476971,0.0,5,0,4,60.60975798379888,11.387855989696922,23.52629861528147,77.77,-2.0873826009096543,0.0,38.094999010707966,0.0,9.22438775510204,0.0,0.0,0.0,11.387855989696922,6.273139760076552,16.289149146545853,0.0585807718148987,-2.0041018095694776,9.519017251988032,12.06896551724138,-4.479999999999999,32.9327528475561,-0.3066119133866064,0.3770834498655216,14.948329588917703,4.907082735414371,3.2547259473722265,1.0,0.0,14.36865164815621,1,23.74059245308164,9.244511987318688,0.1772383008433788,4.673555516688203,0.0,14.36865164815621,1.889582232874397,4.400694606261793,7.282272453133283,0.0585807718148987,36.40391089943099,5,130,0.0,10.013636181504422,0.5862068965517241,54.59730361615449,0,14991834.035911318,9.967957041894415,0,1.4482758620689655,3,283.14400000000006,5.9770979000098725,1.1428383446739772,16.550102152848787,65.98515960585141,14.932220400206424,2.306999244142101,32.671799841253176,2.476542531299294,6.598926524313431,2.280363391308259,367.37100000000015,4.907082735414371,44.70048699046426,1650.7265764158144,7,11.387855989696922,0.0,0.0,22.795760690027464,5.9770979000098725,1.4893146685964966,0.0,14.932220400206424,54.59730361615449,19.275291924079887,0.0,2.346796599135212,7.282272453133283,11.387855989696922,358.2990000000001,0.3066119133866064,110.55100000000002,14.562168167662657,0.0,0.0,6,0.0,5.0174600000000025,0.0,34.65320159867546,9.244511987318688,5,14.31319304793946,0.0,0.0,9.519017251988032,0.1772383008433788,0,22.66222573506152,0.0,0.0,0.0,10.523783109476971,0.0,0.0,0.0,0.0,0.0,163.57918459620902,10.523783109476971,367.085795288,3,0,4,0,0,0,1,0,0,0,0,0,0,0,0,0,0,0,0,3,0,0,0,0,0,0,0,0,0,0,0,0.0,29,0,0,0,0,0,0,0,0,0,0,0,0,3,0,0,0,0,0,0,0,0,0,0,0,0,0,0,0,0,0,5,0,0,0,0,0,0,0,0,2,0,0,0,0,0,0,0,0,0,0,0,0,0,0,0,0,0,0,0,0,0,0,0,0,5.0174600000000025,617
4,0.0,0.0,3,0,3,71.6431594190314,0.0,11.033401435232523,30.19,-2.079406841715319,0.0,60.46518632387522,0.0,10.158832199546485,0.0,11.336785877934735,0.0,0.0,7.088364154448054,49.22190199410196,0.9729326236667508,-1.9290994057097688,5.079416099773242,13.0,-3.4999999999999982,22.421257424929443,-0.306611921041707,0.3040744118668799,32.13338778302864,5.113495876618672,3.400731741725851,1.0357142857142858,0.0,14.36865164815621,1,9.368893560510624,9.346053181799387,0.1001450070603914,4.316326530612245,0.0,14.36865164815621,1.812193186871237,4.400694606261793,7.503717905858768,0.9729326236667508,0.0,4,128,0.0,10.018435949923834,0.5714285714285714,54.59730361615449,0,14186057.24012062,9.967957041894415,0,1.5714285714285714,3,278.48800000000006,6.1800630754900565,1.3167519969537296,27.937958142545703,65.35742915708632,15.41723861897735,2.455011574074074,43.43192538218501,2.47939394028792,10.05456821617536,2.272043227131036,373.44000000000017,5.786237419906486,69.75812376334811,1647.7884890767652,8,0.0,0.0,9.967957041894415,19.804155450696754,6.898749373539375,1.3279230106291295,0.0,14.600742038049624,65.35742915708632,17.982398705266434,0.0,2.1020205701328147,8.247287953625712,0.0,362.35200000000015,0.306611921041707,116.50400000000002,13.635802469135802,0.0,0.0,7,0.0,6.488800000000002,11.336785877934735,22.51475897309092,10.288862223381452,3,13.898979485566365,0.0,0.0,5.079416099773242,0.1001450070603914,0,0.0,0.0,0.0,0.0,0.0,0.0,0.0,0.0,0.0,11.336785877934735,162.38616880662505,0.0,373.067368352,3,0,5,0,0,0,1,0,0,0,0,0,0,0,0,0,0,0,0,3,0,0,0,0,0,0,0,0,0,0,0,1.6585389989967008,28,0,0,0,0,0,0,0,0,0,0,0,0,3,0,0,0,0,0,0,0,0,0,0,0,0,0,0,0,0,0,6,0,0,0,0,0,0,0,0,0,0,0,0,0,0,0,0,0,0,0,0,0,0,0,0,0,0,0,0,0,0,1,0,0,6.488800000000002,511
3,13.17124514302446,13.17124514302446,3,0,2,71.6431594190314,16.904556707313183,0.0,30.19,-2.115916916566232,0.0,49.128400445940485,13.17124514302446,9.64798752834467,0.0,0.0,0.0,0.0,6.274511510535905,11.452591282926406,0.2366594755186026,-2.0495899082075555,13.370199456171123,13.303030303030305,-4.189999999999999,55.96841191656038,-0.3066119210785761,0.2476810775567981,19.413184792127893,5.546432340009164,3.2991716641652182,1.0909090909090908,18.19910120538483,14.36865164815621,1,4.566791636126954,10.602278973045154,0.4159895130659946,5.405608763683368,0.0,14.36865164815621,1.637614469844915,4.400694606261793,8.562704652910156,-4.436670968580016,24.26546827384644,6,156,6.176298517443475,10.01252601991752,0.5757575757575758,54.59730361615449,0,96997068.86944468,9.967957041894415,0,1.6666666666666667,3,316.53600000000006,6.861028029001849,-0.1370479210176656,44.534811069475225,78.35985631323634,16.90373743580307,42.397473368513374,32.671799841253176,2.4810889565404657,6.295101592914995,2.316649217006115,435.4080000000002,5.546432340009164,34.73252994856984,1964.284952983122,8,5.563451491696996,6.176298517443475,9.967957041894415,22.11265017601336,6.861028029001849,1.9766808629428128,0.0,16.90373743580307,72.79640482153933,22.059748974456056,0.0,2.8462121228772737,8.562704652910156,5.516700717616262,423.3120000000003,0.4159895130659946,123.629,17.375471322669267,-4.436670968580016,0.037037037037037,7,0.0,7.446100000000002,0.0,22.51475897309092,10.602278973045154,3,16.004151201088902,11.73975000914047,0.0,13.370199456171123,0.3066119210785761,0,0.0,0.0,0.0,0.0,0.0,0.0,0.0,0.0,6.176298517443475,0.0,183.60735385938884,13.17124514302446,435.098332044,4,0,4,0,0,0,1,0,0,0,0,0,0,0,0,0,0,0,0,3,0,0,0,0,0,0,0,0,0,0,0,0.0,33,0,0,0,0,0,0,0,3,0,0,0,0,4,0,0,0,0,0,0,0,0,0,3,0,0,0,0,0,0,0,6,0,0,0,0,0,0,0,0,0,0,0,0,0,0,0,0,0,0,0,0,0,0,0,0,0,0,0,0,0,0,0,0,0,7.446100000000002,507
3,0.0,0.0,3,0,2,71.6431594190314,0.0,0.0,30.19,-2.104743758622894,0.0,80.98828824183919,0.0,10.320221088435376,0.0,0.0,0.0,0.0,9.128082535115366,38.094999010707966,0.8804094755186025,-1.951158300058392,5.160110544217687,12.838709677419354,-3.0199999999999987,42.493599439988266,-0.3066119210784959,0.201268844250287,79.91993839799254,5.367513671365927,3.268551053034733,0.967741935483871,43.99262193282192,14.36865164815621,1,5.114648253648976,10.07996340320721,0.0994674712612626,5.417062131188913,0.0,14.36865164815621,1.7244187400613002,4.400694606261793,8.116483277905532,0.8804094755186025,12.13273413692322,5,144,0.0,10.01536107528845,0.5483870967741935,54.59730361615449,0,44881631.57629269,9.967957041894415,0,1.4516129032258065,3,325.5920000000001,6.575760015217404,1.2974887386308591,38.97135957777823,75.67547678474254,19.120415771833624,4.395488442800852,41.617238872918,2.481245657981185,9.636230316200557,2.273633468146418,525.2030000000002,6.030102708532901,90.857886018315,1783.745418518431,8,0.0,0.0,9.967957041894415,23.795040431933923,8.420006972580522,1.866218468220704,0.0,15.948422693604217,75.67547678474254,20.429992462459136,0.0,2.908667735237366,9.825157076254577,0.0,514.1150000000005,0.3066119210784959,134.0269999999999,16.645313937458663,0.0,0.0,7,0.0,7.952300000000002,31.859887795898697,22.51475897309092,11.665959942321912,3,15.203509938206675,0.0,0.0,5.160110544217687,0.0994674712612626,0,0.0,0.0,0.0,0.0,0.0,0.0,0.0,0.0,0.0,0.0,192.48090074749624,0.0,522.931971552,4,0,4,0,0,0,1,0,0,0,0,0,0,0,0,0,0,0,0,3,0,0,0,0,0,0,0,0,0,0,0,7.238371466980324,31,0,0,0,0,0,0,0,0,0,0,0,0,4,0,0,0,0,0,0,0,0,0,2,0,0,0,0,0,0,0,6,0,0,0,0,0,0,0,0,0,0,0,0,0,0,0,0,0,0,0,0,0,0,0,0,0,0,0,0,0,0,0,0,0,7.952300000000002,517
3,8.78083009534964,8.78083009534964,3,0,2,71.6431594190314,22.421257424929447,0.0,30.19,-2.099523081589572,-1.840483779421369,49.128400445940485,8.78083009534964,9.608554421768703,0.0,0.0,0.0,11.63444168209179,6.274452296060312,16.289149146545853,0.3422844755186025,-1.9665533713116443,13.96630456110615,12.838709677419354,-4.119999999999998,45.06548698447933,-0.3066119210783439,0.2818131537445603,19.15974964663673,5.367513671365927,3.268551053034733,0.967741935483871,0.0,14.36865164815621,1,4.6882417645152135,10.07996340320721,0.1606357989635441,4.951603355745855,0.0,14.36865164815621,1.7244187400613002,4.400694606261793,8.116483277905532,-0.9202418897106848,24.26546827384644,5,144,0.0,10.01484996323525,0.5483870967741935,54.59730361615449,0,44881631.57629269,18.74878713724405,0,1.4516129032258065,3,296.5280000000001,6.575760015217404,0.5102010361201197,38.97135957777823,78.36447943516951,15.948422693604217,30.247285048138224,44.8045339781764,2.479217213268255,7.27698759133283,2.2749854289215823,403.3910000000002,5.367513671365927,34.73252994856984,1783.745418518431,8,0.0,0.0,9.967957041894415,21.019414953666395,6.575760015217404,1.6745061813674338,0.0,15.948422693604217,66.73003775307771,20.429992462459136,0.0,2.505273587781047,8.116483277905532,0.0,392.3030000000002,0.3066119210783439,118.54300000000002,15.68451179173944,0.0,0.0,7,0.0,6.7055000000000025,0.0,22.51475897309092,10.07996340320721,3,15.203509938206675,11.63444168209179,0.0,13.96630456110615,0.1606357989635441,0,11.63444168209179,0.0,0.0,0.0,0.0,0.0,0.0,0.0,0.0,0.0,173.07687634206602,0.0,403.0921037920001,4,0,4,0,0,0,1,0,0,0,0,0,0,0,0,0,0,0,0,3,0,0,0,0,0,0,0,0,0,0,0,0.0,31,0,0,0,0,0,0,0,0,0,0,0,0,4,0,0,0,0,0,0,0,0,0,2,0,0,0,0,0,0,0,6,0,0,0,0,0,0,0,0,0,0,0,0,0,0,0,0,0,0,0,0,0,0,0,0,0,0,0,0,0,0,0,0,0,6.7055000000000025,500
3,4.39041504767482,4.39041504767482,3,0,2,71.6431594190314,11.033401435232523,5.817220841045895,30.19,-2.0964904372730464,-0.2998715193403138,49.128400445940485,4.39041504767482,9.913276643990928,0.0,6.06636706846161,0.0,0.0,6.274427513766649,44.71103243001493,0.2998715193403138,-1.9514984647214089,13.929267524069113,12.833333333333334,-4.049999999999999,28.031459690707173,-0.3066119210784661,0.2956065428468447,19.14214605801502,5.343255370729595,3.2572116598201486,1.1,12.13273413692322,14.36865164815621,1,4.928667210047983,9.974314500035929,0.125016463646938,4.739649122661763,0.0,14.36865164815621,1.7490631767469094,4.400694606261793,7.994488339508697,-0.2998715193403138,0.0,4,138,0.0,10.015155337678245,0.5666666666666667,54.59730361615449,0,30589161.96903124,14.358372089569237,0,1.7333333333333334,3,289.68000000000006,6.495747628059692,0.6290232859907279,38.97135957777823,78.61362566258522,15.647808489784614,16.312809190735777,38.73816690971479,2.4786249557725992,8.587371661627614,2.2722740356315456,385.4010000000002,5.343255370729595,58.997998222416285,1862.476206961172,8,0.0,0.0,9.967957041894415,23.891080146271342,6.495747628059692,1.5249847148222555,0.0,15.647808489784614,72.79640482153933,19.55974897445606,0.0,2.3506748535648465,7.994488339508697,5.817220841045895,373.3050000000002,0.3066119210784661,118.58500000000002,14.878790345421514,0.0,0.0,7,0.0,6.5664000000000025,0.0,22.51475897309092,9.974314500035929,3,14.792826335683715,0.0,0.0,13.929267524069113,0.125016463646938,0,5.817220841045895,0.0,0.0,0.0,0.0,0.0,0.0,0.0,0.0,0.0,168.9113409391398,0.0,385.101525604,4,0,4,0,0,0,1,0,0,0,0,0,0,0,0,0,0,0,0,3,0,0,0,0,0,0,0,0,0,0,0,0.0,30,0,0,0,0,0,0,0,0,0,0,0,0,4,0,0,0,0,0,0,0,0,0,1,0,0,0,0,0,0,0,6,0,0,0,0,0,0,0,0,0,0,0,0,0,0,0,0,0,0,0,0,0,0,0,0,0,0,0,0,0,0,0,0,0,6.5664000000000025,508
3,0.0,0.0,3,0,2,71.6431594190314,0.0,0.0,30.19,-2.110450817408752,0.0,49.128400445940485,0.0,10.42188775510204,0.0,0.0,0.0,0.0,6.274532172087347,49.22190199410196,0.9572844755186024,-1.961058132733608,5.210943877551021,12.838709677419354,-3.979999999999998,33.54816040832344,-0.3066119210785644,0.275463418959266,14.944744891362314,5.627384302068898,3.268551053034733,0.967741935483871,37.10711151969846,14.36865164815621,1,5.17556346638237,10.70199893019798,0.0994668653050553,5.0098817708863255,0.0,14.36865164815621,1.7244187400613002,4.400694606261793,8.786633420354553,0.9572844755186024,0.0,3,144,13.847474399381248,10.00812959189769,0.5483870967741935,54.59730361615449,0,44881631.57629269,9.967957041894415,0,1.4516129032258065,3,307.3520000000001,7.14917810845675,1.2691995692757123,38.97135957777823,77.85694073647171,17.19249374758576,2.462824074074074,32.671799841253176,2.4794082996019458,12.466114545093625,2.272896345479073,395.46500000000015,5.627384302068898,84.97820675872076,1773.3509133724865,8,11.126902983393991,0.0,9.967957041894415,24.19155835740071,7.14917810845675,1.698293723888716,0.0,17.19249374758576,66.73003775307771,20.429992462459136,4.282051801947184,2.5544481612510763,8.786633420354553,0.0,378.3290000000002,0.3066119210785644,128.101,15.80633967431407,0.0,0.0714285714285714,7,0.0,7.044140000000003,0.0,22.51475897309092,10.70199893019798,3,15.203509938206675,0.0,0.0,5.210943877551021,0.0994668653050553,0,13.847474399381248,0.0,0.0,0.0,0.0,0.0,0.0,0.0,0.0,0.0,177.4756897650068,0.0,395.142247544,4,0,4,0,0,0,1,0,0,0,0,0,0,0,0,0,0,0,0,3,0,0,0,0,0,0,0,0,0,0,0,0.0,31,0,0,0,0,0,0,0,0,0,0,0,0,4,0,0,0,2,0,0,0,0,0,0,0,0,0,0,0,0,0,6,0,0,0,0,0,0,0,0,0,0,0,0,0,0,0,0,0,0,0,0,0,0,0,0,0,0,0,0,0,0,0,0,0,7.044140000000003,500
4,0.0,0.0,4,0,3,71.77363592218288,5.647177220767728,11.210628712464722,43.08,-2.092781159914146,0.0,65.1888208470413,0.0,14.61565386957252,0.0,6.196843571613076,0.0,5.647177220767728,9.103010424396306,38.094999010707966,0.6610807718148988,-1.962393916252664,5.077332766439909,12.833333333333334,-3.5699999999999985,32.50417920653959,-0.306611911766513,0.2636513238719906,79.91873127998626,5.237812611665181,3.2572116598201486,1.2333333333333334,21.99631096641096,19.35263016910342,1,5.077866612337212,9.834111719604923,0.178365519043737,4.939733701213633,0.0,19.35263016910342,1.7490631767469094,4.400694606261793,7.857720282626527,0.6610807718148988,6.06636706846161,5,138,0.0,10.018524976134085,0.6666666666666666,54.59730361615449,1,30589161.96903124,14.951935562841626,0,1.9,3,302.73600000000005,6.357608257363063,1.2260522919810517,22.244030147697245,71.33323377206159,17.103668355209653,3.32946568776475,43.341362928698665,2.478368675015117,9.171793194129505,2.273742056793592,447.2950000000002,5.55702332553527,79.91192064131285,1865.346122390636,8,0.0,0.0,9.967957041894415,21.591981929664787,6.791278412332115,1.6043185483524152,0.0,15.517671816094946,71.33323377206159,19.55974897445606,0.0,2.518253304518644,8.773395811418219,0.0,436.2070000000003,0.306611911766513,124.122,15.293860702854928,1.7769233434114386,0.0,7,0.0,6.584800000000002,15.929943897949348,22.51475897309092,10.627109989162271,4,14.792826335683715,0.0,0.0,5.077332766439909,0.178365519043737,0,0.0,0.0,0.0,0.0,0.0,0.0,0.0,0.0,0.0,0.0,177.83300112280142,0.0,446.0167084520001,3,0,5,0,0,0,1,0,0,0,0,0,0,0,0,0,0,0,0,4,0,0,0,0,0,0,0,0,0,0,0,3.5196486964531246,30,0,0,0,0,0,0,0,0,0,0,0,0,3,0,0,0,0,0,0,0,0,0,1,0,0,0,0,0,0,0,6,0,0,0,0,0,0,0,0,0,0,0,0,0,0,0,0,0,0,0,0,0,0,0,0,0,0,0,0,0,0,0,0,0,6.584800000000002,532
0,4.794537184071822,34.124317648101375,2,1,3,11.126902983393991,0.0,0.0,23.550000000000004,-2.432102515843233,0.0753402648938366,39.90756259446631,4.794537184071822,19.458776889419585,9.799819461700956,0.0,9.799819461700956,5.783244946364939,6.14799614500753,67.25715703231022,0.0753402648938366,-2.366071993213569,14.555114622553852,16.508474576271187,-6.969999999999996,33.62857851615511,-0.3098704745148041,0.1753872261026828,16.13851206310229,11.35933587888358,3.551558184251768,0.6271186440677966,104.16545146466284,0.0,4,0.0,20.735934290294725,0.1931912593470428,11.802374120779367,0.0,5.783244946364939,1.1602115270932023,9.799819461700956,17.619481788651157,-0.7639186507936517,24.26546827384644,3,282,43.939920206952834,9.609534341115204,0.3220338983050847,161.1550243049179,0,66479866761236.47,0.0,2,0.9830508474576272,4,605.2560000000002,14.045468463014688,0.1027701945618219,28.164535568131026,237.6255269708182,33.62318355715255,0.0,33.33165647155467,2.6229195408029176,19.35390400441048,2.5234997163689465,758.965,11.35933587888358,195.22031204046533,2806.3779814892023,12,88.12400089980426,16.244971408190338,0.0,66.19159096411519,14.045468463014688,4.293601874575474,4.794537184071822,33.62318355715255,181.9910120538483,39.83755908857854,9.33705454382758,6.822251316277463,17.619481788651157,16.6132258851585,716.6289999999998,0.3098704745148041,240.8004999999993,34.10439489049094,0.0,0.125,8,0.0,13.812299999999972,0.0,11.126902983393991,20.735934290294725,3,28.718383821892044,5.41499046939678,0.0,14.555114622553852,0.1931912593470428,0,0.0,0.0,0.0,0.0,0.0,0.0,0.0,0.0,0.0,0.0,345.4084643034514,0.0,758.329713964,8,0,2,0,0,0,2,2,1,0,0,0,0,0,0,0,0,0,0,0,0,0,1,0,0,0,0,0,0,0,0,0.0,59,0,0,0,0,0,0,0,0,0,0,0,0,8,0,0,6,0,0,0,0,0,0,0,0,0,0,0,0,0,1,13,0,0,0,0,0,0,0,0,0,0,0,0,0,0,0,0,0,0,0,0,0,0,0,0,0,0,0,0,0,0,0,0,0,13.812299999999972,505
2,0.0,0.0,4,0,4,72.78370709133044,17.47321349399978,11.49902366656781,52.83,-2.456671807299293,3.630182134411156,21.80584986416212,4.736862953800049,14.957404289548538,0.0,0.0,4.736862953800049,17.47321349399978,6.126896496610533,49.74704210563366,0.6245402055585796,-2.380382723845269,6.940612977462448,14.813559322033898,-7.629999999999996,50.44318410844678,-0.4566566788914435,0.1794196636988627,16.48287833075212,9.731140292472778,3.608996283459717,1.0169491525423728,72.49948277693889,19.51903521063298,2,2.5346754343337725,20.10489576463289,0.1635947655236404,12.687406727523843,0.0,19.51903521063298,1.10675498496737,9.303962601591405,15.72437425909492,-0.6913628526348097,60.6636706846161,5,278,19.26246486877803,9.59926175997056,0.4406779661016949,156.71971262647267,0,99747781114099.3,14.951935562841626,4,1.728813559322034,2,603.7600000000001,12.179658707258262,0.4343338616988469,22.135778179312865,215.37172100403023,32.51761074815247,9.4373810711967,38.58970588741457,2.619374368939169,15.157861738360696,2.511789883876814,756.9090000000001,9.731140292472778,139.74191541640485,3257.6412155374646,12,33.380708950181976,5.41499046939678,19.688798516641672,64.62018791555029,12.179658707258262,4.881910285524755,0.0,32.51761074815247,181.9910120538483,39.24333648251435,4.412307416598868,7.2048149405884425,15.72437425909492,0.0,720.6209999999998,0.4566566788914435,237.3259999999994,33.504410367214604,0.0,0.0555555555555555,10,0.0,13.055339999999978,0.0,62.47688089373613,20.10489576463289,5,29.056849790674388,5.41499046939678,0.0,6.940612977462448,0.1635947655236404,0,13.847474399381248,0.0,0.0,0.0,0.0,0.0,11.49902366656781,0.0,0.0,0.0,341.4691767415028,0.0,756.288911772,8,0,4,0,1,0,2,0,1,0,1,0,0,0,0,0,0,0,0,4,0,0,0,0,0,0,0,0,0,0,0,0.0,59,0,0,0,0,0,0,0,0,0,0,0,0,8,0,0,0,2,0,0,1,0,0,0,0,0,0,0,0,0,0,11,0,0,0,0,0,0,0,0,0,0,0,0,0,0,0,0,0,0,0,0,0,0,0,0,0,0,0,0,0,0,0,0,0,13.055339999999978,464
3,0.0,0.0,5,0,4,111.40384621357008,17.47321349399978,11.49902366656781,57.760000000000005,-2.455083846026378,3.561430846248662,43.61169972832423,4.736862953800049,15.07715650142659,0.0,0.0,4.736862953800049,17.47321349399978,6.1448639622387216,65.86550569511222,0.614035619091877,-2.379050777882573,7.041739267498762,14.210526315789474,-10.170000000000003,61.8179566578139,-0.4566566789029579,0.1665836863151958,16.48290191664316,12.598053620686107,3.7792594368329375,0.8026315789473685,94.04437963479808,24.086134858424334,2,4.890996467435079,25.84110029878503,0.1635947655236404,16.420324126443834,0.0,24.086134858424334,0.8847078757385772,13.87106224938276,19.84882713864085,-0.7597874442298642,60.6636706846161,6,354,5.41499046939678,9.60121116926085,0.3157894736842105,200.1901132592331,0,2.3817322291676805e+18,14.951935562841626,6,1.513157894736842,5,769.5840000000002,15.82622969507147,0.4343786768146193,33.169179614545385,283.1075899106372,40.97037784311755,11.932068610455282,55.04954059102772,2.619882786059229,18.210302852470363,2.5111705864038747,970.1479999999998,12.598053620686107,209.3243125548158,4598.935277843396,16,22.253805966787983,5.41499046939678,19.688798516641672,93.4113780552974,15.82622969507147,6.124837665919903,0.0,40.97037784311755,260.8537839438491,49.8998262530772,0.0,9.149531864601114,19.84882713864085,0.0,926.8039999999992,0.4566566789029579,307.6270000000005,42.34778901774824,0.0,0.0142857142857142,14,0.0,17.20259999999998,0.0,79.29117015181369,25.84110029878503,6,37.68497232841164,5.41499046939678,0.0,7.041739267498762,0.1635947655236404,0,0.0,0.0,0.0,0.0,0.0,0.0,11.49902366656781,0.0,0.0,0.0,437.6359418959176,0.0,969.346760996,11,0,5,0,1,0,2,0,1,0,1,0,0,0,0,0,0,0,0,5,0,0,0,0,0,0,0,0,0,0,0,0.0,76,0,0,0,0,0,0,0,0,0,0,0,0,11,0,0,0,0,0,0,1,0,0,0,0,0,0,0,0,0,0,14,0,0,0,0,0,0,0,0,0,0,0,0,0,0,0,0,0,0,0,0,0,0,0,0,0,0,0,0,0,0,0,0,0,17.20259999999998,477
0,0.0,0.0,0,0,4,0.0,59.23988273271797,11.49902366656781,60.440000000000005,-2.2682454512736965,0.6825003522478275,69.1665372684481,18.43200780859404,0.0,0.0,12.13273413692322,52.47772201995021,21.42567820229793,7.867011268212247,0.0,0.3125797850004199,-2.312756803978384,16.281610813370598,11.854545454545455,-5.749999999999997,0.0,-0.4557504103431514,0.12414659090188,31.16724934725653,7.085335397004718,3.274237701090357,0.5454545454545454,30.33183534230805,0.0,0,5.2712102220173,17.9979177837588,0.1742113129044368,15.54291453615778,0.0,0.0,1.4029016204996128,18.43200780859404,13.062923784521209,-3.71768862957896,212.3228473961563,7,268,0.0,10.290830843528276,0.2545454545454545,194.1237461907715,0,5124641967118.658,0.0,11,0.9272727272727272,1,609.5520000000001,9.788613292800177,0.4889883951785262,10.609079792477814,224.4555815330795,32.51987548137124,54.69894235241377,37.13177927367235,2.4988590357713765,0.0,2.380565716460972,770.7420000000002,15.415846852587354,0.0,2559.5018401802886,8,0.0,13.695144854793988,4.736862953800049,69.2885259475398,19.02210013984208,6.685409236100709,0.0,29.83659390837149,224.4555815330795,37.720910646174666,0.0,10.240604322405945,21.29694846824105,0.0,733.4459999999998,0.4557504103431514,231.13549999999933,36.2372987654321,0.0,0.0,8,-10.691178874218693,8.397100000000007,21.42567820229793,11.49902366656781,23.11828525826873,4,26.929708687297243,21.42567820229793,13.695144854793988,16.281610813370598,0.1742113129044368,0,0.0,0.0,0.0,0.0,0.0,0.0,11.49902366656781,0.0,0.0,0.0,321.81340749173194,0.0,770.190469554,8,0,0,0,0,0,0,0,0,0,0,0,0,0,0,0,0,0,0,0,0,0,0,0,0,0,0,0,0,0,0,0.0,55,0,0,0,0,0,0,0,0,0,0,0,0,8,0,0,0,0,0,0,1,0,0,0,0,0,0,0,0,0,0,0,0,0,0,0,0,0,0,0,0,0,0,0,0,0,0,0,0,0,0,0,0,0,0,0,0,0,0,0,0,0,0,0,0,8.397100000000007,463
0,0.0,0.0,0,0,5,0.0,63.65447875486689,11.49902366656781,77.51,-2.2786623727060324,0.4415510530301296,92.22204969126412,22.99705609352537,0.0,0.0,36.39820241076966,68.39134170866694,28.56757093639725,7.873423200526735,0.0,0.2207755265150643,-2.3234601299361746,16.744077246443368,12.0,-7.0799999999999965,0.0,-0.455749562320341,0.1015429580153039,31.16875604381235,9.038800059054608,3.4390343911468126,0.391304347826087,36.39820241076966,0.0,0,6.247079751924632,22.58336317041265,0.1742113129045057,19.496091743412347,0.0,0.0,1.2801631656225243,22.99705609352537,16.527596522023806,-3.8784471792288295,242.65468273846432,9,336,0.0,10.287342464189951,0.2028985507246377,242.65468273846432,0,6924855472683525.0,0.0,14,0.5942028985507246,0,763.3200000000002,12.46909033430198,0.4890991365455119,10.609079792477814,279.052885149234,40.965916981041566,72.96290001310129,53.04539896238907,2.5134475158305247,0.0,2.3990019321472986,970.9190000000002,20.169823810863104,0.0,3149.9537281089097,10,0.0,18.26019313972532,4.736862953800049,85.3822713674428,24.73870973560765,8.37390940826415,0.0,37.38820821704192,279.052885149234,47.31692248442245,0.0,12.909569271943196,27.52935749498174,11.49902366656781,924.5509999999996,0.455749562320341,290.52800000000013,45.68917152665046,0.0,0.0,10,-14.978246629943246,10.0365,28.56757093639725,11.49902366656781,29.410519803092576,5,33.74522383386484,28.56757093639725,18.26019313972532,16.744077246443368,0.1742113129045057,0,0.0,0.0,0.0,0.0,0.0,0.0,11.49902366656781,0.0,0.0,0.0,403.2171958039533,0.0,970.229571092,10,0,0,0,0,0,0,0,0,0,0,0,0,0,0,0,0,0,0,0,0,0,0,0,0,0,0,0,0,0,0,0.0,69,0,0,0,0,0,0,0,0,0,0,0,0,10,0,0,0,0,0,0,1,0,0,0,0,0,0,0,0,0,0,0,0,0,0,0,0,0,0,0,0,0,0,0,0,0,0,0,0,0,0,0,0,0,0,0,0,0,0,0,0,0,0,0,0,10.0365,371
0,0.0,0.0,0,0,3,0.0,22.108103459045623,11.49902366656781,43.370000000000005,-2.248168369240416,0.9234496514655248,46.11102484563207,13.866959523662707,0.0,0.0,0.0,36.56410233123349,14.283785468198625,7.855804504043016,0.0,0.4617248257327622,-2.274339123860836,15.219108923725852,11.609756097560975,-4.419999999999998,21.21815958495563,-0.4557512583659615,0.1901284770862315,31.165712563526675,5.131870734954841,3.060152850887237,0.5609756097560976,24.26546827384644,0.0,0,4.0389138052170175,13.412472397104942,0.1741858118317873,11.59304131592035,0.0,0.0,1.5391652309492607,13.866959523662707,9.598251047018602,-3.316963653374488,169.8582779169251,5,200,0.0,10.294923422494438,0.3170731707317073,145.59280964307868,0,3722712664.938535,0.0,8,0.8536585365853658,2,452.6640000000001,7.108136251298383,0.488877750588098,10.609079792477814,169.8582779169251,24.073833981700865,37.112745436265,21.21815958495563,2.4789522875426733,0.0,2.350442460031823,570.565,10.661869894311632,0.0,1630.2172717417272,6,0.0,9.130096569862658,4.736862953800049,53.00326285824587,13.30549054407653,4.999714565867925,0.0,22.284979599701035,169.8582779169251,28.124898807926872,0.0,7.573561311054744,15.064539441500376,0.0,542.3410000000002,0.4557512583659615,171.74299999999957,26.7846896505771,0.0,0.0,6,-6.633927306748975,6.757700000000007,14.283785468198625,11.49902366656781,16.826050713444907,3,20.114193540729627,14.283785468198625,9.130096569862658,15.219108923725852,0.1741858118317873,0,0.0,0.0,0.0,0.0,0.0,0.0,11.49902366656781,0.0,0.0,0.0,240.40961917951063,0.0,570.151368016,6,0,0,0,0,0,0,0,0,0,0,0,0,0,0,0,0,0,0,0,0,0,0,0,0,0,0,0,0,0,0,0.0,41,0,0,0,0,0,0,0,0,0,0,0,0,6,0,0,0,0,0,0,1,0,0,0,0,0,0,0,0,0,0,0,0,0,0,0,0,0,0,0,0,0,0,0,0,0,0,0,0,0,0,0,0,0,0,0,0,0,0,0,0,0,0,0,0,6.757700000000007,473
2,0.0,0.0,4,0,5,61.656804107936445,60.42735585482722,0.0,77.74,-2.235555756189945,1.09551373263314,67.91687470979417,9.130096569862658,16.34248535859529,0.0,0.0,31.827239377433443,31.7569989621984,7.856160463521911,21.899351412323583,0.0670729835756012,-2.270508163454605,16.340174417273186,12.356164383561644,-7.749999999999996,22.284239201613083,-0.3086101661976914,0.1276057746967363,31.16571758524909,10.091658813686816,3.7581379783211752,0.6438356164383562,58.35508633295721,19.51903521063298,0,6.312196870976046,24.820103299005662,0.1712415888949466,18.69685194193516,0.0,19.51903521063298,1.221446024366054,13.697196217654014,20.71768404336976,-3.555322671373337,175.9246449853867,8,358,52.372404136937305,9.847696122925669,0.3424657534246575,235.6661693889153,0,3.4445538466133576e+16,14.951935562841626,10,1.0,1,790.8960000000002,13.966016735485171,0.5902579206360178,16.720787709916088,241.6488515849352,43.727942765133065,35.015584865172606,59.29004228145402,2.475108445936146,7.359920070853757,2.355628026859888,987.1369999999994,15.788154985708555,100.70682646208958,3617.446843593337,11,52.66932618153773,19.96007750865622,14.951935562841626,76.22306887734825,20.204403640178228,8.489667536895945,0.0,41.93908838313324,230.5219486015411,50.53838341244092,13.539653344945346,12.183144641243508,26.183972437851537,10.82998093879356,930.6889999999992,0.3086101661976914,306.6590000000004,47.567877286122666,0.0,0.123076923076923,11,-7.110645342746672,13.843499999999972,14.283785468198625,39.85095424377433,28.233681615345628,6,35.240353209746644,14.283785468198625,9.130096569862658,16.340174417273186,0.1712415888949466,0,0.0,0.0,0.0,0.0,0.0,0.0,0.0,0.0,0.0,0.0,427.8282983972881,0.0,986.387850292,9,0,2,0,0,0,0,0,0,0,0,0,0,0,0,0,0,0,0,4,0,0,0,0,0,0,0,0,0,0,0,0.0,73,0,0,0,0,0,0,0,0,0,0,0,0,9,0,0,0,0,0,0,0,0,0,0,0,0,0,0,0,0,0,3,0,0,0,0,0,0,0,0,0,0,0,0,0,0,0,0,0,0,0,0,0,0,0,0,0,0,0,0,0,0,0,0,0,13.843499999999972,504
2,0.0,0.0,4,0,5,61.656804107936445,39.20919626987158,0.0,77.74,-2.207703008970344,1.2998997962792502,67.91687470979419,9.130096569862658,15.80564482673488,0.0,0.0,31.827239377433443,31.75699896219841,7.853649714740273,21.899351412323583,0.0304017017579172,-2.247858114575782,15.73312916811575,12.356164383561644,-7.7499999999999964,43.50239878656871,-0.309223540951936,0.1276057746967363,31.16571669821785,9.909656228633972,3.761471084941794,0.6438356164383562,70.48782046988043,19.51903521063298,0,6.678435289418646,24.80215410657453,0.1705357352605396,18.69685194193516,0.0,19.51903521063298,1.1189286652365344,13.697196217654014,20.81722191217592,-3.3528440527693864,175.9246449853867,8,358,52.372404136937305,9.847696122925656,0.3287671232876712,223.533435251992,0,3.3289614637561736e+16,14.951935562841626,10,0.9863013698630136,0,795.6560000000002,13.910227011441934,0.5902579206360158,11.033401435232523,241.6488515849351,43.72794276513304,33.811898328454284,64.97742855613758,2.4495816092533103,7.851861580611999,2.320110610860221,987.1370000000002,15.300244969367386,100.7068264620896,3617.446843593336,11,52.66932618153773,19.96007750865622,14.951935562841626,76.4671332147395,20.022435627222244,8.795118550589606,0.0,41.93908838313322,230.5219486015411,50.53838341244091,13.568592847077989,12.183144641243508,26.35269449065205,10.82998093879356,930.6889999999994,0.309223540951936,306.65900000000045,47.567877286122666,0.0,0.123076923076923,11,-6.70568810553877,13.843499999999976,14.283785468198625,39.85095424377433,28.2157324229145,6,35.189842952529816,14.283785468198625,9.130096569862658,15.73312916811575,0.1705357352605396,0,0.0,0.0,0.0,0.0,0.0,0.0,0.0,0.0,0.0,0.0,427.8282983972881,0.0,986.387850292,9,0,2,0,0,0,0,0,0,0,0,0,0,0,0,0,0,0,0,4,0,0,0,0,0,0,0,0,0,0,0,0.0,73,0,0,0,0,0,0,0,0,0,0,0,0,9,0,0,0,0,0,0,0,0,0,0,0,0,0,0,0,0,0,3,0,0,0,0,0,0,0,0,0,0,0,0,0,0,0,0,0,0,0,0,0,0,0,0,0,0,0,0,0,0,0,0,0,13.843499999999976,484
2,0.0,0.0,4,0,5,61.656804107936445,28.0822932864776,0.0,77.74,-2.20178257263247,1.4489397936770707,67.91687470979419,9.130096569862658,15.443766035938491,0.0,0.0,31.827239377433443,31.75699896219841,7.853532175246235,21.899351412323583,0.0030851880976148,-2.244668660582517,15.32664053995125,12.356164383561644,-7.7499999999999964,54.6293017699627,-0.3092470291097725,0.1276057746967363,31.1657166720944,9.84426672683754,3.764179181479619,0.6027397260273972,70.48782046988043,19.51903521063298,0,6.942285700732955,24.80215410657453,0.1705126820532126,18.69685194193516,0.0,19.51903521063298,1.0335115157843526,13.697196217654014,20.806858941094056,-3.2209771479942733,169.8582779169251,8,358,52.372404136937305,9.847696122925637,0.3287671232876712,223.533435251992,0,3.391323459437266e+16,14.951935562841626,10,0.8904109589041096,0,796.3440000000002,13.973678290935432,0.5902579206360146,11.033401435232523,241.6488515849351,43.72794276513304,33.008313573468264,64.97742855613758,2.4442136045738168,8.227008760961432,2.3132443939964507,987.1370000000004,15.1389450038365,106.7731935305512,3565.6968435933363,11,52.66932618153773,19.96007750865622,14.951935562841626,76.55923161836182,20.12583041396855,8.795118550589606,0.0,41.93908838313321,230.5219486015411,50.53838341244092,13.590186590626292,12.183144641243508,26.342331519570205,10.82998093879356,930.6889999999996,0.3092470291097725,306.65900000000045,47.567877286122666,0.0,0.123076923076923,11,-6.441954295988545,13.843499999999974,14.283785468198625,39.85095424377433,28.21573242291449,6,35.189842952529816,14.283785468198625,9.130096569862658,15.32664053995125,0.1705126820532126,0,0.0,0.0,0.0,0.0,0.0,0.0,0.0,0.0,0.0,0.0,427.82829839728817,0.0,986.387850292,9,0,2,0,0,0,0,0,0,0,0,0,0,0,0,0,0,0,0,4,0,0,0,0,0,0,0,0,0,0,0,0.0,73,0,0,0,0,0,0,0,0,0,0,0,0,9,0,0,0,0,0,0,0,0,0,0,0,0,0,0,0,0,0,3,0,0,0,0,0,0,0,0,0,0,0,0,0,0,0,0,0,0,0,0,0,0,0,0,0,0,0,0,0,0,0,0,0,13.843499999999974,494
3,0.0,0.0,5,0,4,89.1500402467821,28.34120488193568,0.0,65.6,-2.2262257377197,1.4249095829281615,66.66721215114026,4.565048284931329,16.793669560134553,0.0,0.0,15.913619688716722,24.61510622809909,7.851548431286608,43.798702824647165,0.0541997524930448,-2.2630052692909635,16.5045595741137,12.8,-8.179999999999996,55.17755819570397,-0.3086101661976913,0.1422634876700194,31.164244718111465,11.524812663246149,4.189274651213541,0.5875,116.71017266591446,24.086134858424334,0,6.898490282884714,28.042229651549857,0.1712415888950149,19.278514227582853,0.0,24.086134858424334,1.1629620942065542,13.699247580514038,25.736580941809628,-3.535057038833401,84.92913895846256,7,398,104.7448082738746,9.847696122925663,0.3125,216.5449219024428,0,7.471066659325394e+17,14.951935562841626,8,0.9125,2,866.9440000000002,16.12520020101895,0.5902579206360105,33.44157541983217,228.51028629448265,49.11586620691076,21.279754132494425,54.14887102166689,2.4663621952465946,13.495059782856604,2.3386747959557352,1064.371,14.373060749256998,213.54638706110248,4025.160962140943,12,105.33865236307544,26.225010162518448,14.951935562841626,72.43724227451725,19.24439365336549,9.081579686523495,0.0,48.221439015910846,206.2564803276947,56.09670763364284,27.344820311906584,12.655239442304264,28.46972513905051,21.65996187758712,993.8109999999992,0.3086101661976913,339.0055000000009,52.5154139698077,0.0,0.2191780821917808,12,-3.535057038833401,17.896199999999972,7.141892734099312,45.53834051845789,29.74901880971984,6,38.0846712370073,7.141892734099312,4.565048284931329,16.5045595741137,0.1712415888950149,0,0.0,0.0,0.0,0.0,0.0,0.0,0.0,0.0,0.0,0.0,471.1836021773836,0.0,1063.53179849,9,0,3,0,0,0,0,0,0,0,0,0,0,0,0,0,0,0,0,5,0,0,0,0,0,0,0,0,0,0,0,0.0,80,0,0,0,0,0,0,0,0,0,0,0,0,9,0,0,0,0,0,0,0,0,0,0,0,0,0,0,0,0,0,6,0,0,0,0,0,0,0,0,0,0,0,0,0,0,0,0,0,0,0,0,0,0,0,0,0,0,0,0,0,0,0,0,0,17.896199999999972,500
3,0.0,0.0,5,0,4,89.15004024678211,17.47321349399978,0.0,65.6,-2.1990439292037656,1.6152755550713491,66.66721215114026,4.565048284931329,16.071621960643313,0.0,0.0,15.913619688716722,24.61510622809909,7.849092434181281,43.798702824647165,0.0165535178432165,-2.243906687893644,15.526470875666256,12.8,-8.179999999999998,66.04554958363987,-0.309223540951936,0.1422634876700194,31.16424413206634,11.343856402722515,3.688860071544737,0.6,116.71017266591446,24.086134858424334,0,7.218360648680335,28.024280459118724,0.1705126820532126,19.278514227582853,0.0,24.086134858424334,1.044126968341207,13.69924758051404,25.83266448692181,-3.235432914325316,84.92913895846256,7,398,104.7448082738746,9.847696122925637,0.3,216.54492190244284,0,1.1679725031502548e+18,14.951935562841626,8,0.9125,0,868.4880000000002,16.08349982226284,0.5902579206360115,22.066802870465047,228.51028629448268,49.11586620691075,20.297579375357373,65.52364357103401,2.439655647667734,14.220347974133457,2.3025638626077107,1064.371,13.991195541222003,213.5463870611024,4007.9109621409416,12,105.33865236307544,26.22501016251845,14.951935562841626,72.59156267176898,19.159575883779407,9.374012075239394,0.0,48.22143901591084,206.2564803276947,56.09670763364285,27.359573617559395,12.655239442304264,28.600400776159887,21.65996187758712,993.8109999999992,0.309223540951936,339.0055000000009,52.5154139698077,0.0,0.2191780821917808,12,-3.235432914325316,17.89619999999997,7.141892734099312,45.53834051845789,29.731069617288703,6,38.03416097979044,7.141892734099312,4.565048284931329,15.526470875666256,0.1705126820532126,0,0.0,0.0,0.0,0.0,0.0,0.0,0.0,0.0,0.0,0.0,471.1836021773836,0.0,1063.5317984899998,9,0,3,0,0,0,0,0,0,0,0,0,0,0,0,0,0,0,0,5,0,0,0,0,0,0,0,0,0,0,0,0.0,80,0,0,0,0,0,0,0,0,0,0,0,0,9,0,0,0,0,0,0,0,0,0,0,0,0,0,0,0,0,0,6,0,0,0,0,0,0,0,0,0,0,0,0,0,0,0,0,0,0,0,0,0,0,0,0,0,0,0,0,0,0,0,0,0,17.89619999999997,484
3,0.0,0.0,5,0,4,89.15004024678211,17.47321349399978,0.0,65.6,-2.198764109330575,1.6410930317080077,66.66721215114026,4.565048284931329,15.746342415702038,0.0,0.0,15.913619688716722,24.61510622809909,7.849092367727454,43.798702824647165,0.004387809949409,-2.243905100167999,15.432064171156922,12.8,-8.179999999999998,66.04554958363987,-0.3092470291097725,0.1422634876700194,31.16424413206417,11.29482777867454,3.718033199043,0.55,140.9756409397609,24.086134858424334,0,7.2973303473714815,28.024280459118724,0.1705126820532126,19.278514227582853,0.0,24.086134858424334,0.9859836784760948,13.69924758051404,25.82575583953391,-3.2137665366319954,84.92913895846256,7,398,104.7448082738746,9.847696122925656,0.3,192.2794536285964,0,1.1658014961420475e+18,14.951935562841626,8,0.8125,0,866.6720000000003,16.125800675258507,0.5902579206360126,22.066802870465047,228.51028629448268,49.11586620691075,20.198812924574487,65.52364357103401,2.4381377573445,14.544041229266863,2.301725085197574,1064.371,13.942166917174026,213.5463870611024,3973.4109621409416,12,105.33865236307544,26.22501016251845,14.951935562841626,72.5698533571994,19.20187673677508,9.374012075239394,0.0,48.22143901591084,206.2564803276947,56.09670763364285,27.355182119698625,12.655239442304264,28.593492128771995,21.65996187758712,993.8109999999992,0.3092470291097725,339.005500000001,52.5154139698077,0.0,0.2191780821917808,12,-3.2137665366319954,17.89619999999997,7.141892734099312,45.53834051845789,29.731069617288703,6,38.03416097979044,7.141892734099312,4.565048284931329,15.432064171156922,0.1705126820532126,0,0.0,0.0,0.0,0.0,0.0,0.0,0.0,0.0,0.0,0.0,471.1836021773836,0.0,1063.5317984899998,9,0,3,0,0,0,0,0,0,0,0,0,0,0,0,0,0,0,0,5,0,0,0,0,0,0,0,0,0,0,0,0.0,80,0,0,0,0,0,0,0,0,0,0,0,0,9,0,0,0,0,0,0,0,0,0,0,0,0,0,0,0,0,0,6,0,0,0,0,0,0,0,0,0,0,0,0,0,0,0,0,0,0,0,0,0,0,0,0,0,0,0,0,0,0,0,0,0,17.89619999999997,492
2,0.0,0.0,4,0,3,61.656804107936445,17.47321349399978,0.0,43.6,-2.1946817618361645,1.9783156500036845,21.80584986416212,0.0,14.704003733031232,0.0,0.0,0.0,17.47321349399978,6.095096138695373,32.9327528475561,0.06314107273625,-2.1045193611185216,4.927976406815414,12.22222222222222,-5.089999999999998,22.37774074977455,-0.3092470291097725,0.2060342499128243,15.034301712005202,5.931732994343813,3.376753212318281,0.8,70.48782046988043,19.51903521063298,0,2.564952663983772,15.63126333326682,0.1635966181304171,10.814096038093329,0.0,19.51903521063298,1.3760548410144589,4.567099647791355,13.884422113476738,0.06314107273625,60.6636706846161,4,222,52.372404136937305,9.847696122925678,0.4222222222222222,114.33882801968308,0,18406727792.246742,14.951935562841626,4,1.1777777777777778,0,483.1680000000001,8.580223733802105,0.5902579206360098,11.033401435232523,132.45424435262626,26.83585976579236,2.380485113798606,33.15018917870414,2.375995977232324,9.18067367026134,2.208466485580553,586.7830000000001,5.931732994343813,106.7731935305512,2016.203589332044,7,52.66932618153773,10.82998093879356,14.951935562841626,42.69009944844315,8.580223733802105,5.418373236736604,0.0,26.83585976579236,121.32734136923226,31.346359735945345,13.668136387144878,6.889176512040661,13.884422113476738,10.82998093879356,548.4790000000003,0.3092470291097725,187.8739999999994,28.66748565481478,0.0,0.1951219512195122,7,0.0,10.564699999999991,0.0,39.85095424377433,15.63126333326682,4,21.55881265939461,0.0,0.0,4.927976406815414,0.1635966181304171,0,0.0,0.0,0.0,0.0,0.0,0.0,0.0,0.0,0.0,0.0,265.02072177284543,0.0,586.3096472160001,5,0,2,0,0,0,0,0,0,0,0,0,0,0,0,0,0,0,0,4,0,0,0,0,0,0,0,0,0,0,0,0.0,45,0,0,0,0,0,0,0,0,0,0,0,0,5,0,0,0,0,0,0,0,0,0,0,0,0,0,0,0,0,0,3,0,0,0,0,0,0,0,0,0,0,0,0,0,0,0,0,0,0,0,0,0,0,0,0,0,0,0,0,0,0,0,0,0,10.564699999999991,446
3,0.0,0.0,5,0,3,89.15004024678211,17.47321349399978,0.0,48.53,-2.1946817618361747,1.905780959871314,43.61169972832423,0.0,15.376461264248404,0.0,0.0,0.0,17.47321349399978,6.1069605993063565,65.8655056951122,0.0375009403663417,-2.104519361118523,5.178770746359476,12.848484848484848,-6.849999999999997,28.06512702445811,-0.3092470291097725,0.1731628453335535,15.037956849937466,9.338560912427674,3.79428651321056,0.5454545454545454,140.9756409397609,24.086134858424334,0,5.095286741244547,23.43883507246487,0.1635966182253813,15.373163795505585,0.0,24.086134858424334,1.0663078567361397,9.13419929558271,22.36453742572525,0.0375009403663417,18.19910120538483,5,330,104.7448082738746,9.847696122925646,0.2878787878787879,137.68215001244198,0,449631381642627.75,14.951935562841626,5,0.803030303030303,0,712.8160000000001,13.429073396691834,0.5902579206360109,22.066802870465047,173.91298267832826,40.66982470724042,4.792201373650403,49.61002388231729,2.401045275570412,15.225126468215194,2.2346869595597987,864.1939999999998,9.338560912427674,225.67912119802563,3112.4122581339498,10,105.33865236307544,21.65996187758712,14.951935562841626,55.505344609886265,13.429073396691834,7.682131794509235,0.0,40.66982470724042,151.65917671154028,46.50069579539507,27.433131916217192,10.03094353332058,22.36453742572525,21.65996187758712,802.7059999999997,0.3092470291097725,279.6129999999997,43.064803185972,0.0,0.2622950819672131,10,0.0,16.256799999999963,0.0,45.53834051845789,23.43883507246487,5,31.218645833222865,0.0,0.0,5.178770746359476,0.1635966182253813,0,0.0,0.0,0.0,0.0,0.0,0.0,0.0,0.0,0.0,0.0,389.7798138651624,0.0,863.492696952,7,0,3,0,0,0,0,0,0,0,0,0,0,0,0,0,0,0,0,5,0,0,0,0,0,0,0,0,0,0,0,0.0,66,0,0,0,0,0,0,0,0,0,0,0,0,7,0,0,0,0,0,0,0,0,0,0,0,0,0,0,0,0,0,6,0,0,0,0,0,0,0,0,0,0,0,0,0,0,0,0,0,0,0,0,0,0,0,0,0,0,0,0,0,0,0,0,0,16.256799999999963,484
2,0.0,0.0,2,0,0,66.11337526108535,0.0,0.0,9.86,-2.1089766677229327,0.0,43.61169972832423,0.0,0.0,0.0,0.0,0.0,0.0,6.0974458831699,66.11337526108535,1.1741212127331566,-1.9424791365654623,2.360921164507023,11.68421052631579,-5.079999999999997,0.0,-0.3092477582645662,0.2362347873711945,14.987011807574682,6.007318143648096,3.507122180169911,0.5263157894736842,59.65783953108687,9.13419929558271,0,5.140093117493912,13.043776273350216,0.0540563833531986,8.222844241223111,0.0,9.13419929558271,1.1965452862866823,9.13419929558271,9.833164675669378,1.1741212127331566,0.0,2,178,0.0,10.046820728192529,0.2631578947368421,97.0618730953858,0,2054106534.613518,0.0,3,0.8157894736842105,4,393.1920000000001,7.744495067458757,1.1765975197679903,22.066802870465047,145.59280964307868,20.75083365155094,4.721842329014046,32.91966940722631,2.341219635524173,9.704254790598174,2.128120530170343,484.6020000000002,6.007318143648096,154.72700893866138,1844.624130161813,8,0.0,0.0,0.0,52.43380976289388,7.744495067458757,3.0721838693448515,0.0,20.75083365155094,145.59280964307868,25.05346651713189,0.0,4.55452398917294,9.833164675669378,0.0,460.4100000000003,0.3092477582645662,160.55599999999967,21.04769426628809,0.0,0.0,8,0.0,9.547799999999995,0.0,22.50167553276112,13.043776273350216,2,18.865305980755146,0.0,0.0,2.360921164507023,0.0540563833531986,0,0.0,0.0,0.0,0.0,0.0,0.0,0.0,0.0,0.0,0.0,220.1676076798491,0.0,484.193948768,6,0,2,0,0,0,0,0,0,0,0,0,0,0,0,0,0,0,0,2,0,0,0,0,0,0,0,0,0,0,0,0.0,38,0,0,0,0,0,0,0,0,0,0,0,0,6,0,0,0,0,0,0,0,0,0,0,0,0,0,0,0,0,0,6,0,0,0,0,0,0,0,0,0,0,0,0,0,0,0,0,0,0,0,0,0,0,0,0,0,0,0,0,0,0,0,0,0,9.547799999999995,534
2,0.0,0.0,2,0,0,66.11337526108534,0.0,0.0,9.86,-2.1102937845387086,0.0,75.47158752422293,0.0,0.0,0.0,0.0,0.0,0.0,9.104533700981962,54.738602711718215,1.0930321559754497,-1.9435277937120503,3.650333282646058,11.75,-4.119999999999997,20.320211581031952,-0.3092464156156156,0.1815687003144793,79.91976216297594,6.052509353620368,3.495516961936936,0.725,83.92330780493333,9.13419929558271,0,5.02396462524734,13.243107951405364,0.0541359888455406,9.22478172121379,0.0,9.13419929558271,1.194257799010769,9.13419929558271,10.121808565150005,1.0930321559754497,0.0,4,190,0.0,10.046816980171537,0.35,92.5235584805148,0,4056541785.5724034,0.0,3,1.15,2,437.8160000000001,7.853594992889208,1.1762004362877596,22.066802870465047,142.4055145378203,24.524055137419555,6.889641334842497,41.865108438891134,2.358397278105281,9.557250414109513,2.139028222893572,642.3940000000002,6.774679874535329,174.4541625976368,2058.054277139839,8,0.0,0.0,0.0,48.061810393841874,8.840098270323288,3.671554270410838,0.0,21.352062059190143,142.4055145378203,26.79395349313805,0.0,5.475098550449862,11.953159622733386,0.0,620.2180000000001,0.3092464156156156,175.95599999999965,23.74082646469147,0.0,0.0,8,0.0,11.072799999999985,31.859887795898697,22.50167553276112,14.829104490520066,2,19.652999680989847,0.0,0.0,3.650333282646058,0.0541359888455406,0,0.0,0.0,0.0,0.0,0.0,0.0,0.0,0.0,0.0,0.0,247.90270289113167,0.0,640.014972904,6,0,2,0,0,0,0,0,0,0,0,0,0,0,0,0,0,0,0,2,0,0,0,0,0,0,0,0,0,0,0,7.300666565292115,40,0,0,0,0,0,0,0,0,0,0,0,0,6,0,0,0,0,0,0,0,0,0,2,0,0,0,0,0,0,0,6,0,0,0,0,0,0,0,0,0,0,0,0,0,0,0,0,0,0,0,0,0,0,0,0,0,0,0,0,0,0,0,0,0,11.072799999999985,528
2,0.0,0.0,2,0,0,66.11337526108534,0.0,0.0,9.86,-2.1115010659047786,0.0,107.3314753201216,0.0,0.0,0.0,0.0,0.0,0.0,9.10755328049668,54.738602711718215,1.0782104549206215,-1.944530470524483,3.6580593647686577,11.80952380952381,-3.159999999999998,29.265650612696778,-0.309245072963449,0.1684602078566314,79.92182364801825,6.0977005635926425,3.4835106147937984,0.5714285714285714,108.1887760787798,9.13419929558271,0,4.907836133000768,13.442439629460509,0.0541366668755913,10.233713766654626,0.0,9.13419929558271,1.1959104906717462,9.13419929558271,10.410452454630631,1.0782104549206215,0.0,6,202,0.0,10.046813257878703,0.3095238095238095,87.98524386564385,0,8011677683.968839,0.0,3,0.8333333333333334,0,482.4480000000001,7.962694918319659,1.175807005331386,22.066802870465047,139.21821943256188,28.29727662328817,8.998153536451635,50.81054747055597,2.373772304468252,9.410246037620851,2.1493600902289574,800.1860000000001,7.542041605422562,194.1813162566123,2043.27308263612,8,0.0,0.0,0.0,43.71819350051877,9.935701473187825,4.30528195578197,0.0,21.953290466829348,139.21821943256188,28.534440469144208,0.0,6.448760293799895,14.073154569797392,0.0,780.0259999999998,0.309245072963449,191.35599999999968,26.466240752416027,0.0,0.0,8,0.0,12.597799999999982,63.719775591797394,22.50167553276112,16.614432707689915,2,20.440693381224552,0.0,0.0,3.6580593647686577,0.0541366668755913,0,0.0,0.0,0.0,0.0,0.0,0.0,0.0,0.0,0.0,0.0,275.6377981024145,0.0,795.83599704,6,0,2,0,0,0,0,0,0,0,0,0,0,0,0,0,0,0,0,2,0,0,0,0,0,0,0,0,0,0,0,14.63223745907463,42,0,0,0,0,0,0,0,0,0,0,0,0,6,0,0,0,0,0,0,0,0,0,4,0,0,0,0,0,0,0,6,0,0,0,0,0,0,0,0,0,0,0,0,0,0,0,0,0,0,0,0,0,0,0,0,0,0,0,0,0,0,0,0,0,12.597799999999982,524
1,0.0,17.062158824050687,4,0,4,45.29047095248476,17.47321349399978,0.0,41.91,-2.446028314561992,1.9458342874529475,17.062158824050687,0.0,17.218079867205013,4.899909730850478,0.0,4.899909730850478,17.47321349399978,5.953883019120663,44.7554814995491,0.4272113485669548,-2.356590679162905,4.968476946393126,13.32,-6.649999999999997,22.37774074977455,-0.3098316279708993,0.1923485865240705,15.159347307124197,8.03714822775131,3.494848603119624,0.68,69.77891136095164,14.951935562841626,2,0.0,16.96459666660015,0.1635966181303677,11.215862597867371,0.0,14.951935562841626,1.1322575134470705,4.899909730850478,12.796031299243891,-0.4272113485669548,60.6636706846161,4,234,5.41499046939678,9.644590104183084,0.32,145.59280964307868,0,1064647202018.5616,14.951935562841626,4,1.14,2,514.0160000000001,10.133322143020996,0.7524445170094438,16.789763018763903,204.24481802063625,27.10936245768861,0.0,22.37774074977455,2.6269594688550058,13.62814639337416,2.508916387292753,638.7740000000001,8.03714822775131,126.22725110008274,2389.471536487594,10,22.253805966787983,5.41499046939678,14.951935562841626,64.45793945196789,10.133322143020996,4.15111431587914,0.0,27.10936245768861,181.9910120538483,33.07212808619006,0.0,6.36392767072745,12.796031299243891,0.0,608.5340000000001,0.3098316279708993,201.6799999999995,28.370210562036988,0.0,0.0217391304347826,8,0.0,11.018899999999988,0.0,45.29047095248476,16.96459666660015,4,24.802829595250905,5.41499046939678,0.0,4.968476946393126,0.1635966181303677,0,0.0,0.0,0.0,0.0,0.0,0.0,0.0,0.0,0.0,0.0,290.6031199823261,0.0,638.24704696,7,0,2,0,0,0,1,1,1,0,0,0,0,0,0,0,0,0,0,3,0,0,0,0,0,0,0,0,0,0,0,0.0,50,0,0,0,0,0,0,0,0,0,0,0,0,7,0,0,3,0,0,0,0,0,0,0,0,0,0,0,0,0,0,9,0,0,0,0,0,0,0,0,0,0,0,0,0,0,0,0,0,0,0,0,0,0,0,0,0,0,0,0,0,0,0,0,0,11.018899999999988,479
1,0.0,17.062158824050687,4,0,4,34.16356796909077,17.47321349399978,0.0,41.91,-2.46077849082728,1.932435099228584,17.062158824050687,0.0,17.186900728883018,4.899909730850478,0.0,4.899909730850478,17.47321349399978,5.89335213829625,22.253805966787983,0.5012854226410288,-2.3721320830382147,4.9638473167634976,12.92,-6.649999999999996,33.752513299141675,-0.3098316401477127,0.1813512536978896,15.158790911713885,7.386727028020986,3.210136307952788,0.66,58.65200837755764,14.951935562841626,1,0.0,16.88126333326682,0.1635966181303677,12.421852260704394,0.0,14.951935562841626,1.2006846872957977,4.899909730850478,12.436914542847344,-0.5012854226410288,60.6636706846161,4,236,5.41499046939678,9.622194551493376,0.32,157.72554378000189,0,781570335759.4012,14.951935562841626,6,1.08,2,520.4000000000001,9.594611211369632,0.7310057921977877,16.789763018763903,216.3775521575596,27.264062996067867,0.0,22.37774074977455,2.570341448238573,10.607730923991056,2.456679848992474,640.7900000000003,7.386727028020986,138.35998523700596,2263.558533368596,9,22.253805966787983,5.41499046939678,14.951935562841626,68.18959991456401,9.594611211369632,4.888733961112909,0.0,27.264062996067867,194.1237461907715,33.3316411101839,0.0,7.325400784058486,12.436914542847344,0.0,608.5340000000001,0.3098316401477127,202.68599999999944,29.48594392493238,0.0,0.0217391304347826,8,0.0,11.038499999999988,0.0,34.16356796909077,16.88126333326682,4,24.8028295952509,5.41499046939678,0.0,4.9638473167634976,0.1635966181303677,0,0.0,0.0,0.0,0.0,0.0,0.0,0.0,0.0,0.0,0.0,291.60895113585525,0.0,640.2626970240001,7,0,2,0,0,0,1,0,0,0,0,0,0,0,0,0,0,0,0,3,0,0,0,0,0,0,0,0,0,0,0,0.0,50,0,0,0,0,0,0,0,0,0,0,0,0,7,0,0,3,0,0,0,0,0,0,0,0,0,0,0,0,0,0,2,0,0,0,0,0,0,0,0,0,0,0,0,0,0,0,0,0,0,0,0,0,0,0,0,0,0,0,0,0,0,0,0,0,11.038499999999988,476
1,0.0,17.062158824050687,4,0,4,34.16356796909077,17.47321349399978,0.0,41.91,-2.415528552128442,1.9760429502889825,17.062158824050687,0.0,16.9759705673238,4.899909730850478,0.0,4.899909730850478,17.47321349399978,5.8591222766845386,22.50167553276112,0.0871187559743624,-2.2996153587141075,4.896687176426534,13.4,-5.089999999999998,22.37774074977455,-0.3098816469267181,0.2344414650947445,15.157167182484518,5.64455382115989,3.0219914424398726,0.8,47.52510539416365,14.951935562841626,1,0.0,13.559896128220906,0.1635966181303677,9.582127523133517,0.0,14.951935562841626,1.3366947194141092,4.899909730850478,10.579863735278472,-0.0871187559743624,60.6636706846161,4,192,19.26246486877803,9.733639891265986,0.425,110.90934749476703,0,2638387101.516017,14.951935562841626,4,1.25,2,419.3680000000001,7.719682805482738,0.6316869266473422,11.374772549367124,144.58697848954947,22.49056030417161,0.0,27.792731219171326,2.511194910135778,8.918958574638037,2.358461559813049,516.6480000000001,5.64455382115989,91.54378895177106,1703.11784181433,7,24.97437738277524,5.41499046939678,14.951935562841626,46.10020748689691,7.719682805482738,4.054694847188589,0.0,22.49056030417161,133.46007550615548,27.10587275993919,4.612153754185611,5.745772473386436,10.579863735278472,5.41499046939678,488.4240000000003,0.3098816469267181,162.94599999999957,23.985372599205284,0.0,0.0833333333333333,6,0.0,8.981700000000002,0.0,34.16356796909077,13.559896128220906,4,19.592486164205823,0.0,0.0,4.896687176426534,0.1635966181303677,0,0.0,0.0,0.0,0.0,0.0,0.0,0.0,0.0,0.0,0.0,234.2246469525205,0.0,516.2313968960001,5,0,2,0,0,0,1,0,0,0,0,0,0,0,0,0,0,0,0,3,0,0,0,0,0,0,0,0,0,0,0,0.0,40,0,0,0,0,0,0,0,0,0,0,0,0,5,0,0,3,0,0,0,0,0,0,0,0,0,0,0,0,0,0,2,0,0,0,0,0,0,0,0,0,0,0,0,0,0,0,0,0,0,0,0,0,0,0,0,0,0,0,0,0,0,0,0,0,8.981700000000002,500
2,4.794537184071822,0.0,1,0,2,49.43172485105976,21.93848871221408,11.166040283284485,35.14,-2.1228700288411115,0.0,43.744338576376194,4.417150937053347,13.026902905229022,0.0,0.0,5.428790391900541,0.0,6.115727393077608,44.05965583095009,0.0085490001020305,-2.0311008116540545,13.026902905229022,11.875,-3.8499999999999983,5.687386274683562,-0.4557361763239149,0.2635772143174507,16.334818076799262,5.223107391280167,3.0824867039712305,1.21875,75.22005419292616,4.567099647791355,0,3.726227046629284,10.907978046606448,0.2000248949929443,6.572138129453111,5.428790391900541,4.567099647791355,1.7767696663741166,8.984250584844702,8.89919160309864,0.0085490001020305,42.46456947923127,3,156,27.694948798762496,10.032994231749337,0.625,35.392371257240434,0,30300449.741739087,0.0,1,1.875,1,333.5920000000001,6.446661086775042,0.6594097473493492,21.80584986416212,99.20717129583808,18.61456313751357,8.497490184345342,22.526201772074764,2.3718500015758086,9.58459018603312,2.17761336971635,417.50800000000015,5.223107391280167,56.5275167204003,1718.1691530884812,6,22.253805966787983,0.0,4.417150937053347,22.36788052881133,6.446661086775042,2.574782914443404,4.794537184071822,18.61456313751357,75.94172587420289,22.14553541208296,8.630242482285231,3.8779991169312336,8.89919160309864,5.428790391900541,394.3240000000002,0.4557361763239149,133.27699999999996,18.88213079175284,0.0,0.1379310344827586,6,0.0,7.276980000000005,0.0,5.687386274683562,10.907978046606448,3,15.418723993369944,0.0,0.0,13.026902905229022,0.2000248949929443,0,27.694948798762496,0.0,0.0,0.0,0.0,0.0,0.0,0.0,0.0,0.0,185.06039474175063,0.0,417.172878976,4,0,2,0,0,0,0,0,0,0,0,0,0,0,0,0,0,0,0,1,0,0,0,0,0,0,0,0,0,0,0,0.0,32,0,0,0,0,0,0,0,0,0,0,0,0,4,0,0,0,4,0,0,0,0,0,0,0,0,0,0,0,0,0,5,0,0,0,0,0,0,0,0,0,0,0,0,0,0,0,0,0,0,0,0,0,0,0,0,0,0,0,0,0,0,0,0,0,7.276980000000005,478
1,4.794537184071822,17.062158824050687,1,0,3,21.93848871221408,21.93848871221408,11.166040283284485,33.45,-2.4605159238303926,0.0,39.00064753626476,4.417150937053347,15.592687959215114,4.899909730850478,0.0,10.32870012275102,0.0,5.946971242677986,22.253805966787983,0.0138735219426748,-2.372283268468528,13.297625128527285,13.609756097560975,-5.4099999999999975,17.062158824050687,-0.4557361763511163,0.2148922935229656,16.334840905141476,6.618382633232809,3.0418952379580704,1.0,58.65200837755764,0.0,1,1.1720992933142067,13.824644713273116,0.2000248949928455,9.07183845271279,5.428790391900541,0.0,1.4503324578381864,9.317060667903824,10.459567118159027,-0.5220035431272807,42.46456947923127,3,194,5.41499046939678,9.62219040411183,0.4878048780487805,109.19460723230902,0,6401899712.320844,0.0,3,1.6341463414634143,3,415.1680000000001,8.331143538433087,0.6596543018863152,27.562211447693496,184.13631025430053,22.197466906168337,6.2873612346364425,11.753753343145172,2.5706369400912163,8.535420522492828,2.4569756487071865,527.6230000000002,6.618382633232809,114.0945169631595,2041.4024335095344,8,22.253805966787983,5.41499046939678,4.417150937053347,52.16243099034143,8.331143538433087,3.35845054104746,4.794537184071822,22.197466906168337,160.87086483266543,27.39032981031536,0.0,5.194279118471269,10.459567118159027,5.428790391900541,502.42300000000046,0.4557361763511163,166.5409999999996,23.475444913113297,0.0,0.0263157894736842,7,0.0,9.1121,0.0,0.0,13.824644713273116,3,20.26402345499068,5.41499046939678,0.0,13.297625128527285,0.2000248949928455,0,0.0,0.0,0.0,0.0,0.0,0.0,0.0,0.0,0.0,0.0,237.1083925623469,0.0,527.18852904,6,0,2,0,0,0,1,0,0,0,0,0,0,0,0,0,0,0,0,0,0,0,0,0,0,0,0,0,0,0,0,0.0,41,0,0,0,0,0,0,0,0,0,0,0,0,6,0,0,3,0,0,0,0,0,0,0,0,0,0,0,0,0,0,4,0,0,0,0,0,0,0,0,0,0,0,0,0,0,0,0,0,0,0,0,0,0,0,0,0,0,0,0,0,0,0,0,0,9.1121,482
1,4.794537184071822,17.062158824050687,1,0,4,21.93848871221408,21.93848871221408,22.665063949852293,42.68000000000001,-2.481121075018767,1.7103973857056889,39.00064753626476,9.154013890853395,15.6059339216369,4.899909730850478,0.0,15.065563076551069,0.0,5.952576584450596,0.0,0.0210953615508782,-2.3920086753127743,13.32296481732851,14.142857142857142,-5.609999999999998,50.81498845740648,-0.4566800710641637,0.1943418000243517,16.482875517009674,7.028177844011308,3.0452228755493413,1.0238095238095235,59.65783953108687,0.0,2,1.1573959482262464,14.066226337070312,0.2000248949928455,8.447398532612763,5.428790391900541,0.0,1.372626870714315,14.053923621703872,10.82189721820417,-0.5885544690532065,54.59730361615449,4,198,5.41499046939678,9.6095702906522,0.5,84.92913895846256,0,12370952388.484451,0.0,1,1.6904761904761905,5,419.3600000000001,8.719588504605033,0.4337439041222041,27.562211447693496,172.00357611737735,22.451014658252948,12.779465662692107,22.880656326539164,2.620805779806565,8.11835671960967,2.504503698486843,541.6060000000002,7.028177844011308,89.82904868931304,2187.0319311324342,9,22.253805966787983,5.41499046939678,9.154013890853395,47.21178369546273,8.719588504605033,2.930143527371164,4.794537184071822,22.451014658252948,148.73813069574223,27.837923567508064,0.0,4.652073677623293,10.82189721820417,5.428790391900541,518.4220000000005,0.4566800710641637,166.6149999999996,23.12985396697573,0.0,0.0263157894736842,7,0.0,9.2178,0.0,11.49902366656781,14.066226337070312,4,20.74718670258508,5.41499046939678,0.0,13.32296481732851,0.2000248949928455,0,0.0,0.0,0.0,0.0,0.0,0.0,11.49902366656781,0.0,0.0,0.0,241.21610663832465,0.0,541.1677935959999,6,0,3,0,0,0,2,0,1,0,0,0,0,0,0,0,0,0,0,0,0,0,0,0,0,0,0,0,0,0,0,0.0,42,0,0,0,0,0,0,0,0,0,0,0,0,6,0,0,3,0,0,0,1,0,0,0,0,0,0,0,0,0,0,10,0,0,0,0,0,0,0,0,0,0,0,0,0,0,0,0,0,0,0,0,0,0,0,0,0,0,0,0,0,0,0,0,0,9.2178,481
1,4.794537184071822,17.062158824050687,1,0,3,33.065391695608064,21.93848871221408,11.166040283284485,33.45,-2.445729758525512,0.0,39.00064753626476,4.417150937053347,15.61583610736326,4.899909730850478,0.0,10.32870012275102,0.0,5.975604836939225,33.380708950181976,0.0083638800693968,-2.356779996178639,13.302254758156913,14.097560975609756,-5.4099999999999975,17.062158824050687,-0.4557361763511163,0.2004625061421764,16.334842194843937,7.26880383296313,3.32373495497673,1.0,69.77891136095164,0.0,2,1.183395589610503,13.90797804660645,0.2000248949928455,8.058920966915595,5.428790391900541,0.0,1.3689095909401283,9.317060667903824,10.81868387455557,-0.4479294690532065,42.46456947923127,3,192,5.41499046939678,9.64458524587397,0.4878048780487805,97.0618730953858,0,8752163115.772913,0.0,1,1.6585365853658536,3,411.6960000000001,8.869854470084444,0.6596837167745363,27.562211447693496,172.00357611737735,22.042766367789085,6.29402790130311,11.753753343145172,2.6269464219123826,11.520710123833878,2.5089895140719283,525.6070000000002,7.26880383296313,101.96178282623627,2165.4040335607274,9,22.253805966787983,5.41499046939678,4.417150937053347,48.46936361122258,8.869854470084444,2.797859128521747,4.794537184071822,22.042766367789085,148.73813069574223,27.13081678632152,0.0,4.405025369838741,10.81868387455557,5.428790391900541,502.42300000000046,0.4557361763511163,165.53499999999963,22.410697524499,0.0,0.0263157894736842,7,0.0,9.0925,0.0,11.126902983393991,13.90797804660645,3,20.264023454990685,5.41499046939678,0.0,13.302254758156913,0.2000248949928455,0,0.0,0.0,0.0,0.0,0.0,0.0,0.0,0.0,0.0,0.0,236.10256140881776,0.0,525.172878976,6,0,2,0,0,0,1,1,1,0,0,0,0,0,0,0,0,0,0,0,0,0,0,0,0,0,0,0,0,0,0,0.0,41,0,0,0,0,0,0,0,0,0,0,0,0,6,0,0,3,0,0,0,0,0,0,0,0,0,0,0,0,0,0,11,0,0,0,0,0,0,0,0,0,0,0,0,0,0,0,0,0,0,0,0,0,0,0,0,0,0,0,0,0,0,0,0,0,9.0925,488
1,4.794537184071822,34.124317648101375,2,0,4,42.42609422865577,0.0,0.0,23.550000000000004,-2.2522574029926967,0.0,65.63339178790389,0.0,18.76205810172173,9.799819461700956,11.336785877934735,15.228609853601498,5.428790391900541,7.242045984998115,0.0,0.0619315894034921,-2.0912768769389825,14.25710160880116,11.09433962264151,-6.7499999999999964,76.55041187675714,-0.3105059437185152,0.1476236059367199,32.133501797918555,7.11370966844255,3.2279703734304346,0.7547169811320755,113.24931199371215,0.0,0,1.5049482582831186,17.72153284994822,0.1959941550553792,14.107387375732667,0.0,0.0,1.0543488659076512,9.799819461700956,12.927599229896238,0.0619315894034921,30.33183534230805,4,252,0.0,9.989431497640556,0.3396226415094339,115.26097430077064,0,2979668901193.1523,0.0,8,1.2264150943396226,4,552.7040000000002,9.652357630581015,1.2832688643713026,0.0,216.47980790366705,29.657329505302656,1.9595113269551336,54.29660590996916,2.3888135662175083,10.717152790792298,2.1614856028879164,698.8910000000002,8.258546593632785,185.72446444708763,2633.756786637437,9,0.0,0.0,0.0,71.21783369212856,10.770155277939834,6.263324083709099,4.794537184071822,28.84083292437493,211.05101751176653,35.563691917752784,0.0,8.564857493460789,14.011376186383062,5.428790391900541,664.6189999999999,0.3105059437185152,225.8389999999995,32.17728662745015,0.0,0.0,9,0.0,13.688299999999977,11.336785877934735,22.253805966787983,18.53802943087594,3,26.208642573655663,0.0,0.0,14.25710160880116,0.1959941550553792,0,0.0,0.0,0.0,0.0,0.0,0.0,0.0,0.0,0.0,11.336785877934735,312.46933769014566,0.0,698.239184708,8,0,1,0,0,0,0,0,0,0,0,0,0,0,0,0,0,0,0,0,0,0,0,0,0,0,0,0,0,0,0,1.6718291634524705,53,0,0,0,0,0,0,0,0,0,0,0,0,8,0,0,6,0,0,0,0,0,0,0,0,0,0,0,0,0,0,2,0,0,0,0,0,0,0,0,0,0,0,0,0,0,0,0,0,0,0,0,0,0,0,0,0,0,0,0,0,0,0,0,0,13.688299999999977,541
1,4.794537184071822,34.124317648101375,2,0,4,42.42609422865577,0.0,0.0,23.550000000000004,-2.251785428055845,0.0,65.63339178790389,0.0,18.276804831994404,9.799819461700956,11.336785877934735,15.228609853601498,5.428790391900541,7.241642939663033,0.0,0.069698042596394,-2.0897102911615923,13.75736515821348,11.09433962264151,-6.7499999999999964,76.55041187675714,-0.3105059437185152,0.1476236059367199,32.133501797876505,7.01999185667647,3.228307728603261,0.5849056603773585,119.3156790621738,0.0,0,1.502256948506533,17.715549785804512,0.1953667107243519,14.107387375732667,0.0,0.0,1.0372186612947754,9.799819461700956,12.959828508725248,0.069698042596394,36.39820241076966,4,252,0.0,10.01714847979962,0.3018867924528302,109.19460723230902,0,2950867231002.3,0.0,8,0.9056603773584906,4,554.6800000000002,9.647634926022034,1.2832173505612976,0.0,216.47980790366705,29.657329505302656,1.9595113269551336,54.29660590996916,2.3812014431885893,11.005674208601928,2.147795218758338,698.8910000000002,8.170091801060632,179.65809737862602,2447.006786637437,9,0.0,0.0,0.0,71.41725685382288,10.762989997672449,6.372486718959538,4.794537184071822,28.84083292437493,211.05101751176653,35.563691917752784,0.0,8.564857493460789,14.04360546521207,5.428790391900541,664.6189999999999,0.3105059437185152,225.8389999999995,32.17728662745015,0.0,0.0,9,0.0,13.688299999999971,11.336785877934735,22.253805966787983,18.53204636673223,3,26.191805821250064,0.0,0.0,13.75736515821348,0.1953667107243519,0,0.0,0.0,0.0,0.0,0.0,0.0,0.0,0.0,0.0,11.336785877934735,312.46933769014566,0.0,698.239184708,8,0,1,0,0,0,0,0,0,0,0,0,0,0,0,0,0,0,0,0,0,0,0,0,0,0,0,0,0,0,0,1.6718291634524702,53,0,0,0,0,0,0,0,0,0,0,0,0,8,0,0,6,0,0,0,0,0,0,0,0,0,0,0,0,0,0,2,0,0,0,0,0,0,0,0,0,0,0,0,0,0,0,0,0,0,0,0,0,0,0,0,0,0,0,0,0,0,0,0,0,13.688299999999971,506
0,13.212334168400758,34.124317648101375,2,1,5,22.253805966787983,11.126902983393991,0.0,57.690000000000005,-2.258298166079064,-0.3074434105965078,49.744815730883815,13.212334168400758,18.66883280316247,9.799819461700956,24.26546827384644,9.799819461700956,5.783244946364939,7.914378634134419,0.0,0.0237371449590479,-2.2092181330716727,14.356923291945492,12.690909090909091,-7.019999999999997,45.25122063149536,-0.3105059437185335,0.1557710913120055,32.22792016519119,7.390490268863044,3.247630281106942,0.7272727272727273,113.24931199371215,0.0,1,0.0,18.05486618328155,0.2076048330337941,14.08313056653222,9.837253136417502,14.201041930693876,1.04862159888594,9.799819461700956,13.328973944973546,-4.019892844966346,133.46007550615548,6,264,9.79096695103555,9.919702449558184,0.3272727272727272,115.26097430077064,0,6119213035187.33,8.417796984328938,8,1.181818181818182,4,571.4320000000001,10.01147438697756,0.1027049223697597,9.79096695103555,217.38338331108872,30.473826086230385,28.713846583890984,45.25122063149536,2.425480930085131,9.22185150529652,2.3656983811546097,730.8890000000001,9.088888394894273,58.33075600939383,2669.0082865433565,9,15.921440167465814,9.837253136417502,0.0,66.63947202987953,11.847505547129463,6.183703400584387,4.794537184071822,29.657329505302656,216.04744727873023,37.35658513656624,0.0,8.652806592296894,15.215500331614992,26.70111488079448,696.6169999999998,0.3105059437185335,222.00629999999944,33.79251227758191,0.0,0.0,8,-4.019892844966346,12.33739999999998,0.0,22.253805966787983,19.538029430875937,5,26.96949626191757,9.837253136417502,0.0,14.356923291945492,0.2076048330337941,0,0.0,0.0,0.0,0.0,0.0,0.0,0.0,0.0,0.0,0.0,320.4967613450495,0.0,730.229013948,8,0,1,0,0,0,1,0,0,0,0,0,0,0,0,0,0,0,0,0,0,0,1,0,0,0,0,0,0,0,0,0.0,55,0,0,0,0,0,0,0,0,0,0,0,0,8,0,0,6,0,0,0,0,0,0,0,0,0,0,0,0,0,1,2,0,0,0,0,0,0,0,0,0,0,0,0,0,0,0,0,0,0,0,0,0,0,0,0,1,0,0,0,0,0,0,0,0,12.33739999999998,623
0,13.212334168400758,34.124317648101375,2,1,5,22.253805966787983,11.126902983393991,0.0,57.690000000000005,-2.254527256858704,-0.299676957403606,49.744815730883815,13.212334168400758,18.183579533435136,9.799819461700956,24.26546827384644,9.799819461700956,5.783244946364939,7.9143485446635164,0.0,0.0237371449590479,-2.200179150467147,14.356923291945492,12.690909090909091,-7.019999999999997,45.25122063149536,-0.3105059437185335,0.1557710913120055,32.227920165115094,7.295775279739677,3.248385266020274,0.5818181818181818,119.3156790621738,0.0,1,0.0,18.048883119137844,0.2076043288858417,14.08313056653222,9.837253136417502,14.201041930693876,1.0334757290105332,9.799819461700956,13.361203223802557,-4.019892844966346,133.46007550615548,6,264,9.79096695103555,9.961938153938316,0.3090909090909091,109.19460723230902,0,6071694715412.437,8.417796984328938,8,0.8909090909090909,4,572.7200000000001,10.006751682418576,0.1026441253191234,9.79096695103555,217.38338331108872,30.473826086230385,28.713846583890984,45.25122063149536,2.409537936322927,9.499915160136664,2.3512931243041937,730.8890000000001,8.997442070250262,58.33075600939383,2491.0082865433565,9,15.921440167465814,9.837253136417502,0.0,66.83889519157384,11.84034026686208,6.2846766400421945,4.794537184071822,29.657329505302656,216.04744727873023,37.35658513656624,0.0,8.652806592296894,15.247729610444,26.70111488079448,696.6169999999998,0.3105059437185335,222.00629999999944,33.79251227758191,0.0,0.0,8,-4.019892844966346,12.33739999999998,0.0,22.253805966787983,19.532046366732228,5,26.95265950951196,9.837253136417502,0.0,14.356923291945492,0.2076043288858417,0,0.0,0.0,0.0,0.0,0.0,0.0,0.0,0.0,0.0,0.0,320.4967613450495,0.0,730.2290139480001,8,0,1,0,0,0,1,0,0,0,0,0,0,0,0,0,0,0,0,0,0,0,1,0,0,0,0,0,0,0,0,0.0,55,0,0,0,0,0,0,0,0,0,0,0,0,8,0,0,6,0,0,0,0,0,0,0,0,0,0,0,0,0,1,2,0,0,0,0,0,0,0,0,0,0,0,0,0,0,0,0,0,0,0,0,0,0,0,0,1,0,0,0,0,0,0,0,0,12.33739999999998,618
1,0.0,17.062158824050687,3,0,3,11.126902983393991,5.693927994848461,11.763149307640736,39.92,-2.4156435669809224,0.0,17.062158824050687,0.0,6.533733879456282,4.899909730850478,12.263210640074686,4.899909730850478,0.0,5.859025253853088,22.50167553276112,0.0577534395373673,-2.299564483586787,8.958726815296911,13.833333333333334,-3.899999999999999,16.814289258077554,-0.3098816773424034,0.3827453443728505,15.156187707040116,4.381012918041856,2.799094815202075,1.3,53.08855688586065,4.9839785209472085,1,8.958726815296911,10.05165935904,0.1399798808767698,6.859713157758528,0.0,4.9839785209472085,1.6142493852963982,4.899909730850478,8.085500172097634,-0.0577534395373673,6.06636706846161,3,144,19.26246486877803,9.733601260251628,0.7333333333333333,62.37841094707412,1,11002905.827181531,4.9839785209472085,2,1.8333333333333333,2,316.3280000000001,5.973461868614415,0.6316873473573269,11.374772549367124,107.9468135083181,17.001894824344266,0.0,22.862671807390413,2.510491119702216,8.652583641422096,2.3572994063823742,387.4860000000001,4.381012918041856,102.59698878551056,1213.2551499638537,5,30.6683053776237,5.41499046939678,5.261891554738487,31.59742980389348,5.973461868614415,2.77298026354092,0.0,17.001894824344266,91.12598253007565,20.716967702877938,4.589295407256335,4.149919384192142,8.085500172097634,5.41499046939678,366.31800000000015,0.3098816773424034,121.199,18.149094380856727,1.7515637860082305,0.1111111111111111,4,0.0,6.729380000000006,0.0,17.196124296186266,10.05165935904,3,14.591684826406397,0.0,0.0,8.958726815296911,0.1399798808767698,0,11.33111286753076,0.0,0.0,0.0,5.261891554738487,0.0,0.0,0.0,0.0,0.0,176.42868437436482,5.261891554738487,387.173547672,3,0,2,0,0,0,1,0,0,0,0,0,0,0,0,0,0,0,0,1,0,0,0,0,0,0,0,0,0,0,0,0.0,30,0,0,0,0,0,0,0,0,0,0,0,0,3,0,0,3,0,0,0,0,0,0,0,0,0,0,0,0,0,0,2,0,0,0,0,0,0,0,0,1,0,0,0,0,0,0,0,0,0,0,0,0,0,0,0,0,0,0,0,0,0,0,0,0,6.729380000000006,488
1,0.0,17.062158824050687,3,0,3,11.257379486545457,5.563451491696996,6.069221312792274,39.92,-2.4155876013606656,0.0,17.062158824050687,0.0,6.755964506172839,4.899909730850478,12.263210640074686,4.899909730850478,0.0,5.858149491508218,22.50167553276112,0.05948897672745,-2.299578918660007,8.98122681529691,13.833333333333334,-3.899999999999999,16.944765761229018,-0.3098816624439561,0.3827453443728505,15.156246520922936,4.35932347242691,2.799094815202075,1.3666666666666667,47.52510539416365,4.9839785209472085,1,8.98122681529691,10.05165935904,0.1007418022867228,6.859713157758528,0.0,4.9839785209472085,1.6142493852963982,4.899909730850478,8.085500172097634,-0.05948897672745,6.06636706846161,3,144,19.26246486877803,9.733621032661704,0.7666666666666667,62.37841094707412,1,11002905.827181531,0.0,2,1.9,2,316.21600000000007,5.950444369258118,0.6316873133962941,22.63215203591258,107.81633700516664,17.001894824344266,0.0,22.862671807390413,2.5103461915416547,8.58361737860843,2.357370255910845,387.4860000000001,4.35932347242691,102.59698878551056,1213.2551499638537,5,30.53782887447224,5.41499046939678,5.261891554738487,31.56232292704417,5.950444369258118,2.77298026354092,4.9839785209472085,17.001894824344266,91.12598253007565,20.716967702877938,4.586655370525389,4.149919384192142,8.085500172097634,5.41499046939678,366.31800000000015,0.3098816624439561,121.199,18.149094380856727,1.6135463356855853,0.1111111111111111,4,0.0,6.729380000000006,0.0,17.32660079933773,10.05165935904,3,14.591684826406397,0.0,0.0,8.98122681529691,0.1007418022867228,0,11.33111286753076,0.0,0.0,0.0,5.261891554738487,0.0,0.0,0.0,0.0,0.0,176.42868437436482,5.261891554738487,387.173547672,3,0,2,0,0,0,1,0,0,0,0,0,0,0,0,0,0,0,0,1,0,0,0,0,0,0,0,0,0,0,0,0.0,30,0,0,0,0,0,0,0,0,0,0,0,0,3,0,0,3,0,0,0,0,0,0,0,0,0,0,0,0,0,0,2,0,0,0,0,0,0,0,0,1,0,0,0,0,0,0,0,0,0,0,0,0,0,0,0,0,0,0,0,0,0,0,0,0,6.729380000000006,504
1,5.261891554738487,17.062158824050687,4,0,4,11.257379486545457,5.693927994848461,12.138442625584547,63.71,-2.4155917148401267,0.0,17.062158824050687,0.0,6.666388888888889,4.899909730850478,12.13273413692322,4.899909730850478,5.693927994848461,5.858590148772408,22.50167553276112,0.093521220222106,-2.29958590783605,9.293172681382249,13.4375,-4.409999999999999,11.250837766380558,-0.3098816624438572,0.3719385239983173,15.156295951606912,4.523928567503232,2.8413018713655305,1.3125,47.52510539416365,4.9839785209472085,1,18.43523283001249,10.451998930197984,0.1584078140824338,7.37505241089525,0.0,4.9839785209472085,1.615024008229046,4.899909730850478,8.357848211183763,-0.093521220222106,24.271176762507768,4,152,19.26246486877803,9.733619828268475,0.71875,62.37841094707412,1,27161936.67365564,4.9839785209472085,2,1.875,2,336.2480000000001,6.179460994626621,0.631687160613701,22.63215203591258,107.31342142840202,17.871758150654596,0.0,16.665828235777337,2.5105514473008244,7.889499326545374,2.3576641965644813,412.4960000000001,4.523928567503232,84.39503333579505,1369.7502343996107,5,36.2317568693207,5.41499046939678,5.261891554738487,32.71432744069215,6.179460994626621,2.9365253246436662,0.0,17.871758150654596,84.92913895846256,22.29431797206756,4.5445515138610935,4.505098138050799,8.357848211183763,16.672369955942237,392.3360000000002,0.3098816624438572,125.914,19.547405548556057,0.0,0.1071428571428571,4,0.0,6.601060000000006,0.0,23.39582211213,10.451998930197984,4,15.54037323139014,0.0,0.0,9.293172681382249,0.1584078140824338,0,22.66222573506152,0.0,0.0,0.0,10.523783109476971,0.0,0.0,0.0,0.0,0.0,187.1862061702301,10.523783109476971,412.16879664,3,0,2,0,0,0,1,0,0,0,0,0,0,0,0,0,0,0,0,1,0,0,0,0,0,0,0,0,0,0,0,0.0,32,0,0,0,0,0,0,0,0,0,0,0,0,3,0,0,3,0,0,0,0,0,0,0,0,0,0,0,0,0,0,2,0,0,0,0,0,0,0,0,2,0,0,0,0,0,0,0,0,0,0,0,0,0,0,0,0,0,0,0,0,0,0,0,0,6.601060000000006,562
1,0.0,17.062158824050687,4,0,4,11.126902983393991,0.0,6.069221312792274,52.81,-2.4156240475512,0.1801069951131697,17.062158824050687,0.0,10.485646494925897,4.899909730850478,12.393687143226153,4.899909730850478,0.0,5.858697240893251,22.50167553276112,0.0660179023472846,-2.2995696628307574,8.896226815296913,13.833333333333334,-3.969999999999999,16.814289258077554,-0.3098816772862345,0.4147435712639934,15.156291431593909,4.285094650310628,2.799094815202075,1.2666666666666666,40.95582274893743,9.967957041894415,1,8.896226815296913,9.911456578608997,0.2316589913185325,6.821603007210488,5.824404497999927,9.967957041894415,1.6142493852963982,4.899909730850478,7.948732115215463,-0.0660179023472846,6.069221312792274,4,144,19.26246486877803,9.733607425253316,0.7333333333333333,62.37841094707412,0,11002905.827181531,9.967957041894415,2,1.8,2,314.32000000000005,5.847270723210989,0.6316871515670882,11.374772549367124,102.14139944615944,16.871758150654596,0.0,29.05951537900349,2.510398650191558,7.975501551097901,2.357348352740777,388.4740000000001,4.285094650310628,101.5117459936655,1216.1805673527624,5,30.798781880775167,5.41499046939678,5.261891554738487,27.592317386515543,5.847270723210989,2.753852688054784,0.0,16.871758150654596,85.1900919647655,20.716967702877938,4.575406518367446,4.111974281043847,7.948732115215463,11.239394967396706,368.3140000000002,0.3098816772862345,118.994,18.083612942723835,3.378127572016461,0.1153846153846153,4,0.0,6.124380000000006,0.0,17.196124296186266,9.911456578608997,4,14.591684826406397,0.0,0.0,8.896226815296913,0.2316589913185325,0,11.33111286753076,0.0,0.0,0.0,5.261891554738487,0.0,0.0,0.0,0.0,0.0,175.6483323553113,5.261891554738487,388.16879664,3,0,2,0,0,0,1,0,0,0,0,0,0,0,0,0,0,0,0,2,0,0,0,0,0,0,0,0,0,0,0,0.0,30,0,0,0,0,0,0,0,0,0,0,0,0,3,0,0,3,0,0,0,0,0,0,0,0,0,0,0,0,0,0,2,0,0,0,0,0,0,0,0,1,0,0,0,0,0,0,0,0,0,0,0,0,0,0,0,0,0,0,0,0,0,0,0,0,6.124380000000006,524
1,0.0,17.062158824050687,4,0,4,11.387855989696924,11.387855989696924,6.069221312792274,52.81,-2.415515810041076,0.6121553497942389,17.062158824050687,0.0,10.93010774835901,4.899909730850478,12.393687143226153,4.899909730850478,5.824404497999927,5.857222216749356,22.50167553276112,0.06948897672745,-2.2996009867277256,8.941226815296911,13.833333333333334,-3.969999999999999,11.250837766380558,-0.309881646927053,0.4147435712639934,15.156460106059466,4.241715759080738,2.799094815202075,1.3,47.52510539416365,9.967957041894415,1,8.941226815296911,9.911456578608997,0.158670815517848,6.821603007210488,0.0,9.967957041894415,1.6142493852963982,4.899909730850478,7.948732115215463,-0.06948897672745,12.13273413692322,4,144,19.26246486877803,9.733640527120388,0.7666666666666667,50.2456768101509,0,11002905.827181531,9.967957041894415,2,1.8333333333333333,2,314.4240000000001,5.8012357244983965,0.6316870819782012,16.93822404106412,101.8804464398565,16.871758150654596,0.0,29.05951537900349,2.5101313204370874,7.4055206707895005,2.357501740553212,388.4740000000001,4.241715759080738,95.44823316953456,1216.1805673527624,5,30.53782887447224,5.41499046939678,5.261891554738487,27.522103632816943,5.8012357244983965,2.753852688054784,0.0,16.871758150654596,85.1900919647655,20.716967702877938,4.570126444905554,4.111974281043847,7.948732115215463,5.41499046939678,368.3140000000002,0.309881646927053,118.994,18.083612942723835,3.1020926713711705,0.1153846153846153,4,0.0,6.124380000000006,0.0,17.457077302489196,9.911456578608997,4,14.591684826406397,0.0,0.0,8.941226815296911,0.158670815517848,0,11.33111286753076,0.0,0.0,0.0,5.261891554738487,0.0,0.0,0.0,0.0,0.0,175.6483323553113,5.261891554738487,388.16879664,3,0,2,0,0,0,1,0,0,0,0,0,0,0,0,0,0,0,0,2,0,0,0,0,0,0,0,0,0,0,0,0.0,30,0,0,0,0,0,0,0,0,0,0,0,0,3,0,0,3,0,0,0,0,0,0,0,0,0,0,0,0,0,0,2,0,0,0,0,0,0,0,0,1,0,0,0,0,0,0,0,0,0,0,0,0,0,0,0,0,0,0,0,0,0,0,0,0,6.124380000000006,543
0,0.0,17.062158824050687,2,0,2,11.126902983393991,5.563451491696996,0.0,27.03,-2.4156638686991045,0.0,17.062158824050687,0.0,2.359599041764445,4.899909730850478,0.0,4.899909730850478,0.0,5.859432686575149,22.50167553276112,0.04948897672745,-2.2995601023646204,9.021226815296911,13.833333333333334,-3.8299999999999983,16.814289258077554,-0.3098816773983318,0.3603638301802116,15.156131520142011,4.487465243670001,2.799094815202075,1.1,58.65200837755764,0.0,1,9.021226815296911,10.191862139471008,0.0991095704311447,6.897897986408679,0.0,0.0,1.6142493852963982,4.899909730850478,8.230736005899312,-0.04948897672745,24.26546827384644,2,144,19.26246486877803,9.733592574268483,0.6333333333333333,74.51114508399735,0,11002905.827181531,0.0,2,1.6,2,319.12000000000006,6.10943076058567,0.6316874919346755,23.0074453538564,113.7522275704768,17.132031498033932,0.0,11.102376744080342,2.510595606527651,9.149558736633123,2.357254184075083,386.4980000000001,4.487465243670001,97.61301026456334,1209.786062206818,5,30.53782887447224,5.41499046939678,5.261891554738487,35.949764443493635,6.10943076058567,2.792171757827687,0.0,17.132031498033932,97.0618730953858,20.716967702877938,4.6031842961452245,4.188080742756152,8.230736005899312,5.41499046939678,364.3220000000002,0.3098816773983318,123.404,18.214595595679288,0.0,0.1071428571428571,4,0.0,7.334380000000007,0.0,17.196124296186266,10.191862139471008,2,14.591684826406397,0.0,0.0,9.021226815296911,0.0991095704311447,0,11.33111286753076,0.0,0.0,0.0,5.261891554738487,0.0,0.0,0.0,0.0,0.0,177.20903639341833,5.261891554738487,386.178298704,4,0,1,0,0,0,1,0,0,0,0,0,0,0,0,0,0,0,0,0,0,0,0,0,0,0,0,0,0,0,0,0.0,30,0,0,0,0,0,0,0,0,0,0,0,0,4,0,0,3,0,0,0,0,0,0,0,0,0,0,0,0,0,0,2,0,0,0,0,0,0,0,0,1,0,0,0,0,0,0,0,0,0,0,0,0,0,0,0,0,0,0,0,0,0,0,0,0,7.334380000000007,462
0,5.261891554738487,17.062158824050687,2,0,2,11.126902983393991,5.563451491696996,0.0,27.03,-2.4156650520498912,0.0,17.062158824050687,0.0,2.352577160493828,4.899909730850478,0.0,4.899909730850478,0.0,5.859692858841248,22.50167553276112,0.0542048914552277,-2.2995612452413603,9.194839348048916,13.833333333333334,-3.8299999999999983,16.814289258077554,-0.3098816773982532,0.3603638301802116,15.15613290207924,4.518556697087751,2.798051627700689,1.2666666666666666,58.65200837755764,0.0,1,9.194839348048916,10.191862139471008,0.0991315912892564,6.897897986408679,0.0,0.0,1.6358971751511424,4.899909730850478,8.23419032959326,-0.0542048914552277,24.26546827384644,2,144,19.26246486877803,9.7335910483202,0.6666666666666666,74.51114508399735,0,10917325.91889744,0.0,2,1.8666666666666667,2,317.9200000000001,6.087101661216409,0.6316875131780055,23.0074453538564,113.7522275704768,17.132031498033932,0.0,11.102376744080342,2.5106490773160903,9.019007935271986,2.3572916923315623,386.4980000000001,4.518556697087751,97.61301026456334,1227.0360622068176,5,30.53782887447224,5.41499046939678,0.0,35.91911562684133,6.087101661216409,2.792171757827687,0.0,17.132031498033932,97.0618730953858,20.716967702877938,4.597793262677268,4.188080742756152,8.23419032959326,5.41499046939678,364.3220000000002,0.3098816773982532,123.404,18.214595595679288,0.0,0.1071428571428571,4,0.0,7.334380000000007,0.0,17.196124296186266,10.191862139471008,2,14.591684826406397,0.0,0.0,9.194839348048916,0.0991315912892564,0,11.33111286753076,0.0,0.0,0.0,5.261891554738487,0.0,0.0,0.0,0.0,0.0,177.20903639341833,5.261891554738487,386.178298704,4,0,1,0,0,0,1,0,0,0,0,0,0,0,0,0,0,0,0,0,0,0,0,0,0,0,0,0,0,0,0,0.0,30,0,0,0,0,0,0,0,0,0,0,0,0,4,0,0,3,0,0,0,0,0,0,0,0,0,0,0,0,0,0,2,0,0,0,0,0,0,0,0,1,0,0,0,0,0,0,0,0,0,0,0,0,0,0,0,0,0,0,0,0,0,0,0,0,7.334380000000007,431
1,10.523783109476971,17.062158824050687,5,0,5,43.3507467220213,11.033401435232523,12.138442625584547,76.6,-2.4631429370860825,0.0,60.41290554607198,0.0,12.091726655630806,4.899909730850478,0.0,4.899909730850478,11.387855989696922,6.338513841865728,22.253805966787983,0.0353023248839414,-2.372748240479679,10.040832989643308,13.537037037037036,-7.0799999999999965,54.94295560253646,-0.3092035081701613,0.1361140732886121,15.160533713791738,8.944510860072468,3.2143214661194253,1.037037037037037,74.33653169911939,9.967957041894415,1,26.178136025205266,18.214596666600148,0.1772373844005092,11.459582040501006,0.0,9.967957041894415,1.3440986461594069,4.899909730850478,15.18569112617632,-0.5721375266151849,0.0,5,254,31.60119253786544,9.621834178091545,0.5185185185185185,136.03218589984252,0,3561554647136.3047,9.967957041894415,3,1.5925925925925926,2,549.5600000000002,11.307227662838056,0.591525099744611,33.51055072867999,184.7979230912605,30.09247443805081,0.0,21.544896857859182,2.5845027665567826,9.840919073320151,2.460741236413628,691.8379999999996,8.944510860072468,183.4023735985856,2965.9692194582103,10,59.976325047253766,10.82998093879356,9.967957041894415,56.77452495104642,11.307227662838056,4.242075515992107,0.0,30.09247443805081,145.59280964307868,36.76864498782619,6.614693294797357,6.714326484887164,15.18569112617632,16.8028464590937,658.574,0.3092035081701613,217.92299999999952,31.63934154862557,0.0,0.1020408163265306,9,0.0,11.73395999999998,0.0,12.138442625584547,18.214596666600148,5,26.33905162555213,5.41499046939678,0.0,10.040832989643308,0.1772373844005092,0,22.66222573506152,0.0,0.0,0.0,10.523783109476971,0.0,0.0,0.0,0.0,0.0,312.8985155931103,10.523783109476971,691.2735960559999,8,0,2,0,0,0,1,0,0,0,0,0,0,0,0,0,0,0,0,2,0,0,0,0,0,0,0,0,0,0,0,0.0,54,0,0,0,0,0,0,0,0,0,0,0,0,8,0,0,3,0,0,0,0,0,0,0,0,0,0,0,0,0,0,5,0,0,0,0,0,0,0,0,2,0,0,0,0,0,0,0,0,0,0,0,0,0,0,0,0,0,0,0,0,0,0,0,0,11.73395999999998,601
1,10.523783109476971,17.062158824050687,5,0,5,43.3507467220213,11.033401435232523,17.65514334320081,76.6,-2.463226702933098,0.0,60.41290554607198,0.0,12.340904310974638,4.899909730850478,0.0,4.899909730850478,11.387855989696922,6.348943657831578,11.126902983393991,0.0216857735347753,-2.3729351819424465,10.282300208912623,13.537037037037036,-7.079999999999997,66.06985858593045,-0.3091215255083435,0.1361140732886121,15.16199939891619,8.940629264965276,3.213944269648999,1.037037037037037,73.65638884512258,9.967957041894415,1,26.607620523155443,18.21459666660016,0.1772386379864846,11.459582040501006,0.0,9.967957041894415,1.3951557124468508,4.899909730850478,15.18868265824816,-0.6141892450752344,0.0,5,254,31.60119253786544,9.621797424717386,0.5185185185185185,142.09855296830412,0,3548431184544.6875,9.967957041894415,3,1.6111111111111112,2,551.5600000000002,11.294881706569328,0.5915251195981082,27.993850011063728,184.7979230912605,30.09247443805081,0.0,16.158672643394386,2.5873628718067714,9.385386454974238,2.462086817951948,691.8380000000001,8.940629264965276,183.4023735985855,2965.9692194582094,10,59.976325047253766,10.82998093879356,9.967957041894415,56.55139541609833,11.294881706569328,4.242075515992107,0.0,30.09247443805081,145.59280964307868,36.76864498782619,6.614693294797357,6.714326484887164,15.18868265824816,16.8028464590937,658.5740000000001,0.3091215255083435,217.9229999999995,31.63934154862557,0.0,0.1020408163265306,9,0.0,11.733959999999984,0.0,12.138442625584547,18.21459666660016,5,26.33905162555214,5.41499046939678,0.0,10.282300208912623,0.1772386379864846,0,22.66222573506152,0.0,0.0,0.0,10.523783109476971,0.0,0.0,0.0,0.0,0.0,312.8985155931102,10.523783109476971,691.2735960560001,8,0,2,0,0,0,1,0,0,0,0,0,0,0,0,0,0,0,0,2,0,0,0,0,0,0,0,0,0,0,0,0.0,54,0,0,0,0,0,0,0,0,0,0,0,0,8,0,0,3,0,0,0,0,0,0,0,0,0,0,0,0,0,0,5,0,0,0,0,0,0,0,0,2,0,0,0,0,0,0,0,0,0,0,0,0,0,0,0,0,0,0,0,0,0,0,0,0,11.733959999999984,649
1,10.523783109476971,17.062158824050687,5,0,5,54.38414815725382,22.16030441862652,12.138442625584547,76.6,-2.463145687581811,0.0,71.44630698130449,0.0,12.963601206152129,4.899909730850478,12.13273413692322,4.899909730850478,0.0,6.342052690088078,27.817257458484978,0.1179427311785665,-2.3727456179893074,9.91084403577163,13.5,-7.599999999999996,60.41290554607198,-0.309203508170213,0.1330750388625849,15.16054521796996,9.640926281303871,3.263315893348669,1.0172413793103448,86.46926583604262,9.967957041894415,1,26.31881764157185,19.6192972049794,0.1005931921344492,12.19831259565964,0.0,9.967957041894415,1.2664870038686424,4.899909730850478,16.374983756552744,-0.5695557605199397,0.0,5,272,31.60119253786544,9.621834283605205,0.5,136.03218589984252,0,30731128404253.08,9.967957041894415,3,1.5689655172413792,2,591.4080000000001,12.244035580438691,0.591526932448314,55.6708551473065,196.6697042218809,32.24717497643006,0.0,21.544896857859182,2.58512068252574,12.001594106683624,2.4609212048289546,741.8979999999996,9.640926281303871,183.4023735985856,3314.72409338238,11,59.71537204095084,10.82998093879356,9.967957041894415,60.84082316045556,12.244035580438691,4.561497624097293,0.0,32.24717497643006,157.72554378000189,39.33755908857853,6.7084972184701614,7.09058915267808,16.374983756552744,5.41499046939678,706.6179999999998,0.309203508170213,235.4289999999995,33.71402131485462,0.0,0.0943396226415094,10,0.0,12.887159999999978,0.0,12.138442625584547,19.6192972049794,5,28.305378120740915,5.41499046939678,0.0,9.91084403577163,0.1005931921344492,0,22.66222573506152,0.0,0.0,0.0,10.523783109476971,0.0,0.0,0.0,0.0,0.0,335.58018012484547,10.523783109476971,741.2892461199998,9,0,2,0,0,0,1,0,0,0,0,0,0,0,0,0,0,0,0,2,0,0,0,0,0,0,0,0,0,0,0,0.0,58,0,0,0,0,0,0,0,0,0,0,0,0,9,0,0,3,0,0,0,0,0,0,0,0,0,0,0,0,0,0,6,0,0,0,0,0,0,0,0,2,0,0,0,0,0,0,0,0,0,0,0,0,0,0,0,0,0,0,0,0,0,0,0,0,12.887159999999978,640
1,10.523783109476971,17.062158824050687,5,0,5,54.38414815725382,16.59685292692952,17.65514334320081,76.6,-2.46324019462091,0.0,71.44630698130449,0.0,13.236503053545334,4.899909730850478,12.13273413692322,4.899909730850478,0.0,6.352592608926518,27.817257458484978,0.1179427311785665,-2.3729137295973115,10.060351442747963,13.5,-7.599999999999996,60.41290554607198,-0.3091215293549615,0.1330750388625849,15.161950887622778,9.637044686196688,3.2628866597515183,1.0172413793103448,85.78912298204581,9.967957041894415,1,26.589312773451265,19.6192972049794,0.1005931921345413,12.19831259565964,0.0,9.967957041894415,1.3264221815081123,4.899909730850478,16.377975288624597,-0.6075699569143633,0.0,5,272,31.60119253786544,9.621797857666104,0.5,142.09855296830412,0,30614562390844.094,9.967957041894415,3,1.5862068965517242,2,592.0560000000002,12.231689624169976,0.5915269547270339,50.15415442969024,196.6697042218809,32.24717497643006,0.0,16.158672643394386,2.5881322209009845,11.618581673433155,2.462207981388755,741.8979999999997,9.637044686196688,183.4023735985856,3314.7240933823805,11,59.71537204095084,10.82998093879356,9.967957041894415,60.68043861443344,12.231689624169976,4.561497624097293,0.0,32.24717497643006,157.72554378000189,39.33755908857853,6.7084972184701614,7.09058915267808,16.377975288624597,10.978441961093775,706.6179999999998,0.3091215293549615,235.4289999999995,33.71402131485462,0.0,0.0943396226415094,10,0.0,12.887159999999977,0.0,12.138442625584547,19.6192972049794,5,28.305378120740915,5.41499046939678,0.0,10.060351442747963,0.1005931921345413,0,22.66222573506152,0.0,0.0,0.0,10.523783109476971,0.0,0.0,0.0,0.0,0.0,335.58018012484547,10.523783109476971,741.2892461199998,9,0,2,0,0,0,1,0,0,0,0,0,0,0,0,0,0,0,0,2,0,0,0,0,0,0,0,0,0,0,0,0.0,58,0,0,0,0,0,0,0,0,0,0,0,0,9,0,0,3,0,0,0,0,0,0,0,0,0,0,0,0,0,0,6,0,0,0,0,0,0,0,0,2,0,0,0,0,0,0,0,0,0,0,0,0,0,0,0,0,0,0,0,0,0,0,0,0,12.887159999999977,689
