max_features,random_state,dataset,index,experimental,predicted
6,1,test,0,584.000000,593.328918
6,1,test,1,510.000000,533.580078
6,1,test,2,525.000000,529.197449
6,1,test,3,557.000000,589.432495
6,1,test,4,596.000000,642.328979
6,1,test,5,528.000000,503.672913
6,1,test,6,645.000000,580.279114
6,1,test,7,460.000000,524.091553
6,1,test,8,572.000000,489.533752
6,1,test,9,509.000000,544.623413
6,1,test,10,577.000000,571.461365
6,1,test,11,555.000000,589.286438
6,1,test,12,485.000000,522.905273
6,1,test,13,580.000000,642.328979
6,1,test,14,456.000000,502.291077
6,1,test,15,597.000000,591.654968
6,1,test,16,484.000000,499.898193
6,1,test,17,584.000000,591.111877
6,1,test,18,502.000000,511.043884
6,1,test,19,612.000000,598.845337
6,1,test,20,644.000000,628.412720
6,1,test,21,501.000000,498.075684
6,1,test,22,462.000000,470.423798
6,1,test,23,495.000000,498.075684
6,1,test,24,601.000000,642.328979
6,1,test,25,613.000000,583.605896
6,1,test,26,610.000000,583.605896
6,1,test,27,580.000000,586.298401
6,1,test,28,545.000000,567.961853
6,1,test,29,469.000000,464.113586
6,1,test,30,479.000000,498.075684
6,1,test,31,478.000000,480.746582
6,1,test,32,446.000000,507.526917
6,1,test,33,463.000000,499.898193
6,1,test,34,613.000000,583.605896
6,1,test,35,572.000000,571.408936
6,1,test,36,572.000000,489.533752
6,1,test,37,524.000000,498.075684
6,1,test,38,575.000000,591.654968
6,1,test,39,600.000000,583.605896
6,1,test,40,560.000000,489.139404
6,1,test,41,442.000000,464.113586
6,1,test,42,451.000000,464.113586
6,1,test,43,616.000000,642.328979
6,1,test,44,534.000000,489.139404
6,1,test,45,608.000000,603.934631
6,1,test,46,489.000000,487.685913
6,1,test,47,637.000000,591.111877
6,1,test,48,648.000000,573.586182
6,1,test,49,523.000000,479.983704
6,1,test,50,519.000000,511.043884
6,1,test,51,524.000000,522.905273
6,1,test,52,500.000000,496.635468
6,1,test,53,495.000000,562.578186
6,1,train,0,585.000000,628.412720
6,1,train,1,509.000000,544.623413
6,1,train,2,577.000000,571.461365
6,1,train,3,479.000000,485.689941
6,1,train,4,504.000000,503.316254
6,1,train,5,509.000000,511.149902
6,1,train,6,606.000000,573.567383
6,1,train,7,605.000000,585.871338
6,1,train,8,484.000000,491.434937
6,1,train,9,488.000000,480.993347
6,1,train,10,630.000000,628.412720
6,1,train,11,507.000000,524.890808
6,1,train,12,522.000000,544.623413
6,1,train,13,628.000000,603.934631
6,1,train,14,522.000000,544.623413
6,1,train,15,578.000000,573.493164
6,1,train,16,640.000000,628.412720
6,1,train,17,618.000000,609.800781
6,1,train,18,431.000000,455.099762
6,1,train,19,649.000000,628.412720
6,1,train,20,526.000000,533.580078
6,1,train,21,535.000000,529.197449
6,1,train,22,507.000000,508.267639
6,1,train,23,541.000000,589.286438
6,1,train,24,612.000000,603.934631
6,1,train,25,617.000000,550.577393
6,1,train,26,459.000000,455.928131
6,1,train,27,597.000000,593.328918
6,1,train,28,538.000000,536.357910
6,1,train,29,508.000000,510.199554
6,1,train,30,525.000000,522.374207
6,1,train,31,455.000000,455.534027
6,1,train,32,472.000000,488.705139
6,1,train,33,596.000000,581.672180
6,1,train,34,617.000000,628.412720
6,1,train,35,623.000000,609.800781
6,1,train,36,594.000000,589.432495
6,1,train,37,480.000000,464.113586
6,1,train,38,504.000000,498.075684
6,1,train,39,516.000000,551.395874
6,1,train,40,541.000000,534.772644
6,1,train,41,505.000000,511.043884
6,1,train,42,515.000000,487.332367
6,1,train,43,522.000000,494.616730
6,1,train,44,506.000000,534.772644
6,1,train,45,577.000000,583.074829
6,1,train,46,574.000000,533.323303
6,1,train,47,624.000000,591.111877
6,1,train,48,543.000000,498.075684
6,1,train,49,644.000000,553.016357
6,1,train,50,584.000000,593.328918
6,1,train,51,500.000000,511.043884
6,1,train,52,689.000000,628.412720
6,1,train,53,586.000000,589.286438
6,1,train,54,617.000000,628.412720
6,1,train,55,473.000000,504.320160
6,1,train,56,572.000000,571.408936
6,1,train,57,595.000000,583.605896
6,1,train,58,528.000000,562.578186
6,1,train,59,492.000000,496.635468
6,1,train,60,516.000000,551.395874
6,1,train,61,473.000000,473.150299
6,1,train,62,505.000000,531.829895
6,1,train,63,534.000000,503.672913
6,1,train,64,630.000000,628.412720
6,1,train,65,670.000000,628.412720
6,1,train,66,598.000000,591.654968
6,1,train,67,488.000000,503.316254
6,1,train,68,481.000000,473.041748
6,1,train,69,455.000000,455.534027
6,1,train,70,550.000000,564.755432
6,1,train,71,505.000000,506.423981
6,1,train,72,608.000000,572.789001
6,1,train,73,482.000000,480.993347
6,1,train,74,466.000000,464.113586
6,1,train,75,471.000000,487.685913
6,1,train,76,624.000000,642.328979
6,1,train,77,591.000000,593.328918
6,1,train,78,488.000000,498.075684
6,1,train,79,606.000000,642.328979
6,1,train,80,693.000000,642.328979
6,1,train,81,475.000000,484.678375
6,1,train,82,484.000000,496.635468
6,1,train,83,580.000000,564.286011
6,1,train,84,511.000000,503.118927
6,1,train,85,562.000000,500.386780
6,1,train,86,630.000000,593.586487
6,1,train,87,583.000000,573.567383
6,1,train,88,465.000000,502.291077
6,1,train,89,524.000000,503.672913
6,1,train,90,472.000000,498.075684
6,1,train,91,456.000000,464.113586
6,1,train,92,456.000000,478.907837
6,1,train,93,475.000000,482.092743
6,1,train,94,465.000000,514.193726
6,1,train,95,561.000000,529.197449
6,1,train,96,464.000000,464.113586
6,1,train,97,490.000000,536.771118
6,1,train,98,450.000000,490.521484
6,1,train,99,601.000000,628.412720
6,1,train,100,463.000000,452.777130
6,1,train,101,670.000000,628.412720
6,1,train,102,597.000000,593.328918
6,1,train,103,592.000000,583.605896
6,1,train,104,597.000000,593.328918
6,1,train,105,371.000000,451.733948
6,1,train,106,500.000000,498.075684
6,1,train,107,476.000000,498.075684
6,1,train,108,464.000000,489.563507
6,1,train,109,494.000000,491.434937
6,1,train,110,585.000000,628.412720
6,1,train,111,507.000000,529.197449
6,1,train,112,568.000000,571.408936
6,1,train,113,500.000000,482.838104
6,1,train,114,605.000000,603.934631
6,1,train,115,519.000000,503.224945
6,1,train,116,504.000000,491.434937
6,1,train,117,487.000000,487.685913
6,1,train,118,517.000000,511.043884
6,1,train,119,532.000000,503.224945
6,1,train,120,493.000000,498.075684
6,1,train,121,477.000000,496.635468
6,1,train,122,648.000000,642.328979
6,2,test,0,495.000000,541.294983
6,2,test,1,473.000000,496.895569
6,2,test,2,618.000000,614.697815
6,2,test,3,568.000000,592.287903
6,2,test,4,584.000000,610.347961
6,2,test,5,507.000000,526.215759
6,2,test,6,455.000000,460.397705
6,2,test,7,543.000000,502.204407
6,2,test,8,597.000000,603.946228
6,2,test,9,600.000000,588.965454
6,2,test,10,524.000000,516.127075
6,2,test,11,475.000000,488.330139
6,2,test,12,459.000000,484.071289
6,2,test,13,500.000000,502.204407
6,2,test,14,689.000000,629.972717
6,2,test,15,606.000000,569.278687
6,2,test,16,580.000000,621.968628
6,2,test,17,541.000000,591.129578
6,2,test,18,580.000000,592.505920
6,2,test,19,476.000000,502.204407
6,2,test,20,617.000000,514.583862
6,2,test,21,628.000000,596.471924
6,2,test,22,509.000000,555.706421
6,2,test,23,509.000000,555.706421
6,2,test,24,463.000000,485.261261
6,2,test,25,596.000000,621.968628
6,2,test,26,522.000000,555.706421
6,2,test,27,608.000000,578.244080
6,2,test,28,560.000000,515.249695
6,2,test,29,693.000000,621.968628
6,2,test,30,517.000000,508.593750
6,2,test,31,455.000000,460.397705
6,2,test,32,446.000000,485.972107
6,2,test,33,534.000000,507.356964
6,2,test,34,577.000000,573.623718
6,2,test,35,575.000000,603.946228
6,2,test,36,528.000000,507.356964
6,2,test,37,645.000000,580.992737
6,2,test,38,585.000000,629.972717
6,2,test,39,516.000000,564.303345
6,2,test,40,479.000000,502.204407
6,2,test,41,473.000000,462.310394
6,2,test,42,487.000000,484.631287
6,2,test,43,460.000000,538.194153
6,2,test,44,500.000000,479.468872
6,2,test,45,596.000000,603.264771
6,2,test,46,519.000000,504.359467
6,2,test,47,608.000000,596.471924
6,2,test,48,492.000000,479.468872
6,2,test,49,509.000000,502.720001
6,2,test,50,479.000000,493.597717
6,2,test,51,505.000000,508.593750
6,2,test,52,466.000000,457.917450
6,2,test,53,613.000000,597.647522
6,2,train,0,630.000000,629.972717
6,2,train,1,511.000000,516.113281
6,2,train,2,478.000000,477.180054
6,2,train,3,465.000000,477.939941
6,2,train,4,605.000000,596.471924
6,2,train,5,524.000000,502.204407
6,2,train,6,515.000000,496.156342
6,2,train,7,477.000000,479.468872
6,2,train,8,494.000000,488.579071
6,2,train,9,577.000000,573.623718
6,2,train,10,488.000000,509.130981
6,2,train,11,578.000000,578.566833
6,2,train,12,484.000000,485.261261
6,2,train,13,465.000000,468.588806
6,2,train,14,480.000000,464.247345
6,2,train,15,538.000000,528.150818
6,2,train,16,586.000000,591.129578
6,2,train,17,532.000000,504.359467
6,2,train,18,598.000000,603.946228
6,2,train,19,670.000000,629.972717
6,2,train,20,507.000000,534.198792
6,2,train,21,505.000000,512.209351
6,2,train,22,500.000000,508.593750
6,2,train,23,519.000000,508.593750
6,2,train,24,525.000000,516.834839
6,2,train,25,630.000000,611.595276
6,2,train,26,508.000000,506.871857
6,2,train,27,605.000000,602.688416
6,2,train,28,442.000000,457.917450
6,2,train,29,482.000000,484.434906
6,2,train,30,484.000000,488.579071
6,2,train,31,464.000000,477.588287
6,2,train,32,451.000000,457.917450
6,2,train,33,371.000000,431.604553
6,2,train,34,524.000000,507.356964
6,2,train,35,535.000000,534.198792
6,2,train,36,472.000000,502.589752
6,2,train,37,545.000000,543.984497
6,2,train,38,572.000000,585.622620
6,2,train,39,617.000000,629.972717
6,2,train,40,649.000000,629.972717
6,2,train,41,504.000000,502.204407
6,2,train,42,463.000000,447.390106
6,2,train,43,456.000000,489.027618
6,2,train,44,601.000000,629.972717
6,2,train,45,630.000000,629.972717
6,2,train,46,572.000000,545.798523
6,2,train,47,597.000000,593.590759
6,2,train,48,648.000000,601.993286
6,2,train,49,613.000000,597.647522
6,2,train,50,500.000000,498.634735
6,2,train,51,502.000000,508.593750
6,2,train,52,464.000000,464.247345
6,2,train,53,489.000000,484.631287
6,2,train,54,504.000000,488.579071
6,2,train,55,592.000000,588.965454
6,2,train,56,475.000000,490.587769
6,2,train,57,505.000000,497.946625
6,2,train,58,534.000000,515.249695
6,2,train,59,525.000000,534.198792
6,2,train,60,481.000000,499.765472
6,2,train,61,670.000000,629.972717
6,2,train,62,612.000000,596.471924
6,2,train,63,585.000000,629.972717
6,2,train,64,528.000000,541.294983
6,2,train,65,456.000000,457.917450
6,2,train,66,574.000000,536.845642
6,2,train,67,601.000000,621.968628
6,2,train,68,577.000000,580.077942
6,2,train,69,488.000000,502.204407
6,2,train,70,472.000000,502.204407
6,2,train,71,456.000000,468.588806
6,2,train,72,591.000000,593.590759
6,2,train,73,624.000000,610.347961
6,2,train,74,431.000000,446.986603
6,2,train,75,597.000000,593.590759
6,2,train,76,584.000000,593.590759
6,2,train,77,469.000000,457.917450
6,2,train,78,522.000000,555.706421
6,2,train,79,495.000000,502.204407
6,2,train,80,526.000000,526.808289
6,2,train,81,640.000000,629.972717
6,2,train,82,616.000000,621.968628
6,2,train,83,580.000000,573.351868
6,2,train,84,623.000000,614.697815
6,2,train,85,507.000000,499.854828
6,2,train,86,597.000000,593.590759
6,2,train,87,624.000000,621.968628
6,2,train,88,471.000000,484.631287
6,2,train,89,506.000000,528.146362
6,2,train,90,583.000000,569.278687
6,2,train,91,504.000000,509.130981
6,2,train,92,594.000000,578.036133
6,2,train,93,617.000000,629.972717
6,2,train,94,557.000000,578.036133
6,2,train,95,595.000000,597.647522
6,2,train,96,488.000000,484.434906
6,2,train,97,523.000000,508.299805
6,2,train,98,637.000000,610.347961
6,2,train,99,644.000000,574.157776
6,2,train,100,572.000000,585.622620
6,2,train,101,644.000000,629.972717
6,2,train,102,485.000000,512.808655
6,2,train,103,555.000000,591.129578
6,2,train,104,572.000000,545.798523
6,2,train,105,648.000000,621.968628
6,2,train,106,510.000000,526.808289
6,2,train,107,522.000000,504.616547
6,2,train,108,484.000000,479.468872
6,2,train,109,612.000000,605.084595
6,2,train,110,490.000000,508.650177
6,2,train,111,610.000000,597.647522
6,2,train,112,462.000000,457.677155
6,2,train,113,584.000000,593.590759
6,2,train,114,541.000000,528.146362
6,2,train,115,450.000000,475.236755
6,2,train,116,516.000000,564.303345
6,2,train,117,501.000000,502.204407
6,2,train,118,606.000000,616.893250
6,2,train,119,561.000000,534.198792
6,2,train,120,493.000000,502.204407
6,2,train,121,550.000000,564.279419
6,2,train,122,562.000000,513.260803
6,3,test,0,601.000000,628.422119
6,3,test,1,596.000000,628.422119
6,3,test,2,574.000000,535.826050
6,3,test,3,466.000000,455.500000
6,3,test,4,482.000000,498.389252
6,3,test,5,473.000000,488.582458
6,3,test,6,594.000000,564.967346
6,3,test,7,493.000000,502.140900
6,3,test,8,524.000000,501.591034
6,3,test,9,644.000000,511.389618
6,3,test,10,455.000000,451.556702
6,3,test,11,475.000000,481.977478
6,3,test,12,505.000000,481.247986
6,3,test,13,612.000000,614.911804
6,3,test,14,644.000000,633.177307
6,3,test,15,459.000000,478.137817
6,3,test,16,597.000000,591.985474
6,3,test,17,550.000000,593.096741
6,3,test,18,524.000000,531.167969
6,3,test,19,506.000000,532.696289
6,3,test,20,523.000000,475.120697
6,3,test,21,500.000000,510.556274
6,3,test,22,568.000000,604.706787
6,3,test,23,640.000000,633.177307
6,3,test,24,605.000000,614.911804
6,3,test,25,465.000000,457.501648
6,3,test,26,610.000000,609.671387
6,3,test,27,608.000000,570.361267
6,3,test,28,585.000000,633.177307
6,3,test,29,584.000000,591.985474
6,3,test,30,597.000000,572.785156
6,3,test,31,555.000000,552.728394
6,3,test,32,507.000000,508.747437
6,3,test,33,670.000000,633.177307
6,3,test,34,598.000000,572.785156
6,3,test,35,617.000000,489.927032
6,3,test,36,580.000000,628.422119
6,3,test,37,595.000000,609.671387
6,3,test,38,612.000000,562.131226
6,3,test,39,463.000000,401.300446
6,3,test,40,463.000000,480.554382
6,3,test,41,541.000000,532.696289
6,3,test,42,617.000000,633.177307
6,3,test,43,572.000000,560.269348
6,3,test,44,525.000000,501.900787
6,3,test,45,495.000000,530.133118
6,3,test,46,460.000000,540.693787
6,3,test,47,693.000000,628.422119
6,3,test,48,484.000000,480.554382
6,3,test,49,495.000000,502.140900
6,3,test,50,472.000000,502.140900
6,3,test,51,623.000000,612.645813
6,3,test,52,586.000000,552.728394
6,3,test,53,488.000000,498.389252
6,3,train,0,519.000000,510.556274
6,3,train,1,585.000000,633.177307
6,3,train,2,670.000000,633.177307
6,3,train,3,630.000000,633.177307
6,3,train,4,465.000000,477.084686
6,3,train,5,618.000000,612.645813
6,3,train,6,606.000000,606.339172
6,3,train,7,572.000000,572.168213
6,3,train,8,561.000000,532.082031
6,3,train,9,605.000000,604.574951
6,3,train,10,504.000000,497.591064
6,3,train,11,473.000000,473.831451
6,3,train,12,528.000000,531.167969
6,3,train,13,490.000000,491.354675
6,3,train,14,500.000000,500.283661
6,3,train,15,649.000000,633.177307
6,3,train,16,522.000000,515.687134
6,3,train,17,628.000000,614.911804
6,3,train,18,584.000000,612.255798
6,3,train,19,455.000000,451.556702
6,3,train,20,597.000000,591.985474
6,3,train,21,516.000000,516.946106
6,3,train,22,515.000000,514.565674
6,3,train,23,525.000000,532.082031
6,3,train,24,484.000000,493.531830
6,3,train,25,502.000000,510.556274
6,3,train,26,592.000000,596.333435
6,3,train,27,488.000000,502.140900
6,3,train,28,645.000000,637.423401
6,3,train,29,577.000000,576.775574
6,3,train,30,577.000000,576.505310
6,3,train,31,476.000000,502.140900
6,3,train,32,500.000000,502.140900
6,3,train,33,481.000000,487.130554
6,3,train,34,528.000000,530.133118
6,3,train,35,494.000000,493.531830
6,3,train,36,456.000000,459.725281
6,3,train,37,580.000000,580.677734
6,3,train,38,616.000000,628.422119
6,3,train,39,534.000000,543.995117
6,3,train,40,431.000000,443.402069
6,3,train,41,606.000000,593.096741
6,3,train,42,532.000000,523.683777
6,3,train,43,477.000000,488.666534
6,3,train,44,442.000000,455.500000
6,3,train,45,451.000000,455.500000
6,3,train,46,608.000000,614.911804
6,3,train,47,479.000000,502.140900
6,3,train,48,578.000000,577.390198
6,3,train,49,464.000000,465.633209
6,3,train,50,478.000000,478.712982
6,3,train,51,624.000000,628.422119
6,3,train,52,517.000000,510.556274
6,3,train,53,464.000000,472.308502
6,3,train,54,600.000000,596.333435
6,3,train,55,630.000000,612.405579
6,3,train,56,504.000000,493.531830
6,3,train,57,507.000000,510.408844
6,3,train,58,584.000000,591.985474
6,3,train,59,597.000000,591.985474
6,3,train,60,472.000000,479.566223
6,3,train,61,501.000000,502.140900
6,3,train,62,508.000000,508.709351
6,3,train,63,456.000000,457.501648
6,3,train,64,583.000000,593.096741
6,3,train,65,624.000000,612.255798
6,3,train,66,471.000000,482.398895
6,3,train,67,545.000000,544.769653
6,3,train,68,572.000000,572.168213
6,3,train,69,630.000000,633.177307
6,3,train,70,617.000000,633.177307
6,3,train,71,522.000000,520.647095
6,3,train,72,543.000000,502.140900
6,3,train,73,504.000000,502.140900
6,3,train,74,562.000000,554.651917
6,3,train,75,526.000000,518.494690
6,3,train,76,613.000000,609.671387
6,3,train,77,475.000000,475.909088
6,3,train,78,575.000000,572.785156
6,3,train,79,462.000000,463.295105
6,3,train,80,510.000000,518.494690
6,3,train,81,648.000000,638.730652
6,3,train,82,601.000000,633.177307
6,3,train,83,560.000000,543.995117
6,3,train,84,488.000000,497.591064
6,3,train,85,577.000000,576.505310
6,3,train,86,505.000000,510.556274
6,3,train,87,580.000000,578.508728
6,3,train,88,509.000000,515.687134
6,3,train,89,507.000000,532.082031
6,3,train,90,648.000000,628.422119
6,3,train,91,487.000000,482.398895
6,3,train,92,479.000000,482.441559
6,3,train,93,637.000000,612.255798
6,3,train,94,450.000000,459.029297
6,3,train,95,480.000000,472.308502
6,3,train,96,689.000000,633.177307
6,3,train,97,613.000000,609.671387
6,3,train,98,469.000000,455.500000
6,3,train,99,516.000000,516.946106
6,3,train,100,557.000000,564.967346
6,3,train,101,572.000000,560.269348
6,3,train,102,519.000000,523.683777
6,3,train,103,456.000000,455.500000
6,3,train,104,541.000000,552.728394
6,3,train,105,509.000000,509.916351
6,3,train,106,446.000000,458.906433
6,3,train,107,489.000000,482.398895
6,3,train,108,591.000000,591.985474
6,3,train,109,371.000000,401.300446
6,3,train,110,522.000000,515.687134
6,3,train,111,484.000000,488.666534
6,3,train,112,596.000000,598.679260
6,3,train,113,492.000000,488.666534
6,3,train,114,505.000000,508.574554
6,3,train,115,524.000000,502.140900
6,3,train,116,485.000000,486.875702
6,3,train,117,500.000000,488.666534
6,3,train,118,535.000000,532.082031
6,3,train,119,538.000000,536.590454
6,3,train,120,511.000000,511.812042
6,3,train,121,534.000000,531.167969
6,3,train,122,509.000000,515.687134
6,4,test,0,541.000000,507.544067
6,4,test,1,463.000000,500.216400
6,4,test,2,460.000000,504.077881
6,4,test,3,628.000000,608.121887
6,4,test,4,489.000000,481.665985
6,4,test,5,476.000000,500.097931
6,4,test,6,591.000000,592.977478
6,4,test,7,504.000000,500.097931
6,4,test,8,475.000000,493.021332
6,4,test,9,488.000000,500.097931
6,4,test,10,572.000000,514.671448
6,4,test,11,648.000000,550.598694
6,4,test,12,524.000000,500.097931
6,4,test,13,618.000000,604.265442
6,4,test,14,637.000000,599.015381
6,4,test,15,522.000000,536.230713
6,4,test,16,600.000000,600.271240
6,4,test,17,572.000000,514.671448
6,4,test,18,522.000000,536.230713
6,4,test,19,484.000000,498.682068
6,4,test,20,572.000000,578.568970
6,4,test,21,623.000000,604.265442
6,4,test,22,479.000000,512.020020
6,4,test,23,504.000000,504.527771
6,4,test,24,459.000000,459.378510
6,4,test,25,517.000000,510.821503
6,4,test,26,557.000000,581.925842
6,4,test,27,516.000000,550.177490
6,4,test,28,371.000000,539.800659
6,4,test,29,473.000000,499.774872
6,4,test,30,610.000000,600.271240
6,4,test,31,525.000000,506.289215
6,4,test,32,495.000000,543.107849
6,4,test,33,575.000000,601.461121
6,4,test,34,488.000000,504.527771
6,4,test,35,464.000000,474.737701
6,4,test,36,545.000000,547.271790
6,4,test,37,525.000000,532.160706
6,4,test,38,541.000000,572.602600
6,4,test,39,617.000000,537.791992
6,4,test,40,500.000000,445.812866
6,4,test,41,580.000000,584.388184
6,4,test,42,693.000000,610.606323
6,4,test,43,464.000000,488.522430
6,4,test,44,451.000000,455.171783
6,4,test,45,463.000000,477.676300
6,4,test,46,585.000000,639.961548
6,4,test,47,477.000000,498.682068
6,4,test,48,568.000000,576.522217
6,4,test,49,500.000000,498.682068
6,4,test,50,522.000000,508.999207
6,4,test,51,585.000000,639.961548
6,4,test,52,613.000000,600.271240
6,4,test,53,577.000000,569.042236
6,4,train,0,577.000000,569.042236
6,4,train,1,505.000000,496.240753
6,4,train,2,584.000000,592.977478
6,4,train,3,509.000000,536.230713
6,4,train,4,488.000000,488.067474
6,4,train,5,508.000000,508.321991
6,4,train,6,574.000000,562.008850
6,4,train,7,479.000000,500.097931
6,4,train,8,630.000000,639.961548
6,4,train,9,605.000000,608.121887
6,4,train,10,617.000000,639.961548
6,4,train,11,608.000000,588.452820
6,4,train,12,507.000000,494.695892
6,4,train,13,505.000000,510.821503
6,4,train,14,597.000000,592.977478
6,4,train,15,507.000000,532.160706
6,4,train,16,645.000000,617.029846
6,4,train,17,455.000000,455.270691
6,4,train,18,515.000000,496.097473
6,4,train,19,584.000000,599.015381
6,4,train,20,597.000000,601.461121
6,4,train,21,446.000000,464.353912
6,4,train,22,580.000000,610.606323
6,4,train,23,594.000000,581.925842
6,4,train,24,455.000000,455.270691
6,4,train,25,471.000000,481.665985
6,4,train,26,482.000000,488.067474
6,4,train,27,506.000000,507.544067
6,4,train,28,478.000000,489.512939
6,4,train,29,490.000000,506.983612
6,4,train,30,450.000000,482.919861
6,4,train,31,577.000000,586.728760
6,4,train,32,500.000000,500.097931
6,4,train,33,507.000000,524.541443
6,4,train,34,550.000000,548.364685
6,4,train,35,670.000000,639.961548
6,4,train,36,606.000000,610.606323
6,4,train,37,456.000000,455.171783
6,4,train,38,586.000000,572.602600
6,4,train,39,469.000000,455.171783
6,4,train,40,543.000000,500.097931
6,4,train,41,456.000000,475.836090
6,4,train,42,595.000000,600.271240
6,4,train,43,596.000000,610.208618
6,4,train,44,598.000000,601.461121
6,4,train,45,612.000000,608.121887
6,4,train,46,510.000000,523.814758
6,4,train,47,616.000000,610.606323
6,4,train,48,528.000000,522.974365
6,4,train,49,484.000000,496.867859
6,4,train,50,689.000000,639.961548
6,4,train,51,480.000000,488.522430
6,4,train,52,592.000000,600.271240
6,4,train,53,596.000000,610.606323
6,4,train,54,528.000000,543.107849
6,4,train,55,524.000000,511.156799
6,4,train,56,605.000000,585.552185
6,4,train,57,601.000000,610.606323
6,4,train,58,612.000000,611.386047
6,4,train,59,617.000000,639.961548
6,4,train,60,494.000000,496.867859
6,4,train,61,484.000000,477.676300
6,4,train,62,502.000000,510.821503
6,4,train,63,555.000000,572.602600
6,4,train,64,534.000000,522.974365
6,4,train,65,597.000000,592.977478
6,4,train,66,562.000000,524.190002
6,4,train,67,560.000000,536.252991
6,4,train,68,640.000000,639.961548
6,4,train,69,493.000000,500.097931
6,4,train,70,648.000000,610.606323
6,4,train,71,583.000000,585.763916
6,4,train,72,472.000000,500.097931
6,4,train,73,644.000000,639.961548
6,4,train,74,485.000000,496.390503
6,4,train,75,442.000000,455.171783
6,4,train,76,578.000000,588.484680
6,4,train,77,487.000000,481.665985
6,4,train,78,613.000000,600.271240
6,4,train,79,505.000000,508.306793
6,4,train,80,524.000000,522.974365
6,4,train,81,473.000000,472.025055
6,4,train,82,501.000000,500.097931
6,4,train,83,561.000000,532.160706
6,4,train,84,504.000000,496.867859
6,4,train,85,495.000000,500.097931
6,4,train,86,462.000000,463.829895
6,4,train,87,584.000000,592.977478
6,4,train,88,670.000000,639.961548
6,4,train,89,465.000000,464.545746
6,4,train,90,456.000000,464.545746
6,4,train,91,475.000000,485.103516
6,4,train,92,481.000000,484.747955
6,4,train,93,624.000000,599.015381
6,4,train,94,431.000000,434.173553
6,4,train,95,509.000000,504.824738
6,4,train,96,580.000000,572.196228
6,4,train,97,500.000000,510.821503
6,4,train,98,630.000000,616.972961
6,4,train,99,526.000000,523.814758
6,4,train,100,534.000000,536.252991
6,4,train,101,492.000000,498.682068
6,4,train,102,535.000000,532.160706
6,4,train,103,538.000000,535.851379
6,4,train,104,511.000000,512.669739
6,4,train,105,624.000000,610.606323
6,4,train,106,519.000000,510.821503
6,4,train,107,644.000000,568.272888
6,4,train,108,608.000000,608.121887
6,4,train,109,601.000000,639.961548
6,4,train,110,465.000000,496.483978
6,4,train,111,472.000000,499.637512
6,4,train,112,509.000000,536.230713
6,4,train,113,466.000000,455.171783
6,4,train,114,572.000000,578.568970
6,4,train,115,523.000000,505.587250
6,4,train,116,532.000000,504.445190
6,4,train,117,597.000000,592.977478
6,4,train,118,630.000000,639.961548
6,4,train,119,516.000000,550.177490
6,4,train,120,519.000000,504.445190
6,4,train,121,649.000000,639.961548
6,4,train,122,606.000000,585.763916
6,5,test,0,482.000000,465.482819
6,5,test,1,601.000000,656.122620
6,5,test,2,475.000000,478.594849
6,5,test,3,605.000000,620.916687
6,5,test,4,617.000000,606.512329
6,5,test,5,465.000000,649.983459
6,5,test,6,689.000000,622.006104
6,5,test,7,616.000000,656.122620
6,5,test,8,522.000000,520.918701
6,5,test,9,500.000000,451.685303
6,5,test,10,598.000000,579.864075
6,5,test,11,560.000000,559.116943
6,5,test,12,500.000000,487.485626
6,5,test,13,594.000000,540.622681
6,5,test,14,509.000000,497.745026
6,5,test,15,568.000000,588.102417
6,5,test,16,600.000000,603.548035
6,5,test,17,580.000000,656.122620
6,5,test,18,577.000000,587.500854
6,5,test,19,535.000000,540.899597
6,5,test,20,618.000000,614.306763
6,5,test,21,534.000000,559.116943
6,5,test,22,489.000000,491.419922
6,5,test,23,617.000000,622.006104
6,5,test,24,591.000000,590.783752
6,5,test,25,456.000000,557.229370
6,5,test,26,606.000000,656.122620
6,5,test,27,605.000000,618.729004
6,5,test,28,472.000000,548.301819
6,5,test,29,516.000000,532.058289
6,5,test,30,473.000000,524.842041
6,5,test,31,504.000000,494.233429
6,5,test,32,475.000000,503.927979
6,5,test,33,505.000000,510.947235
6,5,test,34,465.000000,465.005493
6,5,test,35,596.000000,656.122620
6,5,test,36,644.000000,622.006104
6,5,test,37,541.000000,508.204071
6,5,test,38,525.000000,489.703003
6,5,test,39,670.000000,622.006104
6,5,test,40,517.000000,510.947235
6,5,test,41,480.000000,446.712097
6,5,test,42,524.000000,494.233429
6,5,test,43,463.000000,476.479523
6,5,test,44,464.000000,446.712097
6,5,test,45,511.000000,522.631714
6,5,test,46,490.000000,574.701538
6,5,test,47,495.000000,529.054199
6,5,test,48,584.000000,590.783752
6,5,test,49,597.000000,590.783752
6,5,test,50,528.000000,516.663086
6,5,test,51,597.000000,590.783752
6,5,test,52,525.000000,540.899597
6,5,test,53,371.000000,475.575165
6,5,train,0,500.000000,510.947235
6,5,train,1,488.000000,465.482819
6,5,train,2,510.000000,515.837280
6,5,train,3,459.000000,458.075928
6,5,train,4,584.000000,590.783752
6,5,train,5,550.000000,556.608154
6,5,train,6,464.000000,477.809845
6,5,train,7,577.000000,583.665161
6,5,train,8,601.000000,622.006104
6,5,train,9,534.000000,516.663086
6,5,train,10,524.000000,516.663086
6,5,train,11,578.000000,581.341125
6,5,train,12,555.000000,565.240295
6,5,train,13,630.000000,622.006104
6,5,train,14,492.000000,487.485626
6,5,train,15,479.000000,487.217072
6,5,train,16,597.000000,590.783752
6,5,train,17,505.000000,519.010986
6,5,train,18,485.000000,508.489044
6,5,train,19,462.000000,467.493195
6,5,train,20,493.000000,494.233429
6,5,train,21,580.000000,584.695557
6,5,train,22,507.000000,540.899597
6,5,train,23,584.000000,610.775330
6,5,train,24,612.000000,618.729004
6,5,train,25,487.000000,491.419922
6,5,train,26,519.000000,510.947235
6,5,train,27,456.000000,456.446686
6,5,train,28,613.000000,603.548035
6,5,train,29,557.000000,540.622681
6,5,train,30,624.000000,656.122620
6,5,train,31,561.000000,540.899597
6,5,train,32,585.000000,622.006104
6,5,train,33,501.000000,494.233429
6,5,train,34,648.000000,656.122620
6,5,train,35,572.000000,557.820068
6,5,train,36,640.000000,622.006104
6,5,train,37,431.000000,441.719879
6,5,train,38,455.000000,457.700958
6,5,train,39,476.000000,494.233429
6,5,train,40,481.000000,491.333069
6,5,train,41,606.000000,591.798401
6,5,train,42,484.000000,487.485626
6,5,train,43,505.000000,498.350800
6,5,train,44,645.000000,640.775940
6,5,train,45,456.000000,465.005493
6,5,train,46,596.000000,613.038147
6,5,train,47,543.000000,494.233429
6,5,train,48,506.000000,508.204071
6,5,train,49,488.000000,494.233429
6,5,train,50,624.000000,610.775330
6,5,train,51,526.000000,515.837280
6,5,train,52,516.000000,532.058289
6,5,train,53,507.000000,489.637543
6,5,train,54,693.000000,656.122620
6,5,train,55,442.000000,456.446686
6,5,train,56,628.000000,618.729004
6,5,train,57,574.000000,572.732849
6,5,train,58,446.000000,463.663452
6,5,train,59,500.000000,494.233429
6,5,train,60,610.000000,603.548035
6,5,train,61,477.000000,487.485626
6,5,train,62,528.000000,529.054199
6,5,train,63,504.000000,501.996460
6,5,train,64,572.000000,557.820068
6,5,train,65,460.000000,473.296173
6,5,train,66,509.000000,520.918701
6,5,train,67,545.000000,542.606689
6,5,train,68,562.000000,543.872559
6,5,train,69,613.000000,603.548035
6,5,train,70,585.000000,622.006104
6,5,train,71,637.000000,610.775330
6,5,train,72,580.000000,590.330933
6,5,train,73,484.000000,469.924255
6,5,train,74,524.000000,513.487000
6,5,train,75,572.000000,580.851624
6,5,train,76,522.000000,520.540283
6,5,train,77,595.000000,603.548035
6,5,train,78,577.000000,587.500854
6,5,train,79,466.000000,456.446686
6,5,train,80,451.000000,456.446686
6,5,train,81,617.000000,622.006104
6,5,train,82,508.000000,507.850830
6,5,train,83,488.000000,501.996460
6,5,train,84,648.000000,605.376648
6,5,train,85,484.000000,493.770691
6,5,train,86,644.000000,606.839111
6,5,train,87,592.000000,603.548035
6,5,train,88,541.000000,565.240295
6,5,train,89,612.000000,607.158752
6,5,train,90,623.000000,614.306763
6,5,train,91,522.000000,520.918701
6,5,train,92,469.000000,456.446686
6,5,train,93,507.000000,502.067200
6,5,train,94,538.000000,532.334351
6,5,train,95,523.000000,535.511292
6,5,train,96,463.000000,469.924255
6,5,train,97,649.000000,622.006104
6,5,train,98,572.000000,580.851624
6,5,train,99,519.000000,509.430054
6,5,train,100,608.000000,600.421997
6,5,train,101,509.000000,520.918701
6,5,train,102,532.000000,509.430054
6,5,train,103,583.000000,591.798401
6,5,train,104,494.000000,493.770691
6,5,train,105,502.000000,510.947235
6,5,train,106,670.000000,622.006104
6,5,train,107,630.000000,628.603882
6,5,train,108,455.000000,457.700958
6,5,train,109,608.000000,618.729004
6,5,train,110,586.000000,565.240295
6,5,train,111,471.000000,491.419922
6,5,train,112,575.000000,579.864075
6,5,train,113,473.000000,477.071289
6,5,train,114,450.000000,461.075531
6,5,train,115,478.000000,483.518250
6,5,train,116,597.000000,579.864075
6,5,train,117,479.000000,494.233429
6,5,train,118,472.000000,494.233429
6,5,train,119,495.000000,494.233429
6,5,train,120,504.000000,493.770691
6,5,train,121,515.000000,491.641815
6,5,train,122,630.000000,622.006104
6,6,test,0,493.000000,502.115997
6,6,test,1,596.000000,620.878662
6,6,test,2,509.000000,524.484863
6,6,test,3,585.000000,626.464294
6,6,test,4,525.000000,533.036011
6,6,test,5,577.000000,578.619446
6,6,test,6,500.000000,510.025848
6,6,test,7,516.000000,585.245361
6,6,test,8,617.000000,626.464294
6,6,test,9,459.000000,467.440369
6,6,test,10,630.000000,554.874207
6,6,test,11,451.000000,466.607269
6,6,test,12,516.000000,585.245361
6,6,test,13,555.000000,614.703979
6,6,test,14,644.000000,626.464294
6,6,test,15,580.000000,539.796021
6,6,test,16,541.000000,614.703979
6,6,test,17,597.000000,592.730469
6,6,test,18,489.000000,481.737152
6,6,test,19,522.000000,524.484863
6,6,test,20,464.000000,487.368927
6,6,test,21,463.000000,505.327209
6,6,test,22,584.000000,592.730469
6,6,test,23,538.000000,552.802429
6,6,test,24,644.000000,553.214844
6,6,test,25,455.000000,462.855865
6,6,test,26,484.000000,484.471863
6,6,test,27,484.000000,492.145691
6,6,test,28,476.000000,502.115997
6,6,test,29,624.000000,620.878662
6,6,test,30,481.000000,522.680481
6,6,test,31,528.000000,529.749878
6,6,test,32,463.000000,484.471863
6,6,test,33,670.000000,626.464294
6,6,test,34,613.000000,598.954773
6,6,test,35,446.000000,497.437164
6,6,test,36,560.000000,514.526245
6,6,test,37,689.000000,626.464294
6,6,test,38,371.000000,500.295074
6,6,test,39,601.000000,626.464294
6,6,test,40,492.000000,492.145691
6,6,test,41,482.000000,494.149445
6,6,test,42,648.000000,620.878662
6,6,test,43,586.000000,614.703979
6,6,test,44,442.000000,466.607269
6,6,test,45,630.000000,626.464294
6,6,test,46,473.000000,489.107544
6,6,test,47,572.000000,574.569275
6,6,test,48,630.000000,626.464294
6,6,test,49,605.000000,615.208801
6,6,test,50,624.000000,601.645081
6,6,test,51,648.000000,581.918213
6,6,test,52,506.000000,538.177490
6,6,test,53,572.000000,532.226929
6,6,train,0,628.000000,615.208801
6,6,train,1,495.000000,522.766235
6,6,train,2,572.000000,532.226929
6,6,train,3,545.000000,539.697449
6,6,train,4,465.000000,470.037506
6,6,train,5,616.000000,620.878662
6,6,train,6,507.000000,523.659607
6,6,train,7,617.000000,626.464294
6,6,train,8,478.000000,481.469788
6,6,train,9,584.000000,592.730469
6,6,train,10,510.000000,519.485779
6,6,train,11,515.000000,507.864990
6,6,train,12,605.000000,599.205750
6,6,train,13,504.000000,490.099731
6,6,train,14,608.000000,615.208801
6,6,train,15,597.000000,592.730469
6,6,train,16,594.000000,575.208496
6,6,train,17,472.000000,487.538116
6,6,train,18,572.000000,574.569275
6,6,train,19,574.000000,573.057190
6,6,train,20,649.000000,626.464294
6,6,train,21,464.000000,482.764832
6,6,train,22,473.000000,483.728912
6,6,train,23,431.000000,460.983765
6,6,train,24,507.000000,533.036011
6,6,train,25,523.000000,511.364929
6,6,train,26,504.000000,502.115997
6,6,train,27,532.000000,513.184143
6,6,train,28,456.000000,466.607269
6,6,train,29,606.000000,576.228516
6,6,train,30,526.000000,519.485779
6,6,train,31,598.000000,587.444458
6,6,train,32,475.000000,479.759644
6,6,train,33,519.000000,510.025848
6,6,train,34,460.000000,492.409088
6,6,train,35,580.000000,581.124146
6,6,train,36,597.000000,587.444458
6,6,train,37,575.000000,587.444458
6,6,train,38,485.000000,506.173096
6,6,train,39,524.000000,502.115997
6,6,train,40,500.000000,492.145691
6,6,train,41,456.000000,484.344055
6,6,train,42,477.000000,492.145691
6,6,train,43,455.000000,462.855865
6,6,train,44,495.000000,502.115997
6,6,train,45,488.000000,497.001465
6,6,train,46,508.000000,510.899231
6,6,train,47,645.000000,611.299805
6,6,train,48,585.000000,626.464294
6,6,train,49,583.000000,576.228516
6,6,train,50,528.000000,522.766235
6,6,train,51,562.000000,534.244690
6,6,train,52,500.000000,490.047058
6,6,train,53,535.000000,533.036011
6,6,train,54,610.000000,598.954773
6,6,train,55,557.000000,575.208496
6,6,train,56,479.000000,502.115997
6,6,train,57,534.000000,529.749878
6,6,train,58,541.000000,538.177490
6,6,train,59,488.000000,502.115997
6,6,train,60,637.000000,601.645081
6,6,train,61,534.000000,514.526245
6,6,train,62,504.000000,497.001465
6,6,train,63,578.000000,587.444763
6,6,train,64,450.000000,484.502350
6,6,train,65,511.000000,511.874207
6,6,train,66,580.000000,620.878662
6,6,train,67,600.000000,594.252991
6,6,train,68,693.000000,620.878662
6,6,train,69,522.000000,524.484863
6,6,train,70,479.000000,484.916687
6,6,train,71,608.000000,594.282043
6,6,train,72,561.000000,533.036011
6,6,train,73,584.000000,601.645081
6,6,train,74,505.000000,498.479431
6,6,train,75,519.000000,513.184143
6,6,train,76,484.000000,490.099731
6,6,train,77,595.000000,598.954773
6,6,train,78,577.000000,581.501282
6,6,train,79,494.000000,490.099731
6,6,train,80,612.000000,615.208801
6,6,train,81,601.000000,620.878662
6,6,train,82,596.000000,594.563538
6,6,train,83,524.000000,523.715698
6,6,train,84,618.000000,614.923279
6,6,train,85,597.000000,592.730469
6,6,train,86,500.000000,502.115997
6,6,train,87,465.000000,496.228149
6,6,train,88,606.000000,607.205017
6,6,train,89,577.000000,578.619446
6,6,train,90,522.000000,513.057617
6,6,train,91,613.000000,598.954773
6,6,train,92,490.000000,500.921234
6,6,train,93,509.000000,509.552490
6,6,train,94,505.000000,510.025848
6,6,train,95,462.000000,476.398865
6,6,train,96,543.000000,502.115997
6,6,train,97,507.000000,508.702484
6,6,train,98,456.000000,470.037506
6,6,train,99,670.000000,626.464294
6,6,train,100,550.000000,552.006958
6,6,train,101,524.000000,529.749878
6,6,train,102,502.000000,510.025848
6,6,train,103,517.000000,510.025848
6,6,train,104,612.000000,593.148071
6,6,train,105,617.000000,575.477966
6,6,train,106,472.000000,502.115997
6,6,train,107,623.000000,614.923279
6,6,train,108,592.000000,594.252991
6,6,train,109,469.000000,466.607269
6,6,train,110,488.000000,494.149445
6,6,train,111,591.000000,592.730469
6,6,train,112,525.000000,523.789856
6,6,train,113,501.000000,502.115997
6,6,train,114,475.000000,474.803864
6,6,train,115,568.000000,568.823486
6,6,train,116,480.000000,487.368927
6,6,train,117,471.000000,481.737152
6,6,train,118,640.000000,626.464294
6,6,train,119,487.000000,481.737152
6,6,train,120,466.000000,466.607269
6,6,train,121,509.000000,524.484863
6,6,train,122,505.000000,507.412018
6,7,test,0,623.000000,608.935303
6,7,test,1,456.000000,471.854004
6,7,test,2,606.000000,537.893494
6,7,test,3,597.000000,593.496704
6,7,test,4,624.000000,596.179688
6,7,test,5,524.000000,521.939209
6,7,test,6,543.000000,493.823090
6,7,test,7,507.000000,482.005463
6,7,test,8,502.000000,499.644684
6,7,test,9,561.000000,522.336670
6,7,test,10,597.000000,593.496704
6,7,test,11,644.000000,611.140381
6,7,test,12,481.000000,494.824615
6,7,test,13,572.000000,539.602173
6,7,test,14,526.000000,513.747681
6,7,test,15,451.000000,464.752136
6,7,test,16,463.000000,447.703827
6,7,test,17,670.000000,611.140381
6,7,test,18,578.000000,601.074707
6,7,test,19,504.000000,529.301575
6,7,test,20,517.000000,499.644684
6,7,test,21,488.000000,529.301575
6,7,test,22,507.000000,549.509460
6,7,test,23,478.000000,475.924591
6,7,test,24,617.000000,611.140381
6,7,test,25,689.000000,611.140381
6,7,test,26,613.000000,598.585876
6,7,test,27,630.000000,611.140381
6,7,test,28,541.000000,505.428558
6,7,test,29,693.000000,602.823547
6,7,test,30,628.000000,606.699463
6,7,test,31,583.000000,537.893494
6,7,test,32,522.000000,512.498352
6,7,test,33,500.000000,495.150818
6,7,test,34,466.000000,464.752136
6,7,test,35,519.000000,499.644684
6,7,test,36,490.000000,588.650391
6,7,test,37,577.000000,571.054504
6,7,test,38,584.000000,593.496704
6,7,test,39,586.000000,558.989502
6,7,test,40,509.000000,522.871704
6,7,test,41,504.000000,493.823090
6,7,test,42,494.000000,492.136749
6,7,test,43,516.000000,545.389832
6,7,test,44,648.000000,602.823547
6,7,test,45,577.000000,571.054504
6,7,test,46,455.000000,460.430420
6,7,test,47,505.000000,512.826782
6,7,test,48,509.000000,489.594757
6,7,test,49,492.000000,489.722565
6,7,test,50,670.000000,611.140381
6,7,test,51,463.000000,482.209534
6,7,test,52,605.000000,595.025269
6,7,test,53,456.000000,464.752136
6,7,train,0,596.000000,595.334290
6,7,train,1,506.000000,505.428558
6,7,train,2,580.000000,573.060425
6,7,train,3,598.000000,588.703735
6,7,train,4,594.000000,575.323059
6,7,train,5,618.000000,608.935303
6,7,train,6,613.000000,598.585876
6,7,train,7,446.000000,475.415436
6,7,train,8,601.000000,602.823547
6,7,train,9,500.000000,493.823090
6,7,train,10,505.000000,502.978577
6,7,train,11,480.000000,475.096863
6,7,train,12,455.000000,460.430420
6,7,train,13,591.000000,593.496704
6,7,train,14,471.000000,484.673035
6,7,train,15,608.000000,603.561646
6,7,train,16,624.000000,602.823547
6,7,train,17,524.000000,528.983948
6,7,train,18,450.000000,477.805969
6,7,train,19,479.000000,493.823090
6,7,train,20,575.000000,588.703735
6,7,train,21,612.000000,606.699463
6,7,train,22,484.000000,489.722565
6,7,train,23,572.000000,574.440002
6,7,train,24,472.000000,493.823090
6,7,train,25,510.000000,513.747681
6,7,train,26,487.000000,484.673035
6,7,train,27,431.000000,453.014374
6,7,train,28,485.000000,503.797638
6,7,train,29,580.000000,582.454346
6,7,train,30,475.000000,480.076355
6,7,train,31,616.000000,602.823547
6,7,train,32,465.000000,471.854004
6,7,train,33,525.000000,514.858154
6,7,train,34,484.000000,492.136749
6,7,train,35,509.000000,522.871704
6,7,train,36,560.000000,539.302429
6,7,train,37,572.000000,539.602173
6,7,train,38,504.000000,492.136749
6,7,train,39,606.000000,602.823547
6,7,train,40,456.000000,480.269989
6,7,train,41,600.000000,595.261841
6,7,train,42,488.000000,488.140076
6,7,train,43,442.000000,464.752136
6,7,train,44,550.000000,540.493896
6,7,train,45,596.000000,602.823547
6,7,train,46,507.000000,522.336670
6,7,train,47,460.000000,485.767029
6,7,train,48,601.000000,611.140381
6,7,train,49,488.000000,493.823090
6,7,train,50,528.000000,518.119202
6,7,train,51,522.000000,522.871704
6,7,train,52,645.000000,617.528076
6,7,train,53,495.000000,518.119202
6,7,train,54,545.000000,542.569519
6,7,train,55,610.000000,598.585876
6,7,train,56,523.000000,516.111877
6,7,train,57,482.000000,488.140076
6,7,train,58,511.000000,508.474640
6,7,train,59,535.000000,522.336670
6,7,train,60,648.000000,617.559937
6,7,train,61,597.000000,593.496704
6,7,train,62,473.000000,467.532532
6,7,train,63,541.000000,558.989502
6,7,train,64,612.000000,596.680359
6,7,train,65,489.000000,484.673035
6,7,train,66,477.000000,489.722565
6,7,train,67,495.000000,493.823090
6,7,train,68,585.000000,611.140381
6,7,train,69,465.000000,483.964996
6,7,train,70,630.000000,611.924866
6,7,train,71,617.000000,597.295410
6,7,train,72,637.000000,596.179688
6,7,train,73,519.000000,506.978607
6,7,train,74,500.000000,489.722565
6,7,train,75,476.000000,493.823090
6,7,train,76,479.000000,482.653931
6,7,train,77,649.000000,611.140381
6,7,train,78,617.000000,611.140381
6,7,train,79,464.000000,476.751556
6,7,train,80,464.000000,475.096863
6,7,train,81,584.000000,596.179688
6,7,train,82,577.000000,580.196899
6,7,train,83,524.000000,493.823090
6,7,train,84,605.000000,606.699463
6,7,train,85,462.000000,465.704956
6,7,train,86,522.000000,522.871704
6,7,train,87,515.000000,504.158447
6,7,train,88,475.000000,477.078979
6,7,train,89,584.000000,593.496704
6,7,train,90,562.000000,528.616638
6,7,train,91,630.000000,611.140381
6,7,train,92,532.000000,506.978607
6,7,train,93,555.000000,558.989502
6,7,train,94,644.000000,606.669983
6,7,train,95,528.000000,528.983948
6,7,train,96,574.000000,560.771484
6,7,train,97,597.000000,588.703735
6,7,train,98,534.000000,528.983948
6,7,train,99,534.000000,539.302429
6,7,train,100,557.000000,575.323059
6,7,train,101,608.000000,606.699463
6,7,train,102,525.000000,522.336670
6,7,train,103,459.000000,460.180847
6,7,train,104,472.000000,491.139618
6,7,train,105,501.000000,493.823090
6,7,train,106,538.000000,540.535583
6,7,train,107,508.000000,506.772064
6,7,train,108,505.000000,499.644684
6,7,train,109,592.000000,595.261841
6,7,train,110,500.000000,499.644684
6,7,train,111,580.000000,602.823547
6,7,train,112,469.000000,464.752136
6,7,train,113,585.000000,611.140381
6,7,train,114,493.000000,493.823090
6,7,train,115,473.000000,482.655914
6,7,train,116,371.000000,440.554169
6,7,train,117,516.000000,545.389832
6,7,train,118,572.000000,574.440002
6,7,train,119,484.000000,482.209534
6,7,train,120,595.000000,598.585876
6,7,train,121,568.000000,570.536621
6,7,train,122,640.000000,611.140381
6,8,test,0,511.000000,500.485199
6,8,test,1,601.000000,632.048828
6,8,test,2,572.000000,564.113403
6,8,test,3,475.000000,500.064087
6,8,test,4,562.000000,443.141479
6,8,test,5,617.000000,632.048828
6,8,test,6,689.000000,632.048828
6,8,test,7,591.000000,589.355896
6,8,test,8,534.000000,529.985474
6,8,test,9,624.000000,626.838257
6,8,test,10,601.000000,626.838257
6,8,test,11,568.000000,565.227722
6,8,test,12,462.000000,524.935425
6,8,test,13,473.000000,501.213104
6,8,test,14,519.000000,498.408417
6,8,test,15,595.000000,603.529358
6,8,test,16,455.000000,456.863800
6,8,test,17,555.000000,590.266174
6,8,test,18,586.000000,590.266174
6,8,test,19,525.000000,529.417175
6,8,test,20,597.000000,589.355896
6,8,test,21,617.000000,632.048828
6,8,test,22,605.000000,642.812805
6,8,test,23,528.000000,510.106628
6,8,test,24,446.000000,478.259308
6,8,test,25,476.000000,497.365204
6,8,test,26,475.000000,504.382172
6,8,test,27,612.000000,620.408386
6,8,test,28,465.000000,569.844849
6,8,test,29,583.000000,568.040466
6,8,test,30,488.000000,487.674164
6,8,test,31,431.000000,462.845978
6,8,test,32,507.000000,527.062256
6,8,test,33,606.000000,568.040466
6,8,test,34,481.000000,484.715302
6,8,test,35,526.000000,546.223083
6,8,test,36,630.000000,603.835144
6,8,test,37,510.000000,546.223083
6,8,test,38,617.000000,588.294312
6,8,test,39,577.000000,615.020752
6,8,test,40,488.000000,497.365204
6,8,test,41,506.000000,529.265930
6,8,test,42,471.000000,509.114136
6,8,test,43,505.000000,539.632080
6,8,test,44,504.000000,497.365204
6,8,test,45,484.000000,463.560089
6,8,test,46,515.000000,512.306274
6,8,test,47,557.000000,567.117859
6,8,test,48,456.000000,545.734863
6,8,test,49,487.000000,509.114136
6,8,test,50,572.000000,523.641174
6,8,test,51,630.000000,632.048828
6,8,test,52,538.000000,543.840088
6,8,test,53,608.000000,620.408386
6,8,train,0,371.000000,391.909790
6,8,train,1,580.000000,601.337036
6,8,train,2,584.000000,604.807739
6,8,train,3,580.000000,578.201355
6,8,train,4,500.000000,498.141602
6,8,train,5,623.000000,608.508850
6,8,train,6,495.000000,515.779602
6,8,train,7,561.000000,533.785339
6,8,train,8,628.000000,620.408386
6,8,train,9,492.000000,488.212341
6,8,train,10,574.000000,549.596863
6,8,train,11,472.000000,497.365204
6,8,train,12,509.000000,519.420105
6,8,train,13,480.000000,459.636078
6,8,train,14,516.000000,538.064758
6,8,train,15,637.000000,604.807739
6,8,train,16,613.000000,603.529358
6,8,train,17,608.000000,570.576355
6,8,train,18,524.000000,497.365204
6,8,train,19,519.000000,511.798615
6,8,train,20,597.000000,589.355896
6,8,train,21,606.000000,626.838257
6,8,train,22,523.000000,536.439148
6,8,train,23,488.000000,512.653870
6,8,train,24,477.000000,488.212341
6,8,train,25,456.000000,460.800385
6,8,train,26,618.000000,608.508850
6,8,train,27,509.000000,519.420105
6,8,train,28,493.000000,497.365204
6,8,train,29,575.000000,588.786804
6,8,train,30,577.000000,571.803894
6,8,train,31,501.000000,497.365204
6,8,train,32,585.000000,632.048828
6,8,train,33,596.000000,616.980530
6,8,train,34,463.000000,463.560089
6,8,train,35,649.000000,632.048828
6,8,train,36,598.000000,588.786804
6,8,train,37,693.000000,626.838257
6,8,train,38,630.000000,632.048828
6,8,train,39,508.000000,508.031586
6,8,train,40,469.000000,458.521759
6,8,train,41,472.000000,531.356506
6,8,train,42,524.000000,517.925781
6,8,train,43,545.000000,558.568054
6,8,train,44,597.000000,588.786804
6,8,train,45,543.000000,497.365204
6,8,train,46,484.000000,488.212341
6,8,train,47,525.000000,533.785339
6,8,train,48,580.000000,626.838257
6,8,train,49,522.000000,508.056366
6,8,train,50,505.000000,511.798615
6,8,train,51,504.000000,496.387726
6,8,train,52,450.000000,464.674408
6,8,train,53,478.000000,484.590118
6,8,train,54,495.000000,497.365204
6,8,train,55,624.000000,604.807739
6,8,train,56,584.000000,589.355896
6,8,train,57,459.000000,445.218658
6,8,train,58,500.000000,488.212341
6,8,train,59,594.000000,567.117859
6,8,train,60,616.000000,626.838257
6,8,train,61,541.000000,529.265930
6,8,train,62,560.000000,529.985474
6,8,train,63,644.000000,589.408630
6,8,train,64,505.000000,507.662262
6,8,train,65,494.000000,496.387726
6,8,train,66,463.000000,453.193390
6,8,train,67,648.000000,626.838257
6,8,train,68,592.000000,603.529358
6,8,train,69,464.000000,489.246460
6,8,train,70,484.000000,496.387726
6,8,train,71,504.000000,512.653870
6,8,train,72,585.000000,632.048828
6,8,train,73,645.000000,644.814026
6,8,train,74,479.000000,484.201691
6,8,train,75,578.000000,586.695923
6,8,train,76,541.000000,590.266174
6,8,train,77,455.000000,456.863800
6,8,train,78,610.000000,603.529358
6,8,train,79,577.000000,571.803894
6,8,train,80,535.000000,533.785339
6,8,train,81,507.000000,533.785339
6,8,train,82,612.000000,592.072876
6,8,train,83,670.000000,632.048828
6,8,train,84,490.000000,534.859009
6,8,train,85,572.000000,564.113403
6,8,train,86,550.000000,556.312500
6,8,train,87,485.000000,519.040100
6,8,train,88,489.000000,509.114136
6,8,train,89,502.000000,511.798615
6,8,train,90,534.000000,510.106628
6,8,train,91,524.000000,510.106628
6,8,train,92,509.000000,512.704163
6,8,train,93,640.000000,632.048828
6,8,train,94,500.000000,497.365204
6,8,train,95,605.000000,620.408386
6,8,train,96,596.000000,626.838257
6,8,train,97,644.000000,632.048828
6,8,train,98,528.000000,515.779602
6,8,train,99,482.000000,487.674164
6,8,train,100,572.000000,523.641174
6,8,train,101,460.000000,491.406708
6,8,train,102,648.000000,604.590942
6,8,train,103,442.000000,458.521759
6,8,train,104,670.000000,632.048828
6,8,train,105,522.000000,519.420105
6,8,train,106,473.000000,462.209625
6,8,train,107,464.000000,459.636078
6,8,train,108,532.000000,498.408417
6,8,train,109,507.000000,492.363007
6,8,train,110,451.000000,458.521759
6,8,train,111,479.000000,497.365204
6,8,train,112,465.000000,460.800385
6,8,train,113,456.000000,458.521759
6,8,train,114,613.000000,603.529358
6,8,train,115,466.000000,458.521759
6,8,train,116,600.000000,603.529358
6,8,train,117,516.000000,538.064758
6,8,train,118,584.000000,589.355896
6,8,train,119,500.000000,511.798615
6,8,train,120,517.000000,511.798615
6,8,train,121,522.000000,519.420105
6,8,train,122,597.000000,589.355896
6,9,test,0,507.000000,515.769348
6,9,test,1,510.000000,527.336548
6,9,test,2,648.000000,624.880066
6,9,test,3,500.000000,482.151489
6,9,test,4,606.000000,580.923157
6,9,test,5,482.000000,485.755798
6,9,test,6,605.000000,623.880249
6,9,test,7,488.000000,511.103088
6,9,test,8,585.000000,641.206116
6,9,test,9,585.000000,641.206116
6,9,test,10,640.000000,641.206116
6,9,test,11,630.000000,526.845154
6,9,test,12,586.000000,559.061829
6,9,test,13,644.000000,487.967896
6,9,test,14,505.000000,512.457153
6,9,test,15,495.000000,496.219147
6,9,test,16,560.000000,534.009827
6,9,test,17,472.000000,522.485413
6,9,test,18,543.000000,496.219147
6,9,test,19,572.000000,577.533936
6,9,test,20,577.000000,573.597839
6,9,test,21,612.000000,632.897522
6,9,test,22,550.000000,568.626648
6,9,test,23,595.000000,606.208130
6,9,test,24,459.000000,496.056671
6,9,test,25,597.000000,590.400879
6,9,test,26,509.000000,518.658203
6,9,test,27,492.000000,482.151489
6,9,test,28,616.000000,624.880066
6,9,test,29,591.000000,590.400879
6,9,test,30,477.000000,482.151489
6,9,test,31,500.000000,472.227661
6,9,test,32,608.000000,616.502930
6,9,test,33,371.000000,493.717957
6,9,test,34,644.000000,641.206116
6,9,test,35,504.000000,488.831268
6,9,test,36,475.000000,495.102325
6,9,test,37,528.000000,496.659149
6,9,test,38,592.000000,606.208130
6,9,test,39,541.000000,559.061829
6,9,test,40,568.000000,592.532227
6,9,test,41,535.000000,541.023438
6,9,test,42,617.000000,486.924957
6,9,test,43,524.000000,596.733398
6,9,test,44,485.000000,606.697266
6,9,test,45,456.000000,457.039520
6,9,test,46,613.000000,606.208130
6,9,test,47,472.000000,496.219147
6,9,test,48,596.000000,624.880066
6,9,test,49,471.000000,488.750854
6,9,test,50,507.000000,541.023438
6,9,test,51,525.000000,583.875061
6,9,test,52,484.000000,459.446533
6,9,test,53,606.000000,624.880066
6,9,train,0,557.000000,575.546570
6,9,train,1,562.000000,560.369385
6,9,train,2,473.000000,471.969269
6,9,train,3,473.000000,473.143768
6,9,train,4,572.000000,566.166687
6,9,train,5,598.000000,590.210266
6,9,train,6,522.000000,518.658203
6,9,train,7,584.000000,614.221436
6,9,train,8,484.000000,482.151489
6,9,train,9,610.000000,606.208130
6,9,train,10,509.000000,518.658203
6,9,train,11,628.000000,616.502930
6,9,train,12,538.000000,541.063599
6,9,train,13,511.000000,514.903015
6,9,train,14,450.000000,458.851196
6,9,train,15,500.000000,508.112946
6,9,train,16,528.000000,528.581238
6,9,train,17,612.000000,616.502930
6,9,train,18,597.000000,590.210266
6,9,train,19,541.000000,522.119324
6,9,train,20,431.000000,433.869446
6,9,train,21,584.000000,590.400879
6,9,train,22,577.000000,579.265015
6,9,train,23,478.000000,478.207520
6,9,train,24,617.000000,641.206116
6,9,train,25,500.000000,496.219147
6,9,train,26,522.000000,518.658203
6,9,train,27,649.000000,641.206116
6,9,train,28,524.000000,528.581238
6,9,train,29,494.000000,488.831268
6,9,train,30,577.000000,573.597839
6,9,train,31,487.000000,488.750854
6,9,train,32,488.000000,496.219147
6,9,train,33,584.000000,590.400879
6,9,train,34,479.000000,479.199036
6,9,train,35,465.000000,467.731232
6,9,train,36,583.000000,580.923157
6,9,train,37,613.000000,606.208130
6,9,train,38,466.000000,457.039520
6,9,train,39,670.000000,641.206116
6,9,train,40,637.000000,614.221436
6,9,train,41,630.000000,641.206116
6,9,train,42,517.000000,508.112946
6,9,train,43,455.000000,453.787872
6,9,train,44,505.000000,508.112946
6,9,train,45,578.000000,581.652832
6,9,train,46,505.000000,504.994263
6,9,train,47,624.000000,614.221436
6,9,train,48,618.000000,618.474426
6,9,train,49,605.000000,616.502930
6,9,train,50,462.000000,458.942902
6,9,train,51,501.000000,496.219147
6,9,train,52,460.000000,463.241821
6,9,train,53,534.000000,528.581238
6,9,train,54,515.000000,510.364014
6,9,train,55,617.000000,641.206116
6,9,train,56,545.000000,541.386658
6,9,train,57,508.000000,508.006714
6,9,train,58,597.000000,590.400879
6,9,train,59,489.000000,488.750854
6,9,train,60,600.000000,606.208130
6,9,train,61,481.000000,484.364960
6,9,train,62,575.000000,590.210266
6,9,train,63,623.000000,618.474426
6,9,train,64,580.000000,624.880066
6,9,train,65,608.000000,602.416931
6,9,train,66,479.000000,496.219147
6,9,train,67,469.000000,457.039520
6,9,train,68,464.000000,472.370239
6,9,train,69,670.000000,641.206116
6,9,train,70,597.000000,590.400879
6,9,train,71,580.000000,581.818848
6,9,train,72,509.000000,515.256165
6,9,train,73,572.000000,566.166687
6,9,train,74,594.000000,575.546570
6,9,train,75,456.000000,459.852722
6,9,train,76,465.000000,459.852722
6,9,train,77,451.000000,457.039520
6,9,train,78,574.000000,574.217712
6,9,train,79,475.000000,475.426392
6,9,train,80,493.000000,496.219147
6,9,train,81,476.000000,496.219147
6,9,train,82,484.000000,488.831268
6,9,train,83,693.000000,624.880066
6,9,train,84,463.000000,459.446533
6,9,train,85,507.000000,506.929016
6,9,train,86,504.000000,496.219147
6,9,train,87,506.000000,522.119324
6,9,train,88,624.000000,624.880066
6,9,train,89,630.000000,641.206116
6,9,train,90,555.000000,559.061829
6,9,train,91,504.000000,511.103088
6,9,train,92,524.000000,496.219147
6,9,train,93,490.000000,490.020752
6,9,train,94,523.000000,518.700989
6,9,train,95,463.000000,465.948669
6,9,train,96,516.000000,515.274597
6,9,train,97,580.000000,583.780945
6,9,train,98,601.000000,641.206116
6,9,train,99,532.000000,519.038757
6,9,train,100,596.000000,604.646667
6,9,train,101,525.000000,541.023438
6,9,train,102,464.000000,465.568512
6,9,train,103,519.000000,519.038757
6,9,train,104,648.000000,641.037659
6,9,train,105,495.000000,496.659149
6,9,train,106,645.000000,638.445251
6,9,train,107,522.000000,522.985657
6,9,train,108,480.000000,472.370239
6,9,train,109,456.000000,461.121826
6,9,train,110,488.000000,485.755798
6,9,train,111,572.000000,577.533936
6,9,train,112,526.000000,527.336548
6,9,train,113,601.000000,624.880066
6,9,train,114,442.000000,457.039520
6,9,train,115,561.000000,541.023438
6,9,train,116,455.000000,453.787872
6,9,train,117,502.000000,508.112946
6,9,train,118,446.000000,446.541077
6,9,train,119,534.000000,534.009827
6,9,train,120,689.000000,641.206116
6,9,train,121,516.000000,515.274597
6,9,train,122,519.000000,508.112946
6,10,test,0,557.000000,582.754639
6,10,test,1,572.000000,582.554443
6,10,test,2,507.000000,557.112122
6,10,test,3,510.000000,507.045166
6,10,test,4,534.000000,558.451050
6,10,test,5,613.000000,606.976685
6,10,test,6,526.000000,507.045166
6,10,test,7,616.000000,610.180054
6,10,test,8,462.000000,466.558411
6,10,test,9,577.000000,590.397644
6,10,test,10,525.000000,557.112122
6,10,test,11,509.000000,503.442841
6,10,test,12,472.000000,527.908875
6,10,test,13,464.000000,474.168396
6,10,test,14,572.000000,546.112976
6,10,test,15,442.000000,453.059875
6,10,test,16,584.000000,598.729614
6,10,test,17,524.000000,534.575745
6,10,test,18,469.000000,453.059875
6,10,test,19,506.000000,540.941162
6,10,test,20,475.000000,477.684784
6,10,test,21,481.000000,517.479126
6,10,test,22,610.000000,606.976685
6,10,test,23,580.000000,546.112976
6,10,test,24,595.000000,606.976685
6,10,test,25,500.000000,508.183380
6,10,test,26,592.000000,604.054565
6,10,test,27,517.000000,508.183380
6,10,test,28,456.000000,453.059875
6,10,test,29,488.000000,492.434601
6,10,test,30,543.000000,492.434601
6,10,test,31,524.000000,492.434601
6,10,test,32,612.000000,614.894653
6,10,test,33,504.000000,503.956940
6,10,test,34,522.000000,516.680176
6,10,test,35,591.000000,598.729614
6,10,test,36,584.000000,598.729614
6,10,test,37,572.000000,582.554443
6,10,test,38,693.000000,610.180054
6,10,test,39,466.000000,453.059875
6,10,test,40,583.000000,588.383972
6,10,test,41,535.000000,557.112122
6,10,test,42,640.000000,631.744263
6,10,test,43,490.000000,592.915527
6,10,test,44,523.000000,497.848816
6,10,test,45,630.000000,631.744263
6,10,test,46,504.000000,483.313599
6,10,test,47,489.000000,479.061462
6,10,test,48,630.000000,631.744263
6,10,test,49,606.000000,610.875671
6,10,test,50,446.000000,487.575653
6,10,test,51,645.000000,566.444946
6,10,test,52,505.000000,525.759521
6,10,test,53,584.000000,624.225952
6,10,train,0,601.000000,631.744263
6,10,train,1,505.000000,504.436920
6,10,train,2,541.000000,562.170654
6,10,train,3,456.000000,460.850922
6,10,train,4,528.000000,528.470459
6,10,train,5,644.000000,625.877747
6,10,train,6,624.000000,610.180054
6,10,train,7,371.000000,403.910767
6,10,train,8,689.000000,631.744263
6,10,train,9,494.000000,483.313599
6,10,train,10,484.000000,490.858032
6,10,train,11,585.000000,631.744263
6,10,train,12,471.000000,479.061462
6,10,train,13,493.000000,492.434601
6,10,train,14,484.000000,483.313599
6,10,train,15,670.000000,631.744263
6,10,train,16,608.000000,593.847900
6,10,train,17,624.000000,624.225952
6,10,train,18,522.000000,520.007751
6,10,train,19,600.000000,604.054565
6,10,train,20,568.000000,564.250427
6,10,train,21,596.000000,610.180054
6,10,train,22,572.000000,546.112976
6,10,train,23,492.000000,490.858032
6,10,train,24,644.000000,631.744263
6,10,train,25,460.000000,476.606750
6,10,train,26,541.000000,540.941162
6,10,train,27,580.000000,590.047424
6,10,train,28,475.000000,477.185883
6,10,train,29,473.000000,481.019348
6,10,train,30,511.000000,510.884399
6,10,train,31,618.000000,619.034180
6,10,train,32,648.000000,610.180054
6,10,train,33,488.000000,503.956940
6,10,train,34,623.000000,619.034180
6,10,train,35,628.000000,614.894653
6,10,train,36,598.000000,591.900146
6,10,train,37,500.000000,498.636871
6,10,train,38,580.000000,610.180054
6,10,train,39,487.000000,479.061462
6,10,train,40,473.000000,462.195953
6,10,train,41,479.000000,492.434601
6,10,train,42,596.000000,601.155396
6,10,train,43,500.000000,490.858032
6,10,train,44,495.000000,515.118530
6,10,train,45,505.000000,508.183380
6,10,train,46,561.000000,557.112122
6,10,train,47,613.000000,606.976685
6,10,train,48,459.000000,458.800537
6,10,train,49,509.000000,520.007751
6,10,train,50,597.000000,591.900146
6,10,train,51,508.000000,508.120941
6,10,train,52,507.000000,504.872406
6,10,train,53,516.000000,519.817932
6,10,train,54,574.000000,566.564636
6,10,train,55,534.000000,528.470459
6,10,train,56,451.000000,453.059875
6,10,train,57,597.000000,598.729614
6,10,train,58,562.000000,540.611572
6,10,train,59,617.000000,611.367249
6,10,train,60,519.000000,514.783325
6,10,train,61,555.000000,562.170654
6,10,train,62,463.000000,471.858978
6,10,train,63,608.000000,614.894653
6,10,train,64,456.000000,465.473267
6,10,train,65,597.000000,598.729614
6,10,train,66,597.000000,598.729614
6,10,train,67,524.000000,528.470459
6,10,train,68,577.000000,575.743408
6,10,train,69,501.000000,492.434601
6,10,train,70,450.000000,470.834534
6,10,train,71,594.000000,582.754639
6,10,train,72,605.000000,609.312622
6,10,train,73,577.000000,575.743408
6,10,train,74,478.000000,478.270691
6,10,train,75,605.000000,614.894653
6,10,train,76,515.000000,507.045166
6,10,train,77,532.000000,514.783325
6,10,train,78,649.000000,631.744263
6,10,train,79,504.000000,492.434601
6,10,train,80,509.000000,520.007751
6,10,train,81,484.000000,471.858978
6,10,train,82,522.000000,520.007751
6,10,train,83,648.000000,630.772217
6,10,train,84,586.000000,562.170654
6,10,train,85,578.000000,582.730896
6,10,train,86,465.000000,469.722687
6,10,train,87,612.000000,609.856201
6,10,train,88,455.000000,451.718719
6,10,train,89,477.000000,490.858032
6,10,train,90,585.000000,631.744263
6,10,train,91,630.000000,620.836975
6,10,train,92,670.000000,631.744263
6,10,train,93,516.000000,519.817932
6,10,train,94,463.000000,449.620087
6,10,train,95,519.000000,508.183380
6,10,train,96,507.000000,501.576599
6,10,train,97,525.000000,519.474976
6,10,train,98,482.000000,486.503662
6,10,train,99,488.000000,486.503662
6,10,train,100,637.000000,624.225952
6,10,train,101,480.000000,474.168396
6,10,train,102,606.000000,588.383972
6,10,train,103,485.000000,494.793945
6,10,train,104,617.000000,631.744263
6,10,train,105,560.000000,558.451050
6,10,train,106,464.000000,473.830322
6,10,train,107,617.000000,631.744263
6,10,train,108,545.000000,544.892578
6,10,train,109,465.000000,460.850922
6,10,train,110,601.000000,610.180054
6,10,train,111,538.000000,535.417114
6,10,train,112,495.000000,492.434601
6,10,train,113,472.000000,492.434601
6,10,train,114,431.000000,441.622620
6,10,train,115,500.000000,492.434601
6,10,train,116,476.000000,492.434601
6,10,train,117,479.000000,483.795990
6,10,train,118,575.000000,591.900146
6,10,train,119,455.000000,451.718719
6,10,train,120,550.000000,564.236023
6,10,train,121,502.000000,508.183380
6,10,train,122,528.000000,515.118530
10,1,test,0,584.000000,592.880981
10,1,test,1,510.000000,526.324768
10,1,test,2,525.000000,535.583313
10,1,test,3,557.000000,594.386719
10,1,test,4,596.000000,647.393921
10,1,test,5,528.000000,526.755066
10,1,test,6,645.000000,577.484680
10,1,test,7,460.000000,530.403137
10,1,test,8,572.000000,529.239624
10,1,test,9,509.000000,520.035034
10,1,test,10,577.000000,572.460327
10,1,test,11,555.000000,565.060791
10,1,test,12,485.000000,556.998413
10,1,test,13,580.000000,637.423645
10,1,test,14,456.000000,473.925598
10,1,test,15,597.000000,592.976562
10,1,test,16,484.000000,492.792694
10,1,test,17,584.000000,608.573914
10,1,test,18,502.000000,507.359589
10,1,test,19,612.000000,565.177002
10,1,test,20,644.000000,590.737366
10,1,test,21,501.000000,487.773987
10,1,test,22,462.000000,465.564362
10,1,test,23,495.000000,491.547882
10,1,test,24,601.000000,628.960815
10,1,test,25,613.000000,579.715820
10,1,test,26,610.000000,591.399475
10,1,test,27,580.000000,578.862549
10,1,test,28,545.000000,556.282043
10,1,test,29,469.000000,466.338959
10,1,test,30,479.000000,498.546051
10,1,test,31,478.000000,494.078400
10,1,test,32,446.000000,493.295929
10,1,test,33,463.000000,498.453308
10,1,test,34,613.000000,579.715820
10,1,test,35,572.000000,571.227844
10,1,test,36,572.000000,529.239624
10,1,test,37,524.000000,533.486084
10,1,test,38,575.000000,592.976562
10,1,test,39,600.000000,589.619507
10,1,test,40,560.000000,499.991577
10,1,test,41,442.000000,464.225922
10,1,test,42,451.000000,464.225922
10,1,test,43,616.000000,631.019836
10,1,test,44,534.000000,515.025757
10,1,test,45,608.000000,605.676453
10,1,test,46,489.000000,481.863495
10,1,test,47,637.000000,593.887329
10,1,test,48,648.000000,562.015747
10,1,test,49,523.000000,495.879852
10,1,test,50,519.000000,506.025574
10,1,test,51,524.000000,530.124817
10,1,test,52,500.000000,490.014404
10,1,test,53,495.000000,535.589966
10,1,train,0,585.000000,605.569641
10,1,train,1,509.000000,520.035034
10,1,train,2,577.000000,572.460327
10,1,train,3,479.000000,491.307373
10,1,train,4,504.000000,503.061859
10,1,train,5,509.000000,510.406586
10,1,train,6,606.000000,588.713989
10,1,train,7,605.000000,594.379578
10,1,train,8,484.000000,491.990295
10,1,train,9,488.000000,486.284821
10,1,train,10,630.000000,644.801697
10,1,train,11,507.000000,520.673584
10,1,train,12,522.000000,520.035034
10,1,train,13,628.000000,612.019287
10,1,train,14,522.000000,520.035034
10,1,train,15,578.000000,578.844238
10,1,train,16,640.000000,643.673706
10,1,train,17,618.000000,614.112610
10,1,train,18,431.000000,453.751678
10,1,train,19,649.000000,630.955872
10,1,train,20,526.000000,524.713196
10,1,train,21,535.000000,541.455933
10,1,train,22,507.000000,506.910095
10,1,train,23,541.000000,565.060791
10,1,train,24,612.000000,605.676453
10,1,train,25,617.000000,612.911682
10,1,train,26,459.000000,470.154541
10,1,train,27,597.000000,592.880981
10,1,train,28,538.000000,544.854309
10,1,train,29,508.000000,507.021545
10,1,train,30,525.000000,520.765381
10,1,train,31,455.000000,460.181915
10,1,train,32,472.000000,480.067749
10,1,train,33,596.000000,593.361755
10,1,train,34,617.000000,605.569641
10,1,train,35,623.000000,614.112610
10,1,train,36,594.000000,594.386719
10,1,train,37,480.000000,472.173157
10,1,train,38,504.000000,498.546051
10,1,train,39,516.000000,519.743286
10,1,train,40,541.000000,522.359436
10,1,train,41,505.000000,507.359589
10,1,train,42,515.000000,515.374084
10,1,train,43,522.000000,520.028442
10,1,train,44,506.000000,522.359436
10,1,train,45,577.000000,576.361694
10,1,train,46,574.000000,561.242126
10,1,train,47,624.000000,608.573914
10,1,train,48,543.000000,539.873962
10,1,train,49,644.000000,622.800903
10,1,train,50,584.000000,592.880981
10,1,train,51,500.000000,507.359589
10,1,train,52,689.000000,663.747253
10,1,train,53,586.000000,565.060791
10,1,train,54,617.000000,605.569641
10,1,train,55,473.000000,488.057007
10,1,train,56,572.000000,571.227844
10,1,train,57,595.000000,591.399475
10,1,train,58,528.000000,535.589966
10,1,train,59,492.000000,489.276245
10,1,train,60,516.000000,519.743286
10,1,train,61,473.000000,468.534943
10,1,train,62,505.000000,508.383972
10,1,train,63,534.000000,526.755066
10,1,train,64,630.000000,644.801697
10,1,train,65,670.000000,644.801697
10,1,train,66,598.000000,592.976562
10,1,train,67,488.000000,490.930084
10,1,train,68,481.000000,487.253204
10,1,train,69,455.000000,457.780060
10,1,train,70,550.000000,556.006348
10,1,train,71,505.000000,499.183838
10,1,train,72,608.000000,598.402527
10,1,train,73,482.000000,484.556549
10,1,train,74,466.000000,464.225922
10,1,train,75,471.000000,481.863495
10,1,train,76,624.000000,631.019836
10,1,train,77,591.000000,592.880981
10,1,train,78,488.000000,491.547882
10,1,train,79,606.000000,608.200195
10,1,train,80,693.000000,661.215576
10,1,train,81,475.000000,477.782745
10,1,train,82,484.000000,489.276245
10,1,train,83,580.000000,574.719421
10,1,train,84,511.000000,512.188965
10,1,train,85,562.000000,552.846924
10,1,train,86,630.000000,607.941956
10,1,train,87,583.000000,582.078552
10,1,train,88,465.000000,473.925598
10,1,train,89,524.000000,526.755066
10,1,train,90,472.000000,487.773987
10,1,train,91,456.000000,464.225922
10,1,train,92,456.000000,467.424713
10,1,train,93,475.000000,477.375702
10,1,train,94,465.000000,471.636719
10,1,train,95,561.000000,541.455933
10,1,train,96,464.000000,472.173157
10,1,train,97,490.000000,496.756042
10,1,train,98,450.000000,468.244904
10,1,train,99,601.000000,614.470764
10,1,train,100,463.000000,464.523285
10,1,train,101,670.000000,644.801697
10,1,train,102,597.000000,592.880981
10,1,train,103,592.000000,589.619507
10,1,train,104,597.000000,592.880981
10,1,train,105,371.000000,406.894287
10,1,train,106,500.000000,487.773987
10,1,train,107,476.000000,487.773987
10,1,train,108,464.000000,469.552765
10,1,train,109,494.000000,494.046783
10,1,train,110,585.000000,605.569641
10,1,train,111,507.000000,516.470398
10,1,train,112,568.000000,565.475586
10,1,train,113,500.000000,500.447876
10,1,train,114,605.000000,612.019287
10,1,train,115,519.000000,522.919800
10,1,train,116,504.000000,499.336823
10,1,train,117,487.000000,481.863495
10,1,train,118,517.000000,507.359589
10,1,train,119,532.000000,522.919800
10,1,train,120,493.000000,491.547882
10,1,train,121,477.000000,477.565216
10,1,train,122,648.000000,647.393921
10,2,test,0,495.000000,534.777588
10,2,test,1,473.000000,537.697205
10,2,test,2,618.000000,617.770752
10,2,test,3,568.000000,518.870911
10,2,test,4,584.000000,619.097534
10,2,test,5,507.000000,555.119446
10,2,test,6,455.000000,499.154755
10,2,test,7,543.000000,530.433105
10,2,test,8,597.000000,595.721069
10,2,test,9,600.000000,591.721741
10,2,test,10,524.000000,529.350403
10,2,test,11,475.000000,486.400940
10,2,test,12,459.000000,523.571167
10,2,test,13,500.000000,490.732239
10,2,test,14,689.000000,633.402954
10,2,test,15,606.000000,547.730408
10,2,test,16,580.000000,611.920837
10,2,test,17,541.000000,575.882080
10,2,test,18,580.000000,576.521118
10,2,test,19,476.000000,490.732239
10,2,test,20,617.000000,526.902222
10,2,test,21,628.000000,593.979675
10,2,test,22,509.000000,526.853821
10,2,test,23,509.000000,526.853821
10,2,test,24,463.000000,507.519745
10,2,test,25,596.000000,636.245056
10,2,test,26,522.000000,526.853821
10,2,test,27,608.000000,565.818420
10,2,test,28,560.000000,497.212433
10,2,test,29,693.000000,597.685913
10,2,test,30,517.000000,506.969818
10,2,test,31,455.000000,493.987000
10,2,test,32,446.000000,502.362915
10,2,test,33,534.000000,522.552795
10,2,test,34,577.000000,576.351746
10,2,test,35,575.000000,595.721069
10,2,test,36,528.000000,522.552795
10,2,test,37,645.000000,536.071289
10,2,test,38,585.000000,611.137695
10,2,test,39,516.000000,523.965027
10,2,test,40,479.000000,499.926056
10,2,test,41,473.000000,471.155426
10,2,test,42,487.000000,482.876251
10,2,test,43,460.000000,559.056519
10,2,test,44,500.000000,493.120270
10,2,test,45,596.000000,547.358032
10,2,test,46,519.000000,527.693726
10,2,test,47,608.000000,610.002808
10,2,test,48,492.000000,485.710419
10,2,test,49,509.000000,531.932373
10,2,test,50,479.000000,523.006897
10,2,test,51,505.000000,506.969818
10,2,test,52,466.000000,453.709290
10,2,test,53,613.000000,603.583923
10,2,train,0,630.000000,645.353027
10,2,train,1,511.000000,509.638550
10,2,train,2,478.000000,478.393402
10,2,train,3,465.000000,468.457916
10,2,train,4,605.000000,593.979675
10,2,train,5,524.000000,523.905457
10,2,train,6,515.000000,515.608093
10,2,train,7,477.000000,474.920288
10,2,train,8,494.000000,493.979767
10,2,train,9,577.000000,576.351746
10,2,train,10,488.000000,492.278900
10,2,train,11,578.000000,571.744141
10,2,train,12,484.000000,484.607605
10,2,train,13,465.000000,462.601715
10,2,train,14,480.000000,471.053436
10,2,train,15,538.000000,538.646667
10,2,train,16,586.000000,575.882080
10,2,train,17,532.000000,527.693726
10,2,train,18,598.000000,595.721069
10,2,train,19,670.000000,645.353027
10,2,train,20,507.000000,514.652527
10,2,train,21,505.000000,514.698608
10,2,train,22,500.000000,506.969818
10,2,train,23,519.000000,514.549561
10,2,train,24,525.000000,523.950745
10,2,train,25,630.000000,618.198242
10,2,train,26,508.000000,507.850494
10,2,train,27,605.000000,604.267151
10,2,train,28,442.000000,453.709290
10,2,train,29,482.000000,484.440765
10,2,train,30,484.000000,491.215485
10,2,train,31,464.000000,466.672272
10,2,train,32,451.000000,453.709290
10,2,train,33,371.000000,380.350555
10,2,train,34,524.000000,522.552795
10,2,train,35,535.000000,541.090210
10,2,train,36,472.000000,479.891754
10,2,train,37,545.000000,549.451965
10,2,train,38,572.000000,573.357117
10,2,train,39,617.000000,611.137695
10,2,train,40,649.000000,635.083130
10,2,train,41,504.000000,499.926056
10,2,train,42,463.000000,459.523590
10,2,train,43,456.000000,460.195251
10,2,train,44,601.000000,618.058960
10,2,train,45,630.000000,645.353027
10,2,train,46,572.000000,565.258118
10,2,train,47,597.000000,592.015137
10,2,train,48,648.000000,644.283875
10,2,train,49,613.000000,603.583923
10,2,train,50,500.000000,500.448242
10,2,train,51,502.000000,506.969818
10,2,train,52,464.000000,471.053436
10,2,train,53,489.000000,482.876251
10,2,train,54,504.000000,498.957336
10,2,train,55,592.000000,591.721741
10,2,train,56,475.000000,477.279633
10,2,train,57,505.000000,499.488586
10,2,train,58,534.000000,531.887451
10,2,train,59,525.000000,529.416992
10,2,train,60,481.000000,483.961914
10,2,train,61,670.000000,645.353027
10,2,train,62,612.000000,610.002808
10,2,train,63,585.000000,611.137695
10,2,train,64,528.000000,534.777588
10,2,train,65,456.000000,453.709290
10,2,train,66,574.000000,569.926636
10,2,train,67,601.000000,608.271851
10,2,train,68,577.000000,575.440979
10,2,train,69,488.000000,494.210297
10,2,train,70,472.000000,490.732239
10,2,train,71,456.000000,462.601715
10,2,train,72,591.000000,592.015137
10,2,train,73,624.000000,619.097534
10,2,train,74,431.000000,444.593292
10,2,train,75,597.000000,592.015137
10,2,train,76,584.000000,592.015137
10,2,train,77,469.000000,461.080383
10,2,train,78,522.000000,526.853821
10,2,train,79,495.000000,494.210297
10,2,train,80,526.000000,517.652100
10,2,train,81,640.000000,639.681885
10,2,train,82,616.000000,622.139404
10,2,train,83,580.000000,580.251709
10,2,train,84,623.000000,617.770752
10,2,train,85,507.000000,505.989532
10,2,train,86,597.000000,592.015137
10,2,train,87,624.000000,622.139404
10,2,train,88,471.000000,482.876251
10,2,train,89,506.000000,524.173645
10,2,train,90,583.000000,577.082458
10,2,train,91,504.000000,504.313385
10,2,train,92,594.000000,578.131592
10,2,train,93,617.000000,611.137695
10,2,train,94,557.000000,578.131592
10,2,train,95,595.000000,600.013672
10,2,train,96,488.000000,487.553497
10,2,train,97,523.000000,522.741272
10,2,train,98,637.000000,625.754822
10,2,train,99,644.000000,632.283630
10,2,train,100,572.000000,573.357117
10,2,train,101,644.000000,636.918884
10,2,train,102,485.000000,486.237244
10,2,train,103,555.000000,575.882080
10,2,train,104,572.000000,565.258118
10,2,train,105,648.000000,636.245056
10,2,train,106,510.000000,516.994202
10,2,train,107,522.000000,524.607849
10,2,train,108,484.000000,485.710419
10,2,train,109,612.000000,604.843689
10,2,train,110,490.000000,491.164948
10,2,train,111,610.000000,600.013672
10,2,train,112,462.000000,462.349091
10,2,train,113,584.000000,592.015137
10,2,train,114,541.000000,524.173645
10,2,train,115,450.000000,458.954712
10,2,train,116,516.000000,523.965027
10,2,train,117,501.000000,490.732239
10,2,train,118,606.000000,605.826172
10,2,train,119,561.000000,541.090210
10,2,train,120,493.000000,494.210297
10,2,train,121,550.000000,552.046082
10,2,train,122,562.000000,554.897095
10,3,test,0,601.000000,613.961853
10,3,test,1,596.000000,642.568420
10,3,test,2,574.000000,509.816040
10,3,test,3,466.000000,453.843506
10,3,test,4,482.000000,489.369019
10,3,test,5,473.000000,520.367798
10,3,test,6,594.000000,568.073303
10,3,test,7,493.000000,492.814941
10,3,test,8,524.000000,534.853943
10,3,test,9,644.000000,538.666809
10,3,test,10,455.000000,466.931549
10,3,test,11,475.000000,483.282104
10,3,test,12,505.000000,489.294617
10,3,test,13,612.000000,598.425842
10,3,test,14,644.000000,582.935791
10,3,test,15,459.000000,461.980469
10,3,test,16,597.000000,590.776001
10,3,test,17,550.000000,586.845642
10,3,test,18,524.000000,528.498901
10,3,test,19,506.000000,552.843811
10,3,test,20,523.000000,466.370026
10,3,test,21,500.000000,509.783081
10,3,test,22,568.000000,585.089966
10,3,test,23,640.000000,639.952209
10,3,test,24,605.000000,607.080261
10,3,test,25,465.000000,478.611420
10,3,test,26,610.000000,605.068054
10,3,test,27,608.000000,580.522461
10,3,test,28,585.000000,599.020874
10,3,test,29,584.000000,590.776001
10,3,test,30,597.000000,562.230774
10,3,test,31,555.000000,553.313354
10,3,test,32,507.000000,522.066589
10,3,test,33,670.000000,639.270386
10,3,test,34,598.000000,562.230774
10,3,test,35,617.000000,540.802917
10,3,test,36,580.000000,622.663757
10,3,test,37,595.000000,605.068054
10,3,test,38,612.000000,552.952637
10,3,test,39,463.000000,462.656158
10,3,test,40,463.000000,465.149414
10,3,test,41,541.000000,552.843811
10,3,test,42,617.000000,599.020874
10,3,test,43,572.000000,553.488464
10,3,test,44,525.000000,527.358215
10,3,test,45,495.000000,546.947083
10,3,test,46,460.000000,532.562073
10,3,test,47,693.000000,652.031494
10,3,test,48,484.000000,468.378906
10,3,test,49,495.000000,492.814941
10,3,test,50,472.000000,494.367920
10,3,test,51,623.000000,611.870056
10,3,test,52,586.000000,553.313354
10,3,test,53,488.000000,498.088654
10,3,train,0,519.000000,517.890320
10,3,train,1,585.000000,599.020874
10,3,train,2,670.000000,639.270386
10,3,train,3,630.000000,639.270386
10,3,train,4,465.000000,475.086304
10,3,train,5,618.000000,611.870056
10,3,train,6,606.000000,611.600708
10,3,train,7,572.000000,572.019104
10,3,train,8,561.000000,542.849243
10,3,train,9,605.000000,604.113892
10,3,train,10,504.000000,504.034668
10,3,train,11,473.000000,468.972961
10,3,train,12,528.000000,528.498901
10,3,train,13,490.000000,504.622009
10,3,train,14,500.000000,498.086670
10,3,train,15,649.000000,628.813660
10,3,train,16,522.000000,515.911255
10,3,train,17,628.000000,607.080261
10,3,train,18,584.000000,601.322693
10,3,train,19,455.000000,460.913879
10,3,train,20,597.000000,590.776001
10,3,train,21,516.000000,519.873108
10,3,train,22,515.000000,512.694519
10,3,train,23,525.000000,523.888306
10,3,train,24,484.000000,488.332581
10,3,train,25,502.000000,509.783081
10,3,train,26,592.000000,596.862854
10,3,train,27,488.000000,492.814941
10,3,train,28,645.000000,623.947815
10,3,train,29,577.000000,580.518127
10,3,train,30,577.000000,573.802734
10,3,train,31,476.000000,494.367920
10,3,train,32,500.000000,494.367920
10,3,train,33,481.000000,494.014069
10,3,train,34,528.000000,546.947083
10,3,train,35,494.000000,499.197266
10,3,train,36,456.000000,473.457794
10,3,train,37,580.000000,580.632751
10,3,train,38,616.000000,618.140686
10,3,train,39,534.000000,526.691345
10,3,train,40,431.000000,449.417236
10,3,train,41,606.000000,590.622070
10,3,train,42,532.000000,519.178284
10,3,train,43,477.000000,475.995941
10,3,train,44,442.000000,453.843506
10,3,train,45,451.000000,453.843506
10,3,train,46,608.000000,598.425842
10,3,train,47,479.000000,492.651123
10,3,train,48,578.000000,577.884644
10,3,train,49,464.000000,467.293732
10,3,train,50,478.000000,482.220123
10,3,train,51,624.000000,618.140686
10,3,train,52,517.000000,509.783081
10,3,train,53,464.000000,471.100494
10,3,train,54,600.000000,596.862854
10,3,train,55,630.000000,594.182373
10,3,train,56,504.000000,488.385742
10,3,train,57,507.000000,524.131531
10,3,train,58,584.000000,590.776001
10,3,train,59,597.000000,590.776001
10,3,train,60,472.000000,498.346039
10,3,train,61,501.000000,494.367920
10,3,train,62,508.000000,504.268707
10,3,train,63,456.000000,478.611420
10,3,train,64,583.000000,587.925781
10,3,train,65,624.000000,601.322693
10,3,train,66,471.000000,482.421906
10,3,train,67,545.000000,542.762390
10,3,train,68,572.000000,572.019104
10,3,train,69,630.000000,639.270386
10,3,train,70,617.000000,599.020874
10,3,train,71,522.000000,516.390320
10,3,train,72,543.000000,531.089172
10,3,train,73,504.000000,492.651123
10,3,train,74,562.000000,540.481750
10,3,train,75,526.000000,521.352417
10,3,train,76,613.000000,607.772766
10,3,train,77,475.000000,475.024384
10,3,train,78,575.000000,562.230774
10,3,train,79,462.000000,464.505005
10,3,train,80,510.000000,516.062378
10,3,train,81,648.000000,621.345703
10,3,train,82,601.000000,609.688354
10,3,train,83,560.000000,540.158020
10,3,train,84,488.000000,493.125702
10,3,train,85,577.000000,573.802734
10,3,train,86,505.000000,509.783081
10,3,train,87,580.000000,573.773560
10,3,train,88,509.000000,515.911255
10,3,train,89,507.000000,511.274872
10,3,train,90,648.000000,642.568420
10,3,train,91,487.000000,482.421906
10,3,train,92,479.000000,489.865631
10,3,train,93,637.000000,621.083130
10,3,train,94,450.000000,466.022888
10,3,train,95,480.000000,471.100494
10,3,train,96,689.000000,654.848511
10,3,train,97,613.000000,607.772766
10,3,train,98,469.000000,465.816467
10,3,train,99,516.000000,519.873108
10,3,train,100,557.000000,568.073303
10,3,train,101,572.000000,553.488464
10,3,train,102,519.000000,519.178284
10,3,train,103,456.000000,453.843506
10,3,train,104,541.000000,553.313354
10,3,train,105,509.000000,512.147827
10,3,train,106,446.000000,458.034576
10,3,train,107,489.000000,482.421906
10,3,train,108,591.000000,590.776001
10,3,train,109,371.000000,439.488647
10,3,train,110,522.000000,515.911255
10,3,train,111,484.000000,487.516144
10,3,train,112,596.000000,598.354553
10,3,train,113,492.000000,487.516144
10,3,train,114,505.000000,511.592529
10,3,train,115,524.000000,530.709167
10,3,train,116,485.000000,502.568939
10,3,train,117,500.000000,496.977417
10,3,train,118,535.000000,542.849243
10,3,train,119,538.000000,540.366394
10,3,train,120,511.000000,517.123901
10,3,train,121,534.000000,528.498901
10,3,train,122,509.000000,515.911255
10,4,test,0,541.000000,506.796661
10,4,test,1,463.000000,526.641479
10,4,test,2,460.000000,515.270020
10,4,test,3,628.000000,603.532410
10,4,test,4,489.000000,479.203094
10,4,test,5,476.000000,491.145966
10,4,test,6,591.000000,592.599548
10,4,test,7,504.000000,480.158142
10,4,test,8,475.000000,507.465118
10,4,test,9,488.000000,495.062927
10,4,test,10,572.000000,534.257690
10,4,test,11,648.000000,513.383057
10,4,test,12,524.000000,573.262146
10,4,test,13,618.000000,547.682617
10,4,test,14,637.000000,600.453735
10,4,test,15,522.000000,508.113586
10,4,test,16,600.000000,593.476013
10,4,test,17,572.000000,534.257690
10,4,test,18,522.000000,508.113586
10,4,test,19,484.000000,492.472839
10,4,test,20,572.000000,571.224182
10,4,test,21,623.000000,547.682617
10,4,test,22,479.000000,537.190430
10,4,test,23,504.000000,518.362427
10,4,test,24,459.000000,499.363037
10,4,test,25,517.000000,502.292847
10,4,test,26,557.000000,595.374084
10,4,test,27,516.000000,515.962524
10,4,test,28,371.000000,571.757141
10,4,test,29,473.000000,523.574158
10,4,test,30,610.000000,595.990234
10,4,test,31,525.000000,530.170532
10,4,test,32,495.000000,527.825684
10,4,test,33,575.000000,597.283691
10,4,test,34,488.000000,546.617859
10,4,test,35,464.000000,484.433319
10,4,test,36,545.000000,540.032776
10,4,test,37,525.000000,541.106934
10,4,test,38,541.000000,570.934937
10,4,test,39,617.000000,569.560059
10,4,test,40,500.000000,507.385895
10,4,test,41,580.000000,585.064636
10,4,test,42,693.000000,602.695312
10,4,test,43,464.000000,480.437408
10,4,test,44,451.000000,455.013031
10,4,test,45,463.000000,467.357971
10,4,test,46,585.000000,615.885437
10,4,test,47,477.000000,474.653137
10,4,test,48,568.000000,520.326355
10,4,test,49,500.000000,487.358124
10,4,test,50,522.000000,523.590393
10,4,test,51,585.000000,615.885437
10,4,test,52,613.000000,613.092102
10,4,test,53,577.000000,577.227478
10,4,train,0,577.000000,577.227478
10,4,train,1,505.000000,504.100128
10,4,train,2,584.000000,592.599548
10,4,train,3,509.000000,508.113586
10,4,train,4,488.000000,488.190125
10,4,train,5,508.000000,507.938293
10,4,train,6,574.000000,573.584229
10,4,train,7,479.000000,480.158142
10,4,train,8,630.000000,650.635437
10,4,train,9,605.000000,603.532410
10,4,train,10,617.000000,615.885437
10,4,train,11,608.000000,608.676025
10,4,train,12,507.000000,507.428955
10,4,train,13,505.000000,502.292847
10,4,train,14,597.000000,592.599548
10,4,train,15,507.000000,509.363068
10,4,train,16,645.000000,645.069824
10,4,train,17,455.000000,454.144745
10,4,train,18,515.000000,514.394775
10,4,train,19,584.000000,606.687500
10,4,train,20,597.000000,597.283691
10,4,train,21,446.000000,446.443298
10,4,train,22,580.000000,582.513916
10,4,train,23,594.000000,595.374084
10,4,train,24,455.000000,455.036530
10,4,train,25,471.000000,479.203094
10,4,train,26,482.000000,481.987885
10,4,train,27,506.000000,506.796661
10,4,train,28,478.000000,478.267853
10,4,train,29,490.000000,490.487335
10,4,train,30,450.000000,450.964050
10,4,train,31,577.000000,577.134827
10,4,train,32,500.000000,491.145966
10,4,train,33,507.000000,507.746796
10,4,train,34,550.000000,550.187012
10,4,train,35,670.000000,650.635437
10,4,train,36,606.000000,605.496887
10,4,train,37,456.000000,455.013031
10,4,train,38,586.000000,570.934937
10,4,train,39,469.000000,465.123138
10,4,train,40,543.000000,542.646729
10,4,train,41,456.000000,456.200806
10,4,train,42,595.000000,595.990234
10,4,train,43,596.000000,594.860229
10,4,train,44,598.000000,597.283691
10,4,train,45,612.000000,609.390381
10,4,train,46,510.000000,509.905945
10,4,train,47,616.000000,620.979492
10,4,train,48,528.000000,529.465088
10,4,train,49,484.000000,490.466095
10,4,train,50,689.000000,689.576355
10,4,train,51,480.000000,480.437408
10,4,train,52,592.000000,593.476013
10,4,train,53,596.000000,622.545532
10,4,train,54,528.000000,527.825684
10,4,train,55,524.000000,524.184387
10,4,train,56,605.000000,604.437866
10,4,train,57,601.000000,599.946838
10,4,train,58,612.000000,611.389709
10,4,train,59,617.000000,615.885437
10,4,train,60,494.000000,494.073578
10,4,train,61,484.000000,483.328003
10,4,train,62,502.000000,502.292847
10,4,train,63,555.000000,570.934937
10,4,train,64,534.000000,529.465088
10,4,train,65,597.000000,592.599548
10,4,train,66,562.000000,562.389954
10,4,train,67,560.000000,559.560669
10,4,train,68,640.000000,640.739563
10,4,train,69,493.000000,495.062927
10,4,train,70,648.000000,622.545532
10,4,train,71,583.000000,585.352478
10,4,train,72,472.000000,491.145966
10,4,train,73,644.000000,644.155334
10,4,train,74,485.000000,485.465546
10,4,train,75,442.000000,455.013031
10,4,train,76,578.000000,577.977661
10,4,train,77,487.000000,479.203094
10,4,train,78,613.000000,613.092102
10,4,train,79,505.000000,504.610962
10,4,train,80,524.000000,529.465088
10,4,train,81,473.000000,472.304993
10,4,train,82,501.000000,491.145966
10,4,train,83,561.000000,548.434570
10,4,train,84,504.000000,496.875336
10,4,train,85,495.000000,495.062927
10,4,train,86,462.000000,462.163177
10,4,train,87,584.000000,592.599548
10,4,train,88,670.000000,650.635437
10,4,train,89,465.000000,460.546082
10,4,train,90,456.000000,460.546082
10,4,train,91,475.000000,474.670837
10,4,train,92,481.000000,481.171478
10,4,train,93,624.000000,606.687500
10,4,train,94,431.000000,430.649872
10,4,train,95,509.000000,508.498779
10,4,train,96,580.000000,581.001526
10,4,train,97,500.000000,502.292847
10,4,train,98,630.000000,629.150574
10,4,train,99,526.000000,524.777954
10,4,train,100,534.000000,533.537292
10,4,train,101,492.000000,492.472839
10,4,train,102,535.000000,548.434570
10,4,train,103,538.000000,538.829834
10,4,train,104,511.000000,511.093384
10,4,train,105,624.000000,620.979492
10,4,train,106,519.000000,518.585022
10,4,train,107,644.000000,644.894348
10,4,train,108,608.000000,609.390381
10,4,train,109,601.000000,606.024170
10,4,train,110,465.000000,464.313232
10,4,train,111,472.000000,471.570007
10,4,train,112,509.000000,508.113586
10,4,train,113,466.000000,455.013031
10,4,train,114,572.000000,571.224182
10,4,train,115,523.000000,523.013977
10,4,train,116,532.000000,524.668884
10,4,train,117,597.000000,592.599548
10,4,train,118,630.000000,650.635437
10,4,train,119,516.000000,515.962524
10,4,train,120,519.000000,524.668884
10,4,train,121,649.000000,645.372620
10,4,train,122,606.000000,604.838013
10,5,test,0,482.000000,481.484528
10,5,test,1,601.000000,629.335144
10,5,test,2,475.000000,493.638306
10,5,test,3,605.000000,585.101196
10,5,test,4,617.000000,570.719910
10,5,test,5,465.000000,548.610657
10,5,test,6,689.000000,630.564026
10,5,test,7,616.000000,630.148560
10,5,test,8,522.000000,514.261047
10,5,test,9,500.000000,502.860748
10,5,test,10,598.000000,587.571472
10,5,test,11,560.000000,531.918396
10,5,test,12,500.000000,500.115875
10,5,test,13,594.000000,572.768982
10,5,test,14,509.000000,519.904053
10,5,test,15,568.000000,611.087158
10,5,test,16,600.000000,594.673218
10,5,test,17,580.000000,630.148560
10,5,test,18,577.000000,571.145081
10,5,test,19,535.000000,540.336365
10,5,test,20,618.000000,611.128662
10,5,test,21,534.000000,511.817657
10,5,test,22,489.000000,481.475830
10,5,test,23,617.000000,598.256897
10,5,test,24,591.000000,592.380920
10,5,test,25,456.000000,544.461304
10,5,test,26,606.000000,626.563049
10,5,test,27,605.000000,605.780090
10,5,test,28,472.000000,533.320557
10,5,test,29,516.000000,520.067505
10,5,test,30,473.000000,563.348572
10,5,test,31,504.000000,487.761353
10,5,test,32,475.000000,481.900391
10,5,test,33,505.000000,506.585327
10,5,test,34,465.000000,480.494476
10,5,test,35,596.000000,648.547180
10,5,test,36,644.000000,569.019836
10,5,test,37,541.000000,510.859802
10,5,test,38,525.000000,517.480530
10,5,test,39,670.000000,637.119690
10,5,test,40,517.000000,506.585327
10,5,test,41,480.000000,463.117920
10,5,test,42,524.000000,557.223633
10,5,test,43,463.000000,494.573792
10,5,test,44,464.000000,463.117920
10,5,test,45,511.000000,511.689636
10,5,test,46,490.000000,511.693085
10,5,test,47,495.000000,539.137512
10,5,test,48,584.000000,592.380920
10,5,test,49,597.000000,592.380920
10,5,test,50,528.000000,528.370422
10,5,test,51,597.000000,592.380920
10,5,test,52,525.000000,586.205688
10,5,test,53,371.000000,500.029663
10,5,train,0,500.000000,506.585327
10,5,train,1,488.000000,486.302734
10,5,train,2,510.000000,514.960938
10,5,train,3,459.000000,471.114685
10,5,train,4,584.000000,592.380920
10,5,train,5,550.000000,556.193787
10,5,train,6,464.000000,467.529846
10,5,train,7,577.000000,578.598816
10,5,train,8,601.000000,619.888123
10,5,train,9,534.000000,528.370422
10,5,train,10,524.000000,528.370422
10,5,train,11,578.000000,577.748108
10,5,train,12,555.000000,562.998230
10,5,train,13,630.000000,637.119690
10,5,train,14,492.000000,486.021362
10,5,train,15,479.000000,499.545380
10,5,train,16,597.000000,592.380920
10,5,train,17,505.000000,501.757935
10,5,train,18,485.000000,503.748505
10,5,train,19,462.000000,464.561859
10,5,train,20,493.000000,492.028625
10,5,train,21,580.000000,571.277466
10,5,train,22,507.000000,525.185120
10,5,train,23,584.000000,602.749756
10,5,train,24,612.000000,601.755432
10,5,train,25,487.000000,481.475830
10,5,train,26,519.000000,514.049438
10,5,train,27,456.000000,460.103424
10,5,train,28,613.000000,603.469299
10,5,train,29,557.000000,572.768982
10,5,train,30,624.000000,630.148560
10,5,train,31,561.000000,540.336365
10,5,train,32,585.000000,598.256897
10,5,train,33,501.000000,488.314453
10,5,train,34,648.000000,648.547180
10,5,train,35,572.000000,565.030701
10,5,train,36,640.000000,637.119690
10,5,train,37,431.000000,451.938904
10,5,train,38,455.000000,461.225403
10,5,train,39,476.000000,488.314453
10,5,train,40,481.000000,494.114502
10,5,train,41,606.000000,586.589172
10,5,train,42,484.000000,486.021362
10,5,train,43,505.000000,502.683319
10,5,train,44,645.000000,631.272400
10,5,train,45,456.000000,480.494476
10,5,train,46,596.000000,602.963745
10,5,train,47,543.000000,537.900879
10,5,train,48,506.000000,510.859802
10,5,train,49,488.000000,492.028625
10,5,train,50,624.000000,602.749756
10,5,train,51,526.000000,516.993774
10,5,train,52,516.000000,520.067505
10,5,train,53,507.000000,513.538269
10,5,train,54,693.000000,658.584351
10,5,train,55,442.000000,460.103424
10,5,train,56,628.000000,605.780090
10,5,train,57,574.000000,561.492920
10,5,train,58,446.000000,465.094604
10,5,train,59,500.000000,488.314453
10,5,train,60,610.000000,601.681030
10,5,train,61,477.000000,486.642731
10,5,train,62,528.000000,539.137512
10,5,train,63,504.000000,497.718964
10,5,train,64,572.000000,565.030701
10,5,train,65,460.000000,483.262604
10,5,train,66,509.000000,514.261047
10,5,train,67,545.000000,544.892517
10,5,train,68,562.000000,544.300110
10,5,train,69,613.000000,603.469299
10,5,train,70,585.000000,598.256897
10,5,train,71,637.000000,616.617249
10,5,train,72,580.000000,577.273132
10,5,train,73,484.000000,474.228058
10,5,train,74,524.000000,526.840637
10,5,train,75,572.000000,567.574219
10,5,train,76,522.000000,519.524048
10,5,train,77,595.000000,601.681030
10,5,train,78,577.000000,571.145081
10,5,train,79,466.000000,460.103424
10,5,train,80,451.000000,460.103424
10,5,train,81,617.000000,598.256897
10,5,train,82,508.000000,509.270447
10,5,train,83,488.000000,498.902161
10,5,train,84,648.000000,629.235779
10,5,train,85,484.000000,497.053894
10,5,train,86,644.000000,612.299194
10,5,train,87,592.000000,594.673218
10,5,train,88,541.000000,562.998230
10,5,train,89,612.000000,596.565735
10,5,train,90,623.000000,611.128662
10,5,train,91,522.000000,514.261047
10,5,train,92,469.000000,460.103424
10,5,train,93,507.000000,516.776855
10,5,train,94,538.000000,540.675293
10,5,train,95,523.000000,526.483582
10,5,train,96,463.000000,468.216675
10,5,train,97,649.000000,620.658203
10,5,train,98,572.000000,567.574219
10,5,train,99,519.000000,523.858826
10,5,train,100,608.000000,604.279846
10,5,train,101,509.000000,514.261047
10,5,train,102,532.000000,523.858826
10,5,train,103,583.000000,586.589172
10,5,train,104,494.000000,498.241333
10,5,train,105,502.000000,506.585327
10,5,train,106,670.000000,637.119690
10,5,train,107,630.000000,601.557068
10,5,train,108,455.000000,458.534424
10,5,train,109,608.000000,601.755432
10,5,train,110,586.000000,562.998230
10,5,train,111,471.000000,481.475830
10,5,train,112,575.000000,587.571472
10,5,train,113,473.000000,475.526978
10,5,train,114,450.000000,468.691193
10,5,train,115,478.000000,479.375153
10,5,train,116,597.000000,587.571472
10,5,train,117,479.000000,487.761353
10,5,train,118,472.000000,488.314453
10,5,train,119,495.000000,492.028625
10,5,train,120,504.000000,497.053894
10,5,train,121,515.000000,519.923035
10,5,train,122,630.000000,637.119690
10,6,test,0,493.000000,491.729218
10,6,test,1,596.000000,680.266418
10,6,test,2,509.000000,515.752075
10,6,test,3,585.000000,602.307495
10,6,test,4,525.000000,535.196472
10,6,test,5,577.000000,576.823975
10,6,test,6,500.000000,508.658600
10,6,test,7,516.000000,563.082520
10,6,test,8,617.000000,602.307495
10,6,test,9,459.000000,469.875854
10,6,test,10,630.000000,573.168762
10,6,test,11,451.000000,461.005249
10,6,test,12,516.000000,563.082520
10,6,test,13,555.000000,577.775269
10,6,test,14,644.000000,631.044373
10,6,test,15,580.000000,540.638916
10,6,test,16,541.000000,577.775269
10,6,test,17,597.000000,592.359436
10,6,test,18,489.000000,478.821259
10,6,test,19,522.000000,515.752075
10,6,test,20,464.000000,479.400757
10,6,test,21,463.000000,494.237091
10,6,test,22,584.000000,592.359436
10,6,test,23,538.000000,542.183167
10,6,test,24,644.000000,563.009949
10,6,test,25,455.000000,452.205994
10,6,test,26,484.000000,490.305847
10,6,test,27,484.000000,494.433380
10,6,test,28,476.000000,491.051849
10,6,test,29,624.000000,615.367371
10,6,test,30,481.000000,542.389526
10,6,test,31,528.000000,529.047180
10,6,test,32,463.000000,480.965088
10,6,test,33,670.000000,670.115112
10,6,test,34,613.000000,611.421692
10,6,test,35,446.000000,483.637909
10,6,test,36,560.000000,488.710327
10,6,test,37,689.000000,642.370056
10,6,test,38,371.000000,490.650848
10,6,test,39,601.000000,638.505371
10,6,test,40,492.000000,494.433380
10,6,test,41,482.000000,479.683533
10,6,test,42,648.000000,680.266418
10,6,test,43,586.000000,577.775269
10,6,test,44,442.000000,461.005249
10,6,test,45,630.000000,670.115112
10,6,test,46,473.000000,554.954285
10,6,test,47,572.000000,572.098389
10,6,test,48,630.000000,670.115112
10,6,test,49,605.000000,626.707458
10,6,test,50,624.000000,584.255249
10,6,test,51,648.000000,556.813660
10,6,test,52,506.000000,541.205627
10,6,test,53,572.000000,571.262573
10,6,train,0,628.000000,626.707458
10,6,train,1,495.000000,511.598572
10,6,train,2,572.000000,571.262573
10,6,train,3,545.000000,545.249512
10,6,train,4,465.000000,460.496399
10,6,train,5,616.000000,615.367371
10,6,train,6,507.000000,507.220428
10,6,train,7,617.000000,602.307495
10,6,train,8,478.000000,477.765381
10,6,train,9,584.000000,592.359436
10,6,train,10,510.000000,510.533508
10,6,train,11,515.000000,515.059753
10,6,train,12,605.000000,605.001465
10,6,train,13,504.000000,500.477753
10,6,train,14,608.000000,609.999207
10,6,train,15,597.000000,592.359436
10,6,train,16,594.000000,575.707703
10,6,train,17,472.000000,471.940033
10,6,train,18,572.000000,572.098389
10,6,train,19,574.000000,573.989624
10,6,train,20,649.000000,645.928711
10,6,train,21,464.000000,463.957367
10,6,train,22,473.000000,473.037933
10,6,train,23,431.000000,434.002441
10,6,train,24,507.000000,510.141083
10,6,train,25,523.000000,522.999695
10,6,train,26,504.000000,491.588196
10,6,train,27,532.000000,525.488831
10,6,train,28,456.000000,461.005249
10,6,train,29,606.000000,601.557556
10,6,train,30,526.000000,525.003784
10,6,train,31,598.000000,590.077026
10,6,train,32,475.000000,475.035553
10,6,train,33,519.000000,516.456604
10,6,train,34,460.000000,460.808075
10,6,train,35,580.000000,579.763611
10,6,train,36,597.000000,590.077026
10,6,train,37,575.000000,590.077026
10,6,train,38,485.000000,486.742920
10,6,train,39,524.000000,524.923401
10,6,train,40,500.000000,498.676849
10,6,train,41,456.000000,456.001190
10,6,train,42,477.000000,476.996216
10,6,train,43,455.000000,454.607025
10,6,train,44,495.000000,491.729218
10,6,train,45,488.000000,488.735138
10,6,train,46,508.000000,508.191162
10,6,train,47,645.000000,644.853027
10,6,train,48,585.000000,602.307495
10,6,train,49,583.000000,587.117004
10,6,train,50,528.000000,511.598572
10,6,train,51,562.000000,561.342041
10,6,train,52,500.000000,500.007416
10,6,train,53,535.000000,546.296143
10,6,train,54,610.000000,603.224426
10,6,train,55,557.000000,575.707703
10,6,train,56,479.000000,491.588196
10,6,train,57,534.000000,529.047180
10,6,train,58,541.000000,541.205627
10,6,train,59,488.000000,491.729218
10,6,train,60,637.000000,637.033020
10,6,train,61,534.000000,533.838867
10,6,train,62,504.000000,504.338959
10,6,train,63,578.000000,578.966187
10,6,train,64,450.000000,452.615387
10,6,train,65,511.000000,511.102600
10,6,train,66,580.000000,584.619385
10,6,train,67,600.000000,595.996460
10,6,train,68,693.000000,687.996399
10,6,train,69,522.000000,515.752075
10,6,train,70,479.000000,480.424194
10,6,train,71,608.000000,606.708313
10,6,train,72,561.000000,546.296143
10,6,train,73,584.000000,584.255249
10,6,train,74,505.000000,504.979553
10,6,train,75,519.000000,525.488831
10,6,train,76,484.000000,487.387360
10,6,train,77,595.000000,603.224426
10,6,train,78,577.000000,576.938660
10,6,train,79,494.000000,493.391052
10,6,train,80,612.000000,609.999207
10,6,train,81,601.000000,600.990051
10,6,train,82,596.000000,596.093994
10,6,train,83,524.000000,524.642639
10,6,train,84,618.000000,620.646912
10,6,train,85,597.000000,592.359436
10,6,train,86,500.000000,491.051849
10,6,train,87,465.000000,467.369965
10,6,train,88,606.000000,603.777527
10,6,train,89,577.000000,576.823975
10,6,train,90,522.000000,521.506165
10,6,train,91,613.000000,611.421692
10,6,train,92,490.000000,489.981537
10,6,train,93,509.000000,509.119019
10,6,train,94,505.000000,508.658600
10,6,train,95,462.000000,460.432922
10,6,train,96,543.000000,541.364929
10,6,train,97,507.000000,507.063843
10,6,train,98,456.000000,460.496399
10,6,train,99,670.000000,670.115112
10,6,train,100,550.000000,549.915283
10,6,train,101,524.000000,529.047180
10,6,train,102,502.000000,508.658600
10,6,train,103,517.000000,508.658600
10,6,train,104,612.000000,610.247070
10,6,train,105,617.000000,617.034424
10,6,train,106,472.000000,491.051849
10,6,train,107,623.000000,620.646912
10,6,train,108,592.000000,595.996460
10,6,train,109,469.000000,469.602509
10,6,train,110,488.000000,488.129303
10,6,train,111,591.000000,592.359436
10,6,train,112,525.000000,524.157898
10,6,train,113,501.000000,491.051849
10,6,train,114,475.000000,475.498352
10,6,train,115,568.000000,567.929688
10,6,train,116,480.000000,479.400757
10,6,train,117,471.000000,478.821259
10,6,train,118,640.000000,640.092529
10,6,train,119,487.000000,478.821259
10,6,train,120,466.000000,461.005249
10,6,train,121,509.000000,515.752075
10,6,train,122,505.000000,504.475708
10,7,test,0,623.000000,617.497314
10,7,test,1,456.000000,464.758667
10,7,test,2,606.000000,543.143188
10,7,test,3,597.000000,590.745667
10,7,test,4,624.000000,585.998230
10,7,test,5,524.000000,521.171265
10,7,test,6,543.000000,487.627838
10,7,test,7,507.000000,493.609863
10,7,test,8,502.000000,502.192230
10,7,test,9,561.000000,535.686951
10,7,test,10,597.000000,590.745667
10,7,test,11,644.000000,565.954712
10,7,test,12,481.000000,529.461426
10,7,test,13,572.000000,570.259949
10,7,test,14,526.000000,511.333008
10,7,test,15,451.000000,447.824066
10,7,test,16,463.000000,418.471863
10,7,test,17,670.000000,633.164124
10,7,test,18,578.000000,561.182495
10,7,test,19,504.000000,498.284149
10,7,test,20,517.000000,502.192230
10,7,test,21,488.000000,524.609924
10,7,test,22,507.000000,495.814606
10,7,test,23,478.000000,475.369507
10,7,test,24,617.000000,595.096252
10,7,test,25,689.000000,633.107361
10,7,test,26,613.000000,608.145447
10,7,test,27,630.000000,633.164124
10,7,test,28,541.000000,507.008820
10,7,test,29,693.000000,602.594543
10,7,test,30,628.000000,604.376709
10,7,test,31,583.000000,556.734314
10,7,test,32,522.000000,504.307770
10,7,test,33,500.000000,500.206818
10,7,test,34,466.000000,447.824066
10,7,test,35,519.000000,498.499664
10,7,test,36,490.000000,538.584473
10,7,test,37,577.000000,523.028687
10,7,test,38,584.000000,590.745667
10,7,test,39,586.000000,548.360901
10,7,test,40,509.000000,517.844543
10,7,test,41,504.000000,480.605011
10,7,test,42,494.000000,515.172424
10,7,test,43,516.000000,516.838196
10,7,test,44,648.000000,597.082336
10,7,test,45,577.000000,523.028687
10,7,test,46,455.000000,455.190735
10,7,test,47,505.000000,498.709473
10,7,test,48,509.000000,525.468750
10,7,test,49,492.000000,486.246857
10,7,test,50,670.000000,633.164124
10,7,test,51,463.000000,471.184937
10,7,test,52,605.000000,577.068787
10,7,test,53,456.000000,447.824066
10,7,train,0,596.000000,595.874939
10,7,train,1,506.000000,507.008820
10,7,train,2,580.000000,580.195068
10,7,train,3,598.000000,589.866821
10,7,train,4,594.000000,577.119385
10,7,train,5,618.000000,617.497314
10,7,train,6,613.000000,608.145447
10,7,train,7,446.000000,448.038025
10,7,train,8,601.000000,599.555603
10,7,train,9,500.000000,487.406769
10,7,train,10,505.000000,504.947968
10,7,train,11,480.000000,472.069397
10,7,train,12,455.000000,453.919189
10,7,train,13,591.000000,590.745667
10,7,train,14,471.000000,482.130829
10,7,train,15,608.000000,606.856995
10,7,train,16,624.000000,619.057495
10,7,train,17,524.000000,528.519165
10,7,train,18,450.000000,452.402527
10,7,train,19,479.000000,480.605011
10,7,train,20,575.000000,589.866821
10,7,train,21,612.000000,608.697815
10,7,train,22,484.000000,486.246857
10,7,train,23,572.000000,572.178772
10,7,train,24,472.000000,487.406769
10,7,train,25,510.000000,509.937836
10,7,train,26,487.000000,482.130829
10,7,train,27,431.000000,434.473816
10,7,train,28,485.000000,485.150665
10,7,train,29,580.000000,581.431580
10,7,train,30,475.000000,474.780457
10,7,train,31,616.000000,619.057495
10,7,train,32,465.000000,464.758667
10,7,train,33,525.000000,525.217896
10,7,train,34,484.000000,490.306000
10,7,train,35,509.000000,517.844543
10,7,train,36,560.000000,557.545288
10,7,train,37,572.000000,570.259949
10,7,train,38,504.000000,493.207458
10,7,train,39,606.000000,604.313904
10,7,train,40,456.000000,457.082428
10,7,train,41,600.000000,596.903259
10,7,train,42,488.000000,489.123108
10,7,train,43,442.000000,447.824066
10,7,train,44,550.000000,549.487305
10,7,train,45,596.000000,597.082336
10,7,train,46,507.000000,506.807709
10,7,train,47,460.000000,460.454437
10,7,train,48,601.000000,611.372986
10,7,train,49,488.000000,491.655487
10,7,train,50,528.000000,512.378906
10,7,train,51,522.000000,517.844543
10,7,train,52,645.000000,644.630493
10,7,train,53,495.000000,512.378906
10,7,train,54,545.000000,542.706482
10,7,train,55,610.000000,604.351868
10,7,train,56,523.000000,519.478516
10,7,train,57,482.000000,482.810638
10,7,train,58,511.000000,512.725586
10,7,train,59,535.000000,535.686951
10,7,train,60,648.000000,648.774658
10,7,train,61,597.000000,590.745667
10,7,train,62,473.000000,469.937775
10,7,train,63,541.000000,548.360901
10,7,train,64,612.000000,611.158813
10,7,train,65,489.000000,482.130829
10,7,train,66,477.000000,474.899384
10,7,train,67,495.000000,491.655487
10,7,train,68,585.000000,595.096252
10,7,train,69,465.000000,467.899384
10,7,train,70,630.000000,628.736694
10,7,train,71,617.000000,617.839233
10,7,train,72,637.000000,635.547058
10,7,train,73,519.000000,525.485352
10,7,train,74,500.000000,498.640167
10,7,train,75,476.000000,487.406769
10,7,train,76,479.000000,479.640717
10,7,train,77,649.000000,639.744934
10,7,train,78,617.000000,595.096252
10,7,train,79,464.000000,463.282227
10,7,train,80,464.000000,472.069397
10,7,train,81,584.000000,585.998230
10,7,train,82,577.000000,576.761353
10,7,train,83,524.000000,524.438416
10,7,train,84,605.000000,604.376709
10,7,train,85,462.000000,459.807739
10,7,train,86,522.000000,517.844543
10,7,train,87,515.000000,513.607788
10,7,train,88,475.000000,474.942566
10,7,train,89,584.000000,590.745667
10,7,train,90,562.000000,559.616150
10,7,train,91,630.000000,633.164124
10,7,train,92,532.000000,525.485352
10,7,train,93,555.000000,548.360901
10,7,train,94,644.000000,642.509827
10,7,train,95,528.000000,528.519165
10,7,train,96,574.000000,574.223694
10,7,train,97,597.000000,589.866821
10,7,train,98,534.000000,528.519165
10,7,train,99,534.000000,533.629211
10,7,train,100,557.000000,577.119385
10,7,train,101,608.000000,608.697815
10,7,train,102,525.000000,523.897217
10,7,train,103,459.000000,458.607300
10,7,train,104,472.000000,475.260193
10,7,train,105,501.000000,487.406769
10,7,train,106,538.000000,537.456055
10,7,train,107,508.000000,507.821503
10,7,train,108,505.000000,502.192230
10,7,train,109,592.000000,596.903259
10,7,train,110,500.000000,502.192230
10,7,train,111,580.000000,582.611328
10,7,train,112,469.000000,463.245514
10,7,train,113,585.000000,595.096252
10,7,train,114,493.000000,491.655487
10,7,train,115,473.000000,473.333191
10,7,train,116,371.000000,382.056824
10,7,train,117,516.000000,516.838196
10,7,train,118,572.000000,572.178772
10,7,train,119,484.000000,481.739594
10,7,train,120,595.000000,604.351868
10,7,train,121,568.000000,567.518188
10,7,train,122,640.000000,635.856628
10,8,test,0,511.000000,529.043152
10,8,test,1,601.000000,633.108276
10,8,test,2,572.000000,573.709656
10,8,test,3,475.000000,489.524933
10,8,test,4,562.000000,487.144318
10,8,test,5,617.000000,588.937622
10,8,test,6,689.000000,636.456238
10,8,test,7,591.000000,590.438782
10,8,test,8,534.000000,502.792633
10,8,test,9,624.000000,610.716370
10,8,test,10,601.000000,583.515259
10,8,test,11,568.000000,580.087097
10,8,test,12,462.000000,490.712524
10,8,test,13,473.000000,487.967804
10,8,test,14,519.000000,529.961792
10,8,test,15,595.000000,608.859680
10,8,test,16,455.000000,463.432037
10,8,test,17,555.000000,542.948914
10,8,test,18,586.000000,542.948914
10,8,test,19,525.000000,509.717804
10,8,test,20,597.000000,590.438782
10,8,test,21,617.000000,588.937622
10,8,test,22,605.000000,598.107422
10,8,test,23,528.000000,527.619141
10,8,test,24,446.000000,477.843292
10,8,test,25,476.000000,491.916992
10,8,test,26,475.000000,493.537354
10,8,test,27,612.000000,553.064514
10,8,test,28,465.000000,590.772827
10,8,test,29,583.000000,558.639526
10,8,test,30,488.000000,506.667053
10,8,test,31,431.000000,466.185059
10,8,test,32,507.000000,529.464478
10,8,test,33,606.000000,555.226501
10,8,test,34,481.000000,496.559204
10,8,test,35,526.000000,521.796875
10,8,test,36,630.000000,560.503296
10,8,test,37,510.000000,516.371094
10,8,test,38,617.000000,586.498962
10,8,test,39,577.000000,575.712891
10,8,test,40,488.000000,494.321106
10,8,test,41,506.000000,542.154236
10,8,test,42,471.000000,489.134460
10,8,test,43,505.000000,508.537262
10,8,test,44,504.000000,478.026703
10,8,test,45,484.000000,464.080963
10,8,test,46,515.000000,498.758026
10,8,test,47,557.000000,594.112000
10,8,test,48,456.000000,531.739441
10,8,test,49,487.000000,489.134460
10,8,test,50,572.000000,567.203369
10,8,test,51,630.000000,654.813171
10,8,test,52,538.000000,527.196106
10,8,test,53,608.000000,553.064514
10,8,train,0,371.000000,378.601410
10,8,train,1,580.000000,580.715027
10,8,train,2,584.000000,602.487427
10,8,train,3,580.000000,582.749207
10,8,train,4,500.000000,499.732819
10,8,train,5,623.000000,620.074280
10,8,train,6,495.000000,511.927460
10,8,train,7,561.000000,542.743530
10,8,train,8,628.000000,617.203125
10,8,train,9,492.000000,487.192871
10,8,train,10,574.000000,571.285522
10,8,train,11,472.000000,491.916992
10,8,train,12,509.000000,515.326782
10,8,train,13,480.000000,470.646637
10,8,train,14,516.000000,516.203552
10,8,train,15,637.000000,638.154480
10,8,train,16,613.000000,613.338013
10,8,train,17,608.000000,605.248596
10,8,train,18,524.000000,528.915527
10,8,train,19,519.000000,515.671753
10,8,train,20,597.000000,590.438782
10,8,train,21,606.000000,599.947266
10,8,train,22,523.000000,524.267639
10,8,train,23,488.000000,488.380371
10,8,train,24,477.000000,475.307709
10,8,train,25,456.000000,460.876801
10,8,train,26,618.000000,620.074280
10,8,train,27,509.000000,515.326782
10,8,train,28,493.000000,494.321106
10,8,train,29,575.000000,590.848267
10,8,train,30,577.000000,575.619934
10,8,train,31,501.000000,491.916992
10,8,train,32,585.000000,588.937622
10,8,train,33,596.000000,596.016968
10,8,train,34,463.000000,462.631256
10,8,train,35,649.000000,642.065247
10,8,train,36,598.000000,590.848267
10,8,train,37,693.000000,689.225952
10,8,train,38,630.000000,654.813171
10,8,train,39,508.000000,506.241852
10,8,train,40,469.000000,457.226196
10,8,train,41,472.000000,474.783630
10,8,train,42,524.000000,523.829102
10,8,train,43,545.000000,544.900208
10,8,train,44,597.000000,590.848267
10,8,train,45,543.000000,539.672302
10,8,train,46,484.000000,487.192871
10,8,train,47,525.000000,526.127869
10,8,train,48,580.000000,592.176453
10,8,train,49,522.000000,518.302856
10,8,train,50,505.000000,507.286316
10,8,train,51,504.000000,493.338501
10,8,train,52,450.000000,453.094574
10,8,train,53,478.000000,476.728302
10,8,train,54,495.000000,494.321106
10,8,train,55,624.000000,602.487427
10,8,train,56,584.000000,590.438782
10,8,train,57,459.000000,460.344849
10,8,train,58,500.000000,502.249176
10,8,train,59,594.000000,594.112000
10,8,train,60,616.000000,610.716370
10,8,train,61,541.000000,542.154236
10,8,train,62,560.000000,557.088074
10,8,train,63,644.000000,642.442749
10,8,train,64,505.000000,505.743835
10,8,train,65,494.000000,493.665924
10,8,train,66,463.000000,451.097321
10,8,train,67,648.000000,624.622131
10,8,train,68,592.000000,594.995789
10,8,train,69,464.000000,466.575745
10,8,train,70,484.000000,493.338501
10,8,train,71,504.000000,503.672852
10,8,train,72,585.000000,588.937622
10,8,train,73,645.000000,644.449463
10,8,train,74,479.000000,481.094330
10,8,train,75,578.000000,578.722351
10,8,train,76,541.000000,542.948914
10,8,train,77,455.000000,456.031738
10,8,train,78,610.000000,608.859680
10,8,train,79,577.000000,575.619934
10,8,train,80,535.000000,542.743530
10,8,train,81,507.000000,515.471008
10,8,train,82,612.000000,612.211731
10,8,train,83,670.000000,654.813171
10,8,train,84,490.000000,489.938507
10,8,train,85,572.000000,573.709656
10,8,train,86,550.000000,550.229919
10,8,train,87,485.000000,488.995941
10,8,train,88,489.000000,489.134460
10,8,train,89,502.000000,507.286316
10,8,train,90,534.000000,527.619141
10,8,train,91,524.000000,527.619141
10,8,train,92,509.000000,509.829681
10,8,train,93,640.000000,641.990112
10,8,train,94,500.000000,491.916992
10,8,train,95,605.000000,617.203125
10,8,train,96,596.000000,624.622131
10,8,train,97,644.000000,641.283203
10,8,train,98,528.000000,511.927460
10,8,train,99,482.000000,482.934509
10,8,train,100,572.000000,567.203369
10,8,train,101,460.000000,463.363037
10,8,train,102,648.000000,645.963074
10,8,train,103,442.000000,457.226196
10,8,train,104,670.000000,654.813171
10,8,train,105,522.000000,515.326782
10,8,train,106,473.000000,474.658600
10,8,train,107,464.000000,470.646637
10,8,train,108,532.000000,529.961792
10,8,train,109,507.000000,507.842438
10,8,train,110,451.000000,457.226196
10,8,train,111,479.000000,478.026703
10,8,train,112,465.000000,460.876801
10,8,train,113,456.000000,457.226196
10,8,train,114,613.000000,613.338013
10,8,train,115,466.000000,457.226196
10,8,train,116,600.000000,594.995789
10,8,train,117,516.000000,516.203552
10,8,train,118,584.000000,590.438782
10,8,train,119,500.000000,507.286316
10,8,train,120,517.000000,507.286316
10,8,train,121,522.000000,515.326782
10,8,train,122,597.000000,590.438782
10,9,test,0,507.000000,518.167664
10,9,test,1,510.000000,525.655518
10,9,test,2,648.000000,679.729797
10,9,test,3,500.000000,472.526825
10,9,test,4,606.000000,576.837708
10,9,test,5,482.000000,463.568390
10,9,test,6,605.000000,621.614014
10,9,test,7,488.000000,509.331635
10,9,test,8,585.000000,619.712830
10,9,test,9,585.000000,619.712830
10,9,test,10,640.000000,654.584534
10,9,test,11,630.000000,550.025879
10,9,test,12,586.000000,555.085388
10,9,test,13,644.000000,546.138977
10,9,test,14,505.000000,509.220551
10,9,test,15,495.000000,490.830170
10,9,test,16,560.000000,507.366913
10,9,test,17,472.000000,496.370605
10,9,test,18,543.000000,508.570312
10,9,test,19,572.000000,572.164490
10,9,test,20,577.000000,575.239380
10,9,test,21,612.000000,593.237244
10,9,test,22,550.000000,572.386780
10,9,test,23,595.000000,610.009521
10,9,test,24,459.000000,498.354095
10,9,test,25,597.000000,590.346985
10,9,test,26,509.000000,517.602356
10,9,test,27,492.000000,483.513885
10,9,test,28,616.000000,621.745911
10,9,test,29,591.000000,590.346985
10,9,test,30,477.000000,463.880951
10,9,test,31,500.000000,500.284546
10,9,test,32,608.000000,608.756348
10,9,test,33,371.000000,534.850830
10,9,test,34,644.000000,596.521973
10,9,test,35,504.000000,492.053345
10,9,test,36,475.000000,472.810333
10,9,test,37,528.000000,495.572021
10,9,test,38,592.000000,600.551025
10,9,test,39,541.000000,555.085388
10,9,test,40,568.000000,571.668640
10,9,test,41,535.000000,554.229736
10,9,test,42,617.000000,532.210449
10,9,test,43,524.000000,613.221802
10,9,test,44,485.000000,599.506836
10,9,test,45,456.000000,456.882080
10,9,test,46,613.000000,612.389954
10,9,test,47,472.000000,492.546600
10,9,test,48,596.000000,679.729797
10,9,test,49,471.000000,488.063263
10,9,test,50,507.000000,537.685059
10,9,test,51,525.000000,599.569214
10,9,test,52,484.000000,474.995148
10,9,test,53,606.000000,588.083923
10,9,train,0,557.000000,575.051514
10,9,train,1,562.000000,559.152344
10,9,train,2,473.000000,472.912354
10,9,train,3,473.000000,472.529297
10,9,train,4,572.000000,571.532410
10,9,train,5,598.000000,589.896790
10,9,train,6,522.000000,517.602356
10,9,train,7,584.000000,603.742310
10,9,train,8,484.000000,483.513885
10,9,train,9,610.000000,610.009521
10,9,train,10,509.000000,517.602356
10,9,train,11,628.000000,617.248718
10,9,train,12,538.000000,538.834656
10,9,train,13,511.000000,510.850708
10,9,train,14,450.000000,450.073853
10,9,train,15,500.000000,506.395721
10,9,train,16,528.000000,528.728394
10,9,train,17,612.000000,608.756348
10,9,train,18,597.000000,589.896790
10,9,train,19,541.000000,523.584961
10,9,train,20,431.000000,434.712646
10,9,train,21,584.000000,590.346985
10,9,train,22,577.000000,576.964844
10,9,train,23,478.000000,478.117035
10,9,train,24,617.000000,619.712830
10,9,train,25,500.000000,492.546600
10,9,train,26,522.000000,517.602356
10,9,train,27,649.000000,623.099304
10,9,train,28,524.000000,528.728394
10,9,train,29,494.000000,486.209351
10,9,train,30,577.000000,575.239380
10,9,train,31,487.000000,488.063263
10,9,train,32,488.000000,490.830170
10,9,train,33,584.000000,590.346985
10,9,train,34,479.000000,479.390411
10,9,train,35,465.000000,470.411591
10,9,train,36,583.000000,583.043823
10,9,train,37,613.000000,612.389954
10,9,train,38,466.000000,456.882080
10,9,train,39,670.000000,650.881348
10,9,train,40,637.000000,637.114014
10,9,train,41,630.000000,650.881348
10,9,train,42,517.000000,506.395721
10,9,train,43,455.000000,454.570068
10,9,train,44,505.000000,506.395721
10,9,train,45,578.000000,581.076172
10,9,train,46,505.000000,505.316772
10,9,train,47,624.000000,603.742310
10,9,train,48,618.000000,620.476807
10,9,train,49,605.000000,617.248718
10,9,train,50,462.000000,458.617828
10,9,train,51,501.000000,492.546600
10,9,train,52,460.000000,461.810394
10,9,train,53,534.000000,528.728394
10,9,train,54,515.000000,514.907410
10,9,train,55,617.000000,619.712830
10,9,train,56,545.000000,544.585510
10,9,train,57,508.000000,507.869110
10,9,train,58,597.000000,590.346985
10,9,train,59,489.000000,488.063263
10,9,train,60,600.000000,600.551025
10,9,train,61,481.000000,480.959839
10,9,train,62,575.000000,589.896790
10,9,train,63,623.000000,620.476807
10,9,train,64,580.000000,588.083923
10,9,train,65,608.000000,604.604492
10,9,train,66,479.000000,491.126495
10,9,train,67,469.000000,456.882080
10,9,train,68,464.000000,471.846191
10,9,train,69,670.000000,650.881348
10,9,train,70,597.000000,590.346985
10,9,train,71,580.000000,579.433960
10,9,train,72,509.000000,509.318451
10,9,train,73,572.000000,571.532410
10,9,train,74,594.000000,575.051514
10,9,train,75,456.000000,460.502747
10,9,train,76,465.000000,460.502747
10,9,train,77,451.000000,456.882080
10,9,train,78,574.000000,574.656921
10,9,train,79,475.000000,474.618347
10,9,train,80,493.000000,490.830170
10,9,train,81,476.000000,492.546600
10,9,train,82,484.000000,492.053345
10,9,train,83,693.000000,688.718445
10,9,train,84,463.000000,462.660858
10,9,train,85,507.000000,506.124207
10,9,train,86,504.000000,491.126495
10,9,train,87,506.000000,523.584961
10,9,train,88,624.000000,621.745911
10,9,train,89,630.000000,650.881348
10,9,train,90,555.000000,555.085388
10,9,train,91,504.000000,504.097137
10,9,train,92,524.000000,525.957764
10,9,train,93,490.000000,491.619019
10,9,train,94,523.000000,521.224731
10,9,train,95,463.000000,464.380493
10,9,train,96,516.000000,516.323059
10,9,train,97,580.000000,580.307312
10,9,train,98,601.000000,623.099304
10,9,train,99,532.000000,525.323059
10,9,train,100,596.000000,596.954590
10,9,train,101,525.000000,528.673584
10,9,train,102,464.000000,463.826294
10,9,train,103,519.000000,525.323059
10,9,train,104,648.000000,645.755798
10,9,train,105,495.000000,495.572021
10,9,train,106,645.000000,645.508667
10,9,train,107,522.000000,520.545410
10,9,train,108,480.000000,471.846191
10,9,train,109,456.000000,456.974792
10,9,train,110,488.000000,487.916382
10,9,train,111,572.000000,572.164490
10,9,train,112,526.000000,526.304688
10,9,train,113,601.000000,601.032593
10,9,train,114,442.000000,456.882080
10,9,train,115,561.000000,554.229736
10,9,train,116,455.000000,454.747192
10,9,train,117,502.000000,506.395721
10,9,train,118,446.000000,446.299316
10,9,train,119,534.000000,534.019958
10,9,train,120,689.000000,684.828796
10,9,train,121,516.000000,516.323059
10,9,train,122,519.000000,517.854126
10,10,test,0,557.000000,593.523438
10,10,test,1,572.000000,570.811523
10,10,test,2,507.000000,556.205933
10,10,test,3,510.000000,486.504059
10,10,test,4,534.000000,502.849609
10,10,test,5,613.000000,611.612549
10,10,test,6,526.000000,486.091827
10,10,test,7,616.000000,613.721619
10,10,test,8,462.000000,455.681885
10,10,test,9,577.000000,558.529602
10,10,test,10,525.000000,568.966492
10,10,test,11,509.000000,515.626465
10,10,test,12,472.000000,544.067688
10,10,test,13,464.000000,472.773712
10,10,test,14,572.000000,561.171753
10,10,test,15,442.000000,460.708710
10,10,test,16,584.000000,596.332153
10,10,test,17,524.000000,555.650024
10,10,test,18,469.000000,466.473236
10,10,test,19,506.000000,538.603516
10,10,test,20,475.000000,480.713074
10,10,test,21,481.000000,509.051910
10,10,test,22,610.000000,611.684082
10,10,test,23,580.000000,506.193237
10,10,test,24,595.000000,611.684082
10,10,test,25,500.000000,507.069275
10,10,test,26,592.000000,602.781067
10,10,test,27,517.000000,507.069275
10,10,test,28,456.000000,460.708710
10,10,test,29,488.000000,493.320099
10,10,test,30,543.000000,495.794617
10,10,test,31,524.000000,538.247253
10,10,test,32,612.000000,595.277771
10,10,test,33,504.000000,487.355042
10,10,test,34,522.000000,498.815643
10,10,test,35,591.000000,596.332153
10,10,test,36,584.000000,596.332153
10,10,test,37,572.000000,570.811523
10,10,test,38,693.000000,610.414917
10,10,test,39,466.000000,460.708710
10,10,test,40,583.000000,588.301636
10,10,test,41,535.000000,560.859863
10,10,test,42,640.000000,668.151184
10,10,test,43,490.000000,556.229919
10,10,test,44,523.000000,490.070251
10,10,test,45,630.000000,667.817078
10,10,test,46,504.000000,438.143829
10,10,test,47,489.000000,480.907684
10,10,test,48,630.000000,667.817078
10,10,test,49,606.000000,602.530579
10,10,test,50,446.000000,483.420715
10,10,test,51,645.000000,614.290283
10,10,test,52,505.000000,490.339905
10,10,test,53,584.000000,621.820312
10,10,train,0,601.000000,613.192139
10,10,train,1,505.000000,504.305237
10,10,train,2,541.000000,560.184265
10,10,train,3,456.000000,461.188477
10,10,train,4,528.000000,529.232666
10,10,train,5,644.000000,627.535034
10,10,train,6,624.000000,613.721619
10,10,train,7,371.000000,405.859894
10,10,train,8,689.000000,679.673950
10,10,train,9,494.000000,494.917419
10,10,train,10,484.000000,490.711151
10,10,train,11,585.000000,599.877747
10,10,train,12,471.000000,480.907684
10,10,train,13,493.000000,493.320099
10,10,train,14,484.000000,483.039307
10,10,train,15,670.000000,667.817078
10,10,train,16,608.000000,606.113525
10,10,train,17,624.000000,621.820312
10,10,train,18,522.000000,516.783325
10,10,train,19,600.000000,602.781067
10,10,train,20,568.000000,569.431458
10,10,train,21,596.000000,622.317627
10,10,train,22,572.000000,561.171753
10,10,train,23,492.000000,490.711151
10,10,train,24,644.000000,642.025146
10,10,train,25,460.000000,471.773560
10,10,train,26,541.000000,538.603516
10,10,train,27,580.000000,584.681274
10,10,train,28,475.000000,474.709045
10,10,train,29,473.000000,480.021301
10,10,train,30,511.000000,512.315430
10,10,train,31,618.000000,618.080994
10,10,train,32,648.000000,622.317627
10,10,train,33,488.000000,492.862366
10,10,train,34,623.000000,618.080994
10,10,train,35,628.000000,615.034546
10,10,train,36,598.000000,590.031677
10,10,train,37,500.000000,501.092499
10,10,train,38,580.000000,591.363342
10,10,train,39,487.000000,480.907684
10,10,train,40,473.000000,473.866791
10,10,train,41,479.000000,491.442810
10,10,train,42,596.000000,595.004883
10,10,train,43,500.000000,498.041962
10,10,train,44,495.000000,513.489502
10,10,train,45,505.000000,507.069275
10,10,train,46,561.000000,560.859863
10,10,train,47,613.000000,611.612549
10,10,train,48,459.000000,461.126190
10,10,train,49,509.000000,516.783325
10,10,train,50,597.000000,590.031677
10,10,train,51,508.000000,507.961853
10,10,train,52,507.000000,510.499390
10,10,train,53,516.000000,518.524902
10,10,train,54,574.000000,569.553650
10,10,train,55,534.000000,529.232666
10,10,train,56,451.000000,460.708710
10,10,train,57,597.000000,596.332153
10,10,train,58,562.000000,553.778381
10,10,train,59,617.000000,617.491882
10,10,train,60,519.000000,525.287415
10,10,train,61,555.000000,560.184265
10,10,train,62,463.000000,466.218384
10,10,train,63,608.000000,595.277771
10,10,train,64,456.000000,462.003876
10,10,train,65,597.000000,596.332153
10,10,train,66,597.000000,596.332153
10,10,train,67,524.000000,529.232666
10,10,train,68,577.000000,574.328125
10,10,train,69,501.000000,489.135376
10,10,train,70,450.000000,462.398712
10,10,train,71,594.000000,593.523438
10,10,train,72,605.000000,604.331787
10,10,train,73,577.000000,574.328125
10,10,train,74,478.000000,479.040924
10,10,train,75,605.000000,615.034546
10,10,train,76,515.000000,509.071289
10,10,train,77,532.000000,525.287415
10,10,train,78,649.000000,635.750671
10,10,train,79,504.000000,491.442810
10,10,train,80,509.000000,516.783325
10,10,train,81,484.000000,480.704071
10,10,train,82,522.000000,516.783325
10,10,train,83,648.000000,635.834167
10,10,train,84,586.000000,560.184265
10,10,train,85,578.000000,579.447693
10,10,train,86,465.000000,469.862976
10,10,train,87,612.000000,607.442749
10,10,train,88,455.000000,453.611359
10,10,train,89,477.000000,476.477966
10,10,train,90,585.000000,599.877747
10,10,train,91,630.000000,622.480164
10,10,train,92,670.000000,667.817078
10,10,train,93,516.000000,518.524902
10,10,train,94,463.000000,443.574463
10,10,train,95,519.000000,513.068909
10,10,train,96,507.000000,511.736816
10,10,train,97,525.000000,525.464600
10,10,train,98,482.000000,484.436981
10,10,train,99,488.000000,487.791168
10,10,train,100,637.000000,631.036072
10,10,train,101,480.000000,472.773712
10,10,train,102,606.000000,592.391785
10,10,train,103,485.000000,487.479950
10,10,train,104,617.000000,599.877747
10,10,train,105,560.000000,559.070984
10,10,train,106,464.000000,467.742065
10,10,train,107,617.000000,599.877747
10,10,train,108,545.000000,545.127991
10,10,train,109,465.000000,461.188477
10,10,train,110,601.000000,598.168274
10,10,train,111,538.000000,534.813049
10,10,train,112,495.000000,493.320099
10,10,train,113,472.000000,489.135376
10,10,train,114,431.000000,438.905396
10,10,train,115,500.000000,489.135376
10,10,train,116,476.000000,489.135376
10,10,train,117,479.000000,488.131775
10,10,train,118,575.000000,590.031677
10,10,train,119,455.000000,454.079559
10,10,train,120,550.000000,560.158142
10,10,train,121,502.000000,507.069275
10,10,train,122,528.000000,513.489502
20,1,test,0,584.000000,585.001648
20,1,test,1,510.000000,526.398132
20,1,test,2,525.000000,526.645386
20,1,test,3,557.000000,593.987976
20,1,test,4,596.000000,637.542358
20,1,test,5,528.000000,522.718201
20,1,test,6,645.000000,536.101440
20,1,test,7,460.000000,543.338684
20,1,test,8,572.000000,514.010803
20,1,test,9,509.000000,509.483063
20,1,test,10,577.000000,576.445251
20,1,test,11,555.000000,562.258667
20,1,test,12,485.000000,559.081604
20,1,test,13,580.000000,609.507690
20,1,test,14,456.000000,460.805603
20,1,test,15,597.000000,613.817444
20,1,test,16,484.000000,460.634186
20,1,test,17,584.000000,607.597229
20,1,test,18,502.000000,506.253998
20,1,test,19,612.000000,594.318054
20,1,test,20,644.000000,594.144348
20,1,test,21,501.000000,480.298553
20,1,test,22,462.000000,456.340942
20,1,test,23,495.000000,487.685699
20,1,test,24,601.000000,608.763977
20,1,test,25,613.000000,586.209778
20,1,test,26,610.000000,594.799500
20,1,test,27,580.000000,607.835510
20,1,test,28,545.000000,568.172485
20,1,test,29,469.000000,474.391541
20,1,test,30,479.000000,490.787537
20,1,test,31,478.000000,481.562805
20,1,test,32,446.000000,476.093597
20,1,test,33,463.000000,457.187042
20,1,test,34,613.000000,586.209778
20,1,test,35,572.000000,572.060974
20,1,test,36,572.000000,514.010803
20,1,test,37,524.000000,536.805969
20,1,test,38,575.000000,613.715881
20,1,test,39,600.000000,590.910950
20,1,test,40,560.000000,530.921204
20,1,test,41,442.000000,456.178467
20,1,test,42,451.000000,467.315491
20,1,test,43,616.000000,646.584595
20,1,test,44,534.000000,500.271729
20,1,test,45,608.000000,612.454346
20,1,test,46,489.000000,481.169403
20,1,test,47,637.000000,601.557617
20,1,test,48,648.000000,583.209900
20,1,test,49,523.000000,476.759338
20,1,test,50,519.000000,503.146057
20,1,test,51,524.000000,535.083496
20,1,test,52,500.000000,494.805603
20,1,test,53,495.000000,530.708557
20,1,train,0,585.000000,584.837830
20,1,train,1,509.000000,509.483063
20,1,train,2,577.000000,576.445251
20,1,train,3,479.000000,479.788452
20,1,train,4,504.000000,504.183350
20,1,train,5,509.000000,509.040436
20,1,train,6,606.000000,603.619934
20,1,train,7,605.000000,605.778809
20,1,train,8,484.000000,485.324097
20,1,train,9,488.000000,487.828064
20,1,train,10,630.000000,630.134094
20,1,train,11,507.000000,507.349182
20,1,train,12,522.000000,521.366211
20,1,train,13,628.000000,615.600281
20,1,train,14,522.000000,521.366211
20,1,train,15,578.000000,578.357788
20,1,train,16,640.000000,641.771057
20,1,train,17,618.000000,618.204956
20,1,train,18,431.000000,432.313232
20,1,train,19,649.000000,647.202087
20,1,train,20,526.000000,526.432007
20,1,train,21,535.000000,535.312195
20,1,train,22,507.000000,506.840240
20,1,train,23,541.000000,562.360168
20,1,train,24,612.000000,612.454346
20,1,train,25,617.000000,618.085449
20,1,train,26,459.000000,459.673950
20,1,train,27,597.000000,596.777405
20,1,train,28,538.000000,536.976257
20,1,train,29,508.000000,507.639038
20,1,train,30,525.000000,524.465393
20,1,train,31,455.000000,454.316956
20,1,train,32,472.000000,472.196320
20,1,train,33,596.000000,596.571228
20,1,train,34,617.000000,617.435547
20,1,train,35,623.000000,622.432373
20,1,train,36,594.000000,593.987976
20,1,train,37,480.000000,477.285065
20,1,train,38,504.000000,503.080780
20,1,train,39,516.000000,515.794250
20,1,train,40,541.000000,538.098083
20,1,train,41,505.000000,504.913757
20,1,train,42,515.000000,513.879028
20,1,train,43,522.000000,521.916870
20,1,train,44,506.000000,510.646637
20,1,train,45,577.000000,577.157898
20,1,train,46,574.000000,573.700317
20,1,train,47,624.000000,624.897034
20,1,train,48,543.000000,543.421753
20,1,train,49,644.000000,642.739075
20,1,train,50,584.000000,585.001648
20,1,train,51,500.000000,500.768158
20,1,train,52,689.000000,687.388062
20,1,train,53,586.000000,562.360168
20,1,train,54,617.000000,617.435547
20,1,train,55,473.000000,473.801331
20,1,train,56,572.000000,572.060974
20,1,train,57,595.000000,594.799500
20,1,train,58,528.000000,528.207214
20,1,train,59,492.000000,490.515045
20,1,train,60,516.000000,515.794250
20,1,train,61,473.000000,473.069397
20,1,train,62,505.000000,505.816223
20,1,train,63,534.000000,531.896545
20,1,train,64,630.000000,630.134094
20,1,train,65,670.000000,669.380127
20,1,train,66,598.000000,598.543762
20,1,train,67,488.000000,487.896240
20,1,train,68,481.000000,481.945007
20,1,train,69,455.000000,455.452240
20,1,train,70,550.000000,549.718933
20,1,train,71,505.000000,504.847961
20,1,train,72,608.000000,606.470337
20,1,train,73,482.000000,481.817047
20,1,train,74,466.000000,466.418579
20,1,train,75,471.000000,472.854675
20,1,train,76,624.000000,623.140625
20,1,train,77,591.000000,592.075256
20,1,train,78,488.000000,489.129761
20,1,train,79,606.000000,605.545227
20,1,train,80,693.000000,690.756897
20,1,train,81,475.000000,475.328796
20,1,train,82,484.000000,485.781860
20,1,train,83,580.000000,579.922180
20,1,train,84,511.000000,511.481171
20,1,train,85,562.000000,561.172302
20,1,train,86,630.000000,628.723328
20,1,train,87,583.000000,584.838745
20,1,train,88,465.000000,465.130920
20,1,train,89,524.000000,524.589233
20,1,train,90,472.000000,474.108582
20,1,train,91,456.000000,456.016205
20,1,train,92,456.000000,456.434998
20,1,train,93,475.000000,474.956329
20,1,train,94,465.000000,463.637360
20,1,train,95,561.000000,558.135315
20,1,train,96,464.000000,466.463867
20,1,train,97,490.000000,490.240479
20,1,train,98,450.000000,450.592865
20,1,train,99,601.000000,602.807312
20,1,train,100,463.000000,460.388306
20,1,train,101,670.000000,669.380127
20,1,train,102,597.000000,596.777405
20,1,train,103,592.000000,590.910950
20,1,train,104,597.000000,596.724548
20,1,train,105,371.000000,377.962158
20,1,train,106,500.000000,499.617188
20,1,train,107,476.000000,474.108582
20,1,train,108,464.000000,464.637085
20,1,train,109,494.000000,493.366913
20,1,train,110,585.000000,584.837830
20,1,train,111,507.000000,509.387878
20,1,train,112,568.000000,568.555908
20,1,train,113,500.000000,500.210938
20,1,train,114,605.000000,615.600281
20,1,train,115,519.000000,518.956421
20,1,train,116,504.000000,501.616882
20,1,train,117,487.000000,484.775879
20,1,train,118,517.000000,516.695923
20,1,train,119,532.000000,531.125488
20,1,train,120,493.000000,492.917938
20,1,train,121,477.000000,476.895630
20,1,train,122,648.000000,650.091553
20,2,test,0,495.000000,529.873413
20,2,test,1,473.000000,505.063293
20,2,test,2,618.000000,623.961914
20,2,test,3,568.000000,573.603271
20,2,test,4,584.000000,613.352661
20,2,test,5,507.000000,569.340881
20,2,test,6,455.000000,473.656281
20,2,test,7,543.000000,516.833679
20,2,test,8,597.000000,595.914307
20,2,test,9,600.000000,588.202454
20,2,test,10,524.000000,542.097900
20,2,test,11,475.000000,472.981018
20,2,test,12,459.000000,521.207275
20,2,test,13,500.000000,496.325714
20,2,test,14,689.000000,642.965515
20,2,test,15,606.000000,577.404541
20,2,test,16,580.000000,598.963318
20,2,test,17,541.000000,577.909546
20,2,test,18,580.000000,617.065979
20,2,test,19,476.000000,473.242462
20,2,test,20,617.000000,554.501953
20,2,test,21,628.000000,606.866638
20,2,test,22,509.000000,522.393188
20,2,test,23,509.000000,522.393188
20,2,test,24,463.000000,469.842651
20,2,test,25,596.000000,630.570618
20,2,test,26,522.000000,522.829712
20,2,test,27,608.000000,570.913574
20,2,test,28,560.000000,538.813049
20,2,test,29,693.000000,630.138428
20,2,test,30,517.000000,530.937134
20,2,test,31,455.000000,475.287476
20,2,test,32,446.000000,475.337097
20,2,test,33,534.000000,491.461609
20,2,test,34,577.000000,577.518555
20,2,test,35,575.000000,597.412231
20,2,test,36,528.000000,527.428711
20,2,test,37,645.000000,558.104309
20,2,test,38,585.000000,587.140259
20,2,test,39,516.000000,516.285522
20,2,test,40,479.000000,486.380676
20,2,test,41,473.000000,461.079102
20,2,test,42,487.000000,474.055481
20,2,test,43,460.000000,556.933899
20,2,test,44,500.000000,488.075012
20,2,test,45,596.000000,572.236816
20,2,test,46,519.000000,502.895355
20,2,test,47,608.000000,610.751221
20,2,test,48,492.000000,483.601868
20,2,test,49,509.000000,516.525085
20,2,test,50,479.000000,506.445770
20,2,test,51,505.000000,502.981293
20,2,test,52,466.000000,455.752686
20,2,test,53,613.000000,611.814575
20,2,train,0,630.000000,630.126282
20,2,train,1,511.000000,510.950623
20,2,train,2,478.000000,477.965240
20,2,train,3,465.000000,464.267792
20,2,train,4,605.000000,606.866638
20,2,train,5,524.000000,525.699646
20,2,train,6,515.000000,512.999207
20,2,train,7,477.000000,476.927643
20,2,train,8,494.000000,493.136993
20,2,train,9,577.000000,577.518555
20,2,train,10,488.000000,490.004364
20,2,train,11,578.000000,578.081177
20,2,train,12,484.000000,479.433350
20,2,train,13,465.000000,463.481293
20,2,train,14,480.000000,473.495972
20,2,train,15,538.000000,538.043030
20,2,train,16,586.000000,577.909546
20,2,train,17,532.000000,532.269348
20,2,train,18,598.000000,598.417297
20,2,train,19,670.000000,670.121155
20,2,train,20,507.000000,510.913757
20,2,train,21,505.000000,506.814850
20,2,train,22,500.000000,500.838348
20,2,train,23,519.000000,518.653198
20,2,train,24,525.000000,527.748047
20,2,train,25,630.000000,627.466614
20,2,train,26,508.000000,506.959686
20,2,train,27,605.000000,605.322815
20,2,train,28,442.000000,441.908691
20,2,train,29,482.000000,481.509949
20,2,train,30,484.000000,486.685730
20,2,train,31,464.000000,464.169647
20,2,train,32,451.000000,454.078094
20,2,train,33,371.000000,401.245300
20,2,train,34,524.000000,521.630737
20,2,train,35,535.000000,535.641357
20,2,train,36,472.000000,472.605804
20,2,train,37,545.000000,546.411743
20,2,train,38,572.000000,572.010437
20,2,train,39,617.000000,616.394409
20,2,train,40,649.000000,639.200134
20,2,train,41,504.000000,502.765289
20,2,train,42,463.000000,457.917114
20,2,train,43,456.000000,461.085541
20,2,train,44,601.000000,608.660889
20,2,train,45,630.000000,630.126282
20,2,train,46,572.000000,571.173828
20,2,train,47,597.000000,596.879395
20,2,train,48,648.000000,643.436951
20,2,train,49,613.000000,611.814575
20,2,train,50,500.000000,500.365356
20,2,train,51,502.000000,502.391357
20,2,train,52,464.000000,466.697418
20,2,train,53,489.000000,487.109467
20,2,train,54,504.000000,498.921234
20,2,train,55,592.000000,588.202454
20,2,train,56,475.000000,473.617340
20,2,train,57,505.000000,505.455872
20,2,train,58,534.000000,533.519897
20,2,train,59,525.000000,526.397461
20,2,train,60,481.000000,482.596375
20,2,train,61,670.000000,670.121155
20,2,train,62,612.000000,610.751221
20,2,train,63,585.000000,587.140259
20,2,train,64,528.000000,528.048035
20,2,train,65,456.000000,453.755585
20,2,train,66,574.000000,574.458130
20,2,train,67,601.000000,600.791321
20,2,train,68,577.000000,576.077942
20,2,train,69,488.000000,488.954376
20,2,train,70,472.000000,473.242462
20,2,train,71,456.000000,458.076416
20,2,train,72,591.000000,591.672729
20,2,train,73,624.000000,625.595947
20,2,train,74,431.000000,438.436493
20,2,train,75,597.000000,596.879395
20,2,train,76,584.000000,584.175781
20,2,train,77,469.000000,466.919556
20,2,train,78,522.000000,522.829712
20,2,train,79,495.000000,494.916199
20,2,train,80,526.000000,525.077271
20,2,train,81,640.000000,641.624512
20,2,train,82,616.000000,621.117249
20,2,train,83,580.000000,580.700073
20,2,train,84,623.000000,623.582520
20,2,train,85,507.000000,506.420715
20,2,train,86,597.000000,596.510437
20,2,train,87,624.000000,621.995422
20,2,train,88,471.000000,474.055481
20,2,train,89,506.000000,511.760834
20,2,train,90,583.000000,582.188232
20,2,train,91,504.000000,503.625488
20,2,train,92,594.000000,571.989502
20,2,train,93,617.000000,616.394409
20,2,train,94,557.000000,571.989502
20,2,train,95,595.000000,605.317139
20,2,train,96,488.000000,487.601837
20,2,train,97,523.000000,522.492981
20,2,train,98,637.000000,636.553040
20,2,train,99,644.000000,627.821411
20,2,train,100,572.000000,572.010437
20,2,train,101,644.000000,642.603455
20,2,train,102,485.000000,487.353668
20,2,train,103,555.000000,559.931702
20,2,train,104,572.000000,571.173828
20,2,train,105,648.000000,648.369751
20,2,train,106,510.000000,511.208008
20,2,train,107,522.000000,522.678406
20,2,train,108,484.000000,484.492035
20,2,train,109,612.000000,610.065918
20,2,train,110,490.000000,499.685486
20,2,train,111,610.000000,605.317139
20,2,train,112,462.000000,457.178040
20,2,train,113,584.000000,584.175781
20,2,train,114,541.000000,536.398926
20,2,train,115,450.000000,454.910156
20,2,train,116,516.000000,516.285522
20,2,train,117,501.000000,499.578552
20,2,train,118,606.000000,606.561646
20,2,train,119,561.000000,555.406433
20,2,train,120,493.000000,493.057312
20,2,train,121,550.000000,550.360779
20,2,train,122,562.000000,560.043457
20,3,test,0,601.000000,593.246643
20,3,test,1,596.000000,637.499573
20,3,test,2,574.000000,504.812225
20,3,test,3,466.000000,454.280396
20,3,test,4,482.000000,473.795471
20,3,test,5,473.000000,512.757263
20,3,test,6,594.000000,557.035645
20,3,test,7,493.000000,486.294159
20,3,test,8,524.000000,507.860199
20,3,test,9,644.000000,533.184570
20,3,test,10,455.000000,462.010895
20,3,test,11,475.000000,468.673035
20,3,test,12,505.000000,515.396423
20,3,test,13,612.000000,608.063660
20,3,test,14,644.000000,603.141602
20,3,test,15,459.000000,524.578430
20,3,test,16,597.000000,596.514343
20,3,test,17,550.000000,587.658630
20,3,test,18,524.000000,525.020081
20,3,test,19,506.000000,611.746643
20,3,test,20,523.000000,475.370483
20,3,test,21,500.000000,510.316376
20,3,test,22,568.000000,594.415527
20,3,test,23,640.000000,654.848145
20,3,test,24,605.000000,627.989685
20,3,test,25,465.000000,477.299713
20,3,test,26,610.000000,572.406250
20,3,test,27,608.000000,569.034363
20,3,test,28,585.000000,584.972900
20,3,test,29,584.000000,584.256531
20,3,test,30,597.000000,575.357910
20,3,test,31,555.000000,548.322876
20,3,test,32,507.000000,491.834259
20,3,test,33,670.000000,669.694031
20,3,test,34,598.000000,575.703308
20,3,test,35,617.000000,539.299805
20,3,test,36,580.000000,585.860474
20,3,test,37,595.000000,572.406250
20,3,test,38,612.000000,573.148560
20,3,test,39,463.000000,432.064148
20,3,test,40,463.000000,445.062256
20,3,test,41,541.000000,611.746643
20,3,test,42,617.000000,616.969910
20,3,test,43,572.000000,571.963745
20,3,test,44,525.000000,525.699829
20,3,test,45,495.000000,528.752625
20,3,test,46,460.000000,561.305298
20,3,test,47,693.000000,591.673767
20,3,test,48,484.000000,452.445129
20,3,test,49,495.000000,490.402618
20,3,test,50,472.000000,475.989410
20,3,test,51,623.000000,621.411621
20,3,test,52,586.000000,540.950439
20,3,test,53,488.000000,487.205627
20,3,train,0,519.000000,519.046448
20,3,train,1,585.000000,584.972900
20,3,train,2,670.000000,669.694031
20,3,train,3,630.000000,630.112549
20,3,train,4,465.000000,464.908203
20,3,train,5,618.000000,618.044373
20,3,train,6,606.000000,605.858032
20,3,train,7,572.000000,572.001343
20,3,train,8,561.000000,559.552246
20,3,train,9,605.000000,604.958923
20,3,train,10,504.000000,503.989594
20,3,train,11,473.000000,473.041260
20,3,train,12,528.000000,528.097717
20,3,train,13,490.000000,490.022400
20,3,train,14,500.000000,499.977936
20,3,train,15,649.000000,648.534241
20,3,train,16,522.000000,521.975708
20,3,train,17,628.000000,627.989685
20,3,train,18,584.000000,584.116089
20,3,train,19,455.000000,454.937317
20,3,train,20,597.000000,597.012878
20,3,train,21,516.000000,515.948364
20,3,train,22,515.000000,514.974854
20,3,train,23,525.000000,525.001465
20,3,train,24,484.000000,484.388916
20,3,train,25,502.000000,502.100098
20,3,train,26,592.000000,596.107910
20,3,train,27,488.000000,488.054077
20,3,train,28,645.000000,644.964783
20,3,train,29,577.000000,577.007446
20,3,train,30,577.000000,576.966492
20,3,train,31,476.000000,475.989410
20,3,train,32,500.000000,500.048828
20,3,train,33,481.000000,481.032227
20,3,train,34,528.000000,528.047913
20,3,train,35,494.000000,493.927948
20,3,train,36,456.000000,456.005310
20,3,train,37,580.000000,580.022278
20,3,train,38,616.000000,616.277344
20,3,train,39,534.000000,534.019470
20,3,train,40,431.000000,431.170502
20,3,train,41,606.000000,605.830505
20,3,train,42,532.000000,532.085144
20,3,train,43,477.000000,477.211853
20,3,train,44,442.000000,441.789398
20,3,train,45,451.000000,451.491547
20,3,train,46,608.000000,608.063660
20,3,train,47,479.000000,479.124115
20,3,train,48,578.000000,578.034851
20,3,train,49,464.000000,464.052399
20,3,train,50,478.000000,478.042267
20,3,train,51,624.000000,623.700806
20,3,train,52,517.000000,516.943542
20,3,train,53,464.000000,465.205139
20,3,train,54,600.000000,596.107910
20,3,train,55,630.000000,629.953674
20,3,train,56,504.000000,503.822174
20,3,train,57,507.000000,506.896545
20,3,train,58,584.000000,584.256531
20,3,train,59,597.000000,596.514343
20,3,train,60,472.000000,472.019440
20,3,train,61,501.000000,501.021240
20,3,train,62,508.000000,507.997925
20,3,train,63,456.000000,455.967529
20,3,train,64,583.000000,583.228943
20,3,train,65,624.000000,623.754456
20,3,train,66,471.000000,471.390839
20,3,train,67,545.000000,544.982727
20,3,train,68,572.000000,572.001343
20,3,train,69,630.000000,630.112549
20,3,train,70,617.000000,616.969910
20,3,train,71,522.000000,521.960327
20,3,train,72,543.000000,542.998474
20,3,train,73,504.000000,503.796021
20,3,train,74,562.000000,561.980408
20,3,train,75,526.000000,526.047058
20,3,train,76,613.000000,613.037292
20,3,train,77,475.000000,475.033722
20,3,train,78,575.000000,575.004578
20,3,train,79,462.000000,461.719940
20,3,train,80,510.000000,509.903717
20,3,train,81,648.000000,648.148010
20,3,train,82,601.000000,601.563171
20,3,train,83,560.000000,560.009705
20,3,train,84,488.000000,488.026642
20,3,train,85,577.000000,576.966492
20,3,train,86,505.000000,504.949463
20,3,train,87,580.000000,580.000732
20,3,train,88,509.000000,508.984711
20,3,train,89,507.000000,506.776062
20,3,train,90,648.000000,648.075195
20,3,train,91,487.000000,486.823212
20,3,train,92,479.000000,478.970001
20,3,train,93,637.000000,636.945679
20,3,train,94,450.000000,450.113373
20,3,train,95,480.000000,478.830231
20,3,train,96,689.000000,689.104614
20,3,train,97,613.000000,613.037292
20,3,train,98,469.000000,468.515411
20,3,train,99,516.000000,515.948364
20,3,train,100,557.000000,557.035645
20,3,train,101,572.000000,571.963745
20,3,train,102,519.000000,518.984375
20,3,train,103,456.000000,455.893707
20,3,train,104,541.000000,540.950439
20,3,train,105,509.000000,508.914978
20,3,train,106,446.000000,445.967377
20,3,train,107,489.000000,488.766785
20,3,train,108,591.000000,591.349426
20,3,train,109,371.000000,370.960907
20,3,train,110,522.000000,521.975708
20,3,train,111,484.000000,484.263702
20,3,train,112,596.000000,596.059875
20,3,train,113,492.000000,491.737457
20,3,train,114,505.000000,505.104218
20,3,train,115,524.000000,524.043640
20,3,train,116,485.000000,484.837250
20,3,train,117,500.000000,499.990967
20,3,train,118,535.000000,536.340027
20,3,train,119,538.000000,538.015930
20,3,train,120,511.000000,511.032593
20,3,train,121,534.000000,533.844116
20,3,train,122,509.000000,508.984711
20,4,test,0,541.000000,507.144562
20,4,test,1,463.000000,529.208313
20,4,test,2,460.000000,543.220764
20,4,test,3,628.000000,605.066040
20,4,test,4,489.000000,479.756561
20,4,test,5,476.000000,472.391663
20,4,test,6,591.000000,594.911682
20,4,test,7,504.000000,488.828339
20,4,test,8,475.000000,491.487396
20,4,test,9,488.000000,491.252075
20,4,test,10,572.000000,523.672363
20,4,test,11,648.000000,574.489441
20,4,test,12,524.000000,552.683411
20,4,test,13,618.000000,601.897949
20,4,test,14,637.000000,591.342651
20,4,test,15,522.000000,506.439087
20,4,test,16,600.000000,592.140320
20,4,test,17,572.000000,523.672363
20,4,test,18,522.000000,506.439087
20,4,test,19,484.000000,491.953705
20,4,test,20,572.000000,572.022461
20,4,test,21,623.000000,600.598389
20,4,test,22,479.000000,511.688965
20,4,test,23,504.000000,541.257141
20,4,test,24,459.000000,520.355713
20,4,test,25,517.000000,518.265076
20,4,test,26,557.000000,593.727356
20,4,test,27,516.000000,515.892212
20,4,test,28,371.000000,527.301147
20,4,test,29,473.000000,500.151306
20,4,test,30,610.000000,594.929077
20,4,test,31,525.000000,516.868591
20,4,test,32,495.000000,530.535767
20,4,test,33,575.000000,605.238464
20,4,test,34,488.000000,555.628723
20,4,test,35,464.000000,483.670593
20,4,test,36,545.000000,566.198792
20,4,test,37,525.000000,518.430237
20,4,test,38,541.000000,584.994690
20,4,test,39,617.000000,550.468811
20,4,test,40,500.000000,502.226013
20,4,test,41,580.000000,621.481506
20,4,test,42,693.000000,619.172119
20,4,test,43,464.000000,479.594910
20,4,test,44,451.000000,464.823364
20,4,test,45,463.000000,474.541626
20,4,test,46,585.000000,597.901794
20,4,test,47,477.000000,490.912201
20,4,test,48,568.000000,561.979187
20,4,test,49,500.000000,491.686096
20,4,test,50,522.000000,501.479614
20,4,test,51,585.000000,597.901794
20,4,test,52,613.000000,612.659668
20,4,test,53,577.000000,576.972412
20,4,train,0,577.000000,576.972412
20,4,train,1,505.000000,504.961823
20,4,train,2,584.000000,584.217346
20,4,train,3,509.000000,508.946991
20,4,train,4,488.000000,488.190094
20,4,train,5,508.000000,508.038239
20,4,train,6,574.000000,573.878052
20,4,train,7,479.000000,479.367584
20,4,train,8,630.000000,629.781799
20,4,train,9,605.000000,605.066040
20,4,train,10,617.000000,617.097351
20,4,train,11,608.000000,608.175354
20,4,train,12,507.000000,506.950378
20,4,train,13,505.000000,505.317383
20,4,train,14,597.000000,596.884460
20,4,train,15,507.000000,508.018494
20,4,train,16,645.000000,644.505920
20,4,train,17,455.000000,455.038635
20,4,train,18,515.000000,514.678528
20,4,train,19,584.000000,584.197021
20,4,train,20,597.000000,597.874268
20,4,train,21,446.000000,446.453278
20,4,train,22,580.000000,579.913513
20,4,train,23,594.000000,593.727356
20,4,train,24,455.000000,454.789246
20,4,train,25,471.000000,472.364075
20,4,train,26,482.000000,481.567688
20,4,train,27,506.000000,506.008636
20,4,train,28,478.000000,477.974915
20,4,train,29,490.000000,490.195343
20,4,train,30,450.000000,450.163086
20,4,train,31,577.000000,577.090759
20,4,train,32,500.000000,499.297089
20,4,train,33,507.000000,507.003326
20,4,train,34,550.000000,550.059570
20,4,train,35,670.000000,670.144653
20,4,train,36,606.000000,605.962646
20,4,train,37,456.000000,455.735565
20,4,train,38,586.000000,584.994690
20,4,train,39,469.000000,469.467224
20,4,train,40,543.000000,543.339600
20,4,train,41,456.000000,455.995789
20,4,train,42,595.000000,594.929077
20,4,train,43,596.000000,595.999939
20,4,train,44,598.000000,597.210693
20,4,train,45,612.000000,609.827576
20,4,train,46,510.000000,510.542572
20,4,train,47,616.000000,617.176147
20,4,train,48,528.000000,527.979431
20,4,train,49,484.000000,485.080383
20,4,train,50,689.000000,688.066345
20,4,train,51,480.000000,479.590088
20,4,train,52,592.000000,592.140320
20,4,train,53,596.000000,597.084412
20,4,train,54,528.000000,528.156372
20,4,train,55,524.000000,523.980774
20,4,train,56,605.000000,605.115295
20,4,train,57,601.000000,601.006165
20,4,train,58,612.000000,611.960815
20,4,train,59,617.000000,617.097351
20,4,train,60,494.000000,493.526001
20,4,train,61,484.000000,483.440887
20,4,train,62,502.000000,502.159363
20,4,train,63,555.000000,555.806641
20,4,train,64,534.000000,533.256165
20,4,train,65,597.000000,596.884460
20,4,train,66,562.000000,562.038757
20,4,train,67,560.000000,559.958008
20,4,train,68,640.000000,641.251160
20,4,train,69,493.000000,492.939301
20,4,train,70,648.000000,647.285583
20,4,train,71,583.000000,584.193176
20,4,train,72,472.000000,472.391663
20,4,train,73,644.000000,643.720032
20,4,train,74,485.000000,485.440857
20,4,train,75,442.000000,442.818604
20,4,train,76,578.000000,577.883850
20,4,train,77,487.000000,485.768982
20,4,train,78,613.000000,612.659668
20,4,train,79,505.000000,505.122803
20,4,train,80,524.000000,524.500000
20,4,train,81,473.000000,473.477081
20,4,train,82,501.000000,500.756561
20,4,train,83,561.000000,560.397156
20,4,train,84,504.000000,503.001953
20,4,train,85,495.000000,494.984894
20,4,train,86,462.000000,461.246185
20,4,train,87,584.000000,584.217346
20,4,train,88,670.000000,670.144653
20,4,train,89,465.000000,464.906555
20,4,train,90,456.000000,456.206055
20,4,train,91,475.000000,474.979126
20,4,train,92,481.000000,481.211975
20,4,train,93,624.000000,623.752747
20,4,train,94,431.000000,432.010834
20,4,train,95,509.000000,508.945801
20,4,train,96,580.000000,579.976868
20,4,train,97,500.000000,500.330841
20,4,train,98,630.000000,629.888489
20,4,train,99,526.000000,525.633972
20,4,train,100,534.000000,533.860535
20,4,train,101,492.000000,492.106537
20,4,train,102,535.000000,534.466248
20,4,train,103,538.000000,537.928345
20,4,train,104,511.000000,510.773621
20,4,train,105,624.000000,622.687622
20,4,train,106,519.000000,518.756348
20,4,train,107,644.000000,643.110474
20,4,train,108,608.000000,609.827576
20,4,train,109,601.000000,601.582275
20,4,train,110,465.000000,465.620636
20,4,train,111,472.000000,472.145203
20,4,train,112,509.000000,508.946991
20,4,train,113,466.000000,465.418762
20,4,train,114,572.000000,572.022461
20,4,train,115,523.000000,522.848816
20,4,train,116,532.000000,532.431458
20,4,train,117,597.000000,597.055603
20,4,train,118,630.000000,629.781799
20,4,train,119,516.000000,515.892212
20,4,train,120,519.000000,518.800720
20,4,train,121,649.000000,648.683716
20,4,train,122,606.000000,605.018127
20,5,test,0,482.000000,484.341431
20,5,test,1,601.000000,592.756836
20,5,test,2,475.000000,479.589783
20,5,test,3,605.000000,595.450500
20,5,test,4,617.000000,594.684570
20,5,test,5,465.000000,537.520020
20,5,test,6,689.000000,635.002319
20,5,test,7,616.000000,639.720764
20,5,test,8,522.000000,514.822205
20,5,test,9,500.000000,493.698669
20,5,test,10,598.000000,582.995667
20,5,test,11,560.000000,559.733398
20,5,test,12,500.000000,494.437500
20,5,test,13,594.000000,552.742493
20,5,test,14,509.000000,514.428040
20,5,test,15,568.000000,587.643982
20,5,test,16,600.000000,591.641052
20,5,test,17,580.000000,592.562195
20,5,test,18,577.000000,572.079346
20,5,test,19,535.000000,521.147461
20,5,test,20,618.000000,616.975037
20,5,test,21,534.000000,510.501282
20,5,test,22,489.000000,484.319000
20,5,test,23,617.000000,618.245789
20,5,test,24,591.000000,591.704712
20,5,test,25,456.000000,586.047485
20,5,test,26,606.000000,584.930054
20,5,test,27,605.000000,621.266479
20,5,test,28,472.000000,509.109100
20,5,test,29,516.000000,519.598206
20,5,test,30,473.000000,509.364960
20,5,test,31,504.000000,494.345764
20,5,test,32,475.000000,493.364655
20,5,test,33,505.000000,509.965454
20,5,test,34,465.000000,502.569885
20,5,test,35,596.000000,632.476807
20,5,test,36,644.000000,568.459473
20,5,test,37,541.000000,514.216492
20,5,test,38,525.000000,531.192444
20,5,test,39,670.000000,651.852356
20,5,test,40,517.000000,518.145081
20,5,test,41,480.000000,472.836975
20,5,test,42,524.000000,546.354431
20,5,test,43,463.000000,513.644104
20,5,test,44,464.000000,472.836975
20,5,test,45,511.000000,519.512756
20,5,test,46,490.000000,512.179443
20,5,test,47,495.000000,534.126343
20,5,test,48,584.000000,588.595032
20,5,test,49,597.000000,591.704712
20,5,test,50,528.000000,517.864807
20,5,test,51,597.000000,590.454712
20,5,test,52,525.000000,548.314209
20,5,test,53,371.000000,516.456421
20,5,train,0,500.000000,500.524292
20,5,train,1,488.000000,487.376831
20,5,train,2,510.000000,517.817932
20,5,train,3,459.000000,469.310364
20,5,train,4,584.000000,588.595032
20,5,train,5,550.000000,554.876587
20,5,train,6,464.000000,468.964203
20,5,train,7,577.000000,575.799805
20,5,train,8,601.000000,607.270020
20,5,train,9,534.000000,526.478638
20,5,train,10,524.000000,520.621826
20,5,train,11,578.000000,578.969177
20,5,train,12,555.000000,558.827087
20,5,train,13,630.000000,631.145752
20,5,train,14,492.000000,489.990479
20,5,train,15,479.000000,490.105347
20,5,train,16,597.000000,590.454712
20,5,train,17,505.000000,508.617371
20,5,train,18,485.000000,512.488159
20,5,train,19,462.000000,465.853516
20,5,train,20,493.000000,492.215820
20,5,train,21,580.000000,571.545471
20,5,train,22,507.000000,517.003052
20,5,train,23,584.000000,593.930908
20,5,train,24,612.000000,603.456482
20,5,train,25,487.000000,481.887848
20,5,train,26,519.000000,517.307495
20,5,train,27,456.000000,458.049530
20,5,train,28,613.000000,611.770691
20,5,train,29,557.000000,552.742493
20,5,train,30,624.000000,626.016418
20,5,train,31,561.000000,550.587830
20,5,train,32,585.000000,589.660278
20,5,train,33,501.000000,497.176727
20,5,train,34,648.000000,642.578552
20,5,train,35,572.000000,566.232361
20,5,train,36,640.000000,635.266541
20,5,train,37,431.000000,449.351837
20,5,train,38,455.000000,456.216888
20,5,train,39,476.000000,480.123749
20,5,train,40,481.000000,486.681763
20,5,train,41,606.000000,590.886230
20,5,train,42,484.000000,489.439636
20,5,train,43,505.000000,500.303040
20,5,train,44,645.000000,626.306702
20,5,train,45,456.000000,477.625275
20,5,train,46,596.000000,599.191406
20,5,train,47,543.000000,543.483337
20,5,train,48,506.000000,513.689453
20,5,train,49,488.000000,489.367493
20,5,train,50,624.000000,617.928284
20,5,train,51,526.000000,521.872559
20,5,train,52,516.000000,519.598206
20,5,train,53,507.000000,513.483337
20,5,train,54,693.000000,658.971130
20,5,train,55,442.000000,456.691437
20,5,train,56,628.000000,621.266479
20,5,train,57,574.000000,576.308655
20,5,train,58,446.000000,458.865875
20,5,train,59,500.000000,495.568207
20,5,train,60,610.000000,598.649109
20,5,train,61,477.000000,478.179688
20,5,train,62,528.000000,531.795959
20,5,train,63,504.000000,505.018799
20,5,train,64,572.000000,566.232361
20,5,train,65,460.000000,485.331696
20,5,train,66,509.000000,512.838928
20,5,train,67,545.000000,544.869019
20,5,train,68,562.000000,550.051758
20,5,train,69,613.000000,611.770691
20,5,train,70,585.000000,589.660278
20,5,train,71,637.000000,622.106079
20,5,train,72,580.000000,592.038513
20,5,train,73,484.000000,478.534729
20,5,train,74,524.000000,523.213196
20,5,train,75,572.000000,573.056885
20,5,train,76,522.000000,520.991943
20,5,train,77,595.000000,598.649109
20,5,train,78,577.000000,572.079346
20,5,train,79,466.000000,462.507202
20,5,train,80,451.000000,460.038544
20,5,train,81,617.000000,618.245789
20,5,train,82,508.000000,510.800934
20,5,train,83,488.000000,491.001465
20,5,train,84,648.000000,628.674438
20,5,train,85,484.000000,494.620697
20,5,train,86,644.000000,623.557739
20,5,train,87,592.000000,591.641052
20,5,train,88,541.000000,561.752563
20,5,train,89,612.000000,602.630798
20,5,train,90,623.000000,619.702759
20,5,train,91,522.000000,514.822205
20,5,train,92,469.000000,463.008728
20,5,train,93,507.000000,514.231140
20,5,train,94,538.000000,534.390320
20,5,train,95,523.000000,523.119629
20,5,train,96,463.000000,463.385284
20,5,train,97,649.000000,627.852966
20,5,train,98,572.000000,573.056885
20,5,train,99,519.000000,519.510132
20,5,train,100,608.000000,604.979309
20,5,train,101,509.000000,512.838928
20,5,train,102,532.000000,523.629883
20,5,train,103,583.000000,584.355652
20,5,train,104,494.000000,494.598511
20,5,train,105,502.000000,509.770264
20,5,train,106,670.000000,651.852356
20,5,train,107,630.000000,611.292847
20,5,train,108,455.000000,454.979340
20,5,train,109,608.000000,603.456482
20,5,train,110,586.000000,561.752563
20,5,train,111,471.000000,479.181152
20,5,train,112,575.000000,583.315979
20,5,train,113,473.000000,475.802124
20,5,train,114,450.000000,462.673798
20,5,train,115,478.000000,476.541748
20,5,train,116,597.000000,583.969421
20,5,train,117,479.000000,480.831970
20,5,train,118,472.000000,480.123749
20,5,train,119,495.000000,495.156250
20,5,train,120,504.000000,499.956879
20,5,train,121,515.000000,516.076660
20,5,train,122,630.000000,631.145752
20,6,test,0,493.000000,491.424561
20,6,test,1,596.000000,621.746643
20,6,test,2,509.000000,516.914673
20,6,test,3,585.000000,604.569214
20,6,test,4,525.000000,530.767883
20,6,test,5,577.000000,564.246399
20,6,test,6,500.000000,510.821106
20,6,test,7,516.000000,546.030945
20,6,test,8,617.000000,625.180359
20,6,test,9,459.000000,498.816620
20,6,test,10,630.000000,556.350342
20,6,test,11,451.000000,468.294159
20,6,test,12,516.000000,546.030945
20,6,test,13,555.000000,591.907593
20,6,test,14,644.000000,611.590637
20,6,test,15,580.000000,547.551147
20,6,test,16,541.000000,587.022522
20,6,test,17,597.000000,593.539978
20,6,test,18,489.000000,479.431519
20,6,test,19,522.000000,516.914673
20,6,test,20,464.000000,463.297913
20,6,test,21,463.000000,515.298401
20,6,test,22,584.000000,593.539978
20,6,test,23,538.000000,561.840271
20,6,test,24,644.000000,586.338501
20,6,test,25,455.000000,463.200897
20,6,test,26,484.000000,459.316559
20,6,test,27,484.000000,483.226501
20,6,test,28,476.000000,488.543091
20,6,test,29,624.000000,617.319519
20,6,test,30,481.000000,522.215759
20,6,test,31,528.000000,521.983093
20,6,test,32,463.000000,468.679352
20,6,test,33,670.000000,658.538452
20,6,test,34,613.000000,608.127075
20,6,test,35,446.000000,471.391968
20,6,test,36,560.000000,492.412079
20,6,test,37,689.000000,644.655396
20,6,test,38,371.000000,522.521973
20,6,test,39,601.000000,627.089539
20,6,test,40,492.000000,483.226501
20,6,test,41,482.000000,488.520630
20,6,test,42,648.000000,650.884277
20,6,test,43,586.000000,587.022522
20,6,test,44,442.000000,463.819275
20,6,test,45,630.000000,634.121277
20,6,test,46,473.000000,530.820129
20,6,test,47,572.000000,571.644043
20,6,test,48,630.000000,634.121277
20,6,test,49,605.000000,632.980469
20,6,test,50,624.000000,610.171997
20,6,test,51,648.000000,558.624756
20,6,test,52,506.000000,552.049255
20,6,test,53,572.000000,550.892273
20,6,train,0,628.000000,632.980469
20,6,train,1,495.000000,513.196411
20,6,train,2,572.000000,550.892273
20,6,train,3,545.000000,542.387512
20,6,train,4,465.000000,465.640625
20,6,train,5,616.000000,631.569519
20,6,train,6,507.000000,525.609924
20,6,train,7,617.000000,625.180359
20,6,train,8,478.000000,475.934174
20,6,train,9,584.000000,593.539978
20,6,train,10,510.000000,518.092468
20,6,train,11,515.000000,510.893616
20,6,train,12,605.000000,603.097290
20,6,train,13,504.000000,503.217621
20,6,train,14,608.000000,600.987000
20,6,train,15,597.000000,593.539978
20,6,train,16,594.000000,566.179688
20,6,train,17,472.000000,476.272644
20,6,train,18,572.000000,571.644043
20,6,train,19,574.000000,564.234680
20,6,train,20,649.000000,631.472595
20,6,train,21,464.000000,474.427887
20,6,train,22,473.000000,469.784332
20,6,train,23,431.000000,443.279175
20,6,train,24,507.000000,522.313660
20,6,train,25,523.000000,516.350647
20,6,train,26,504.000000,491.424561
20,6,train,27,532.000000,521.691406
20,6,train,28,456.000000,463.819275
20,6,train,29,606.000000,585.816467
20,6,train,30,526.000000,518.092468
20,6,train,31,598.000000,596.158508
20,6,train,32,475.000000,474.463074
20,6,train,33,519.000000,514.428406
20,6,train,34,460.000000,489.656616
20,6,train,35,580.000000,577.330078
20,6,train,36,597.000000,591.450989
20,6,train,37,575.000000,591.450989
20,6,train,38,485.000000,516.441833
20,6,train,39,524.000000,520.685730
20,6,train,40,500.000000,482.334900
20,6,train,41,456.000000,474.303284
20,6,train,42,477.000000,474.012085
20,6,train,43,455.000000,463.200897
20,6,train,44,495.000000,491.424561
20,6,train,45,488.000000,492.419250
20,6,train,46,508.000000,512.935974
20,6,train,47,645.000000,625.616089
20,6,train,48,585.000000,604.569214
20,6,train,49,583.000000,583.047913
20,6,train,50,528.000000,515.897827
20,6,train,51,562.000000,549.274841
20,6,train,52,500.000000,495.679779
20,6,train,53,535.000000,534.828491
20,6,train,54,610.000000,597.784424
20,6,train,55,557.000000,566.179688
20,6,train,56,479.000000,486.818634
20,6,train,57,534.000000,519.420349
20,6,train,58,541.000000,552.049255
20,6,train,59,488.000000,488.488251
20,6,train,60,637.000000,628.667114
20,6,train,61,534.000000,525.331848
20,6,train,62,504.000000,498.889618
20,6,train,63,578.000000,582.783691
20,6,train,64,450.000000,458.355225
20,6,train,65,511.000000,513.058533
20,6,train,66,580.000000,583.578003
20,6,train,67,600.000000,601.246033
20,6,train,68,693.000000,664.637939
20,6,train,69,522.000000,516.914673
20,6,train,70,479.000000,486.955994
20,6,train,71,608.000000,602.393311
20,6,train,72,561.000000,534.828491
20,6,train,73,584.000000,582.835144
20,6,train,74,505.000000,501.023743
20,6,train,75,519.000000,521.691406
20,6,train,76,484.000000,498.559875
20,6,train,77,595.000000,597.784424
20,6,train,78,577.000000,576.439392
20,6,train,79,494.000000,500.578491
20,6,train,80,612.000000,600.987000
20,6,train,81,601.000000,602.761292
20,6,train,82,596.000000,598.917969
20,6,train,83,524.000000,528.853638
20,6,train,84,618.000000,618.093933
20,6,train,85,597.000000,593.539978
20,6,train,86,500.000000,497.137299
20,6,train,87,465.000000,486.489502
20,6,train,88,606.000000,596.598083
20,6,train,89,577.000000,564.246399
20,6,train,90,522.000000,517.346497
20,6,train,91,613.000000,608.127075
20,6,train,92,490.000000,509.751038
20,6,train,93,509.000000,507.603027
20,6,train,94,505.000000,506.856171
20,6,train,95,462.000000,466.517029
20,6,train,96,543.000000,543.983826
20,6,train,97,507.000000,501.614563
20,6,train,98,456.000000,465.640625
20,6,train,99,670.000000,658.538452
20,6,train,100,550.000000,553.448914
20,6,train,101,524.000000,521.983093
20,6,train,102,502.000000,506.856171
20,6,train,103,517.000000,520.698669
20,6,train,104,612.000000,600.727173
20,6,train,105,617.000000,600.428894
20,6,train,106,472.000000,488.543091
20,6,train,107,623.000000,616.484009
20,6,train,108,592.000000,601.246033
20,6,train,109,469.000000,471.568878
20,6,train,110,488.000000,487.021362
20,6,train,111,591.000000,593.539978
20,6,train,112,525.000000,523.551575
20,6,train,113,501.000000,493.515350
20,6,train,114,475.000000,478.902374
20,6,train,115,568.000000,572.346802
20,6,train,116,480.000000,467.772797
20,6,train,117,471.000000,479.431519
20,6,train,118,640.000000,644.655396
20,6,train,119,487.000000,479.431519
20,6,train,120,466.000000,468.294159
20,6,train,121,509.000000,516.914673
20,6,train,122,505.000000,510.156525
20,7,test,0,623.000000,615.800171
20,7,test,1,456.000000,469.757629
20,7,test,2,606.000000,549.022827
20,7,test,3,597.000000,589.172607
20,7,test,4,624.000000,602.294312
20,7,test,5,524.000000,543.237244
20,7,test,6,543.000000,528.986938
20,7,test,7,507.000000,542.881958
20,7,test,8,502.000000,506.080933
20,7,test,9,561.000000,525.795654
20,7,test,10,597.000000,589.172607
20,7,test,11,644.000000,561.345520
20,7,test,12,481.000000,508.248657
20,7,test,13,572.000000,563.543884
20,7,test,14,526.000000,518.896179
20,7,test,15,451.000000,463.594971
20,7,test,16,463.000000,445.543671
20,7,test,17,670.000000,616.069397
20,7,test,18,578.000000,581.378906
20,7,test,19,504.000000,517.837830
20,7,test,20,517.000000,516.319702
20,7,test,21,488.000000,517.976379
20,7,test,22,507.000000,541.817993
20,7,test,23,478.000000,476.180450
20,7,test,24,617.000000,609.190613
20,7,test,25,689.000000,638.204834
20,7,test,26,613.000000,608.689758
20,7,test,27,630.000000,627.376465
20,7,test,28,541.000000,509.147614
20,7,test,29,693.000000,608.879333
20,7,test,30,628.000000,604.724060
20,7,test,31,583.000000,547.948730
20,7,test,32,522.000000,504.753113
20,7,test,33,500.000000,503.927185
20,7,test,34,466.000000,463.594971
20,7,test,35,519.000000,502.462830
20,7,test,36,490.000000,527.467041
20,7,test,37,577.000000,550.467529
20,7,test,38,584.000000,587.027527
20,7,test,39,586.000000,544.924500
20,7,test,40,509.000000,514.086182
20,7,test,41,504.000000,489.749908
20,7,test,42,494.000000,502.326141
20,7,test,43,516.000000,520.640198
20,7,test,44,648.000000,610.925964
20,7,test,45,577.000000,550.467529
20,7,test,46,455.000000,457.775909
20,7,test,47,505.000000,510.461639
20,7,test,48,509.000000,493.421204
20,7,test,49,492.000000,487.472870
20,7,test,50,670.000000,616.069397
20,7,test,51,463.000000,462.000977
20,7,test,52,605.000000,571.630310
20,7,test,53,456.000000,459.118439
20,7,train,0,596.000000,599.390869
20,7,train,1,506.000000,508.697693
20,7,train,2,580.000000,580.480042
20,7,train,3,598.000000,593.669312
20,7,train,4,594.000000,572.939331
20,7,train,5,618.000000,615.650024
20,7,train,6,613.000000,608.689758
20,7,train,7,446.000000,452.944946
20,7,train,8,601.000000,599.356812
20,7,train,9,500.000000,496.646606
20,7,train,10,505.000000,503.464386
20,7,train,11,480.000000,473.103638
20,7,train,12,455.000000,456.725983
20,7,train,13,591.000000,591.547058
20,7,train,14,471.000000,478.706177
20,7,train,15,608.000000,607.115967
20,7,train,16,624.000000,618.407776
20,7,train,17,524.000000,524.345581
20,7,train,18,450.000000,455.049500
20,7,train,19,479.000000,482.139221
20,7,train,20,575.000000,585.450623
20,7,train,21,612.000000,610.329712
20,7,train,22,484.000000,487.643524
20,7,train,23,572.000000,571.453369
20,7,train,24,472.000000,477.044525
20,7,train,25,510.000000,514.629150
20,7,train,26,487.000000,481.945740
20,7,train,27,431.000000,436.760071
20,7,train,28,485.000000,489.598541
20,7,train,29,580.000000,587.960693
20,7,train,30,475.000000,472.197357
20,7,train,31,616.000000,619.865784
20,7,train,32,465.000000,466.749054
20,7,train,33,525.000000,525.085083
20,7,train,34,484.000000,487.907410
20,7,train,35,509.000000,514.086182
20,7,train,36,560.000000,556.996338
20,7,train,37,572.000000,563.543884
20,7,train,38,504.000000,491.711639
20,7,train,39,606.000000,606.350037
20,7,train,40,456.000000,468.689087
20,7,train,41,600.000000,595.631165
20,7,train,42,488.000000,487.708557
20,7,train,43,442.000000,450.988861
20,7,train,44,550.000000,550.286377
20,7,train,45,596.000000,599.227234
20,7,train,46,507.000000,516.823730
20,7,train,47,460.000000,468.160583
20,7,train,48,601.000000,614.226074
20,7,train,49,488.000000,489.285614
20,7,train,50,528.000000,519.828735
20,7,train,51,522.000000,518.936279
20,7,train,52,645.000000,633.972717
20,7,train,53,495.000000,508.353180
20,7,train,54,545.000000,547.312134
20,7,train,55,610.000000,602.351379
20,7,train,56,523.000000,515.529297
20,7,train,57,482.000000,483.361389
20,7,train,58,511.000000,510.291412
20,7,train,59,535.000000,526.162720
20,7,train,60,648.000000,638.312195
20,7,train,61,597.000000,592.419250
20,7,train,62,473.000000,468.516205
20,7,train,63,541.000000,544.924500
20,7,train,64,612.000000,603.379395
20,7,train,65,489.000000,488.197174
20,7,train,66,477.000000,476.194794
20,7,train,67,495.000000,493.363403
20,7,train,68,585.000000,587.709961
20,7,train,69,465.000000,467.928741
20,7,train,70,630.000000,618.970825
20,7,train,71,617.000000,616.300720
20,7,train,72,637.000000,625.873230
20,7,train,73,519.000000,518.695251
20,7,train,74,500.000000,496.291779
20,7,train,75,476.000000,477.044525
20,7,train,76,479.000000,485.136810
20,7,train,77,649.000000,634.060730
20,7,train,78,617.000000,609.190613
20,7,train,79,464.000000,464.382141
20,7,train,80,464.000000,466.781128
20,7,train,81,584.000000,589.483765
20,7,train,82,577.000000,575.093445
20,7,train,83,524.000000,527.537231
20,7,train,84,605.000000,604.724060
20,7,train,85,462.000000,459.137177
20,7,train,86,522.000000,518.936279
20,7,train,87,515.000000,507.821106
20,7,train,88,475.000000,475.151398
20,7,train,89,584.000000,587.027527
20,7,train,90,562.000000,551.903809
20,7,train,91,630.000000,627.376465
20,7,train,92,532.000000,529.668884
20,7,train,93,555.000000,550.257629
20,7,train,94,644.000000,633.957703
20,7,train,95,528.000000,528.748413
20,7,train,96,574.000000,574.056519
20,7,train,97,597.000000,592.121460
20,7,train,98,534.000000,523.718079
20,7,train,99,534.000000,530.729858
20,7,train,100,557.000000,572.939331
20,7,train,101,608.000000,610.329712
20,7,train,102,525.000000,521.815063
20,7,train,103,459.000000,463.150208
20,7,train,104,472.000000,477.404999
20,7,train,105,501.000000,496.601105
20,7,train,106,538.000000,537.646545
20,7,train,107,508.000000,508.977600
20,7,train,108,505.000000,505.649780
20,7,train,109,592.000000,595.631165
20,7,train,110,500.000000,503.017517
20,7,train,111,580.000000,583.714966
20,7,train,112,469.000000,467.433685
20,7,train,113,585.000000,587.709961
20,7,train,114,493.000000,490.889862
20,7,train,115,473.000000,479.821014
20,7,train,116,371.000000,408.664490
20,7,train,117,516.000000,520.640198
20,7,train,118,572.000000,571.453369
20,7,train,119,484.000000,478.280090
20,7,train,120,595.000000,602.351379
20,7,train,121,568.000000,571.163635
20,7,train,122,640.000000,636.576477
20,8,test,0,511.000000,532.340637
20,8,test,1,601.000000,634.964783
20,8,test,2,572.000000,576.430054
20,8,test,3,475.000000,464.536957
20,8,test,4,562.000000,499.636688
20,8,test,5,617.000000,639.544800
20,8,test,6,689.000000,643.142883
20,8,test,7,591.000000,593.709961
20,8,test,8,534.000000,498.915253
20,8,test,9,624.000000,606.631470
20,8,test,10,601.000000,591.274597
20,8,test,11,568.000000,583.607849
20,8,test,12,462.000000,486.510376
20,8,test,13,473.000000,542.034180
20,8,test,14,519.000000,515.018555
20,8,test,15,595.000000,599.253601
20,8,test,16,455.000000,471.525482
20,8,test,17,555.000000,540.946106
20,8,test,18,586.000000,543.488403
20,8,test,19,525.000000,528.594543
20,8,test,20,597.000000,593.709961
20,8,test,21,617.000000,639.544800
20,8,test,22,605.000000,592.181396
20,8,test,23,528.000000,519.691833
20,8,test,24,446.000000,479.050629
20,8,test,25,476.000000,478.849548
20,8,test,26,475.000000,475.672943
20,8,test,27,612.000000,564.468872
20,8,test,28,465.000000,540.865417
20,8,test,29,583.000000,550.654358
20,8,test,30,488.000000,482.605316
20,8,test,31,431.000000,469.815552
20,8,test,32,507.000000,544.454102
20,8,test,33,606.000000,548.057739
20,8,test,34,481.000000,522.301636
20,8,test,35,526.000000,525.083069
20,8,test,36,630.000000,541.765381
20,8,test,37,510.000000,523.596436
20,8,test,38,617.000000,584.286316
20,8,test,39,577.000000,527.259644
20,8,test,40,488.000000,487.628693
20,8,test,41,506.000000,551.100342
20,8,test,42,471.000000,488.922180
20,8,test,43,505.000000,507.783325
20,8,test,44,504.000000,490.381439
20,8,test,45,484.000000,461.738312
20,8,test,46,515.000000,500.801636
20,8,test,47,557.000000,585.528259
20,8,test,48,456.000000,539.881775
20,8,test,49,487.000000,488.922180
20,8,test,50,572.000000,562.639709
20,8,test,51,630.000000,626.769104
20,8,test,52,538.000000,543.945984
20,8,test,53,608.000000,564.468872
20,8,train,0,371.000000,372.319855
20,8,train,1,580.000000,580.267090
20,8,train,2,584.000000,582.569275
20,8,train,3,580.000000,581.045959
20,8,train,4,500.000000,497.363251
20,8,train,5,623.000000,622.577026
20,8,train,6,495.000000,506.810364
20,8,train,7,561.000000,548.737793
20,8,train,8,628.000000,618.188293
20,8,train,9,492.000000,489.377808
20,8,train,10,574.000000,572.389954
20,8,train,11,472.000000,478.849548
20,8,train,12,509.000000,510.102997
20,8,train,13,480.000000,468.204651
20,8,train,14,516.000000,518.297302
20,8,train,15,637.000000,644.414490
20,8,train,16,613.000000,612.941895
20,8,train,17,608.000000,607.947327
20,8,train,18,524.000000,532.545593
20,8,train,19,519.000000,519.847351
20,8,train,20,597.000000,590.697021
20,8,train,21,606.000000,604.672913
20,8,train,22,523.000000,524.164673
20,8,train,23,488.000000,490.925507
20,8,train,24,477.000000,476.629761
20,8,train,25,456.000000,463.778839
20,8,train,26,618.000000,614.646667
20,8,train,27,509.000000,510.102997
20,8,train,28,493.000000,493.322327
20,8,train,29,575.000000,587.259644
20,8,train,30,577.000000,572.221497
20,8,train,31,501.000000,497.827087
20,8,train,32,585.000000,586.258667
20,8,train,33,596.000000,598.336121
20,8,train,34,463.000000,465.984467
20,8,train,35,649.000000,637.378723
20,8,train,36,598.000000,589.206543
20,8,train,37,693.000000,674.395935
20,8,train,38,630.000000,626.769104
20,8,train,39,508.000000,508.532104
20,8,train,40,469.000000,466.339111
20,8,train,41,472.000000,473.561157
20,8,train,42,524.000000,527.777832
20,8,train,43,545.000000,550.155701
20,8,train,44,597.000000,596.957886
20,8,train,45,543.000000,534.119629
20,8,train,46,484.000000,489.329102
20,8,train,47,525.000000,530.086182
20,8,train,48,580.000000,574.041870
20,8,train,49,522.000000,517.659851
20,8,train,50,505.000000,505.917267
20,8,train,51,504.000000,501.344971
20,8,train,52,450.000000,455.594238
20,8,train,53,478.000000,477.099243
20,8,train,54,495.000000,490.354492
20,8,train,55,624.000000,616.290649
20,8,train,56,584.000000,586.138367
20,8,train,57,459.000000,470.604584
20,8,train,58,500.000000,498.464691
20,8,train,59,594.000000,585.528259
20,8,train,60,616.000000,642.370361
20,8,train,61,541.000000,550.916992
20,8,train,62,560.000000,560.306641
20,8,train,63,644.000000,607.830811
20,8,train,64,505.000000,497.429443
20,8,train,65,494.000000,492.972565
20,8,train,66,463.000000,454.357880
20,8,train,67,648.000000,641.408142
20,8,train,68,592.000000,599.289612
20,8,train,69,464.000000,470.672485
20,8,train,70,484.000000,489.665863
20,8,train,71,504.000000,499.339935
20,8,train,72,585.000000,586.258667
20,8,train,73,645.000000,640.738342
20,8,train,74,479.000000,473.851532
20,8,train,75,578.000000,581.062256
20,8,train,76,541.000000,543.488403
20,8,train,77,455.000000,464.242737
20,8,train,78,610.000000,599.253601
20,8,train,79,577.000000,572.221497
20,8,train,80,535.000000,533.979248
20,8,train,81,507.000000,520.196838
20,8,train,82,612.000000,610.230408
20,8,train,83,670.000000,673.913208
20,8,train,84,490.000000,495.291565
20,8,train,85,572.000000,576.430054
20,8,train,86,550.000000,550.502808
20,8,train,87,485.000000,521.837219
20,8,train,88,489.000000,492.354462
20,8,train,89,502.000000,503.754944
20,8,train,90,534.000000,525.858643
20,8,train,91,524.000000,518.569641
20,8,train,92,509.000000,508.127319
20,8,train,93,640.000000,640.978943
20,8,train,94,500.000000,497.149170
20,8,train,95,605.000000,618.188293
20,8,train,96,596.000000,603.103210
20,8,train,97,644.000000,638.491821
20,8,train,98,528.000000,520.934875
20,8,train,99,482.000000,481.055542
20,8,train,100,572.000000,562.639709
20,8,train,101,460.000000,490.474152
20,8,train,102,648.000000,598.174011
20,8,train,103,442.000000,449.358795
20,8,train,104,670.000000,673.913208
20,8,train,105,522.000000,519.759033
20,8,train,106,473.000000,472.514221
20,8,train,107,464.000000,463.389069
20,8,train,108,532.000000,532.504578
20,8,train,109,507.000000,498.306396
20,8,train,110,451.000000,458.007172
20,8,train,111,479.000000,485.888123
20,8,train,112,465.000000,464.364044
20,8,train,113,456.000000,456.473053
20,8,train,114,613.000000,612.941895
20,8,train,115,466.000000,458.603790
20,8,train,116,600.000000,599.289612
20,8,train,117,516.000000,518.297302
20,8,train,118,584.000000,586.138367
20,8,train,119,500.000000,502.679901
20,8,train,120,517.000000,523.091370
20,8,train,121,522.000000,519.759033
20,8,train,122,597.000000,590.697021
20,9,test,0,507.000000,585.291809
20,9,test,1,510.000000,526.494629
20,9,test,2,648.000000,673.893555
20,9,test,3,500.000000,482.888367
20,9,test,4,606.000000,579.297546
20,9,test,5,482.000000,473.417572
20,9,test,6,605.000000,593.918335
20,9,test,7,488.000000,508.922272
20,9,test,8,585.000000,594.970825
20,9,test,9,585.000000,594.970825
20,9,test,10,640.000000,648.706848
20,9,test,11,630.000000,546.772034
20,9,test,12,586.000000,558.463440
20,9,test,13,644.000000,521.928284
20,9,test,14,505.000000,523.567627
20,9,test,15,495.000000,492.975647
20,9,test,16,560.000000,518.473877
20,9,test,17,472.000000,514.098267
20,9,test,18,543.000000,511.584900
20,9,test,19,572.000000,571.469421
20,9,test,20,577.000000,574.699097
20,9,test,21,612.000000,600.465820
20,9,test,22,550.000000,568.202209
20,9,test,23,595.000000,610.290283
20,9,test,24,459.000000,503.175690
20,9,test,25,597.000000,595.130371
20,9,test,26,509.000000,512.092529
20,9,test,27,492.000000,483.429260
20,9,test,28,616.000000,631.022644
20,9,test,29,591.000000,596.864502
20,9,test,30,477.000000,464.315430
20,9,test,31,500.000000,494.342407
20,9,test,32,608.000000,611.815552
20,9,test,33,371.000000,490.974670
20,9,test,34,644.000000,588.797058
20,9,test,35,504.000000,487.793976
20,9,test,36,475.000000,470.011108
20,9,test,37,528.000000,496.905548
20,9,test,38,592.000000,599.909058
20,9,test,39,541.000000,558.463440
20,9,test,40,568.000000,574.918030
20,9,test,41,535.000000,552.668579
20,9,test,42,617.000000,517.126770
20,9,test,43,524.000000,592.400940
20,9,test,44,485.000000,584.611633
20,9,test,45,456.000000,456.670074
20,9,test,46,613.000000,614.356262
20,9,test,47,472.000000,477.346222
20,9,test,48,596.000000,654.538757
20,9,test,49,471.000000,485.885437
20,9,test,50,507.000000,538.065796
20,9,test,51,525.000000,590.003052
20,9,test,52,484.000000,467.516571
20,9,test,53,606.000000,584.450073
20,9,train,0,557.000000,574.950073
20,9,train,1,562.000000,559.377197
20,9,train,2,473.000000,471.463348
20,9,train,3,473.000000,473.091949
20,9,train,4,572.000000,571.961670
20,9,train,5,598.000000,596.598083
20,9,train,6,522.000000,520.485657
20,9,train,7,584.000000,584.650574
20,9,train,8,484.000000,484.074799
20,9,train,9,610.000000,610.290283
20,9,train,10,509.000000,512.092529
20,9,train,11,628.000000,616.529541
20,9,train,12,538.000000,538.727966
20,9,train,13,511.000000,510.864441
20,9,train,14,450.000000,450.308228
20,9,train,15,500.000000,501.103607
20,9,train,16,528.000000,528.162170
20,9,train,17,612.000000,611.815552
20,9,train,18,597.000000,596.283630
20,9,train,19,541.000000,537.531860
20,9,train,20,431.000000,432.892090
20,9,train,21,584.000000,585.227356
20,9,train,22,577.000000,576.433105
20,9,train,23,478.000000,478.027405
20,9,train,24,617.000000,617.212646
20,9,train,25,500.000000,499.530151
20,9,train,26,522.000000,520.485657
20,9,train,27,649.000000,646.543091
20,9,train,28,524.000000,524.280273
20,9,train,29,494.000000,492.855347
20,9,train,30,577.000000,574.699097
20,9,train,31,487.000000,486.074615
20,9,train,32,488.000000,488.240723
20,9,train,33,584.000000,585.227356
20,9,train,34,479.000000,479.359070
20,9,train,35,465.000000,470.896301
20,9,train,36,583.000000,582.500183
20,9,train,37,613.000000,614.356262
20,9,train,38,466.000000,465.626984
20,9,train,39,670.000000,670.094299
20,9,train,40,637.000000,636.381287
20,9,train,41,630.000000,630.423157
20,9,train,42,517.000000,517.352539
20,9,train,43,455.000000,455.559418
20,9,train,44,505.000000,503.386230
20,9,train,45,578.000000,576.536316
20,9,train,46,505.000000,504.796509
20,9,train,47,624.000000,622.478760
20,9,train,48,618.000000,618.612366
20,9,train,49,605.000000,616.529541
20,9,train,50,462.000000,459.962372
20,9,train,51,501.000000,499.751801
20,9,train,52,460.000000,465.394043
20,9,train,53,534.000000,531.987366
20,9,train,54,515.000000,513.711243
20,9,train,55,617.000000,617.212646
20,9,train,56,545.000000,546.053101
20,9,train,57,508.000000,508.263306
20,9,train,58,597.000000,595.130371
20,9,train,59,489.000000,490.006927
20,9,train,60,600.000000,599.909058
20,9,train,61,481.000000,484.671906
20,9,train,62,575.000000,579.786987
20,9,train,63,623.000000,621.778381
20,9,train,64,580.000000,582.608459
20,9,train,65,608.000000,608.636841
20,9,train,66,479.000000,480.737122
20,9,train,67,469.000000,465.783539
20,9,train,68,464.000000,466.265778
20,9,train,69,670.000000,670.094299
20,9,train,70,597.000000,596.864502
20,9,train,71,580.000000,579.529480
20,9,train,72,509.000000,507.928650
20,9,train,73,572.000000,571.961670
20,9,train,74,594.000000,574.950073
20,9,train,75,456.000000,457.336029
20,9,train,76,465.000000,463.410736
20,9,train,77,451.000000,454.007904
20,9,train,78,574.000000,573.791870
20,9,train,79,475.000000,475.356873
20,9,train,80,493.000000,493.501343
20,9,train,81,476.000000,477.346222
20,9,train,82,484.000000,485.543854
20,9,train,83,693.000000,690.073853
20,9,train,84,463.000000,461.366516
20,9,train,85,507.000000,506.567963
20,9,train,86,504.000000,501.180817
20,9,train,87,506.000000,509.128571
20,9,train,88,624.000000,623.759705
20,9,train,89,630.000000,630.423157
20,9,train,90,555.000000,555.230957
20,9,train,91,504.000000,504.998077
20,9,train,92,524.000000,525.302551
20,9,train,93,490.000000,492.689697
20,9,train,94,523.000000,521.143188
20,9,train,95,463.000000,464.438782
20,9,train,96,516.000000,515.700134
20,9,train,97,580.000000,579.178162
20,9,train,98,601.000000,604.475952
20,9,train,99,532.000000,531.076050
20,9,train,100,596.000000,597.841919
20,9,train,101,525.000000,524.954956
20,9,train,102,464.000000,464.135529
20,9,train,103,519.000000,519.595215
20,9,train,104,648.000000,646.099060
20,9,train,105,495.000000,495.950806
20,9,train,106,645.000000,643.655334
20,9,train,107,522.000000,521.152466
20,9,train,108,480.000000,476.704987
20,9,train,109,456.000000,456.110931
20,9,train,110,488.000000,487.652740
20,9,train,111,572.000000,571.469421
20,9,train,112,526.000000,526.651062
20,9,train,113,601.000000,599.867859
20,9,train,114,442.000000,444.090027
20,9,train,115,561.000000,560.353210
20,9,train,116,455.000000,454.412811
20,9,train,117,502.000000,503.400269
20,9,train,118,446.000000,447.167053
20,9,train,119,534.000000,532.573059
20,9,train,120,689.000000,681.402405
20,9,train,121,516.000000,515.700134
20,9,train,122,519.000000,518.610352
20,10,test,0,557.000000,578.489563
20,10,test,1,572.000000,567.656860
20,10,test,2,507.000000,548.177856
20,10,test,3,510.000000,514.416260
20,10,test,4,534.000000,464.379822
20,10,test,5,613.000000,622.642517
20,10,test,6,526.000000,516.517456
20,10,test,7,616.000000,657.589172
20,10,test,8,462.000000,468.840515
20,10,test,9,577.000000,557.754456
20,10,test,10,525.000000,551.032471
20,10,test,11,509.000000,514.322998
20,10,test,12,472.000000,513.024658
20,10,test,13,464.000000,475.319122
20,10,test,14,572.000000,557.618591
20,10,test,15,442.000000,458.984802
20,10,test,16,584.000000,603.825989
20,10,test,17,524.000000,513.386536
20,10,test,18,469.000000,493.033752
20,10,test,19,506.000000,553.559692
20,10,test,20,475.000000,483.280670
20,10,test,21,481.000000,495.891327
20,10,test,22,610.000000,556.010925
20,10,test,23,580.000000,515.096191
20,10,test,24,595.000000,556.010925
20,10,test,25,500.000000,509.495972
20,10,test,26,592.000000,596.567444
20,10,test,27,517.000000,528.106812
20,10,test,28,456.000000,467.640350
20,10,test,29,488.000000,492.621338
20,10,test,30,543.000000,532.273315
20,10,test,31,524.000000,499.476898
20,10,test,32,612.000000,602.622986
20,10,test,33,504.000000,504.574738
20,10,test,34,522.000000,470.436371
20,10,test,35,591.000000,601.171753
20,10,test,36,584.000000,603.825989
20,10,test,37,572.000000,567.656860
20,10,test,38,693.000000,603.587769
20,10,test,39,466.000000,468.124817
20,10,test,40,583.000000,579.566589
20,10,test,41,535.000000,548.177856
20,10,test,42,640.000000,665.469299
20,10,test,43,490.000000,501.379303
20,10,test,44,523.000000,454.524170
20,10,test,45,630.000000,641.149597
20,10,test,46,504.000000,497.972534
20,10,test,47,489.000000,503.934540
20,10,test,48,630.000000,641.149597
20,10,test,49,606.000000,617.279480
20,10,test,50,446.000000,486.057220
20,10,test,51,645.000000,556.803345
20,10,test,52,505.000000,547.945435
20,10,test,53,584.000000,603.606384
20,10,train,0,601.000000,620.583313
20,10,train,1,505.000000,504.172028
20,10,train,2,541.000000,560.344788
20,10,train,3,456.000000,458.368011
20,10,train,4,528.000000,520.876831
20,10,train,5,644.000000,620.188416
20,10,train,6,624.000000,621.471558
20,10,train,7,371.000000,412.188995
20,10,train,8,689.000000,668.817566
20,10,train,9,494.000000,491.807556
20,10,train,10,484.000000,486.866486
20,10,train,11,585.000000,588.325134
20,10,train,12,471.000000,479.930206
20,10,train,13,493.000000,492.621338
20,10,train,14,484.000000,495.663940
20,10,train,15,670.000000,671.191223
20,10,train,16,608.000000,600.101135
20,10,train,17,624.000000,628.690857
20,10,train,18,522.000000,520.834045
20,10,train,19,600.000000,596.567444
20,10,train,20,568.000000,561.820679
20,10,train,21,596.000000,608.400818
20,10,train,22,572.000000,557.618591
20,10,train,23,492.000000,484.557892
20,10,train,24,644.000000,626.723633
20,10,train,25,460.000000,474.661560
20,10,train,26,541.000000,552.507996
20,10,train,27,580.000000,603.737549
20,10,train,28,475.000000,480.768433
20,10,train,29,473.000000,490.877289
20,10,train,30,511.000000,518.482300
20,10,train,31,618.000000,615.432922
20,10,train,32,648.000000,644.201782
20,10,train,33,488.000000,486.881165
20,10,train,34,623.000000,616.958496
20,10,train,35,628.000000,616.234314
20,10,train,36,598.000000,595.443604
20,10,train,37,500.000000,489.988647
20,10,train,38,580.000000,594.490417
20,10,train,39,487.000000,484.128418
20,10,train,40,473.000000,456.075806
20,10,train,41,479.000000,487.048431
20,10,train,42,596.000000,591.743408
20,10,train,43,500.000000,499.687592
20,10,train,44,495.000000,516.537231
20,10,train,45,505.000000,509.495972
20,10,train,46,561.000000,548.177856
20,10,train,47,613.000000,622.642517
20,10,train,48,459.000000,467.961639
20,10,train,49,509.000000,516.171936
20,10,train,50,597.000000,595.443604
20,10,train,51,508.000000,500.947693
20,10,train,52,507.000000,521.191223
20,10,train,53,516.000000,520.472473
20,10,train,54,574.000000,565.312134
20,10,train,55,534.000000,508.865784
20,10,train,56,451.000000,464.743073
20,10,train,57,597.000000,601.171753
20,10,train,58,562.000000,554.836304
20,10,train,59,617.000000,616.934448
20,10,train,60,519.000000,525.196838
20,10,train,61,555.000000,560.344788
20,10,train,62,463.000000,473.008575
20,10,train,63,608.000000,602.622986
20,10,train,64,456.000000,472.096039
20,10,train,65,597.000000,598.149475
20,10,train,66,597.000000,598.149475
20,10,train,67,524.000000,520.876831
20,10,train,68,577.000000,572.929199
20,10,train,69,501.000000,490.964294
20,10,train,70,450.000000,454.822296
20,10,train,71,594.000000,578.489563
20,10,train,72,605.000000,587.238464
20,10,train,73,577.000000,572.929199
20,10,train,74,478.000000,475.281616
20,10,train,75,605.000000,616.234314
20,10,train,76,515.000000,496.732941
20,10,train,77,532.000000,526.143616
20,10,train,78,649.000000,630.644531
20,10,train,79,504.000000,492.621338
20,10,train,80,509.000000,516.171936
20,10,train,81,484.000000,477.916260
20,10,train,82,522.000000,520.834045
20,10,train,83,648.000000,623.020447
20,10,train,84,586.000000,560.344788
20,10,train,85,578.000000,580.365234
20,10,train,86,465.000000,469.869507
20,10,train,87,612.000000,593.140442
20,10,train,88,455.000000,463.082611
20,10,train,89,477.000000,475.174072
20,10,train,90,585.000000,588.325134
20,10,train,91,630.000000,614.208801
20,10,train,92,670.000000,671.191223
20,10,train,93,516.000000,520.472473
20,10,train,94,463.000000,446.505341
20,10,train,95,519.000000,512.986389
20,10,train,96,507.000000,506.969788
20,10,train,97,525.000000,530.754395
20,10,train,98,482.000000,483.425110
20,10,train,99,488.000000,486.086639
20,10,train,100,637.000000,632.435791
20,10,train,101,480.000000,475.319122
20,10,train,102,606.000000,597.591919
20,10,train,103,485.000000,502.800995
20,10,train,104,617.000000,618.890625
20,10,train,105,560.000000,552.603149
20,10,train,106,464.000000,464.200012
20,10,train,107,617.000000,618.890625
20,10,train,108,545.000000,545.508728
20,10,train,109,465.000000,465.340515
20,10,train,110,601.000000,605.045776
20,10,train,111,538.000000,539.007629
20,10,train,112,495.000000,492.621338
20,10,train,113,472.000000,485.391388
20,10,train,114,431.000000,438.900330
20,10,train,115,500.000000,491.781342
20,10,train,116,476.000000,485.391388
20,10,train,117,479.000000,486.519806
20,10,train,118,575.000000,594.635986
20,10,train,119,455.000000,457.777710
20,10,train,120,550.000000,556.149048
20,10,train,121,502.000000,509.495972
20,10,train,122,528.000000,522.469910
50,1,test,0,584.000000,584.492859
50,1,test,1,510.000000,521.346130
50,1,test,2,525.000000,501.887848
50,1,test,3,557.000000,593.990540
50,1,test,4,596.000000,624.750427
50,1,test,5,528.000000,527.890564
50,1,test,6,645.000000,619.681458
50,1,test,7,460.000000,516.418945
50,1,test,8,572.000000,520.249939
50,1,test,9,509.000000,509.001099
50,1,test,10,577.000000,577.449646
50,1,test,11,555.000000,559.668457
50,1,test,12,485.000000,563.191772
50,1,test,13,580.000000,573.819763
50,1,test,14,456.000000,472.843506
50,1,test,15,597.000000,598.268921
50,1,test,16,484.000000,505.366119
50,1,test,17,584.000000,595.355530
50,1,test,18,502.000000,510.015106
50,1,test,19,612.000000,590.217896
50,1,test,20,644.000000,624.672180
50,1,test,21,501.000000,490.459076
50,1,test,22,462.000000,460.256317
50,1,test,23,495.000000,499.308472
50,1,test,24,601.000000,595.072205
50,1,test,25,613.000000,588.154663
50,1,test,26,610.000000,594.746399
50,1,test,27,580.000000,591.497131
50,1,test,28,545.000000,554.749695
50,1,test,29,469.000000,476.727783
50,1,test,30,479.000000,509.901062
50,1,test,31,478.000000,455.556091
50,1,test,32,446.000000,486.300812
50,1,test,33,463.000000,491.393494
50,1,test,34,613.000000,588.154663
50,1,test,35,572.000000,572.730286
50,1,test,36,572.000000,520.249939
50,1,test,37,524.000000,536.927307
50,1,test,38,575.000000,593.616028
50,1,test,39,600.000000,592.159485
50,1,test,40,560.000000,503.137115
50,1,test,41,442.000000,445.578156
50,1,test,42,451.000000,471.381165
50,1,test,43,616.000000,652.807800
50,1,test,44,534.000000,484.579254
50,1,test,45,608.000000,610.501770
50,1,test,46,489.000000,479.519653
50,1,test,47,637.000000,566.762817
50,1,test,48,648.000000,555.327393
50,1,test,49,523.000000,466.825409
50,1,test,50,519.000000,514.372070
50,1,test,51,524.000000,523.431641
50,1,test,52,500.000000,477.360291
50,1,test,53,495.000000,529.091003
50,1,train,0,585.000000,584.954041
50,1,train,1,509.000000,509.001099
50,1,train,2,577.000000,577.449646
50,1,train,3,479.000000,478.826355
50,1,train,4,504.000000,503.860413
50,1,train,5,509.000000,509.215424
50,1,train,6,606.000000,606.087402
50,1,train,7,605.000000,605.570435
50,1,train,8,484.000000,484.938599
50,1,train,9,488.000000,488.043915
50,1,train,10,630.000000,629.970459
50,1,train,11,507.000000,505.740082
50,1,train,12,522.000000,522.021667
50,1,train,13,628.000000,614.498779
50,1,train,14,522.000000,522.021667
50,1,train,15,578.000000,577.594727
50,1,train,16,640.000000,640.059448
50,1,train,17,618.000000,617.452576
50,1,train,18,431.000000,431.681641
50,1,train,19,649.000000,649.079163
50,1,train,20,526.000000,526.083252
50,1,train,21,535.000000,534.908386
50,1,train,22,507.000000,506.945465
50,1,train,23,541.000000,561.073059
50,1,train,24,612.000000,610.501770
50,1,train,25,617.000000,616.842102
50,1,train,26,459.000000,459.471863
50,1,train,27,597.000000,596.786499
50,1,train,28,538.000000,537.667358
50,1,train,29,508.000000,507.789246
50,1,train,30,525.000000,523.457703
50,1,train,31,455.000000,454.740662
50,1,train,32,472.000000,472.104370
50,1,train,33,596.000000,596.343079
50,1,train,34,617.000000,616.996338
50,1,train,35,623.000000,622.619324
50,1,train,36,594.000000,593.990540
50,1,train,37,480.000000,479.772034
50,1,train,38,504.000000,503.847260
50,1,train,39,516.000000,516.035706
50,1,train,40,541.000000,541.622131
50,1,train,41,505.000000,505.380402
50,1,train,42,515.000000,514.792725
50,1,train,43,522.000000,521.477783
50,1,train,44,506.000000,506.047760
50,1,train,45,577.000000,577.121094
50,1,train,46,574.000000,574.026123
50,1,train,47,624.000000,624.836609
50,1,train,48,543.000000,542.984863
50,1,train,49,644.000000,643.731323
50,1,train,50,584.000000,584.492859
50,1,train,51,500.000000,500.256195
50,1,train,52,689.000000,688.868469
50,1,train,53,586.000000,561.073059
50,1,train,54,617.000000,616.996338
50,1,train,55,473.000000,473.544067
50,1,train,56,572.000000,572.730286
50,1,train,57,595.000000,594.746399
50,1,train,58,528.000000,527.858643
50,1,train,59,492.000000,492.223999
50,1,train,60,516.000000,516.035706
50,1,train,61,473.000000,473.321686
50,1,train,62,505.000000,505.057434
50,1,train,63,534.000000,534.069519
50,1,train,64,630.000000,629.970459
50,1,train,65,670.000000,670.079712
50,1,train,66,598.000000,597.940063
50,1,train,67,488.000000,488.067017
50,1,train,68,481.000000,480.985474
50,1,train,69,455.000000,455.030945
50,1,train,70,550.000000,549.713745
50,1,train,71,505.000000,504.861115
50,1,train,72,608.000000,608.348816
50,1,train,73,482.000000,482.003265
50,1,train,74,466.000000,465.928802
50,1,train,75,471.000000,471.078613
50,1,train,76,624.000000,624.057739
50,1,train,77,591.000000,590.637146
50,1,train,78,488.000000,488.220123
50,1,train,79,606.000000,605.570312
50,1,train,80,693.000000,692.848633
50,1,train,81,475.000000,474.801025
50,1,train,82,484.000000,483.824799
50,1,train,83,580.000000,579.891418
50,1,train,84,511.000000,511.761932
50,1,train,85,562.000000,561.802429
50,1,train,86,630.000000,628.916931
50,1,train,87,583.000000,582.867859
50,1,train,88,465.000000,464.950623
50,1,train,89,524.000000,523.486938
50,1,train,90,472.000000,474.406494
50,1,train,91,456.000000,456.016907
50,1,train,92,456.000000,456.373749
50,1,train,93,475.000000,474.812653
50,1,train,94,465.000000,464.577850
50,1,train,95,561.000000,560.522949
50,1,train,96,464.000000,463.866364
50,1,train,97,490.000000,489.770996
50,1,train,98,450.000000,450.550781
50,1,train,99,601.000000,600.950562
50,1,train,100,463.000000,462.612915
50,1,train,101,670.000000,670.079712
50,1,train,102,597.000000,596.786499
50,1,train,103,592.000000,592.159485
50,1,train,104,597.000000,597.175903
50,1,train,105,371.000000,372.744690
50,1,train,106,500.000000,499.813751
50,1,train,107,476.000000,474.406494
50,1,train,108,464.000000,463.544708
50,1,train,109,494.000000,495.184448
50,1,train,110,585.000000,584.954041
50,1,train,111,507.000000,506.981232
50,1,train,112,568.000000,566.422913
50,1,train,113,500.000000,500.002319
50,1,train,114,605.000000,614.498779
50,1,train,115,519.000000,518.833252
50,1,train,116,504.000000,505.262360
50,1,train,117,487.000000,486.617188
50,1,train,118,517.000000,516.606201
50,1,train,119,532.000000,531.612366
50,1,train,120,493.000000,493.163788
50,1,train,121,477.000000,476.627625
50,1,train,122,648.000000,648.142273
50,2,test,0,495.000000,531.350037
50,2,test,1,473.000000,536.628296
50,2,test,2,618.000000,615.996643
50,2,test,3,568.000000,560.968994
50,2,test,4,584.000000,601.076843
50,2,test,5,507.000000,570.444641
50,2,test,6,455.000000,516.230896
50,2,test,7,543.000000,529.725342
50,2,test,8,597.000000,601.286865
50,2,test,9,600.000000,584.787659
50,2,test,10,524.000000,514.287048
50,2,test,11,475.000000,461.223877
50,2,test,12,459.000000,519.768066
50,2,test,13,500.000000,502.926849
50,2,test,14,689.000000,645.982910
50,2,test,15,606.000000,567.794556
50,2,test,16,580.000000,593.300293
50,2,test,17,541.000000,581.509888
50,2,test,18,580.000000,612.724548
50,2,test,19,476.000000,479.136078
50,2,test,20,617.000000,558.588928
50,2,test,21,628.000000,603.674805
50,2,test,22,509.000000,537.072388
50,2,test,23,509.000000,537.072388
50,2,test,24,463.000000,500.984833
50,2,test,25,596.000000,628.779236
50,2,test,26,522.000000,521.848022
50,2,test,27,608.000000,590.332886
50,2,test,28,560.000000,522.905396
50,2,test,29,693.000000,629.127014
50,2,test,30,517.000000,507.895050
50,2,test,31,455.000000,515.058594
50,2,test,32,446.000000,501.107574
50,2,test,33,534.000000,501.802399
50,2,test,34,577.000000,570.208069
50,2,test,35,575.000000,593.213074
50,2,test,36,528.000000,518.703613
50,2,test,37,645.000000,522.386719
50,2,test,38,585.000000,587.537109
50,2,test,39,516.000000,522.066162
50,2,test,40,479.000000,491.995544
50,2,test,41,473.000000,477.565613
50,2,test,42,487.000000,478.236023
50,2,test,43,460.000000,573.014465
50,2,test,44,500.000000,490.484039
50,2,test,45,596.000000,529.957947
50,2,test,46,519.000000,526.321411
50,2,test,47,608.000000,611.342834
50,2,test,48,492.000000,491.538452
50,2,test,49,509.000000,492.078369
50,2,test,50,479.000000,515.280334
50,2,test,51,505.000000,507.132874
50,2,test,52,466.000000,466.623901
50,2,test,53,613.000000,614.509521
50,2,train,0,630.000000,630.617126
50,2,train,1,511.000000,511.656006
50,2,train,2,478.000000,480.322784
50,2,train,3,465.000000,475.198639
50,2,train,4,605.000000,603.674805
50,2,train,5,524.000000,523.153931
50,2,train,6,515.000000,511.003540
50,2,train,7,477.000000,476.045624
50,2,train,8,494.000000,492.864777
50,2,train,9,577.000000,570.208069
50,2,train,10,488.000000,497.513519
50,2,train,11,578.000000,581.533508
50,2,train,12,484.000000,482.379150
50,2,train,13,465.000000,468.050171
50,2,train,14,480.000000,478.659027
50,2,train,15,538.000000,536.792786
50,2,train,16,586.000000,581.509888
50,2,train,17,532.000000,531.504517
50,2,train,18,598.000000,600.981567
50,2,train,19,670.000000,669.612732
50,2,train,20,507.000000,518.547729
50,2,train,21,505.000000,508.871490
50,2,train,22,500.000000,506.829803
50,2,train,23,519.000000,512.047913
50,2,train,24,525.000000,521.474243
50,2,train,25,630.000000,618.959961
50,2,train,26,508.000000,505.476746
50,2,train,27,605.000000,605.122437
50,2,train,28,442.000000,442.410828
50,2,train,29,482.000000,476.411560
50,2,train,30,484.000000,487.385895
50,2,train,31,464.000000,465.141937
50,2,train,32,451.000000,447.319427
50,2,train,33,371.000000,421.686279
50,2,train,34,524.000000,520.437073
50,2,train,35,535.000000,531.178101
50,2,train,36,472.000000,473.509766
50,2,train,37,545.000000,547.046143
50,2,train,38,572.000000,571.084717
50,2,train,39,617.000000,616.644226
50,2,train,40,649.000000,635.414001
50,2,train,41,504.000000,503.333588
50,2,train,42,463.000000,452.074921
50,2,train,43,456.000000,463.099854
50,2,train,44,601.000000,614.400391
50,2,train,45,630.000000,630.617126
50,2,train,46,572.000000,573.429993
50,2,train,47,597.000000,595.652405
50,2,train,48,648.000000,617.161133
50,2,train,49,613.000000,614.509521
50,2,train,50,500.000000,501.068268
50,2,train,51,502.000000,505.685028
50,2,train,52,464.000000,458.183105
50,2,train,53,489.000000,480.874329
50,2,train,54,504.000000,491.756470
50,2,train,55,592.000000,584.787659
50,2,train,56,475.000000,476.504059
50,2,train,57,505.000000,501.735199
50,2,train,58,534.000000,530.449646
50,2,train,59,525.000000,525.477051
50,2,train,60,481.000000,484.672211
50,2,train,61,670.000000,669.612732
50,2,train,62,612.000000,611.342834
50,2,train,63,585.000000,587.537109
50,2,train,64,528.000000,531.170471
50,2,train,65,456.000000,456.247803
50,2,train,66,574.000000,568.803528
50,2,train,67,601.000000,600.306152
50,2,train,68,577.000000,576.732666
50,2,train,69,488.000000,491.293274
50,2,train,70,472.000000,479.136078
50,2,train,71,456.000000,459.413391
50,2,train,72,591.000000,595.892029
50,2,train,73,624.000000,628.051331
50,2,train,74,431.000000,442.478271
50,2,train,75,597.000000,595.652405
50,2,train,76,584.000000,583.384033
50,2,train,77,469.000000,470.581909
50,2,train,78,522.000000,521.848022
50,2,train,79,495.000000,490.881042
50,2,train,80,526.000000,528.658875
50,2,train,81,640.000000,638.628174
50,2,train,82,616.000000,620.224243
50,2,train,83,580.000000,582.001648
50,2,train,84,623.000000,618.667725
50,2,train,85,507.000000,510.996368
50,2,train,86,597.000000,593.669739
50,2,train,87,624.000000,626.335510
50,2,train,88,471.000000,477.746277
50,2,train,89,506.000000,525.190735
50,2,train,90,583.000000,576.198120
50,2,train,91,504.000000,501.263458
50,2,train,92,594.000000,568.596924
50,2,train,93,617.000000,616.644226
50,2,train,94,557.000000,568.596924
50,2,train,95,595.000000,601.040588
50,2,train,96,488.000000,486.585327
50,2,train,97,523.000000,523.692444
50,2,train,98,637.000000,625.024597
50,2,train,99,644.000000,614.245850
50,2,train,100,572.000000,571.084717
50,2,train,101,644.000000,640.550354
50,2,train,102,485.000000,498.194641
50,2,train,103,555.000000,568.655090
50,2,train,104,572.000000,573.429993
50,2,train,105,648.000000,650.417114
50,2,train,106,510.000000,510.338165
50,2,train,107,522.000000,521.666138
50,2,train,108,484.000000,487.196777
50,2,train,109,612.000000,613.130859
50,2,train,110,490.000000,494.533081
50,2,train,111,610.000000,601.040588
50,2,train,112,462.000000,453.358948
50,2,train,113,584.000000,583.384033
50,2,train,114,541.000000,534.334473
50,2,train,115,450.000000,474.665100
50,2,train,116,516.000000,522.066162
50,2,train,117,501.000000,499.783600
50,2,train,118,606.000000,602.703552
50,2,train,119,561.000000,545.978760
50,2,train,120,493.000000,492.630066
50,2,train,121,550.000000,557.809570
50,2,train,122,562.000000,545.237183
50,3,test,0,601.000000,596.830627
50,3,test,1,596.000000,615.794189
50,3,test,2,574.000000,524.120239
50,3,test,3,466.000000,459.897552
50,3,test,4,482.000000,478.734833
50,3,test,5,473.000000,542.457397
50,3,test,6,594.000000,555.083313
50,3,test,7,493.000000,485.345001
50,3,test,8,524.000000,526.902039
50,3,test,9,644.000000,518.331848
50,3,test,10,455.000000,469.869781
50,3,test,11,475.000000,458.436401
50,3,test,12,505.000000,514.500732
50,3,test,13,612.000000,588.184143
50,3,test,14,644.000000,605.370911
50,3,test,15,459.000000,498.782806
50,3,test,16,597.000000,586.869202
50,3,test,17,550.000000,577.387024
50,3,test,18,524.000000,510.029602
50,3,test,19,506.000000,592.926392
50,3,test,20,523.000000,485.723999
50,3,test,21,500.000000,509.782806
50,3,test,22,568.000000,563.410767
50,3,test,23,640.000000,669.473877
50,3,test,24,605.000000,631.958313
50,3,test,25,465.000000,461.601318
50,3,test,26,610.000000,577.637512
50,3,test,27,608.000000,580.692444
50,3,test,28,585.000000,585.980835
50,3,test,29,584.000000,584.985962
50,3,test,30,597.000000,571.655945
50,3,test,31,555.000000,544.872070
50,3,test,32,507.000000,544.346069
50,3,test,33,670.000000,660.587097
50,3,test,34,598.000000,573.829834
50,3,test,35,617.000000,552.172424
50,3,test,36,580.000000,592.708679
50,3,test,37,595.000000,577.637512
50,3,test,38,612.000000,583.711914
50,3,test,39,463.000000,429.681152
50,3,test,40,463.000000,462.954285
50,3,test,41,541.000000,588.505310
50,3,test,42,617.000000,612.532043
50,3,test,43,572.000000,567.100769
50,3,test,44,525.000000,521.408752
50,3,test,45,495.000000,533.216370
50,3,test,46,460.000000,541.975708
50,3,test,47,693.000000,637.199951
50,3,test,48,484.000000,465.688904
50,3,test,49,495.000000,490.818420
50,3,test,50,472.000000,480.695404
50,3,test,51,623.000000,617.381287
50,3,test,52,586.000000,542.992371
50,3,test,53,488.000000,481.178101
50,3,train,0,519.000000,515.491394
50,3,train,1,585.000000,585.980835
50,3,train,2,670.000000,660.587097
50,3,train,3,630.000000,632.517029
50,3,train,4,465.000000,478.387268
50,3,train,5,618.000000,617.770081
50,3,train,6,606.000000,600.815857
50,3,train,7,572.000000,574.310242
50,3,train,8,561.000000,538.975281
50,3,train,9,605.000000,612.091797
50,3,train,10,504.000000,498.915009
50,3,train,11,473.000000,460.483948
50,3,train,12,528.000000,528.576660
50,3,train,13,490.000000,498.709503
50,3,train,14,500.000000,500.501160
50,3,train,15,649.000000,644.446838
50,3,train,16,522.000000,525.419678
50,3,train,17,628.000000,631.958313
50,3,train,18,584.000000,586.032166
50,3,train,19,455.000000,472.584045
50,3,train,20,597.000000,601.489197
50,3,train,21,516.000000,516.584290
50,3,train,22,515.000000,506.467957
50,3,train,23,525.000000,528.312683
50,3,train,24,484.000000,485.892761
50,3,train,25,502.000000,500.208252
50,3,train,26,592.000000,599.794556
50,3,train,27,488.000000,485.643402
50,3,train,28,645.000000,617.053162
50,3,train,29,577.000000,572.251038
50,3,train,30,577.000000,571.088623
50,3,train,31,476.000000,480.695404
50,3,train,32,500.000000,504.046906
50,3,train,33,481.000000,486.004211
50,3,train,34,528.000000,535.488403
50,3,train,35,494.000000,489.185913
50,3,train,36,456.000000,466.071045
50,3,train,37,580.000000,599.591797
50,3,train,38,616.000000,617.205933
50,3,train,39,534.000000,525.300537
50,3,train,40,431.000000,450.873260
50,3,train,41,606.000000,596.951721
50,3,train,42,532.000000,530.890869
50,3,train,43,477.000000,475.032440
50,3,train,44,442.000000,444.438843
50,3,train,45,451.000000,451.748169
50,3,train,46,608.000000,588.184143
50,3,train,47,479.000000,482.181824
50,3,train,48,578.000000,573.226624
50,3,train,49,464.000000,463.973694
50,3,train,50,478.000000,488.966797
50,3,train,51,624.000000,617.851501
50,3,train,52,517.000000,517.737976
50,3,train,53,464.000000,460.584869
50,3,train,54,600.000000,599.794556
50,3,train,55,630.000000,605.423828
50,3,train,56,504.000000,490.473114
50,3,train,57,507.000000,519.281677
50,3,train,58,584.000000,584.985962
50,3,train,59,597.000000,586.869202
50,3,train,60,472.000000,490.779602
50,3,train,61,501.000000,496.433014
50,3,train,62,508.000000,506.998505
50,3,train,63,456.000000,463.817780
50,3,train,64,583.000000,590.470337
50,3,train,65,624.000000,622.172302
50,3,train,66,471.000000,474.049835
50,3,train,67,545.000000,542.959595
50,3,train,68,572.000000,574.310242
50,3,train,69,630.000000,632.517029
50,3,train,70,617.000000,612.532043
50,3,train,71,522.000000,513.154297
50,3,train,72,543.000000,544.999451
50,3,train,73,504.000000,495.091095
50,3,train,74,562.000000,536.422058
50,3,train,75,526.000000,523.596252
50,3,train,76,613.000000,613.230042
50,3,train,77,475.000000,475.177124
50,3,train,78,575.000000,576.113220
50,3,train,79,462.000000,456.898102
50,3,train,80,510.000000,508.247589
50,3,train,81,648.000000,633.572632
50,3,train,82,601.000000,619.811279
50,3,train,83,560.000000,540.124756
50,3,train,84,488.000000,489.569763
50,3,train,85,577.000000,571.088623
50,3,train,86,505.000000,507.545288
50,3,train,87,580.000000,578.191650
50,3,train,88,509.000000,510.141327
50,3,train,89,507.000000,518.594055
50,3,train,90,648.000000,649.156921
50,3,train,91,487.000000,483.328735
50,3,train,92,479.000000,485.507538
50,3,train,93,637.000000,631.199341
50,3,train,94,450.000000,450.174652
50,3,train,95,480.000000,475.704437
50,3,train,96,689.000000,672.334412
50,3,train,97,613.000000,613.230042
50,3,train,98,469.000000,485.334167
50,3,train,99,516.000000,516.584290
50,3,train,100,557.000000,555.083313
50,3,train,101,572.000000,567.100769
50,3,train,102,519.000000,523.018250
50,3,train,103,456.000000,461.210602
50,3,train,104,541.000000,542.992371
50,3,train,105,509.000000,498.116699
50,3,train,106,446.000000,458.453247
50,3,train,107,489.000000,483.625580
50,3,train,108,591.000000,596.930786
50,3,train,109,371.000000,412.962036
50,3,train,110,522.000000,525.419678
50,3,train,111,484.000000,498.915436
50,3,train,112,596.000000,600.077454
50,3,train,113,492.000000,499.182068
50,3,train,114,505.000000,513.254883
50,3,train,115,524.000000,524.760925
50,3,train,116,485.000000,499.139008
50,3,train,117,500.000000,489.921509
50,3,train,118,535.000000,527.420959
50,3,train,119,538.000000,532.861267
50,3,train,120,511.000000,513.527893
50,3,train,121,534.000000,514.349670
50,3,train,122,509.000000,510.141327
50,4,test,0,541.000000,505.704712
50,4,test,1,463.000000,533.806458
50,4,test,2,460.000000,548.009827
50,4,test,3,628.000000,605.039734
50,4,test,4,489.000000,483.323944
50,4,test,5,476.000000,472.123535
50,4,test,6,591.000000,597.087341
50,4,test,7,504.000000,493.205658
50,4,test,8,475.000000,472.141144
50,4,test,9,488.000000,488.751312
50,4,test,10,572.000000,529.747742
50,4,test,11,648.000000,547.084167
50,4,test,12,524.000000,528.933105
50,4,test,13,618.000000,594.702637
50,4,test,14,637.000000,581.519714
50,4,test,15,522.000000,515.188904
50,4,test,16,600.000000,592.103394
50,4,test,17,572.000000,529.747742
50,4,test,18,522.000000,515.188904
50,4,test,19,484.000000,491.901031
50,4,test,20,572.000000,572.020996
50,4,test,21,623.000000,589.331970
50,4,test,22,479.000000,497.630463
50,4,test,23,504.000000,509.654449
50,4,test,24,459.000000,507.057098
50,4,test,25,517.000000,512.867249
50,4,test,26,557.000000,593.984375
50,4,test,27,516.000000,516.078857
50,4,test,28,371.000000,551.971497
50,4,test,29,473.000000,520.766479
50,4,test,30,610.000000,594.911987
50,4,test,31,525.000000,517.547424
50,4,test,32,495.000000,528.483276
50,4,test,33,575.000000,595.641602
50,4,test,34,488.000000,519.383179
50,4,test,35,464.000000,488.559265
50,4,test,36,545.000000,545.271484
50,4,test,37,525.000000,525.878235
50,4,test,38,541.000000,585.340271
50,4,test,39,617.000000,536.547913
50,4,test,40,500.000000,509.950287
50,4,test,41,580.000000,616.895996
50,4,test,42,693.000000,628.711304
50,4,test,43,464.000000,478.308960
50,4,test,44,451.000000,454.635376
50,4,test,45,463.000000,467.047821
50,4,test,46,585.000000,619.826355
50,4,test,47,477.000000,499.142303
50,4,test,48,568.000000,559.976135
50,4,test,49,500.000000,491.531677
50,4,test,50,522.000000,508.182404
50,4,test,51,585.000000,619.826355
50,4,test,52,613.000000,612.935913
50,4,test,53,577.000000,576.983032
50,4,train,0,577.000000,576.983032
50,4,train,1,505.000000,505.001160
50,4,train,2,584.000000,584.042297
50,4,train,3,509.000000,509.054016
50,4,train,4,488.000000,487.840057
50,4,train,5,508.000000,507.999969
50,4,train,6,574.000000,573.954712
50,4,train,7,479.000000,478.914856
50,4,train,8,630.000000,629.909729
50,4,train,9,605.000000,605.039734
50,4,train,10,617.000000,617.073425
50,4,train,11,608.000000,607.932983
50,4,train,12,507.000000,507.018799
50,4,train,13,505.000000,505.026306
50,4,train,14,597.000000,596.939880
50,4,train,15,507.000000,507.355988
50,4,train,16,645.000000,644.822754
50,4,train,17,455.000000,454.744965
50,4,train,18,515.000000,514.935181
50,4,train,19,584.000000,584.014343
50,4,train,20,597.000000,596.848694
50,4,train,21,446.000000,446.064209
50,4,train,22,580.000000,580.010010
50,4,train,23,594.000000,593.984375
50,4,train,24,455.000000,455.099792
50,4,train,25,471.000000,471.647186
50,4,train,26,482.000000,482.033356
50,4,train,27,506.000000,506.038910
50,4,train,28,478.000000,478.064209
50,4,train,29,490.000000,490.005707
50,4,train,30,450.000000,450.103607
50,4,train,31,577.000000,576.985291
50,4,train,32,500.000000,499.926636
50,4,train,33,507.000000,507.087616
50,4,train,34,550.000000,549.961304
50,4,train,35,670.000000,670.032654
50,4,train,36,606.000000,605.946350
50,4,train,37,456.000000,456.022583
50,4,train,38,586.000000,585.340271
50,4,train,39,469.000000,469.025360
50,4,train,40,543.000000,543.337830
50,4,train,41,456.000000,455.974823
50,4,train,42,595.000000,594.911987
50,4,train,43,596.000000,595.862366
50,4,train,44,598.000000,598.098206
50,4,train,45,612.000000,610.054932
50,4,train,46,510.000000,510.224548
50,4,train,47,616.000000,616.187378
50,4,train,48,528.000000,527.947510
50,4,train,49,484.000000,484.535004
50,4,train,50,689.000000,688.120728
50,4,train,51,480.000000,479.975342
50,4,train,52,592.000000,592.103394
50,4,train,53,596.000000,596.154846
50,4,train,54,528.000000,528.094666
50,4,train,55,524.000000,524.042969
50,4,train,56,605.000000,604.936646
50,4,train,57,601.000000,600.937195
50,4,train,58,612.000000,612.027527
50,4,train,59,617.000000,617.073425
50,4,train,60,494.000000,493.628174
50,4,train,61,484.000000,483.950989
50,4,train,62,502.000000,501.780457
50,4,train,63,555.000000,555.446472
50,4,train,64,534.000000,533.812927
50,4,train,65,597.000000,596.939880
50,4,train,66,562.000000,561.679321
50,4,train,67,560.000000,559.842834
50,4,train,68,640.000000,641.170532
50,4,train,69,493.000000,493.039215
50,4,train,70,648.000000,647.923096
50,4,train,71,583.000000,583.199707
50,4,train,72,472.000000,472.123535
50,4,train,73,644.000000,643.890564
50,4,train,74,485.000000,485.055939
50,4,train,75,442.000000,442.089844
50,4,train,76,578.000000,578.097900
50,4,train,77,487.000000,486.397064
50,4,train,78,613.000000,612.935913
50,4,train,79,505.000000,504.930817
50,4,train,80,524.000000,524.217163
50,4,train,81,473.000000,473.059479
50,4,train,82,501.000000,500.727173
50,4,train,83,561.000000,560.875671
50,4,train,84,504.000000,503.443512
50,4,train,85,495.000000,495.000610
50,4,train,86,462.000000,461.226776
50,4,train,87,584.000000,584.042297
50,4,train,88,670.000000,670.032654
50,4,train,89,465.000000,464.975372
50,4,train,90,456.000000,456.073517
50,4,train,91,475.000000,474.966125
50,4,train,92,481.000000,481.099152
50,4,train,93,624.000000,623.980774
50,4,train,94,431.000000,431.940643
50,4,train,95,509.000000,509.181091
50,4,train,96,580.000000,579.956970
50,4,train,97,500.000000,500.186707
50,4,train,98,630.000000,629.851440
50,4,train,99,526.000000,525.878296
50,4,train,100,534.000000,533.960144
50,4,train,101,492.000000,492.096008
50,4,train,102,535.000000,534.782654
50,4,train,103,538.000000,537.985901
50,4,train,104,511.000000,510.959839
50,4,train,105,624.000000,624.005859
50,4,train,106,519.000000,518.944336
50,4,train,107,644.000000,643.454285
50,4,train,108,608.000000,610.054932
50,4,train,109,601.000000,600.907043
50,4,train,110,465.000000,465.746155
50,4,train,111,472.000000,472.019287
50,4,train,112,509.000000,509.054016
50,4,train,113,466.000000,465.973694
50,4,train,114,572.000000,572.020996
50,4,train,115,523.000000,522.905029
50,4,train,116,532.000000,531.881226
50,4,train,117,597.000000,597.119812
50,4,train,118,630.000000,629.909729
50,4,train,119,516.000000,516.078857
50,4,train,120,519.000000,519.306274
50,4,train,121,649.000000,649.270447
50,4,train,122,606.000000,605.590210
50,5,test,0,482.000000,484.486450
50,5,test,1,601.000000,582.359436
50,5,test,2,475.000000,474.933105
50,5,test,3,605.000000,592.706543
50,5,test,4,617.000000,586.959229
50,5,test,5,465.000000,581.879883
50,5,test,6,689.000000,630.936096
50,5,test,7,616.000000,635.585754
50,5,test,8,522.000000,521.735779
50,5,test,9,500.000000,486.791199
50,5,test,10,598.000000,597.349548
50,5,test,11,560.000000,549.906128
50,5,test,12,500.000000,472.223907
50,5,test,13,594.000000,556.761597
50,5,test,14,509.000000,503.539581
50,5,test,15,568.000000,593.242493
50,5,test,16,600.000000,591.921326
50,5,test,17,580.000000,578.517761
50,5,test,18,577.000000,576.837280
50,5,test,19,535.000000,526.792908
50,5,test,20,618.000000,619.890137
50,5,test,21,534.000000,522.384094
50,5,test,22,489.000000,478.265533
50,5,test,23,617.000000,616.941040
50,5,test,24,591.000000,596.239075
50,5,test,25,456.000000,564.820374
50,5,test,26,606.000000,601.943359
50,5,test,27,605.000000,627.833618
50,5,test,28,472.000000,523.292175
50,5,test,29,516.000000,516.131042
50,5,test,30,473.000000,526.646362
50,5,test,31,504.000000,487.457855
50,5,test,32,475.000000,467.428955
50,5,test,33,505.000000,512.813110
50,5,test,34,465.000000,492.905457
50,5,test,35,596.000000,635.512817
50,5,test,36,644.000000,608.575195
50,5,test,37,541.000000,513.152161
50,5,test,38,525.000000,521.584778
50,5,test,39,670.000000,669.966003
50,5,test,40,517.000000,514.812988
50,5,test,41,480.000000,465.789764
50,5,test,42,524.000000,529.727966
50,5,test,43,463.000000,489.644104
50,5,test,44,464.000000,457.228302
50,5,test,45,511.000000,519.027405
50,5,test,46,490.000000,526.880676
50,5,test,47,495.000000,526.900574
50,5,test,48,584.000000,583.745972
50,5,test,49,597.000000,596.221863
50,5,test,50,528.000000,523.432983
50,5,test,51,597.000000,597.367188
50,5,test,52,525.000000,537.941711
50,5,test,53,371.000000,510.684540
50,5,train,0,500.000000,500.186523
50,5,train,1,488.000000,487.840271
50,5,train,2,510.000000,510.184448
50,5,train,3,459.000000,459.099152
50,5,train,4,584.000000,583.745972
50,5,train,5,550.000000,550.009888
50,5,train,6,464.000000,463.731354
50,5,train,7,577.000000,577.182983
50,5,train,8,601.000000,601.740112
50,5,train,9,534.000000,533.692261
50,5,train,10,524.000000,524.269043
50,5,train,11,578.000000,577.806580
50,5,train,12,555.000000,555.215454
50,5,train,13,630.000000,629.915405
50,5,train,14,492.000000,492.157532
50,5,train,15,479.000000,478.961395
50,5,train,16,597.000000,597.367188
50,5,train,17,505.000000,505.073608
50,5,train,18,485.000000,485.019440
50,5,train,19,462.000000,460.797028
50,5,train,20,493.000000,492.378326
50,5,train,21,580.000000,580.038147
50,5,train,22,507.000000,507.278473
50,5,train,23,584.000000,583.856628
50,5,train,24,612.000000,610.077026
50,5,train,25,487.000000,486.247406
50,5,train,26,519.000000,519.281799
50,5,train,27,456.000000,455.961731
50,5,train,28,613.000000,613.019348
50,5,train,29,557.000000,556.761597
50,5,train,30,624.000000,623.943848
50,5,train,31,561.000000,560.764465
50,5,train,32,585.000000,584.920715
50,5,train,33,501.000000,501.040070
50,5,train,34,648.000000,648.477783
50,5,train,35,572.000000,572.062561
50,5,train,36,640.000000,639.980896
50,5,train,37,431.000000,432.527771
50,5,train,38,455.000000,455.094757
50,5,train,39,476.000000,473.967529
50,5,train,40,481.000000,481.166473
50,5,train,41,606.000000,605.581299
50,5,train,42,484.000000,483.600891
50,5,train,43,505.000000,504.842804
50,5,train,44,645.000000,644.479553
50,5,train,45,456.000000,456.074738
50,5,train,46,596.000000,596.285767
50,5,train,47,543.000000,543.107544
50,5,train,48,506.000000,506.150391
50,5,train,49,488.000000,488.321503
50,5,train,50,624.000000,624.047363
50,5,train,51,526.000000,525.916077
50,5,train,52,516.000000,516.131042
50,5,train,53,507.000000,507.101440
50,5,train,54,693.000000,692.754272
50,5,train,55,442.000000,442.176453
50,5,train,56,628.000000,627.833618
50,5,train,57,574.000000,573.806396
50,5,train,58,446.000000,446.015045
50,5,train,59,500.000000,500.017639
50,5,train,60,610.000000,602.566406
50,5,train,61,477.000000,477.333466
50,5,train,62,528.000000,528.004150
50,5,train,63,504.000000,503.700134
50,5,train,64,572.000000,572.062561
50,5,train,65,460.000000,460.013031
50,5,train,66,509.000000,509.102570
50,5,train,67,545.000000,545.046814
50,5,train,68,562.000000,561.490601
50,5,train,69,613.000000,613.019348
50,5,train,70,585.000000,584.920715
50,5,train,71,637.000000,637.041870
50,5,train,72,580.000000,580.164917
50,5,train,73,484.000000,483.975952
50,5,train,74,524.000000,524.038574
50,5,train,75,572.000000,571.908142
50,5,train,76,522.000000,521.924011
50,5,train,77,595.000000,602.566406
50,5,train,78,577.000000,576.837280
50,5,train,79,466.000000,465.675079
50,5,train,80,451.000000,451.169250
50,5,train,81,617.000000,616.941040
50,5,train,82,508.000000,508.086090
50,5,train,83,488.000000,488.316589
50,5,train,84,648.000000,647.657043
50,5,train,85,484.000000,484.777802
50,5,train,86,644.000000,643.661194
50,5,train,87,592.000000,591.921326
50,5,train,88,541.000000,563.166626
50,5,train,89,612.000000,611.914856
50,5,train,90,623.000000,623.236023
50,5,train,91,522.000000,521.735779
50,5,train,92,469.000000,469.162811
50,5,train,93,507.000000,507.119507
50,5,train,94,538.000000,537.706116
50,5,train,95,523.000000,522.812927
50,5,train,96,463.000000,463.205475
50,5,train,97,649.000000,648.239990
50,5,train,98,572.000000,571.908142
50,5,train,99,519.000000,519.681335
50,5,train,100,608.000000,608.139282
50,5,train,101,509.000000,509.102570
50,5,train,102,532.000000,531.567749
50,5,train,103,583.000000,583.276001
50,5,train,104,494.000000,493.553619
50,5,train,105,502.000000,501.141052
50,5,train,106,670.000000,669.966003
50,5,train,107,630.000000,629.865967
50,5,train,108,455.000000,454.562439
50,5,train,109,608.000000,610.077026
50,5,train,110,586.000000,563.166626
50,5,train,111,471.000000,471.903412
50,5,train,112,575.000000,575.573364
50,5,train,113,473.000000,472.859131
50,5,train,114,450.000000,449.898682
50,5,train,115,478.000000,478.042755
50,5,train,116,597.000000,596.642517
50,5,train,117,479.000000,479.181305
50,5,train,118,472.000000,473.967529
50,5,train,119,495.000000,495.048645
50,5,train,120,504.000000,503.595886
50,5,train,121,515.000000,515.057800
50,5,train,122,630.000000,629.915405
50,6,test,0,493.000000,486.032410
50,6,test,1,596.000000,605.966064
50,6,test,2,509.000000,509.411255
50,6,test,3,585.000000,590.958130
50,6,test,4,525.000000,529.196045
50,6,test,5,577.000000,566.336731
50,6,test,6,500.000000,519.615051
50,6,test,7,516.000000,540.938904
50,6,test,8,617.000000,612.491943
50,6,test,9,459.000000,456.143402
50,6,test,10,630.000000,568.954468
50,6,test,11,451.000000,439.561493
50,6,test,12,516.000000,540.938904
50,6,test,13,555.000000,560.062988
50,6,test,14,644.000000,604.429077
50,6,test,15,580.000000,549.783569
50,6,test,16,541.000000,539.163147
50,6,test,17,597.000000,594.947144
50,6,test,18,489.000000,475.633148
50,6,test,19,522.000000,525.033142
50,6,test,20,464.000000,466.347534
50,6,test,21,463.000000,490.645935
50,6,test,22,584.000000,586.104126
50,6,test,23,538.000000,526.445557
50,6,test,24,644.000000,540.792236
50,6,test,25,455.000000,460.318420
50,6,test,26,484.000000,511.679718
50,6,test,27,484.000000,502.981689
50,6,test,28,476.000000,472.886749
50,6,test,29,624.000000,637.836975
50,6,test,30,481.000000,509.900513
50,6,test,31,528.000000,516.295837
50,6,test,32,463.000000,476.226929
50,6,test,33,670.000000,669.298950
50,6,test,34,613.000000,610.248657
50,6,test,35,446.000000,491.811890
50,6,test,36,560.000000,506.046906
50,6,test,37,689.000000,639.005920
50,6,test,38,371.000000,509.010742
50,6,test,39,601.000000,625.157288
50,6,test,40,492.000000,508.971039
50,6,test,41,482.000000,471.794434
50,6,test,42,648.000000,645.977234
50,6,test,43,586.000000,539.163147
50,6,test,44,442.000000,445.867462
50,6,test,45,630.000000,630.627197
50,6,test,46,473.000000,536.989868
50,6,test,47,572.000000,571.211182
50,6,test,48,630.000000,630.627197
50,6,test,49,605.000000,634.397278
50,6,test,50,624.000000,614.467346
50,6,test,51,648.000000,586.471985
50,6,test,52,506.000000,563.853516
50,6,test,53,572.000000,567.875122
50,6,train,0,628.000000,634.397278
50,6,train,1,495.000000,502.295807
50,6,train,2,572.000000,567.875122
50,6,train,3,545.000000,545.079895
50,6,train,4,465.000000,469.679749
50,6,train,5,616.000000,616.381470
50,6,train,6,507.000000,505.058716
50,6,train,7,617.000000,612.491943
50,6,train,8,478.000000,482.335724
50,6,train,9,584.000000,586.104126
50,6,train,10,510.000000,508.807312
50,6,train,11,515.000000,518.182068
50,6,train,12,605.000000,606.682739
50,6,train,13,504.000000,496.036865
50,6,train,14,608.000000,608.730896
50,6,train,15,597.000000,594.947144
50,6,train,16,594.000000,572.102173
50,6,train,17,472.000000,477.375854
50,6,train,18,572.000000,571.211182
50,6,train,19,574.000000,567.774902
50,6,train,20,649.000000,647.700500
50,6,train,21,464.000000,464.641632
50,6,train,22,473.000000,476.556244
50,6,train,23,431.000000,451.182129
50,6,train,24,507.000000,514.691101
50,6,train,25,523.000000,514.530029
50,6,train,26,504.000000,500.485779
50,6,train,27,532.000000,525.699097
50,6,train,28,456.000000,458.890900
50,6,train,29,606.000000,593.927795
50,6,train,30,526.000000,519.112976
50,6,train,31,598.000000,592.028931
50,6,train,32,475.000000,468.621826
50,6,train,33,519.000000,512.852722
50,6,train,34,460.000000,469.407501
50,6,train,35,580.000000,589.722290
50,6,train,36,597.000000,596.693604
50,6,train,37,575.000000,581.212158
50,6,train,38,485.000000,490.778748
50,6,train,39,524.000000,519.923950
50,6,train,40,500.000000,499.994110
50,6,train,41,456.000000,468.813660
50,6,train,42,477.000000,479.586060
50,6,train,43,455.000000,461.926239
50,6,train,44,495.000000,495.680481
50,6,train,45,488.000000,489.055695
50,6,train,46,508.000000,511.386139
50,6,train,47,645.000000,635.076965
50,6,train,48,585.000000,590.958130
50,6,train,49,583.000000,587.400696
50,6,train,50,528.000000,517.217041
50,6,train,51,562.000000,551.497681
50,6,train,52,500.000000,498.908112
50,6,train,53,535.000000,534.442505
50,6,train,54,610.000000,601.086792
50,6,train,55,557.000000,572.102173
50,6,train,56,479.000000,480.691437
50,6,train,57,534.000000,532.662231
50,6,train,58,541.000000,547.164490
50,6,train,59,488.000000,486.032410
50,6,train,60,637.000000,637.086670
50,6,train,61,534.000000,522.190735
50,6,train,62,504.000000,500.145996
50,6,train,63,578.000000,575.957520
50,6,train,64,450.000000,456.077393
50,6,train,65,511.000000,506.220642
50,6,train,66,580.000000,582.252380
50,6,train,67,600.000000,600.139465
50,6,train,68,693.000000,684.059509
50,6,train,69,522.000000,525.033142
50,6,train,70,479.000000,477.782623
50,6,train,71,608.000000,602.028198
50,6,train,72,561.000000,543.985901
50,6,train,73,584.000000,583.325562
50,6,train,74,505.000000,497.973480
50,6,train,75,519.000000,525.782532
50,6,train,76,484.000000,484.920105
50,6,train,77,595.000000,601.086792
50,6,train,78,577.000000,577.891235
50,6,train,79,494.000000,498.898376
50,6,train,80,612.000000,608.730896
50,6,train,81,601.000000,599.227112
50,6,train,82,596.000000,599.116760
50,6,train,83,524.000000,525.248413
50,6,train,84,618.000000,623.197449
50,6,train,85,597.000000,594.974060
50,6,train,86,500.000000,509.136261
50,6,train,87,465.000000,476.555359
50,6,train,88,606.000000,611.828674
50,6,train,89,577.000000,566.336731
50,6,train,90,522.000000,522.525391
50,6,train,91,613.000000,610.248657
50,6,train,92,490.000000,490.189331
50,6,train,93,509.000000,501.852844
50,6,train,94,505.000000,511.095367
50,6,train,95,462.000000,461.112671
50,6,train,96,543.000000,541.881653
50,6,train,97,507.000000,512.221069
50,6,train,98,456.000000,461.195221
50,6,train,99,670.000000,669.298950
50,6,train,100,550.000000,552.510925
50,6,train,101,524.000000,524.382751
50,6,train,102,502.000000,500.238403
50,6,train,103,517.000000,517.541260
50,6,train,104,612.000000,606.098022
50,6,train,105,617.000000,611.486084
50,6,train,106,472.000000,472.886749
50,6,train,107,623.000000,616.060547
50,6,train,108,592.000000,600.139465
50,6,train,109,469.000000,470.581726
50,6,train,110,488.000000,485.855652
50,6,train,111,591.000000,591.119019
50,6,train,112,525.000000,520.679810
50,6,train,113,501.000000,496.008240
50,6,train,114,475.000000,472.689728
50,6,train,115,568.000000,573.459961
50,6,train,116,480.000000,480.339111
50,6,train,117,471.000000,473.158447
50,6,train,118,640.000000,645.774841
50,6,train,119,487.000000,480.683746
50,6,train,120,466.000000,472.260834
50,6,train,121,509.000000,509.411255
50,6,train,122,505.000000,513.624756
50,7,test,0,623.000000,606.561951
50,7,test,1,456.000000,475.225769
50,7,test,2,606.000000,547.133850
50,7,test,3,597.000000,588.574768
50,7,test,4,624.000000,614.519409
50,7,test,5,524.000000,538.563599
50,7,test,6,543.000000,529.471313
50,7,test,7,507.000000,545.098694
50,7,test,8,502.000000,515.504944
50,7,test,9,561.000000,529.768433
50,7,test,10,597.000000,588.574768
50,7,test,11,644.000000,563.433838
50,7,test,12,481.000000,502.591919
50,7,test,13,572.000000,567.577393
50,7,test,14,526.000000,517.244324
50,7,test,15,451.000000,459.453278
50,7,test,16,463.000000,435.805603
50,7,test,17,670.000000,624.977539
50,7,test,18,578.000000,591.736938
50,7,test,19,504.000000,505.290039
50,7,test,20,517.000000,535.162842
50,7,test,21,488.000000,529.202393
50,7,test,22,507.000000,546.788940
50,7,test,23,478.000000,495.530334
50,7,test,24,617.000000,613.602966
50,7,test,25,689.000000,638.543762
50,7,test,26,613.000000,606.225220
50,7,test,27,630.000000,628.916626
50,7,test,28,541.000000,516.981934
50,7,test,29,693.000000,620.723938
50,7,test,30,628.000000,606.423340
50,7,test,31,583.000000,548.278198
50,7,test,32,522.000000,499.279297
50,7,test,33,500.000000,510.700226
50,7,test,34,466.000000,461.540314
50,7,test,35,519.000000,498.861420
50,7,test,36,490.000000,513.773499
50,7,test,37,577.000000,548.944092
50,7,test,38,584.000000,585.600891
50,7,test,39,586.000000,544.508301
50,7,test,40,509.000000,512.307922
50,7,test,41,504.000000,499.927216
50,7,test,42,494.000000,490.290924
50,7,test,43,516.000000,520.983765
50,7,test,44,648.000000,615.585754
50,7,test,45,577.000000,548.944092
50,7,test,46,455.000000,455.748444
50,7,test,47,505.000000,510.388611
50,7,test,48,509.000000,476.375641
50,7,test,49,492.000000,487.860565
50,7,test,50,670.000000,624.977539
50,7,test,51,463.000000,471.617279
50,7,test,52,605.000000,577.023743
50,7,test,53,456.000000,471.868927
50,7,train,0,596.000000,597.739868
50,7,train,1,506.000000,511.440460
50,7,train,2,580.000000,572.355286
50,7,train,3,598.000000,595.686890
50,7,train,4,594.000000,573.531006
50,7,train,5,618.000000,604.626221
50,7,train,6,613.000000,606.225220
50,7,train,7,446.000000,449.393555
50,7,train,8,601.000000,599.344910
50,7,train,9,500.000000,500.942047
50,7,train,10,505.000000,504.866608
50,7,train,11,480.000000,475.263275
50,7,train,12,455.000000,457.834015
50,7,train,13,591.000000,591.433411
50,7,train,14,471.000000,475.728241
50,7,train,15,608.000000,606.224915
50,7,train,16,624.000000,624.866150
50,7,train,17,524.000000,524.391052
50,7,train,18,450.000000,456.798889
50,7,train,19,479.000000,480.000275
50,7,train,20,575.000000,582.446594
50,7,train,21,612.000000,608.185303
50,7,train,22,484.000000,487.113922
50,7,train,23,572.000000,571.805725
50,7,train,24,472.000000,474.821411
50,7,train,25,510.000000,511.961365
50,7,train,26,487.000000,480.474915
50,7,train,27,431.000000,442.579163
50,7,train,28,485.000000,496.232208
50,7,train,29,580.000000,586.257202
50,7,train,30,475.000000,472.534210
50,7,train,31,616.000000,619.494995
50,7,train,32,465.000000,470.680908
50,7,train,33,525.000000,522.868286
50,7,train,34,484.000000,488.781555
50,7,train,35,509.000000,512.307922
50,7,train,36,560.000000,558.473206
50,7,train,37,572.000000,567.577393
50,7,train,38,504.000000,500.400482
50,7,train,39,606.000000,607.385010
50,7,train,40,456.000000,485.061035
50,7,train,41,600.000000,594.518677
50,7,train,42,488.000000,487.690857
50,7,train,43,442.000000,450.114227
50,7,train,44,550.000000,548.039307
50,7,train,45,596.000000,603.001892
50,7,train,46,507.000000,511.657990
50,7,train,47,460.000000,476.113678
50,7,train,48,601.000000,611.420654
50,7,train,49,488.000000,489.481781
50,7,train,50,528.000000,518.973328
50,7,train,51,522.000000,519.863098
50,7,train,52,645.000000,620.590210
50,7,train,53,495.000000,507.558319
50,7,train,54,545.000000,545.031067
50,7,train,55,610.000000,603.008789
50,7,train,56,523.000000,519.650208
50,7,train,57,482.000000,481.278809
50,7,train,58,511.000000,508.594604
50,7,train,59,535.000000,526.187134
50,7,train,60,648.000000,633.751465
50,7,train,61,597.000000,593.268311
50,7,train,62,473.000000,468.274811
50,7,train,63,541.000000,544.508301
50,7,train,64,612.000000,601.929993
50,7,train,65,489.000000,490.462036
50,7,train,66,477.000000,476.538605
50,7,train,67,495.000000,494.700287
50,7,train,68,585.000000,584.635193
50,7,train,69,465.000000,472.664185
50,7,train,70,630.000000,619.591431
50,7,train,71,617.000000,606.443726
50,7,train,72,637.000000,633.075623
50,7,train,73,519.000000,524.531677
50,7,train,74,500.000000,495.765900
50,7,train,75,476.000000,474.821411
50,7,train,76,479.000000,480.701477
50,7,train,77,649.000000,638.788940
50,7,train,78,617.000000,613.602966
50,7,train,79,464.000000,466.297760
50,7,train,80,464.000000,463.579742
50,7,train,81,584.000000,585.525330
50,7,train,82,577.000000,574.207397
50,7,train,83,524.000000,524.947021
50,7,train,84,605.000000,606.423340
50,7,train,85,462.000000,458.253357
50,7,train,86,522.000000,519.863098
50,7,train,87,515.000000,509.910828
50,7,train,88,475.000000,474.237274
50,7,train,89,584.000000,585.600891
50,7,train,90,562.000000,553.628113
50,7,train,91,630.000000,628.916626
50,7,train,92,532.000000,524.853760
50,7,train,93,555.000000,549.384644
50,7,train,94,644.000000,626.529724
50,7,train,95,528.000000,529.485046
50,7,train,96,574.000000,570.726135
50,7,train,97,597.000000,596.462708
50,7,train,98,534.000000,529.184082
50,7,train,99,534.000000,527.876404
50,7,train,100,557.000000,573.531006
50,7,train,101,608.000000,608.185303
50,7,train,102,525.000000,525.103149
50,7,train,103,459.000000,461.149109
50,7,train,104,472.000000,479.985901
50,7,train,105,501.000000,497.396240
50,7,train,106,538.000000,538.263184
50,7,train,107,508.000000,507.532471
50,7,train,108,505.000000,501.841614
50,7,train,109,592.000000,594.518677
50,7,train,110,500.000000,501.334839
50,7,train,111,580.000000,578.674927
50,7,train,112,469.000000,466.150726
50,7,train,113,585.000000,584.635193
50,7,train,114,493.000000,490.034302
50,7,train,115,473.000000,480.658508
50,7,train,116,371.000000,416.095612
50,7,train,117,516.000000,520.983765
50,7,train,118,572.000000,571.805725
50,7,train,119,484.000000,484.126038
50,7,train,120,595.000000,603.008789
50,7,train,121,568.000000,572.135620
50,7,train,122,640.000000,638.662292
50,8,test,0,511.000000,526.310730
50,8,test,1,601.000000,643.627136
50,8,test,2,572.000000,572.036804
50,8,test,3,475.000000,462.946899
50,8,test,4,562.000000,512.837891
50,8,test,5,617.000000,637.406067
50,8,test,6,689.000000,635.116150
50,8,test,7,591.000000,593.828918
50,8,test,8,534.000000,512.231750
50,8,test,9,624.000000,615.434875
50,8,test,10,601.000000,590.171143
50,8,test,11,568.000000,571.227417
50,8,test,12,462.000000,494.989532
50,8,test,13,473.000000,531.664917
50,8,test,14,519.000000,517.808411
50,8,test,15,595.000000,609.996277
50,8,test,16,455.000000,464.408112
50,8,test,17,555.000000,542.169128
50,8,test,18,586.000000,541.144348
50,8,test,19,525.000000,496.644958
50,8,test,20,597.000000,595.607483
50,8,test,21,617.000000,637.406067
50,8,test,22,605.000000,559.581482
50,8,test,23,528.000000,528.756165
50,8,test,24,446.000000,485.589630
50,8,test,25,476.000000,472.280487
50,8,test,26,475.000000,466.766479
50,8,test,27,612.000000,572.365295
50,8,test,28,465.000000,575.374268
50,8,test,29,583.000000,555.842590
50,8,test,30,488.000000,485.706940
50,8,test,31,431.000000,492.696747
50,8,test,32,507.000000,563.978088
50,8,test,33,606.000000,561.845337
50,8,test,34,481.000000,518.671021
50,8,test,35,526.000000,529.201233
50,8,test,36,630.000000,569.105652
50,8,test,37,510.000000,508.616913
50,8,test,38,617.000000,587.009705
50,8,test,39,577.000000,526.915161
50,8,test,40,488.000000,489.384674
50,8,test,41,506.000000,554.353882
50,8,test,42,471.000000,485.403870
50,8,test,43,505.000000,514.885071
50,8,test,44,504.000000,488.591583
50,8,test,45,484.000000,479.171143
50,8,test,46,515.000000,507.491180
50,8,test,47,557.000000,593.924072
50,8,test,48,456.000000,537.681824
50,8,test,49,487.000000,485.422363
50,8,test,50,572.000000,572.024048
50,8,test,51,630.000000,629.958435
50,8,test,52,538.000000,517.263611
50,8,test,53,608.000000,572.365295
50,8,train,0,371.000000,370.763794
50,8,train,1,580.000000,580.000366
50,8,train,2,584.000000,584.005859
50,8,train,3,580.000000,580.072876
50,8,train,4,500.000000,500.047607
50,8,train,5,623.000000,623.006226
50,8,train,6,495.000000,495.654358
50,8,train,7,561.000000,560.970276
50,8,train,8,628.000000,617.458435
50,8,train,9,492.000000,491.845215
50,8,train,10,574.000000,573.942383
50,8,train,11,472.000000,472.280487
50,8,train,12,509.000000,508.890533
50,8,train,13,480.000000,479.854126
50,8,train,14,516.000000,516.044495
50,8,train,15,637.000000,636.934204
50,8,train,16,613.000000,613.059875
50,8,train,17,608.000000,608.519958
50,8,train,18,524.000000,524.132568
50,8,train,19,519.000000,518.838013
50,8,train,20,597.000000,596.934692
50,8,train,21,606.000000,605.888794
50,8,train,22,523.000000,522.967041
50,8,train,23,488.000000,488.238556
50,8,train,24,477.000000,477.103241
50,8,train,25,456.000000,455.873749
50,8,train,26,618.000000,617.921143
50,8,train,27,509.000000,508.890533
50,8,train,28,493.000000,493.155884
50,8,train,29,575.000000,575.234558
50,8,train,30,577.000000,576.962219
50,8,train,31,501.000000,500.685303
50,8,train,32,585.000000,585.085083
50,8,train,33,596.000000,596.051758
50,8,train,34,463.000000,463.080261
50,8,train,35,649.000000,648.820435
50,8,train,36,598.000000,598.182007
50,8,train,37,693.000000,692.846191
50,8,train,38,630.000000,629.958435
50,8,train,39,508.000000,507.843750
50,8,train,40,469.000000,468.906097
50,8,train,41,472.000000,472.098602
50,8,train,42,524.000000,523.912659
50,8,train,43,545.000000,544.655396
50,8,train,44,597.000000,596.397827
50,8,train,45,543.000000,542.962280
50,8,train,46,484.000000,484.376068
50,8,train,47,525.000000,524.897644
50,8,train,48,580.000000,580.012573
50,8,train,49,522.000000,522.068115
50,8,train,50,505.000000,504.908142
50,8,train,51,504.000000,503.825409
50,8,train,52,450.000000,450.178955
50,8,train,53,478.000000,478.025909
50,8,train,54,495.000000,494.831696
50,8,train,55,624.000000,624.136902
50,8,train,56,584.000000,584.000366
50,8,train,57,459.000000,459.206177
50,8,train,58,500.000000,499.779663
50,8,train,59,594.000000,593.924072
50,8,train,60,616.000000,615.920227
50,8,train,61,541.000000,540.991150
50,8,train,62,560.000000,559.684753
50,8,train,63,644.000000,643.797791
50,8,train,64,505.000000,505.092010
50,8,train,65,494.000000,493.679108
50,8,train,66,463.000000,463.003357
50,8,train,67,648.000000,648.636841
50,8,train,68,592.000000,595.931335
50,8,train,69,464.000000,464.089294
50,8,train,70,484.000000,484.312317
50,8,train,71,504.000000,503.409851
50,8,train,72,585.000000,585.085083
50,8,train,73,645.000000,644.663940
50,8,train,74,479.000000,479.109955
50,8,train,75,578.000000,577.879822
50,8,train,76,541.000000,541.144348
50,8,train,77,455.000000,454.844635
50,8,train,78,610.000000,609.996277
50,8,train,79,577.000000,576.962219
50,8,train,80,535.000000,534.806213
50,8,train,81,507.000000,506.950104
50,8,train,82,612.000000,611.754639
50,8,train,83,670.000000,670.061462
50,8,train,84,490.000000,489.951965
50,8,train,85,572.000000,572.036804
50,8,train,86,550.000000,550.069580
50,8,train,87,485.000000,484.902802
50,8,train,88,489.000000,488.895386
50,8,train,89,502.000000,502.271515
50,8,train,90,534.000000,534.012817
50,8,train,91,524.000000,523.789246
50,8,train,92,509.000000,509.017181
50,8,train,93,640.000000,640.067688
50,8,train,94,500.000000,499.992645
50,8,train,95,605.000000,617.458435
50,8,train,96,596.000000,595.808716
50,8,train,97,644.000000,643.509399
50,8,train,98,528.000000,526.682861
50,8,train,99,482.000000,482.235504
50,8,train,100,572.000000,572.024048
50,8,train,101,460.000000,460.319336
50,8,train,102,648.000000,648.041748
50,8,train,103,442.000000,441.949280
50,8,train,104,670.000000,670.061462
50,8,train,105,522.000000,522.022888
50,8,train,106,473.000000,473.170135
50,8,train,107,464.000000,463.929810
50,8,train,108,532.000000,532.019958
50,8,train,109,507.000000,506.954498
50,8,train,110,451.000000,451.156525
50,8,train,111,479.000000,478.801117
50,8,train,112,465.000000,465.212067
50,8,train,113,456.000000,456.199036
50,8,train,114,613.000000,613.059875
50,8,train,115,466.000000,465.805450
50,8,train,116,600.000000,595.931335
50,8,train,117,516.000000,516.044495
50,8,train,118,584.000000,584.000366
50,8,train,119,500.000000,500.277008
50,8,train,120,517.000000,516.694946
50,8,train,121,522.000000,522.022888
50,8,train,122,597.000000,596.934692
50,9,test,0,507.000000,540.845886
50,9,test,1,510.000000,516.773315
50,9,test,2,648.000000,658.457458
50,9,test,3,500.000000,462.857025
50,9,test,4,606.000000,572.831909
50,9,test,5,482.000000,487.713806
50,9,test,6,605.000000,606.022156
50,9,test,7,488.000000,510.522095
50,9,test,8,585.000000,605.497559
50,9,test,9,585.000000,605.497559
50,9,test,10,640.000000,670.942993
50,9,test,11,630.000000,538.422546
50,9,test,12,586.000000,559.120789
50,9,test,13,644.000000,512.831238
50,9,test,14,505.000000,500.544128
50,9,test,15,495.000000,489.084106
50,9,test,16,560.000000,504.015167
50,9,test,17,472.000000,507.418732
50,9,test,18,543.000000,521.688232
50,9,test,19,572.000000,574.673706
50,9,test,20,577.000000,573.210938
50,9,test,21,612.000000,604.572266
50,9,test,22,550.000000,520.479370
50,9,test,23,595.000000,602.411743
50,9,test,24,459.000000,493.209106
50,9,test,25,597.000000,595.104431
50,9,test,26,509.000000,510.495789
50,9,test,27,492.000000,482.261383
50,9,test,28,616.000000,614.135620
50,9,test,29,591.000000,595.897278
50,9,test,30,477.000000,483.709686
50,9,test,31,500.000000,504.445862
50,9,test,32,608.000000,600.983826
50,9,test,33,371.000000,514.456970
50,9,test,34,644.000000,587.455566
50,9,test,35,504.000000,491.622162
50,9,test,36,475.000000,467.015930
50,9,test,37,528.000000,503.145416
50,9,test,38,592.000000,604.279968
50,9,test,39,541.000000,559.120789
50,9,test,40,568.000000,580.948059
50,9,test,41,535.000000,532.315430
50,9,test,42,617.000000,510.772400
50,9,test,43,524.000000,580.073059
50,9,test,44,485.000000,564.336853
50,9,test,45,456.000000,491.261200
50,9,test,46,613.000000,614.117615
50,9,test,47,472.000000,483.164185
50,9,test,48,596.000000,607.744995
50,9,test,49,471.000000,485.384491
50,9,test,50,507.000000,536.443359
50,9,test,51,525.000000,575.926392
50,9,test,52,484.000000,479.917572
50,9,test,53,606.000000,595.398376
50,9,train,0,557.000000,573.568298
50,9,train,1,562.000000,548.251465
50,9,train,2,473.000000,475.079315
50,9,train,3,473.000000,481.312744
50,9,train,4,572.000000,568.885559
50,9,train,5,598.000000,593.374634
50,9,train,6,522.000000,526.126648
50,9,train,7,584.000000,586.240540
50,9,train,8,484.000000,482.111908
50,9,train,9,610.000000,602.411743
50,9,train,10,509.000000,510.495789
50,9,train,11,628.000000,616.743103
50,9,train,12,538.000000,540.731873
50,9,train,13,511.000000,513.891846
50,9,train,14,450.000000,455.678192
50,9,train,15,500.000000,503.942291
50,9,train,16,528.000000,530.217651
50,9,train,17,612.000000,600.983826
50,9,train,18,597.000000,592.792297
50,9,train,19,541.000000,537.238770
50,9,train,20,431.000000,447.554474
50,9,train,21,584.000000,582.274231
50,9,train,22,577.000000,576.711243
50,9,train,23,478.000000,480.295074
50,9,train,24,617.000000,617.273987
50,9,train,25,500.000000,499.955750
50,9,train,26,522.000000,526.126648
50,9,train,27,649.000000,645.538513
50,9,train,28,524.000000,520.747192
50,9,train,29,494.000000,492.657776
50,9,train,30,577.000000,573.210938
50,9,train,31,487.000000,486.088226
50,9,train,32,488.000000,488.996277
50,9,train,33,584.000000,582.274231
50,9,train,34,479.000000,482.046295
50,9,train,35,465.000000,486.635345
50,9,train,36,583.000000,572.990112
50,9,train,37,613.000000,614.117615
50,9,train,38,466.000000,464.153290
50,9,train,39,670.000000,670.574280
50,9,train,40,637.000000,630.488342
50,9,train,41,630.000000,632.847412
50,9,train,42,517.000000,516.683777
50,9,train,43,455.000000,458.291260
50,9,train,44,505.000000,504.177429
50,9,train,45,578.000000,580.481995
50,9,train,46,505.000000,507.463898
50,9,train,47,624.000000,621.400085
50,9,train,48,618.000000,615.873718
50,9,train,49,605.000000,616.743103
50,9,train,50,462.000000,461.069214
50,9,train,51,501.000000,500.221710
50,9,train,52,460.000000,480.989502
50,9,train,53,534.000000,526.757385
50,9,train,54,515.000000,509.701080
50,9,train,55,617.000000,617.273987
50,9,train,56,545.000000,542.573120
50,9,train,57,508.000000,510.350677
50,9,train,58,597.000000,595.104431
50,9,train,59,489.000000,488.684265
50,9,train,60,600.000000,604.279968
50,9,train,61,481.000000,484.735992
50,9,train,62,575.000000,582.789612
50,9,train,63,623.000000,616.517517
50,9,train,64,580.000000,585.630066
50,9,train,65,608.000000,601.202026
50,9,train,66,479.000000,480.598663
50,9,train,67,469.000000,469.342346
50,9,train,68,464.000000,457.888153
50,9,train,69,670.000000,670.574280
50,9,train,70,597.000000,595.567139
50,9,train,71,580.000000,580.611267
50,9,train,72,509.000000,504.274017
50,9,train,73,572.000000,568.885559
50,9,train,74,594.000000,573.568298
50,9,train,75,456.000000,454.824432
50,9,train,76,465.000000,465.857849
50,9,train,77,451.000000,454.167999
50,9,train,78,574.000000,572.249817
50,9,train,79,475.000000,474.541321
50,9,train,80,493.000000,489.213196
50,9,train,81,476.000000,483.164185
50,9,train,82,484.000000,491.474182
50,9,train,83,693.000000,678.281555
50,9,train,84,463.000000,462.274750
50,9,train,85,507.000000,508.629333
50,9,train,86,504.000000,502.018585
50,9,train,87,506.000000,515.812500
50,9,train,88,624.000000,618.402893
50,9,train,89,630.000000,632.847412
50,9,train,90,555.000000,558.909546
50,9,train,91,504.000000,502.242859
50,9,train,92,524.000000,525.177429
50,9,train,93,490.000000,489.500000
50,9,train,94,523.000000,519.215942
50,9,train,95,463.000000,463.123413
50,9,train,96,516.000000,516.910828
50,9,train,97,580.000000,576.097473
50,9,train,98,601.000000,610.747803
50,9,train,99,532.000000,524.651672
50,9,train,100,596.000000,604.520020
50,9,train,101,525.000000,527.533020
50,9,train,102,464.000000,466.369446
50,9,train,103,519.000000,519.812988
50,9,train,104,648.000000,643.542053
50,9,train,105,495.000000,503.145416
50,9,train,106,645.000000,630.808655
50,9,train,107,522.000000,524.416382
50,9,train,108,480.000000,486.128143
50,9,train,109,456.000000,460.838776
50,9,train,110,488.000000,486.710175
50,9,train,111,572.000000,574.673706
50,9,train,112,526.000000,527.497070
50,9,train,113,601.000000,598.076477
50,9,train,114,442.000000,450.030792
50,9,train,115,561.000000,550.112366
50,9,train,116,455.000000,454.916687
50,9,train,117,502.000000,502.196655
50,9,train,118,446.000000,451.981140
50,9,train,119,534.000000,529.311890
50,9,train,120,689.000000,672.429504
50,9,train,121,516.000000,516.910828
50,9,train,122,519.000000,515.558899
50,10,test,0,557.000000,574.067200
50,10,test,1,572.000000,581.986755
50,10,test,2,507.000000,543.075134
50,10,test,3,510.000000,476.466278
50,10,test,4,534.000000,514.770874
50,10,test,5,613.000000,612.019470
50,10,test,6,526.000000,485.094208
50,10,test,7,616.000000,624.540222
50,10,test,8,462.000000,453.362549
50,10,test,9,577.000000,501.183777
50,10,test,10,525.000000,560.146118
50,10,test,11,509.000000,488.876190
50,10,test,12,472.000000,525.438232
50,10,test,13,464.000000,463.688538
50,10,test,14,572.000000,566.782410
50,10,test,15,442.000000,471.150146
50,10,test,16,584.000000,587.141174
50,10,test,17,524.000000,499.135376
50,10,test,18,469.000000,519.320801
50,10,test,19,506.000000,576.246643
50,10,test,20,475.000000,492.493866
50,10,test,21,481.000000,523.515625
50,10,test,22,610.000000,553.090637
50,10,test,23,580.000000,515.113281
50,10,test,24,595.000000,553.090637
50,10,test,25,500.000000,509.946198
50,10,test,26,592.000000,591.058350
50,10,test,27,517.000000,538.330383
50,10,test,28,456.000000,494.114349
50,10,test,29,488.000000,492.908844
50,10,test,30,543.000000,519.619141
50,10,test,31,524.000000,488.952911
50,10,test,32,612.000000,595.660095
50,10,test,33,504.000000,483.728790
50,10,test,34,522.000000,487.885162
50,10,test,35,591.000000,577.089661
50,10,test,36,584.000000,587.141174
50,10,test,37,572.000000,581.986755
50,10,test,38,693.000000,628.116882
50,10,test,39,466.000000,473.214294
50,10,test,40,583.000000,588.861572
50,10,test,41,535.000000,559.365051
50,10,test,42,640.000000,680.411316
50,10,test,43,490.000000,496.380981
50,10,test,44,523.000000,496.637268
50,10,test,45,630.000000,627.908142
50,10,test,46,504.000000,464.566681
50,10,test,47,489.000000,477.126404
50,10,test,48,630.000000,627.908142
50,10,test,49,606.000000,618.951538
50,10,test,50,446.000000,507.150482
50,10,test,51,645.000000,588.154297
50,10,test,52,505.000000,510.324036
50,10,test,53,584.000000,612.264465
50,10,train,0,601.000000,617.619324
50,10,train,1,505.000000,503.134796
50,10,train,2,541.000000,554.380676
50,10,train,3,456.000000,465.931366
50,10,train,4,528.000000,526.571594
50,10,train,5,644.000000,620.849548
50,10,train,6,624.000000,620.872925
50,10,train,7,371.000000,392.038757
50,10,train,8,689.000000,676.997986
50,10,train,9,494.000000,490.471069
50,10,train,10,484.000000,489.567566
50,10,train,11,585.000000,584.080566
50,10,train,12,471.000000,475.104462
50,10,train,13,493.000000,492.908844
50,10,train,14,484.000000,480.167755
50,10,train,15,670.000000,669.846619
50,10,train,16,608.000000,610.841431
50,10,train,17,624.000000,628.212891
50,10,train,18,522.000000,522.279297
50,10,train,19,600.000000,591.058350
50,10,train,20,568.000000,573.357605
50,10,train,21,596.000000,608.717896
50,10,train,22,572.000000,566.782410
50,10,train,23,492.000000,504.140625
50,10,train,24,644.000000,635.063660
50,10,train,25,460.000000,468.603668
50,10,train,26,541.000000,549.692017
50,10,train,27,580.000000,594.626465
50,10,train,28,475.000000,470.642456
50,10,train,29,473.000000,489.702057
50,10,train,30,511.000000,509.371826
50,10,train,31,618.000000,621.491882
50,10,train,32,648.000000,649.826721
50,10,train,33,488.000000,488.581177
50,10,train,34,623.000000,605.287842
50,10,train,35,628.000000,620.218445
50,10,train,36,598.000000,599.381653
50,10,train,37,500.000000,493.943787
50,10,train,38,580.000000,590.183044
50,10,train,39,487.000000,476.510925
50,10,train,40,473.000000,470.950378
50,10,train,41,479.000000,479.113190
50,10,train,42,596.000000,598.749756
50,10,train,43,500.000000,481.481628
50,10,train,44,495.000000,516.378906
50,10,train,45,505.000000,510.538116
50,10,train,46,561.000000,556.540833
50,10,train,47,613.000000,612.019470
50,10,train,48,459.000000,461.163208
50,10,train,49,509.000000,512.044983
50,10,train,50,597.000000,597.025818
50,10,train,51,508.000000,512.301208
50,10,train,52,507.000000,515.421936
50,10,train,53,516.000000,521.463501
50,10,train,54,574.000000,559.896667
50,10,train,55,534.000000,517.022278
50,10,train,56,451.000000,455.239868
50,10,train,57,597.000000,589.498413
50,10,train,58,562.000000,533.788147
50,10,train,59,617.000000,611.222107
50,10,train,60,519.000000,529.694946
50,10,train,61,555.000000,567.236084
50,10,train,62,463.000000,477.842926
50,10,train,63,608.000000,595.660095
50,10,train,64,456.000000,464.269806
50,10,train,65,597.000000,598.677368
50,10,train,66,597.000000,598.677368
50,10,train,67,524.000000,527.580444
50,10,train,68,577.000000,572.468872
50,10,train,69,501.000000,494.121887
50,10,train,70,450.000000,447.918884
50,10,train,71,594.000000,574.067200
50,10,train,72,605.000000,610.054626
50,10,train,73,577.000000,572.468872
50,10,train,74,478.000000,478.778961
50,10,train,75,605.000000,620.218445
50,10,train,76,515.000000,510.730927
50,10,train,77,532.000000,527.502380
50,10,train,78,649.000000,649.021851
50,10,train,79,504.000000,492.945953
50,10,train,80,509.000000,512.044983
50,10,train,81,484.000000,484.161743
50,10,train,82,522.000000,522.279297
50,10,train,83,648.000000,627.681580
50,10,train,84,586.000000,554.380676
50,10,train,85,578.000000,584.506104
50,10,train,86,465.000000,476.928070
50,10,train,87,612.000000,606.478760
50,10,train,88,455.000000,464.551605
50,10,train,89,477.000000,483.875793
50,10,train,90,585.000000,584.080566
50,10,train,91,630.000000,613.116821
50,10,train,92,670.000000,669.846619
50,10,train,93,516.000000,521.463501
50,10,train,94,463.000000,455.070923
50,10,train,95,519.000000,509.771942
50,10,train,96,507.000000,498.934753
50,10,train,97,525.000000,519.106934
50,10,train,98,482.000000,470.849152
50,10,train,99,488.000000,488.035828
50,10,train,100,637.000000,626.838013
50,10,train,101,480.000000,488.471771
50,10,train,102,606.000000,601.920410
50,10,train,103,485.000000,503.325012
50,10,train,104,617.000000,614.778198
50,10,train,105,560.000000,553.698853
50,10,train,106,464.000000,463.643738
50,10,train,107,617.000000,614.778198
50,10,train,108,545.000000,547.145020
50,10,train,109,465.000000,467.315765
50,10,train,110,601.000000,601.353210
50,10,train,111,538.000000,542.005615
50,10,train,112,495.000000,497.136536
50,10,train,113,472.000000,479.994110
50,10,train,114,431.000000,453.362549
50,10,train,115,500.000000,507.520447
50,10,train,116,476.000000,479.994110
50,10,train,117,479.000000,478.585388
50,10,train,118,575.000000,586.263000
50,10,train,119,455.000000,450.819946
50,10,train,120,550.000000,562.771973
50,10,train,121,502.000000,502.553833
50,10,train,122,528.000000,511.592163
100,1,test,0,584.000000,579.759705
100,1,test,1,510.000000,543.521484
100,1,test,2,525.000000,540.941467
100,1,test,3,557.000000,579.333252
100,1,test,4,596.000000,629.904968
100,1,test,5,528.000000,520.629883
100,1,test,6,645.000000,572.713379
100,1,test,7,460.000000,556.598389
100,1,test,8,572.000000,525.665527
100,1,test,9,509.000000,508.554077
100,1,test,10,577.000000,568.255432
100,1,test,11,555.000000,561.059509
100,1,test,12,485.000000,549.796021
100,1,test,13,580.000000,621.624695
100,1,test,14,456.000000,472.347382
100,1,test,15,597.000000,581.886353
100,1,test,16,484.000000,515.719360
100,1,test,17,584.000000,569.675781
100,1,test,18,502.000000,507.304230
100,1,test,19,612.000000,583.612610
100,1,test,20,644.000000,592.210144
100,1,test,21,501.000000,485.478912
100,1,test,22,462.000000,449.409698
100,1,test,23,495.000000,490.326233
100,1,test,24,601.000000,623.588867
100,1,test,25,613.000000,594.899902
100,1,test,26,610.000000,587.714478
100,1,test,27,580.000000,605.076172
100,1,test,28,545.000000,538.200500
100,1,test,29,469.000000,472.870300
100,1,test,30,479.000000,498.398590
100,1,test,31,478.000000,477.100647
100,1,test,32,446.000000,489.841644
100,1,test,33,463.000000,483.733368
100,1,test,34,613.000000,595.426880
100,1,test,35,572.000000,570.751099
100,1,test,36,572.000000,525.665527
100,1,test,37,524.000000,533.109863
100,1,test,38,575.000000,573.489990
100,1,test,39,600.000000,590.523315
100,1,test,40,560.000000,497.477539
100,1,test,41,442.000000,465.177856
100,1,test,42,451.000000,477.848114
100,1,test,43,616.000000,618.969482
100,1,test,44,534.000000,488.017181
100,1,test,45,608.000000,596.373047
100,1,test,46,489.000000,480.244904
100,1,test,47,637.000000,585.736694
100,1,test,48,648.000000,558.102600
100,1,test,49,523.000000,496.672150
100,1,test,50,519.000000,503.277496
100,1,test,51,524.000000,531.990540
100,1,test,52,500.000000,479.290466
100,1,test,53,495.000000,523.612610
100,1,train,0,585.000000,584.664490
100,1,train,1,509.000000,508.554077
100,1,train,2,577.000000,568.255432
100,1,train,3,479.000000,490.569641
100,1,train,4,504.000000,489.101135
100,1,train,5,509.000000,509.064026
100,1,train,6,606.000000,593.958008
100,1,train,7,605.000000,605.109863
100,1,train,8,484.000000,490.135376
100,1,train,9,488.000000,484.129578
100,1,train,10,630.000000,631.527222
100,1,train,11,507.000000,529.457947
100,1,train,12,522.000000,520.620117
100,1,train,13,628.000000,615.361511
100,1,train,14,522.000000,520.620117
100,1,train,15,578.000000,583.033386
100,1,train,16,640.000000,639.042297
100,1,train,17,618.000000,619.445801
100,1,train,18,431.000000,440.377380
100,1,train,19,649.000000,640.282166
100,1,train,20,526.000000,532.641724
100,1,train,21,535.000000,525.968323
100,1,train,22,507.000000,517.579956
100,1,train,23,541.000000,560.095032
100,1,train,24,612.000000,596.373047
100,1,train,25,617.000000,613.474060
100,1,train,26,459.000000,462.803711
100,1,train,27,597.000000,594.719849
100,1,train,28,538.000000,535.358215
100,1,train,29,508.000000,508.303955
100,1,train,30,525.000000,522.839783
100,1,train,31,455.000000,462.344666
100,1,train,32,472.000000,471.917328
100,1,train,33,596.000000,580.698547
100,1,train,34,617.000000,617.709595
100,1,train,35,623.000000,621.536194
100,1,train,36,594.000000,579.333252
100,1,train,37,480.000000,481.677307
100,1,train,38,504.000000,496.059753
100,1,train,39,516.000000,517.420959
100,1,train,40,541.000000,534.813599
100,1,train,41,505.000000,505.708038
100,1,train,42,515.000000,512.495789
100,1,train,43,522.000000,509.140289
100,1,train,44,506.000000,532.827087
100,1,train,45,577.000000,571.221069
100,1,train,46,574.000000,557.993347
100,1,train,47,624.000000,621.612671
100,1,train,48,543.000000,539.978210
100,1,train,49,644.000000,614.720337
100,1,train,50,584.000000,579.759705
100,1,train,51,500.000000,502.903992
100,1,train,52,689.000000,661.358948
100,1,train,53,586.000000,560.622009
100,1,train,54,617.000000,617.709595
100,1,train,55,473.000000,490.707001
100,1,train,56,572.000000,570.751099
100,1,train,57,595.000000,587.714478
100,1,train,58,528.000000,524.622803
100,1,train,59,492.000000,488.970795
100,1,train,60,516.000000,517.420959
100,1,train,61,473.000000,466.025391
100,1,train,62,505.000000,511.332855
100,1,train,63,534.000000,520.366150
100,1,train,64,630.000000,631.527222
100,1,train,65,670.000000,667.552124
100,1,train,66,598.000000,595.587097
100,1,train,67,488.000000,499.680939
100,1,train,68,481.000000,490.650299
100,1,train,69,455.000000,459.934814
100,1,train,70,550.000000,558.412415
100,1,train,71,505.000000,495.380615
100,1,train,72,608.000000,601.633911
100,1,train,73,482.000000,473.041992
100,1,train,74,466.000000,468.543152
100,1,train,75,471.000000,477.242920
100,1,train,76,624.000000,637.434753
100,1,train,77,591.000000,597.741089
100,1,train,78,488.000000,488.463440
100,1,train,79,606.000000,610.398376
100,1,train,80,693.000000,668.285339
100,1,train,81,475.000000,476.011841
100,1,train,82,484.000000,487.663788
100,1,train,83,580.000000,573.842346
100,1,train,84,511.000000,515.221558
100,1,train,85,562.000000,549.267517
100,1,train,86,630.000000,582.071838
100,1,train,87,583.000000,578.287964
100,1,train,88,465.000000,472.068085
100,1,train,89,524.000000,528.496704
100,1,train,90,472.000000,477.661041
100,1,train,91,456.000000,475.627258
100,1,train,92,456.000000,471.651367
100,1,train,93,475.000000,478.819336
100,1,train,94,465.000000,488.562378
100,1,train,95,561.000000,548.497803
100,1,train,96,464.000000,464.870636
100,1,train,97,490.000000,489.932434
100,1,train,98,450.000000,456.881287
100,1,train,99,601.000000,620.165222
100,1,train,100,463.000000,445.635010
100,1,train,101,670.000000,667.552124
100,1,train,102,597.000000,594.719849
100,1,train,103,592.000000,590.523315
100,1,train,104,597.000000,598.064880
100,1,train,105,371.000000,464.177246
100,1,train,106,500.000000,501.772705
100,1,train,107,476.000000,477.661041
100,1,train,108,464.000000,469.634094
100,1,train,109,494.000000,489.039703
100,1,train,110,585.000000,584.664490
100,1,train,111,507.000000,517.217346
100,1,train,112,568.000000,566.857666
100,1,train,113,500.000000,489.282410
100,1,train,114,605.000000,615.361511
100,1,train,115,519.000000,520.077820
100,1,train,116,504.000000,493.760742
100,1,train,117,487.000000,479.583130
100,1,train,118,517.000000,509.839264
100,1,train,119,532.000000,531.246155
100,1,train,120,493.000000,491.907379
100,1,train,121,477.000000,483.330414
100,1,train,122,648.000000,650.656372
100,2,test,0,495.000000,521.150085
100,2,test,1,473.000000,515.667786
100,2,test,2,618.000000,612.220886
100,2,test,3,568.000000,559.497131
100,2,test,4,584.000000,592.021973
100,2,test,5,507.000000,586.663574
100,2,test,6,455.000000,530.093201
100,2,test,7,543.000000,526.658813
100,2,test,8,597.000000,585.338135
100,2,test,9,600.000000,591.120544
100,2,test,10,524.000000,555.331726
100,2,test,11,475.000000,442.587280
100,2,test,12,459.000000,497.697540
100,2,test,13,500.000000,534.386658
100,2,test,14,689.000000,632.762512
100,2,test,15,606.000000,594.440369
100,2,test,16,580.000000,583.488403
100,2,test,17,541.000000,584.348816
100,2,test,18,580.000000,655.218079
100,2,test,19,476.000000,472.720490
100,2,test,20,617.000000,546.505737
100,2,test,21,628.000000,603.539001
100,2,test,22,509.000000,525.709290
100,2,test,23,509.000000,525.709290
100,2,test,24,463.000000,495.708618
100,2,test,25,596.000000,633.530090
100,2,test,26,522.000000,521.565674
100,2,test,27,608.000000,634.424316
100,2,test,28,560.000000,490.843811
100,2,test,29,693.000000,632.620911
100,2,test,30,517.000000,519.390808
100,2,test,31,455.000000,503.603149
100,2,test,32,446.000000,506.272400
100,2,test,33,534.000000,493.056183
100,2,test,34,577.000000,576.989929
100,2,test,35,575.000000,577.940247
100,2,test,36,528.000000,527.908875
100,2,test,37,645.000000,546.838928
100,2,test,38,585.000000,584.426514
100,2,test,39,516.000000,516.773254
100,2,test,40,479.000000,496.210327
100,2,test,41,473.000000,488.987427
100,2,test,42,487.000000,473.140228
100,2,test,43,460.000000,587.713379
100,2,test,44,500.000000,493.026764
100,2,test,45,596.000000,524.602905
100,2,test,46,519.000000,524.325378
100,2,test,47,608.000000,611.750488
100,2,test,48,492.000000,485.562103
100,2,test,49,509.000000,507.170746
100,2,test,50,479.000000,507.988007
100,2,test,51,505.000000,506.178864
100,2,test,52,466.000000,458.540894
100,2,test,53,613.000000,612.816956
100,2,train,0,630.000000,629.754272
100,2,train,1,511.000000,511.269623
100,2,train,2,478.000000,477.915619
100,2,train,3,465.000000,464.954773
100,2,train,4,605.000000,603.539001
100,2,train,5,524.000000,524.249756
100,2,train,6,515.000000,513.131714
100,2,train,7,477.000000,477.521698
100,2,train,8,494.000000,493.636139
100,2,train,9,577.000000,576.989929
100,2,train,10,488.000000,488.640564
100,2,train,11,578.000000,578.218262
100,2,train,12,484.000000,484.603119
100,2,train,13,465.000000,464.361145
100,2,train,14,480.000000,479.174225
100,2,train,15,538.000000,537.799561
100,2,train,16,586.000000,584.348816
100,2,train,17,532.000000,532.485474
100,2,train,18,598.000000,597.963623
100,2,train,19,670.000000,670.727051
100,2,train,20,507.000000,511.269836
100,2,train,21,505.000000,505.540833
100,2,train,22,500.000000,502.667908
100,2,train,23,519.000000,515.227966
100,2,train,24,525.000000,525.081848
100,2,train,25,630.000000,628.877197
100,2,train,26,508.000000,507.821442
100,2,train,27,605.000000,604.615784
100,2,train,28,442.000000,442.081238
100,2,train,29,482.000000,481.277954
100,2,train,30,484.000000,485.574188
100,2,train,31,464.000000,465.001099
100,2,train,32,451.000000,450.625244
100,2,train,33,371.000000,372.644470
100,2,train,34,524.000000,524.408386
100,2,train,35,535.000000,532.083191
100,2,train,36,472.000000,471.889862
100,2,train,37,545.000000,546.559021
100,2,train,38,572.000000,572.561401
100,2,train,39,617.000000,617.438477
100,2,train,40,649.000000,647.700195
100,2,train,41,504.000000,504.241608
100,2,train,42,463.000000,461.004211
100,2,train,43,456.000000,458.173370
100,2,train,44,601.000000,603.480652
100,2,train,45,630.000000,629.754272
100,2,train,46,572.000000,571.935181
100,2,train,47,597.000000,597.174927
100,2,train,48,648.000000,646.201599
100,2,train,49,613.000000,612.816956
100,2,train,50,500.000000,497.624390
100,2,train,51,502.000000,502.118805
100,2,train,52,464.000000,464.689667
100,2,train,53,489.000000,487.960480
100,2,train,54,504.000000,503.056854
100,2,train,55,592.000000,591.120544
100,2,train,56,475.000000,474.583710
100,2,train,57,505.000000,504.806671
100,2,train,58,534.000000,533.931580
100,2,train,59,525.000000,524.273254
100,2,train,60,481.000000,481.299286
100,2,train,61,670.000000,670.727051
100,2,train,62,612.000000,611.750488
100,2,train,63,585.000000,584.426514
100,2,train,64,528.000000,528.450256
100,2,train,65,456.000000,457.820770
100,2,train,66,574.000000,574.153442
100,2,train,67,601.000000,600.727478
100,2,train,68,577.000000,576.259155
100,2,train,69,488.000000,487.835419
100,2,train,70,472.000000,472.720490
100,2,train,71,456.000000,456.153107
100,2,train,72,591.000000,592.756836
100,2,train,73,624.000000,623.495483
100,2,train,74,431.000000,436.175751
100,2,train,75,597.000000,597.174927
100,2,train,76,584.000000,584.382446
100,2,train,77,469.000000,468.071716
100,2,train,78,522.000000,521.565674
100,2,train,79,495.000000,496.188721
100,2,train,80,526.000000,527.577759
100,2,train,81,640.000000,639.585205
100,2,train,82,616.000000,616.528625
100,2,train,83,580.000000,581.049866
100,2,train,84,623.000000,623.355896
100,2,train,85,507.000000,507.713776
100,2,train,86,597.000000,594.134460
100,2,train,87,624.000000,623.903687
100,2,train,88,471.000000,472.485687
100,2,train,89,506.000000,508.220062
100,2,train,90,583.000000,581.864929
100,2,train,91,504.000000,504.119965
100,2,train,92,594.000000,580.950867
100,2,train,93,617.000000,617.438477
100,2,train,94,557.000000,570.294556
100,2,train,95,595.000000,601.324280
100,2,train,96,488.000000,487.645844
100,2,train,97,523.000000,522.549622
100,2,train,98,637.000000,635.572266
100,2,train,99,644.000000,641.392578
100,2,train,100,572.000000,572.561401
100,2,train,101,644.000000,642.598877
100,2,train,102,485.000000,485.268677
100,2,train,103,555.000000,557.647705
100,2,train,104,572.000000,571.935181
100,2,train,105,648.000000,648.057007
100,2,train,106,510.000000,508.981171
100,2,train,107,522.000000,522.343079
100,2,train,108,484.000000,483.994446
100,2,train,109,612.000000,612.012573
100,2,train,110,490.000000,490.157593
100,2,train,111,610.000000,602.767517
100,2,train,112,462.000000,456.554291
100,2,train,113,584.000000,584.382446
100,2,train,114,541.000000,538.514648
100,2,train,115,450.000000,451.339386
100,2,train,116,516.000000,516.773254
100,2,train,117,501.000000,500.325745
100,2,train,118,606.000000,606.290833
100,2,train,119,561.000000,559.921570
100,2,train,120,493.000000,491.482605
100,2,train,121,550.000000,551.355530
100,2,train,122,562.000000,559.533081
100,3,test,0,601.000000,594.390869
100,3,test,1,596.000000,604.581909
100,3,test,2,574.000000,512.684631
100,3,test,3,466.000000,458.861420
100,3,test,4,482.000000,459.811829
100,3,test,5,473.000000,533.238220
100,3,test,6,594.000000,556.858826
100,3,test,7,493.000000,486.612030
100,3,test,8,524.000000,509.660309
100,3,test,9,644.000000,523.571228
100,3,test,10,455.000000,464.678925
100,3,test,11,475.000000,472.701385
100,3,test,12,505.000000,506.904419
100,3,test,13,612.000000,604.903381
100,3,test,14,644.000000,610.434814
100,3,test,15,459.000000,497.116211
100,3,test,16,597.000000,595.943604
100,3,test,17,550.000000,576.810791
100,3,test,18,524.000000,515.253418
100,3,test,19,506.000000,609.913330
100,3,test,20,523.000000,497.427521
100,3,test,21,500.000000,505.415649
100,3,test,22,568.000000,571.831482
100,3,test,23,640.000000,665.516907
100,3,test,24,605.000000,628.713562
100,3,test,25,465.000000,473.768616
100,3,test,26,610.000000,580.983521
100,3,test,27,608.000000,592.839539
100,3,test,28,585.000000,585.054565
100,3,test,29,584.000000,584.101990
100,3,test,30,597.000000,577.768127
100,3,test,31,555.000000,542.519714
100,3,test,32,507.000000,541.168884
100,3,test,33,670.000000,670.296814
100,3,test,34,598.000000,565.375732
100,3,test,35,617.000000,550.728088
100,3,test,36,580.000000,596.232361
100,3,test,37,595.000000,580.983521
100,3,test,38,612.000000,564.360901
100,3,test,39,463.000000,424.455200
100,3,test,40,463.000000,460.158356
100,3,test,41,541.000000,599.659058
100,3,test,42,617.000000,614.759460
100,3,test,43,572.000000,572.399048
100,3,test,44,525.000000,491.521088
100,3,test,45,495.000000,531.845398
100,3,test,46,460.000000,547.341553
100,3,test,47,693.000000,629.797913
100,3,test,48,484.000000,465.063568
100,3,test,49,495.000000,484.902130
100,3,test,50,472.000000,478.800446
100,3,test,51,623.000000,614.348877
100,3,test,52,586.000000,540.451355
100,3,test,53,488.000000,463.215240
100,3,train,0,519.000000,517.907043
100,3,train,1,585.000000,585.054565
100,3,train,2,670.000000,670.296814
100,3,train,3,630.000000,630.083374
100,3,train,4,465.000000,463.724213
100,3,train,5,618.000000,618.108643
100,3,train,6,606.000000,606.581543
100,3,train,7,572.000000,572.323547
100,3,train,8,561.000000,560.277771
100,3,train,9,605.000000,605.695312
100,3,train,10,504.000000,504.628662
100,3,train,11,473.000000,469.104919
100,3,train,12,528.000000,528.323608
100,3,train,13,490.000000,490.016205
100,3,train,14,500.000000,499.474579
100,3,train,15,649.000000,646.117004
100,3,train,16,522.000000,522.256653
100,3,train,17,628.000000,628.713562
100,3,train,18,584.000000,584.184265
100,3,train,19,455.000000,456.697449
100,3,train,20,597.000000,595.773743
100,3,train,21,516.000000,515.797791
100,3,train,22,515.000000,514.501831
100,3,train,23,525.000000,524.239990
100,3,train,24,484.000000,485.792542
100,3,train,25,502.000000,502.629761
100,3,train,26,592.000000,595.965454
100,3,train,27,488.000000,487.144653
100,3,train,28,645.000000,642.690430
100,3,train,29,577.000000,576.576782
100,3,train,30,577.000000,577.042114
100,3,train,31,476.000000,478.687439
100,3,train,32,500.000000,500.187073
100,3,train,33,481.000000,482.160583
100,3,train,34,528.000000,528.628723
100,3,train,35,494.000000,491.065002
100,3,train,36,456.000000,456.724915
100,3,train,37,580.000000,582.980713
100,3,train,38,616.000000,615.684509
100,3,train,39,534.000000,533.992615
100,3,train,40,431.000000,438.689758
100,3,train,41,606.000000,602.536743
100,3,train,42,532.000000,531.916260
100,3,train,43,477.000000,475.135925
100,3,train,44,442.000000,442.466461
100,3,train,45,451.000000,449.981506
100,3,train,46,608.000000,604.903381
100,3,train,47,479.000000,479.244019
100,3,train,48,578.000000,577.115662
100,3,train,49,464.000000,464.727356
100,3,train,50,478.000000,479.247864
100,3,train,51,624.000000,623.614197
100,3,train,52,517.000000,516.559814
100,3,train,53,464.000000,462.903412
100,3,train,54,600.000000,595.965454
100,3,train,55,630.000000,627.972046
100,3,train,56,504.000000,502.090851
100,3,train,57,507.000000,507.941620
100,3,train,58,584.000000,584.101990
100,3,train,59,597.000000,595.943604
100,3,train,60,472.000000,474.274445
100,3,train,61,501.000000,498.791962
100,3,train,62,508.000000,508.195862
100,3,train,63,456.000000,456.002472
100,3,train,64,583.000000,586.628357
100,3,train,65,624.000000,626.227600
100,3,train,66,471.000000,475.132812
100,3,train,67,545.000000,544.961304
100,3,train,68,572.000000,572.323547
100,3,train,69,630.000000,630.083374
100,3,train,70,617.000000,614.759460
100,3,train,71,522.000000,519.644958
100,3,train,72,543.000000,543.302307
100,3,train,73,504.000000,503.340820
100,3,train,74,562.000000,558.378540
100,3,train,75,526.000000,525.917297
100,3,train,76,613.000000,612.809631
100,3,train,77,475.000000,475.000275
100,3,train,78,575.000000,575.876648
100,3,train,79,462.000000,456.090881
100,3,train,80,510.000000,509.137695
100,3,train,81,648.000000,646.113647
100,3,train,82,601.000000,607.251953
100,3,train,83,560.000000,555.900085
100,3,train,84,488.000000,490.220215
100,3,train,85,577.000000,577.042114
100,3,train,86,505.000000,504.707489
100,3,train,87,580.000000,580.516296
100,3,train,88,509.000000,508.507690
100,3,train,89,507.000000,512.158508
100,3,train,90,648.000000,648.325623
100,3,train,91,487.000000,484.060974
100,3,train,92,479.000000,479.932434
100,3,train,93,637.000000,633.818054
100,3,train,94,450.000000,451.156891
100,3,train,95,480.000000,477.291473
100,3,train,96,689.000000,687.326782
100,3,train,97,613.000000,612.809631
100,3,train,98,469.000000,470.190033
100,3,train,99,516.000000,515.797791
100,3,train,100,557.000000,556.858826
100,3,train,101,572.000000,572.399048
100,3,train,102,519.000000,519.574890
100,3,train,103,456.000000,458.402313
100,3,train,104,541.000000,540.451355
100,3,train,105,509.000000,507.352539
100,3,train,106,446.000000,446.864777
100,3,train,107,489.000000,486.844269
100,3,train,108,591.000000,593.533325
100,3,train,109,371.000000,388.324585
100,3,train,110,522.000000,522.256653
100,3,train,111,484.000000,489.669678
100,3,train,112,596.000000,595.799438
100,3,train,113,492.000000,491.791321
100,3,train,114,505.000000,505.755615
100,3,train,115,524.000000,524.496643
100,3,train,116,485.000000,484.883240
100,3,train,117,500.000000,497.078613
100,3,train,118,535.000000,530.865662
100,3,train,119,538.000000,537.955627
100,3,train,120,511.000000,511.212646
100,3,train,121,534.000000,532.216797
100,3,train,122,509.000000,508.507690
100,4,test,0,541.000000,521.825256
100,4,test,1,463.000000,551.368347
100,4,test,2,460.000000,547.294128
100,4,test,3,628.000000,605.038879
100,4,test,4,489.000000,472.040253
100,4,test,5,476.000000,471.983704
100,4,test,6,591.000000,605.329895
100,4,test,7,504.000000,493.186615
100,4,test,8,475.000000,467.298279
100,4,test,9,488.000000,492.041046
100,4,test,10,572.000000,527.969238
100,4,test,11,648.000000,545.729370
100,4,test,12,524.000000,548.728333
100,4,test,13,618.000000,589.925720
100,4,test,14,637.000000,582.944153
100,4,test,15,522.000000,510.470276
100,4,test,16,600.000000,592.002502
100,4,test,17,572.000000,527.969238
100,4,test,18,522.000000,510.470276
100,4,test,19,484.000000,480.581482
100,4,test,20,572.000000,572.006409
100,4,test,21,623.000000,597.617737
100,4,test,22,479.000000,467.291412
100,4,test,23,504.000000,525.723083
100,4,test,24,459.000000,507.677368
100,4,test,25,517.000000,511.766968
100,4,test,26,557.000000,594.015869
100,4,test,27,516.000000,516.003723
100,4,test,28,371.000000,552.575562
100,4,test,29,473.000000,531.160339
100,4,test,30,610.000000,594.991638
100,4,test,31,525.000000,505.499176
100,4,test,32,495.000000,531.622803
100,4,test,33,575.000000,586.120239
100,4,test,34,488.000000,535.736755
100,4,test,35,464.000000,485.987701
100,4,test,36,545.000000,542.832458
100,4,test,37,525.000000,534.730469
100,4,test,38,541.000000,585.940491
100,4,test,39,617.000000,550.936096
100,4,test,40,500.000000,490.930298
100,4,test,41,580.000000,604.843201
100,4,test,42,693.000000,602.927185
100,4,test,43,464.000000,470.925171
100,4,test,44,451.000000,459.607147
100,4,test,45,463.000000,474.975983
100,4,test,46,585.000000,599.065735
100,4,test,47,477.000000,496.559753
100,4,test,48,568.000000,550.987488
100,4,test,49,500.000000,480.345337
100,4,test,50,522.000000,513.650635
100,4,test,51,585.000000,599.065735
100,4,test,52,613.000000,612.994202
100,4,test,53,577.000000,576.985413
100,4,train,0,577.000000,576.985413
100,4,train,1,505.000000,505.003632
100,4,train,2,584.000000,583.994812
100,4,train,3,509.000000,508.999298
100,4,train,4,488.000000,488.001282
100,4,train,5,508.000000,507.988647
100,4,train,6,574.000000,573.981201
100,4,train,7,479.000000,478.990417
100,4,train,8,630.000000,629.994507
100,4,train,9,605.000000,605.038879
100,4,train,10,617.000000,617.015808
100,4,train,11,608.000000,608.071350
100,4,train,12,507.000000,506.971252
100,4,train,13,505.000000,504.958801
100,4,train,14,597.000000,597.020630
100,4,train,15,507.000000,507.005859
100,4,train,16,645.000000,645.022156
100,4,train,17,455.000000,454.975464
100,4,train,18,515.000000,514.994690
100,4,train,19,584.000000,584.000488
100,4,train,20,597.000000,596.982422
100,4,train,21,446.000000,446.004395
100,4,train,22,580.000000,579.975830
100,4,train,23,594.000000,594.015869
100,4,train,24,455.000000,454.985718
100,4,train,25,471.000000,471.054260
100,4,train,26,482.000000,481.990631
100,4,train,27,506.000000,506.013824
100,4,train,28,478.000000,477.995087
100,4,train,29,490.000000,490.013916
100,4,train,30,450.000000,449.987549
100,4,train,31,577.000000,576.980164
100,4,train,32,500.000000,500.029846
100,4,train,33,507.000000,507.023804
100,4,train,34,550.000000,549.994690
100,4,train,35,670.000000,669.989380
100,4,train,36,606.000000,606.023315
100,4,train,37,456.000000,455.973877
100,4,train,38,586.000000,585.957153
100,4,train,39,469.000000,469.018524
100,4,train,40,543.000000,543.000854
100,4,train,41,456.000000,455.981140
100,4,train,42,595.000000,594.991638
100,4,train,43,596.000000,595.987366
100,4,train,44,598.000000,598.029846
100,4,train,45,612.000000,611.321960
100,4,train,46,510.000000,509.991943
100,4,train,47,616.000000,616.000244
100,4,train,48,528.000000,527.989746
100,4,train,49,484.000000,484.078461
100,4,train,50,689.000000,688.857056
100,4,train,51,480.000000,480.042053
100,4,train,52,592.000000,592.002502
100,4,train,53,596.000000,596.003784
100,4,train,54,528.000000,528.000366
100,4,train,55,524.000000,523.993896
100,4,train,56,605.000000,605.029297
100,4,train,57,601.000000,600.997986
100,4,train,58,612.000000,611.979309
100,4,train,59,617.000000,617.015808
100,4,train,60,494.000000,494.018890
100,4,train,61,484.000000,484.027710
100,4,train,62,502.000000,502.002167
100,4,train,63,555.000000,555.041199
100,4,train,64,534.000000,534.075500
100,4,train,65,597.000000,597.020630
100,4,train,66,562.000000,561.971313
100,4,train,67,560.000000,559.995667
100,4,train,68,640.000000,640.188721
100,4,train,69,493.000000,493.019562
100,4,train,70,648.000000,647.993103
100,4,train,71,583.000000,583.015869
100,4,train,72,472.000000,471.983704
100,4,train,73,644.000000,644.048035
100,4,train,74,485.000000,485.048370
100,4,train,75,442.000000,442.004852
100,4,train,76,578.000000,577.983459
100,4,train,77,487.000000,486.915192
100,4,train,78,613.000000,612.994202
100,4,train,79,505.000000,504.991760
100,4,train,80,524.000000,523.973694
100,4,train,81,473.000000,472.981201
100,4,train,82,501.000000,501.015015
100,4,train,83,561.000000,561.066284
100,4,train,84,504.000000,503.981415
100,4,train,85,495.000000,494.980133
100,4,train,86,462.000000,461.933563
100,4,train,87,584.000000,583.994812
100,4,train,88,670.000000,669.989380
100,4,train,89,465.000000,464.983643
100,4,train,90,456.000000,455.987610
100,4,train,91,475.000000,475.009247
100,4,train,92,481.000000,480.993774
100,4,train,93,624.000000,623.993774
100,4,train,94,431.000000,431.013733
100,4,train,95,509.000000,509.002930
100,4,train,96,580.000000,579.959961
100,4,train,97,500.000000,500.035522
100,4,train,98,630.000000,629.974915
100,4,train,99,526.000000,526.014099
100,4,train,100,534.000000,533.953125
100,4,train,101,492.000000,491.991791
100,4,train,102,535.000000,534.977966
100,4,train,103,538.000000,538.044373
100,4,train,104,511.000000,510.990540
100,4,train,105,624.000000,623.998047
100,4,train,106,519.000000,518.973450
100,4,train,107,644.000000,643.863953
100,4,train,108,608.000000,608.742615
100,4,train,109,601.000000,600.971802
100,4,train,110,465.000000,465.037231
100,4,train,111,472.000000,471.990112
100,4,train,112,509.000000,508.999298
100,4,train,113,466.000000,465.969360
100,4,train,114,572.000000,572.006409
100,4,train,115,523.000000,522.972717
100,4,train,116,532.000000,531.992737
100,4,train,117,597.000000,596.972290
100,4,train,118,630.000000,629.994507
100,4,train,119,516.000000,516.003723
100,4,train,120,519.000000,518.981873
100,4,train,121,649.000000,649.053894
100,4,train,122,606.000000,605.990295
100,5,test,0,482.000000,480.818573
100,5,test,1,601.000000,604.400391
100,5,test,2,475.000000,478.087769
100,5,test,3,605.000000,602.006836
100,5,test,4,617.000000,595.421631
100,5,test,5,465.000000,574.763245
100,5,test,6,689.000000,638.908997
100,5,test,7,616.000000,630.368103
100,5,test,8,522.000000,519.027039
100,5,test,9,500.000000,513.850891
100,5,test,10,598.000000,580.882935
100,5,test,11,560.000000,524.676270
100,5,test,12,500.000000,506.815552
100,5,test,13,594.000000,556.953430
100,5,test,14,509.000000,493.881927
100,5,test,15,568.000000,587.563477
100,5,test,16,600.000000,592.017456
100,5,test,17,580.000000,601.227356
100,5,test,18,577.000000,576.968750
100,5,test,19,535.000000,511.564789
100,5,test,20,618.000000,624.337830
100,5,test,21,534.000000,506.658112
100,5,test,22,489.000000,487.862976
100,5,test,23,617.000000,616.949280
100,5,test,24,591.000000,594.959717
100,5,test,25,456.000000,539.296143
100,5,test,26,606.000000,587.247498
100,5,test,27,605.000000,628.051453
100,5,test,28,472.000000,513.552551
100,5,test,29,516.000000,515.987610
100,5,test,30,473.000000,519.028625
100,5,test,31,504.000000,488.761383
100,5,test,32,475.000000,480.784424
100,5,test,33,505.000000,501.773987
100,5,test,34,465.000000,476.836670
100,5,test,35,596.000000,623.817932
100,5,test,36,644.000000,596.748779
100,5,test,37,541.000000,523.428711
100,5,test,38,525.000000,527.502930
100,5,test,39,670.000000,670.060242
100,5,test,40,517.000000,522.578674
100,5,test,41,480.000000,513.342346
100,5,test,42,524.000000,531.623047
100,5,test,43,463.000000,513.206421
100,5,test,44,464.000000,502.444580
100,5,test,45,511.000000,520.300964
100,5,test,46,490.000000,540.960266
100,5,test,47,495.000000,518.250122
100,5,test,48,584.000000,584.065552
100,5,test,49,597.000000,590.137573
100,5,test,50,528.000000,538.559082
100,5,test,51,597.000000,596.965759
100,5,test,52,525.000000,510.478088
100,5,test,53,371.000000,544.098450
100,5,train,0,500.000000,499.961578
100,5,train,1,488.000000,487.995270
100,5,train,2,510.000000,510.003998
100,5,train,3,459.000000,458.992401
100,5,train,4,584.000000,584.065552
100,5,train,5,550.000000,550.055908
100,5,train,6,464.000000,464.016327
100,5,train,7,577.000000,576.950500
100,5,train,8,601.000000,601.045410
100,5,train,9,534.000000,533.998596
100,5,train,10,524.000000,523.991760
100,5,train,11,578.000000,578.029480
100,5,train,12,555.000000,554.830261
100,5,train,13,630.000000,629.997375
100,5,train,14,492.000000,492.120392
100,5,train,15,479.000000,479.025024
100,5,train,16,597.000000,596.965759
100,5,train,17,505.000000,504.979187
100,5,train,18,485.000000,484.934845
100,5,train,19,462.000000,461.480255
100,5,train,20,493.000000,493.070221
100,5,train,21,580.000000,579.961487
100,5,train,22,507.000000,507.126190
100,5,train,23,584.000000,584.025818
100,5,train,24,612.000000,610.812012
100,5,train,25,487.000000,486.916382
100,5,train,26,519.000000,519.067322
100,5,train,27,456.000000,456.110962
100,5,train,28,613.000000,612.892090
100,5,train,29,557.000000,556.953430
100,5,train,30,624.000000,624.009521
100,5,train,31,561.000000,560.993652
100,5,train,32,585.000000,585.012146
100,5,train,33,501.000000,501.009888
100,5,train,34,648.000000,648.041199
100,5,train,35,572.000000,571.984741
100,5,train,36,640.000000,639.962402
100,5,train,37,431.000000,431.568085
100,5,train,38,455.000000,454.966766
100,5,train,39,476.000000,475.007904
100,5,train,40,481.000000,480.967926
100,5,train,41,606.000000,605.858276
100,5,train,42,484.000000,483.789062
100,5,train,43,505.000000,505.041534
100,5,train,44,645.000000,644.936096
100,5,train,45,456.000000,455.952087
100,5,train,46,596.000000,595.967346
100,5,train,47,543.000000,542.951599
100,5,train,48,506.000000,506.049255
100,5,train,49,488.000000,488.163879
100,5,train,50,624.000000,623.917664
100,5,train,51,526.000000,525.990906
100,5,train,52,516.000000,515.987610
100,5,train,53,507.000000,507.059082
100,5,train,54,693.000000,692.918091
100,5,train,55,442.000000,442.006653
100,5,train,56,628.000000,628.051453
100,5,train,57,574.000000,574.002380
100,5,train,58,446.000000,445.972778
100,5,train,59,500.000000,500.022644
100,5,train,60,610.000000,608.317322
100,5,train,61,477.000000,476.981964
100,5,train,62,528.000000,527.977600
100,5,train,63,504.000000,504.046509
100,5,train,64,572.000000,571.984741
100,5,train,65,460.000000,460.044037
100,5,train,66,509.000000,509.047028
100,5,train,67,545.000000,544.912354
100,5,train,68,562.000000,561.967773
100,5,train,69,613.000000,612.892090
100,5,train,70,585.000000,585.012146
100,5,train,71,637.000000,637.070435
100,5,train,72,580.000000,580.145386
100,5,train,73,484.000000,483.976868
100,5,train,74,524.000000,523.985474
100,5,train,75,572.000000,570.782471
100,5,train,76,522.000000,522.069702
100,5,train,77,595.000000,596.291626
100,5,train,78,577.000000,576.968750
100,5,train,79,466.000000,465.964447
100,5,train,80,451.000000,450.946442
100,5,train,81,617.000000,616.949280
100,5,train,82,508.000000,507.994141
100,5,train,83,488.000000,487.958282
100,5,train,84,648.000000,648.047485
100,5,train,85,484.000000,484.244232
100,5,train,86,644.000000,644.037781
100,5,train,87,592.000000,592.017456
100,5,train,88,541.000000,543.117554
100,5,train,89,612.000000,611.906372
100,5,train,90,623.000000,622.987183
100,5,train,91,522.000000,521.905823
100,5,train,92,469.000000,468.942841
100,5,train,93,507.000000,507.012024
100,5,train,94,538.000000,538.316223
100,5,train,95,523.000000,522.997803
100,5,train,96,463.000000,463.054321
100,5,train,97,649.000000,648.924377
100,5,train,98,572.000000,573.505920
100,5,train,99,519.000000,519.002136
100,5,train,100,608.000000,608.098816
100,5,train,101,509.000000,509.047028
100,5,train,102,532.000000,532.074951
100,5,train,103,583.000000,583.140930
100,5,train,104,494.000000,493.772125
100,5,train,105,502.000000,502.028992
100,5,train,106,670.000000,670.060242
100,5,train,107,630.000000,629.778381
100,5,train,108,455.000000,454.996643
100,5,train,109,608.000000,609.221191
100,5,train,110,586.000000,583.779602
100,5,train,111,471.000000,471.089844
100,5,train,112,575.000000,575.105347
100,5,train,113,473.000000,473.031830
100,5,train,114,450.000000,450.022308
100,5,train,115,478.000000,478.051147
100,5,train,116,597.000000,596.964539
100,5,train,117,479.000000,478.793671
100,5,train,118,472.000000,473.258209
100,5,train,119,495.000000,494.929169
100,5,train,120,504.000000,503.933868
100,5,train,121,515.000000,514.988831
100,5,train,122,630.000000,629.997375
100,6,test,0,493.000000,490.049988
100,6,test,1,596.000000,609.115906
100,6,test,2,509.000000,507.185516
100,6,test,3,585.000000,588.405701
100,6,test,4,525.000000,527.686157
100,6,test,5,577.000000,573.188232
100,6,test,6,500.000000,518.861389
100,6,test,7,516.000000,545.275818
100,6,test,8,617.000000,619.207947
100,6,test,9,459.000000,442.113831
100,6,test,10,630.000000,566.620483
100,6,test,11,451.000000,462.948395
100,6,test,12,516.000000,545.275818
100,6,test,13,555.000000,563.131836
100,6,test,14,644.000000,593.001282
100,6,test,15,580.000000,549.481018
100,6,test,16,541.000000,549.290527
100,6,test,17,597.000000,596.831665
100,6,test,18,489.000000,467.547882
100,6,test,19,522.000000,523.562805
100,6,test,20,464.000000,471.297363
100,6,test,21,463.000000,490.151733
100,6,test,22,584.000000,579.802612
100,6,test,23,538.000000,527.759827
100,6,test,24,644.000000,532.936646
100,6,test,25,455.000000,475.661469
100,6,test,26,484.000000,495.827728
100,6,test,27,484.000000,511.884155
100,6,test,28,476.000000,474.834381
100,6,test,29,624.000000,627.543823
100,6,test,30,481.000000,476.826416
100,6,test,31,528.000000,508.415100
100,6,test,32,463.000000,457.312378
100,6,test,33,670.000000,665.545349
100,6,test,34,613.000000,612.094971
100,6,test,35,446.000000,485.098572
100,6,test,36,560.000000,529.138306
100,6,test,37,689.000000,654.385010
100,6,test,38,371.000000,522.388672
100,6,test,39,601.000000,632.617859
100,6,test,40,492.000000,525.765259
100,6,test,41,482.000000,451.610168
100,6,test,42,648.000000,665.007446
100,6,test,43,586.000000,549.290527
100,6,test,44,442.000000,474.635742
100,6,test,45,630.000000,618.048035
100,6,test,46,473.000000,538.604065
100,6,test,47,572.000000,571.098938
100,6,test,48,630.000000,618.048035
100,6,test,49,605.000000,628.260010
100,6,test,50,624.000000,618.271423
100,6,test,51,648.000000,589.242249
100,6,test,52,506.000000,575.704956
100,6,test,53,572.000000,564.398865
100,6,train,0,628.000000,628.260010
100,6,train,1,495.000000,501.180023
100,6,train,2,572.000000,564.398865
100,6,train,3,545.000000,544.144836
100,6,train,4,465.000000,472.298889
100,6,train,5,616.000000,613.334534
100,6,train,6,507.000000,510.361053
100,6,train,7,617.000000,619.207947
100,6,train,8,478.000000,482.083496
100,6,train,9,584.000000,579.802612
100,6,train,10,510.000000,509.884918
100,6,train,11,515.000000,515.462280
100,6,train,12,605.000000,606.598083
100,6,train,13,504.000000,501.949646
100,6,train,14,608.000000,608.974670
100,6,train,15,597.000000,596.831665
100,6,train,16,594.000000,574.300232
100,6,train,17,472.000000,477.659760
100,6,train,18,572.000000,571.098938
100,6,train,19,574.000000,568.156250
100,6,train,20,649.000000,649.209534
100,6,train,21,464.000000,462.424316
100,6,train,22,473.000000,476.103821
100,6,train,23,431.000000,444.956512
100,6,train,24,507.000000,517.945435
100,6,train,25,523.000000,518.868591
100,6,train,26,504.000000,503.099426
100,6,train,27,532.000000,528.140320
100,6,train,28,456.000000,462.127502
100,6,train,29,606.000000,598.663940
100,6,train,30,526.000000,524.087952
100,6,train,31,598.000000,596.995605
100,6,train,32,475.000000,474.385040
100,6,train,33,519.000000,515.360718
100,6,train,34,460.000000,463.677979
100,6,train,35,580.000000,585.462280
100,6,train,36,597.000000,595.176331
100,6,train,37,575.000000,577.927185
100,6,train,38,485.000000,489.138062
100,6,train,39,524.000000,524.335205
100,6,train,40,500.000000,495.852844
100,6,train,41,456.000000,465.889648
100,6,train,42,477.000000,478.690735
100,6,train,43,455.000000,462.873810
100,6,train,44,495.000000,494.505585
100,6,train,45,488.000000,487.762482
100,6,train,46,508.000000,507.366699
100,6,train,47,645.000000,641.526794
100,6,train,48,585.000000,588.405701
100,6,train,49,583.000000,584.348816
100,6,train,50,528.000000,518.628296
100,6,train,51,562.000000,554.149292
100,6,train,52,500.000000,495.275909
100,6,train,53,535.000000,528.134155
100,6,train,54,610.000000,600.511719
100,6,train,55,557.000000,572.505249
100,6,train,56,479.000000,481.860382
100,6,train,57,534.000000,532.034912
100,6,train,58,541.000000,543.230164
100,6,train,59,488.000000,490.049988
100,6,train,60,637.000000,638.126221
100,6,train,61,534.000000,527.848999
100,6,train,62,504.000000,499.890167
100,6,train,63,578.000000,574.871704
100,6,train,64,450.000000,450.236389
100,6,train,65,511.000000,512.411682
100,6,train,66,580.000000,584.548889
100,6,train,67,600.000000,598.788574
100,6,train,68,693.000000,687.676758
100,6,train,69,522.000000,523.562805
100,6,train,70,479.000000,476.497498
100,6,train,71,608.000000,606.044495
100,6,train,72,561.000000,552.280945
100,6,train,73,584.000000,584.334595
100,6,train,74,505.000000,504.619568
100,6,train,75,519.000000,520.524231
100,6,train,76,484.000000,483.328583
100,6,train,77,595.000000,600.511719
100,6,train,78,577.000000,577.970947
100,6,train,79,494.000000,499.120331
100,6,train,80,612.000000,608.974670
100,6,train,81,601.000000,604.329285
100,6,train,82,596.000000,595.331482
100,6,train,83,524.000000,522.523376
100,6,train,84,618.000000,620.707275
100,6,train,85,597.000000,595.426880
100,6,train,86,500.000000,501.395020
100,6,train,87,465.000000,468.155914
100,6,train,88,606.000000,604.070068
100,6,train,89,577.000000,573.188232
100,6,train,90,522.000000,525.233215
100,6,train,91,613.000000,612.094971
100,6,train,92,490.000000,488.879608
100,6,train,93,509.000000,503.649658
100,6,train,94,505.000000,508.764130
100,6,train,95,462.000000,457.058777
100,6,train,96,543.000000,542.906189
100,6,train,97,507.000000,510.521667
100,6,train,98,456.000000,456.796417
100,6,train,99,670.000000,665.545349
100,6,train,100,550.000000,551.289795
100,6,train,101,524.000000,524.198120
100,6,train,102,502.000000,505.151428
100,6,train,103,517.000000,517.811462
100,6,train,104,612.000000,607.660034
100,6,train,105,617.000000,612.589172
100,6,train,106,472.000000,474.834381
100,6,train,107,623.000000,616.740601
100,6,train,108,592.000000,598.788574
100,6,train,109,469.000000,472.347931
100,6,train,110,488.000000,482.851685
100,6,train,111,591.000000,592.747803
100,6,train,112,525.000000,525.357788
100,6,train,113,501.000000,497.398651
100,6,train,114,475.000000,474.952789
100,6,train,115,568.000000,575.710632
100,6,train,116,480.000000,478.332001
100,6,train,117,471.000000,475.726654
100,6,train,118,640.000000,644.558777
100,6,train,119,487.000000,482.116547
100,6,train,120,466.000000,468.079559
100,6,train,121,509.000000,507.185516
100,6,train,122,505.000000,506.569122
100,7,test,0,623.000000,604.114441
100,7,test,1,456.000000,474.738495
100,7,test,2,606.000000,539.951111
100,7,test,3,597.000000,591.669800
100,7,test,4,624.000000,611.919189
100,7,test,5,524.000000,532.374268
100,7,test,6,543.000000,519.926453
100,7,test,7,507.000000,557.308350
100,7,test,8,502.000000,501.108307
100,7,test,9,561.000000,526.977112
100,7,test,10,597.000000,591.669800
100,7,test,11,644.000000,601.057983
100,7,test,12,481.000000,506.183197
100,7,test,13,572.000000,568.452698
100,7,test,14,526.000000,510.945618
100,7,test,15,451.000000,446.035828
100,7,test,16,463.000000,413.551300
100,7,test,17,670.000000,630.802856
100,7,test,18,578.000000,555.753418
100,7,test,19,504.000000,481.523956
100,7,test,20,517.000000,514.888794
100,7,test,21,488.000000,495.288422
100,7,test,22,507.000000,544.350342
100,7,test,23,478.000000,523.832214
100,7,test,24,617.000000,618.561279
100,7,test,25,689.000000,634.148010
100,7,test,26,613.000000,610.216492
100,7,test,27,630.000000,621.170654
100,7,test,28,541.000000,520.873474
100,7,test,29,693.000000,629.694885
100,7,test,30,628.000000,607.563904
100,7,test,31,583.000000,538.014709
100,7,test,32,522.000000,503.294220
100,7,test,33,500.000000,526.733215
100,7,test,34,466.000000,450.312134
100,7,test,35,519.000000,488.145874
100,7,test,36,490.000000,510.201599
100,7,test,37,577.000000,538.438843
100,7,test,38,584.000000,583.647827
100,7,test,39,586.000000,544.263062
100,7,test,40,509.000000,514.129639
100,7,test,41,504.000000,486.030670
100,7,test,42,494.000000,494.245636
100,7,test,43,516.000000,523.710266
100,7,test,44,648.000000,648.924377
100,7,test,45,577.000000,538.438843
100,7,test,46,455.000000,487.491547
100,7,test,47,505.000000,504.055634
100,7,test,48,509.000000,482.387360
100,7,test,49,492.000000,490.788757
100,7,test,50,670.000000,630.802856
100,7,test,51,463.000000,486.299316
100,7,test,52,605.000000,578.195312
100,7,test,53,456.000000,464.677429
100,7,train,0,596.000000,601.335815
100,7,train,1,506.000000,514.135315
100,7,train,2,580.000000,576.671936
100,7,train,3,598.000000,597.832825
100,7,train,4,594.000000,570.397949
100,7,train,5,618.000000,605.790955
100,7,train,6,613.000000,610.216492
100,7,train,7,446.000000,450.128296
100,7,train,8,601.000000,599.020691
100,7,train,9,500.000000,499.991699
100,7,train,10,505.000000,505.208466
100,7,train,11,480.000000,475.584351
100,7,train,12,455.000000,467.354034
100,7,train,13,591.000000,593.551880
100,7,train,14,471.000000,475.318665
100,7,train,15,608.000000,606.075806
100,7,train,16,624.000000,620.923889
100,7,train,17,524.000000,525.130249
100,7,train,18,450.000000,461.838837
100,7,train,19,479.000000,481.465149
100,7,train,20,575.000000,580.169800
100,7,train,21,612.000000,607.326172
100,7,train,22,484.000000,489.709869
100,7,train,23,572.000000,572.592590
100,7,train,24,472.000000,474.192932
100,7,train,25,510.000000,503.862061
100,7,train,26,487.000000,479.098785
100,7,train,27,431.000000,450.518951
100,7,train,28,485.000000,496.382507
100,7,train,29,580.000000,596.781677
100,7,train,30,475.000000,474.707794
100,7,train,31,616.000000,616.354675
100,7,train,32,465.000000,472.678558
100,7,train,33,525.000000,523.767090
100,7,train,34,484.000000,487.363678
100,7,train,35,509.000000,514.129639
100,7,train,36,560.000000,545.115173
100,7,train,37,572.000000,568.452698
100,7,train,38,504.000000,489.155457
100,7,train,39,606.000000,603.974426
100,7,train,40,456.000000,466.397980
100,7,train,41,600.000000,596.346558
100,7,train,42,488.000000,486.662811
100,7,train,43,442.000000,453.330139
100,7,train,44,550.000000,559.906250
100,7,train,45,596.000000,606.203369
100,7,train,46,507.000000,515.728210
100,7,train,47,460.000000,472.245300
100,7,train,48,601.000000,619.944092
100,7,train,49,488.000000,490.439148
100,7,train,50,528.000000,517.709351
100,7,train,51,522.000000,520.884155
100,7,train,52,645.000000,631.650391
100,7,train,53,495.000000,505.523834
100,7,train,54,545.000000,547.920105
100,7,train,55,610.000000,602.098877
100,7,train,56,523.000000,525.194580
100,7,train,57,482.000000,478.772522
100,7,train,58,511.000000,514.281860
100,7,train,59,535.000000,523.910034
100,7,train,60,648.000000,627.871094
100,7,train,61,597.000000,588.736877
100,7,train,62,473.000000,463.469238
100,7,train,63,541.000000,544.263062
100,7,train,64,612.000000,607.678711
100,7,train,65,489.000000,487.304169
100,7,train,66,477.000000,481.719177
100,7,train,67,495.000000,495.987762
100,7,train,68,585.000000,588.991699
100,7,train,69,465.000000,467.967224
100,7,train,70,630.000000,615.671448
100,7,train,71,617.000000,604.073059
100,7,train,72,637.000000,623.821594
100,7,train,73,519.000000,521.791992
100,7,train,74,500.000000,494.842773
100,7,train,75,476.000000,474.192932
100,7,train,76,479.000000,481.694153
100,7,train,77,649.000000,632.136414
100,7,train,78,617.000000,618.561279
100,7,train,79,464.000000,464.857269
100,7,train,80,464.000000,455.806549
100,7,train,81,584.000000,585.694336
100,7,train,82,577.000000,572.114990
100,7,train,83,524.000000,524.613586
100,7,train,84,605.000000,607.563904
100,7,train,85,462.000000,455.216370
100,7,train,86,522.000000,520.884155
100,7,train,87,515.000000,511.805481
100,7,train,88,475.000000,477.384766
100,7,train,89,584.000000,583.647827
100,7,train,90,562.000000,543.168579
100,7,train,91,630.000000,621.170654
100,7,train,92,532.000000,531.099915
100,7,train,93,555.000000,550.263855
100,7,train,94,644.000000,618.646423
100,7,train,95,528.000000,524.660889
100,7,train,96,574.000000,567.039185
100,7,train,97,597.000000,596.106384
100,7,train,98,534.000000,516.971191
100,7,train,99,534.000000,528.345032
100,7,train,100,557.000000,570.397949
100,7,train,101,608.000000,607.326172
100,7,train,102,525.000000,528.865845
100,7,train,103,459.000000,462.743774
100,7,train,104,472.000000,489.601288
100,7,train,105,501.000000,489.830750
100,7,train,106,538.000000,540.274292
100,7,train,107,508.000000,513.620544
100,7,train,108,505.000000,502.696594
100,7,train,109,592.000000,596.346558
100,7,train,110,500.000000,500.147156
100,7,train,111,580.000000,586.435181
100,7,train,112,469.000000,475.272308
100,7,train,113,585.000000,588.991699
100,7,train,114,493.000000,491.899445
100,7,train,115,473.000000,487.901855
100,7,train,116,371.000000,414.097198
100,7,train,117,516.000000,523.710266
100,7,train,118,572.000000,572.592590
100,7,train,119,484.000000,482.807709
100,7,train,120,595.000000,602.098877
100,7,train,121,568.000000,571.226135
100,7,train,122,640.000000,637.504150
100,8,test,0,511.000000,521.724854
100,8,test,1,601.000000,634.448120
100,8,test,2,572.000000,572.015930
100,8,test,3,475.000000,475.233215
100,8,test,4,562.000000,517.901245
100,8,test,5,617.000000,627.728821
100,8,test,6,689.000000,641.383545
100,8,test,7,591.000000,595.946350
100,8,test,8,534.000000,495.782562
100,8,test,9,624.000000,613.076233
100,8,test,10,601.000000,591.821899
100,8,test,11,568.000000,579.744385
100,8,test,12,462.000000,497.035370
100,8,test,13,473.000000,539.438904
100,8,test,14,519.000000,522.324463
100,8,test,15,595.000000,609.885925
100,8,test,16,455.000000,468.184662
100,8,test,17,555.000000,547.893433
100,8,test,18,586.000000,540.936523
100,8,test,19,525.000000,500.505859
100,8,test,20,597.000000,595.403931
100,8,test,21,617.000000,627.728821
100,8,test,22,605.000000,563.826904
100,8,test,23,528.000000,514.990356
100,8,test,24,446.000000,474.272308
100,8,test,25,476.000000,472.133392
100,8,test,26,475.000000,470.408478
100,8,test,27,612.000000,544.591431
100,8,test,28,465.000000,546.657043
100,8,test,29,583.000000,547.397522
100,8,test,30,488.000000,494.296234
100,8,test,31,431.000000,493.257324
100,8,test,32,507.000000,552.344055
100,8,test,33,606.000000,544.389038
100,8,test,34,481.000000,520.046204
100,8,test,35,526.000000,509.858948
100,8,test,36,630.000000,556.892944
100,8,test,37,510.000000,501.461151
100,8,test,38,617.000000,590.070190
100,8,test,39,577.000000,509.134369
100,8,test,40,488.000000,490.578552
100,8,test,41,506.000000,548.367615
100,8,test,42,471.000000,488.015015
100,8,test,43,505.000000,517.791870
100,8,test,44,504.000000,485.231781
100,8,test,45,484.000000,486.993042
100,8,test,46,515.000000,510.682800
100,8,test,47,557.000000,593.726746
100,8,test,48,456.000000,565.354614
100,8,test,49,487.000000,486.627655
100,8,test,50,572.000000,572.013672
100,8,test,51,630.000000,630.060364
100,8,test,52,538.000000,515.489502
100,8,test,53,608.000000,544.591431
100,8,train,0,371.000000,371.083313
100,8,train,1,580.000000,580.047607
100,8,train,2,584.000000,584.017090
100,8,train,3,580.000000,579.974548
100,8,train,4,500.000000,499.991882
100,8,train,5,623.000000,622.840576
100,8,train,6,495.000000,495.162079
100,8,train,7,561.000000,561.100952
100,8,train,8,628.000000,623.973816
100,8,train,9,492.000000,491.666595
100,8,train,10,574.000000,573.946655
100,8,train,11,472.000000,472.133392
100,8,train,12,509.000000,509.045837
100,8,train,13,480.000000,479.674927
100,8,train,14,516.000000,516.021057
100,8,train,15,637.000000,636.910339
100,8,train,16,613.000000,612.998779
100,8,train,17,608.000000,608.148071
100,8,train,18,524.000000,523.974182
100,8,train,19,519.000000,518.946899
100,8,train,20,597.000000,597.002197
100,8,train,21,606.000000,605.982849
100,8,train,22,523.000000,523.049500
100,8,train,23,488.000000,488.270081
100,8,train,24,477.000000,477.087555
100,8,train,25,456.000000,455.974731
100,8,train,26,618.000000,618.221680
100,8,train,27,509.000000,509.045837
100,8,train,28,493.000000,493.076416
100,8,train,29,575.000000,575.146423
100,8,train,30,577.000000,577.068115
100,8,train,31,501.000000,500.837524
100,8,train,32,585.000000,585.009155
100,8,train,33,596.000000,596.095886
100,8,train,34,463.000000,463.025238
100,8,train,35,649.000000,648.991516
100,8,train,36,598.000000,598.040222
100,8,train,37,693.000000,692.916382
100,8,train,38,630.000000,630.060364
100,8,train,39,508.000000,508.047729
100,8,train,40,469.000000,469.042786
100,8,train,41,472.000000,471.968048
100,8,train,42,524.000000,524.053101
100,8,train,43,545.000000,545.136841
100,8,train,44,597.000000,596.815918
100,8,train,45,543.000000,543.037109
100,8,train,46,484.000000,484.354980
100,8,train,47,525.000000,525.030640
100,8,train,48,580.000000,580.081909
100,8,train,49,522.000000,522.035828
100,8,train,50,505.000000,504.842773
100,8,train,51,504.000000,503.925842
100,8,train,52,450.000000,450.091858
100,8,train,53,478.000000,477.973053
100,8,train,54,495.000000,494.893066
100,8,train,55,624.000000,624.047058
100,8,train,56,584.000000,583.994385
100,8,train,57,459.000000,459.037537
100,8,train,58,500.000000,499.929260
100,8,train,59,594.000000,594.065918
100,8,train,60,616.000000,616.060608
100,8,train,61,541.000000,541.053589
100,8,train,62,560.000000,560.026123
100,8,train,63,644.000000,643.807922
100,8,train,64,505.000000,505.099762
100,8,train,65,494.000000,493.991638
100,8,train,66,463.000000,462.452789
100,8,train,67,648.000000,648.048950
100,8,train,68,592.000000,594.520142
100,8,train,69,464.000000,463.950775
100,8,train,70,484.000000,484.054047
100,8,train,71,504.000000,503.768524
100,8,train,72,585.000000,585.009155
100,8,train,73,645.000000,644.658203
100,8,train,74,479.000000,479.052917
100,8,train,75,578.000000,577.856750
100,8,train,76,541.000000,540.936523
100,8,train,77,455.000000,455.038116
100,8,train,78,610.000000,609.885925
100,8,train,79,577.000000,577.068115
100,8,train,80,535.000000,534.666809
100,8,train,81,507.000000,507.074097
100,8,train,82,612.000000,612.108215
100,8,train,83,670.000000,670.037903
100,8,train,84,490.000000,490.078888
100,8,train,85,572.000000,572.015930
100,8,train,86,550.000000,550.178772
100,8,train,87,485.000000,484.849060
100,8,train,88,489.000000,488.946167
100,8,train,89,502.000000,502.030640
100,8,train,90,534.000000,534.121216
100,8,train,91,524.000000,523.887634
100,8,train,92,509.000000,508.895935
100,8,train,93,640.000000,640.055237
100,8,train,94,500.000000,500.002167
100,8,train,95,605.000000,610.032593
100,8,train,96,596.000000,596.049683
100,8,train,97,644.000000,643.963928
100,8,train,98,528.000000,527.627625
100,8,train,99,482.000000,481.931000
100,8,train,100,572.000000,572.013672
100,8,train,101,460.000000,459.965088
100,8,train,102,648.000000,647.915039
100,8,train,103,442.000000,442.073914
100,8,train,104,670.000000,670.037903
100,8,train,105,522.000000,521.944824
100,8,train,106,473.000000,473.122986
100,8,train,107,464.000000,464.092804
100,8,train,108,532.000000,532.059082
100,8,train,109,507.000000,506.838226
100,8,train,110,451.000000,450.981995
100,8,train,111,479.000000,479.017120
100,8,train,112,465.000000,465.103943
100,8,train,113,456.000000,456.145233
100,8,train,114,613.000000,612.998779
100,8,train,115,466.000000,465.877441
100,8,train,116,600.000000,597.266785
100,8,train,117,516.000000,516.021057
100,8,train,118,584.000000,583.994385
100,8,train,119,500.000000,500.196747
100,8,train,120,517.000000,516.982666
100,8,train,121,522.000000,521.967896
100,8,train,122,597.000000,597.002197
100,9,test,0,507.000000,572.342957
100,9,test,1,510.000000,523.316589
100,9,test,2,648.000000,675.520874
100,9,test,3,500.000000,479.668488
100,9,test,4,606.000000,582.088806
100,9,test,5,482.000000,485.327423
100,9,test,6,605.000000,611.458801
100,9,test,7,488.000000,519.164795
100,9,test,8,585.000000,607.664185
100,9,test,9,585.000000,607.664185
100,9,test,10,640.000000,670.794678
100,9,test,11,630.000000,513.583679
100,9,test,12,586.000000,563.875305
100,9,test,13,644.000000,506.274719
100,9,test,14,505.000000,513.073792
100,9,test,15,495.000000,495.732269
100,9,test,16,560.000000,521.608276
100,9,test,17,472.000000,530.216919
100,9,test,18,543.000000,500.793121
100,9,test,19,572.000000,572.126038
100,9,test,20,577.000000,574.382324
100,9,test,21,612.000000,596.112854
100,9,test,22,550.000000,538.334534
100,9,test,23,595.000000,609.620300
100,9,test,24,459.000000,471.485596
100,9,test,25,597.000000,593.418762
100,9,test,26,509.000000,509.419495
100,9,test,27,492.000000,484.245300
100,9,test,28,616.000000,608.618286
100,9,test,29,591.000000,595.624329
100,9,test,30,477.000000,477.105408
100,9,test,31,500.000000,502.939514
100,9,test,32,608.000000,613.175293
100,9,test,33,371.000000,509.025391
100,9,test,34,644.000000,573.042114
100,9,test,35,504.000000,487.518341
100,9,test,36,475.000000,472.868683
100,9,test,37,528.000000,503.263550
100,9,test,38,592.000000,602.245544
100,9,test,39,541.000000,563.875305
100,9,test,40,568.000000,575.866394
100,9,test,41,535.000000,513.619629
100,9,test,42,617.000000,513.955688
100,9,test,43,524.000000,550.506287
100,9,test,44,485.000000,567.665161
100,9,test,45,456.000000,473.892395
100,9,test,46,613.000000,611.744507
100,9,test,47,472.000000,477.099854
100,9,test,48,596.000000,609.621094
100,9,test,49,471.000000,487.448425
100,9,test,50,507.000000,525.228149
100,9,test,51,525.000000,552.459717
100,9,test,52,484.000000,483.613434
100,9,test,53,606.000000,580.352173
100,9,train,0,557.000000,570.904053
100,9,train,1,562.000000,561.282959
100,9,train,2,473.000000,472.965271
100,9,train,3,473.000000,473.333710
100,9,train,4,572.000000,572.186462
100,9,train,5,598.000000,597.180420
100,9,train,6,522.000000,521.967834
100,9,train,7,584.000000,584.965454
100,9,train,8,484.000000,483.768311
100,9,train,9,610.000000,609.620300
100,9,train,10,509.000000,509.419495
100,9,train,11,628.000000,618.618225
100,9,train,12,538.000000,536.757141
100,9,train,13,511.000000,511.029083
100,9,train,14,450.000000,450.568726
100,9,train,15,500.000000,501.171051
100,9,train,16,528.000000,527.918396
100,9,train,17,612.000000,613.175293
100,9,train,18,597.000000,595.638000
100,9,train,19,541.000000,539.383118
100,9,train,20,431.000000,440.909241
100,9,train,21,584.000000,583.791748
100,9,train,22,577.000000,577.030457
100,9,train,23,478.000000,478.022766
100,9,train,24,617.000000,616.995911
100,9,train,25,500.000000,498.782715
100,9,train,26,522.000000,521.967834
100,9,train,27,649.000000,648.917847
100,9,train,28,524.000000,524.088257
100,9,train,29,494.000000,492.052887
100,9,train,30,577.000000,574.382324
100,9,train,31,487.000000,487.048950
100,9,train,32,488.000000,489.585693
100,9,train,33,584.000000,583.791748
100,9,train,34,479.000000,478.956329
100,9,train,35,465.000000,481.947998
100,9,train,36,583.000000,581.533630
100,9,train,37,613.000000,611.744507
100,9,train,38,466.000000,466.030548
100,9,train,39,670.000000,669.728577
100,9,train,40,637.000000,635.132507
100,9,train,41,630.000000,630.104431
100,9,train,42,517.000000,517.741760
100,9,train,43,455.000000,454.935272
100,9,train,44,505.000000,504.173401
100,9,train,45,578.000000,577.142151
100,9,train,46,505.000000,505.261658
100,9,train,47,624.000000,623.785522
100,9,train,48,618.000000,615.552856
100,9,train,49,605.000000,612.980713
100,9,train,50,462.000000,459.816437
100,9,train,51,501.000000,500.681732
100,9,train,52,460.000000,474.082458
100,9,train,53,534.000000,532.891418
100,9,train,54,515.000000,514.110413
100,9,train,55,617.000000,616.995911
100,9,train,56,545.000000,544.676208
100,9,train,57,508.000000,508.254089
100,9,train,58,597.000000,593.418762
100,9,train,59,489.000000,489.083618
100,9,train,60,600.000000,602.232178
100,9,train,61,481.000000,483.882812
100,9,train,62,575.000000,577.794617
100,9,train,63,623.000000,621.771484
100,9,train,64,580.000000,581.026733
100,9,train,65,608.000000,607.680298
100,9,train,66,479.000000,479.082397
100,9,train,67,469.000000,468.305450
100,9,train,68,464.000000,464.481384
100,9,train,69,670.000000,669.728577
100,9,train,70,597.000000,595.624329
100,9,train,71,580.000000,580.049072
100,9,train,72,509.000000,508.448151
100,9,train,73,572.000000,572.186462
100,9,train,74,594.000000,578.668213
100,9,train,75,456.000000,456.151611
100,9,train,76,465.000000,465.273010
100,9,train,77,451.000000,450.948853
100,9,train,78,574.000000,572.526978
100,9,train,79,475.000000,474.563660
100,9,train,80,493.000000,491.710266
100,9,train,81,476.000000,476.990601
100,9,train,82,484.000000,487.061249
100,9,train,83,693.000000,689.178955
100,9,train,84,463.000000,462.681671
100,9,train,85,507.000000,507.125610
100,9,train,86,504.000000,503.907043
100,9,train,87,506.000000,509.221191
100,9,train,88,624.000000,623.034424
100,9,train,89,630.000000,630.104431
100,9,train,90,555.000000,555.167053
100,9,train,91,504.000000,504.009552
100,9,train,92,524.000000,523.758911
100,9,train,93,490.000000,492.347992
100,9,train,94,523.000000,521.589111
100,9,train,95,463.000000,462.506348
100,9,train,96,516.000000,516.293457
100,9,train,97,580.000000,577.824829
100,9,train,98,601.000000,602.884766
100,9,train,99,532.000000,530.195190
100,9,train,100,596.000000,597.883484
100,9,train,101,525.000000,525.066956
100,9,train,102,464.000000,464.308838
100,9,train,103,519.000000,519.324646
100,9,train,104,648.000000,646.773438
100,9,train,105,495.000000,495.784363
100,9,train,106,645.000000,638.173218
100,9,train,107,522.000000,522.315308
100,9,train,108,480.000000,479.395203
100,9,train,109,456.000000,455.255585
100,9,train,110,488.000000,486.745056
100,9,train,111,572.000000,572.126038
100,9,train,112,526.000000,526.610962
100,9,train,113,601.000000,601.209290
100,9,train,114,442.000000,444.159180
100,9,train,115,561.000000,556.591797
100,9,train,116,455.000000,454.768829
100,9,train,117,502.000000,502.870941
100,9,train,118,446.000000,447.820587
100,9,train,119,534.000000,532.539429
100,9,train,120,689.000000,678.280823
100,9,train,121,516.000000,516.293457
100,9,train,122,519.000000,517.643250
100,10,test,0,557.000000,581.712158
100,10,test,1,572.000000,572.170654
100,10,test,2,507.000000,531.254700
100,10,test,3,510.000000,508.995056
100,10,test,4,534.000000,540.448059
100,10,test,5,613.000000,606.394714
100,10,test,6,526.000000,509.447998
100,10,test,7,616.000000,640.680969
100,10,test,8,462.000000,467.302521
100,10,test,9,577.000000,517.261047
100,10,test,10,525.000000,544.306091
100,10,test,11,509.000000,522.795959
100,10,test,12,472.000000,549.528320
100,10,test,13,464.000000,465.109863
100,10,test,14,572.000000,558.943359
100,10,test,15,442.000000,494.428589
100,10,test,16,584.000000,600.558411
100,10,test,17,524.000000,531.084656
100,10,test,18,469.000000,471.946045
100,10,test,19,506.000000,562.369690
100,10,test,20,475.000000,491.798828
100,10,test,21,481.000000,500.589355
100,10,test,22,610.000000,594.995422
100,10,test,23,580.000000,525.354736
100,10,test,24,595.000000,594.995422
100,10,test,25,500.000000,506.180573
100,10,test,26,592.000000,596.528503
100,10,test,27,517.000000,544.577820
100,10,test,28,456.000000,509.965973
100,10,test,29,488.000000,490.427704
100,10,test,30,543.000000,503.023193
100,10,test,31,524.000000,518.228088
100,10,test,32,612.000000,593.190369
100,10,test,33,504.000000,491.701660
100,10,test,34,522.000000,518.899719
100,10,test,35,591.000000,599.969666
100,10,test,36,584.000000,600.558411
100,10,test,37,572.000000,572.170654
100,10,test,38,693.000000,621.108459
100,10,test,39,466.000000,473.110962
100,10,test,40,583.000000,564.591370
100,10,test,41,535.000000,531.492737
100,10,test,42,640.000000,669.038452
100,10,test,43,490.000000,518.627197
100,10,test,44,523.000000,543.327515
100,10,test,45,630.000000,634.925964
100,10,test,46,504.000000,482.150757
100,10,test,47,489.000000,469.806976
100,10,test,48,630.000000,634.925964
100,10,test,49,606.000000,602.384644
100,10,test,50,446.000000,501.659973
100,10,test,51,645.000000,571.124084
100,10,test,52,505.000000,544.883728
100,10,test,53,584.000000,606.570557
100,10,train,0,601.000000,616.433716
100,10,train,1,505.000000,499.797180
100,10,train,2,541.000000,559.377075
100,10,train,3,456.000000,460.102814
100,10,train,4,528.000000,536.068176
100,10,train,5,644.000000,615.157471
100,10,train,6,624.000000,619.243225
100,10,train,7,371.000000,422.143951
100,10,train,8,689.000000,670.296509
100,10,train,9,494.000000,491.388580
100,10,train,10,484.000000,492.365692
100,10,train,11,585.000000,586.312866
100,10,train,12,471.000000,479.816284
100,10,train,13,493.000000,491.943756
100,10,train,14,484.000000,483.251587
100,10,train,15,670.000000,667.711853
100,10,train,16,608.000000,601.210388
100,10,train,17,624.000000,626.652344
100,10,train,18,522.000000,522.576477
100,10,train,19,600.000000,596.528503
100,10,train,20,568.000000,577.704834
100,10,train,21,596.000000,604.447266
100,10,train,22,572.000000,558.943359
100,10,train,23,492.000000,496.631866
100,10,train,24,644.000000,631.360229
100,10,train,25,460.000000,488.915253
100,10,train,26,541.000000,548.927490
100,10,train,27,580.000000,589.297791
100,10,train,28,475.000000,471.976349
100,10,train,29,473.000000,493.546021
100,10,train,30,511.000000,514.658875
100,10,train,31,618.000000,614.734314
100,10,train,32,648.000000,653.948792
100,10,train,33,488.000000,490.128815
100,10,train,34,623.000000,615.918213
100,10,train,35,628.000000,617.831970
100,10,train,36,598.000000,595.465759
100,10,train,37,500.000000,500.037811
100,10,train,38,580.000000,584.072266
100,10,train,39,487.000000,479.567657
100,10,train,40,473.000000,469.036560
100,10,train,41,479.000000,483.133240
100,10,train,42,596.000000,592.089539
100,10,train,43,500.000000,490.380066
100,10,train,44,495.000000,507.021240
100,10,train,45,505.000000,505.716370
100,10,train,46,561.000000,554.967285
100,10,train,47,613.000000,606.394714
100,10,train,48,459.000000,458.378845
100,10,train,49,509.000000,510.071289
100,10,train,50,597.000000,592.415955
100,10,train,51,508.000000,506.151550
100,10,train,52,507.000000,514.180359
100,10,train,53,516.000000,518.938416
100,10,train,54,574.000000,561.006470
100,10,train,55,534.000000,524.575378
100,10,train,56,451.000000,461.011841
100,10,train,57,597.000000,599.144836
100,10,train,58,562.000000,549.473511
100,10,train,59,617.000000,597.673584
100,10,train,60,519.000000,523.134338
100,10,train,61,555.000000,558.261169
100,10,train,62,463.000000,463.619690
100,10,train,63,608.000000,593.190369
100,10,train,64,456.000000,481.839661
100,10,train,65,597.000000,594.019592
100,10,train,66,597.000000,594.019592
100,10,train,67,524.000000,514.053894
100,10,train,68,577.000000,573.632629
100,10,train,69,501.000000,496.251190
100,10,train,70,450.000000,455.679688
100,10,train,71,594.000000,581.712158
100,10,train,72,605.000000,597.032349
100,10,train,73,577.000000,573.632629
100,10,train,74,478.000000,483.556458
100,10,train,75,605.000000,617.831970
100,10,train,76,515.000000,512.747437
100,10,train,77,532.000000,528.313171
100,10,train,78,649.000000,641.414612
100,10,train,79,504.000000,497.141449
100,10,train,80,509.000000,510.071289
100,10,train,81,484.000000,486.825104
100,10,train,82,522.000000,522.576477
100,10,train,83,648.000000,621.740234
100,10,train,84,586.000000,559.377075
100,10,train,85,578.000000,575.122864
100,10,train,86,465.000000,477.393707
100,10,train,87,612.000000,601.695374
100,10,train,88,455.000000,453.902130
100,10,train,89,477.000000,479.963348
100,10,train,90,585.000000,586.312866
100,10,train,91,630.000000,611.520935
100,10,train,92,670.000000,667.711853
100,10,train,93,516.000000,518.938416
100,10,train,94,463.000000,462.437683
100,10,train,95,519.000000,514.184998
100,10,train,96,507.000000,508.854980
100,10,train,97,525.000000,521.354065
100,10,train,98,482.000000,478.642090
100,10,train,99,488.000000,487.503052
100,10,train,100,637.000000,626.286255
100,10,train,101,480.000000,485.694489
100,10,train,102,606.000000,590.105347
100,10,train,103,485.000000,494.464905
100,10,train,104,617.000000,618.654968
100,10,train,105,560.000000,557.909973
100,10,train,106,464.000000,468.617584
100,10,train,107,617.000000,618.654968
100,10,train,108,545.000000,550.438293
100,10,train,109,465.000000,474.464935
100,10,train,110,601.000000,597.463867
100,10,train,111,538.000000,539.662476
100,10,train,112,495.000000,494.942474
100,10,train,113,472.000000,477.923767
100,10,train,114,431.000000,450.990814
100,10,train,115,500.000000,500.008759
100,10,train,116,476.000000,477.923767
100,10,train,117,479.000000,480.192719
100,10,train,118,575.000000,585.547058
100,10,train,119,455.000000,464.433350
100,10,train,120,550.000000,558.536865
100,10,train,121,502.000000,508.260620
100,10,train,122,528.000000,516.872803
219,1,test,0,584.000000,583.091431
219,1,test,1,510.000000,525.814941
219,1,test,2,525.000000,539.580811
219,1,test,3,557.000000,590.890625
219,1,test,4,596.000000,622.813477
219,1,test,5,528.000000,524.229980
219,1,test,6,645.000000,540.930359
219,1,test,7,460.000000,560.204346
219,1,test,8,572.000000,527.684143
219,1,test,9,509.000000,508.985962
219,1,test,10,577.000000,570.919312
219,1,test,11,555.000000,555.958740
219,1,test,12,485.000000,514.675049
219,1,test,13,580.000000,617.632629
219,1,test,14,456.000000,476.526398
219,1,test,15,597.000000,590.949219
219,1,test,16,484.000000,490.559174
219,1,test,17,584.000000,589.311646
219,1,test,18,502.000000,501.308289
219,1,test,19,612.000000,580.036804
219,1,test,20,644.000000,612.495544
219,1,test,21,501.000000,482.454315
219,1,test,22,462.000000,448.257080
219,1,test,23,495.000000,484.686584
219,1,test,24,601.000000,644.081238
219,1,test,25,613.000000,584.227234
219,1,test,26,610.000000,588.934570
219,1,test,27,580.000000,603.324768
219,1,test,28,545.000000,557.372498
219,1,test,29,469.000000,470.541260
219,1,test,30,479.000000,500.785645
219,1,test,31,478.000000,478.558990
219,1,test,32,446.000000,491.540009
219,1,test,33,463.000000,481.274078
219,1,test,34,613.000000,584.538391
219,1,test,35,572.000000,570.371887
219,1,test,36,572.000000,527.684143
219,1,test,37,524.000000,542.332886
219,1,test,38,575.000000,586.227112
219,1,test,39,600.000000,588.429810
219,1,test,40,560.000000,496.961273
219,1,test,41,442.000000,478.209290
219,1,test,42,451.000000,465.945038
219,1,test,43,616.000000,638.509033
219,1,test,44,534.000000,491.716827
219,1,test,45,608.000000,605.867676
219,1,test,46,489.000000,476.761200
219,1,test,47,637.000000,599.014648
219,1,test,48,648.000000,549.846436
219,1,test,49,523.000000,499.549805
219,1,test,50,519.000000,505.412872
219,1,test,51,524.000000,529.364624
219,1,test,52,500.000000,475.455444
219,1,test,53,495.000000,528.234924
219,1,train,0,585.000000,584.752441
219,1,train,1,509.000000,508.985962
219,1,train,2,577.000000,570.919312
219,1,train,3,479.000000,480.251038
219,1,train,4,504.000000,497.579620
219,1,train,5,509.000000,507.795441
219,1,train,6,606.000000,596.052612
219,1,train,7,605.000000,607.697632
219,1,train,8,484.000000,488.983185
219,1,train,9,488.000000,487.070435
219,1,train,10,630.000000,630.173462
219,1,train,11,507.000000,526.825928
219,1,train,12,522.000000,522.283325
219,1,train,13,628.000000,614.485840
219,1,train,14,522.000000,522.283325
219,1,train,15,578.000000,582.825623
219,1,train,16,640.000000,643.627869
219,1,train,17,618.000000,619.612366
219,1,train,18,431.000000,437.630432
219,1,train,19,649.000000,639.161072
219,1,train,20,526.000000,534.209778
219,1,train,21,535.000000,532.620544
219,1,train,22,507.000000,509.644867
219,1,train,23,541.000000,559.108032
219,1,train,24,612.000000,605.867676
219,1,train,25,617.000000,614.021240
219,1,train,26,459.000000,462.220276
219,1,train,27,597.000000,597.386902
219,1,train,28,538.000000,535.071777
219,1,train,29,508.000000,506.283478
219,1,train,30,525.000000,524.402771
219,1,train,31,455.000000,460.039032
219,1,train,32,472.000000,470.399780
219,1,train,33,596.000000,572.744629
219,1,train,34,617.000000,618.299622
219,1,train,35,623.000000,620.613037
219,1,train,36,594.000000,590.890625
219,1,train,37,480.000000,478.278717
219,1,train,38,504.000000,500.244446
219,1,train,39,516.000000,517.393127
219,1,train,40,541.000000,533.313354
219,1,train,41,505.000000,503.601501
219,1,train,42,515.000000,508.999390
219,1,train,43,522.000000,520.091309
219,1,train,44,506.000000,521.512085
219,1,train,45,577.000000,577.133606
219,1,train,46,574.000000,561.957520
219,1,train,47,624.000000,628.969116
219,1,train,48,543.000000,543.330322
219,1,train,49,644.000000,625.057800
219,1,train,50,584.000000,583.091431
219,1,train,51,500.000000,501.880829
219,1,train,52,689.000000,673.664795
219,1,train,53,586.000000,560.033386
219,1,train,54,617.000000,618.299622
219,1,train,55,473.000000,487.094666
219,1,train,56,572.000000,570.371887
219,1,train,57,595.000000,588.934570
219,1,train,58,528.000000,528.519592
219,1,train,59,492.000000,488.569519
219,1,train,60,516.000000,517.393127
219,1,train,61,473.000000,467.171478
219,1,train,62,505.000000,507.281952
219,1,train,63,534.000000,525.010376
219,1,train,64,630.000000,630.173462
219,1,train,65,670.000000,669.840515
219,1,train,66,598.000000,584.460083
219,1,train,67,488.000000,495.785614
219,1,train,68,481.000000,486.666321
219,1,train,69,455.000000,457.118866
219,1,train,70,550.000000,554.530823
219,1,train,71,505.000000,495.872162
219,1,train,72,608.000000,602.881958
219,1,train,73,482.000000,475.407990
219,1,train,74,466.000000,466.899994
219,1,train,75,471.000000,474.940552
219,1,train,76,624.000000,627.390503
219,1,train,77,591.000000,599.700012
219,1,train,78,488.000000,488.259308
219,1,train,79,606.000000,605.496704
219,1,train,80,693.000000,676.466797
219,1,train,81,475.000000,477.402557
219,1,train,82,484.000000,485.317657
219,1,train,83,580.000000,576.800171
219,1,train,84,511.000000,515.430786
219,1,train,85,562.000000,556.178894
219,1,train,86,630.000000,597.821289
219,1,train,87,583.000000,584.721375
219,1,train,88,465.000000,475.517853
219,1,train,89,524.000000,526.567871
219,1,train,90,472.000000,475.501709
219,1,train,91,456.000000,465.606506
219,1,train,92,456.000000,459.844696
219,1,train,93,475.000000,478.949371
219,1,train,94,465.000000,493.142242
219,1,train,95,561.000000,552.217651
219,1,train,96,464.000000,466.602966
219,1,train,97,490.000000,491.821716
219,1,train,98,450.000000,455.320709
219,1,train,99,601.000000,617.354004
219,1,train,100,463.000000,452.451935
219,1,train,101,670.000000,669.840515
219,1,train,102,597.000000,597.386902
219,1,train,103,592.000000,588.429810
219,1,train,104,597.000000,600.714783
219,1,train,105,371.000000,428.519745
219,1,train,106,500.000000,503.231567
219,1,train,107,476.000000,475.501709
219,1,train,108,464.000000,472.604736
219,1,train,109,494.000000,491.354980
219,1,train,110,585.000000,584.752441
219,1,train,111,507.000000,520.473022
219,1,train,112,568.000000,568.386963
219,1,train,113,500.000000,497.040527
219,1,train,114,605.000000,613.230225
219,1,train,115,519.000000,521.707275
219,1,train,116,504.000000,500.303284
219,1,train,117,487.000000,477.232269
219,1,train,118,517.000000,513.524414
219,1,train,119,532.000000,535.689636
219,1,train,120,493.000000,488.478485
219,1,train,121,477.000000,479.827515
219,1,train,122,648.000000,655.924622
219,2,test,0,495.000000,512.417297
219,2,test,1,473.000000,523.829224
219,2,test,2,618.000000,617.591919
219,2,test,3,568.000000,552.635681
219,2,test,4,584.000000,601.599304
219,2,test,5,507.000000,582.481140
219,2,test,6,455.000000,516.834473
219,2,test,7,543.000000,531.611328
219,2,test,8,597.000000,587.907837
219,2,test,9,600.000000,591.770264
219,2,test,10,524.000000,540.587341
219,2,test,11,475.000000,449.091980
219,2,test,12,459.000000,518.578247
219,2,test,13,500.000000,519.991211
219,2,test,14,689.000000,640.766724
219,2,test,15,606.000000,593.207520
219,2,test,16,580.000000,602.224365
219,2,test,17,541.000000,585.194763
219,2,test,18,580.000000,632.294556
219,2,test,19,476.000000,472.188782
219,2,test,20,617.000000,529.601196
219,2,test,21,628.000000,604.290649
219,2,test,22,509.000000,533.490723
219,2,test,23,509.000000,533.490723
219,2,test,24,463.000000,465.758850
219,2,test,25,596.000000,667.871216
219,2,test,26,522.000000,521.933411
219,2,test,27,608.000000,615.229492
219,2,test,28,560.000000,501.675446
219,2,test,29,693.000000,619.486084
219,2,test,30,517.000000,505.403900
219,2,test,31,455.000000,509.693115
219,2,test,32,446.000000,509.970367
219,2,test,33,534.000000,478.354431
219,2,test,34,577.000000,577.156006
219,2,test,35,575.000000,585.758423
219,2,test,36,528.000000,505.808258
219,2,test,37,645.000000,556.264771
219,2,test,38,585.000000,585.162415
219,2,test,39,516.000000,516.234924
219,2,test,40,479.000000,500.660522
219,2,test,41,473.000000,471.316772
219,2,test,42,487.000000,489.294586
219,2,test,43,460.000000,583.761108
219,2,test,44,500.000000,490.462952
219,2,test,45,596.000000,528.622375
219,2,test,46,519.000000,523.525635
219,2,test,47,608.000000,612.038879
219,2,test,48,492.000000,486.979858
219,2,test,49,509.000000,516.567566
219,2,test,50,479.000000,514.435608
219,2,test,51,505.000000,498.261078
219,2,test,52,466.000000,471.906158
219,2,test,53,613.000000,612.393982
219,2,train,0,630.000000,630.127136
219,2,train,1,511.000000,511.147552
219,2,train,2,478.000000,477.882690
219,2,train,3,465.000000,464.983704
219,2,train,4,605.000000,604.290649
219,2,train,5,524.000000,524.049011
219,2,train,6,515.000000,514.594604
219,2,train,7,477.000000,476.850098
219,2,train,8,494.000000,493.896454
219,2,train,9,577.000000,577.156006
219,2,train,10,488.000000,488.586548
219,2,train,11,578.000000,577.706665
219,2,train,12,484.000000,483.885834
219,2,train,13,465.000000,464.951019
219,2,train,14,480.000000,480.205261
219,2,train,15,538.000000,537.896729
219,2,train,16,586.000000,585.420166
219,2,train,17,532.000000,531.905151
219,2,train,18,598.000000,597.844849
219,2,train,19,670.000000,670.118042
219,2,train,20,507.000000,508.316925
219,2,train,21,505.000000,505.160614
219,2,train,22,500.000000,500.617401
219,2,train,23,519.000000,518.647888
219,2,train,24,525.000000,525.012146
219,2,train,25,630.000000,629.801697
219,2,train,26,508.000000,508.080688
219,2,train,27,605.000000,605.567871
219,2,train,28,442.000000,441.986176
219,2,train,29,482.000000,481.766541
219,2,train,30,484.000000,484.089264
219,2,train,31,464.000000,463.993286
219,2,train,32,451.000000,451.057404
219,2,train,33,371.000000,371.367401
219,2,train,34,524.000000,524.072937
219,2,train,35,535.000000,534.265564
219,2,train,36,472.000000,471.943787
219,2,train,37,545.000000,544.952881
219,2,train,38,572.000000,571.671265
219,2,train,39,617.000000,617.064941
219,2,train,40,649.000000,648.439636
219,2,train,41,504.000000,504.051270
219,2,train,42,463.000000,462.630829
219,2,train,43,456.000000,456.083862
219,2,train,44,601.000000,601.723206
219,2,train,45,630.000000,630.127136
219,2,train,46,572.000000,572.038147
219,2,train,47,597.000000,596.751831
219,2,train,48,648.000000,647.765320
219,2,train,49,613.000000,612.754395
219,2,train,50,500.000000,499.876251
219,2,train,51,502.000000,501.647217
219,2,train,52,464.000000,463.731171
219,2,train,53,489.000000,488.893677
219,2,train,54,504.000000,503.722992
219,2,train,55,592.000000,591.770264
219,2,train,56,475.000000,474.946350
219,2,train,57,505.000000,505.025085
219,2,train,58,534.000000,534.237732
219,2,train,59,525.000000,524.926697
219,2,train,60,481.000000,481.257446
219,2,train,61,670.000000,670.118042
219,2,train,62,612.000000,612.038879
219,2,train,63,585.000000,585.162415
219,2,train,64,528.000000,528.406250
219,2,train,65,456.000000,455.808075
219,2,train,66,574.000000,574.054138
219,2,train,67,601.000000,600.977783
219,2,train,68,577.000000,576.767944
219,2,train,69,488.000000,488.769836
219,2,train,70,472.000000,472.188782
219,2,train,71,456.000000,455.610962
219,2,train,72,591.000000,591.495789
219,2,train,73,624.000000,623.788330
219,2,train,74,431.000000,432.302582
219,2,train,75,597.000000,596.751831
219,2,train,76,584.000000,584.008240
219,2,train,77,469.000000,469.049225
219,2,train,78,522.000000,521.933411
219,2,train,79,495.000000,494.707001
219,2,train,80,526.000000,526.475098
219,2,train,81,640.000000,639.797485
219,2,train,82,616.000000,616.590942
219,2,train,83,580.000000,579.873596
219,2,train,84,623.000000,623.063049
219,2,train,85,507.000000,506.992554
219,2,train,86,597.000000,596.695374
219,2,train,87,624.000000,624.019287
219,2,train,88,471.000000,471.549042
219,2,train,89,506.000000,506.451172
219,2,train,90,583.000000,582.970398
219,2,train,91,504.000000,503.763824
219,2,train,92,594.000000,585.842407
219,2,train,93,617.000000,617.064941
219,2,train,94,557.000000,565.364929
219,2,train,95,595.000000,599.874512
219,2,train,96,488.000000,487.794525
219,2,train,97,523.000000,522.963989
219,2,train,98,637.000000,637.005554
219,2,train,99,644.000000,643.888916
219,2,train,100,572.000000,571.671265
219,2,train,101,644.000000,643.529053
219,2,train,102,485.000000,484.926941
219,2,train,103,555.000000,555.487366
219,2,train,104,572.000000,572.038147
219,2,train,105,648.000000,648.093628
219,2,train,106,510.000000,509.667633
219,2,train,107,522.000000,521.906250
219,2,train,108,484.000000,483.682526
219,2,train,109,612.000000,612.394226
219,2,train,110,490.000000,489.824493
219,2,train,111,610.000000,605.728210
219,2,train,112,462.000000,460.383484
219,2,train,113,584.000000,584.008240
219,2,train,114,541.000000,540.374451
219,2,train,115,450.000000,450.343689
219,2,train,116,516.000000,516.234924
219,2,train,117,501.000000,500.490326
219,2,train,118,606.000000,605.780945
219,2,train,119,561.000000,561.131836
219,2,train,120,493.000000,492.614380
219,2,train,121,550.000000,550.063538
219,2,train,122,562.000000,561.759521
219,3,test,0,601.000000,588.945923
219,3,test,1,596.000000,613.912476
219,3,test,2,574.000000,531.374023
219,3,test,3,466.000000,473.459320
219,3,test,4,482.000000,464.762451
219,3,test,5,473.000000,553.281189
219,3,test,6,594.000000,556.405762
219,3,test,7,493.000000,482.590515
219,3,test,8,524.000000,506.033051
219,3,test,9,644.000000,522.550171
219,3,test,10,455.000000,453.984314
219,3,test,11,475.000000,477.779938
219,3,test,12,505.000000,497.874847
219,3,test,13,612.000000,607.661316
219,3,test,14,644.000000,620.894531
219,3,test,15,459.000000,532.809509
219,3,test,16,597.000000,593.992859
219,3,test,17,550.000000,551.742371
219,3,test,18,524.000000,503.538055
219,3,test,19,506.000000,584.637695
219,3,test,20,523.000000,510.291504
219,3,test,21,500.000000,491.543213
219,3,test,22,568.000000,568.871948
219,3,test,23,640.000000,665.090637
219,3,test,24,605.000000,627.895813
219,3,test,25,465.000000,494.743103
219,3,test,26,610.000000,582.304138
219,3,test,27,608.000000,585.881714
219,3,test,28,585.000000,584.083679
219,3,test,29,584.000000,585.393494
219,3,test,30,597.000000,563.462585
219,3,test,31,555.000000,541.611938
219,3,test,32,507.000000,534.946533
219,3,test,33,670.000000,670.482361
219,3,test,34,598.000000,558.502991
219,3,test,35,617.000000,545.275208
219,3,test,36,580.000000,589.444336
219,3,test,37,595.000000,582.304138
219,3,test,38,612.000000,524.338257
219,3,test,39,463.000000,417.502594
219,3,test,40,463.000000,453.892273
219,3,test,41,541.000000,583.585632
219,3,test,42,617.000000,617.568115
219,3,test,43,572.000000,572.350647
219,3,test,44,525.000000,504.890961
219,3,test,45,495.000000,530.457214
219,3,test,46,460.000000,531.160583
219,3,test,47,693.000000,646.597351
219,3,test,48,484.000000,494.988617
219,3,test,49,495.000000,486.866852
219,3,test,50,472.000000,476.329559
219,3,test,51,623.000000,619.379089
219,3,test,52,586.000000,539.652832
219,3,test,53,488.000000,471.455322
219,3,train,0,519.000000,517.089600
219,3,train,1,585.000000,584.083679
219,3,train,2,670.000000,670.482361
219,3,train,3,630.000000,630.284912
219,3,train,4,465.000000,464.005676
219,3,train,5,618.000000,617.936890
219,3,train,6,606.000000,606.601379
219,3,train,7,572.000000,571.474976
219,3,train,8,561.000000,561.235291
219,3,train,9,605.000000,605.333313
219,3,train,10,504.000000,500.985168
219,3,train,11,473.000000,469.039734
219,3,train,12,528.000000,528.274536
219,3,train,13,490.000000,490.128540
219,3,train,14,500.000000,499.419067
219,3,train,15,649.000000,646.973511
219,3,train,16,522.000000,522.582092
219,3,train,17,628.000000,627.895813
219,3,train,18,584.000000,583.897644
219,3,train,19,455.000000,455.140045
219,3,train,20,597.000000,595.738953
219,3,train,21,516.000000,515.647278
219,3,train,22,515.000000,513.467712
219,3,train,23,525.000000,525.021790
219,3,train,24,484.000000,486.063904
219,3,train,25,502.000000,504.665100
219,3,train,26,592.000000,595.819153
219,3,train,27,488.000000,488.822479
219,3,train,28,645.000000,641.009827
219,3,train,29,577.000000,577.048096
219,3,train,30,577.000000,576.830505
219,3,train,31,476.000000,476.329559
219,3,train,32,500.000000,499.117249
219,3,train,33,481.000000,482.066040
219,3,train,34,528.000000,529.397888
219,3,train,35,494.000000,490.558411
219,3,train,36,456.000000,456.202881
219,3,train,37,580.000000,582.509644
219,3,train,38,616.000000,615.998352
219,3,train,39,534.000000,534.458435
219,3,train,40,431.000000,434.779053
219,3,train,41,606.000000,603.373291
219,3,train,42,532.000000,531.249878
219,3,train,43,477.000000,477.874817
219,3,train,44,442.000000,443.877350
219,3,train,45,451.000000,449.882935
219,3,train,46,608.000000,607.661316
219,3,train,47,479.000000,479.093689
219,3,train,48,578.000000,576.780884
219,3,train,49,464.000000,464.526031
219,3,train,50,478.000000,478.900696
219,3,train,51,624.000000,622.960327
219,3,train,52,517.000000,517.362122
219,3,train,53,464.000000,464.450592
219,3,train,54,600.000000,595.819153
219,3,train,55,630.000000,626.443909
219,3,train,56,504.000000,503.659393
219,3,train,57,507.000000,509.293823
219,3,train,58,584.000000,585.393494
219,3,train,59,597.000000,593.992859
219,3,train,60,472.000000,474.943512
219,3,train,61,501.000000,498.610535
219,3,train,62,508.000000,507.767029
219,3,train,63,456.000000,456.565796
219,3,train,64,583.000000,584.673401
219,3,train,65,624.000000,624.988708
219,3,train,66,471.000000,474.219543
219,3,train,67,545.000000,546.384766
219,3,train,68,572.000000,571.474976
219,3,train,69,630.000000,630.284912
219,3,train,70,617.000000,617.568115
219,3,train,71,522.000000,521.163818
219,3,train,72,543.000000,543.479492
219,3,train,73,504.000000,503.324646
219,3,train,74,562.000000,561.758667
219,3,train,75,526.000000,525.616516
219,3,train,76,613.000000,612.659729
219,3,train,77,475.000000,475.089111
219,3,train,78,575.000000,576.176880
219,3,train,79,462.000000,457.421814
219,3,train,80,510.000000,510.014435
219,3,train,81,648.000000,646.894592
219,3,train,82,601.000000,605.309326
219,3,train,83,560.000000,555.094543
219,3,train,84,488.000000,491.934998
219,3,train,85,577.000000,576.830505
219,3,train,86,505.000000,503.763153
219,3,train,87,580.000000,578.969055
219,3,train,88,509.000000,508.139618
219,3,train,89,507.000000,511.163635
219,3,train,90,648.000000,647.917725
219,3,train,91,487.000000,483.189758
219,3,train,92,479.000000,478.264008
219,3,train,93,637.000000,634.434021
219,3,train,94,450.000000,451.926514
219,3,train,95,480.000000,477.259613
219,3,train,96,689.000000,686.305176
219,3,train,97,613.000000,612.659729
219,3,train,98,469.000000,469.764252
219,3,train,99,516.000000,515.647278
219,3,train,100,557.000000,556.405762
219,3,train,101,572.000000,572.350647
219,3,train,102,519.000000,518.528381
219,3,train,103,456.000000,456.845245
219,3,train,104,541.000000,539.652832
219,3,train,105,509.000000,507.849915
219,3,train,106,446.000000,445.995880
219,3,train,107,489.000000,489.038452
219,3,train,108,591.000000,593.329468
219,3,train,109,371.000000,393.909302
219,3,train,110,522.000000,522.582092
219,3,train,111,484.000000,483.908386
219,3,train,112,596.000000,597.219971
219,3,train,113,492.000000,495.960388
219,3,train,114,505.000000,506.810211
219,3,train,115,524.000000,523.444275
219,3,train,116,485.000000,484.651764
219,3,train,117,500.000000,496.293335
219,3,train,118,535.000000,530.683105
219,3,train,119,538.000000,536.873779
219,3,train,120,511.000000,512.990784
219,3,train,121,534.000000,530.880005
219,3,train,122,509.000000,508.139618
219,4,test,0,541.000000,515.282471
219,4,test,1,463.000000,530.323975
219,4,test,2,460.000000,544.432373
219,4,test,3,628.000000,607.168823
219,4,test,4,489.000000,482.274231
219,4,test,5,476.000000,476.077972
219,4,test,6,591.000000,596.307739
219,4,test,7,504.000000,495.434296
219,4,test,8,475.000000,492.567932
219,4,test,9,488.000000,494.168762
219,4,test,10,572.000000,531.584045
219,4,test,11,648.000000,550.788940
219,4,test,12,524.000000,537.139709
219,4,test,13,618.000000,584.692932
219,4,test,14,637.000000,586.206665
219,4,test,15,522.000000,511.315063
219,4,test,16,600.000000,592.457642
219,4,test,17,572.000000,531.584045
219,4,test,18,522.000000,511.315063
219,4,test,19,484.000000,492.983978
219,4,test,20,572.000000,572.599365
219,4,test,21,623.000000,587.714233
219,4,test,22,479.000000,503.412201
219,4,test,23,504.000000,513.531067
219,4,test,24,459.000000,517.611328
219,4,test,25,517.000000,515.854187
219,4,test,26,557.000000,588.747131
219,4,test,27,516.000000,518.477783
219,4,test,28,371.000000,529.228088
219,4,test,29,473.000000,524.949341
219,4,test,30,610.000000,594.707031
219,4,test,31,525.000000,513.037781
219,4,test,32,495.000000,530.141235
219,4,test,33,575.000000,593.971985
219,4,test,34,488.000000,526.960266
219,4,test,35,464.000000,496.950897
219,4,test,36,545.000000,550.804993
219,4,test,37,525.000000,537.926697
219,4,test,38,541.000000,577.732239
219,4,test,39,617.000000,551.391418
219,4,test,40,500.000000,504.933929
219,4,test,41,580.000000,609.567749
219,4,test,42,693.000000,621.922974
219,4,test,43,464.000000,477.800476
219,4,test,44,451.000000,462.525665
219,4,test,45,463.000000,469.834503
219,4,test,46,585.000000,603.979248
219,4,test,47,477.000000,496.134979
219,4,test,48,568.000000,564.494507
219,4,test,49,500.000000,494.750854
219,4,test,50,522.000000,514.433411
219,4,test,51,585.000000,603.979248
219,4,test,52,613.000000,609.819092
219,4,test,53,577.000000,574.380493
219,4,train,0,577.000000,574.380493
219,4,train,1,505.000000,502.735687
219,4,train,2,584.000000,584.207153
219,4,train,3,509.000000,509.009918
219,4,train,4,488.000000,486.853424
219,4,train,5,508.000000,508.623779
219,4,train,6,574.000000,571.779175
219,4,train,7,479.000000,480.051147
219,4,train,8,630.000000,630.094666
219,4,train,9,605.000000,607.168823
219,4,train,10,617.000000,617.424805
219,4,train,11,608.000000,605.699280
219,4,train,12,507.000000,507.820221
219,4,train,13,505.000000,504.764526
219,4,train,14,597.000000,596.496460
219,4,train,15,507.000000,517.074646
219,4,train,16,645.000000,625.819580
219,4,train,17,455.000000,455.108368
219,4,train,18,515.000000,514.072815
219,4,train,19,584.000000,583.554565
219,4,train,20,597.000000,598.564575
219,4,train,21,446.000000,451.472778
219,4,train,22,580.000000,581.552124
219,4,train,23,594.000000,588.766174
219,4,train,24,455.000000,455.415222
219,4,train,25,471.000000,476.587769
219,4,train,26,482.000000,482.036713
219,4,train,27,506.000000,510.218292
219,4,train,28,478.000000,480.240417
219,4,train,29,490.000000,489.940277
219,4,train,30,450.000000,456.271240
219,4,train,31,577.000000,575.387695
219,4,train,32,500.000000,499.671051
219,4,train,33,507.000000,520.716736
219,4,train,34,550.000000,550.612366
219,4,train,35,670.000000,667.742737
219,4,train,36,606.000000,604.835144
219,4,train,37,456.000000,458.002136
219,4,train,38,586.000000,577.803650
219,4,train,39,469.000000,470.486053
219,4,train,40,543.000000,541.694824
219,4,train,41,456.000000,465.942657
219,4,train,42,595.000000,594.707031
219,4,train,43,596.000000,598.369019
219,4,train,44,598.000000,597.782776
219,4,train,45,612.000000,608.990967
219,4,train,46,510.000000,511.811951
219,4,train,47,616.000000,616.204346
219,4,train,48,528.000000,529.247498
219,4,train,49,484.000000,490.131989
219,4,train,50,689.000000,670.169189
219,4,train,51,480.000000,484.029816
219,4,train,52,592.000000,592.457642
219,4,train,53,596.000000,599.966614
219,4,train,54,528.000000,529.686890
219,4,train,55,524.000000,524.052185
219,4,train,56,605.000000,601.533569
219,4,train,57,601.000000,600.926331
219,4,train,58,612.000000,610.620056
219,4,train,59,617.000000,617.424805
219,4,train,60,494.000000,492.947754
219,4,train,61,484.000000,482.733490
219,4,train,62,502.000000,503.862518
219,4,train,63,555.000000,560.956482
219,4,train,64,534.000000,529.412598
219,4,train,65,597.000000,596.496460
219,4,train,66,562.000000,560.778809
219,4,train,67,560.000000,553.013367
219,4,train,68,640.000000,646.290344
219,4,train,69,493.000000,493.694733
219,4,train,70,648.000000,646.367432
219,4,train,71,583.000000,586.888428
219,4,train,72,472.000000,476.077972
219,4,train,73,644.000000,638.376648
219,4,train,74,485.000000,492.859406
219,4,train,75,442.000000,447.378937
219,4,train,76,578.000000,578.903931
219,4,train,77,487.000000,483.141205
219,4,train,78,613.000000,609.819092
219,4,train,79,505.000000,509.995239
219,4,train,80,524.000000,526.317017
219,4,train,81,473.000000,478.977753
219,4,train,82,501.000000,497.835419
219,4,train,83,561.000000,554.639038
219,4,train,84,504.000000,499.750488
219,4,train,85,495.000000,494.113037
219,4,train,86,462.000000,457.718658
219,4,train,87,584.000000,584.207153
219,4,train,88,670.000000,667.742737
219,4,train,89,465.000000,467.363281
219,4,train,90,456.000000,458.031738
219,4,train,91,475.000000,474.305023
219,4,train,92,481.000000,485.089081
219,4,train,93,624.000000,618.925354
219,4,train,94,431.000000,444.760529
219,4,train,95,509.000000,508.181610
219,4,train,96,580.000000,575.738892
219,4,train,97,500.000000,502.041443
219,4,train,98,630.000000,617.769653
219,4,train,99,526.000000,524.411621
219,4,train,100,534.000000,533.570068
219,4,train,101,492.000000,493.395325
219,4,train,102,535.000000,532.073242
219,4,train,103,538.000000,537.793518
219,4,train,104,511.000000,511.892029
219,4,train,105,624.000000,621.921082
219,4,train,106,519.000000,516.606323
219,4,train,107,644.000000,626.210144
219,4,train,108,608.000000,608.990967
219,4,train,109,601.000000,606.833618
219,4,train,110,465.000000,474.353424
219,4,train,111,472.000000,478.768250
219,4,train,112,509.000000,509.009918
219,4,train,113,466.000000,464.986420
219,4,train,114,572.000000,572.599365
219,4,train,115,523.000000,522.384644
219,4,train,116,532.000000,530.953369
219,4,train,117,597.000000,596.642700
219,4,train,118,630.000000,630.094666
219,4,train,119,516.000000,518.477783
219,4,train,120,519.000000,520.423279
219,4,train,121,649.000000,645.500305
219,4,train,122,606.000000,594.940735
219,5,test,0,482.000000,478.645874
219,5,test,1,601.000000,594.716064
219,5,test,2,475.000000,461.329926
219,5,test,3,605.000000,603.939087
219,5,test,4,617.000000,566.173035
219,5,test,5,465.000000,571.625244
219,5,test,6,689.000000,637.542664
219,5,test,7,616.000000,636.241455
219,5,test,8,522.000000,520.889893
219,5,test,9,500.000000,483.888519
219,5,test,10,598.000000,591.159058
219,5,test,11,560.000000,539.058655
219,5,test,12,500.000000,487.304382
219,5,test,13,594.000000,553.546082
219,5,test,14,509.000000,479.161682
219,5,test,15,568.000000,596.329773
219,5,test,16,600.000000,593.220398
219,5,test,17,580.000000,597.414490
219,5,test,18,577.000000,572.450684
219,5,test,19,535.000000,519.396545
219,5,test,20,618.000000,617.950012
219,5,test,21,534.000000,520.972107
219,5,test,22,489.000000,481.946045
219,5,test,23,617.000000,618.833374
219,5,test,24,591.000000,587.764709
219,5,test,25,456.000000,546.192505
219,5,test,26,606.000000,581.813843
219,5,test,27,605.000000,628.183533
219,5,test,28,472.000000,531.896667
219,5,test,29,516.000000,516.883850
219,5,test,30,473.000000,512.396057
219,5,test,31,504.000000,496.247559
219,5,test,32,475.000000,466.230225
219,5,test,33,505.000000,507.686981
219,5,test,34,465.000000,515.595398
219,5,test,35,596.000000,639.287720
219,5,test,36,644.000000,611.423645
219,5,test,37,541.000000,513.728027
219,5,test,38,525.000000,537.020935
219,5,test,39,670.000000,666.434387
219,5,test,40,517.000000,516.222717
219,5,test,41,480.000000,486.272217
219,5,test,42,524.000000,539.159119
219,5,test,43,463.000000,488.686096
219,5,test,44,464.000000,483.917145
219,5,test,45,511.000000,515.458557
219,5,test,46,490.000000,521.273376
219,5,test,47,495.000000,527.879517
219,5,test,48,584.000000,583.715210
219,5,test,49,597.000000,587.655396
219,5,test,50,528.000000,531.403320
219,5,test,51,597.000000,594.425720
219,5,test,52,525.000000,532.498230
219,5,test,53,371.000000,500.669312
219,5,train,0,500.000000,505.488098
219,5,train,1,488.000000,487.071655
219,5,train,2,510.000000,511.584473
219,5,train,3,459.000000,458.662476
219,5,train,4,584.000000,583.715210
219,5,train,5,550.000000,553.076660
219,5,train,6,464.000000,463.541138
219,5,train,7,577.000000,574.145935
219,5,train,8,601.000000,607.011475
219,5,train,9,534.000000,529.995300
219,5,train,10,524.000000,525.791321
219,5,train,11,578.000000,577.487183
219,5,train,12,555.000000,555.029114
219,5,train,13,630.000000,630.086792
219,5,train,14,492.000000,491.170288
219,5,train,15,479.000000,481.420441
219,5,train,16,597.000000,594.425720
219,5,train,17,505.000000,505.978210
219,5,train,18,485.000000,500.316895
219,5,train,19,462.000000,457.305634
219,5,train,20,493.000000,491.523193
219,5,train,21,580.000000,580.455872
219,5,train,22,507.000000,512.782043
219,5,train,23,584.000000,585.086487
219,5,train,24,612.000000,610.294434
219,5,train,25,487.000000,481.721497
219,5,train,26,519.000000,518.660706
219,5,train,27,456.000000,459.792145
219,5,train,28,613.000000,613.241882
219,5,train,29,557.000000,553.546082
219,5,train,30,624.000000,629.277771
219,5,train,31,561.000000,554.567078
219,5,train,32,585.000000,584.545349
219,5,train,33,501.000000,500.120941
219,5,train,34,648.000000,655.420166
219,5,train,35,572.000000,567.903931
219,5,train,36,640.000000,638.044495
219,5,train,37,431.000000,443.180084
219,5,train,38,455.000000,457.792389
219,5,train,39,476.000000,475.107452
219,5,train,40,481.000000,484.087128
219,5,train,41,606.000000,594.044067
219,5,train,42,484.000000,484.974182
219,5,train,43,505.000000,503.244995
219,5,train,44,645.000000,640.163757
219,5,train,45,456.000000,463.131805
219,5,train,46,596.000000,600.291870
219,5,train,47,543.000000,541.874207
219,5,train,48,506.000000,509.376953
219,5,train,49,488.000000,489.613861
219,5,train,50,624.000000,623.633789
219,5,train,51,526.000000,523.793396
219,5,train,52,516.000000,516.883850
219,5,train,53,507.000000,510.750854
219,5,train,54,693.000000,676.127686
219,5,train,55,442.000000,448.642426
219,5,train,56,628.000000,628.183533
219,5,train,57,574.000000,575.176208
219,5,train,58,446.000000,447.391174
219,5,train,59,500.000000,499.906158
219,5,train,60,610.000000,601.975525
219,5,train,61,477.000000,479.496826
219,5,train,62,528.000000,528.352051
219,5,train,63,504.000000,504.463135
219,5,train,64,572.000000,567.903931
219,5,train,65,460.000000,476.350952
219,5,train,66,509.000000,510.195831
219,5,train,67,545.000000,546.319763
219,5,train,68,562.000000,557.203796
219,5,train,69,613.000000,612.737366
219,5,train,70,585.000000,584.545349
219,5,train,71,637.000000,632.738708
219,5,train,72,580.000000,585.690369
219,5,train,73,484.000000,481.041809
219,5,train,74,524.000000,525.507629
219,5,train,75,572.000000,573.383423
219,5,train,76,522.000000,521.560913
219,5,train,77,595.000000,600.875244
219,5,train,78,577.000000,572.450684
219,5,train,79,466.000000,462.978729
219,5,train,80,451.000000,451.652130
219,5,train,81,617.000000,618.833374
219,5,train,82,508.000000,507.510620
219,5,train,83,488.000000,490.485199
219,5,train,84,648.000000,646.941223
219,5,train,85,484.000000,486.586639
219,5,train,86,644.000000,621.478638
219,5,train,87,592.000000,593.220398
219,5,train,88,541.000000,559.280579
219,5,train,89,612.000000,610.137146
219,5,train,90,623.000000,618.794556
219,5,train,91,522.000000,520.889893
219,5,train,92,469.000000,467.709198
219,5,train,93,507.000000,511.411865
219,5,train,94,538.000000,535.884460
219,5,train,95,523.000000,521.020691
219,5,train,96,463.000000,460.661896
219,5,train,97,649.000000,644.983093
219,5,train,98,572.000000,573.383423
219,5,train,99,519.000000,520.994568
219,5,train,100,608.000000,608.334717
219,5,train,101,509.000000,510.195831
219,5,train,102,532.000000,527.794434
219,5,train,103,583.000000,586.876099
219,5,train,104,494.000000,492.734680
219,5,train,105,502.000000,502.147339
219,5,train,106,670.000000,666.434387
219,5,train,107,630.000000,617.567017
219,5,train,108,455.000000,454.141296
219,5,train,109,608.000000,610.294434
219,5,train,110,586.000000,564.993286
219,5,train,111,471.000000,474.968201
219,5,train,112,575.000000,579.103271
219,5,train,113,473.000000,473.133057
219,5,train,114,450.000000,457.219025
219,5,train,115,478.000000,478.331299
219,5,train,116,597.000000,594.254028
219,5,train,117,479.000000,479.280914
219,5,train,118,472.000000,475.107452
219,5,train,119,495.000000,494.304901
219,5,train,120,504.000000,501.540314
219,5,train,121,515.000000,514.162170
219,5,train,122,630.000000,630.086792
219,6,test,0,493.000000,489.756958
219,6,test,1,596.000000,601.982544
219,6,test,2,509.000000,508.294159
219,6,test,3,585.000000,585.691040
219,6,test,4,525.000000,527.611084
219,6,test,5,577.000000,576.795410
219,6,test,6,500.000000,514.962341
219,6,test,7,516.000000,569.528076
219,6,test,8,617.000000,617.885071
219,6,test,9,459.000000,463.020264
219,6,test,10,630.000000,572.322754
219,6,test,11,451.000000,448.428528
219,6,test,12,516.000000,569.528076
219,6,test,13,555.000000,557.068054
219,6,test,14,644.000000,607.599426
219,6,test,15,580.000000,561.760559
219,6,test,16,541.000000,543.168640
219,6,test,17,597.000000,596.991760
219,6,test,18,489.000000,481.498444
219,6,test,19,522.000000,522.677246
219,6,test,20,464.000000,466.730896
219,6,test,21,463.000000,496.057037
219,6,test,22,584.000000,584.036743
219,6,test,23,538.000000,548.032410
219,6,test,24,644.000000,549.237671
219,6,test,25,455.000000,463.163757
219,6,test,26,484.000000,489.854828
219,6,test,27,484.000000,488.461670
219,6,test,28,476.000000,472.810760
219,6,test,29,624.000000,624.861633
219,6,test,30,481.000000,498.713837
219,6,test,31,528.000000,515.565125
219,6,test,32,463.000000,456.337830
219,6,test,33,670.000000,669.752197
219,6,test,34,613.000000,612.495422
219,6,test,35,446.000000,485.965240
219,6,test,36,560.000000,540.657043
219,6,test,37,689.000000,643.468445
219,6,test,38,371.000000,533.770874
219,6,test,39,601.000000,632.973328
219,6,test,40,492.000000,494.007812
219,6,test,41,482.000000,465.826416
219,6,test,42,648.000000,669.494568
219,6,test,43,586.000000,543.168640
219,6,test,44,442.000000,461.912628
219,6,test,45,630.000000,636.548462
219,6,test,46,473.000000,539.842834
219,6,test,47,572.000000,572.190125
219,6,test,48,630.000000,636.548462
219,6,test,49,605.000000,627.682373
219,6,test,50,624.000000,635.303650
219,6,test,51,648.000000,586.548706
219,6,test,52,506.000000,560.458008
219,6,test,53,572.000000,571.992004
219,6,train,0,628.000000,627.682373
219,6,train,1,495.000000,494.932770
219,6,train,2,572.000000,571.992004
219,6,train,3,545.000000,544.779846
219,6,train,4,465.000000,465.817596
219,6,train,5,616.000000,616.271545
219,6,train,6,507.000000,506.646240
219,6,train,7,617.000000,617.885071
219,6,train,8,478.000000,477.911987
219,6,train,9,584.000000,584.036743
219,6,train,10,510.000000,509.925140
219,6,train,11,515.000000,514.505920
219,6,train,12,605.000000,605.573181
219,6,train,13,504.000000,503.269470
219,6,train,14,608.000000,610.020569
219,6,train,15,597.000000,596.991760
219,6,train,16,594.000000,584.714661
219,6,train,17,472.000000,471.810364
219,6,train,18,572.000000,572.190125
219,6,train,19,574.000000,573.170593
219,6,train,20,649.000000,648.541931
219,6,train,21,464.000000,462.990356
219,6,train,22,473.000000,473.220917
219,6,train,23,431.000000,433.049866
219,6,train,24,507.000000,509.575226
219,6,train,25,523.000000,523.049255
219,6,train,26,504.000000,504.119415
219,6,train,27,532.000000,531.347473
219,6,train,28,456.000000,456.369568
219,6,train,29,606.000000,605.426270
219,6,train,30,526.000000,526.416565
219,6,train,31,598.000000,597.890442
219,6,train,32,475.000000,474.568604
219,6,train,33,519.000000,518.462219
219,6,train,34,460.000000,460.626709
219,6,train,35,580.000000,580.115845
219,6,train,36,597.000000,595.993225
219,6,train,37,575.000000,576.157959
219,6,train,38,485.000000,484.863281
219,6,train,39,524.000000,524.885681
219,6,train,40,500.000000,499.771088
219,6,train,41,456.000000,456.100189
219,6,train,42,477.000000,477.775574
219,6,train,43,455.000000,455.148438
219,6,train,44,495.000000,494.547089
219,6,train,45,488.000000,488.600189
219,6,train,46,508.000000,507.563507
219,6,train,47,645.000000,644.654846
219,6,train,48,585.000000,585.691040
219,6,train,49,583.000000,583.663574
219,6,train,50,528.000000,528.236450
219,6,train,51,562.000000,561.411438
219,6,train,52,500.000000,500.050232
219,6,train,53,535.000000,533.113892
219,6,train,54,610.000000,605.330933
219,6,train,55,557.000000,566.441223
219,6,train,56,479.000000,478.941132
219,6,train,57,534.000000,533.304077
219,6,train,58,541.000000,541.135132
219,6,train,59,488.000000,489.103943
219,6,train,60,637.000000,637.732117
219,6,train,61,534.000000,533.961182
219,6,train,62,504.000000,503.274445
219,6,train,63,578.000000,578.107788
219,6,train,64,450.000000,449.849365
219,6,train,65,511.000000,511.720306
219,6,train,66,580.000000,580.042114
219,6,train,67,600.000000,595.846130
219,6,train,68,693.000000,692.031067
219,6,train,69,522.000000,522.677246
219,6,train,70,479.000000,478.523193
219,6,train,71,608.000000,608.096558
219,6,train,72,561.000000,560.945923
219,6,train,73,584.000000,583.698975
219,6,train,74,505.000000,504.510956
219,6,train,75,519.000000,519.767883
219,6,train,76,484.000000,485.782928
219,6,train,77,595.000000,600.723206
219,6,train,78,577.000000,577.030640
219,6,train,79,494.000000,493.589844
219,6,train,80,612.000000,610.020569
219,6,train,81,601.000000,601.159485
219,6,train,82,596.000000,596.054199
219,6,train,83,524.000000,523.801941
219,6,train,84,618.000000,618.899414
219,6,train,85,597.000000,596.121704
219,6,train,86,500.000000,500.283417
219,6,train,87,465.000000,465.182678
219,6,train,88,606.000000,606.121399
219,6,train,89,577.000000,576.795410
219,6,train,90,522.000000,522.121155
219,6,train,91,613.000000,612.495422
219,6,train,92,490.000000,489.849213
219,6,train,93,509.000000,508.892853
219,6,train,94,505.000000,505.638458
219,6,train,95,462.000000,459.681274
219,6,train,96,543.000000,543.105042
219,6,train,97,507.000000,506.585175
219,6,train,98,456.000000,455.843018
219,6,train,99,670.000000,669.752197
219,6,train,100,550.000000,550.360291
219,6,train,101,524.000000,524.673950
219,6,train,102,502.000000,501.903809
219,6,train,103,517.000000,517.293396
219,6,train,104,612.000000,611.823853
219,6,train,105,617.000000,615.950684
219,6,train,106,472.000000,472.810760
219,6,train,107,623.000000,621.837646
219,6,train,108,592.000000,595.830688
219,6,train,109,469.000000,469.316650
219,6,train,110,488.000000,487.518555
219,6,train,111,591.000000,591.455261
219,6,train,112,525.000000,524.989380
219,6,train,113,501.000000,500.189697
219,6,train,114,475.000000,475.181396
219,6,train,115,568.000000,567.739014
219,6,train,116,480.000000,479.434113
219,6,train,117,471.000000,473.153564
219,6,train,118,640.000000,640.672180
219,6,train,119,487.000000,485.068909
219,6,train,120,466.000000,466.121429
219,6,train,121,509.000000,508.294159
219,6,train,122,505.000000,505.416534
219,7,test,0,623.000000,608.642639
219,7,test,1,456.000000,488.836731
219,7,test,2,606.000000,583.311218
219,7,test,3,597.000000,594.566895
219,7,test,4,624.000000,619.116821
219,7,test,5,524.000000,535.235291
219,7,test,6,543.000000,541.871643
219,7,test,7,507.000000,550.582397
219,7,test,8,502.000000,510.973633
219,7,test,9,561.000000,546.413818
219,7,test,10,597.000000,594.566895
219,7,test,11,644.000000,566.723267
219,7,test,12,481.000000,529.055420
219,7,test,13,572.000000,572.347839
219,7,test,14,526.000000,506.671906
219,7,test,15,451.000000,455.318176
219,7,test,16,463.000000,402.005127
219,7,test,17,670.000000,620.813477
219,7,test,18,578.000000,547.079773
219,7,test,19,504.000000,508.770172
219,7,test,20,517.000000,522.972900
219,7,test,21,488.000000,516.738770
219,7,test,22,507.000000,528.839722
219,7,test,23,478.000000,527.641541
219,7,test,24,617.000000,616.901794
219,7,test,25,689.000000,632.083862
219,7,test,26,613.000000,612.261414
219,7,test,27,630.000000,630.975525
219,7,test,28,541.000000,509.586243
219,7,test,29,693.000000,627.052856
219,7,test,30,628.000000,605.020020
219,7,test,31,583.000000,566.033447
219,7,test,32,522.000000,518.235352
219,7,test,33,500.000000,512.002625
219,7,test,34,466.000000,450.224731
219,7,test,35,519.000000,502.371216
219,7,test,36,490.000000,501.309479
219,7,test,37,577.000000,509.323425
219,7,test,38,584.000000,584.229492
219,7,test,39,586.000000,538.995056
219,7,test,40,509.000000,510.567078
219,7,test,41,504.000000,484.266022
219,7,test,42,494.000000,496.167877
219,7,test,43,516.000000,516.848206
219,7,test,44,648.000000,644.515137
219,7,test,45,577.000000,509.323425
219,7,test,46,455.000000,472.775177
219,7,test,47,505.000000,498.177032
219,7,test,48,509.000000,482.432251
219,7,test,49,492.000000,483.001953
219,7,test,50,670.000000,620.813477
219,7,test,51,463.000000,472.618866
219,7,test,52,605.000000,585.614685
219,7,test,53,456.000000,465.476013
219,7,train,0,596.000000,596.079956
219,7,train,1,506.000000,505.834167
219,7,train,2,580.000000,580.145386
219,7,train,3,598.000000,598.660583
219,7,train,4,594.000000,578.728516
219,7,train,5,618.000000,618.106445
219,7,train,6,613.000000,612.261414
219,7,train,7,446.000000,446.157013
219,7,train,8,601.000000,600.848083
219,7,train,9,500.000000,499.328644
219,7,train,10,505.000000,504.462494
219,7,train,11,480.000000,480.630554
219,7,train,12,455.000000,455.098572
219,7,train,13,591.000000,591.780945
219,7,train,14,471.000000,475.193451
219,7,train,15,608.000000,607.511841
219,7,train,16,624.000000,623.360413
219,7,train,17,524.000000,525.920166
219,7,train,18,450.000000,450.403381
219,7,train,19,479.000000,479.049377
219,7,train,20,575.000000,575.862061
219,7,train,21,612.000000,610.064880
219,7,train,22,484.000000,484.268250
219,7,train,23,572.000000,572.183228
219,7,train,24,472.000000,474.434570
219,7,train,25,510.000000,509.748444
219,7,train,26,487.000000,482.996033
219,7,train,27,431.000000,436.601135
219,7,train,28,485.000000,485.009216
219,7,train,29,580.000000,580.820801
219,7,train,30,475.000000,473.887787
219,7,train,31,616.000000,616.803406
219,7,train,32,465.000000,466.175354
219,7,train,33,525.000000,524.039368
219,7,train,34,484.000000,485.920288
219,7,train,35,509.000000,510.567078
219,7,train,36,560.000000,559.028809
219,7,train,37,572.000000,572.347839
219,7,train,38,504.000000,501.746765
219,7,train,39,606.000000,605.461548
219,7,train,40,456.000000,455.101807
219,7,train,41,600.000000,596.514038
219,7,train,42,488.000000,487.061890
219,7,train,43,442.000000,444.326569
219,7,train,44,550.000000,551.520874
219,7,train,45,596.000000,596.604187
219,7,train,46,507.000000,511.171600
219,7,train,47,460.000000,459.425049
219,7,train,48,601.000000,604.040710
219,7,train,49,488.000000,487.685364
219,7,train,50,528.000000,527.236084
219,7,train,51,522.000000,521.713135
219,7,train,52,645.000000,644.398987
219,7,train,53,495.000000,497.848633
219,7,train,54,545.000000,545.059509
219,7,train,55,610.000000,604.306641
219,7,train,56,523.000000,523.173523
219,7,train,57,482.000000,481.608978
219,7,train,58,511.000000,511.733826
219,7,train,59,535.000000,532.210632
219,7,train,60,648.000000,647.494812
219,7,train,61,597.000000,595.363098
219,7,train,62,473.000000,472.588409
219,7,train,63,541.000000,538.995056
219,7,train,64,612.000000,611.479065
219,7,train,65,489.000000,489.250977
219,7,train,66,477.000000,477.464203
219,7,train,67,495.000000,496.541229
219,7,train,68,585.000000,584.973145
219,7,train,69,465.000000,465.433350
219,7,train,70,630.000000,629.654846
219,7,train,71,617.000000,616.474487
219,7,train,72,637.000000,637.110413
219,7,train,73,519.000000,521.242859
219,7,train,74,500.000000,499.244934
219,7,train,75,476.000000,474.434570
219,7,train,76,479.000000,479.268982
219,7,train,77,649.000000,645.844666
219,7,train,78,617.000000,616.901794
219,7,train,79,464.000000,463.720093
219,7,train,80,464.000000,461.836914
219,7,train,81,584.000000,584.302185
219,7,train,82,577.000000,577.332947
219,7,train,83,524.000000,524.332092
219,7,train,84,605.000000,605.020020
219,7,train,85,462.000000,456.011749
219,7,train,86,522.000000,521.713135
219,7,train,87,515.000000,513.763000
219,7,train,88,475.000000,475.887512
219,7,train,89,584.000000,584.229492
219,7,train,90,562.000000,558.978638
219,7,train,91,630.000000,630.975525
219,7,train,92,532.000000,530.415100
219,7,train,93,555.000000,556.613220
219,7,train,94,644.000000,642.830383
219,7,train,95,528.000000,527.508911
219,7,train,96,574.000000,573.598938
219,7,train,97,597.000000,595.238647
219,7,train,98,534.000000,530.866577
219,7,train,99,534.000000,535.401733
219,7,train,100,557.000000,570.376282
219,7,train,101,608.000000,610.064880
219,7,train,102,525.000000,525.998718
219,7,train,103,459.000000,458.818512
219,7,train,104,472.000000,472.927032
219,7,train,105,501.000000,501.413971
219,7,train,106,538.000000,537.806091
219,7,train,107,508.000000,508.018463
219,7,train,108,505.000000,505.391205
219,7,train,109,592.000000,596.435425
219,7,train,110,500.000000,499.655640
219,7,train,111,580.000000,580.666443
219,7,train,112,469.000000,469.109497
219,7,train,113,585.000000,584.973145
219,7,train,114,493.000000,491.006165
219,7,train,115,473.000000,473.376923
219,7,train,116,371.000000,371.786804
219,7,train,117,516.000000,516.848206
219,7,train,118,572.000000,572.183228
219,7,train,119,484.000000,483.035278
219,7,train,120,595.000000,602.547180
219,7,train,121,568.000000,568.087036
219,7,train,122,640.000000,640.287720
219,8,test,0,511.000000,520.889893
219,8,test,1,601.000000,642.585388
219,8,test,2,572.000000,572.009644
219,8,test,3,475.000000,492.397552
219,8,test,4,562.000000,496.840729
219,8,test,5,617.000000,625.280762
219,8,test,6,689.000000,645.543945
219,8,test,7,591.000000,596.705750
219,8,test,8,534.000000,513.901672
219,8,test,9,624.000000,609.280579
219,8,test,10,601.000000,588.193420
219,8,test,11,568.000000,573.866089
219,8,test,12,462.000000,498.692566
219,8,test,13,473.000000,543.864197
219,8,test,14,519.000000,527.640198
219,8,test,15,595.000000,610.006714
219,8,test,16,455.000000,473.281982
219,8,test,17,555.000000,566.101746
219,8,test,18,586.000000,541.003845
219,8,test,19,525.000000,500.885406
219,8,test,20,597.000000,597.492126
219,8,test,21,617.000000,625.280762
219,8,test,22,605.000000,584.859680
219,8,test,23,528.000000,516.852234
219,8,test,24,446.000000,482.928528
219,8,test,25,476.000000,472.167633
219,8,test,26,475.000000,470.398560
219,8,test,27,612.000000,572.400818
219,8,test,28,465.000000,559.525513
219,8,test,29,583.000000,566.382019
219,8,test,30,488.000000,484.233887
219,8,test,31,431.000000,495.983612
219,8,test,32,507.000000,542.979004
219,8,test,33,606.000000,559.334290
219,8,test,34,481.000000,495.890198
219,8,test,35,526.000000,510.564636
219,8,test,36,630.000000,562.048767
219,8,test,37,510.000000,513.869568
219,8,test,38,617.000000,567.924133
219,8,test,39,577.000000,553.260925
219,8,test,40,488.000000,493.335724
219,8,test,41,506.000000,552.317810
219,8,test,42,471.000000,483.750610
219,8,test,43,505.000000,511.100220
219,8,test,44,504.000000,492.163055
219,8,test,45,484.000000,479.113983
219,8,test,46,515.000000,494.851715
219,8,test,47,557.000000,593.597229
219,8,test,48,456.000000,538.183655
219,8,test,49,487.000000,479.288147
219,8,test,50,572.000000,571.915649
219,8,test,51,630.000000,630.035339
219,8,test,52,538.000000,526.369141
219,8,test,53,608.000000,572.400818
219,8,train,0,371.000000,371.191742
219,8,train,1,580.000000,580.072754
219,8,train,2,584.000000,583.986755
219,8,train,3,580.000000,580.165955
219,8,train,4,500.000000,500.076660
219,8,train,5,623.000000,622.875854
219,8,train,6,495.000000,495.120728
219,8,train,7,561.000000,561.131836
219,8,train,8,628.000000,624.586731
219,8,train,9,492.000000,491.526337
219,8,train,10,574.000000,574.012085
219,8,train,11,472.000000,472.167633
219,8,train,12,509.000000,509.014801
219,8,train,13,480.000000,479.955353
219,8,train,14,516.000000,515.979248
219,8,train,15,637.000000,636.942810
219,8,train,16,613.000000,612.931030
219,8,train,17,608.000000,608.117737
219,8,train,18,524.000000,524.002014
219,8,train,19,519.000000,519.025146
219,8,train,20,597.000000,596.992249
219,8,train,21,606.000000,606.064209
219,8,train,22,523.000000,522.976257
219,8,train,23,488.000000,488.300812
219,8,train,24,477.000000,476.987671
219,8,train,25,456.000000,456.042938
219,8,train,26,618.000000,618.116760
219,8,train,27,509.000000,509.014801
219,8,train,28,493.000000,492.956146
219,8,train,29,575.000000,575.192444
219,8,train,30,577.000000,577.027832
219,8,train,31,501.000000,500.873779
219,8,train,32,585.000000,585.001343
219,8,train,33,596.000000,596.063965
219,8,train,34,463.000000,462.954163
219,8,train,35,649.000000,649.017334
219,8,train,36,598.000000,597.976318
219,8,train,37,693.000000,692.972534
219,8,train,38,630.000000,630.035339
219,8,train,39,508.000000,508.004547
219,8,train,40,469.000000,469.079620
219,8,train,41,472.000000,471.963257
219,8,train,42,524.000000,524.027161
219,8,train,43,545.000000,545.189636
219,8,train,44,597.000000,596.968140
219,8,train,45,543.000000,542.976807
219,8,train,46,484.000000,484.423737
219,8,train,47,525.000000,525.056519
219,8,train,48,580.000000,580.095093
219,8,train,49,522.000000,522.126526
219,8,train,50,505.000000,504.864349
219,8,train,51,504.000000,503.829407
219,8,train,52,450.000000,450.065338
219,8,train,53,478.000000,477.986115
219,8,train,54,495.000000,495.040161
219,8,train,55,624.000000,624.074585
219,8,train,56,584.000000,584.038330
219,8,train,57,459.000000,458.980194
219,8,train,58,500.000000,499.922211
219,8,train,59,594.000000,593.938538
219,8,train,60,616.000000,615.976562
219,8,train,61,541.000000,541.008606
219,8,train,62,560.000000,560.158997
219,8,train,63,644.000000,643.886841
219,8,train,64,505.000000,504.998444
219,8,train,65,494.000000,493.968597
219,8,train,66,463.000000,462.517487
219,8,train,67,648.000000,648.110474
219,8,train,68,592.000000,594.010315
219,8,train,69,464.000000,463.925781
219,8,train,70,484.000000,484.101410
219,8,train,71,504.000000,503.941071
219,8,train,72,585.000000,585.001343
219,8,train,73,645.000000,644.639893
219,8,train,74,479.000000,479.029083
219,8,train,75,578.000000,577.971252
219,8,train,76,541.000000,541.003845
219,8,train,77,455.000000,455.042114
219,8,train,78,610.000000,610.006714
219,8,train,79,577.000000,577.027832
219,8,train,80,535.000000,534.698364
219,8,train,81,507.000000,507.219940
219,8,train,82,612.000000,612.056580
219,8,train,83,670.000000,669.980774
219,8,train,84,490.000000,489.932098
219,8,train,85,572.000000,572.009644
219,8,train,86,550.000000,550.006958
219,8,train,87,485.000000,484.963898
219,8,train,88,489.000000,489.020844
219,8,train,89,502.000000,502.071899
219,8,train,90,534.000000,534.180725
219,8,train,91,524.000000,523.954834
219,8,train,92,509.000000,508.851440
219,8,train,93,640.000000,640.002747
219,8,train,94,500.000000,499.943085
219,8,train,95,605.000000,608.171753
219,8,train,96,596.000000,595.967346
219,8,train,97,644.000000,643.903259
219,8,train,98,528.000000,527.672363
219,8,train,99,482.000000,481.944824
219,8,train,100,572.000000,571.915649
219,8,train,101,460.000000,459.924469
219,8,train,102,648.000000,647.850403
219,8,train,103,442.000000,441.956665
219,8,train,104,670.000000,669.980774
219,8,train,105,522.000000,521.567993
219,8,train,106,473.000000,473.053558
219,8,train,107,464.000000,463.901276
219,8,train,108,532.000000,532.070862
219,8,train,109,507.000000,506.844574
219,8,train,110,451.000000,450.969818
219,8,train,111,479.000000,479.080933
219,8,train,112,465.000000,464.971802
219,8,train,113,456.000000,455.971283
219,8,train,114,613.000000,612.931030
219,8,train,115,466.000000,465.845215
219,8,train,116,600.000000,597.874146
219,8,train,117,516.000000,515.979248
219,8,train,118,584.000000,584.038330
219,8,train,119,500.000000,500.176147
219,8,train,120,517.000000,517.087708
219,8,train,121,522.000000,522.403259
219,8,train,122,597.000000,596.992249
219,9,test,0,507.000000,562.970093
219,9,test,1,510.000000,533.391724
219,9,test,2,648.000000,680.190857
219,9,test,3,500.000000,477.118011
219,9,test,4,606.000000,581.390015
219,9,test,5,482.000000,484.436829
219,9,test,6,605.000000,598.352478
219,9,test,7,488.000000,500.989838
219,9,test,8,585.000000,612.369141
219,9,test,9,585.000000,612.369141
219,9,test,10,640.000000,672.631470
219,9,test,11,630.000000,529.278931
219,9,test,12,586.000000,553.753662
219,9,test,13,644.000000,499.591705
219,9,test,14,505.000000,522.107910
219,9,test,15,495.000000,495.845947
219,9,test,16,560.000000,510.379608
219,9,test,17,472.000000,519.438354
219,9,test,18,543.000000,517.064209
219,9,test,19,572.000000,573.027710
219,9,test,20,577.000000,572.820129
219,9,test,21,612.000000,596.203979
219,9,test,22,550.000000,544.666138
219,9,test,23,595.000000,610.171814
219,9,test,24,459.000000,482.193848
219,9,test,25,597.000000,593.248047
219,9,test,26,509.000000,509.724396
219,9,test,27,492.000000,485.223816
219,9,test,28,616.000000,613.172058
219,9,test,29,591.000000,595.795410
219,9,test,30,477.000000,486.317505
219,9,test,31,500.000000,499.025787
219,9,test,32,608.000000,612.919800
219,9,test,33,371.000000,513.095276
219,9,test,34,644.000000,569.149353
219,9,test,35,504.000000,489.088379
219,9,test,36,475.000000,466.162048
219,9,test,37,528.000000,503.622986
219,9,test,38,592.000000,601.064880
219,9,test,39,541.000000,553.753662
219,9,test,40,568.000000,577.468811
219,9,test,41,535.000000,513.814087
219,9,test,42,617.000000,503.059906
219,9,test,43,524.000000,560.879456
219,9,test,44,485.000000,570.014343
219,9,test,45,456.000000,478.057739
219,9,test,46,613.000000,612.025330
219,9,test,47,472.000000,476.526489
219,9,test,48,596.000000,633.979858
219,9,test,49,471.000000,488.035858
219,9,test,50,507.000000,526.808411
219,9,test,51,525.000000,561.364136
219,9,test,52,484.000000,485.316498
219,9,test,53,606.000000,582.081665
219,9,train,0,557.000000,569.086243
219,9,train,1,562.000000,560.263916
219,9,train,2,473.000000,473.050110
219,9,train,3,473.000000,474.072601
219,9,train,4,572.000000,571.957458
219,9,train,5,598.000000,598.017456
219,9,train,6,522.000000,521.704285
219,9,train,7,584.000000,583.902039
219,9,train,8,484.000000,483.870728
219,9,train,9,610.000000,610.171814
219,9,train,10,509.000000,509.677216
219,9,train,11,628.000000,620.213013
219,9,train,12,538.000000,536.898071
219,9,train,13,511.000000,510.747650
219,9,train,14,450.000000,450.829010
219,9,train,15,500.000000,500.590332
219,9,train,16,528.000000,527.191101
219,9,train,17,612.000000,612.919800
219,9,train,18,597.000000,596.200195
219,9,train,19,541.000000,539.776184
219,9,train,20,431.000000,440.439514
219,9,train,21,584.000000,583.352722
219,9,train,22,577.000000,577.250610
219,9,train,23,478.000000,478.123291
219,9,train,24,617.000000,617.117676
219,9,train,25,500.000000,498.831879
219,9,train,26,522.000000,521.704285
219,9,train,27,649.000000,648.765991
219,9,train,28,524.000000,524.762512
219,9,train,29,494.000000,491.813934
219,9,train,30,577.000000,572.820129
219,9,train,31,487.000000,487.107605
219,9,train,32,488.000000,489.256378
219,9,train,33,584.000000,583.352722
219,9,train,34,479.000000,479.228455
219,9,train,35,465.000000,479.350922
219,9,train,36,583.000000,580.438110
219,9,train,37,613.000000,612.025330
219,9,train,38,466.000000,465.924408
219,9,train,39,670.000000,670.138489
219,9,train,40,637.000000,637.050293
219,9,train,41,630.000000,630.249390
219,9,train,42,517.000000,518.000366
219,9,train,43,455.000000,455.142212
219,9,train,44,505.000000,504.439087
219,9,train,45,578.000000,576.736816
219,9,train,46,505.000000,504.980377
219,9,train,47,624.000000,624.882812
219,9,train,48,618.000000,616.896667
219,9,train,49,605.000000,611.935669
219,9,train,50,462.000000,459.642822
219,9,train,51,501.000000,500.776367
219,9,train,52,460.000000,475.804291
219,9,train,53,534.000000,533.332397
219,9,train,54,515.000000,514.469238
219,9,train,55,617.000000,617.117676
219,9,train,56,545.000000,545.169189
219,9,train,57,508.000000,508.350281
219,9,train,58,597.000000,593.248047
219,9,train,59,489.000000,489.265869
219,9,train,60,600.000000,601.064880
219,9,train,61,481.000000,482.028931
219,9,train,62,575.000000,576.499084
219,9,train,63,623.000000,621.287231
219,9,train,64,580.000000,582.352905
219,9,train,65,608.000000,607.800293
219,9,train,66,479.000000,479.016998
219,9,train,67,469.000000,467.944214
219,9,train,68,464.000000,464.429962
219,9,train,69,670.000000,670.138489
219,9,train,70,597.000000,595.853638
219,9,train,71,580.000000,579.220886
219,9,train,72,509.000000,508.144409
219,9,train,73,572.000000,571.957458
219,9,train,74,594.000000,579.562012
219,9,train,75,456.000000,456.196533
219,9,train,76,465.000000,465.149048
219,9,train,77,451.000000,451.302551
219,9,train,78,574.000000,572.943176
219,9,train,79,475.000000,473.701630
219,9,train,80,493.000000,492.147186
219,9,train,81,476.000000,476.526489
219,9,train,82,484.000000,486.946808
219,9,train,83,693.000000,688.366150
219,9,train,84,463.000000,462.392090
219,9,train,85,507.000000,507.112976
219,9,train,86,504.000000,504.212219
219,9,train,87,506.000000,507.715485
219,9,train,88,624.000000,623.296265
219,9,train,89,630.000000,630.249390
219,9,train,90,555.000000,554.533081
219,9,train,91,504.000000,502.791962
219,9,train,92,524.000000,524.867126
219,9,train,93,490.000000,489.488800
219,9,train,94,523.000000,521.874023
219,9,train,95,463.000000,462.498993
219,9,train,96,516.000000,516.328674
219,9,train,97,580.000000,579.876160
219,9,train,98,601.000000,603.231323
219,9,train,99,532.000000,530.309692
219,9,train,100,596.000000,598.642700
219,9,train,101,525.000000,525.193481
219,9,train,102,464.000000,464.397125
219,9,train,103,519.000000,519.115662
219,9,train,104,648.000000,644.179504
219,9,train,105,495.000000,495.986633
219,9,train,106,645.000000,639.667542
219,9,train,107,522.000000,522.508057
219,9,train,108,480.000000,479.480377
219,9,train,109,456.000000,454.924011
219,9,train,110,488.000000,487.087158
219,9,train,111,572.000000,573.027710
219,9,train,112,526.000000,526.528076
219,9,train,113,601.000000,601.411072
219,9,train,114,442.000000,443.295685
219,9,train,115,561.000000,559.963806
219,9,train,116,455.000000,454.713409
219,9,train,117,502.000000,502.662537
219,9,train,118,446.000000,446.943726
219,9,train,119,534.000000,531.899414
219,9,train,120,689.000000,682.141663
219,9,train,121,516.000000,516.328674
219,9,train,122,519.000000,518.061157
219,10,test,0,557.000000,587.721497
219,10,test,1,572.000000,571.625671
219,10,test,2,507.000000,541.748657
219,10,test,3,510.000000,514.160095
219,10,test,4,534.000000,532.247620
219,10,test,5,613.000000,609.464111
219,10,test,6,526.000000,512.205750
219,10,test,7,616.000000,621.642822
219,10,test,8,462.000000,454.646454
219,10,test,9,577.000000,528.854370
219,10,test,10,525.000000,562.839050
219,10,test,11,509.000000,510.033081
219,10,test,12,472.000000,538.082092
219,10,test,13,464.000000,469.240723
219,10,test,14,572.000000,565.821228
219,10,test,15,442.000000,474.153259
219,10,test,16,584.000000,588.971069
219,10,test,17,524.000000,514.825195
219,10,test,18,469.000000,479.042053
219,10,test,19,506.000000,549.589905
219,10,test,20,475.000000,488.590302
219,10,test,21,481.000000,504.848175
219,10,test,22,610.000000,585.767456
219,10,test,23,580.000000,531.586182
219,10,test,24,595.000000,585.767456
219,10,test,25,500.000000,508.961029
219,10,test,26,592.000000,595.144409
219,10,test,27,517.000000,518.453064
219,10,test,28,456.000000,490.862762
219,10,test,29,488.000000,495.833801
219,10,test,30,543.000000,501.123016
219,10,test,31,524.000000,509.522430
219,10,test,32,612.000000,603.585266
219,10,test,33,504.000000,487.793549
219,10,test,34,522.000000,507.149597
219,10,test,35,591.000000,591.715820
219,10,test,36,584.000000,588.971069
219,10,test,37,572.000000,571.625671
219,10,test,38,693.000000,623.455566
219,10,test,39,466.000000,469.527832
219,10,test,40,583.000000,582.472168
219,10,test,41,535.000000,546.457520
219,10,test,42,640.000000,661.598083
219,10,test,43,490.000000,546.595703
219,10,test,44,523.000000,513.827271
219,10,test,45,630.000000,635.358826
219,10,test,46,504.000000,485.539124
219,10,test,47,489.000000,478.739502
219,10,test,48,630.000000,635.358826
219,10,test,49,606.000000,597.376831
219,10,test,50,446.000000,502.938416
219,10,test,51,645.000000,561.347839
219,10,test,52,505.000000,542.069763
219,10,test,53,584.000000,601.526489
219,10,train,0,601.000000,612.325867
219,10,train,1,505.000000,503.811951
219,10,train,2,541.000000,559.645996
219,10,train,3,456.000000,459.532043
219,10,train,4,528.000000,528.063171
219,10,train,5,644.000000,628.650269
219,10,train,6,624.000000,619.781555
219,10,train,7,371.000000,420.549530
219,10,train,8,689.000000,671.842407
219,10,train,9,494.000000,493.545410
219,10,train,10,484.000000,490.454803
219,10,train,11,585.000000,584.744385
219,10,train,12,471.000000,477.692169
219,10,train,13,493.000000,493.633606
219,10,train,14,484.000000,486.115479
219,10,train,15,670.000000,668.949890
219,10,train,16,608.000000,599.154419
219,10,train,17,624.000000,622.695435
219,10,train,18,522.000000,521.010681
219,10,train,19,600.000000,595.144409
219,10,train,20,568.000000,565.025635
219,10,train,21,596.000000,601.260742
219,10,train,22,572.000000,565.821228
219,10,train,23,492.000000,491.631409
219,10,train,24,644.000000,636.338989
219,10,train,25,460.000000,477.569092
219,10,train,26,541.000000,544.947327
219,10,train,27,580.000000,587.065796
219,10,train,28,475.000000,476.187592
219,10,train,29,473.000000,486.445618
219,10,train,30,511.000000,511.521515
219,10,train,31,618.000000,617.740417
219,10,train,32,648.000000,648.247192
219,10,train,33,488.000000,487.614166
219,10,train,34,623.000000,619.309631
219,10,train,35,628.000000,616.571533
219,10,train,36,598.000000,595.984131
219,10,train,37,500.000000,500.077759
219,10,train,38,580.000000,581.723022
219,10,train,39,487.000000,481.441010
219,10,train,40,473.000000,470.977997
219,10,train,41,479.000000,481.395905
219,10,train,42,596.000000,591.739441
219,10,train,43,500.000000,496.074921
219,10,train,44,495.000000,505.981232
219,10,train,45,505.000000,507.018768
219,10,train,46,561.000000,555.787231
219,10,train,47,613.000000,609.464111
219,10,train,48,459.000000,461.268280
219,10,train,49,509.000000,511.561920
219,10,train,50,597.000000,595.002563
219,10,train,51,508.000000,508.714722
219,10,train,52,507.000000,508.885986
219,10,train,53,516.000000,517.493103
219,10,train,54,574.000000,571.379089
219,10,train,55,534.000000,529.667603
219,10,train,56,451.000000,455.217621
219,10,train,57,597.000000,594.559631
219,10,train,58,562.000000,557.283691
219,10,train,59,617.000000,610.272827
219,10,train,60,519.000000,521.075378
219,10,train,61,555.000000,559.001770
219,10,train,62,463.000000,462.504883
219,10,train,63,608.000000,603.585266
219,10,train,64,456.000000,462.952484
219,10,train,65,597.000000,596.216797
219,10,train,66,597.000000,596.216797
219,10,train,67,524.000000,526.217529
219,10,train,68,577.000000,576.059875
219,10,train,69,501.000000,499.617004
219,10,train,70,450.000000,455.433838
219,10,train,71,594.000000,587.721497
219,10,train,72,605.000000,598.761108
219,10,train,73,577.000000,576.059875
219,10,train,74,478.000000,480.359344
219,10,train,75,605.000000,616.373413
219,10,train,76,515.000000,513.766907
219,10,train,77,532.000000,529.634766
219,10,train,78,649.000000,641.298279
219,10,train,79,504.000000,502.964050
219,10,train,80,509.000000,511.232056
219,10,train,81,484.000000,484.121826
219,10,train,82,522.000000,520.908752
219,10,train,83,648.000000,631.726013
219,10,train,84,586.000000,562.517639
219,10,train,85,578.000000,577.445496
219,10,train,86,465.000000,468.404053
219,10,train,87,612.000000,605.863770
219,10,train,88,455.000000,456.317413
219,10,train,89,477.000000,478.732635
219,10,train,90,585.000000,584.744385
219,10,train,91,630.000000,614.729309
219,10,train,92,670.000000,668.949890
219,10,train,93,516.000000,517.493103
219,10,train,94,463.000000,453.522186
219,10,train,95,519.000000,515.825745
219,10,train,96,507.000000,509.434265
219,10,train,97,525.000000,523.838135
219,10,train,98,482.000000,482.978882
219,10,train,99,488.000000,487.236450
219,10,train,100,637.000000,628.783020
219,10,train,101,480.000000,480.596527
219,10,train,102,606.000000,598.456909
219,10,train,103,485.000000,491.430695
219,10,train,104,617.000000,616.579529
219,10,train,105,560.000000,556.492188
219,10,train,106,464.000000,467.021271
219,10,train,107,617.000000,616.876038
219,10,train,108,545.000000,545.635498
219,10,train,109,465.000000,469.016754
219,10,train,110,601.000000,600.871521
219,10,train,111,538.000000,538.180237
219,10,train,112,495.000000,496.197174
219,10,train,113,472.000000,476.049744
219,10,train,114,431.000000,445.209198
219,10,train,115,500.000000,500.939453
219,10,train,116,476.000000,476.130798
219,10,train,117,479.000000,480.825134
219,10,train,118,575.000000,580.842468
219,10,train,119,455.000000,456.925598
219,10,train,120,550.000000,554.685608
219,10,train,121,502.000000,506.842102
219,10,train,122,528.000000,521.088928
