max_features,random_state,dataset,index,experimental,predicted
5,1,test,0,0.043800,0.085210
5,1,test,1,0.044200,0.067488
5,1,test,2,0.075400,0.092126
5,1,test,3,0.115100,0.147782
5,1,test,4,0.020000,0.107952
5,1,test,5,0.090000,0.070547
5,1,test,6,-0.390000,0.057299
5,1,test,7,0.111520,0.085728
5,1,test,8,0.110000,0.124988
5,1,test,9,0.080000,0.102334
5,1,test,10,0.439000,0.238184
5,1,test,11,0.320000,0.171023
5,1,test,12,0.185100,0.168509
5,1,test,13,0.144500,0.128836
5,1,test,14,0.150000,0.160447
5,1,test,15,0.174900,0.123637
5,1,test,16,0.040000,0.153370
5,1,test,17,0.030000,0.157568
5,1,test,18,0.062000,0.117830
5,1,test,19,0.010000,0.028036
5,1,test,20,0.200000,0.210589
5,1,test,21,0.224400,0.212554
5,1,test,22,0.163300,0.110077
5,1,test,23,0.250000,0.202008
5,1,test,24,0.040000,0.076254
5,1,test,25,0.190000,0.153467
5,1,test,26,0.200000,0.115143
5,1,test,27,0.050000,0.125146
5,1,test,28,0.151000,0.123237
5,1,test,29,0.190000,0.064434
5,1,test,30,0.058480,0.124239
5,1,test,31,0.190000,0.135588
5,1,test,32,0.063300,0.072095
5,1,train,0,0.100000,0.116191
5,1,train,1,0.150000,0.173388
5,1,train,2,0.023500,0.047482
5,1,train,3,0.403000,0.254938
5,1,train,4,0.190000,0.167899
5,1,train,5,0.115100,0.147782
5,1,train,6,0.380000,0.298797
5,1,train,7,0.110000,0.124988
5,1,train,8,0.242000,0.239293
5,1,train,9,0.020000,0.047482
5,1,train,10,0.020000,0.108069
5,1,train,11,0.050000,0.075427
5,1,train,12,-0.110000,0.001741
5,1,train,13,0.010000,0.026007
5,1,train,14,0.090000,0.088266
5,1,train,15,0.330000,0.245374
5,1,train,16,0.018000,0.088549
5,1,train,17,0.244400,0.201922
5,1,train,18,0.010000,0.053814
5,1,train,19,0.200000,0.155559
5,1,train,20,-0.350000,-0.061847
5,1,train,21,0.100000,0.078486
5,1,train,22,0.260000,0.225808
5,1,train,23,0.144700,0.150788
5,1,train,24,0.080000,0.073154
5,1,train,25,0.151000,0.123237
5,1,train,26,0.000000,0.041576
5,1,train,27,0.024200,0.056281
5,1,train,28,0.035400,0.037286
5,1,train,29,0.220000,0.145483
5,1,train,30,0.084600,0.097249
5,1,train,31,0.070000,0.061626
5,1,train,32,0.048480,0.094411
5,1,train,33,0.090000,0.093089
5,1,train,34,0.360000,0.238710
5,1,train,35,0.290000,0.233823
5,1,train,36,0.220000,0.219357
5,1,train,37,0.270000,0.268072
5,1,train,38,0.280000,0.204701
5,1,train,39,0.260000,0.250864
5,1,train,40,0.790000,0.774000
5,1,train,41,0.310000,0.275045
5,1,train,42,0.020000,0.052611
5,1,train,43,0.120000,0.190041
5,1,train,44,0.144700,0.150788
5,1,train,45,-0.080000,0.027955
5,1,train,46,0.020000,0.062363
5,1,train,47,0.094900,0.098849
5,1,train,48,0.035100,0.066230
5,1,train,49,0.094700,0.152902
5,1,train,50,0.160000,0.110077
5,1,train,51,0.040000,0.087809
5,1,train,52,0.180000,0.145191
5,1,train,53,0.230000,0.233250
5,1,train,54,0.010000,0.077660
5,1,train,55,0.090000,0.089088
5,1,train,56,0.020000,0.054417
5,1,train,57,0.284200,0.226577
5,1,train,58,0.135000,0.159580
5,1,train,59,0.820000,0.759487
5,1,train,60,0.045300,0.070010
5,1,train,61,0.035400,0.037286
5,1,train,62,0.240000,0.210735
5,1,train,63,0.020000,0.070126
5,1,train,64,0.264400,0.223055
5,1,train,65,0.093900,0.088266
5,1,train,66,0.030000,0.086056
5,1,train,67,0.280000,0.178595
5,1,train,68,0.018000,0.065193
5,1,train,69,0.080000,0.079225
5,1,train,70,0.280000,0.258951
5,1,train,71,0.050000,0.074350
5,1,train,72,0.174900,0.123637
5,1,train,73,0.130000,0.122469
5,1,train,74,0.190000,0.185685
5,1,train,75,0.790000,0.774879
5,1,train,76,0.170000,0.153669
5,1,train,77,0.090000,0.129480
5,1,train,78,0.075400,0.092126
5,1,train,79,0.273300,0.232820
5,1,train,80,0.030000,0.088138
5,1,train,81,0.185100,0.168509
5,1,train,82,0.160000,0.147719
5,1,train,83,0.054300,0.088681
5,1,train,84,0.094900,0.098849
5,1,train,85,0.193500,0.187851
5,1,train,86,0.030000,0.048320
5,1,train,87,0.073410,0.092422
5,1,train,88,0.022000,0.052941
5,1,train,89,0.210000,0.175029
5,1,train,90,0.010000,0.025065
5,1,train,91,0.210000,0.183365
5,1,train,92,0.094600,0.098841
5,1,train,93,-0.030000,0.017714
5,1,train,94,0.180000,0.150975
5,1,train,95,0.032000,0.069613
5,1,train,96,0.114400,0.140097
5,1,train,97,0.290000,0.234592
5,1,train,98,0.150000,0.207102
5,1,train,99,0.350000,0.287283
5,1,train,100,0.190000,0.187851
5,1,train,101,0.160000,0.144505
5,1,train,102,0.240000,0.208796
5,1,train,103,0.232000,0.170713
5,1,train,104,0.137000,0.102529
5,1,train,105,0.270000,0.232820
5,1,train,106,0.060000,0.072095
5,1,train,107,0.380000,0.306247
5,1,train,108,0.160000,0.128366
5,1,train,109,0.072000,0.109450
5,1,train,110,0.130000,0.122469
5,1,train,111,0.100000,0.116191
5,1,train,112,0.540000,0.300562
5,1,train,113,0.160000,0.126246
5,1,train,114,0.133000,0.178595
5,1,train,115,0.240000,0.211470
5,1,train,116,0.025000,0.043268
5,1,train,117,0.260000,0.235141
5,1,train,118,0.065340,0.090126
5,1,train,119,0.052410,0.090904
5,1,train,120,0.020000,0.028033
5,1,train,121,0.260000,0.286212
5,1,train,122,0.240000,0.189991
5,1,train,123,0.011000,0.118794
5,1,train,124,0.035100,0.066230
5,1,train,125,0.030000,0.042259
5,1,train,126,0.020000,0.028036
5,1,train,127,0.370000,0.307150
5,1,train,128,0.020000,0.122803
5,1,train,129,0.095300,0.079345
5,2,test,0,0.310000,0.273523
5,2,test,1,0.260000,0.291854
5,2,test,2,0.072000,0.165060
5,2,test,3,0.270000,0.245293
5,2,test,4,0.180000,0.108800
5,2,test,5,0.210000,0.144020
5,2,test,6,0.052410,0.148602
5,2,test,7,0.080000,0.058110
5,2,test,8,0.032000,0.094660
5,2,test,9,0.280000,0.144758
5,2,test,10,0.093900,0.078609
5,2,test,11,0.240000,0.210507
5,2,test,12,0.100000,0.135811
5,2,test,13,0.150000,0.220178
5,2,test,14,0.090000,0.078609
5,2,test,15,0.273300,0.212393
5,2,test,16,0.110000,0.116909
5,2,test,17,0.011000,0.232945
5,2,test,18,0.200000,0.129722
5,2,test,19,0.111520,0.107159
5,2,test,20,-0.080000,0.161847
5,2,test,21,0.073410,0.140089
5,2,test,22,0.043800,0.070703
5,2,test,23,0.010000,0.075292
5,2,test,24,-0.350000,0.235342
5,2,test,25,0.260000,0.248962
5,2,test,26,0.084600,0.094747
5,2,test,27,0.224400,0.225149
5,2,test,28,0.010000,0.064548
5,2,test,29,0.035100,0.067565
5,2,test,30,0.174900,0.140078
5,2,test,31,0.018000,0.170970
5,2,test,32,0.020000,0.247918
5,2,train,0,0.115100,0.122343
5,2,train,1,0.320000,0.276388
5,2,train,2,0.023500,0.038025
5,2,train,3,0.790000,0.733643
5,2,train,4,-0.110000,-0.002891
5,2,train,5,0.080000,0.086641
5,2,train,6,0.024200,0.048486
5,2,train,7,0.190000,0.191961
5,2,train,8,0.170000,0.165728
5,2,train,9,0.133000,0.195679
5,2,train,10,0.040000,0.071610
5,2,train,11,0.020000,0.057655
5,2,train,12,0.010000,0.026015
5,2,train,13,0.144700,0.137585
5,2,train,14,0.040000,0.057924
5,2,train,15,0.030000,0.048909
5,2,train,16,0.820000,0.761691
5,2,train,17,0.090000,0.083957
5,2,train,18,0.010000,0.032389
5,2,train,19,0.244400,0.223660
5,2,train,20,0.190000,0.159523
5,2,train,21,0.144700,0.137585
5,2,train,22,0.020000,0.046053
5,2,train,23,0.264400,0.229243
5,2,train,24,0.048480,0.077035
5,2,train,25,0.240000,0.240189
5,2,train,26,0.110000,0.116909
5,2,train,27,0.062000,0.087650
5,2,train,28,0.065340,0.077693
5,2,train,29,0.180000,0.159711
5,2,train,30,0.030000,0.089964
5,2,train,31,0.120000,0.173773
5,2,train,32,0.025000,0.034681
5,2,train,33,0.114400,0.142099
5,2,train,34,-0.390000,-0.165153
5,2,train,35,0.030000,0.037412
5,2,train,36,0.020000,0.038025
5,2,train,37,0.018000,0.068466
5,2,train,38,0.090000,0.081120
5,2,train,39,0.151000,0.145325
5,2,train,40,0.790000,0.754537
5,2,train,41,0.094600,0.097736
5,2,train,42,0.020000,0.039628
5,2,train,43,0.190000,0.142633
5,2,train,44,0.050000,0.069750
5,2,train,45,0.040000,0.081122
5,2,train,46,0.240000,0.189265
5,2,train,47,0.439000,0.382868
5,2,train,48,0.050000,0.061470
5,2,train,49,0.000000,0.037071
5,2,train,50,0.185100,0.178690
5,2,train,51,0.270000,0.212393
5,2,train,52,0.151000,0.145325
5,2,train,53,0.130000,0.127202
5,2,train,54,0.540000,0.355581
5,2,train,55,0.240000,0.224596
5,2,train,56,0.075400,0.074523
5,2,train,57,0.010000,0.037437
5,2,train,58,0.144500,0.136799
5,2,train,59,0.075400,0.074523
5,2,train,60,0.130000,0.127202
5,2,train,61,-0.030000,0.005659
5,2,train,62,0.280000,0.195679
5,2,train,63,0.190000,0.185022
5,2,train,64,0.284200,0.234697
5,2,train,65,0.063300,0.067780
5,2,train,66,0.020000,0.047613
5,2,train,67,0.094900,0.096012
5,2,train,68,0.260000,0.237460
5,2,train,69,0.054300,0.090416
5,2,train,70,0.135000,0.151399
5,2,train,71,0.160000,0.122241
5,2,train,72,0.100000,0.135811
5,2,train,73,0.035400,0.042342
5,2,train,74,0.160000,0.149213
5,2,train,75,0.260000,0.255996
5,2,train,76,0.150000,0.176465
5,2,train,77,0.232000,0.228640
5,2,train,78,0.020000,0.101311
5,2,train,79,0.020000,0.047136
5,2,train,80,0.100000,0.090554
5,2,train,81,0.200000,0.220006
5,2,train,82,0.290000,0.270681
5,2,train,83,0.050000,0.074119
5,2,train,84,0.020000,0.040123
5,2,train,85,0.030000,0.090546
5,2,train,86,0.160000,0.159169
5,2,train,87,0.350000,0.309979
5,2,train,88,0.020000,0.028910
5,2,train,89,0.163300,0.149213
5,2,train,90,0.210000,0.213022
5,2,train,91,0.035100,0.067565
5,2,train,92,0.190000,0.197820
5,2,train,93,0.115100,0.122343
5,2,train,94,0.022000,0.045366
5,2,train,95,0.160000,0.159396
5,2,train,96,0.160000,0.180410
5,2,train,97,0.185100,0.178690
5,2,train,98,0.360000,0.280243
5,2,train,99,0.290000,0.258037
5,2,train,100,0.090000,0.099894
5,2,train,101,0.094700,0.148541
5,2,train,102,0.094900,0.096012
5,2,train,103,0.070000,0.064950
5,2,train,104,0.030000,0.063125
5,2,train,105,0.380000,0.311884
5,2,train,106,0.330000,0.279414
5,2,train,107,0.242000,0.240429
5,2,train,108,0.045300,0.062507
5,2,train,109,0.200000,0.208101
5,2,train,110,0.190000,0.155221
5,2,train,111,0.080000,0.074960
5,2,train,112,0.220000,0.161133
5,2,train,113,0.230000,0.235747
5,2,train,114,0.095300,0.077037
5,2,train,115,0.280000,0.259306
5,2,train,116,0.250000,0.233342
5,2,train,117,0.150000,0.149080
5,2,train,118,0.058480,0.094360
5,2,train,119,0.060000,0.067780
5,2,train,120,0.044200,0.049979
5,2,train,121,0.403000,0.357772
5,2,train,122,0.035400,0.042342
5,2,train,123,0.380000,0.325739
5,2,train,124,0.220000,0.233573
5,2,train,125,0.174900,0.140078
5,2,train,126,0.193500,0.185022
5,2,train,127,0.137000,0.116366
5,2,train,128,0.370000,0.318583
5,2,train,129,0.090000,0.119128
5,3,test,0,-0.030000,0.059625
5,3,test,1,0.150000,0.161861
5,3,test,2,0.310000,0.239512
5,3,test,3,0.180000,0.077450
5,3,test,4,0.044200,0.069327
5,3,test,5,0.062000,0.131472
5,3,test,6,0.094900,0.093739
5,3,test,7,0.030000,0.085837
5,3,test,8,0.230000,0.237905
5,3,test,9,0.063300,0.080654
5,3,test,10,0.090000,0.177232
5,3,test,11,0.020000,0.036578
5,3,test,12,0.273300,0.177537
5,3,test,13,0.040000,0.124511
5,3,test,14,0.052410,0.123416
5,3,test,15,0.023500,0.058908
5,3,test,16,0.058480,0.104406
5,3,test,17,0.439000,0.262493
5,3,test,18,0.232000,0.120898
5,3,test,19,0.790000,0.684716
5,3,test,20,0.120000,0.231974
5,3,test,21,-0.390000,0.101759
5,3,test,22,0.050000,0.089610
5,3,test,23,0.540000,0.080736
5,3,test,24,0.185100,0.160566
5,3,test,25,0.190000,0.091888
5,3,test,26,0.360000,0.154699
5,3,test,27,0.200000,0.067109
5,3,test,28,0.190000,0.144312
5,3,test,29,0.032000,0.098700
5,3,test,30,0.020000,0.194764
5,3,test,31,0.220000,0.060869
5,3,test,32,-0.080000,0.125097
5,3,train,0,0.090000,0.089792
5,3,train,1,0.080000,0.085462
5,3,train,2,0.073410,0.090322
5,3,train,3,0.045300,0.065514
5,3,train,4,0.011000,0.087078
5,3,train,5,0.350000,0.278194
5,3,train,6,0.264400,0.215436
5,3,train,7,0.290000,0.228536
5,3,train,8,0.030000,0.057905
5,3,train,9,0.130000,0.121010
5,3,train,10,0.370000,0.312094
5,3,train,11,0.010000,0.055827
5,3,train,12,0.193500,0.177339
5,3,train,13,0.130000,0.121010
5,3,train,14,0.137000,0.101647
5,3,train,15,0.100000,0.086855
5,3,train,16,0.020000,0.062234
5,3,train,17,0.330000,0.259260
5,3,train,18,0.093900,0.089792
5,3,train,19,0.174900,0.156197
5,3,train,20,0.200000,0.179340
5,3,train,21,0.075400,0.076652
5,3,train,22,0.094900,0.093739
5,3,train,23,0.030000,0.042318
5,3,train,24,0.084600,0.092767
5,3,train,25,0.111520,0.087324
5,3,train,26,0.030000,0.095557
5,3,train,27,0.160000,0.158368
5,3,train,28,0.144700,0.125029
5,3,train,29,0.284200,0.210067
5,3,train,30,0.160000,0.148043
5,3,train,31,0.090000,0.102483
5,3,train,32,0.144500,0.139074
5,3,train,33,0.030000,0.080055
5,3,train,34,0.100000,0.119541
5,3,train,35,0.020000,0.056294
5,3,train,36,0.090000,0.083111
5,3,train,37,0.240000,0.208693
5,3,train,38,0.022000,0.046210
5,3,train,39,0.144700,0.125029
5,3,train,40,0.280000,0.176939
5,3,train,41,0.035400,0.048596
5,3,train,42,0.260000,0.249450
5,3,train,43,0.224400,0.220640
5,3,train,44,0.163300,0.130861
5,3,train,45,0.260000,0.244764
5,3,train,46,0.403000,0.284936
5,3,train,47,0.020000,0.038328
5,3,train,48,0.040000,0.079527
5,3,train,49,0.020000,0.058908
5,3,train,50,0.072000,0.066604
5,3,train,51,0.043800,0.063825
5,3,train,52,0.048480,0.066723
5,3,train,53,0.270000,0.260550
5,3,train,54,0.025000,0.037302
5,3,train,55,0.160000,0.169734
5,3,train,56,0.020000,0.121174
5,3,train,57,0.270000,0.177537
5,3,train,58,0.024200,0.057379
5,3,train,59,0.114400,0.128198
5,3,train,60,0.050000,0.064703
5,3,train,61,0.080000,0.073612
5,3,train,62,0.035400,0.048596
5,3,train,63,0.100000,0.119541
5,3,train,64,0.020000,0.049821
5,3,train,65,0.174900,0.156197
5,3,train,66,0.250000,0.246790
5,3,train,67,0.200000,0.210609
5,3,train,68,0.135000,0.152645
5,3,train,69,0.185100,0.160566
5,3,train,70,0.190000,0.127087
5,3,train,71,0.035100,0.061167
5,3,train,72,0.018000,0.071931
5,3,train,73,0.320000,0.244087
5,3,train,74,0.040000,0.125174
5,3,train,75,0.110000,0.113699
5,3,train,76,0.240000,0.224886
5,3,train,77,0.010000,0.037889
5,3,train,78,0.094700,0.153704
5,3,train,79,0.290000,0.235184
5,3,train,80,0.260000,0.272334
5,3,train,81,0.150000,0.198956
5,3,train,82,0.010000,0.041444
5,3,train,83,0.820000,0.719594
5,3,train,84,0.060000,0.080654
5,3,train,85,0.260000,0.254700
5,3,train,86,0.000000,0.056099
5,3,train,87,0.050000,0.074926
5,3,train,88,0.170000,0.125820
5,3,train,89,0.160000,0.116174
5,3,train,90,0.190000,0.179880
5,3,train,91,0.180000,0.158865
5,3,train,92,0.244400,0.220926
5,3,train,93,0.280000,0.262500
5,3,train,94,0.115100,0.131535
5,3,train,95,0.210000,0.170615
5,3,train,96,0.210000,0.192009
5,3,train,97,0.075400,0.076652
5,3,train,98,0.065340,0.078064
5,3,train,99,0.095300,0.083448
5,3,train,100,0.035100,0.061167
5,3,train,101,0.240000,0.234813
5,3,train,102,0.242000,0.232422
5,3,train,103,0.380000,0.324703
5,3,train,104,0.160000,0.130861
5,3,train,105,0.020000,0.060098
5,3,train,106,0.110000,0.113699
5,3,train,107,0.010000,0.050232
5,3,train,108,0.220000,0.227921
5,3,train,109,0.070000,0.064145
5,3,train,110,0.115100,0.131535
5,3,train,111,0.240000,0.189926
5,3,train,112,0.190000,0.177339
5,3,train,113,0.280000,0.219265
5,3,train,114,-0.110000,0.008124
5,3,train,115,0.151000,0.131374
5,3,train,116,0.054300,0.079419
5,3,train,117,0.133000,0.176939
5,3,train,118,0.151000,0.131374
5,3,train,119,0.150000,0.176109
5,3,train,120,-0.350000,-0.118520
5,3,train,121,0.380000,0.316193
5,3,train,122,0.010000,0.044537
5,3,train,123,0.080000,0.079795
5,3,train,124,0.018000,0.045345
5,3,train,125,0.094600,0.097090
5,3,train,126,0.020000,0.058121
5,3,train,127,0.790000,0.688663
5,3,train,128,0.190000,0.187415
5,3,train,129,0.090000,0.083027
5,4,test,0,0.439000,0.165777
5,4,test,1,0.073410,0.131348
5,4,test,2,0.080000,0.108992
5,4,test,3,0.151000,0.102761
5,4,test,4,0.000000,0.116930
5,4,test,5,0.044200,0.085912
5,4,test,6,0.090000,0.112804
5,4,test,7,0.244400,0.158916
5,4,test,8,0.290000,0.157449
5,4,test,9,0.052410,0.135096
5,4,test,10,0.010000,0.106118
5,4,test,11,0.170000,0.135065
5,4,test,12,0.040000,0.161803
5,4,test,13,0.060000,0.092466
5,4,test,14,0.260000,0.187299
5,4,test,15,0.084600,0.105958
5,4,test,16,0.054300,0.118432
5,4,test,17,0.224400,0.176709
5,4,test,18,-0.080000,0.132486
5,4,test,19,0.062000,0.127111
5,4,test,20,0.284200,0.089657
5,4,test,21,0.200000,0.092557
5,4,test,22,0.160000,0.126222
5,4,test,23,0.144500,0.131992
5,4,test,24,0.090000,0.098070
5,4,test,25,0.010000,0.113222
5,4,test,26,0.185100,0.148114
5,4,test,27,0.790000,0.692683
5,4,test,28,0.310000,0.193244
5,4,test,29,0.010000,0.093410
5,4,test,30,0.280000,0.135171
5,4,test,31,0.380000,0.192695
5,4,test,32,0.273300,0.143774
5,4,train,0,0.025000,0.075185
5,4,train,1,0.050000,0.089848
5,4,train,2,0.050000,0.113172
5,4,train,3,0.185100,0.148114
5,4,train,4,0.190000,0.103953
5,4,train,5,0.065340,0.090486
5,4,train,6,0.040000,0.090050
5,4,train,7,0.144700,0.122845
5,4,train,8,0.130000,0.115523
5,4,train,9,0.240000,0.169493
5,4,train,10,0.250000,0.224004
5,4,train,11,0.111520,0.095413
5,4,train,12,0.100000,0.121870
5,4,train,13,0.023500,0.095213
5,4,train,14,0.094700,0.156972
5,4,train,15,0.242000,0.214364
5,4,train,16,0.030000,0.121153
5,4,train,17,0.200000,0.158795
5,4,train,18,0.360000,0.178402
5,4,train,19,0.270000,0.143774
5,4,train,20,0.150000,0.188195
5,4,train,21,0.380000,0.238118
5,4,train,22,0.270000,0.235569
5,4,train,23,0.040000,0.099043
5,4,train,24,0.080000,0.089187
5,4,train,25,0.020000,0.090647
5,4,train,26,0.011000,0.156272
5,4,train,27,0.080000,0.091846
5,4,train,28,0.090000,0.136381
5,4,train,29,0.070000,0.066403
5,4,train,30,0.193500,0.155663
5,4,train,31,0.190000,0.155663
5,4,train,32,0.264400,0.166428
5,4,train,33,0.150000,0.156673
5,4,train,34,0.280000,0.237120
5,4,train,35,0.018000,0.089661
5,4,train,36,0.022000,0.087282
5,4,train,37,0.035400,0.069293
5,4,train,38,0.032000,0.091958
5,4,train,39,0.240000,0.189003
5,4,train,40,0.163300,0.106614
5,4,train,41,0.094900,0.107741
5,4,train,42,0.030000,0.103742
5,4,train,43,0.110000,0.115523
5,4,train,44,0.030000,0.077725
5,4,train,45,0.540000,0.176349
5,4,train,46,0.230000,0.187104
5,4,train,47,0.280000,0.128744
5,4,train,48,0.115100,0.135982
5,4,train,49,0.210000,0.140801
5,4,train,50,0.063300,0.092466
5,4,train,51,0.058480,0.089530
5,4,train,52,0.320000,0.173948
5,4,train,53,0.020000,0.103432
5,4,train,54,0.115100,0.135982
5,4,train,55,0.220000,0.100994
5,4,train,56,0.020000,0.151154
5,4,train,57,0.190000,0.159800
5,4,train,58,0.100000,0.121870
5,4,train,59,0.370000,0.205592
5,4,train,60,0.095300,0.086032
5,4,train,61,0.350000,0.201671
5,4,train,62,0.190000,0.106272
5,4,train,63,0.020000,0.087752
5,4,train,64,0.035100,0.086297
5,4,train,65,0.048480,0.100801
5,4,train,66,0.035100,0.086297
5,4,train,67,0.072000,0.111334
5,4,train,68,0.110000,0.115523
5,4,train,69,0.190000,0.132384
5,4,train,70,0.190000,0.148713
5,4,train,71,0.075400,0.084484
5,4,train,72,0.240000,0.190810
5,4,train,73,0.260000,0.202625
5,4,train,74,0.090000,0.086974
5,4,train,75,0.090000,0.098457
5,4,train,76,-0.030000,0.066610
5,4,train,77,0.133000,0.128744
5,4,train,78,-0.350000,-0.056397
5,4,train,79,0.174900,0.125131
5,4,train,80,0.290000,0.205332
5,4,train,81,0.160000,0.106614
5,4,train,82,0.030000,0.108921
5,4,train,83,0.137000,0.101777
5,4,train,84,0.180000,0.134625
5,4,train,85,0.820000,0.689968
5,4,train,86,0.093900,0.112804
5,4,train,87,0.094900,0.107741
5,4,train,88,0.024200,0.101574
5,4,train,89,0.020000,0.095213
5,4,train,90,0.020000,0.171278
5,4,train,91,0.144700,0.122845
5,4,train,92,0.151000,0.102761
5,4,train,93,0.050000,0.098153
5,4,train,94,0.100000,0.097019
5,4,train,95,0.403000,0.172897
5,4,train,96,0.035400,0.069293
5,4,train,97,0.130000,0.115523
5,4,train,98,0.150000,0.230870
5,4,train,99,0.260000,0.234712
5,4,train,100,0.180000,0.124250
5,4,train,101,0.018000,0.106915
5,4,train,102,0.135000,0.148082
5,4,train,103,0.160000,0.103527
5,4,train,104,-0.110000,0.100946
5,4,train,105,0.210000,0.167042
5,4,train,106,0.010000,0.086359
5,4,train,107,0.114400,0.145819
5,4,train,108,-0.390000,-0.146740
5,4,train,109,0.010000,0.091159
5,4,train,110,0.094600,0.105958
5,4,train,111,0.020000,0.080441
5,4,train,112,0.790000,0.692311
5,4,train,113,0.160000,0.152339
5,4,train,114,0.260000,0.230545
5,4,train,115,0.045300,0.065591
5,4,train,116,0.043800,0.083680
5,4,train,117,0.020000,0.096272
5,4,train,118,0.232000,0.151614
5,4,train,119,0.020000,0.088300
5,4,train,120,0.075400,0.084484
5,4,train,121,0.030000,0.115666
5,4,train,122,0.200000,0.191813
5,4,train,123,0.330000,0.200483
5,4,train,124,0.020000,0.091254
5,4,train,125,0.160000,0.123610
5,4,train,126,0.174900,0.125131
5,4,train,127,0.220000,0.201514
5,4,train,128,0.240000,0.126200
5,4,train,129,0.120000,0.230062
5,5,test,0,0.054300,0.117903
5,5,test,1,0.240000,0.237544
5,5,test,2,0.040000,0.176381
5,5,test,3,0.790000,0.667302
5,5,test,4,0.100000,0.120233
5,5,test,5,0.010000,0.087836
5,5,test,6,0.094600,0.097019
5,5,test,7,-0.350000,0.252095
5,5,test,8,0.240000,0.206803
5,5,test,9,0.093900,0.090335
5,5,test,10,0.185100,0.172153
5,5,test,11,0.190000,0.102592
5,5,test,12,0.024200,0.099648
5,5,test,13,0.032000,0.093338
5,5,test,14,0.280000,0.212037
5,5,test,15,-0.030000,0.082979
5,5,test,16,0.030000,0.162709
5,5,test,17,0.160000,0.072049
5,5,test,18,0.260000,0.183612
5,5,test,19,0.063300,0.076823
5,5,test,20,0.190000,0.076645
5,5,test,21,0.160000,0.106881
5,5,test,22,0.163300,0.068774
5,5,test,23,0.023500,0.084063
5,5,test,24,0.094700,0.249456
5,5,test,25,0.174900,0.120924
5,5,test,26,0.090000,0.090335
5,5,test,27,0.035100,0.087860
5,5,test,28,0.052410,0.118460
5,5,test,29,0.200000,0.208735
5,5,test,30,0.010000,0.058322
5,5,test,31,0.220000,0.250534
5,5,test,32,0.190000,0.181285
5,5,train,0,0.160000,0.139312
5,5,train,1,0.790000,0.675894
5,5,train,2,0.075400,0.080521
5,5,train,3,0.050000,0.061379
5,5,train,4,0.110000,0.113332
5,5,train,5,0.310000,0.289480
5,5,train,6,0.040000,0.076030
5,5,train,7,0.090000,0.139590
5,5,train,8,0.174900,0.120924
5,5,train,9,0.020000,0.062716
5,5,train,10,0.144700,0.134598
5,5,train,11,-0.110000,0.001849
5,5,train,12,0.133000,0.165589
5,5,train,13,0.048480,0.073059
5,5,train,14,0.010000,0.035983
5,5,train,15,0.220000,0.159084
5,5,train,16,0.250000,0.221648
5,5,train,17,0.190000,0.175157
5,5,train,18,0.270000,0.207726
5,5,train,19,0.193500,0.182959
5,5,train,20,0.232000,0.194442
5,5,train,21,0.260000,0.256571
5,5,train,22,0.370000,0.307370
5,5,train,23,0.100000,0.080948
5,5,train,24,0.260000,0.280449
5,5,train,25,0.060000,0.076823
5,5,train,26,0.151000,0.122021
5,5,train,27,0.020000,0.055461
5,5,train,28,0.244400,0.211828
5,5,train,29,0.094900,0.094057
5,5,train,30,0.025000,0.034331
5,5,train,31,0.018000,0.092792
5,5,train,32,0.210000,0.186098
5,5,train,33,0.065340,0.090856
5,5,train,34,0.111520,0.081902
5,5,train,35,0.150000,0.178273
5,5,train,36,0.190000,0.182959
5,5,train,37,0.070000,0.084579
5,5,train,38,0.160000,0.156253
5,5,train,39,0.137000,0.113453
5,5,train,40,0.210000,0.165983
5,5,train,41,0.095300,0.088516
5,5,train,42,0.100000,0.120233
5,5,train,43,0.403000,0.285000
5,5,train,44,0.170000,0.112360
5,5,train,45,0.260000,0.240516
5,5,train,46,0.020000,0.149555
5,5,train,47,0.020000,0.060994
5,5,train,48,0.035400,0.060260
5,5,train,49,0.022000,0.051983
5,5,train,50,0.151000,0.122021
5,5,train,51,0.150000,0.185763
5,5,train,52,0.094900,0.094057
5,5,train,53,0.135000,0.169850
5,5,train,54,0.130000,0.123339
5,5,train,55,0.080000,0.074298
5,5,train,56,0.073410,0.109357
5,5,train,57,0.020000,0.084063
5,5,train,58,0.084600,0.087968
5,5,train,59,0.284200,0.203033
5,5,train,60,0.240000,0.198038
5,5,train,61,0.230000,0.233262
5,5,train,62,0.044200,0.075997
5,5,train,63,0.072000,0.161326
5,5,train,64,0.280000,0.165589
5,5,train,65,0.010000,0.034081
5,5,train,66,0.115100,0.146130
5,5,train,67,0.080000,0.077407
5,5,train,68,0.075400,0.080521
5,5,train,69,0.190000,0.113524
5,5,train,70,0.120000,0.166090
5,5,train,71,0.110000,0.113332
5,5,train,72,0.144700,0.134598
5,5,train,73,0.242000,0.238223
5,5,train,74,0.224400,0.228829
5,5,train,75,0.030000,0.070656
5,5,train,76,0.115100,0.146130
5,5,train,77,0.035100,0.087860
5,5,train,78,0.180000,0.159261
5,5,train,79,0.020000,0.078462
5,5,train,80,0.380000,0.304967
5,5,train,81,0.030000,0.077576
5,5,train,82,0.080000,0.078241
5,5,train,83,0.090000,0.080837
5,5,train,84,0.160000,0.068774
5,5,train,85,0.150000,0.200948
5,5,train,86,0.030000,0.105139
5,5,train,87,0.040000,0.076736
5,5,train,88,0.320000,0.261237
5,5,train,89,0.439000,0.314541
5,5,train,90,-0.390000,-0.159774
5,5,train,91,0.180000,0.129824
5,5,train,92,0.000000,0.069097
5,5,train,93,0.144500,0.147906
5,5,train,94,0.035400,0.060260
5,5,train,95,0.020000,0.053921
5,5,train,96,0.045300,0.068501
5,5,train,97,0.540000,0.358580
5,5,train,98,0.280000,0.203573
5,5,train,99,0.058480,0.090829
5,5,train,100,0.360000,0.247453
5,5,train,101,0.050000,0.081410
5,5,train,102,0.010000,0.062295
5,5,train,103,0.820000,0.700471
5,5,train,104,0.020000,0.055800
5,5,train,105,0.330000,0.259223
5,5,train,106,0.200000,0.149436
5,5,train,107,0.200000,0.214606
5,5,train,108,0.240000,0.183961
5,5,train,109,0.273300,0.207726
5,5,train,110,0.090000,0.083067
5,5,train,111,0.020000,0.035362
5,5,train,112,0.290000,0.249077
5,5,train,113,0.270000,0.270377
5,5,train,114,0.130000,0.123339
5,5,train,115,0.114400,0.141032
5,5,train,116,-0.080000,0.037862
5,5,train,117,0.043800,0.070674
5,5,train,118,0.264400,0.222027
5,5,train,119,0.185100,0.172153
5,5,train,120,0.030000,0.044095
5,5,train,121,0.062000,0.114871
5,5,train,122,0.380000,0.313184
5,5,train,123,0.050000,0.073962
5,5,train,124,0.090000,0.110471
5,5,train,125,0.350000,0.310133
5,5,train,126,0.020000,0.187516
5,5,train,127,0.011000,0.081506
5,5,train,128,0.290000,0.261430
5,5,train,129,0.018000,0.095327
5,6,test,0,0.190000,0.149930
5,6,test,1,0.310000,0.242770
5,6,test,2,0.220000,0.089089
5,6,test,3,0.095300,0.059533
5,6,test,4,0.280000,0.139526
5,6,test,5,0.100000,0.134600
5,6,test,6,0.020000,0.064384
5,6,test,7,0.190000,0.118915
5,6,test,8,0.290000,0.133551
5,6,test,9,0.144700,0.132588
5,6,test,10,0.790000,0.633918
5,6,test,11,0.020000,0.104427
5,6,test,12,0.020000,0.025102
5,6,test,13,0.160000,0.188802
5,6,test,14,0.114400,0.182274
5,6,test,15,0.174900,0.141743
5,6,test,16,0.260000,0.246274
5,6,test,17,0.210000,0.133031
5,6,test,18,0.045300,0.091595
5,6,test,19,0.084600,0.093633
5,6,test,20,0.150000,0.176881
5,6,test,21,0.040000,0.159409
5,6,test,22,0.151000,0.126610
5,6,test,23,0.280000,0.215451
5,6,test,24,0.151000,0.126610
5,6,test,25,0.035400,0.084919
5,6,test,26,0.144500,0.120223
5,6,test,27,0.030000,0.055665
5,6,test,28,0.160000,0.113645
5,6,test,29,-0.390000,0.044572
5,6,test,30,0.035100,0.077305
5,6,test,31,0.200000,0.088067
5,6,test,32,0.035400,0.084919
5,6,train,0,0.133000,0.192856
5,6,train,1,0.190000,0.155533
5,6,train,2,0.200000,0.213555
5,6,train,3,0.093900,0.093478
5,6,train,4,0.030000,0.093524
5,6,train,5,0.135000,0.148190
5,6,train,6,0.000000,0.041461
5,6,train,7,0.110000,0.111583
5,6,train,8,0.100000,0.134600
5,6,train,9,0.190000,0.143263
5,6,train,10,0.163300,0.144845
5,6,train,11,0.080000,0.071193
5,6,train,12,0.094900,0.096318
5,6,train,13,0.025000,0.038122
5,6,train,14,0.260000,0.269015
5,6,train,15,0.370000,0.304427
5,6,train,16,0.018000,0.060660
5,6,train,17,0.150000,0.181839
5,6,train,18,0.264400,0.235758
5,6,train,19,0.100000,0.089119
5,6,train,20,0.240000,0.215759
5,6,train,21,0.185100,0.178101
5,6,train,22,0.230000,0.237646
5,6,train,23,0.043800,0.056398
5,6,train,24,0.020000,0.035278
5,6,train,25,0.160000,0.121753
5,6,train,26,0.170000,0.129698
5,6,train,27,0.270000,0.247186
5,6,train,28,0.094700,0.134630
5,6,train,29,0.020000,0.042296
5,6,train,30,0.090000,0.093478
5,6,train,31,0.120000,0.154728
5,6,train,32,0.284200,0.217269
5,6,train,33,0.240000,0.190001
5,6,train,34,0.020000,0.100715
5,6,train,35,0.065340,0.076797
5,6,train,36,0.330000,0.275579
5,6,train,37,0.190000,0.183309
5,6,train,38,0.020000,0.045843
5,6,train,39,0.220000,0.238591
5,6,train,40,0.130000,0.126239
5,6,train,41,0.180000,0.145019
5,6,train,42,0.050000,0.069261
5,6,train,43,0.080000,0.082309
5,6,train,44,0.224400,0.226664
5,6,train,45,0.018000,0.058837
5,6,train,46,0.320000,0.267514
5,6,train,47,0.075400,0.079908
5,6,train,48,0.090000,0.086525
5,6,train,49,0.010000,0.030878
5,6,train,50,0.072000,0.101804
5,6,train,51,0.200000,0.168014
5,6,train,52,-0.080000,0.007026
5,6,train,53,0.020000,0.124101
5,6,train,54,0.190000,0.197652
5,6,train,55,0.011000,0.082291
5,6,train,56,0.080000,0.083081
5,6,train,57,0.040000,0.076757
5,6,train,58,0.280000,0.192856
5,6,train,59,0.150000,0.170849
5,6,train,60,0.240000,0.205263
5,6,train,61,0.094600,0.096835
5,6,train,62,0.044200,0.047315
5,6,train,63,0.022000,0.049225
5,6,train,64,0.062000,0.086856
5,6,train,65,0.260000,0.256053
5,6,train,66,0.380000,0.327060
5,6,train,67,0.094900,0.096318
5,6,train,68,0.242000,0.235325
5,6,train,69,0.010000,0.035264
5,6,train,70,0.180000,0.150801
5,6,train,71,0.048480,0.072501
5,6,train,72,0.380000,0.325312
5,6,train,73,0.290000,0.229568
5,6,train,74,0.023500,0.064384
5,6,train,75,0.024200,0.051925
5,6,train,76,0.073410,0.086767
5,6,train,77,0.050000,0.083192
5,6,train,78,0.273300,0.247186
5,6,train,79,0.137000,0.114456
5,6,train,80,0.111520,0.093906
5,6,train,81,0.075400,0.079908
5,6,train,82,0.032000,0.053907
5,6,train,83,0.090000,0.084090
5,6,train,84,0.020000,0.026417
5,6,train,85,0.030000,0.062399
5,6,train,86,0.020000,0.040412
5,6,train,87,0.010000,0.025147
5,6,train,88,0.115100,0.123475
5,6,train,89,0.403000,0.358116
5,6,train,90,-0.030000,0.009167
5,6,train,91,0.070000,0.060072
5,6,train,92,0.063300,0.067563
5,6,train,93,-0.350000,-0.127303
5,6,train,94,0.115100,0.123475
5,6,train,95,0.360000,0.282261
5,6,train,96,0.160000,0.138148
5,6,train,97,0.232000,0.171771
5,6,train,98,0.193500,0.183309
5,6,train,99,0.244400,0.232081
5,6,train,100,0.250000,0.225593
5,6,train,101,0.110000,0.111583
5,6,train,102,0.060000,0.067563
5,6,train,103,-0.110000,-0.036613
5,6,train,104,0.210000,0.185341
5,6,train,105,0.439000,0.381193
5,6,train,106,0.040000,0.048850
5,6,train,107,0.820000,0.711898
5,6,train,108,0.260000,0.228872
5,6,train,109,0.130000,0.126239
5,6,train,110,0.090000,0.134442
5,6,train,111,0.270000,0.257666
5,6,train,112,0.030000,0.045419
5,6,train,113,0.058480,0.090724
5,6,train,114,0.790000,0.683374
5,6,train,115,0.350000,0.290737
5,6,train,116,0.540000,0.375417
5,6,train,117,0.010000,0.030851
5,6,train,118,0.054300,0.079649
5,6,train,119,0.144700,0.132588
5,6,train,120,0.174900,0.141743
5,6,train,121,0.240000,0.219082
5,6,train,122,0.052410,0.080993
5,6,train,123,0.160000,0.144845
5,6,train,124,0.185100,0.178101
5,6,train,125,0.050000,0.064310
5,6,train,126,0.035100,0.077305
5,6,train,127,0.030000,0.080954
5,6,train,128,0.090000,0.084883
5,6,train,129,0.010000,0.028400
5,7,test,0,0.144700,0.132400
5,7,test,1,0.130000,0.116958
5,7,test,2,0.095300,0.063193
5,7,test,3,0.030000,0.205390
5,7,test,4,0.290000,0.095916
5,7,test,5,0.075400,0.083234
5,7,test,6,0.150000,0.244275
5,7,test,7,0.020000,0.033618
5,7,test,8,0.094700,0.204902
5,7,test,9,0.280000,0.210529
5,7,test,10,0.073410,0.098941
5,7,test,11,0.200000,0.101207
5,7,test,12,0.380000,0.233038
5,7,test,13,0.190000,0.093263
5,7,test,14,0.020000,0.028485
5,7,test,15,0.072000,0.184316
5,7,test,16,0.080000,0.056706
5,7,test,17,0.018000,0.143876
5,7,test,18,0.220000,0.239989
5,7,test,19,0.240000,0.172110
5,7,test,20,0.020000,0.057959
5,7,test,21,0.084600,0.092898
5,7,test,22,0.160000,0.071208
5,7,test,23,0.790000,0.527157
5,7,test,24,0.060000,0.078580
5,7,test,25,0.090000,0.073675
5,7,test,26,0.135000,0.191859
5,7,test,27,0.210000,0.125986
5,7,test,28,0.230000,0.240023
5,7,test,29,0.115100,0.189923
5,7,test,30,0.115100,0.189923
5,7,test,31,0.790000,0.557697
5,7,test,32,0.110000,0.109382
5,7,train,0,0.244400,0.239902
5,7,train,1,0.260000,0.258742
5,7,train,2,0.035100,0.050715
5,7,train,3,0.160000,0.166074
5,7,train,4,0.022000,0.042374
5,7,train,5,0.160000,0.145327
5,7,train,6,0.100000,0.109298
5,7,train,7,0.032000,0.055671
5,7,train,8,0.063300,0.078580
5,7,train,9,0.190000,0.191086
5,7,train,10,-0.110000,-0.028346
5,7,train,11,0.010000,0.033831
5,7,train,12,0.137000,0.113186
5,7,train,13,0.018000,0.070289
5,7,train,14,0.054300,0.074769
5,7,train,15,-0.080000,0.008124
5,7,train,16,-0.030000,0.007678
5,7,train,17,0.273300,0.252259
5,7,train,18,0.048480,0.071196
5,7,train,19,0.200000,0.184886
5,7,train,20,0.094900,0.094423
5,7,train,21,0.190000,0.190529
5,7,train,22,0.100000,0.087339
5,7,train,23,-0.350000,-0.128201
5,7,train,24,0.080000,0.079393
5,7,train,25,0.439000,0.392906
5,7,train,26,-0.390000,-0.226192
5,7,train,27,0.011000,0.089351
5,7,train,28,0.185100,0.188571
5,7,train,29,0.020000,0.052265
5,7,train,30,0.260000,0.227921
5,7,train,31,0.350000,0.306805
5,7,train,32,0.035400,0.042502
5,7,train,33,0.130000,0.116958
5,7,train,34,0.224400,0.223143
5,7,train,35,0.180000,0.158148
5,7,train,36,0.163300,0.145327
5,7,train,37,0.075400,0.083234
5,7,train,38,0.040000,0.082434
5,7,train,39,0.190000,0.171999
5,7,train,40,0.030000,0.046594
5,7,train,41,0.193500,0.191086
5,7,train,42,0.090000,0.084256
5,7,train,43,0.024200,0.046551
5,7,train,44,0.030000,0.040639
5,7,train,45,0.020000,0.036011
5,7,train,46,0.090000,0.126468
5,7,train,47,0.190000,0.155307
5,7,train,48,0.065340,0.091862
5,7,train,49,0.080000,0.083855
5,7,train,50,0.180000,0.149041
5,7,train,51,0.094900,0.094423
5,7,train,52,0.280000,0.191568
5,7,train,53,0.090000,0.090103
5,7,train,54,0.190000,0.145576
5,7,train,55,0.044200,0.049403
5,7,train,56,0.330000,0.263578
5,7,train,57,0.025000,0.036974
5,7,train,58,0.030000,0.089369
5,7,train,59,0.150000,0.166789
5,7,train,60,0.000000,0.041784
5,7,train,61,0.160000,0.154118
5,7,train,62,0.820000,0.587416
5,7,train,63,0.280000,0.247418
5,7,train,64,0.058480,0.079340
5,7,train,65,0.151000,0.144533
5,7,train,66,0.240000,0.190729
5,7,train,67,0.020000,0.097274
5,7,train,68,0.260000,0.258985
5,7,train,69,0.232000,0.158244
5,7,train,70,0.114400,0.142844
5,7,train,71,0.242000,0.242653
5,7,train,72,0.040000,0.079199
5,7,train,73,0.150000,0.158950
5,7,train,74,0.264400,0.241253
5,7,train,75,0.062000,0.088986
5,7,train,76,0.240000,0.217951
5,7,train,77,0.035100,0.050715
5,7,train,78,0.050000,0.063718
5,7,train,79,0.110000,0.109382
5,7,train,80,0.120000,0.160599
5,7,train,81,0.320000,0.270001
5,7,train,82,0.094600,0.093315
5,7,train,83,0.100000,0.109298
5,7,train,84,0.160000,0.140858
5,7,train,85,0.270000,0.249347
5,7,train,86,0.380000,0.325443
5,7,train,87,0.270000,0.252259
5,7,train,88,0.170000,0.138573
5,7,train,89,0.111520,0.098806
5,7,train,90,0.050000,0.078543
5,7,train,91,0.020000,0.043786
5,7,train,92,0.040000,0.048768
5,7,train,93,0.260000,0.265441
5,7,train,94,0.250000,0.221238
5,7,train,95,0.403000,0.363856
5,7,train,96,0.151000,0.144533
5,7,train,97,0.290000,0.226976
5,7,train,98,0.240000,0.238372
5,7,train,99,0.035400,0.042502
5,7,train,100,0.090000,0.088183
5,7,train,101,0.174900,0.163876
5,7,train,102,0.220000,0.188252
5,7,train,103,0.045300,0.057624
5,7,train,104,0.020000,0.103257
5,7,train,105,0.284200,0.226558
5,7,train,106,0.050000,0.063695
5,7,train,107,0.010000,0.028405
5,7,train,108,0.070000,0.067205
5,7,train,109,0.043800,0.054217
5,7,train,110,0.144500,0.154859
5,7,train,111,0.310000,0.286816
5,7,train,112,0.020000,0.038139
5,7,train,113,0.174900,0.163876
5,7,train,114,0.020000,0.059382
5,7,train,115,0.010000,0.035066
5,7,train,116,0.210000,0.181470
5,7,train,117,0.540000,0.368698
5,7,train,118,0.010000,0.029068
5,7,train,119,0.023500,0.036011
5,7,train,120,0.010000,0.032821
5,7,train,121,0.144700,0.132400
5,7,train,122,0.370000,0.307115
5,7,train,123,0.093900,0.090103
5,7,train,124,0.133000,0.191568
5,7,train,125,0.185100,0.188571
5,7,train,126,0.200000,0.191605
5,7,train,127,0.360000,0.287839
5,7,train,128,0.030000,0.067971
5,7,train,129,0.052410,0.080366
5,8,test,0,0.018000,0.142753
5,8,test,1,-0.030000,0.085608
5,8,test,2,0.439000,0.143681
5,8,test,3,0.264400,0.163904
5,8,test,4,0.100000,0.102030
5,8,test,5,0.114400,0.140158
5,8,test,6,0.100000,0.130554
5,8,test,7,0.160000,0.175744
5,8,test,8,0.160000,0.105447
5,8,test,9,0.043800,0.124585
5,8,test,10,0.200000,0.179493
5,8,test,11,0.240000,0.170154
5,8,test,12,0.220000,0.108096
5,8,test,13,0.054300,0.156357
5,8,test,14,0.180000,0.122232
5,8,test,15,0.075400,0.116192
5,8,test,16,0.380000,0.191929
5,8,test,17,0.052410,0.173412
5,8,test,18,0.070000,0.088595
5,8,test,19,0.144700,0.120918
5,8,test,20,0.030000,0.123657
5,8,test,21,0.093900,0.112499
5,8,test,22,0.020000,0.108355
5,8,test,23,0.290000,0.187965
5,8,test,24,0.210000,0.196202
5,8,test,25,0.160000,0.173896
5,8,test,26,-0.390000,0.180626
5,8,test,27,0.150000,0.167879
5,8,test,28,0.030000,0.128026
5,8,test,29,0.110000,0.119135
5,8,test,30,0.240000,0.190990
5,8,test,31,0.010000,0.123751
5,8,test,32,0.820000,0.189748
5,8,train,0,0.094900,0.120062
5,8,train,1,0.150000,0.185033
5,8,train,2,0.020000,0.110177
5,8,train,3,0.018000,0.147823
5,8,train,4,0.224400,0.176343
5,8,train,5,0.010000,0.109774
5,8,train,6,0.290000,0.195904
5,8,train,7,0.232000,0.191992
5,8,train,8,0.090000,0.112499
5,8,train,9,0.137000,0.120841
5,8,train,10,0.020000,0.117060
5,8,train,11,0.284200,0.148458
5,8,train,12,0.350000,0.192563
5,8,train,13,0.030000,0.117961
5,8,train,14,0.094900,0.120062
5,8,train,15,0.174900,0.137581
5,8,train,16,0.360000,0.177949
5,8,train,17,0.090000,0.095713
5,8,train,18,0.242000,0.182473
5,8,train,19,0.050000,0.134106
5,8,train,20,0.240000,0.118813
5,8,train,21,0.273300,0.141405
5,8,train,22,0.115100,0.154558
5,8,train,23,0.111520,0.098963
5,8,train,24,0.040000,0.177698
5,8,train,25,-0.080000,0.122375
5,8,train,26,0.193500,0.174431
5,8,train,27,0.320000,0.174969
5,8,train,28,0.403000,0.144271
5,8,train,29,0.063300,0.101695
5,8,train,30,0.330000,0.175525
5,8,train,31,0.090000,0.128188
5,8,train,32,0.210000,0.137536
5,8,train,33,0.020000,0.156607
5,8,train,34,0.133000,0.132123
5,8,train,35,0.185100,0.161067
5,8,train,36,0.280000,0.212129
5,8,train,37,0.090000,0.101747
5,8,train,38,0.032000,0.093862
5,8,train,39,0.022000,0.126013
5,8,train,40,0.200000,0.113507
5,8,train,41,0.190000,0.136620
5,8,train,42,0.260000,0.178372
5,8,train,43,0.073410,0.169674
5,8,train,44,0.200000,0.209835
5,8,train,45,0.035100,0.092734
5,8,train,46,0.020000,0.110779
5,8,train,47,0.115100,0.154558
5,8,train,48,0.190000,0.101293
5,8,train,49,0.174900,0.137581
5,8,train,50,0.040000,0.092796
5,8,train,51,0.010000,0.117452
5,8,train,52,0.144500,0.148221
5,8,train,53,0.023500,0.102759
5,8,train,54,0.790000,0.196227
5,8,train,55,0.010000,0.105357
5,8,train,56,0.020000,0.182082
5,8,train,57,0.135000,0.154465
5,8,train,58,0.310000,0.193212
5,8,train,59,0.094700,0.161076
5,8,train,60,0.163300,0.105447
5,8,train,61,0.120000,0.206681
5,8,train,62,0.190000,0.185323
5,8,train,63,0.250000,0.203595
5,8,train,64,0.075400,0.116192
5,8,train,65,0.020000,0.115117
5,8,train,66,0.095300,0.092280
5,8,train,67,0.540000,0.138444
5,8,train,68,0.790000,0.201368
5,8,train,69,0.180000,0.130295
5,8,train,70,0.144700,0.120918
5,8,train,71,0.048480,0.143985
5,8,train,72,0.260000,0.208975
5,8,train,73,0.160000,0.116561
5,8,train,74,0.045300,0.084136
5,8,train,75,0.280000,0.166744
5,8,train,76,-0.350000,0.160257
5,8,train,77,0.380000,0.215360
5,8,train,78,0.170000,0.129978
5,8,train,79,0.020000,0.103424
5,8,train,80,0.044200,0.093332
5,8,train,81,0.035400,0.089109
5,8,train,82,0.244400,0.170124
5,8,train,83,0.260000,0.194369
5,8,train,84,0.370000,0.200120
5,8,train,85,0.094600,0.125815
5,8,train,86,0.084600,0.125357
5,8,train,87,0.065340,0.101399
5,8,train,88,0.058480,0.130164
5,8,train,89,0.130000,0.119135
5,8,train,90,0.060000,0.101695
5,8,train,91,0.160000,0.123565
5,8,train,92,0.035100,0.092734
5,8,train,93,0.185100,0.161067
5,8,train,94,0.090000,0.136690
5,8,train,95,0.080000,0.128377
5,8,train,96,0.151000,0.104926
5,8,train,97,0.270000,0.211580
5,8,train,98,0.240000,0.166485
5,8,train,99,0.072000,0.123832
5,8,train,100,-0.110000,0.115288
5,8,train,101,0.050000,0.109402
5,8,train,102,0.011000,0.198259
5,8,train,103,0.260000,0.200464
5,8,train,104,0.190000,0.150068
5,8,train,105,0.190000,0.130792
5,8,train,106,0.280000,0.132123
5,8,train,107,0.025000,0.123712
5,8,train,108,0.230000,0.177502
5,8,train,109,0.080000,0.139903
5,8,train,110,0.000000,0.106416
5,8,train,111,0.020000,0.102759
5,8,train,112,0.130000,0.119135
5,8,train,113,0.151000,0.104926
5,8,train,114,0.062000,0.106651
5,8,train,115,0.270000,0.141405
5,8,train,116,0.020000,0.122389
5,8,train,117,0.080000,0.104140
5,8,train,118,0.040000,0.120960
5,8,train,119,0.150000,0.207871
5,8,train,120,0.190000,0.174431
5,8,train,121,0.110000,0.119135
5,8,train,122,0.030000,0.161606
5,8,train,123,0.024200,0.105054
5,8,train,124,0.220000,0.185883
5,8,train,125,0.035400,0.089109
5,8,train,126,0.010000,0.121020
5,8,train,127,0.030000,0.119700
5,8,train,128,0.050000,0.138539
5,8,train,129,0.100000,0.130554
5,9,test,0,0.163300,0.119456
5,9,test,1,0.190000,0.152209
5,9,test,2,0.032000,0.093984
5,9,test,3,0.072000,0.170224
5,9,test,4,0.025000,0.053032
5,9,test,5,0.080000,0.056486
5,9,test,6,0.240000,0.206001
5,9,test,7,0.080000,0.060049
5,9,test,8,0.095300,0.061422
5,9,test,9,0.190000,0.099489
5,9,test,10,0.120000,0.236086
5,9,test,11,0.043800,0.075058
5,9,test,12,0.010000,0.046598
5,9,test,13,0.174900,0.141132
5,9,test,14,0.094900,0.095286
5,9,test,15,0.100000,0.128367
5,9,test,16,0.100000,0.128367
5,9,test,17,0.151000,0.135892
5,9,test,18,0.020000,0.200026
5,9,test,19,0.264400,0.173249
5,9,test,20,0.244400,0.177262
5,9,test,21,0.020000,0.081699
5,9,test,22,0.190000,0.212722
5,9,test,23,0.180000,0.119405
5,9,test,24,0.090000,0.066934
5,9,test,25,0.280000,0.124421
5,9,test,26,0.193500,0.123694
5,9,test,27,0.054300,0.085712
5,9,test,28,0.190000,0.123694
5,9,test,29,0.058480,0.137954
5,9,test,30,0.144700,0.126998
5,9,test,31,0.050000,0.084537
5,9,test,32,0.280000,0.142090
5,9,train,0,0.052410,0.082307
5,9,train,1,0.094600,0.097351
5,9,train,2,0.035400,0.040364
5,9,train,3,0.190000,0.149250
5,9,train,4,0.010000,0.019530
5,9,train,5,0.790000,0.751514
5,9,train,6,0.350000,0.296694
5,9,train,7,0.540000,0.356757
5,9,train,8,0.065340,0.080224
5,9,train,9,0.070000,0.061082
5,9,train,10,0.010000,0.024264
5,9,train,11,-0.030000,0.004119
5,9,train,12,0.035400,0.040364
5,9,train,13,0.093900,0.093323
5,9,train,14,0.115100,0.123437
5,9,train,15,0.050000,0.066729
5,9,train,16,0.030000,0.065223
5,9,train,17,0.111520,0.090173
5,9,train,18,0.044200,0.048338
5,9,train,19,0.040000,0.059294
5,9,train,20,0.084600,0.089078
5,9,train,21,0.020000,0.053342
5,9,train,22,0.115100,0.123437
5,9,train,23,0.380000,0.325843
5,9,train,24,0.100000,0.092456
5,9,train,25,0.290000,0.238720
5,9,train,26,0.045300,0.061869
5,9,train,27,0.320000,0.269620
5,9,train,28,0.290000,0.240199
5,9,train,29,0.035100,0.046508
5,9,train,30,0.310000,0.278900
5,9,train,31,0.185100,0.176824
5,9,train,32,0.380000,0.319569
5,9,train,33,0.130000,0.127447
5,9,train,34,0.011000,0.095800
5,9,train,35,0.020000,0.044592
5,9,train,36,0.022000,0.046302
5,9,train,37,0.110000,0.112793
5,9,train,38,0.075400,0.078682
5,9,train,39,0.020000,0.101057
5,9,train,40,0.260000,0.255961
5,9,train,41,0.020000,0.037683
5,9,train,42,0.090000,0.087096
5,9,train,43,0.094900,0.095286
5,9,train,44,0.232000,0.184539
5,9,train,45,0.150000,0.180068
5,9,train,46,0.242000,0.232993
5,9,train,47,0.260000,0.246414
5,9,train,48,0.150000,0.197948
5,9,train,49,0.048480,0.066140
5,9,train,50,0.075400,0.078682
5,9,train,51,0.135000,0.146293
5,9,train,52,0.010000,0.028795
5,9,train,53,0.200000,0.208300
5,9,train,54,0.174900,0.141132
5,9,train,55,0.080000,0.091063
5,9,train,56,0.210000,0.168128
5,9,train,57,0.110000,0.112793
5,9,train,58,0.020000,0.050168
5,9,train,59,0.030000,0.047004
5,9,train,60,0.151000,0.135892
5,9,train,61,0.024200,0.047535
5,9,train,62,0.790000,0.742408
5,9,train,63,0.050000,0.086895
5,9,train,64,0.023500,0.033943
5,9,train,65,0.273300,0.250848
5,9,train,66,0.018000,0.075409
5,9,train,67,0.270000,0.250848
5,9,train,68,0.130000,0.127447
5,9,train,69,0.160000,0.152042
5,9,train,70,0.224400,0.204704
5,9,train,71,-0.110000,-0.047046
5,9,train,72,0.230000,0.234893
5,9,train,73,0.094700,0.136870
5,9,train,74,0.090000,0.124368
5,9,train,75,0.260000,0.277930
5,9,train,76,0.144700,0.126998
5,9,train,77,0.040000,0.072367
5,9,train,78,0.360000,0.275275
5,9,train,79,0.030000,0.074161
5,9,train,80,0.284200,0.206393
5,9,train,81,0.240000,0.223507
5,9,train,82,0.170000,0.132747
5,9,train,83,0.370000,0.327842
5,9,train,84,0.439000,0.373584
5,9,train,85,0.030000,0.054956
5,9,train,86,0.114400,0.148288
5,9,train,87,0.133000,0.124421
5,9,train,88,0.073410,0.080927
5,9,train,89,0.280000,0.264466
5,9,train,90,0.200000,0.174271
5,9,train,91,0.030000,0.109682
5,9,train,92,0.820000,0.752132
5,9,train,93,0.190000,0.142544
5,9,train,94,0.062000,0.087631
5,9,train,95,0.040000,0.096609
5,9,train,96,0.403000,0.353762
5,9,train,97,0.160000,0.179096
5,9,train,98,0.018000,0.064325
5,9,train,99,0.220000,0.182019
5,9,train,100,0.180000,0.162882
5,9,train,101,0.090000,0.108587
5,9,train,102,0.060000,0.066747
5,9,train,103,0.330000,0.268191
5,9,train,104,0.220000,0.219105
5,9,train,105,0.210000,0.196756
5,9,train,106,0.160000,0.119965
5,9,train,107,0.020000,0.021967
5,9,train,108,-0.350000,-0.167586
5,9,train,109,0.144500,0.133212
5,9,train,110,0.240000,0.205561
5,9,train,111,0.240000,0.193842
5,9,train,112,0.000000,0.035057
5,9,train,113,0.090000,0.093323
5,9,train,114,0.200000,0.161897
5,9,train,115,0.250000,0.238892
5,9,train,116,0.160000,0.119456
5,9,train,117,0.160000,0.143233
5,9,train,118,0.035100,0.046508
5,9,train,119,-0.390000,-0.233576
5,9,train,120,0.063300,0.066747
5,9,train,121,0.020000,0.033943
5,9,train,122,0.137000,0.127022
5,9,train,123,-0.080000,0.005758
5,9,train,124,0.270000,0.260555
5,9,train,125,0.150000,0.187400
5,9,train,126,0.010000,0.055638
5,9,train,127,0.020000,0.037503
5,9,train,128,0.185100,0.176824
5,9,train,129,0.260000,0.259202
5,10,test,0,0.111520,0.103614
5,10,test,1,0.020000,0.118972
5,10,test,2,0.044200,0.111794
5,10,test,3,0.073410,0.165909
5,10,test,4,0.035100,0.114506
5,10,test,5,0.110000,0.100584
5,10,test,6,0.790000,0.164476
5,10,test,7,0.020000,0.112940
5,10,test,8,0.330000,0.155046
5,10,test,9,0.090000,0.105117
5,10,test,10,0.070000,0.106119
5,10,test,11,0.060000,0.104857
5,10,test,12,0.163300,0.117181
5,10,test,13,0.065340,0.119351
5,10,test,14,0.045300,0.103547
5,10,test,15,0.032000,0.115889
5,10,test,16,0.200000,0.184075
5,10,test,17,0.240000,0.163113
5,10,test,18,0.030000,0.115948
5,10,test,19,0.130000,0.100475
5,10,test,20,0.144500,0.143849
5,10,test,21,0.018000,0.160950
5,10,test,22,0.160000,0.106201
5,10,test,23,0.220000,0.166411
5,10,test,24,0.094600,0.116027
5,10,test,25,0.193500,0.165423
5,10,test,26,0.035400,0.109852
5,10,test,27,0.010000,0.124912
5,10,test,28,0.020000,0.120446
5,10,test,29,-0.390000,0.175992
5,10,test,30,0.820000,0.176289
5,10,test,31,-0.030000,0.101173
5,10,test,32,0.210000,0.113907
5,10,train,0,0.210000,0.198955
5,10,train,1,0.540000,0.127575
5,10,train,2,0.280000,0.166852
5,10,train,3,0.020000,0.110593
5,10,train,4,0.230000,0.170061
5,10,train,5,0.020000,0.124242
5,10,train,6,0.150000,0.179895
5,10,train,7,0.370000,0.218160
5,10,train,8,0.790000,0.175731
5,10,train,9,0.260000,0.170553
5,10,train,10,0.190000,0.165423
5,10,train,11,0.050000,0.107999
5,10,train,12,0.160000,0.164558
5,10,train,13,0.030000,0.121394
5,10,train,14,0.075400,0.114281
5,10,train,15,0.054300,0.145839
5,10,train,16,0.151000,0.131503
5,10,train,17,-0.110000,0.103474
5,10,train,18,0.273300,0.143690
5,10,train,19,0.010000,0.118995
5,10,train,20,0.135000,0.167319
5,10,train,21,0.270000,0.143690
5,10,train,22,0.115100,0.154815
5,10,train,23,0.024200,0.112050
5,10,train,24,0.011000,0.191248
5,10,train,25,0.052410,0.160234
5,10,train,26,0.190000,0.149600
5,10,train,27,0.094900,0.113438
5,10,train,28,0.040000,0.124865
5,10,train,29,0.160000,0.106960
5,10,train,30,0.174900,0.123447
5,10,train,31,0.190000,0.139201
5,10,train,32,0.080000,0.143987
5,10,train,33,0.380000,0.215204
5,10,train,34,0.224400,0.171276
5,10,train,35,0.180000,0.132793
5,10,train,36,0.062000,0.125807
5,10,train,37,0.090000,0.117653
5,10,train,38,0.190000,0.153179
5,10,train,39,0.095300,0.107469
5,10,train,40,0.180000,0.147480
5,10,train,41,0.360000,0.189720
5,10,train,42,0.084600,0.115762
5,10,train,43,0.050000,0.097027
5,10,train,44,0.050000,0.111852
5,10,train,45,0.023500,0.110593
5,10,train,46,0.035100,0.114506
5,10,train,47,0.240000,0.100164
5,10,train,48,0.133000,0.121226
5,10,train,49,0.090000,0.115860
5,10,train,50,0.030000,0.155204
5,10,train,51,0.439000,0.173440
5,10,train,52,0.110000,0.100584
5,10,train,53,0.310000,0.204050
5,10,train,54,0.115100,0.154815
5,10,train,55,0.290000,0.191104
5,10,train,56,0.250000,0.214199
5,10,train,57,0.260000,0.223235
5,10,train,58,0.284200,0.151858
5,10,train,59,0.018000,0.126622
5,10,train,60,0.160000,0.167455
5,10,train,61,0.035400,0.109852
5,10,train,62,0.020000,0.143851
5,10,train,63,0.030000,0.107776
5,10,train,64,0.220000,0.128285
5,10,train,65,0.200000,0.129182
5,10,train,66,0.043800,0.120205
5,10,train,67,0.010000,0.112045
5,10,train,68,0.100000,0.115354
5,10,train,69,0.100000,0.115354
5,10,train,70,0.072000,0.119283
5,10,train,71,0.290000,0.206499
5,10,train,72,0.174900,0.123447
5,10,train,73,0.380000,0.230340
5,10,train,74,0.094700,0.174065
5,10,train,75,0.100000,0.102650
5,10,train,76,-0.350000,0.165323
5,10,train,77,0.280000,0.222483
5,10,train,78,0.260000,0.219132
5,10,train,79,0.185100,0.164192
5,10,train,80,0.010000,0.121515
5,10,train,81,0.020000,0.105651
5,10,train,82,0.020000,0.098158
5,10,train,83,0.022000,0.100711
5,10,train,84,0.040000,0.174920
5,10,train,85,0.244400,0.168926
5,10,train,86,0.090000,0.102786
5,10,train,87,0.200000,0.224258
5,10,train,88,0.075400,0.114281
5,10,train,89,0.093900,0.115860
5,10,train,90,0.137000,0.132172
5,10,train,91,0.010000,0.120682
5,10,train,92,0.151000,0.131503
5,10,train,93,0.000000,0.110780
5,10,train,94,0.264400,0.176022
5,10,train,95,0.048480,0.140691
5,10,train,96,0.232000,0.190372
5,10,train,97,0.058480,0.131274
5,10,train,98,-0.080000,0.107835
5,10,train,99,0.144700,0.127414
5,10,train,100,0.114400,0.142778
5,10,train,101,0.130000,0.100475
5,10,train,102,0.185100,0.164192
5,10,train,103,0.260000,0.205502
5,10,train,104,0.080000,0.113573
5,10,train,105,0.144700,0.127414
5,10,train,106,0.025000,0.099508
5,10,train,107,0.150000,0.194137
5,10,train,108,0.242000,0.190264
5,10,train,109,0.160000,0.117181
5,10,train,110,0.120000,0.220189
5,10,train,111,0.080000,0.103397
5,10,train,112,0.094900,0.113438
5,10,train,113,0.190000,0.177956
5,10,train,114,0.240000,0.160285
5,10,train,115,0.320000,0.169900
5,10,train,116,0.190000,0.110258
5,10,train,117,0.150000,0.220042
5,10,train,118,0.063300,0.104857
5,10,train,119,0.020000,0.117859
5,10,train,120,0.020000,0.192089
5,10,train,121,0.350000,0.197851
5,10,train,122,0.403000,0.172174
5,10,train,123,0.040000,0.109682
5,10,train,124,0.240000,0.199659
5,10,train,125,0.030000,0.099615
5,10,train,126,0.170000,0.113987
5,10,train,127,0.090000,0.153574
5,10,train,128,0.270000,0.222305
5,10,train,129,0.280000,0.121226
20,1,test,0,0.043800,0.065597
20,1,test,1,0.044200,0.042763
20,1,test,2,0.075400,0.067840
20,1,test,3,0.115100,0.142237
20,1,test,4,0.020000,0.064342
20,1,test,5,0.090000,0.059324
20,1,test,6,-0.390000,0.084565
20,1,test,7,0.111520,0.181154
20,1,test,8,0.110000,0.125000
20,1,test,9,0.080000,0.062571
20,1,test,10,0.439000,0.337611
20,1,test,11,0.320000,0.231407
20,1,test,12,0.185100,0.169033
20,1,test,13,0.144500,0.169192
20,1,test,14,0.150000,0.162279
20,1,test,15,0.174900,0.142925
20,1,test,16,0.040000,0.101867
20,1,test,17,0.030000,0.152475
20,1,test,18,0.062000,0.193023
20,1,test,19,0.010000,0.038100
20,1,test,20,0.200000,0.195304
20,1,test,21,0.224400,0.192812
20,1,test,22,0.163300,0.151407
20,1,test,23,0.250000,0.232208
20,1,test,24,0.040000,0.099121
20,1,test,25,0.190000,0.148184
20,1,test,26,0.200000,0.099997
20,1,test,27,0.050000,0.120679
20,1,test,28,0.151000,0.142037
20,1,test,29,0.190000,0.065663
20,1,test,30,0.058480,0.124658
20,1,test,31,0.190000,0.209996
20,1,test,32,0.063300,0.057354
20,1,train,0,0.100000,0.101025
20,1,train,1,0.150000,0.147392
20,1,train,2,0.023500,0.036966
20,1,train,3,0.403000,0.343125
20,1,train,4,0.190000,0.158442
20,1,train,5,0.115100,0.142237
20,1,train,6,0.380000,0.293237
20,1,train,7,0.110000,0.125000
20,1,train,8,0.242000,0.252667
20,1,train,9,0.020000,0.036966
20,1,train,10,0.020000,0.127584
20,1,train,11,0.050000,0.085717
20,1,train,12,-0.110000,-0.018333
20,1,train,13,0.010000,0.017083
20,1,train,14,0.090000,0.099451
20,1,train,15,0.330000,0.265219
20,1,train,16,0.018000,0.103614
20,1,train,17,0.244400,0.243900
20,1,train,18,0.010000,0.059687
20,1,train,19,0.200000,0.130833
20,1,train,20,-0.350000,-0.094788
20,1,train,21,0.100000,0.086997
20,1,train,22,0.260000,0.210417
20,1,train,23,0.144700,0.154479
20,1,train,24,0.080000,0.070458
20,1,train,25,0.151000,0.142037
20,1,train,26,0.000000,0.024443
20,1,train,27,0.024200,0.049017
20,1,train,28,0.035400,0.036422
20,1,train,29,0.220000,0.177938
20,1,train,30,0.084600,0.096234
20,1,train,31,0.070000,0.053687
20,1,train,32,0.048480,0.068570
20,1,train,33,0.090000,0.103204
20,1,train,34,0.360000,0.246546
20,1,train,35,0.290000,0.182958
20,1,train,36,0.220000,0.187608
20,1,train,37,0.270000,0.223333
20,1,train,38,0.280000,0.218600
20,1,train,39,0.260000,0.249625
20,1,train,40,0.790000,0.791250
20,1,train,41,0.310000,0.306083
20,1,train,42,0.020000,0.035417
20,1,train,43,0.120000,0.172917
20,1,train,44,0.144700,0.154479
20,1,train,45,-0.080000,0.060917
20,1,train,46,0.020000,0.036704
20,1,train,47,0.094900,0.101367
20,1,train,48,0.035100,0.042388
20,1,train,49,0.094700,0.130908
20,1,train,50,0.160000,0.151407
20,1,train,51,0.040000,0.051667
20,1,train,52,0.180000,0.153917
20,1,train,53,0.230000,0.238000
20,1,train,54,0.010000,0.052917
20,1,train,55,0.090000,0.076175
20,1,train,56,0.020000,0.051104
20,1,train,57,0.284200,0.244750
20,1,train,58,0.135000,0.170971
20,1,train,59,0.820000,0.645099
20,1,train,60,0.045300,0.052282
20,1,train,61,0.035400,0.036422
20,1,train,62,0.240000,0.226708
20,1,train,63,0.020000,0.053925
20,1,train,64,0.264400,0.244688
20,1,train,65,0.093900,0.099451
20,1,train,66,0.030000,0.084150
20,1,train,67,0.280000,0.198125
20,1,train,68,0.018000,0.023983
20,1,train,69,0.080000,0.072605
20,1,train,70,0.280000,0.245000
20,1,train,71,0.050000,0.062483
20,1,train,72,0.174900,0.142925
20,1,train,73,0.130000,0.130417
20,1,train,74,0.190000,0.176667
20,1,train,75,0.790000,0.718912
20,1,train,76,0.170000,0.167854
20,1,train,77,0.090000,0.082647
20,1,train,78,0.075400,0.067840
20,1,train,79,0.273300,0.246136
20,1,train,80,0.030000,0.047750
20,1,train,81,0.185100,0.169033
20,1,train,82,0.160000,0.198475
20,1,train,83,0.054300,0.107567
20,1,train,84,0.094900,0.101367
20,1,train,85,0.193500,0.184557
20,1,train,86,0.030000,0.069300
20,1,train,87,0.073410,0.078200
20,1,train,88,0.022000,0.035858
20,1,train,89,0.210000,0.169687
20,1,train,90,0.010000,0.028517
20,1,train,91,0.210000,0.218460
20,1,train,92,0.094600,0.107851
20,1,train,93,-0.030000,0.006700
20,1,train,94,0.180000,0.110924
20,1,train,95,0.032000,0.043000
20,1,train,96,0.114400,0.136250
20,1,train,97,0.290000,0.236600
20,1,train,98,0.150000,0.183750
20,1,train,99,0.350000,0.336333
20,1,train,100,0.190000,0.184557
20,1,train,101,0.160000,0.147083
20,1,train,102,0.240000,0.191842
20,1,train,103,0.232000,0.209600
20,1,train,104,0.137000,0.127196
20,1,train,105,0.270000,0.246136
20,1,train,106,0.060000,0.057354
20,1,train,107,0.380000,0.306463
20,1,train,108,0.160000,0.110625
20,1,train,109,0.072000,0.107129
20,1,train,110,0.130000,0.130417
20,1,train,111,0.100000,0.101025
20,1,train,112,0.540000,0.415771
20,1,train,113,0.160000,0.147571
20,1,train,114,0.133000,0.198125
20,1,train,115,0.240000,0.210042
20,1,train,116,0.025000,0.042663
20,1,train,117,0.260000,0.257083
20,1,train,118,0.065340,0.101237
20,1,train,119,0.052410,0.054418
20,1,train,120,0.020000,0.018406
20,1,train,121,0.260000,0.276958
20,1,train,122,0.240000,0.212083
20,1,train,123,0.011000,0.092987
20,1,train,124,0.035100,0.042388
20,1,train,125,0.030000,0.034042
20,1,train,126,0.020000,0.021250
20,1,train,127,0.370000,0.336542
20,1,train,128,0.020000,0.143650
20,1,train,129,0.095300,0.077862
20,2,test,0,0.310000,0.286149
20,2,test,1,0.260000,0.279794
20,2,test,2,0.072000,0.130078
20,2,test,3,0.270000,0.250810
20,2,test,4,0.180000,0.083222
20,2,test,5,0.210000,0.112134
20,2,test,6,0.052410,0.166819
20,2,test,7,0.080000,0.058821
20,2,test,8,0.032000,0.133711
20,2,test,9,0.280000,0.197226
20,2,test,10,0.093900,0.067685
20,2,test,11,0.240000,0.238234
20,2,test,12,0.100000,0.117155
20,2,test,13,0.150000,0.247341
20,2,test,14,0.090000,0.067685
20,2,test,15,0.273300,0.204599
20,2,test,16,0.110000,0.115838
20,2,test,17,0.011000,0.225530
20,2,test,18,0.200000,0.118723
20,2,test,19,0.111520,0.198273
20,2,test,20,-0.080000,0.177786
20,2,test,21,0.073410,0.135118
20,2,test,22,0.043800,0.072220
20,2,test,23,0.010000,0.060480
20,2,test,24,-0.350000,0.239102
20,2,test,25,0.260000,0.298666
20,2,test,26,0.084600,0.096179
20,2,test,27,0.224400,0.204709
20,2,test,28,0.010000,0.058259
20,2,test,29,0.035100,0.072920
20,2,test,30,0.174900,0.143177
20,2,test,31,0.018000,0.155887
20,2,test,32,0.020000,0.263036
20,2,train,0,0.115100,0.121414
20,2,train,1,0.320000,0.304430
20,2,train,2,0.023500,0.031387
20,2,train,3,0.790000,0.742236
20,2,train,4,-0.110000,-0.006159
20,2,train,5,0.080000,0.074044
20,2,train,6,0.024200,0.045593
20,2,train,7,0.190000,0.188655
20,2,train,8,0.170000,0.194111
20,2,train,9,0.133000,0.200742
20,2,train,10,0.040000,0.063826
20,2,train,11,0.020000,0.041773
20,2,train,12,0.010000,0.035319
20,2,train,13,0.144700,0.141805
20,2,train,14,0.040000,0.074692
20,2,train,15,0.030000,0.055271
20,2,train,16,0.820000,0.667039
20,2,train,17,0.090000,0.081488
20,2,train,18,0.010000,0.031511
20,2,train,19,0.244400,0.224203
20,2,train,20,0.190000,0.151712
20,2,train,21,0.144700,0.141805
20,2,train,22,0.020000,0.057544
20,2,train,23,0.264400,0.235272
20,2,train,24,0.048480,0.081742
20,2,train,25,0.240000,0.240087
20,2,train,26,0.110000,0.115838
20,2,train,27,0.062000,0.102984
20,2,train,28,0.065340,0.085518
20,2,train,29,0.180000,0.179263
20,2,train,30,0.030000,0.048411
20,2,train,31,0.120000,0.169035
20,2,train,32,0.025000,0.040490
20,2,train,33,0.114400,0.130026
20,2,train,34,-0.390000,-0.184030
20,2,train,35,0.030000,0.055817
20,2,train,36,0.020000,0.031387
20,2,train,37,0.018000,0.037432
20,2,train,38,0.090000,0.081148
20,2,train,39,0.151000,0.142143
20,2,train,40,0.790000,0.743151
20,2,train,41,0.094600,0.098815
20,2,train,42,0.020000,0.041611
20,2,train,43,0.190000,0.147274
20,2,train,44,0.050000,0.063070
20,2,train,45,0.040000,0.085293
20,2,train,46,0.240000,0.174552
20,2,train,47,0.439000,0.386128
20,2,train,48,0.050000,0.086159
20,2,train,49,0.000000,0.044553
20,2,train,50,0.185100,0.178112
20,2,train,51,0.270000,0.204599
20,2,train,52,0.151000,0.142143
20,2,train,53,0.130000,0.139890
20,2,train,54,0.540000,0.377028
20,2,train,55,0.240000,0.238427
20,2,train,56,0.075400,0.074232
20,2,train,57,0.010000,0.032898
20,2,train,58,0.144500,0.156931
20,2,train,59,0.075400,0.074232
20,2,train,60,0.130000,0.139890
20,2,train,61,-0.030000,0.009069
20,2,train,62,0.280000,0.200742
20,2,train,63,0.190000,0.183883
20,2,train,64,0.284200,0.242088
20,2,train,65,0.063300,0.063075
20,2,train,66,0.020000,0.055634
20,2,train,67,0.094900,0.098668
20,2,train,68,0.260000,0.253553
20,2,train,69,0.054300,0.111204
20,2,train,70,0.135000,0.166987
20,2,train,71,0.160000,0.115185
20,2,train,72,0.100000,0.117155
20,2,train,73,0.035400,0.039051
20,2,train,74,0.160000,0.152571
20,2,train,75,0.260000,0.243666
20,2,train,76,0.150000,0.180034
20,2,train,77,0.232000,0.234671
20,2,train,78,0.020000,0.094823
20,2,train,79,0.020000,0.034490
20,2,train,80,0.100000,0.107190
20,2,train,81,0.200000,0.216480
20,2,train,82,0.290000,0.273116
20,2,train,83,0.050000,0.070468
20,2,train,84,0.020000,0.036116
20,2,train,85,0.030000,0.110880
20,2,train,86,0.160000,0.146315
20,2,train,87,0.350000,0.312025
20,2,train,88,0.020000,0.037168
20,2,train,89,0.163300,0.152571
20,2,train,90,0.210000,0.222799
20,2,train,91,0.035100,0.072920
20,2,train,92,0.190000,0.219983
20,2,train,93,0.115100,0.121414
20,2,train,94,0.022000,0.043333
20,2,train,95,0.160000,0.154473
20,2,train,96,0.160000,0.172430
20,2,train,97,0.185100,0.178112
20,2,train,98,0.360000,0.269278
20,2,train,99,0.290000,0.270136
20,2,train,100,0.090000,0.110357
20,2,train,101,0.094700,0.146559
20,2,train,102,0.094900,0.098668
20,2,train,103,0.070000,0.065838
20,2,train,104,0.030000,0.081907
20,2,train,105,0.380000,0.312417
20,2,train,106,0.330000,0.292811
20,2,train,107,0.242000,0.250801
20,2,train,108,0.045300,0.047103
20,2,train,109,0.200000,0.213804
20,2,train,110,0.190000,0.171293
20,2,train,111,0.080000,0.080734
20,2,train,112,0.220000,0.169290
20,2,train,113,0.230000,0.259149
20,2,train,114,0.095300,0.081450
20,2,train,115,0.280000,0.267178
20,2,train,116,0.250000,0.248576
20,2,train,117,0.150000,0.155942
20,2,train,118,0.058480,0.070118
20,2,train,119,0.060000,0.063075
20,2,train,120,0.044200,0.046240
20,2,train,121,0.403000,0.375668
20,2,train,122,0.035400,0.039051
20,2,train,123,0.380000,0.323243
20,2,train,124,0.220000,0.204649
20,2,train,125,0.174900,0.143177
20,2,train,126,0.193500,0.183883
20,2,train,127,0.137000,0.125457
20,2,train,128,0.370000,0.288044
20,2,train,129,0.090000,0.087144
20,3,test,0,-0.030000,0.083571
20,3,test,1,0.150000,0.140961
20,3,test,2,0.310000,0.252179
20,3,test,3,0.180000,0.064059
20,3,test,4,0.044200,0.066912
20,3,test,5,0.062000,0.093590
20,3,test,6,0.094900,0.095319
20,3,test,7,0.030000,0.080142
20,3,test,8,0.230000,0.232570
20,3,test,9,0.063300,0.075576
20,3,test,10,0.090000,0.108187
20,3,test,11,0.020000,0.036051
20,3,test,12,0.273300,0.204986
20,3,test,13,0.040000,0.109526
20,3,test,14,0.052410,0.137227
20,3,test,15,0.023500,0.042417
20,3,test,16,0.058480,0.099022
20,3,test,17,0.439000,0.277073
20,3,test,18,0.232000,0.169073
20,3,test,19,0.790000,0.600328
20,3,test,20,0.120000,0.240317
20,3,test,21,-0.390000,0.129583
20,3,test,22,0.050000,0.079905
20,3,test,23,0.540000,0.115696
20,3,test,24,0.185100,0.163766
20,3,test,25,0.190000,0.143968
20,3,test,26,0.360000,0.154122
20,3,test,27,0.200000,0.081279
20,3,test,28,0.190000,0.198469
20,3,test,29,0.032000,0.124272
20,3,test,30,0.020000,0.210299
20,3,test,31,0.220000,0.075646
20,3,test,32,-0.080000,0.127147
20,3,train,0,0.090000,0.090080
20,3,train,1,0.080000,0.082040
20,3,train,2,0.073410,0.083464
20,3,train,3,0.045300,0.057385
20,3,train,4,0.011000,0.099698
20,3,train,5,0.350000,0.291993
20,3,train,6,0.264400,0.223292
20,3,train,7,0.290000,0.249039
20,3,train,8,0.030000,0.053934
20,3,train,9,0.130000,0.128775
20,3,train,10,0.370000,0.305794
20,3,train,11,0.010000,0.043248
20,3,train,12,0.193500,0.190629
20,3,train,13,0.130000,0.128775
20,3,train,14,0.137000,0.125668
20,3,train,15,0.100000,0.096648
20,3,train,16,0.020000,0.042762
20,3,train,17,0.330000,0.273909
20,3,train,18,0.093900,0.090080
20,3,train,19,0.174900,0.166614
20,3,train,20,0.200000,0.192465
20,3,train,21,0.075400,0.074000
20,3,train,22,0.094900,0.095319
20,3,train,23,0.030000,0.046407
20,3,train,24,0.084600,0.087965
20,3,train,25,0.111520,0.113946
20,3,train,26,0.030000,0.102888
20,3,train,27,0.160000,0.157372
20,3,train,28,0.144700,0.138233
20,3,train,29,0.284200,0.232274
20,3,train,30,0.160000,0.151047
20,3,train,31,0.090000,0.109210
20,3,train,32,0.144500,0.146639
20,3,train,33,0.030000,0.071095
20,3,train,34,0.100000,0.104370
20,3,train,35,0.020000,0.044237
20,3,train,36,0.090000,0.082380
20,3,train,37,0.240000,0.213863
20,3,train,38,0.022000,0.042215
20,3,train,39,0.144700,0.138233
20,3,train,40,0.280000,0.189783
20,3,train,41,0.035400,0.040107
20,3,train,42,0.260000,0.268141
20,3,train,43,0.224400,0.208660
20,3,train,44,0.163300,0.152631
20,3,train,45,0.260000,0.247096
20,3,train,46,0.403000,0.305550
20,3,train,47,0.020000,0.039804
20,3,train,48,0.040000,0.077326
20,3,train,49,0.020000,0.042417
20,3,train,50,0.072000,0.075435
20,3,train,51,0.043800,0.055764
20,3,train,52,0.048480,0.077975
20,3,train,53,0.270000,0.254897
20,3,train,54,0.025000,0.039577
20,3,train,55,0.160000,0.155664
20,3,train,56,0.020000,0.100767
20,3,train,57,0.270000,0.204986
20,3,train,58,0.024200,0.048509
20,3,train,59,0.114400,0.128026
20,3,train,60,0.050000,0.080944
20,3,train,61,0.080000,0.072588
20,3,train,62,0.035400,0.040107
20,3,train,63,0.100000,0.104370
20,3,train,64,0.020000,0.042512
20,3,train,65,0.174900,0.166614
20,3,train,66,0.250000,0.245792
20,3,train,67,0.200000,0.210057
20,3,train,68,0.135000,0.161862
20,3,train,69,0.185100,0.163766
20,3,train,70,0.190000,0.145456
20,3,train,71,0.035100,0.044906
20,3,train,72,0.018000,0.069984
20,3,train,73,0.320000,0.292634
20,3,train,74,0.040000,0.112516
20,3,train,75,0.110000,0.111456
20,3,train,76,0.240000,0.213706
20,3,train,77,0.010000,0.040140
20,3,train,78,0.094700,0.136254
20,3,train,79,0.290000,0.251435
20,3,train,80,0.260000,0.264892
20,3,train,81,0.150000,0.186352
20,3,train,82,0.010000,0.030011
20,3,train,83,0.820000,0.664985
20,3,train,84,0.060000,0.075576
20,3,train,85,0.260000,0.249342
20,3,train,86,0.000000,0.035697
20,3,train,87,0.050000,0.078998
20,3,train,88,0.170000,0.136687
20,3,train,89,0.160000,0.112799
20,3,train,90,0.190000,0.166670
20,3,train,91,0.180000,0.175799
20,3,train,92,0.244400,0.206670
20,3,train,93,0.280000,0.264292
20,3,train,94,0.115100,0.122051
20,3,train,95,0.210000,0.176288
20,3,train,96,0.210000,0.207912
20,3,train,97,0.075400,0.074000
20,3,train,98,0.065340,0.068092
20,3,train,99,0.095300,0.095811
20,3,train,100,0.035100,0.044906
20,3,train,101,0.240000,0.234092
20,3,train,102,0.242000,0.227258
20,3,train,103,0.380000,0.324444
20,3,train,104,0.160000,0.152631
20,3,train,105,0.020000,0.038334
20,3,train,106,0.110000,0.111456
20,3,train,107,0.010000,0.041964
20,3,train,108,0.220000,0.214732
20,3,train,109,0.070000,0.070511
20,3,train,110,0.115100,0.122051
20,3,train,111,0.240000,0.187674
20,3,train,112,0.190000,0.190629
20,3,train,113,0.280000,0.238788
20,3,train,114,-0.110000,-0.024508
20,3,train,115,0.151000,0.139144
20,3,train,116,0.054300,0.089262
20,3,train,117,0.133000,0.189783
20,3,train,118,0.151000,0.139144
20,3,train,119,0.150000,0.174504
20,3,train,120,-0.350000,-0.164283
20,3,train,121,0.380000,0.301822
20,3,train,122,0.010000,0.036236
20,3,train,123,0.080000,0.081747
20,3,train,124,0.018000,0.032561
20,3,train,125,0.094600,0.094212
20,3,train,126,0.020000,0.065406
20,3,train,127,0.790000,0.668498
20,3,train,128,0.190000,0.190825
20,3,train,129,0.090000,0.081482
20,4,test,0,0.439000,0.196149
20,4,test,1,0.073410,0.129851
20,4,test,2,0.080000,0.100605
20,4,test,3,0.151000,0.092955
20,4,test,4,0.000000,0.128016
20,4,test,5,0.044200,0.084667
20,4,test,6,0.090000,0.103835
20,4,test,7,0.244400,0.153425
20,4,test,8,0.290000,0.181789
20,4,test,9,0.052410,0.160602
20,4,test,10,0.010000,0.111318
20,4,test,11,0.170000,0.156378
20,4,test,12,0.040000,0.175114
20,4,test,13,0.060000,0.090260
20,4,test,14,0.260000,0.252683
20,4,test,15,0.084600,0.108158
20,4,test,16,0.054300,0.143500
20,4,test,17,0.224400,0.191299
20,4,test,18,-0.080000,0.143471
20,4,test,19,0.062000,0.132959
20,4,test,20,0.284200,0.142520
20,4,test,21,0.200000,0.104350
20,4,test,22,0.160000,0.120725
20,4,test,23,0.144500,0.136507
20,4,test,24,0.090000,0.085575
20,4,test,25,0.010000,0.103921
20,4,test,26,0.185100,0.154929
20,4,test,27,0.790000,0.572913
20,4,test,28,0.310000,0.227859
20,4,test,29,0.010000,0.089987
20,4,test,30,0.280000,0.172255
20,4,test,31,0.380000,0.180062
20,4,test,32,0.273300,0.132635
20,4,train,0,0.025000,0.068316
20,4,train,1,0.050000,0.072459
20,4,train,2,0.050000,0.124167
20,4,train,3,0.185100,0.154929
20,4,train,4,0.190000,0.130742
20,4,train,5,0.065340,0.089622
20,4,train,6,0.040000,0.103937
20,4,train,7,0.144700,0.135737
20,4,train,8,0.130000,0.116156
20,4,train,9,0.240000,0.181651
20,4,train,10,0.250000,0.220416
20,4,train,11,0.111520,0.117759
20,4,train,12,0.100000,0.101128
20,4,train,13,0.023500,0.072523
20,4,train,14,0.094700,0.165063
20,4,train,15,0.242000,0.206062
20,4,train,16,0.030000,0.094821
20,4,train,17,0.200000,0.161919
20,4,train,18,0.360000,0.184932
20,4,train,19,0.270000,0.132635
20,4,train,20,0.150000,0.169569
20,4,train,21,0.380000,0.230308
20,4,train,22,0.270000,0.224607
20,4,train,23,0.040000,0.095190
20,4,train,24,0.080000,0.105217
20,4,train,25,0.020000,0.115764
20,4,train,26,0.011000,0.170891
20,4,train,27,0.080000,0.118782
20,4,train,28,0.090000,0.107186
20,4,train,29,0.070000,0.077363
20,4,train,30,0.193500,0.166123
20,4,train,31,0.190000,0.166123
20,4,train,32,0.264400,0.170317
20,4,train,33,0.150000,0.162656
20,4,train,34,0.280000,0.227609
20,4,train,35,0.018000,0.106912
20,4,train,36,0.022000,0.079577
20,4,train,37,0.035400,0.072714
20,4,train,38,0.032000,0.094973
20,4,train,39,0.240000,0.213512
20,4,train,40,0.163300,0.116877
20,4,train,41,0.094900,0.109061
20,4,train,42,0.030000,0.100666
20,4,train,43,0.110000,0.107897
20,4,train,44,0.030000,0.082599
20,4,train,45,0.540000,0.195288
20,4,train,46,0.230000,0.248462
20,4,train,47,0.280000,0.158916
20,4,train,48,0.115100,0.148381
20,4,train,49,0.210000,0.133706
20,4,train,50,0.063300,0.090260
20,4,train,51,0.058480,0.092261
20,4,train,52,0.320000,0.253974
20,4,train,53,0.020000,0.105939
20,4,train,54,0.115100,0.148381
20,4,train,55,0.220000,0.112438
20,4,train,56,0.020000,0.178146
20,4,train,57,0.190000,0.152782
20,4,train,58,0.100000,0.101128
20,4,train,59,0.370000,0.207498
20,4,train,60,0.095300,0.095087
20,4,train,61,0.350000,0.224403
20,4,train,62,0.190000,0.164500
20,4,train,63,0.020000,0.068424
20,4,train,64,0.035100,0.080285
20,4,train,65,0.048480,0.097033
20,4,train,66,0.035100,0.080285
20,4,train,67,0.072000,0.126594
20,4,train,68,0.110000,0.107897
20,4,train,69,0.190000,0.161648
20,4,train,70,0.190000,0.153800
20,4,train,71,0.075400,0.074168
20,4,train,72,0.240000,0.212363
20,4,train,73,0.260000,0.210832
20,4,train,74,0.090000,0.096463
20,4,train,75,0.090000,0.108309
20,4,train,76,-0.030000,0.065419
20,4,train,77,0.133000,0.158916
20,4,train,78,-0.350000,-0.057951
20,4,train,79,0.174900,0.123322
20,4,train,80,0.290000,0.194889
20,4,train,81,0.160000,0.116877
20,4,train,82,0.030000,0.100008
20,4,train,83,0.137000,0.113484
20,4,train,84,0.180000,0.145657
20,4,train,85,0.820000,0.540462
20,4,train,86,0.093900,0.103835
20,4,train,87,0.094900,0.109061
20,4,train,88,0.024200,0.091239
20,4,train,89,0.020000,0.072523
20,4,train,90,0.020000,0.164436
20,4,train,91,0.144700,0.135737
20,4,train,92,0.151000,0.092955
20,4,train,93,0.050000,0.122808
20,4,train,94,0.100000,0.106938
20,4,train,95,0.403000,0.199618
20,4,train,96,0.035400,0.072714
20,4,train,97,0.130000,0.116156
20,4,train,98,0.150000,0.213108
20,4,train,99,0.260000,0.225206
20,4,train,100,0.180000,0.112535
20,4,train,101,0.018000,0.072285
20,4,train,102,0.135000,0.163665
20,4,train,103,0.160000,0.080322
20,4,train,104,-0.110000,0.068165
20,4,train,105,0.210000,0.193374
20,4,train,106,0.010000,0.081829
20,4,train,107,0.114400,0.136183
20,4,train,108,-0.390000,-0.184185
20,4,train,109,0.010000,0.076790
20,4,train,110,0.094600,0.107690
20,4,train,111,0.020000,0.111098
20,4,train,112,0.790000,0.606943
20,4,train,113,0.160000,0.172211
20,4,train,114,0.260000,0.224946
20,4,train,115,0.045300,0.070295
20,4,train,116,0.043800,0.072592
20,4,train,117,0.020000,0.070821
20,4,train,118,0.232000,0.198659
20,4,train,119,0.020000,0.080784
20,4,train,120,0.075400,0.074168
20,4,train,121,0.030000,0.149592
20,4,train,122,0.200000,0.203919
20,4,train,123,0.330000,0.213658
20,4,train,124,0.020000,0.085193
20,4,train,125,0.160000,0.164585
20,4,train,126,0.174900,0.123322
20,4,train,127,0.220000,0.202458
20,4,train,128,0.240000,0.135991
20,4,train,129,0.120000,0.216788
20,5,test,0,0.054300,0.155638
20,5,test,1,0.240000,0.245326
20,5,test,2,0.040000,0.189389
20,5,test,3,0.790000,0.683089
20,5,test,4,0.100000,0.105960
20,5,test,5,0.010000,0.092629
20,5,test,6,0.094600,0.093315
20,5,test,7,-0.350000,0.237212
20,5,test,8,0.240000,0.205853
20,5,test,9,0.093900,0.086028
20,5,test,10,0.185100,0.172489
20,5,test,11,0.190000,0.145085
20,5,test,12,0.024200,0.091880
20,5,test,13,0.032000,0.132444
20,5,test,14,0.280000,0.214280
20,5,test,15,-0.030000,0.083596
20,5,test,16,0.030000,0.086822
20,5,test,17,0.160000,0.051710
20,5,test,18,0.260000,0.202286
20,5,test,19,0.063300,0.067769
20,5,test,20,0.190000,0.117146
20,5,test,21,0.160000,0.109588
20,5,test,22,0.163300,0.143231
20,5,test,23,0.023500,0.080003
20,5,test,24,0.094700,0.205600
20,5,test,25,0.174900,0.121286
20,5,test,26,0.090000,0.086028
20,5,test,27,0.035100,0.080701
20,5,test,28,0.052410,0.128298
20,5,test,29,0.200000,0.189785
20,5,test,30,0.010000,0.068222
20,5,test,31,0.220000,0.192926
20,5,test,32,0.190000,0.201610
20,5,train,0,0.160000,0.157317
20,5,train,1,0.790000,0.698716
20,5,train,2,0.075400,0.061882
20,5,train,3,0.050000,0.052210
20,5,train,4,0.110000,0.110776
20,5,train,5,0.310000,0.294994
20,5,train,6,0.040000,0.084074
20,5,train,7,0.090000,0.078261
20,5,train,8,0.174900,0.121286
20,5,train,9,0.020000,0.063858
20,5,train,10,0.144700,0.137449
20,5,train,11,-0.110000,-0.022282
20,5,train,12,0.133000,0.166941
20,5,train,13,0.048480,0.101570
20,5,train,14,0.010000,0.048525
20,5,train,15,0.220000,0.161170
20,5,train,16,0.250000,0.237684
20,5,train,17,0.190000,0.173314
20,5,train,18,0.270000,0.230431
20,5,train,19,0.193500,0.179759
20,5,train,20,0.232000,0.214667
20,5,train,21,0.260000,0.238675
20,5,train,22,0.370000,0.313032
20,5,train,23,0.100000,0.107989
20,5,train,24,0.260000,0.268725
20,5,train,25,0.060000,0.067769
20,5,train,26,0.151000,0.119886
20,5,train,27,0.020000,0.049850
20,5,train,28,0.244400,0.221733
20,5,train,29,0.094900,0.092658
20,5,train,30,0.025000,0.052249
20,5,train,31,0.018000,0.053671
20,5,train,32,0.210000,0.213597
20,5,train,33,0.065340,0.086377
20,5,train,34,0.111520,0.141584
20,5,train,35,0.150000,0.185854
20,5,train,36,0.190000,0.179759
20,5,train,37,0.070000,0.070978
20,5,train,38,0.160000,0.184144
20,5,train,39,0.137000,0.121897
20,5,train,40,0.210000,0.151701
20,5,train,41,0.095300,0.075277
20,5,train,42,0.100000,0.105960
20,5,train,43,0.403000,0.373106
20,5,train,44,0.170000,0.140108
20,5,train,45,0.260000,0.266701
20,5,train,46,0.020000,0.125801
20,5,train,47,0.020000,0.048781
20,5,train,48,0.035400,0.054189
20,5,train,49,0.022000,0.054632
20,5,train,50,0.151000,0.119886
20,5,train,51,0.150000,0.170700
20,5,train,52,0.094900,0.092658
20,5,train,53,0.135000,0.171234
20,5,train,54,0.130000,0.126623
20,5,train,55,0.080000,0.068998
20,5,train,56,0.073410,0.093196
20,5,train,57,0.020000,0.080003
20,5,train,58,0.084600,0.091607
20,5,train,59,0.284200,0.240342
20,5,train,60,0.240000,0.220997
20,5,train,61,0.230000,0.240221
20,5,train,62,0.044200,0.063553
20,5,train,63,0.072000,0.090513
20,5,train,64,0.280000,0.166941
20,5,train,65,0.010000,0.041638
20,5,train,66,0.115100,0.129313
20,5,train,67,0.080000,0.070997
20,5,train,68,0.075400,0.061882
20,5,train,69,0.190000,0.120509
20,5,train,70,0.120000,0.172735
20,5,train,71,0.110000,0.110776
20,5,train,72,0.144700,0.137449
20,5,train,73,0.242000,0.244096
20,5,train,74,0.224400,0.218139
20,5,train,75,0.030000,0.059926
20,5,train,76,0.115100,0.129313
20,5,train,77,0.035100,0.080701
20,5,train,78,0.180000,0.123696
20,5,train,79,0.020000,0.081760
20,5,train,80,0.380000,0.304192
20,5,train,81,0.030000,0.102631
20,5,train,82,0.080000,0.071251
20,5,train,83,0.090000,0.068180
20,5,train,84,0.160000,0.143231
20,5,train,85,0.150000,0.175979
20,5,train,86,0.030000,0.125542
20,5,train,87,0.040000,0.064406
20,5,train,88,0.320000,0.290200
20,5,train,89,0.439000,0.376717
20,5,train,90,-0.390000,-0.188898
20,5,train,91,0.180000,0.161941
20,5,train,92,0.000000,0.067326
20,5,train,93,0.144500,0.157154
20,5,train,94,0.035400,0.054189
20,5,train,95,0.020000,0.055040
20,5,train,96,0.045300,0.059324
20,5,train,97,0.540000,0.392506
20,5,train,98,0.280000,0.253221
20,5,train,99,0.058480,0.092683
20,5,train,100,0.360000,0.264271
20,5,train,101,0.050000,0.064583
20,5,train,102,0.010000,0.071096
20,5,train,103,0.820000,0.630736
20,5,train,104,0.020000,0.069541
20,5,train,105,0.330000,0.272721
20,5,train,106,0.200000,0.149155
20,5,train,107,0.200000,0.210758
20,5,train,108,0.240000,0.168550
20,5,train,109,0.273300,0.230431
20,5,train,110,0.090000,0.068102
20,5,train,111,0.020000,0.045605
20,5,train,112,0.290000,0.254467
20,5,train,113,0.270000,0.248472
20,5,train,114,0.130000,0.126623
20,5,train,115,0.114400,0.137736
20,5,train,116,-0.080000,0.014397
20,5,train,117,0.043800,0.058792
20,5,train,118,0.264400,0.234016
20,5,train,119,0.185100,0.172489
20,5,train,120,0.030000,0.066821
20,5,train,121,0.062000,0.100584
20,5,train,122,0.380000,0.313927
20,5,train,123,0.050000,0.089314
20,5,train,124,0.090000,0.112799
20,5,train,125,0.350000,0.321661
20,5,train,126,0.020000,0.121013
20,5,train,127,0.011000,0.092209
20,5,train,128,0.290000,0.264505
20,5,train,129,0.018000,0.082027
20,6,test,0,0.190000,0.159001
20,6,test,1,0.310000,0.253548
20,6,test,2,0.220000,0.095667
20,6,test,3,0.095300,0.080255
20,6,test,4,0.280000,0.192526
20,6,test,5,0.100000,0.107388
20,6,test,6,0.020000,0.061418
20,6,test,7,0.190000,0.209416
20,6,test,8,0.290000,0.178539
20,6,test,9,0.144700,0.130937
20,6,test,10,0.790000,0.584533
20,6,test,11,0.020000,0.122627
20,6,test,12,0.020000,0.035202
20,6,test,13,0.160000,0.187662
20,6,test,14,0.114400,0.169768
20,6,test,15,0.174900,0.141338
20,6,test,16,0.260000,0.201392
20,6,test,17,0.210000,0.228937
20,6,test,18,0.045300,0.088041
20,6,test,19,0.084600,0.093165
20,6,test,20,0.150000,0.240689
20,6,test,21,0.040000,0.184659
20,6,test,22,0.151000,0.086333
20,6,test,23,0.280000,0.221200
20,6,test,24,0.151000,0.086333
20,6,test,25,0.035400,0.079374
20,6,test,26,0.144500,0.142641
20,6,test,27,0.030000,0.081296
20,6,test,28,0.160000,0.123982
20,6,test,29,-0.390000,0.128220
20,6,test,30,0.035100,0.059883
20,6,test,31,0.200000,0.096730
20,6,test,32,0.035400,0.079374
20,6,train,0,0.133000,0.185294
20,6,train,1,0.190000,0.155141
20,6,train,2,0.200000,0.209996
20,6,train,3,0.093900,0.088678
20,6,train,4,0.030000,0.051514
20,6,train,5,0.135000,0.161461
20,6,train,6,0.000000,0.044154
20,6,train,7,0.110000,0.109723
20,6,train,8,0.100000,0.107388
20,6,train,9,0.190000,0.147020
20,6,train,10,0.163300,0.149932
20,6,train,11,0.080000,0.079958
20,6,train,12,0.094900,0.097605
20,6,train,13,0.025000,0.042109
20,6,train,14,0.260000,0.268950
20,6,train,15,0.370000,0.315814
20,6,train,16,0.018000,0.042629
20,6,train,17,0.150000,0.183204
20,6,train,18,0.264400,0.239174
20,6,train,19,0.100000,0.107358
20,6,train,20,0.240000,0.216017
20,6,train,21,0.185100,0.172366
20,6,train,22,0.230000,0.239197
20,6,train,23,0.043800,0.058046
20,6,train,24,0.020000,0.042102
20,6,train,25,0.160000,0.113929
20,6,train,26,0.170000,0.161493
20,6,train,27,0.270000,0.249052
20,6,train,28,0.094700,0.125404
20,6,train,29,0.020000,0.047387
20,6,train,30,0.090000,0.088678
20,6,train,31,0.120000,0.159052
20,6,train,32,0.284200,0.221659
20,6,train,33,0.240000,0.183445
20,6,train,34,0.020000,0.109503
20,6,train,35,0.065340,0.079863
20,6,train,36,0.330000,0.271702
20,6,train,37,0.190000,0.192129
20,6,train,38,0.020000,0.045233
20,6,train,39,0.220000,0.208454
20,6,train,40,0.130000,0.126582
20,6,train,41,0.180000,0.135781
20,6,train,42,0.050000,0.072173
20,6,train,43,0.080000,0.085450
20,6,train,44,0.224400,0.216996
20,6,train,45,0.018000,0.065935
20,6,train,46,0.320000,0.291221
20,6,train,47,0.075400,0.075278
20,6,train,48,0.090000,0.095491
20,6,train,49,0.010000,0.035437
20,6,train,50,0.072000,0.092026
20,6,train,51,0.200000,0.191952
20,6,train,52,-0.080000,0.015093
20,6,train,53,0.020000,0.128974
20,6,train,54,0.190000,0.193538
20,6,train,55,0.011000,0.102464
20,6,train,56,0.080000,0.093388
20,6,train,57,0.040000,0.062031
20,6,train,58,0.280000,0.185294
20,6,train,59,0.150000,0.170762
20,6,train,60,0.240000,0.221018
20,6,train,61,0.094600,0.096657
20,6,train,62,0.044200,0.057670
20,6,train,63,0.022000,0.048377
20,6,train,64,0.062000,0.089801
20,6,train,65,0.260000,0.269673
20,6,train,66,0.380000,0.305949
20,6,train,67,0.094900,0.097605
20,6,train,68,0.242000,0.227496
20,6,train,69,0.010000,0.046664
20,6,train,70,0.180000,0.162164
20,6,train,71,0.048480,0.068436
20,6,train,72,0.380000,0.310815
20,6,train,73,0.290000,0.241993
20,6,train,74,0.023500,0.061418
20,6,train,75,0.024200,0.050592
20,6,train,76,0.073410,0.081596
20,6,train,77,0.050000,0.071020
20,6,train,78,0.273300,0.249052
20,6,train,79,0.137000,0.121077
20,6,train,80,0.111520,0.113478
20,6,train,81,0.075400,0.075278
20,6,train,82,0.032000,0.066009
20,6,train,83,0.090000,0.080160
20,6,train,84,0.020000,0.036743
20,6,train,85,0.030000,0.085404
20,6,train,86,0.020000,0.055363
20,6,train,87,0.010000,0.032717
20,6,train,88,0.115100,0.124360
20,6,train,89,0.403000,0.361727
20,6,train,90,-0.030000,0.013921
20,6,train,91,0.070000,0.067931
20,6,train,92,0.063300,0.067955
20,6,train,93,-0.350000,-0.138515
20,6,train,94,0.115100,0.124360
20,6,train,95,0.360000,0.294130
20,6,train,96,0.160000,0.145093
20,6,train,97,0.232000,0.215782
20,6,train,98,0.193500,0.192129
20,6,train,99,0.244400,0.214466
20,6,train,100,0.250000,0.231340
20,6,train,101,0.110000,0.109723
20,6,train,102,0.060000,0.067955
20,6,train,103,-0.110000,-0.046984
20,6,train,104,0.210000,0.175860
20,6,train,105,0.439000,0.387869
20,6,train,106,0.040000,0.062057
20,6,train,107,0.820000,0.656833
20,6,train,108,0.260000,0.236835
20,6,train,109,0.130000,0.126582
20,6,train,110,0.090000,0.105260
20,6,train,111,0.270000,0.234588
20,6,train,112,0.030000,0.054655
20,6,train,113,0.058480,0.075180
20,6,train,114,0.790000,0.681533
20,6,train,115,0.350000,0.298295
20,6,train,116,0.540000,0.398172
20,6,train,117,0.010000,0.049172
20,6,train,118,0.054300,0.093259
20,6,train,119,0.144700,0.130937
20,6,train,120,0.174900,0.141338
20,6,train,121,0.240000,0.223878
20,6,train,122,0.052410,0.085349
20,6,train,123,0.160000,0.149932
20,6,train,124,0.185100,0.172366
20,6,train,125,0.050000,0.063490
20,6,train,126,0.035100,0.059883
20,6,train,127,0.030000,0.101146
20,6,train,128,0.090000,0.086121
20,6,train,129,0.010000,0.039400
20,7,test,0,0.144700,0.129846
20,7,test,1,0.130000,0.124786
20,7,test,2,0.095300,0.077215
20,7,test,3,0.030000,0.176640
20,7,test,4,0.290000,0.150380
20,7,test,5,0.075400,0.073149
20,7,test,6,0.150000,0.221599
20,7,test,7,0.020000,0.064493
20,7,test,8,0.094700,0.193100
20,7,test,9,0.280000,0.231120
20,7,test,10,0.073410,0.090392
20,7,test,11,0.200000,0.155876
20,7,test,12,0.380000,0.178639
20,7,test,13,0.190000,0.118453
20,7,test,14,0.020000,0.040368
20,7,test,15,0.072000,0.172581
20,7,test,16,0.080000,0.069104
20,7,test,17,0.018000,0.149884
20,7,test,18,0.220000,0.179746
20,7,test,19,0.240000,0.185856
20,7,test,20,0.020000,0.050333
20,7,test,21,0.084600,0.091727
20,7,test,22,0.160000,0.051016
20,7,test,23,0.790000,0.438860
20,7,test,24,0.060000,0.067275
20,7,test,25,0.090000,0.069369
20,7,test,26,0.135000,0.209942
20,7,test,27,0.210000,0.205097
20,7,test,28,0.230000,0.237966
20,7,test,29,0.115100,0.176789
20,7,test,30,0.115100,0.176789
20,7,test,31,0.790000,0.456494
20,7,test,32,0.110000,0.112757
20,7,train,0,0.244400,0.220242
20,7,train,1,0.260000,0.239392
20,7,train,2,0.035100,0.052087
20,7,train,3,0.160000,0.159325
20,7,train,4,0.022000,0.046547
20,7,train,5,0.160000,0.149408
20,7,train,6,0.100000,0.096008
20,7,train,7,0.032000,0.070612
20,7,train,8,0.063300,0.067275
20,7,train,9,0.190000,0.189115
20,7,train,10,-0.110000,-0.032772
20,7,train,11,0.010000,0.043712
20,7,train,12,0.137000,0.136151
20,7,train,13,0.018000,0.045182
20,7,train,14,0.054300,0.085423
20,7,train,15,-0.080000,0.009136
20,7,train,16,-0.030000,0.022553
20,7,train,17,0.273300,0.247422
20,7,train,18,0.048480,0.078597
20,7,train,19,0.200000,0.174382
20,7,train,20,0.094900,0.094038
20,7,train,21,0.190000,0.193293
20,7,train,22,0.100000,0.101083
20,7,train,23,-0.350000,-0.124053
20,7,train,24,0.080000,0.080826
20,7,train,25,0.439000,0.391461
20,7,train,26,-0.390000,-0.194550
20,7,train,27,0.011000,0.083532
20,7,train,28,0.185100,0.183405
20,7,train,29,0.020000,0.042885
20,7,train,30,0.260000,0.237434
20,7,train,31,0.350000,0.311038
20,7,train,32,0.035400,0.045632
20,7,train,33,0.130000,0.124786
20,7,train,34,0.224400,0.202586
20,7,train,35,0.180000,0.142881
20,7,train,36,0.163300,0.149408
20,7,train,37,0.075400,0.073149
20,7,train,38,0.040000,0.097875
20,7,train,39,0.190000,0.164281
20,7,train,40,0.030000,0.068805
20,7,train,41,0.193500,0.189115
20,7,train,42,0.090000,0.083249
20,7,train,43,0.024200,0.050146
20,7,train,44,0.030000,0.051752
20,7,train,45,0.020000,0.041289
20,7,train,46,0.090000,0.098257
20,7,train,47,0.190000,0.192260
20,7,train,48,0.065340,0.091182
20,7,train,49,0.080000,0.083236
20,7,train,50,0.180000,0.164262
20,7,train,51,0.094900,0.094038
20,7,train,52,0.280000,0.190308
20,7,train,53,0.090000,0.090736
20,7,train,54,0.190000,0.142794
20,7,train,55,0.044200,0.053114
20,7,train,56,0.330000,0.265667
20,7,train,57,0.025000,0.042975
20,7,train,58,0.030000,0.049798
20,7,train,59,0.150000,0.169400
20,7,train,60,0.000000,0.042318
20,7,train,61,0.160000,0.141191
20,7,train,62,0.820000,0.589410
20,7,train,63,0.280000,0.239617
20,7,train,64,0.058480,0.083527
20,7,train,65,0.151000,0.128081
20,7,train,66,0.240000,0.187551
20,7,train,67,0.020000,0.113630
20,7,train,68,0.260000,0.268367
20,7,train,69,0.232000,0.196847
20,7,train,70,0.114400,0.135195
20,7,train,71,0.242000,0.241511
20,7,train,72,0.040000,0.071896
20,7,train,73,0.150000,0.164285
20,7,train,74,0.264400,0.232001
20,7,train,75,0.062000,0.090454
20,7,train,76,0.240000,0.213395
20,7,train,77,0.035100,0.052087
20,7,train,78,0.050000,0.055852
20,7,train,79,0.110000,0.112757
20,7,train,80,0.120000,0.165251
20,7,train,81,0.320000,0.291569
20,7,train,82,0.094600,0.093456
20,7,train,83,0.100000,0.096008
20,7,train,84,0.160000,0.144148
20,7,train,85,0.270000,0.245129
20,7,train,86,0.380000,0.304828
20,7,train,87,0.270000,0.247422
20,7,train,88,0.170000,0.156924
20,7,train,89,0.111520,0.115826
20,7,train,90,0.050000,0.069991
20,7,train,91,0.020000,0.060848
20,7,train,92,0.040000,0.069948
20,7,train,93,0.260000,0.266639
20,7,train,94,0.250000,0.217841
20,7,train,95,0.403000,0.376968
20,7,train,96,0.151000,0.128081
20,7,train,97,0.290000,0.242888
20,7,train,98,0.240000,0.217536
20,7,train,99,0.035400,0.045632
20,7,train,100,0.090000,0.099200
20,7,train,101,0.174900,0.158436
20,7,train,102,0.220000,0.175897
20,7,train,103,0.045300,0.066450
20,7,train,104,0.020000,0.106368
20,7,train,105,0.284200,0.242510
20,7,train,106,0.050000,0.078178
20,7,train,107,0.010000,0.035494
20,7,train,108,0.070000,0.071650
20,7,train,109,0.043800,0.062598
20,7,train,110,0.144500,0.153723
20,7,train,111,0.310000,0.288569
20,7,train,112,0.020000,0.045146
20,7,train,113,0.174900,0.158436
20,7,train,114,0.020000,0.063784
20,7,train,115,0.010000,0.052439
20,7,train,116,0.210000,0.166734
20,7,train,117,0.540000,0.377486
20,7,train,118,0.010000,0.043939
20,7,train,119,0.023500,0.041289
20,7,train,120,0.010000,0.047905
20,7,train,121,0.144700,0.129846
20,7,train,122,0.370000,0.308805
20,7,train,123,0.093900,0.090736
20,7,train,124,0.133000,0.190308
20,7,train,125,0.185100,0.183405
20,7,train,126,0.200000,0.186565
20,7,train,127,0.360000,0.274898
20,7,train,128,0.030000,0.077541
20,7,train,129,0.052410,0.079813
20,8,test,0,0.018000,0.073060
20,8,test,1,-0.030000,0.083688
20,8,test,2,0.439000,0.288819
20,8,test,3,0.264400,0.177794
20,8,test,4,0.100000,0.103365
20,8,test,5,0.114400,0.157553
20,8,test,6,0.100000,0.111485
20,8,test,7,0.160000,0.137863
20,8,test,8,0.160000,0.142645
20,8,test,9,0.043800,0.076729
20,8,test,10,0.200000,0.189249
20,8,test,11,0.240000,0.187356
20,8,test,12,0.220000,0.101581
20,8,test,13,0.054300,0.139840
20,8,test,14,0.180000,0.075952
20,8,test,15,0.075400,0.069776
20,8,test,16,0.380000,0.168899
20,8,test,17,0.052410,0.130399
20,8,test,18,0.070000,0.082735
20,8,test,19,0.144700,0.130106
20,8,test,20,0.030000,0.083026
20,8,test,21,0.093900,0.089817
20,8,test,22,0.020000,0.066263
20,8,test,23,0.290000,0.168239
20,8,test,24,0.210000,0.202569
20,8,test,25,0.160000,0.187381
20,8,test,26,-0.390000,0.129677
20,8,test,27,0.150000,0.208537
20,8,test,28,0.030000,0.139944
20,8,test,29,0.110000,0.115850
20,8,test,30,0.240000,0.206957
20,8,test,31,0.010000,0.042928
20,8,test,32,0.820000,0.382783
20,8,train,0,0.094900,0.094607
20,8,train,1,0.150000,0.153933
20,8,train,2,0.020000,0.070513
20,8,train,3,0.018000,0.070863
20,8,train,4,0.224400,0.211992
20,8,train,5,0.010000,0.035000
20,8,train,6,0.290000,0.250431
20,8,train,7,0.232000,0.191204
20,8,train,8,0.090000,0.089817
20,8,train,9,0.137000,0.123833
20,8,train,10,0.020000,0.032190
20,8,train,11,0.284200,0.229887
20,8,train,12,0.350000,0.312326
20,8,train,13,0.030000,0.055693
20,8,train,14,0.094900,0.094607
20,8,train,15,0.174900,0.163443
20,8,train,16,0.360000,0.261835
20,8,train,17,0.090000,0.096494
20,8,train,18,0.242000,0.231335
20,8,train,19,0.050000,0.079959
20,8,train,20,0.240000,0.195938
20,8,train,21,0.273300,0.249920
20,8,train,22,0.115100,0.120965
20,8,train,23,0.111520,0.122139
20,8,train,24,0.040000,0.080478
20,8,train,25,-0.080000,0.015526
20,8,train,26,0.193500,0.183068
20,8,train,27,0.320000,0.297503
20,8,train,28,0.403000,0.313125
20,8,train,29,0.063300,0.064189
20,8,train,30,0.330000,0.269568
20,8,train,31,0.090000,0.086661
20,8,train,32,0.210000,0.169235
20,8,train,33,0.020000,0.108771
20,8,train,34,0.133000,0.194783
20,8,train,35,0.185100,0.175284
20,8,train,36,0.280000,0.259543
20,8,train,37,0.090000,0.082190
20,8,train,38,0.032000,0.061415
20,8,train,39,0.022000,0.050636
20,8,train,40,0.200000,0.154706
20,8,train,41,0.190000,0.186812
20,8,train,42,0.260000,0.268552
20,8,train,43,0.073410,0.094726
20,8,train,44,0.200000,0.190695
20,8,train,45,0.035100,0.049432
20,8,train,46,0.020000,0.040875
20,8,train,47,0.115100,0.120965
20,8,train,48,0.190000,0.147825
20,8,train,49,0.174900,0.163443
20,8,train,50,0.040000,0.062089
20,8,train,51,0.010000,0.028623
20,8,train,52,0.144500,0.148907
20,8,train,53,0.023500,0.034046
20,8,train,54,0.790000,0.672909
20,8,train,55,0.010000,0.041331
20,8,train,56,0.020000,0.091132
20,8,train,57,0.135000,0.157131
20,8,train,58,0.310000,0.286402
20,8,train,59,0.094700,0.121251
20,8,train,60,0.163300,0.142645
20,8,train,61,0.120000,0.163312
20,8,train,62,0.190000,0.168217
20,8,train,63,0.250000,0.232653
20,8,train,64,0.075400,0.069776
20,8,train,65,0.020000,0.046423
20,8,train,66,0.095300,0.091997
20,8,train,67,0.540000,0.358320
20,8,train,68,0.790000,0.662262
20,8,train,69,0.180000,0.163738
20,8,train,70,0.144700,0.130106
20,8,train,71,0.048480,0.075445
20,8,train,72,0.260000,0.237166
20,8,train,73,0.160000,0.119255
20,8,train,74,0.045300,0.057003
20,8,train,75,0.280000,0.244927
20,8,train,76,-0.350000,-0.135917
20,8,train,77,0.380000,0.312269
20,8,train,78,0.170000,0.155566
20,8,train,79,0.020000,0.046057
20,8,train,80,0.044200,0.056304
20,8,train,81,0.035400,0.040753
20,8,train,82,0.244400,0.215985
20,8,train,83,0.260000,0.245636
20,8,train,84,0.370000,0.300535
20,8,train,85,0.094600,0.092700
20,8,train,86,0.084600,0.087217
20,8,train,87,0.065340,0.081674
20,8,train,88,0.058480,0.075777
20,8,train,89,0.130000,0.130189
20,8,train,90,0.060000,0.064189
20,8,train,91,0.160000,0.154651
20,8,train,92,0.035100,0.049432
20,8,train,93,0.185100,0.175284
20,8,train,94,0.090000,0.099205
20,8,train,95,0.080000,0.087018
20,8,train,96,0.151000,0.141536
20,8,train,97,0.270000,0.250616
20,8,train,98,0.240000,0.212644
20,8,train,99,0.072000,0.113604
20,8,train,100,-0.110000,-0.033578
20,8,train,101,0.050000,0.070228
20,8,train,102,0.011000,0.082814
20,8,train,103,0.260000,0.257273
20,8,train,104,0.190000,0.179017
20,8,train,105,0.190000,0.151746
20,8,train,106,0.280000,0.194783
20,8,train,107,0.025000,0.046093
20,8,train,108,0.230000,0.232560
20,8,train,109,0.080000,0.087699
20,8,train,110,0.000000,0.037027
20,8,train,111,0.020000,0.034046
20,8,train,112,0.130000,0.130189
20,8,train,113,0.151000,0.141536
20,8,train,114,0.062000,0.085267
20,8,train,115,0.270000,0.249920
20,8,train,116,0.020000,0.037187
20,8,train,117,0.080000,0.072823
20,8,train,118,0.040000,0.073450
20,8,train,119,0.150000,0.179804
20,8,train,120,0.190000,0.183068
20,8,train,121,0.110000,0.115850
20,8,train,122,0.030000,0.091423
20,8,train,123,0.024200,0.049048
20,8,train,124,0.220000,0.202807
20,8,train,125,0.035400,0.040753
20,8,train,126,0.010000,0.030391
20,8,train,127,0.030000,0.040831
20,8,train,128,0.050000,0.079282
20,8,train,129,0.100000,0.111485
20,9,test,0,0.163300,0.147714
20,9,test,1,0.190000,0.169003
20,9,test,2,0.032000,0.118281
20,9,test,3,0.072000,0.132212
20,9,test,4,0.025000,0.053055
20,9,test,5,0.080000,0.060503
20,9,test,6,0.240000,0.261356
20,9,test,7,0.080000,0.169193
20,9,test,8,0.095300,0.069399
20,9,test,9,0.190000,0.200657
20,9,test,10,0.120000,0.262305
20,9,test,11,0.043800,0.072867
20,9,test,12,0.010000,0.050729
20,9,test,13,0.174900,0.155005
20,9,test,14,0.094900,0.098987
20,9,test,15,0.100000,0.110769
20,9,test,16,0.100000,0.110769
20,9,test,17,0.151000,0.131553
20,9,test,18,0.020000,0.183793
20,9,test,19,0.264400,0.207922
20,9,test,20,0.244400,0.204088
20,9,test,21,0.020000,0.073962
20,9,test,22,0.190000,0.193254
20,9,test,23,0.180000,0.076067
20,9,test,24,0.090000,0.155297
20,9,test,25,0.280000,0.147251
20,9,test,26,0.193500,0.154371
20,9,test,27,0.054300,0.134492
20,9,test,28,0.190000,0.154371
20,9,test,29,0.058480,0.110274
20,9,test,30,0.144700,0.138826
20,9,test,31,0.050000,0.211284
20,9,test,32,0.280000,0.213817
20,9,train,0,0.052410,0.079628
20,9,train,1,0.094600,0.098468
20,9,train,2,0.035400,0.048108
20,9,train,3,0.190000,0.228590
20,9,train,4,0.010000,0.020666
20,9,train,5,0.790000,0.747698
20,9,train,6,0.350000,0.313847
20,9,train,7,0.540000,0.405051
20,9,train,8,0.065340,0.106540
20,9,train,9,0.070000,0.064614
20,9,train,10,0.010000,0.040332
20,9,train,11,-0.030000,0.007972
20,9,train,12,0.035400,0.048108
20,9,train,13,0.093900,0.091058
20,9,train,14,0.115100,0.127546
20,9,train,15,0.050000,0.054319
20,9,train,16,0.030000,0.078881
20,9,train,17,0.111520,0.133158
20,9,train,18,0.044200,0.047446
20,9,train,19,0.040000,0.060623
20,9,train,20,0.084600,0.090519
20,9,train,21,0.020000,0.060161
20,9,train,22,0.115100,0.127546
20,9,train,23,0.380000,0.335359
20,9,train,24,0.100000,0.103294
20,9,train,25,0.290000,0.214271
20,9,train,26,0.045300,0.042155
20,9,train,27,0.320000,0.293500
20,9,train,28,0.290000,0.270566
20,9,train,29,0.035100,0.040114
20,9,train,30,0.310000,0.304168
20,9,train,31,0.185100,0.179464
20,9,train,32,0.380000,0.305685
20,9,train,33,0.130000,0.126342
20,9,train,34,0.011000,0.099976
20,9,train,35,0.020000,0.049651
20,9,train,36,0.022000,0.046196
20,9,train,37,0.110000,0.111936
20,9,train,38,0.075400,0.069319
20,9,train,39,0.020000,0.083054
20,9,train,40,0.260000,0.264636
20,9,train,41,0.020000,0.036480
20,9,train,42,0.090000,0.084995
20,9,train,43,0.094900,0.098987
20,9,train,44,0.232000,0.213185
20,9,train,45,0.150000,0.169944
20,9,train,46,0.242000,0.217539
20,9,train,47,0.260000,0.246966
20,9,train,48,0.150000,0.198814
20,9,train,49,0.048480,0.099398
20,9,train,50,0.075400,0.069319
20,9,train,51,0.135000,0.153738
20,9,train,52,0.010000,0.038233
20,9,train,53,0.200000,0.210456
20,9,train,54,0.174900,0.155005
20,9,train,55,0.080000,0.076691
20,9,train,56,0.210000,0.168758
20,9,train,57,0.110000,0.111936
20,9,train,58,0.020000,0.030778
20,9,train,59,0.030000,0.064812
20,9,train,60,0.151000,0.131553
20,9,train,61,0.024200,0.041112
20,9,train,62,0.790000,0.750485
20,9,train,63,0.050000,0.144683
20,9,train,64,0.023500,0.025897
20,9,train,65,0.273300,0.248698
20,9,train,66,0.018000,0.038181
20,9,train,67,0.270000,0.248698
20,9,train,68,0.130000,0.126342
20,9,train,69,0.160000,0.144958
20,9,train,70,0.224400,0.231563
20,9,train,71,-0.110000,-0.029141
20,9,train,72,0.230000,0.225863
20,9,train,73,0.094700,0.120875
20,9,train,74,0.090000,0.094357
20,9,train,75,0.260000,0.271003
20,9,train,76,0.144700,0.138826
20,9,train,77,0.040000,0.040302
20,9,train,78,0.360000,0.281846
20,9,train,79,0.030000,0.153145
20,9,train,80,0.284200,0.242972
20,9,train,81,0.240000,0.213222
20,9,train,82,0.170000,0.189492
20,9,train,83,0.370000,0.314936
20,9,train,84,0.439000,0.376808
20,9,train,85,0.030000,0.063097
20,9,train,86,0.114400,0.143811
20,9,train,87,0.133000,0.147251
20,9,train,88,0.073410,0.078386
20,9,train,89,0.280000,0.267797
20,9,train,90,0.200000,0.165961
20,9,train,91,0.030000,0.026024
20,9,train,92,0.820000,0.617334
20,9,train,93,0.190000,0.139313
20,9,train,94,0.062000,0.099603
20,9,train,95,0.040000,0.086866
20,9,train,96,0.403000,0.364113
20,9,train,97,0.160000,0.176212
20,9,train,98,0.018000,0.113212
20,9,train,99,0.220000,0.182960
20,9,train,100,0.180000,0.176610
20,9,train,101,0.090000,0.104817
20,9,train,102,0.060000,0.067293
20,9,train,103,0.330000,0.276702
20,9,train,104,0.220000,0.218414
20,9,train,105,0.210000,0.168328
20,9,train,106,0.160000,0.103535
20,9,train,107,0.020000,0.025490
20,9,train,108,-0.350000,-0.165390
20,9,train,109,0.144500,0.145752
20,9,train,110,0.240000,0.214571
20,9,train,111,0.240000,0.183371
20,9,train,112,0.000000,0.028473
20,9,train,113,0.090000,0.091058
20,9,train,114,0.200000,0.139563
20,9,train,115,0.250000,0.261898
20,9,train,116,0.160000,0.147714
20,9,train,117,0.160000,0.144432
20,9,train,118,0.035100,0.040114
20,9,train,119,-0.390000,-0.239120
20,9,train,120,0.063300,0.067293
20,9,train,121,0.020000,0.025897
20,9,train,122,0.137000,0.132802
20,9,train,123,-0.080000,0.009831
20,9,train,124,0.270000,0.260339
20,9,train,125,0.150000,0.165648
20,9,train,126,0.010000,0.059431
20,9,train,127,0.020000,0.030169
20,9,train,128,0.185100,0.179464
20,9,train,129,0.260000,0.233308
20,10,test,0,0.111520,0.141299
20,10,test,1,0.020000,0.045702
20,10,test,2,0.044200,0.074699
20,10,test,3,0.073410,0.090697
20,10,test,4,0.035100,0.068743
20,10,test,5,0.110000,0.114745
20,10,test,6,0.790000,0.464555
20,10,test,7,0.020000,0.091896
20,10,test,8,0.330000,0.166006
20,10,test,9,0.090000,0.075364
20,10,test,10,0.070000,0.105195
20,10,test,11,0.060000,0.078063
20,10,test,12,0.163300,0.147531
20,10,test,13,0.065340,0.133815
20,10,test,14,0.045300,0.089354
20,10,test,15,0.032000,0.120194
20,10,test,16,0.200000,0.189538
20,10,test,17,0.240000,0.178114
20,10,test,18,0.030000,0.138057
20,10,test,19,0.130000,0.133494
20,10,test,20,0.144500,0.158261
20,10,test,21,0.018000,0.159724
20,10,test,22,0.160000,0.124202
20,10,test,23,0.220000,0.154457
20,10,test,24,0.094600,0.094927
20,10,test,25,0.193500,0.173163
20,10,test,26,0.035400,0.064734
20,10,test,27,0.010000,0.081667
20,10,test,28,0.020000,0.037655
20,10,test,29,-0.390000,0.136209
20,10,test,30,0.820000,0.321176
20,10,test,31,-0.030000,0.098666
20,10,test,32,0.210000,0.090768
20,10,train,0,0.210000,0.206391
20,10,train,1,0.540000,0.387823
20,10,train,2,0.280000,0.250384
20,10,train,3,0.020000,0.040661
20,10,train,4,0.230000,0.226985
20,10,train,5,0.020000,0.058072
20,10,train,6,0.150000,0.178272
20,10,train,7,0.370000,0.300442
20,10,train,8,0.790000,0.530091
20,10,train,9,0.260000,0.260404
20,10,train,10,0.190000,0.173163
20,10,train,11,0.050000,0.071150
20,10,train,12,0.160000,0.166874
20,10,train,13,0.030000,0.055855
20,10,train,14,0.075400,0.075008
20,10,train,15,0.054300,0.089117
20,10,train,16,0.151000,0.136726
20,10,train,17,-0.110000,-0.046005
20,10,train,18,0.273300,0.247294
20,10,train,19,0.010000,0.034563
20,10,train,20,0.135000,0.164362
20,10,train,21,0.270000,0.247294
20,10,train,22,0.115100,0.122741
20,10,train,23,0.024200,0.055774
20,10,train,24,0.011000,0.079827
20,10,train,25,0.052410,0.086814
20,10,train,26,0.190000,0.182595
20,10,train,27,0.094900,0.095399
20,10,train,28,0.040000,0.067666
20,10,train,29,0.160000,0.114770
20,10,train,30,0.174900,0.160781
20,10,train,31,0.190000,0.176037
20,10,train,32,0.080000,0.090385
20,10,train,33,0.380000,0.307666
20,10,train,34,0.224400,0.198263
20,10,train,35,0.180000,0.145026
20,10,train,36,0.062000,0.091262
20,10,train,37,0.090000,0.112516
20,10,train,38,0.190000,0.196023
20,10,train,39,0.095300,0.091746
20,10,train,40,0.180000,0.175775
20,10,train,41,0.360000,0.294382
20,10,train,42,0.084600,0.087949
20,10,train,43,0.050000,0.063001
20,10,train,44,0.050000,0.082295
20,10,train,45,0.023500,0.040661
20,10,train,46,0.035100,0.068743
20,10,train,47,0.240000,0.188795
20,10,train,48,0.133000,0.201683
20,10,train,49,0.090000,0.094585
20,10,train,50,0.030000,0.091215
20,10,train,51,0.439000,0.392846
20,10,train,52,0.110000,0.114745
20,10,train,53,0.310000,0.291684
20,10,train,54,0.115100,0.122741
20,10,train,55,0.290000,0.248727
20,10,train,56,0.250000,0.240800
20,10,train,57,0.260000,0.242936
20,10,train,58,0.284200,0.237680
20,10,train,59,0.018000,0.036529
20,10,train,60,0.160000,0.158587
20,10,train,61,0.035400,0.064734
20,10,train,62,0.020000,0.086352
20,10,train,63,0.030000,0.048368
20,10,train,64,0.220000,0.187975
20,10,train,65,0.200000,0.181633
20,10,train,66,0.043800,0.063801
20,10,train,67,0.010000,0.048903
20,10,train,68,0.100000,0.107179
20,10,train,69,0.100000,0.107179
20,10,train,70,0.072000,0.117448
20,10,train,71,0.290000,0.242155
20,10,train,72,0.174900,0.160781
20,10,train,73,0.380000,0.313912
20,10,train,74,0.094700,0.124174
20,10,train,75,0.100000,0.109755
20,10,train,76,-0.350000,-0.129451
20,10,train,77,0.280000,0.262266
20,10,train,78,0.260000,0.258233
20,10,train,79,0.185100,0.176136
20,10,train,80,0.010000,0.055535
20,10,train,81,0.020000,0.044902
20,10,train,82,0.020000,0.038738
20,10,train,83,0.022000,0.041608
20,10,train,84,0.040000,0.094795
20,10,train,85,0.244400,0.214429
20,10,train,86,0.090000,0.084977
20,10,train,87,0.200000,0.198212
20,10,train,88,0.075400,0.075008
20,10,train,89,0.093900,0.094585
20,10,train,90,0.137000,0.138410
20,10,train,91,0.010000,0.036321
20,10,train,92,0.151000,0.136726
20,10,train,93,0.000000,0.045368
20,10,train,94,0.264400,0.231887
20,10,train,95,0.048480,0.072289
20,10,train,96,0.232000,0.202940
20,10,train,97,0.058480,0.079965
20,10,train,98,-0.080000,0.018298
20,10,train,99,0.144700,0.142093
20,10,train,100,0.114400,0.123250
20,10,train,101,0.130000,0.133494
20,10,train,102,0.185100,0.176136
20,10,train,103,0.260000,0.243147
20,10,train,104,0.080000,0.093176
20,10,train,105,0.144700,0.142093
20,10,train,106,0.025000,0.042326
20,10,train,107,0.150000,0.181410
20,10,train,108,0.242000,0.233290
20,10,train,109,0.160000,0.147531
20,10,train,110,0.120000,0.165981
20,10,train,111,0.080000,0.081886
20,10,train,112,0.094900,0.095399
20,10,train,113,0.190000,0.179729
20,10,train,114,0.240000,0.204728
20,10,train,115,0.320000,0.287222
20,10,train,116,0.190000,0.151231
20,10,train,117,0.150000,0.177666
20,10,train,118,0.063300,0.078063
20,10,train,119,0.020000,0.059152
20,10,train,120,0.020000,0.095156
20,10,train,121,0.350000,0.311155
20,10,train,122,0.403000,0.381473
20,10,train,123,0.040000,0.077907
20,10,train,124,0.240000,0.236100
20,10,train,125,0.030000,0.050047
20,10,train,126,0.170000,0.158080
20,10,train,127,0.090000,0.096962
20,10,train,128,0.270000,0.247367
20,10,train,129,0.280000,0.201683
25,1,test,0,0.043800,0.072351
25,1,test,1,0.044200,0.074263
25,1,test,2,0.075400,0.071175
25,1,test,3,0.115100,0.130076
25,1,test,4,0.020000,0.094462
25,1,test,5,0.090000,0.066029
25,1,test,6,-0.390000,0.135300
25,1,test,7,0.111520,0.122403
25,1,test,8,0.110000,0.112881
25,1,test,9,0.080000,0.107421
25,1,test,10,0.439000,0.262650
25,1,test,11,0.320000,0.247483
25,1,test,12,0.185100,0.163517
25,1,test,13,0.144500,0.137665
25,1,test,14,0.150000,0.238033
25,1,test,15,0.174900,0.149663
25,1,test,16,0.040000,0.117941
25,1,test,17,0.030000,0.125909
25,1,test,18,0.062000,0.111712
25,1,test,19,0.010000,0.062949
25,1,test,20,0.200000,0.196894
25,1,test,21,0.224400,0.181341
25,1,test,22,0.163300,0.137117
25,1,test,23,0.250000,0.222097
25,1,test,24,0.040000,0.101483
25,1,test,25,0.190000,0.133433
25,1,test,26,0.200000,0.111987
25,1,test,27,0.050000,0.121327
25,1,test,28,0.151000,0.116822
25,1,test,29,0.190000,0.083440
25,1,test,30,0.058480,0.140993
25,1,test,31,0.190000,0.195113
25,1,test,32,0.063300,0.068792
25,1,train,0,0.100000,0.101039
25,1,train,1,0.150000,0.174758
25,1,train,2,0.023500,0.034687
25,1,train,3,0.403000,0.281579
25,1,train,4,0.190000,0.154538
25,1,train,5,0.115100,0.130076
25,1,train,6,0.380000,0.313211
25,1,train,7,0.110000,0.112881
25,1,train,8,0.242000,0.220012
25,1,train,9,0.020000,0.034687
25,1,train,10,0.020000,0.101562
25,1,train,11,0.050000,0.078717
25,1,train,12,-0.110000,-0.048250
25,1,train,13,0.010000,0.030989
25,1,train,14,0.090000,0.091213
25,1,train,15,0.330000,0.289826
25,1,train,16,0.018000,0.074036
25,1,train,17,0.244400,0.209169
25,1,train,18,0.010000,0.035042
25,1,train,19,0.200000,0.192132
25,1,train,20,-0.350000,-0.140850
25,1,train,21,0.100000,0.094417
25,1,train,22,0.260000,0.232376
25,1,train,23,0.144700,0.137981
25,1,train,24,0.080000,0.077834
25,1,train,25,0.151000,0.116822
25,1,train,26,0.000000,0.025010
25,1,train,27,0.024200,0.056736
25,1,train,28,0.035400,0.038479
25,1,train,29,0.220000,0.159075
25,1,train,30,0.084600,0.085048
25,1,train,31,0.070000,0.059100
25,1,train,32,0.048480,0.123907
25,1,train,33,0.090000,0.108522
25,1,train,34,0.360000,0.271655
25,1,train,35,0.290000,0.254714
25,1,train,36,0.220000,0.199621
25,1,train,37,0.270000,0.239725
25,1,train,38,0.280000,0.244691
25,1,train,39,0.260000,0.242744
25,1,train,40,0.790000,0.719117
25,1,train,41,0.310000,0.298338
25,1,train,42,0.020000,0.066921
25,1,train,43,0.120000,0.172578
25,1,train,44,0.144700,0.137981
25,1,train,45,-0.080000,0.020851
25,1,train,46,0.020000,0.045908
25,1,train,47,0.094900,0.092723
25,1,train,48,0.035100,0.054748
25,1,train,49,0.094700,0.128004
25,1,train,50,0.160000,0.137117
25,1,train,51,0.040000,0.089727
25,1,train,52,0.180000,0.159926
25,1,train,53,0.230000,0.243801
25,1,train,54,0.010000,0.058977
25,1,train,55,0.090000,0.083154
25,1,train,56,0.020000,0.043429
25,1,train,57,0.284200,0.240645
25,1,train,58,0.135000,0.158370
25,1,train,59,0.820000,0.639533
25,1,train,60,0.045300,0.068410
25,1,train,61,0.035400,0.038479
25,1,train,62,0.240000,0.236928
25,1,train,63,0.020000,0.055686
25,1,train,64,0.264400,0.229906
25,1,train,65,0.093900,0.091213
25,1,train,66,0.030000,0.080281
25,1,train,67,0.280000,0.183189
25,1,train,68,0.018000,0.032804
25,1,train,69,0.080000,0.101482
25,1,train,70,0.280000,0.258092
25,1,train,71,0.050000,0.063365
25,1,train,72,0.174900,0.149663
25,1,train,73,0.130000,0.131211
25,1,train,74,0.190000,0.175174
25,1,train,75,0.790000,0.684015
25,1,train,76,0.170000,0.164539
25,1,train,77,0.090000,0.098071
25,1,train,78,0.075400,0.071175
25,1,train,79,0.273300,0.255496
25,1,train,80,0.030000,0.104232
25,1,train,81,0.185100,0.163517
25,1,train,82,0.160000,0.143390
25,1,train,83,0.054300,0.096189
25,1,train,84,0.094900,0.092723
25,1,train,85,0.193500,0.186728
25,1,train,86,0.030000,0.044439
25,1,train,87,0.073410,0.088597
25,1,train,88,0.022000,0.040719
25,1,train,89,0.210000,0.179532
25,1,train,90,0.010000,0.042560
25,1,train,91,0.210000,0.209983
25,1,train,92,0.094600,0.090423
25,1,train,93,-0.030000,0.008724
25,1,train,94,0.180000,0.138030
25,1,train,95,0.032000,0.057640
25,1,train,96,0.114400,0.141231
25,1,train,97,0.290000,0.251422
25,1,train,98,0.150000,0.173460
25,1,train,99,0.350000,0.312735
25,1,train,100,0.190000,0.186728
25,1,train,101,0.160000,0.148623
25,1,train,102,0.240000,0.206079
25,1,train,103,0.232000,0.198710
25,1,train,104,0.137000,0.128785
25,1,train,105,0.270000,0.255496
25,1,train,106,0.060000,0.068792
25,1,train,107,0.380000,0.297533
25,1,train,108,0.160000,0.135976
25,1,train,109,0.072000,0.115294
25,1,train,110,0.130000,0.131211
25,1,train,111,0.100000,0.101039
25,1,train,112,0.540000,0.391841
25,1,train,113,0.160000,0.145187
25,1,train,114,0.133000,0.183189
25,1,train,115,0.240000,0.199858
25,1,train,116,0.025000,0.043280
25,1,train,117,0.260000,0.261613
25,1,train,118,0.065340,0.077503
25,1,train,119,0.052410,0.080198
25,1,train,120,0.020000,0.034701
25,1,train,121,0.260000,0.278052
25,1,train,122,0.240000,0.200999
25,1,train,123,0.011000,0.084430
25,1,train,124,0.035100,0.054748
25,1,train,125,0.030000,0.069518
25,1,train,126,0.020000,0.046999
25,1,train,127,0.370000,0.326392
25,1,train,128,0.020000,0.115858
25,1,train,129,0.095300,0.097685
25,2,test,0,0.310000,0.288201
25,2,test,1,0.260000,0.287950
25,2,test,2,0.072000,0.123181
25,2,test,3,0.270000,0.251708
25,2,test,4,0.180000,0.077807
25,2,test,5,0.210000,0.102392
25,2,test,6,0.052410,0.174330
25,2,test,7,0.080000,0.056887
25,2,test,8,0.032000,0.131506
25,2,test,9,0.280000,0.194227
25,2,test,10,0.093900,0.066511
25,2,test,11,0.240000,0.237820
25,2,test,12,0.100000,0.114042
25,2,test,13,0.150000,0.246279
25,2,test,14,0.090000,0.066511
25,2,test,15,0.273300,0.205465
25,2,test,16,0.110000,0.113405
25,2,test,17,0.011000,0.230040
25,2,test,18,0.200000,0.113683
25,2,test,19,0.111520,0.201381
25,2,test,20,-0.080000,0.169378
25,2,test,21,0.073410,0.136533
25,2,test,22,0.043800,0.070792
25,2,test,23,0.010000,0.056533
25,2,test,24,-0.350000,0.238095
25,2,test,25,0.260000,0.289575
25,2,test,26,0.084600,0.095121
25,2,test,27,0.224400,0.207673
25,2,test,28,0.010000,0.063171
25,2,test,29,0.035100,0.070699
25,2,test,30,0.174900,0.143459
25,2,test,31,0.018000,0.155527
25,2,test,32,0.020000,0.268851
25,2,train,0,0.115100,0.122985
25,2,train,1,0.320000,0.299589
25,2,train,2,0.023500,0.030858
25,2,train,3,0.790000,0.743513
25,2,train,4,-0.110000,-0.007710
25,2,train,5,0.080000,0.074020
25,2,train,6,0.024200,0.047310
25,2,train,7,0.190000,0.190865
25,2,train,8,0.170000,0.189577
25,2,train,9,0.133000,0.199315
25,2,train,10,0.040000,0.066781
25,2,train,11,0.020000,0.043171
25,2,train,12,0.010000,0.036626
25,2,train,13,0.144700,0.141596
25,2,train,14,0.040000,0.072970
25,2,train,15,0.030000,0.054044
25,2,train,16,0.820000,0.649957
25,2,train,17,0.090000,0.080121
25,2,train,18,0.010000,0.033198
25,2,train,19,0.244400,0.222524
25,2,train,20,0.190000,0.155846
25,2,train,21,0.144700,0.141596
25,2,train,22,0.020000,0.059211
25,2,train,23,0.264400,0.237920
25,2,train,24,0.048480,0.100890
25,2,train,25,0.240000,0.240404
25,2,train,26,0.110000,0.113405
25,2,train,27,0.062000,0.109883
25,2,train,28,0.065340,0.087425
25,2,train,29,0.180000,0.178981
25,2,train,30,0.030000,0.048405
25,2,train,31,0.120000,0.169981
25,2,train,32,0.025000,0.038488
25,2,train,33,0.114400,0.130520
25,2,train,34,-0.390000,-0.179642
25,2,train,35,0.030000,0.052675
25,2,train,36,0.020000,0.030858
25,2,train,37,0.018000,0.035660
25,2,train,38,0.090000,0.079507
25,2,train,39,0.151000,0.141648
25,2,train,40,0.790000,0.736020
25,2,train,41,0.094600,0.098464
25,2,train,42,0.020000,0.041478
25,2,train,43,0.190000,0.143438
25,2,train,44,0.050000,0.062016
25,2,train,45,0.040000,0.087153
25,2,train,46,0.240000,0.170917
25,2,train,47,0.439000,0.384600
25,2,train,48,0.050000,0.084758
25,2,train,49,0.000000,0.040442
25,2,train,50,0.185100,0.179095
25,2,train,51,0.270000,0.205465
25,2,train,52,0.151000,0.141648
25,2,train,53,0.130000,0.136418
25,2,train,54,0.540000,0.380713
25,2,train,55,0.240000,0.242334
25,2,train,56,0.075400,0.073669
25,2,train,57,0.010000,0.031964
25,2,train,58,0.144500,0.155611
25,2,train,59,0.075400,0.073669
25,2,train,60,0.130000,0.136418
25,2,train,61,-0.030000,0.008146
25,2,train,62,0.280000,0.199315
25,2,train,63,0.190000,0.185628
25,2,train,64,0.284200,0.236361
25,2,train,65,0.063300,0.063880
25,2,train,66,0.020000,0.050997
25,2,train,67,0.094900,0.098720
25,2,train,68,0.260000,0.252377
25,2,train,69,0.054300,0.108700
25,2,train,70,0.135000,0.167643
25,2,train,71,0.160000,0.114062
25,2,train,72,0.100000,0.114042
25,2,train,73,0.035400,0.040202
25,2,train,74,0.160000,0.152664
25,2,train,75,0.260000,0.244419
25,2,train,76,0.150000,0.178107
25,2,train,77,0.232000,0.238135
25,2,train,78,0.020000,0.096652
25,2,train,79,0.020000,0.035637
25,2,train,80,0.100000,0.109470
25,2,train,81,0.200000,0.215350
25,2,train,82,0.290000,0.273776
25,2,train,83,0.050000,0.065989
25,2,train,84,0.020000,0.035842
25,2,train,85,0.030000,0.100615
25,2,train,86,0.160000,0.146263
25,2,train,87,0.350000,0.309975
25,2,train,88,0.020000,0.039864
25,2,train,89,0.163300,0.152664
25,2,train,90,0.210000,0.228980
25,2,train,91,0.035100,0.070699
25,2,train,92,0.190000,0.214794
25,2,train,93,0.115100,0.122985
25,2,train,94,0.022000,0.041312
25,2,train,95,0.160000,0.157800
25,2,train,96,0.160000,0.176941
25,2,train,97,0.185100,0.179095
25,2,train,98,0.360000,0.270268
25,2,train,99,0.290000,0.266143
25,2,train,100,0.090000,0.110256
25,2,train,101,0.094700,0.143214
25,2,train,102,0.094900,0.098720
25,2,train,103,0.070000,0.063632
25,2,train,104,0.030000,0.087283
25,2,train,105,0.380000,0.311581
25,2,train,106,0.330000,0.295516
25,2,train,107,0.242000,0.252881
25,2,train,108,0.045300,0.047862
25,2,train,109,0.200000,0.216324
25,2,train,110,0.190000,0.174994
25,2,train,111,0.080000,0.080446
25,2,train,112,0.220000,0.168646
25,2,train,113,0.230000,0.255683
25,2,train,114,0.095300,0.085493
25,2,train,115,0.280000,0.268600
25,2,train,116,0.250000,0.248654
25,2,train,117,0.150000,0.157219
25,2,train,118,0.058480,0.074147
25,2,train,119,0.060000,0.063880
25,2,train,120,0.044200,0.048907
25,2,train,121,0.403000,0.374618
25,2,train,122,0.035400,0.040202
25,2,train,123,0.380000,0.322679
25,2,train,124,0.220000,0.207730
25,2,train,125,0.174900,0.143459
25,2,train,126,0.193500,0.185628
25,2,train,127,0.137000,0.125438
25,2,train,128,0.370000,0.294677
25,2,train,129,0.090000,0.088586
25,3,test,0,-0.030000,0.081196
25,3,test,1,0.150000,0.128080
25,3,test,2,0.310000,0.244687
25,3,test,3,0.180000,0.068310
25,3,test,4,0.044200,0.076036
25,3,test,5,0.062000,0.108929
25,3,test,6,0.094900,0.096702
25,3,test,7,0.030000,0.105883
25,3,test,8,0.230000,0.217403
25,3,test,9,0.063300,0.081753
25,3,test,10,0.090000,0.100110
25,3,test,11,0.020000,0.036271
25,3,test,12,0.273300,0.196783
25,3,test,13,0.040000,0.113894
25,3,test,14,0.052410,0.140366
25,3,test,15,0.023500,0.051241
25,3,test,16,0.058480,0.124400
25,3,test,17,0.439000,0.270825
25,3,test,18,0.232000,0.164785
25,3,test,19,0.790000,0.556262
25,3,test,20,0.120000,0.239213
25,3,test,21,-0.390000,0.153997
25,3,test,22,0.050000,0.081389
25,3,test,23,0.540000,0.113791
25,3,test,24,0.185100,0.158191
25,3,test,25,0.190000,0.124255
25,3,test,26,0.360000,0.138321
25,3,test,27,0.200000,0.082514
25,3,test,28,0.190000,0.182754
25,3,test,29,0.032000,0.128814
25,3,test,30,0.020000,0.227761
25,3,test,31,0.220000,0.082900
25,3,test,32,-0.080000,0.122627
25,3,train,0,0.090000,0.086857
25,3,train,1,0.080000,0.087438
25,3,train,2,0.073410,0.087309
25,3,train,3,0.045300,0.062653
25,3,train,4,0.011000,0.086154
25,3,train,5,0.350000,0.288504
25,3,train,6,0.264400,0.215589
25,3,train,7,0.290000,0.250269
25,3,train,8,0.030000,0.056414
25,3,train,9,0.130000,0.123180
25,3,train,10,0.370000,0.304966
25,3,train,11,0.010000,0.037511
25,3,train,12,0.193500,0.184962
25,3,train,13,0.130000,0.123180
25,3,train,14,0.137000,0.117561
25,3,train,15,0.100000,0.102542
25,3,train,16,0.020000,0.055497
25,3,train,17,0.330000,0.267392
25,3,train,18,0.093900,0.086857
25,3,train,19,0.174900,0.159092
25,3,train,20,0.200000,0.207146
25,3,train,21,0.075400,0.073579
25,3,train,22,0.094900,0.096702
25,3,train,23,0.030000,0.048786
25,3,train,24,0.084600,0.090421
25,3,train,25,0.111520,0.112391
25,3,train,26,0.030000,0.110932
25,3,train,27,0.160000,0.148419
25,3,train,28,0.144700,0.132416
25,3,train,29,0.284200,0.228320
25,3,train,30,0.160000,0.145452
25,3,train,31,0.090000,0.105658
25,3,train,32,0.144500,0.141569
25,3,train,33,0.030000,0.081350
25,3,train,34,0.100000,0.102707
25,3,train,35,0.020000,0.062174
25,3,train,36,0.090000,0.081006
25,3,train,37,0.240000,0.215617
25,3,train,38,0.022000,0.047631
25,3,train,39,0.144700,0.132416
25,3,train,40,0.280000,0.177328
25,3,train,41,0.035400,0.046074
25,3,train,42,0.260000,0.263615
25,3,train,43,0.224400,0.209696
25,3,train,44,0.163300,0.145465
25,3,train,45,0.260000,0.234858
25,3,train,46,0.403000,0.303422
25,3,train,47,0.020000,0.060381
25,3,train,48,0.040000,0.082301
25,3,train,49,0.020000,0.051241
25,3,train,50,0.072000,0.087750
25,3,train,51,0.043800,0.057083
25,3,train,52,0.048480,0.107753
25,3,train,53,0.270000,0.250516
25,3,train,54,0.025000,0.047471
25,3,train,55,0.160000,0.148624
25,3,train,56,0.020000,0.105916
25,3,train,57,0.270000,0.196783
25,3,train,58,0.024200,0.061222
25,3,train,59,0.114400,0.128116
25,3,train,60,0.050000,0.086398
25,3,train,61,0.080000,0.078765
25,3,train,62,0.035400,0.046074
25,3,train,63,0.100000,0.102707
25,3,train,64,0.020000,0.052072
25,3,train,65,0.174900,0.159092
25,3,train,66,0.250000,0.245474
25,3,train,67,0.200000,0.201477
25,3,train,68,0.135000,0.164390
25,3,train,69,0.185100,0.158191
25,3,train,70,0.190000,0.141174
25,3,train,71,0.035100,0.061690
25,3,train,72,0.018000,0.074213
25,3,train,73,0.320000,0.288910
25,3,train,74,0.040000,0.114263
25,3,train,75,0.110000,0.112845
25,3,train,76,0.240000,0.216573
25,3,train,77,0.010000,0.052431
25,3,train,78,0.094700,0.137334
25,3,train,79,0.290000,0.256041
25,3,train,80,0.260000,0.266150
25,3,train,81,0.150000,0.183125
25,3,train,82,0.010000,0.044689
25,3,train,83,0.820000,0.608104
25,3,train,84,0.060000,0.081753
25,3,train,85,0.260000,0.251403
25,3,train,86,0.000000,0.046981
25,3,train,87,0.050000,0.073577
25,3,train,88,0.170000,0.131092
25,3,train,89,0.160000,0.101365
25,3,train,90,0.190000,0.160594
25,3,train,91,0.180000,0.171970
25,3,train,92,0.244400,0.209743
25,3,train,93,0.280000,0.261541
25,3,train,94,0.115100,0.123366
25,3,train,95,0.210000,0.164943
25,3,train,96,0.210000,0.207539
25,3,train,97,0.075400,0.073579
25,3,train,98,0.065340,0.067182
25,3,train,99,0.095300,0.093296
25,3,train,100,0.035100,0.061690
25,3,train,101,0.240000,0.240217
25,3,train,102,0.242000,0.225505
25,3,train,103,0.380000,0.313037
25,3,train,104,0.160000,0.145465
25,3,train,105,0.020000,0.052235
25,3,train,106,0.110000,0.112845
25,3,train,107,0.010000,0.046789
25,3,train,108,0.220000,0.212423
25,3,train,109,0.070000,0.077919
25,3,train,110,0.115100,0.123366
25,3,train,111,0.240000,0.184052
25,3,train,112,0.190000,0.184962
25,3,train,113,0.280000,0.235910
25,3,train,114,-0.110000,-0.006503
25,3,train,115,0.151000,0.129358
25,3,train,116,0.054300,0.095328
25,3,train,117,0.133000,0.177328
25,3,train,118,0.151000,0.129358
25,3,train,119,0.150000,0.179768
25,3,train,120,-0.350000,-0.136343
25,3,train,121,0.380000,0.297672
25,3,train,122,0.010000,0.040688
25,3,train,123,0.080000,0.085413
25,3,train,124,0.018000,0.042444
25,3,train,125,0.094600,0.094185
25,3,train,126,0.020000,0.064227
25,3,train,127,0.790000,0.647809
25,3,train,128,0.190000,0.175687
25,3,train,129,0.090000,0.079105
25,4,test,0,0.439000,0.210654
25,4,test,1,0.073410,0.146521
25,4,test,2,0.080000,0.088958
25,4,test,3,0.151000,0.093010
25,4,test,4,0.000000,0.133629
25,4,test,5,0.044200,0.081249
25,4,test,6,0.090000,0.086655
25,4,test,7,0.244400,0.169093
25,4,test,8,0.290000,0.197153
25,4,test,9,0.052410,0.177151
25,4,test,10,0.010000,0.099201
25,4,test,11,0.170000,0.175323
25,4,test,12,0.040000,0.171115
25,4,test,13,0.060000,0.086490
25,4,test,14,0.260000,0.253869
25,4,test,15,0.084600,0.111013
25,4,test,16,0.054300,0.164119
25,4,test,17,0.224400,0.193477
25,4,test,18,-0.080000,0.150427
25,4,test,19,0.062000,0.135325
25,4,test,20,0.284200,0.150660
25,4,test,21,0.200000,0.099865
25,4,test,22,0.160000,0.115444
25,4,test,23,0.144500,0.145650
25,4,test,24,0.090000,0.077223
25,4,test,25,0.010000,0.099139
25,4,test,26,0.185100,0.160935
25,4,test,27,0.790000,0.622416
25,4,test,28,0.310000,0.233253
25,4,test,29,0.010000,0.069251
25,4,test,30,0.280000,0.178058
25,4,test,31,0.380000,0.182167
25,4,test,32,0.273300,0.147257
25,4,train,0,0.025000,0.055367
25,4,train,1,0.050000,0.070753
25,4,train,2,0.050000,0.092634
25,4,train,3,0.185100,0.160935
25,4,train,4,0.190000,0.135664
25,4,train,5,0.065340,0.084982
25,4,train,6,0.040000,0.103436
25,4,train,7,0.144700,0.137007
25,4,train,8,0.130000,0.120702
25,4,train,9,0.240000,0.197694
25,4,train,10,0.250000,0.222747
25,4,train,11,0.111520,0.130061
25,4,train,12,0.100000,0.105360
25,4,train,13,0.023500,0.061765
25,4,train,14,0.094700,0.172711
25,4,train,15,0.242000,0.219031
25,4,train,16,0.030000,0.092509
25,4,train,17,0.200000,0.152940
25,4,train,18,0.360000,0.186951
25,4,train,19,0.270000,0.147257
25,4,train,20,0.150000,0.165779
25,4,train,21,0.380000,0.243072
25,4,train,22,0.270000,0.227963
25,4,train,23,0.040000,0.096157
25,4,train,24,0.080000,0.101435
25,4,train,25,0.020000,0.113136
25,4,train,26,0.011000,0.167626
25,4,train,27,0.080000,0.118457
25,4,train,28,0.090000,0.085884
25,4,train,29,0.070000,0.064564
25,4,train,30,0.193500,0.166038
25,4,train,31,0.190000,0.166038
25,4,train,32,0.264400,0.187083
25,4,train,33,0.150000,0.161098
25,4,train,34,0.280000,0.230464
25,4,train,35,0.018000,0.101747
25,4,train,36,0.022000,0.065094
25,4,train,37,0.035400,0.057574
25,4,train,38,0.032000,0.101837
25,4,train,39,0.240000,0.215418
25,4,train,40,0.163300,0.134112
25,4,train,41,0.094900,0.111258
25,4,train,42,0.030000,0.093710
25,4,train,43,0.110000,0.110072
25,4,train,44,0.030000,0.071300
25,4,train,45,0.540000,0.230981
25,4,train,46,0.230000,0.248022
25,4,train,47,0.280000,0.159636
25,4,train,48,0.115100,0.154120
25,4,train,49,0.210000,0.141040
25,4,train,50,0.063300,0.086490
25,4,train,51,0.058480,0.081805
25,4,train,52,0.320000,0.253293
25,4,train,53,0.020000,0.092716
25,4,train,54,0.115100,0.154120
25,4,train,55,0.220000,0.114151
25,4,train,56,0.020000,0.179123
25,4,train,57,0.190000,0.167485
25,4,train,58,0.100000,0.105360
25,4,train,59,0.370000,0.212275
25,4,train,60,0.095300,0.091010
25,4,train,61,0.350000,0.232664
25,4,train,62,0.190000,0.165783
25,4,train,63,0.020000,0.062634
25,4,train,64,0.035100,0.076812
25,4,train,65,0.048480,0.095465
25,4,train,66,0.035100,0.076812
25,4,train,67,0.072000,0.125786
25,4,train,68,0.110000,0.110072
25,4,train,69,0.190000,0.146694
25,4,train,70,0.190000,0.154009
25,4,train,71,0.075400,0.066860
25,4,train,72,0.240000,0.222752
25,4,train,73,0.260000,0.213134
25,4,train,74,0.090000,0.083461
25,4,train,75,0.090000,0.107873
25,4,train,76,-0.030000,0.052249
25,4,train,77,0.133000,0.159636
25,4,train,78,-0.350000,-0.089001
25,4,train,79,0.174900,0.130980
25,4,train,80,0.290000,0.197836
25,4,train,81,0.160000,0.134112
25,4,train,82,0.030000,0.097916
25,4,train,83,0.137000,0.115972
25,4,train,84,0.180000,0.146257
25,4,train,85,0.820000,0.579769
25,4,train,86,0.093900,0.086655
25,4,train,87,0.094900,0.111258
25,4,train,88,0.024200,0.081050
25,4,train,89,0.020000,0.061765
25,4,train,90,0.020000,0.154941
25,4,train,91,0.144700,0.137007
25,4,train,92,0.151000,0.093010
25,4,train,93,0.050000,0.124811
25,4,train,94,0.100000,0.111454
25,4,train,95,0.403000,0.218677
25,4,train,96,0.035400,0.057574
25,4,train,97,0.130000,0.120702
25,4,train,98,0.150000,0.218332
25,4,train,99,0.260000,0.230014
25,4,train,100,0.180000,0.115705
25,4,train,101,0.018000,0.058630
25,4,train,102,0.135000,0.167887
25,4,train,103,0.160000,0.083557
25,4,train,104,-0.110000,0.046741
25,4,train,105,0.210000,0.202774
25,4,train,106,0.010000,0.057460
25,4,train,107,0.114400,0.135213
25,4,train,108,-0.390000,-0.198180
25,4,train,109,0.010000,0.066222
25,4,train,110,0.094600,0.111060
25,4,train,111,0.020000,0.108218
25,4,train,112,0.790000,0.680234
25,4,train,113,0.160000,0.180009
25,4,train,114,0.260000,0.227646
25,4,train,115,0.045300,0.065435
25,4,train,116,0.043800,0.060523
25,4,train,117,0.020000,0.062196
25,4,train,118,0.232000,0.203407
25,4,train,119,0.020000,0.068391
25,4,train,120,0.075400,0.066860
25,4,train,121,0.030000,0.125027
25,4,train,122,0.200000,0.211320
25,4,train,123,0.330000,0.219883
25,4,train,124,0.020000,0.065593
25,4,train,125,0.160000,0.160300
25,4,train,126,0.174900,0.130980
25,4,train,127,0.220000,0.207606
25,4,train,128,0.240000,0.148478
25,4,train,129,0.120000,0.223897
25,5,test,0,0.054300,0.150237
25,5,test,1,0.240000,0.243528
25,5,test,2,0.040000,0.187132
25,5,test,3,0.790000,0.655042
25,5,test,4,0.100000,0.102842
25,5,test,5,0.010000,0.093658
25,5,test,6,0.094600,0.097546
25,5,test,7,-0.350000,0.223948
25,5,test,8,0.240000,0.199260
25,5,test,9,0.093900,0.087116
25,5,test,10,0.185100,0.162927
25,5,test,11,0.190000,0.162889
25,5,test,12,0.024200,0.099144
25,5,test,13,0.032000,0.124792
25,5,test,14,0.280000,0.204889
25,5,test,15,-0.030000,0.091199
25,5,test,16,0.030000,0.099692
25,5,test,17,0.160000,0.068318
25,5,test,18,0.260000,0.196646
25,5,test,19,0.063300,0.077760
25,5,test,20,0.190000,0.100600
25,5,test,21,0.160000,0.110338
25,5,test,22,0.163300,0.127884
25,5,test,23,0.023500,0.090167
25,5,test,24,0.094700,0.206084
25,5,test,25,0.174900,0.099663
25,5,test,26,0.090000,0.087116
25,5,test,27,0.035100,0.089842
25,5,test,28,0.052410,0.143621
25,5,test,29,0.200000,0.185846
25,5,test,30,0.010000,0.090019
25,5,test,31,0.220000,0.197798
25,5,test,32,0.190000,0.172902
25,5,train,0,0.160000,0.158143
25,5,train,1,0.790000,0.705542
25,5,train,2,0.075400,0.071649
25,5,train,3,0.050000,0.068986
25,5,train,4,0.110000,0.100362
25,5,train,5,0.310000,0.292311
25,5,train,6,0.040000,0.100512
25,5,train,7,0.090000,0.081346
25,5,train,8,0.174900,0.099663
25,5,train,9,0.020000,0.077152
25,5,train,10,0.144700,0.121828
25,5,train,11,-0.110000,0.014552
25,5,train,12,0.133000,0.137993
25,5,train,13,0.048480,0.114793
25,5,train,14,0.010000,0.064356
25,5,train,15,0.220000,0.130361
25,5,train,16,0.250000,0.229575
25,5,train,17,0.190000,0.166767
25,5,train,18,0.270000,0.182339
25,5,train,19,0.193500,0.167865
25,5,train,20,0.232000,0.214955
25,5,train,21,0.260000,0.229745
25,5,train,22,0.370000,0.287769
25,5,train,23,0.100000,0.106506
25,5,train,24,0.260000,0.255983
25,5,train,25,0.060000,0.077760
25,5,train,26,0.151000,0.102292
25,5,train,27,0.020000,0.067023
25,5,train,28,0.244400,0.212111
25,5,train,29,0.094900,0.095830
25,5,train,30,0.025000,0.064507
25,5,train,31,0.018000,0.071509
25,5,train,32,0.210000,0.214547
25,5,train,33,0.065340,0.093976
25,5,train,34,0.111520,0.128460
25,5,train,35,0.150000,0.188044
25,5,train,36,0.190000,0.167865
25,5,train,37,0.070000,0.079917
25,5,train,38,0.160000,0.182961
25,5,train,39,0.137000,0.109800
25,5,train,40,0.210000,0.120238
25,5,train,41,0.095300,0.085752
25,5,train,42,0.100000,0.102842
25,5,train,43,0.403000,0.358215
25,5,train,44,0.170000,0.127670
25,5,train,45,0.260000,0.266376
25,5,train,46,0.020000,0.149103
25,5,train,47,0.020000,0.066803
25,5,train,48,0.035400,0.074014
25,5,train,49,0.022000,0.069243
25,5,train,50,0.151000,0.102292
25,5,train,51,0.150000,0.164853
25,5,train,52,0.094900,0.095830
25,5,train,53,0.135000,0.183020
25,5,train,54,0.130000,0.114603
25,5,train,55,0.080000,0.078046
25,5,train,56,0.073410,0.100290
25,5,train,57,0.020000,0.090167
25,5,train,58,0.084600,0.096688
25,5,train,59,0.284200,0.214526
25,5,train,60,0.240000,0.211642
25,5,train,61,0.230000,0.248225
25,5,train,62,0.044200,0.079312
25,5,train,63,0.072000,0.102211
25,5,train,64,0.280000,0.137993
25,5,train,65,0.010000,0.056361
25,5,train,66,0.115100,0.142645
25,5,train,67,0.080000,0.081087
25,5,train,68,0.075400,0.071649
25,5,train,69,0.190000,0.100514
25,5,train,70,0.120000,0.178800
25,5,train,71,0.110000,0.100362
25,5,train,72,0.144700,0.121828
25,5,train,73,0.242000,0.249878
25,5,train,74,0.224400,0.204906
25,5,train,75,0.030000,0.083157
25,5,train,76,0.115100,0.142645
25,5,train,77,0.035100,0.089842
25,5,train,78,0.180000,0.109797
25,5,train,79,0.020000,0.086684
25,5,train,80,0.380000,0.288915
25,5,train,81,0.030000,0.099063
25,5,train,82,0.080000,0.075924
25,5,train,83,0.090000,0.074982
25,5,train,84,0.160000,0.127884
25,5,train,85,0.150000,0.188491
25,5,train,86,0.030000,0.128227
25,5,train,87,0.040000,0.081912
25,5,train,88,0.320000,0.277313
25,5,train,89,0.439000,0.357696
25,5,train,90,-0.390000,-0.192626
25,5,train,91,0.180000,0.146145
25,5,train,92,0.000000,0.075401
25,5,train,93,0.144500,0.149734
25,5,train,94,0.035400,0.074014
25,5,train,95,0.020000,0.078173
25,5,train,96,0.045300,0.076257
25,5,train,97,0.540000,0.339488
25,5,train,98,0.280000,0.235180
25,5,train,99,0.058480,0.099293
25,5,train,100,0.360000,0.236723
25,5,train,101,0.050000,0.070276
25,5,train,102,0.010000,0.089295
25,5,train,103,0.820000,0.616498
25,5,train,104,0.020000,0.081807
25,5,train,105,0.330000,0.260737
25,5,train,106,0.200000,0.129236
25,5,train,107,0.200000,0.216872
25,5,train,108,0.240000,0.149188
25,5,train,109,0.273300,0.182339
25,5,train,110,0.090000,0.067074
25,5,train,111,0.020000,0.062455
25,5,train,112,0.290000,0.247091
25,5,train,113,0.270000,0.235108
25,5,train,114,0.130000,0.114603
25,5,train,115,0.114400,0.130627
25,5,train,116,-0.080000,0.040080
25,5,train,117,0.043800,0.067048
25,5,train,118,0.264400,0.216213
25,5,train,119,0.185100,0.162927
25,5,train,120,0.030000,0.075522
25,5,train,121,0.062000,0.105688
25,5,train,122,0.380000,0.314245
25,5,train,123,0.050000,0.091255
25,5,train,124,0.090000,0.110168
25,5,train,125,0.350000,0.304306
25,5,train,126,0.020000,0.134748
25,5,train,127,0.011000,0.106008
25,5,train,128,0.290000,0.247837
25,5,train,129,0.018000,0.098999
25,6,test,0,0.190000,0.138105
25,6,test,1,0.310000,0.239964
25,6,test,2,0.220000,0.098931
25,6,test,3,0.095300,0.093898
25,6,test,4,0.280000,0.186206
25,6,test,5,0.100000,0.103209
25,6,test,6,0.020000,0.083155
25,6,test,7,0.190000,0.185240
25,6,test,8,0.290000,0.169695
25,6,test,9,0.144700,0.123404
25,6,test,10,0.790000,0.567356
25,6,test,11,0.020000,0.143643
25,6,test,12,0.020000,0.040121
25,6,test,13,0.160000,0.168366
25,6,test,14,0.114400,0.146670
25,6,test,15,0.174900,0.116902
25,6,test,16,0.260000,0.203965
25,6,test,17,0.210000,0.195103
25,6,test,18,0.045300,0.089386
25,6,test,19,0.084600,0.092310
25,6,test,20,0.150000,0.220601
25,6,test,21,0.040000,0.188233
25,6,test,22,0.151000,0.092032
25,6,test,23,0.280000,0.219036
25,6,test,24,0.151000,0.092032
25,6,test,25,0.035400,0.088209
25,6,test,26,0.144500,0.144666
25,6,test,27,0.030000,0.086976
25,6,test,28,0.160000,0.116274
25,6,test,29,-0.390000,0.125776
25,6,test,30,0.035100,0.080818
25,6,test,31,0.200000,0.107082
25,6,test,32,0.035400,0.088209
25,6,train,0,0.133000,0.148496
25,6,train,1,0.190000,0.149548
25,6,train,2,0.200000,0.208427
25,6,train,3,0.093900,0.096098
25,6,train,4,0.030000,0.073334
25,6,train,5,0.135000,0.170670
25,6,train,6,0.000000,0.073012
25,6,train,7,0.110000,0.110471
25,6,train,8,0.100000,0.103209
25,6,train,9,0.190000,0.128037
25,6,train,10,0.163300,0.122807
25,6,train,11,0.080000,0.085940
25,6,train,12,0.094900,0.093718
25,6,train,13,0.025000,0.067492
25,6,train,14,0.260000,0.245600
25,6,train,15,0.370000,0.264383
25,6,train,16,0.018000,0.067127
25,6,train,17,0.150000,0.174178
25,6,train,18,0.264400,0.213397
25,6,train,19,0.100000,0.106668
25,6,train,20,0.240000,0.192844
25,6,train,21,0.185100,0.155935
25,6,train,22,0.230000,0.235819
25,6,train,23,0.043800,0.072000
25,6,train,24,0.020000,0.061704
25,6,train,25,0.160000,0.088119
25,6,train,26,0.170000,0.148705
25,6,train,27,0.270000,0.194263
25,6,train,28,0.094700,0.138854
25,6,train,29,0.020000,0.073313
25,6,train,30,0.090000,0.096098
25,6,train,31,0.120000,0.180293
25,6,train,32,0.284200,0.201474
25,6,train,33,0.240000,0.159720
25,6,train,34,0.020000,0.139850
25,6,train,35,0.065340,0.087489
25,6,train,36,0.330000,0.248941
25,6,train,37,0.190000,0.168643
25,6,train,38,0.020000,0.067362
25,6,train,39,0.220000,0.206280
25,6,train,40,0.130000,0.117071
25,6,train,41,0.180000,0.113953
25,6,train,42,0.050000,0.089066
25,6,train,43,0.080000,0.089645
25,6,train,44,0.224400,0.206620
25,6,train,45,0.018000,0.082189
25,6,train,46,0.320000,0.272355
25,6,train,47,0.075400,0.077993
25,6,train,48,0.090000,0.105427
25,6,train,49,0.010000,0.039945
25,6,train,50,0.072000,0.110387
25,6,train,51,0.200000,0.191201
25,6,train,52,-0.080000,0.052803
25,6,train,53,0.020000,0.146743
25,6,train,54,0.190000,0.165008
25,6,train,55,0.011000,0.109054
25,6,train,56,0.080000,0.091755
25,6,train,57,0.040000,0.076536
25,6,train,58,0.280000,0.148496
25,6,train,59,0.150000,0.188521
25,6,train,60,0.240000,0.203556
25,6,train,61,0.094600,0.092059
25,6,train,62,0.044200,0.075915
25,6,train,63,0.022000,0.064772
25,6,train,64,0.062000,0.100557
25,6,train,65,0.260000,0.254276
25,6,train,66,0.380000,0.276858
25,6,train,67,0.094900,0.093718
25,6,train,68,0.242000,0.215065
25,6,train,69,0.010000,0.077077
25,6,train,70,0.180000,0.140885
25,6,train,71,0.048480,0.103647
25,6,train,72,0.380000,0.285947
25,6,train,73,0.290000,0.221291
25,6,train,74,0.023500,0.083155
25,6,train,75,0.024200,0.079873
25,6,train,76,0.073410,0.089203
25,6,train,77,0.050000,0.070660
25,6,train,78,0.273300,0.194263
25,6,train,79,0.137000,0.114281
25,6,train,80,0.111520,0.115802
25,6,train,81,0.075400,0.077993
25,6,train,82,0.032000,0.089526
25,6,train,83,0.090000,0.082103
25,6,train,84,0.020000,0.050427
25,6,train,85,0.030000,0.097564
25,6,train,86,0.020000,0.079518
25,6,train,87,0.010000,0.048527
25,6,train,88,0.115100,0.133401
25,6,train,89,0.403000,0.342947
25,6,train,90,-0.030000,0.049994
25,6,train,91,0.070000,0.079950
25,6,train,92,0.063300,0.082630
25,6,train,93,-0.350000,-0.125529
25,6,train,94,0.115100,0.133401
25,6,train,95,0.360000,0.245673
25,6,train,96,0.160000,0.142356
25,6,train,97,0.232000,0.190404
25,6,train,98,0.193500,0.168643
25,6,train,99,0.244400,0.203354
25,6,train,100,0.250000,0.213289
25,6,train,101,0.110000,0.110471
25,6,train,102,0.060000,0.082630
25,6,train,103,-0.110000,0.018862
25,6,train,104,0.210000,0.150768
25,6,train,105,0.439000,0.354725
25,6,train,106,0.040000,0.091914
25,6,train,107,0.820000,0.617684
25,6,train,108,0.260000,0.223533
25,6,train,109,0.130000,0.117071
25,6,train,110,0.090000,0.101758
25,6,train,111,0.270000,0.226910
25,6,train,112,0.030000,0.057176
25,6,train,113,0.058480,0.100718
25,6,train,114,0.790000,0.628739
25,6,train,115,0.350000,0.277661
25,6,train,116,0.540000,0.306937
25,6,train,117,0.010000,0.074292
25,6,train,118,0.054300,0.107037
25,6,train,119,0.144700,0.123404
25,6,train,120,0.174900,0.116902
25,6,train,121,0.240000,0.213514
25,6,train,122,0.052410,0.089629
25,6,train,123,0.160000,0.122807
25,6,train,124,0.185100,0.155935
25,6,train,125,0.050000,0.070063
25,6,train,126,0.035100,0.080818
25,6,train,127,0.030000,0.111492
25,6,train,128,0.090000,0.082775
25,6,train,129,0.010000,0.047549
25,7,test,0,0.144700,0.133501
25,7,test,1,0.130000,0.126459
25,7,test,2,0.095300,0.083584
25,7,test,3,0.030000,0.183886
25,7,test,4,0.290000,0.160940
25,7,test,5,0.075400,0.073880
25,7,test,6,0.150000,0.233090
25,7,test,7,0.020000,0.081591
25,7,test,8,0.094700,0.188204
25,7,test,9,0.280000,0.229688
25,7,test,10,0.073410,0.083624
25,7,test,11,0.200000,0.162748
25,7,test,12,0.380000,0.189776
25,7,test,13,0.190000,0.111820
25,7,test,14,0.020000,0.037852
25,7,test,15,0.072000,0.173734
25,7,test,16,0.080000,0.069399
25,7,test,17,0.018000,0.152912
25,7,test,18,0.220000,0.186128
25,7,test,19,0.240000,0.197410
25,7,test,20,0.020000,0.050211
25,7,test,21,0.084600,0.091269
25,7,test,22,0.160000,0.050668
25,7,test,23,0.790000,0.398997
25,7,test,24,0.060000,0.069759
25,7,test,25,0.090000,0.065788
25,7,test,26,0.135000,0.209889
25,7,test,27,0.210000,0.201650
25,7,test,28,0.230000,0.222683
25,7,test,29,0.115100,0.179703
25,7,test,30,0.115100,0.179703
25,7,test,31,0.790000,0.427446
25,7,test,32,0.110000,0.114642
25,7,train,0,0.244400,0.210806
25,7,train,1,0.260000,0.239336
25,7,train,2,0.035100,0.049956
25,7,train,3,0.160000,0.148221
25,7,train,4,0.022000,0.041263
25,7,train,5,0.160000,0.154166
25,7,train,6,0.100000,0.100737
25,7,train,7,0.032000,0.074087
25,7,train,8,0.063300,0.069759
25,7,train,9,0.190000,0.185699
25,7,train,10,-0.110000,-0.035401
25,7,train,11,0.010000,0.044967
25,7,train,12,0.137000,0.131725
25,7,train,13,0.018000,0.037481
25,7,train,14,0.054300,0.083662
25,7,train,15,-0.080000,0.018050
25,7,train,16,-0.030000,0.017715
25,7,train,17,0.273300,0.253212
25,7,train,18,0.048480,0.082164
25,7,train,19,0.200000,0.171315
25,7,train,20,0.094900,0.093571
25,7,train,21,0.190000,0.192532
25,7,train,22,0.100000,0.101295
25,7,train,23,-0.350000,-0.137875
25,7,train,24,0.080000,0.086412
25,7,train,25,0.439000,0.389536
25,7,train,26,-0.390000,-0.196864
25,7,train,27,0.011000,0.084767
25,7,train,28,0.185100,0.184327
25,7,train,29,0.020000,0.040434
25,7,train,30,0.260000,0.232890
25,7,train,31,0.350000,0.305908
25,7,train,32,0.035400,0.046407
25,7,train,33,0.130000,0.126459
25,7,train,34,0.224400,0.202663
25,7,train,35,0.180000,0.148158
25,7,train,36,0.163300,0.154166
25,7,train,37,0.075400,0.073880
25,7,train,38,0.040000,0.088990
25,7,train,39,0.190000,0.164930
25,7,train,40,0.030000,0.090309
25,7,train,41,0.193500,0.185699
25,7,train,42,0.090000,0.081518
25,7,train,43,0.024200,0.051225
25,7,train,44,0.030000,0.048507
25,7,train,45,0.020000,0.036582
25,7,train,46,0.090000,0.097380
25,7,train,47,0.190000,0.173629
25,7,train,48,0.065340,0.084906
25,7,train,49,0.080000,0.094518
25,7,train,50,0.180000,0.160022
25,7,train,51,0.094900,0.093571
25,7,train,52,0.280000,0.192608
25,7,train,53,0.090000,0.094966
25,7,train,54,0.190000,0.144342
25,7,train,55,0.044200,0.054354
25,7,train,56,0.330000,0.270829
25,7,train,57,0.025000,0.043085
25,7,train,58,0.030000,0.052532
25,7,train,59,0.150000,0.173877
25,7,train,60,0.000000,0.046349
25,7,train,61,0.160000,0.132610
25,7,train,62,0.820000,0.587590
25,7,train,63,0.280000,0.247632
25,7,train,64,0.058480,0.089537
25,7,train,65,0.151000,0.137750
25,7,train,66,0.240000,0.190416
25,7,train,67,0.020000,0.106676
25,7,train,68,0.260000,0.267518
25,7,train,69,0.232000,0.190656
25,7,train,70,0.114400,0.132529
25,7,train,71,0.242000,0.238435
25,7,train,72,0.040000,0.069861
25,7,train,73,0.150000,0.162335
25,7,train,74,0.264400,0.232403
25,7,train,75,0.062000,0.091157
25,7,train,76,0.240000,0.217774
25,7,train,77,0.035100,0.049956
25,7,train,78,0.050000,0.055102
25,7,train,79,0.110000,0.114642
25,7,train,80,0.120000,0.167323
25,7,train,81,0.320000,0.288029
25,7,train,82,0.094600,0.092865
25,7,train,83,0.100000,0.100737
25,7,train,84,0.160000,0.147182
25,7,train,85,0.270000,0.241877
25,7,train,86,0.380000,0.307118
25,7,train,87,0.270000,0.253212
25,7,train,88,0.170000,0.174049
25,7,train,89,0.111520,0.122543
25,7,train,90,0.050000,0.067474
25,7,train,91,0.020000,0.055123
25,7,train,92,0.040000,0.066490
25,7,train,93,0.260000,0.263601
25,7,train,94,0.250000,0.223719
25,7,train,95,0.403000,0.373117
25,7,train,96,0.151000,0.137750
25,7,train,97,0.290000,0.237329
25,7,train,98,0.240000,0.220223
25,7,train,99,0.035400,0.046407
25,7,train,100,0.090000,0.096699
25,7,train,101,0.174900,0.164201
25,7,train,102,0.220000,0.179226
25,7,train,103,0.045300,0.064930
25,7,train,104,0.020000,0.105546
25,7,train,105,0.284200,0.241910
25,7,train,106,0.050000,0.080864
25,7,train,107,0.010000,0.035970
25,7,train,108,0.070000,0.077269
25,7,train,109,0.043800,0.055113
25,7,train,110,0.144500,0.154072
25,7,train,111,0.310000,0.286772
25,7,train,112,0.020000,0.040255
25,7,train,113,0.174900,0.164201
25,7,train,114,0.020000,0.065603
25,7,train,115,0.010000,0.066145
25,7,train,116,0.210000,0.173662
25,7,train,117,0.540000,0.384335
25,7,train,118,0.010000,0.037445
25,7,train,119,0.023500,0.036582
25,7,train,120,0.010000,0.047823
25,7,train,121,0.144700,0.133501
25,7,train,122,0.370000,0.305035
25,7,train,123,0.093900,0.094966
25,7,train,124,0.133000,0.192608
25,7,train,125,0.185100,0.184327
25,7,train,126,0.200000,0.186963
25,7,train,127,0.360000,0.279558
25,7,train,128,0.030000,0.068556
25,7,train,129,0.052410,0.084043
25,8,test,0,0.018000,0.076131
25,8,test,1,-0.030000,0.091952
25,8,test,2,0.439000,0.287955
25,8,test,3,0.264400,0.190328
25,8,test,4,0.100000,0.096678
25,8,test,5,0.114400,0.159784
25,8,test,6,0.100000,0.112952
25,8,test,7,0.160000,0.127343
25,8,test,8,0.160000,0.135145
25,8,test,9,0.043800,0.073578
25,8,test,10,0.200000,0.189581
25,8,test,11,0.240000,0.186726
25,8,test,12,0.220000,0.104880
25,8,test,13,0.054300,0.146723
25,8,test,14,0.180000,0.066072
25,8,test,15,0.075400,0.070638
25,8,test,16,0.380000,0.174455
25,8,test,17,0.052410,0.138813
25,8,test,18,0.070000,0.099185
25,8,test,19,0.144700,0.132777
25,8,test,20,0.030000,0.073284
25,8,test,21,0.093900,0.087336
25,8,test,22,0.020000,0.070710
25,8,test,23,0.290000,0.157344
25,8,test,24,0.210000,0.184585
25,8,test,25,0.160000,0.167036
25,8,test,26,-0.390000,0.135897
25,8,test,27,0.150000,0.218115
25,8,test,28,0.030000,0.135100
25,8,test,29,0.110000,0.116250
25,8,test,30,0.240000,0.193845
25,8,test,31,0.010000,0.062624
25,8,test,32,0.820000,0.273567
25,8,train,0,0.094900,0.094600
25,8,train,1,0.150000,0.151296
25,8,train,2,0.020000,0.068183
25,8,train,3,0.018000,0.070862
25,8,train,4,0.224400,0.207589
25,8,train,5,0.010000,0.039241
25,8,train,6,0.290000,0.252112
25,8,train,7,0.232000,0.188906
25,8,train,8,0.090000,0.087336
25,8,train,9,0.137000,0.124399
25,8,train,10,0.020000,0.026064
25,8,train,11,0.284200,0.230375
25,8,train,12,0.350000,0.310121
25,8,train,13,0.030000,0.060903
25,8,train,14,0.094900,0.094600
25,8,train,15,0.174900,0.166579
25,8,train,16,0.360000,0.262955
25,8,train,17,0.090000,0.094187
25,8,train,18,0.242000,0.231247
25,8,train,19,0.050000,0.084428
25,8,train,20,0.240000,0.200081
25,8,train,21,0.273300,0.251133
25,8,train,22,0.115100,0.120883
25,8,train,23,0.111520,0.114167
25,8,train,24,0.040000,0.089229
25,8,train,25,-0.080000,0.004656
25,8,train,26,0.193500,0.182884
25,8,train,27,0.320000,0.287290
25,8,train,28,0.403000,0.310522
25,8,train,29,0.063300,0.064027
25,8,train,30,0.330000,0.265552
25,8,train,31,0.090000,0.081354
25,8,train,32,0.210000,0.169172
25,8,train,33,0.020000,0.105146
25,8,train,34,0.133000,0.196046
25,8,train,35,0.185100,0.176069
25,8,train,36,0.280000,0.257356
25,8,train,37,0.090000,0.082806
25,8,train,38,0.032000,0.064706
25,8,train,39,0.022000,0.055239
25,8,train,40,0.200000,0.157002
25,8,train,41,0.190000,0.186987
25,8,train,42,0.260000,0.258920
25,8,train,43,0.073410,0.098546
25,8,train,44,0.200000,0.203239
25,8,train,45,0.035100,0.049257
25,8,train,46,0.020000,0.042618
25,8,train,47,0.115100,0.120883
25,8,train,48,0.190000,0.153101
25,8,train,49,0.174900,0.166579
25,8,train,50,0.040000,0.062665
25,8,train,51,0.010000,0.025574
25,8,train,52,0.144500,0.147561
25,8,train,53,0.023500,0.034880
25,8,train,54,0.790000,0.673382
25,8,train,55,0.010000,0.045572
25,8,train,56,0.020000,0.095457
25,8,train,57,0.135000,0.156209
25,8,train,58,0.310000,0.285622
25,8,train,59,0.094700,0.124458
25,8,train,60,0.163300,0.135145
25,8,train,61,0.120000,0.162879
25,8,train,62,0.190000,0.164379
25,8,train,63,0.250000,0.226693
25,8,train,64,0.075400,0.070638
25,8,train,65,0.020000,0.051519
25,8,train,66,0.095300,0.090817
25,8,train,67,0.540000,0.364137
25,8,train,68,0.790000,0.637157
25,8,train,69,0.180000,0.167289
25,8,train,70,0.144700,0.132777
25,8,train,71,0.048480,0.093307
25,8,train,72,0.260000,0.235520
25,8,train,73,0.160000,0.118825
25,8,train,74,0.045300,0.053599
25,8,train,75,0.280000,0.239389
25,8,train,76,-0.350000,-0.134713
25,8,train,77,0.380000,0.303518
25,8,train,78,0.170000,0.161130
25,8,train,79,0.020000,0.050782
25,8,train,80,0.044200,0.058142
25,8,train,81,0.035400,0.041292
25,8,train,82,0.244400,0.216707
25,8,train,83,0.260000,0.244243
25,8,train,84,0.370000,0.299711
25,8,train,85,0.094600,0.094301
25,8,train,86,0.084600,0.088004
25,8,train,87,0.065340,0.079849
25,8,train,88,0.058480,0.083603
25,8,train,89,0.130000,0.131651
25,8,train,90,0.060000,0.064027
25,8,train,91,0.160000,0.155949
25,8,train,92,0.035100,0.049257
25,8,train,93,0.185100,0.176069
25,8,train,94,0.090000,0.097510
25,8,train,95,0.080000,0.092552
25,8,train,96,0.151000,0.139957
25,8,train,97,0.270000,0.242949
25,8,train,98,0.240000,0.216354
25,8,train,99,0.072000,0.105986
25,8,train,100,-0.110000,-0.029074
25,8,train,101,0.050000,0.070406
25,8,train,102,0.011000,0.081515
25,8,train,103,0.260000,0.257863
25,8,train,104,0.190000,0.177879
25,8,train,105,0.190000,0.149517
25,8,train,106,0.280000,0.196046
25,8,train,107,0.025000,0.050745
25,8,train,108,0.230000,0.221499
25,8,train,109,0.080000,0.081432
25,8,train,110,0.000000,0.036176
25,8,train,111,0.020000,0.034880
25,8,train,112,0.130000,0.131651
25,8,train,113,0.151000,0.139957
25,8,train,114,0.062000,0.085675
25,8,train,115,0.270000,0.251133
25,8,train,116,0.020000,0.035351
25,8,train,117,0.080000,0.076060
25,8,train,118,0.040000,0.069650
25,8,train,119,0.150000,0.173997
25,8,train,120,0.190000,0.182884
25,8,train,121,0.110000,0.116250
25,8,train,122,0.030000,0.079269
25,8,train,123,0.024200,0.054236
25,8,train,124,0.220000,0.200467
25,8,train,125,0.035400,0.041292
25,8,train,126,0.010000,0.031545
25,8,train,127,0.030000,0.034340
25,8,train,128,0.050000,0.076630
25,8,train,129,0.100000,0.112952
25,9,test,0,0.163300,0.149269
25,9,test,1,0.190000,0.143510
25,9,test,2,0.032000,0.118595
25,9,test,3,0.072000,0.105328
25,9,test,4,0.025000,0.050896
25,9,test,5,0.080000,0.058228
25,9,test,6,0.240000,0.262663
25,9,test,7,0.080000,0.156932
25,9,test,8,0.095300,0.074613
25,9,test,9,0.190000,0.193496
25,9,test,10,0.120000,0.259377
25,9,test,11,0.043800,0.069791
25,9,test,12,0.010000,0.077353
25,9,test,13,0.174900,0.144619
25,9,test,14,0.094900,0.098438
25,9,test,15,0.100000,0.120723
25,9,test,16,0.100000,0.120723
25,9,test,17,0.151000,0.128483
25,9,test,18,0.020000,0.190295
25,9,test,19,0.264400,0.205821
25,9,test,20,0.244400,0.183851
25,9,test,21,0.020000,0.082062
25,9,test,22,0.190000,0.188636
25,9,test,23,0.180000,0.075559
25,9,test,24,0.090000,0.133672
25,9,test,25,0.280000,0.145129
25,9,test,26,0.193500,0.145828
25,9,test,27,0.054300,0.157247
25,9,test,28,0.190000,0.145828
25,9,test,29,0.058480,0.134706
25,9,test,30,0.144700,0.141009
25,9,test,31,0.050000,0.177159
25,9,test,32,0.280000,0.220220
25,9,train,0,0.052410,0.091827
25,9,train,1,0.094600,0.096130
25,9,train,2,0.035400,0.044558
25,9,train,3,0.190000,0.172764
25,9,train,4,0.010000,0.022236
25,9,train,5,0.790000,0.753163
25,9,train,6,0.350000,0.320351
25,9,train,7,0.540000,0.398465
25,9,train,8,0.065340,0.098293
25,9,train,9,0.070000,0.067207
25,9,train,10,0.010000,0.028264
25,9,train,11,-0.030000,0.012643
25,9,train,12,0.035400,0.044558
25,9,train,13,0.093900,0.089622
25,9,train,14,0.115100,0.122644
25,9,train,15,0.050000,0.052971
25,9,train,16,0.030000,0.096113
25,9,train,17,0.111520,0.148683
25,9,train,18,0.044200,0.049810
25,9,train,19,0.040000,0.054044
25,9,train,20,0.084600,0.089177
25,9,train,21,0.020000,0.057272
25,9,train,22,0.115100,0.122644
25,9,train,23,0.380000,0.324609
25,9,train,24,0.100000,0.107320
25,9,train,25,0.290000,0.202791
25,9,train,26,0.045300,0.047552
25,9,train,27,0.320000,0.297727
25,9,train,28,0.290000,0.276387
25,9,train,29,0.035100,0.048113
25,9,train,30,0.310000,0.302841
25,9,train,31,0.185100,0.176913
25,9,train,32,0.380000,0.290134
25,9,train,33,0.130000,0.126518
25,9,train,34,0.011000,0.097641
25,9,train,35,0.020000,0.048595
25,9,train,36,0.022000,0.043865
25,9,train,37,0.110000,0.112031
25,9,train,38,0.075400,0.071708
25,9,train,39,0.020000,0.090665
25,9,train,40,0.260000,0.266346
25,9,train,41,0.020000,0.070116
25,9,train,42,0.090000,0.084733
25,9,train,43,0.094900,0.098438
25,9,train,44,0.232000,0.217402
25,9,train,45,0.150000,0.176015
25,9,train,46,0.242000,0.238783
25,9,train,47,0.260000,0.246860
25,9,train,48,0.150000,0.195930
25,9,train,49,0.048480,0.114556
25,9,train,50,0.075400,0.071708
25,9,train,51,0.135000,0.153626
25,9,train,52,0.010000,0.043184
25,9,train,53,0.200000,0.208055
25,9,train,54,0.174900,0.144619
25,9,train,55,0.080000,0.082195
25,9,train,56,0.210000,0.162472
25,9,train,57,0.110000,0.112031
25,9,train,58,0.020000,0.032737
25,9,train,59,0.030000,0.066611
25,9,train,60,0.151000,0.128483
25,9,train,61,0.024200,0.038688
25,9,train,62,0.790000,0.762964
25,9,train,63,0.050000,0.120239
25,9,train,64,0.023500,0.027290
25,9,train,65,0.273300,0.249890
25,9,train,66,0.018000,0.035800
25,9,train,67,0.270000,0.249890
25,9,train,68,0.130000,0.126518
25,9,train,69,0.160000,0.146744
25,9,train,70,0.224400,0.223916
25,9,train,71,-0.110000,-0.015335
25,9,train,72,0.230000,0.248413
25,9,train,73,0.094700,0.123358
25,9,train,74,0.090000,0.085505
25,9,train,75,0.260000,0.258917
25,9,train,76,0.144700,0.141009
25,9,train,77,0.040000,0.050869
25,9,train,78,0.360000,0.270476
25,9,train,79,0.030000,0.114972
25,9,train,80,0.284200,0.233279
25,9,train,81,0.240000,0.218744
25,9,train,82,0.170000,0.180233
25,9,train,83,0.370000,0.300987
25,9,train,84,0.439000,0.387834
25,9,train,85,0.030000,0.092150
25,9,train,86,0.114400,0.134117
25,9,train,87,0.133000,0.145129
25,9,train,88,0.073410,0.087906
25,9,train,89,0.280000,0.264907
25,9,train,90,0.200000,0.171064
25,9,train,91,0.030000,0.038084
25,9,train,92,0.820000,0.653927
25,9,train,93,0.190000,0.135725
25,9,train,94,0.062000,0.097881
25,9,train,95,0.040000,0.095050
25,9,train,96,0.403000,0.374451
25,9,train,97,0.160000,0.162298
25,9,train,98,0.018000,0.087655
25,9,train,99,0.220000,0.188413
25,9,train,100,0.180000,0.166202
25,9,train,101,0.090000,0.096852
25,9,train,102,0.060000,0.068237
25,9,train,103,0.330000,0.283147
25,9,train,104,0.220000,0.217738
25,9,train,105,0.210000,0.175727
25,9,train,106,0.160000,0.106970
25,9,train,107,0.020000,0.026154
25,9,train,108,-0.350000,-0.189253
25,9,train,109,0.144500,0.148366
25,9,train,110,0.240000,0.222535
25,9,train,111,0.240000,0.178474
25,9,train,112,0.000000,0.029906
25,9,train,113,0.090000,0.089622
25,9,train,114,0.200000,0.107737
25,9,train,115,0.250000,0.249516
25,9,train,116,0.160000,0.149269
25,9,train,117,0.160000,0.154226
25,9,train,118,0.035100,0.048113
25,9,train,119,-0.390000,-0.269655
25,9,train,120,0.063300,0.068237
25,9,train,121,0.020000,0.027290
25,9,train,122,0.137000,0.136700
25,9,train,123,-0.080000,0.010581
25,9,train,124,0.270000,0.258140
25,9,train,125,0.150000,0.163278
25,9,train,126,0.010000,0.070130
25,9,train,127,0.020000,0.029488
25,9,train,128,0.185100,0.176913
25,9,train,129,0.260000,0.252040
25,10,test,0,0.111520,0.134859
25,10,test,1,0.020000,0.043133
25,10,test,2,0.044200,0.078445
25,10,test,3,0.073410,0.088493
25,10,test,4,0.035100,0.071013
25,10,test,5,0.110000,0.116181
25,10,test,6,0.790000,0.470282
25,10,test,7,0.020000,0.091912
25,10,test,8,0.330000,0.160635
25,10,test,9,0.090000,0.064054
25,10,test,10,0.070000,0.120960
25,10,test,11,0.060000,0.074741
25,10,test,12,0.163300,0.139609
25,10,test,13,0.065340,0.127684
25,10,test,14,0.045300,0.099773
25,10,test,15,0.032000,0.129096
25,10,test,16,0.200000,0.180466
25,10,test,17,0.240000,0.191068
25,10,test,18,0.030000,0.141050
25,10,test,19,0.130000,0.130062
25,10,test,20,0.144500,0.161607
25,10,test,21,0.018000,0.162257
25,10,test,22,0.160000,0.132859
25,10,test,23,0.220000,0.160927
25,10,test,24,0.094600,0.091882
25,10,test,25,0.193500,0.171858
25,10,test,26,0.035400,0.065599
25,10,test,27,0.010000,0.079803
25,10,test,28,0.020000,0.036451
25,10,test,29,-0.390000,0.137060
25,10,test,30,0.820000,0.219292
25,10,test,31,-0.030000,0.106394
25,10,test,32,0.210000,0.088004
25,10,train,0,0.210000,0.202366
25,10,train,1,0.540000,0.387252
25,10,train,2,0.280000,0.249249
25,10,train,3,0.020000,0.039633
25,10,train,4,0.230000,0.219406
25,10,train,5,0.020000,0.057259
25,10,train,6,0.150000,0.176853
25,10,train,7,0.370000,0.304900
25,10,train,8,0.790000,0.518692
25,10,train,9,0.260000,0.256116
25,10,train,10,0.190000,0.171858
25,10,train,11,0.050000,0.060603
25,10,train,12,0.160000,0.159566
25,10,train,13,0.030000,0.048578
25,10,train,14,0.075400,0.074382
25,10,train,15,0.054300,0.086246
25,10,train,16,0.151000,0.142102
25,10,train,17,-0.110000,-0.040986
25,10,train,18,0.273300,0.245739
25,10,train,19,0.010000,0.036448
25,10,train,20,0.135000,0.163920
25,10,train,21,0.270000,0.245739
25,10,train,22,0.115100,0.123569
25,10,train,23,0.024200,0.062858
25,10,train,24,0.011000,0.078836
25,10,train,25,0.052410,0.090676
25,10,train,26,0.190000,0.185769
25,10,train,27,0.094900,0.094101
25,10,train,28,0.040000,0.061131
25,10,train,29,0.160000,0.118290
25,10,train,30,0.174900,0.164555
25,10,train,31,0.190000,0.179169
25,10,train,32,0.080000,0.092712
25,10,train,33,0.380000,0.310122
25,10,train,34,0.224400,0.198125
25,10,train,35,0.180000,0.144594
25,10,train,36,0.062000,0.088038
25,10,train,37,0.090000,0.110289
25,10,train,38,0.190000,0.196992
25,10,train,39,0.095300,0.093605
25,10,train,40,0.180000,0.174767
25,10,train,41,0.360000,0.290343
25,10,train,42,0.084600,0.086757
25,10,train,43,0.050000,0.065100
25,10,train,44,0.050000,0.080644
25,10,train,45,0.023500,0.039633
25,10,train,46,0.035100,0.071013
25,10,train,47,0.240000,0.185691
25,10,train,48,0.133000,0.200375
25,10,train,49,0.090000,0.093587
25,10,train,50,0.030000,0.092458
25,10,train,51,0.439000,0.391693
25,10,train,52,0.110000,0.116181
25,10,train,53,0.310000,0.287862
25,10,train,54,0.115100,0.123569
25,10,train,55,0.290000,0.249107
25,10,train,56,0.250000,0.234701
25,10,train,57,0.260000,0.238257
25,10,train,58,0.284200,0.233637
25,10,train,59,0.018000,0.037389
25,10,train,60,0.160000,0.149614
25,10,train,61,0.035400,0.065599
25,10,train,62,0.020000,0.082682
25,10,train,63,0.030000,0.047339
25,10,train,64,0.220000,0.187587
25,10,train,65,0.200000,0.181017
25,10,train,66,0.043800,0.059511
25,10,train,67,0.010000,0.046650
25,10,train,68,0.100000,0.107600
25,10,train,69,0.100000,0.107600
25,10,train,70,0.072000,0.107025
25,10,train,71,0.290000,0.249299
25,10,train,72,0.174900,0.164555
25,10,train,73,0.380000,0.313940
25,10,train,74,0.094700,0.130524
25,10,train,75,0.100000,0.107912
25,10,train,76,-0.350000,-0.128826
25,10,train,77,0.280000,0.256243
25,10,train,78,0.260000,0.264137
25,10,train,79,0.185100,0.176905
25,10,train,80,0.010000,0.040763
25,10,train,81,0.020000,0.045131
25,10,train,82,0.020000,0.036788
25,10,train,83,0.022000,0.041318
25,10,train,84,0.040000,0.094784
25,10,train,85,0.244400,0.215316
25,10,train,86,0.090000,0.086754
25,10,train,87,0.200000,0.192944
25,10,train,88,0.075400,0.074382
25,10,train,89,0.093900,0.093587
25,10,train,90,0.137000,0.138479
25,10,train,91,0.010000,0.042823
25,10,train,92,0.151000,0.142102
25,10,train,93,0.000000,0.043615
25,10,train,94,0.264400,0.238431
25,10,train,95,0.048480,0.087136
25,10,train,96,0.232000,0.199925
25,10,train,97,0.058480,0.085989
25,10,train,98,-0.080000,0.023472
25,10,train,99,0.144700,0.142059
25,10,train,100,0.114400,0.126121
25,10,train,101,0.130000,0.130062
25,10,train,102,0.185100,0.176905
25,10,train,103,0.260000,0.242867
25,10,train,104,0.080000,0.092446
25,10,train,105,0.144700,0.142059
25,10,train,106,0.025000,0.042703
25,10,train,107,0.150000,0.183105
25,10,train,108,0.242000,0.229663
25,10,train,109,0.160000,0.139609
25,10,train,110,0.120000,0.163487
25,10,train,111,0.080000,0.080786
25,10,train,112,0.094900,0.094101
25,10,train,113,0.190000,0.169348
25,10,train,114,0.240000,0.200045
25,10,train,115,0.320000,0.286339
25,10,train,116,0.190000,0.156447
25,10,train,117,0.150000,0.176077
25,10,train,118,0.063300,0.074741
25,10,train,119,0.020000,0.056674
25,10,train,120,0.020000,0.100782
25,10,train,121,0.350000,0.305119
25,10,train,122,0.403000,0.377124
25,10,train,123,0.040000,0.071509
25,10,train,124,0.240000,0.229978
25,10,train,125,0.030000,0.044003
25,10,train,126,0.170000,0.156499
25,10,train,127,0.090000,0.092828
25,10,train,128,0.270000,0.245232
25,10,train,129,0.280000,0.200375
50,1,test,0,0.043800,0.073469
50,1,test,1,0.044200,0.088961
50,1,test,2,0.075400,0.075764
50,1,test,3,0.115100,0.127110
50,1,test,4,0.020000,0.102997
50,1,test,5,0.090000,0.061625
50,1,test,6,-0.390000,0.148907
50,1,test,7,0.111520,0.130188
50,1,test,8,0.110000,0.121699
50,1,test,9,0.080000,0.108701
50,1,test,10,0.439000,0.273087
50,1,test,11,0.320000,0.251855
50,1,test,12,0.185100,0.162865
50,1,test,13,0.144500,0.177371
50,1,test,14,0.150000,0.258863
50,1,test,15,0.174900,0.131331
50,1,test,16,0.040000,0.172097
50,1,test,17,0.030000,0.150633
50,1,test,18,0.062000,0.122439
50,1,test,19,0.010000,0.073765
50,1,test,20,0.200000,0.201606
50,1,test,21,0.224400,0.175725
50,1,test,22,0.163300,0.121476
50,1,test,23,0.250000,0.227418
50,1,test,24,0.040000,0.094973
50,1,test,25,0.190000,0.124871
50,1,test,26,0.200000,0.091645
50,1,test,27,0.050000,0.107615
50,1,test,28,0.151000,0.101214
50,1,test,29,0.190000,0.115996
50,1,test,30,0.058480,0.142890
50,1,test,31,0.190000,0.210134
50,1,test,32,0.063300,0.092808
50,1,train,0,0.100000,0.098749
50,1,train,1,0.150000,0.156630
50,1,train,2,0.023500,0.044636
50,1,train,3,0.403000,0.296563
50,1,train,4,0.190000,0.153667
50,1,train,5,0.115100,0.127110
50,1,train,6,0.380000,0.327771
50,1,train,7,0.110000,0.121699
50,1,train,8,0.242000,0.233318
50,1,train,9,0.020000,0.044636
50,1,train,10,0.020000,0.106467
50,1,train,11,0.050000,0.070261
50,1,train,12,-0.110000,-0.040647
50,1,train,13,0.010000,0.024193
50,1,train,14,0.090000,0.092934
50,1,train,15,0.330000,0.283550
50,1,train,16,0.018000,0.079761
50,1,train,17,0.244400,0.220343
50,1,train,18,0.010000,0.049596
50,1,train,19,0.200000,0.188431
50,1,train,20,-0.350000,-0.145599
50,1,train,21,0.100000,0.119679
50,1,train,22,0.260000,0.236392
50,1,train,23,0.144700,0.144492
50,1,train,24,0.080000,0.069724
50,1,train,25,0.151000,0.101214
50,1,train,26,0.000000,0.043110
50,1,train,27,0.024200,0.071031
50,1,train,28,0.035400,0.043375
50,1,train,29,0.220000,0.155757
50,1,train,30,0.084600,0.086604
50,1,train,31,0.070000,0.073230
50,1,train,32,0.048480,0.126083
50,1,train,33,0.090000,0.095893
50,1,train,34,0.360000,0.263574
50,1,train,35,0.290000,0.258114
50,1,train,36,0.220000,0.198503
50,1,train,37,0.270000,0.244402
50,1,train,38,0.280000,0.244975
50,1,train,39,0.260000,0.240987
50,1,train,40,0.790000,0.738203
50,1,train,41,0.310000,0.285516
50,1,train,42,0.020000,0.083482
50,1,train,43,0.120000,0.172374
50,1,train,44,0.144700,0.144492
50,1,train,45,-0.080000,0.028977
50,1,train,46,0.020000,0.056790
50,1,train,47,0.094900,0.093811
50,1,train,48,0.035100,0.056070
50,1,train,49,0.094700,0.109989
50,1,train,50,0.160000,0.121476
50,1,train,51,0.040000,0.099406
50,1,train,52,0.180000,0.155618
50,1,train,53,0.230000,0.225898
50,1,train,54,0.010000,0.096279
50,1,train,55,0.090000,0.094369
50,1,train,56,0.020000,0.048143
50,1,train,57,0.284200,0.233975
50,1,train,58,0.135000,0.170227
50,1,train,59,0.820000,0.635659
50,1,train,60,0.045300,0.072989
50,1,train,61,0.035400,0.043375
50,1,train,62,0.240000,0.223488
50,1,train,63,0.020000,0.053058
50,1,train,64,0.264400,0.236164
50,1,train,65,0.093900,0.092934
50,1,train,66,0.030000,0.065551
50,1,train,67,0.280000,0.174996
50,1,train,68,0.018000,0.042226
50,1,train,69,0.080000,0.086899
50,1,train,70,0.280000,0.257355
50,1,train,71,0.050000,0.058462
50,1,train,72,0.174900,0.131331
50,1,train,73,0.130000,0.122988
50,1,train,74,0.190000,0.168693
50,1,train,75,0.790000,0.702648
50,1,train,76,0.170000,0.168724
50,1,train,77,0.090000,0.104790
50,1,train,78,0.075400,0.075764
50,1,train,79,0.273300,0.251449
50,1,train,80,0.030000,0.139430
50,1,train,81,0.185100,0.162865
50,1,train,82,0.160000,0.143926
50,1,train,83,0.054300,0.086280
50,1,train,84,0.094900,0.093811
50,1,train,85,0.193500,0.188647
50,1,train,86,0.030000,0.058629
50,1,train,87,0.073410,0.079481
50,1,train,88,0.022000,0.051059
50,1,train,89,0.210000,0.173706
50,1,train,90,0.010000,0.038341
50,1,train,91,0.210000,0.211548
50,1,train,92,0.094600,0.091787
50,1,train,93,-0.030000,0.022073
50,1,train,94,0.180000,0.142256
50,1,train,95,0.032000,0.063924
50,1,train,96,0.114400,0.131557
50,1,train,97,0.290000,0.255123
50,1,train,98,0.150000,0.189498
50,1,train,99,0.350000,0.285037
50,1,train,100,0.190000,0.188647
50,1,train,101,0.160000,0.130087
50,1,train,102,0.240000,0.224082
50,1,train,103,0.232000,0.211932
50,1,train,104,0.137000,0.121871
50,1,train,105,0.270000,0.251449
50,1,train,106,0.060000,0.092808
50,1,train,107,0.380000,0.312378
50,1,train,108,0.160000,0.118663
50,1,train,109,0.072000,0.098885
50,1,train,110,0.130000,0.122988
50,1,train,111,0.100000,0.098749
50,1,train,112,0.540000,0.402390
50,1,train,113,0.160000,0.169614
50,1,train,114,0.133000,0.174996
50,1,train,115,0.240000,0.204948
50,1,train,116,0.025000,0.048439
50,1,train,117,0.260000,0.259320
50,1,train,118,0.065340,0.073186
50,1,train,119,0.052410,0.077130
50,1,train,120,0.020000,0.035310
50,1,train,121,0.260000,0.273158
50,1,train,122,0.240000,0.198430
50,1,train,123,0.011000,0.080697
50,1,train,124,0.035100,0.056070
50,1,train,125,0.030000,0.064910
50,1,train,126,0.020000,0.049467
50,1,train,127,0.370000,0.320540
50,1,train,128,0.020000,0.119505
50,1,train,129,0.095300,0.096041
50,2,test,0,0.310000,0.284712
50,2,test,1,0.260000,0.280959
50,2,test,2,0.072000,0.124921
50,2,test,3,0.270000,0.248021
50,2,test,4,0.180000,0.085655
50,2,test,5,0.210000,0.135498
50,2,test,6,0.052410,0.184494
50,2,test,7,0.080000,0.071162
50,2,test,8,0.032000,0.132891
50,2,test,9,0.280000,0.207793
50,2,test,10,0.093900,0.091595
50,2,test,11,0.240000,0.235127
50,2,test,12,0.100000,0.112698
50,2,test,13,0.150000,0.248088
50,2,test,14,0.090000,0.091595
50,2,test,15,0.273300,0.210010
50,2,test,16,0.110000,0.117104
50,2,test,17,0.011000,0.222422
50,2,test,18,0.200000,0.120334
50,2,test,19,0.111520,0.178992
50,2,test,20,-0.080000,0.200553
50,2,test,21,0.073410,0.139989
50,2,test,22,0.043800,0.073939
50,2,test,23,0.010000,0.072995
50,2,test,24,-0.350000,0.234048
50,2,test,25,0.260000,0.295527
50,2,test,26,0.084600,0.100392
50,2,test,27,0.224400,0.222662
50,2,test,28,0.010000,0.058484
50,2,test,29,0.035100,0.073584
50,2,test,30,0.174900,0.143378
50,2,test,31,0.018000,0.153709
50,2,test,32,0.020000,0.271261
50,2,train,0,0.115100,0.121212
50,2,train,1,0.320000,0.298657
50,2,train,2,0.023500,0.029000
50,2,train,3,0.790000,0.748264
50,2,train,4,-0.110000,-0.001578
50,2,train,5,0.080000,0.081474
50,2,train,6,0.024200,0.042723
50,2,train,7,0.190000,0.184605
50,2,train,8,0.170000,0.212929
50,2,train,9,0.133000,0.196515
50,2,train,10,0.040000,0.066811
50,2,train,11,0.020000,0.048170
50,2,train,12,0.010000,0.032676
50,2,train,13,0.144700,0.138721
50,2,train,14,0.040000,0.074692
50,2,train,15,0.030000,0.049236
50,2,train,16,0.820000,0.640991
50,2,train,17,0.090000,0.076633
50,2,train,18,0.010000,0.046165
50,2,train,19,0.244400,0.221241
50,2,train,20,0.190000,0.153190
50,2,train,21,0.144700,0.138721
50,2,train,22,0.020000,0.059719
50,2,train,23,0.264400,0.244012
50,2,train,24,0.048480,0.100475
50,2,train,25,0.240000,0.243175
50,2,train,26,0.110000,0.117104
50,2,train,27,0.062000,0.104232
50,2,train,28,0.065340,0.088394
50,2,train,29,0.180000,0.179138
50,2,train,30,0.030000,0.057974
50,2,train,31,0.120000,0.168373
50,2,train,32,0.025000,0.041451
50,2,train,33,0.114400,0.124631
50,2,train,34,-0.390000,-0.180239
50,2,train,35,0.030000,0.050212
50,2,train,36,0.020000,0.029000
50,2,train,37,0.018000,0.035313
50,2,train,38,0.090000,0.082531
50,2,train,39,0.151000,0.145247
50,2,train,40,0.790000,0.732448
50,2,train,41,0.094600,0.100035
50,2,train,42,0.020000,0.039233
50,2,train,43,0.190000,0.152541
50,2,train,44,0.050000,0.057961
50,2,train,45,0.040000,0.090188
50,2,train,46,0.240000,0.191860
50,2,train,47,0.439000,0.377992
50,2,train,48,0.050000,0.088324
50,2,train,49,0.000000,0.041554
50,2,train,50,0.185100,0.178571
50,2,train,51,0.270000,0.210010
50,2,train,52,0.151000,0.145247
50,2,train,53,0.130000,0.132925
50,2,train,54,0.540000,0.382648
50,2,train,55,0.240000,0.240417
50,2,train,56,0.075400,0.073553
50,2,train,57,0.010000,0.033697
50,2,train,58,0.144500,0.156282
50,2,train,59,0.075400,0.073553
50,2,train,60,0.130000,0.132925
50,2,train,61,-0.030000,0.021365
50,2,train,62,0.280000,0.196515
50,2,train,63,0.190000,0.183427
50,2,train,64,0.284200,0.235077
50,2,train,65,0.063300,0.065801
50,2,train,66,0.020000,0.066740
50,2,train,67,0.094900,0.101317
50,2,train,68,0.260000,0.256284
50,2,train,69,0.054300,0.105398
50,2,train,70,0.135000,0.171168
50,2,train,71,0.160000,0.118297
50,2,train,72,0.100000,0.112698
50,2,train,73,0.035400,0.044123
50,2,train,74,0.160000,0.152660
50,2,train,75,0.260000,0.243602
50,2,train,76,0.150000,0.179726
50,2,train,77,0.232000,0.236412
50,2,train,78,0.020000,0.101711
50,2,train,79,0.020000,0.045063
50,2,train,80,0.100000,0.110361
50,2,train,81,0.200000,0.213006
50,2,train,82,0.290000,0.269499
50,2,train,83,0.050000,0.066781
50,2,train,84,0.020000,0.035163
50,2,train,85,0.030000,0.101349
50,2,train,86,0.160000,0.145347
50,2,train,87,0.350000,0.308710
50,2,train,88,0.020000,0.033336
50,2,train,89,0.163300,0.152660
50,2,train,90,0.210000,0.225992
50,2,train,91,0.035100,0.073584
50,2,train,92,0.190000,0.204262
50,2,train,93,0.115100,0.121212
50,2,train,94,0.022000,0.044085
50,2,train,95,0.160000,0.163034
50,2,train,96,0.160000,0.171108
50,2,train,97,0.185100,0.178571
50,2,train,98,0.360000,0.278523
50,2,train,99,0.290000,0.267115
50,2,train,100,0.090000,0.111567
50,2,train,101,0.094700,0.143888
50,2,train,102,0.094900,0.101317
50,2,train,103,0.070000,0.069693
50,2,train,104,0.030000,0.081662
50,2,train,105,0.380000,0.322238
50,2,train,106,0.330000,0.302710
50,2,train,107,0.242000,0.245695
50,2,train,108,0.045300,0.058945
50,2,train,109,0.200000,0.212659
50,2,train,110,0.190000,0.176309
50,2,train,111,0.080000,0.085076
50,2,train,112,0.220000,0.173473
50,2,train,113,0.230000,0.253842
50,2,train,114,0.095300,0.089445
50,2,train,115,0.280000,0.268770
50,2,train,116,0.250000,0.251226
50,2,train,117,0.150000,0.172742
50,2,train,118,0.058480,0.085842
50,2,train,119,0.060000,0.065801
50,2,train,120,0.044200,0.049844
50,2,train,121,0.403000,0.371440
50,2,train,122,0.035400,0.044123
50,2,train,123,0.380000,0.322940
50,2,train,124,0.220000,0.211050
50,2,train,125,0.174900,0.143378
50,2,train,126,0.193500,0.183427
50,2,train,127,0.137000,0.121990
50,2,train,128,0.370000,0.288417
50,2,train,129,0.090000,0.091077
50,3,test,0,-0.030000,0.092088
50,3,test,1,0.150000,0.141570
50,3,test,2,0.310000,0.235573
50,3,test,3,0.180000,0.070113
50,3,test,4,0.044200,0.078553
50,3,test,5,0.062000,0.103476
50,3,test,6,0.094900,0.098044
50,3,test,7,0.030000,0.095378
50,3,test,8,0.230000,0.207629
50,3,test,9,0.063300,0.082635
50,3,test,10,0.090000,0.112949
50,3,test,11,0.020000,0.033612
50,3,test,12,0.273300,0.206827
50,3,test,13,0.040000,0.132290
50,3,test,14,0.052410,0.138008
50,3,test,15,0.023500,0.043477
50,3,test,16,0.058480,0.120025
50,3,test,17,0.439000,0.260692
50,3,test,18,0.232000,0.181758
50,3,test,19,0.790000,0.566863
50,3,test,20,0.120000,0.246905
50,3,test,21,-0.390000,0.162880
50,3,test,22,0.050000,0.069134
50,3,test,23,0.540000,0.135277
50,3,test,24,0.185100,0.173774
50,3,test,25,0.190000,0.138095
50,3,test,26,0.360000,0.148501
50,3,test,27,0.200000,0.092662
50,3,test,28,0.190000,0.182876
50,3,test,29,0.032000,0.120575
50,3,test,30,0.020000,0.226644
50,3,test,31,0.220000,0.082227
50,3,test,32,-0.080000,0.134127
50,3,train,0,0.090000,0.095607
50,3,train,1,0.080000,0.090495
50,3,train,2,0.073410,0.086423
50,3,train,3,0.045300,0.061366
50,3,train,4,0.011000,0.078086
50,3,train,5,0.350000,0.294063
50,3,train,6,0.264400,0.222487
50,3,train,7,0.290000,0.260398
50,3,train,8,0.030000,0.057524
50,3,train,9,0.130000,0.126826
50,3,train,10,0.370000,0.313294
50,3,train,11,0.010000,0.038097
50,3,train,12,0.193500,0.186117
50,3,train,13,0.130000,0.126826
50,3,train,14,0.137000,0.124227
50,3,train,15,0.100000,0.110704
50,3,train,16,0.020000,0.053199
50,3,train,17,0.330000,0.273746
50,3,train,18,0.093900,0.095607
50,3,train,19,0.174900,0.165585
50,3,train,20,0.200000,0.193879
50,3,train,21,0.075400,0.074425
50,3,train,22,0.094900,0.098044
50,3,train,23,0.030000,0.051632
50,3,train,24,0.084600,0.088327
50,3,train,25,0.111520,0.117374
50,3,train,26,0.030000,0.095260
50,3,train,27,0.160000,0.155443
50,3,train,28,0.144700,0.137760
50,3,train,29,0.284200,0.233177
50,3,train,30,0.160000,0.150519
50,3,train,31,0.090000,0.107170
50,3,train,32,0.144500,0.147105
50,3,train,33,0.030000,0.070541
50,3,train,34,0.100000,0.103623
50,3,train,35,0.020000,0.048683
50,3,train,36,0.090000,0.081839
50,3,train,37,0.240000,0.203169
50,3,train,38,0.022000,0.039371
50,3,train,39,0.144700,0.137760
50,3,train,40,0.280000,0.190329
50,3,train,41,0.035400,0.039667
50,3,train,42,0.260000,0.263694
50,3,train,43,0.224400,0.211376
50,3,train,44,0.163300,0.152320
50,3,train,45,0.260000,0.251178
50,3,train,46,0.403000,0.302482
50,3,train,47,0.020000,0.056882
50,3,train,48,0.040000,0.077601
50,3,train,49,0.020000,0.043477
50,3,train,50,0.072000,0.081047
50,3,train,51,0.043800,0.057281
50,3,train,52,0.048480,0.089539
50,3,train,53,0.270000,0.256130
50,3,train,54,0.025000,0.046130
50,3,train,55,0.160000,0.150529
50,3,train,56,0.020000,0.100910
50,3,train,57,0.270000,0.206827
50,3,train,58,0.024200,0.051582
50,3,train,59,0.114400,0.127147
50,3,train,60,0.050000,0.077362
50,3,train,61,0.080000,0.075570
50,3,train,62,0.035400,0.039667
50,3,train,63,0.100000,0.103623
50,3,train,64,0.020000,0.038420
50,3,train,65,0.174900,0.165585
50,3,train,66,0.250000,0.244231
50,3,train,67,0.200000,0.200396
50,3,train,68,0.135000,0.156451
50,3,train,69,0.185100,0.173774
50,3,train,70,0.190000,0.155420
50,3,train,71,0.035100,0.045775
50,3,train,72,0.018000,0.063008
50,3,train,73,0.320000,0.289338
50,3,train,74,0.040000,0.110474
50,3,train,75,0.110000,0.113150
50,3,train,76,0.240000,0.226851
50,3,train,77,0.010000,0.045222
50,3,train,78,0.094700,0.124799
50,3,train,79,0.290000,0.260225
50,3,train,80,0.260000,0.270529
50,3,train,81,0.150000,0.189636
50,3,train,82,0.010000,0.033442
50,3,train,83,0.820000,0.617062
50,3,train,84,0.060000,0.082635
50,3,train,85,0.260000,0.248177
50,3,train,86,0.000000,0.041871
50,3,train,87,0.050000,0.077583
50,3,train,88,0.170000,0.138918
50,3,train,89,0.160000,0.114101
50,3,train,90,0.190000,0.171872
50,3,train,91,0.180000,0.174088
50,3,train,92,0.244400,0.209834
50,3,train,93,0.280000,0.264036
50,3,train,94,0.115100,0.121602
50,3,train,95,0.210000,0.172398
50,3,train,96,0.210000,0.208701
50,3,train,97,0.075400,0.074425
50,3,train,98,0.065340,0.073213
50,3,train,99,0.095300,0.093899
50,3,train,100,0.035100,0.045775
50,3,train,101,0.240000,0.232958
50,3,train,102,0.242000,0.223035
50,3,train,103,0.380000,0.311980
50,3,train,104,0.160000,0.152320
50,3,train,105,0.020000,0.044282
50,3,train,106,0.110000,0.113150
50,3,train,107,0.010000,0.039946
50,3,train,108,0.220000,0.203049
50,3,train,109,0.070000,0.082917
50,3,train,110,0.115100,0.121602
50,3,train,111,0.240000,0.195721
50,3,train,112,0.190000,0.186117
50,3,train,113,0.280000,0.236713
50,3,train,114,-0.110000,-0.025675
50,3,train,115,0.151000,0.141628
50,3,train,116,0.054300,0.083558
50,3,train,117,0.133000,0.190329
50,3,train,118,0.151000,0.141628
50,3,train,119,0.150000,0.181895
50,3,train,120,-0.350000,-0.134656
50,3,train,121,0.380000,0.302457
50,3,train,122,0.010000,0.033879
50,3,train,123,0.080000,0.086761
50,3,train,124,0.018000,0.034089
50,3,train,125,0.094600,0.094371
50,3,train,126,0.020000,0.078117
50,3,train,127,0.790000,0.638955
50,3,train,128,0.190000,0.180078
50,3,train,129,0.090000,0.083103
50,4,test,0,0.439000,0.219959
50,4,test,1,0.073410,0.138521
50,4,test,2,0.080000,0.110574
50,4,test,3,0.151000,0.096551
50,4,test,4,0.000000,0.130133
50,4,test,5,0.044200,0.076499
50,4,test,6,0.090000,0.106167
50,4,test,7,0.244400,0.153145
50,4,test,8,0.290000,0.188028
50,4,test,9,0.052410,0.157315
50,4,test,10,0.010000,0.091609
50,4,test,11,0.170000,0.218504
50,4,test,12,0.040000,0.182139
50,4,test,13,0.060000,0.108467
50,4,test,14,0.260000,0.260695
50,4,test,15,0.084600,0.110728
50,4,test,16,0.054300,0.154036
50,4,test,17,0.224400,0.198072
50,4,test,18,-0.080000,0.189086
50,4,test,19,0.062000,0.126672
50,4,test,20,0.284200,0.136366
50,4,test,21,0.200000,0.099384
50,4,test,22,0.160000,0.142105
50,4,test,23,0.144500,0.130861
50,4,test,24,0.090000,0.079457
50,4,test,25,0.010000,0.124334
50,4,test,26,0.185100,0.152921
50,4,test,27,0.790000,0.540730
50,4,test,28,0.310000,0.227405
50,4,test,29,0.010000,0.064235
50,4,test,30,0.280000,0.165358
50,4,test,31,0.380000,0.196165
50,4,test,32,0.273300,0.161446
50,4,train,0,0.025000,0.050552
50,4,train,1,0.050000,0.064252
50,4,train,2,0.050000,0.106331
50,4,train,3,0.185100,0.152921
50,4,train,4,0.190000,0.150098
50,4,train,5,0.065340,0.074930
50,4,train,6,0.040000,0.099415
50,4,train,7,0.144700,0.125267
50,4,train,8,0.130000,0.121411
50,4,train,9,0.240000,0.214035
50,4,train,10,0.250000,0.217669
50,4,train,11,0.111520,0.119069
50,4,train,12,0.100000,0.105385
50,4,train,13,0.023500,0.058258
50,4,train,14,0.094700,0.147939
50,4,train,15,0.242000,0.202667
50,4,train,16,0.030000,0.119393
50,4,train,17,0.200000,0.171333
50,4,train,18,0.360000,0.212537
50,4,train,19,0.270000,0.161446
50,4,train,20,0.150000,0.176821
50,4,train,21,0.380000,0.253640
50,4,train,22,0.270000,0.239042
50,4,train,23,0.040000,0.077119
50,4,train,24,0.080000,0.097717
50,4,train,25,0.020000,0.103337
50,4,train,26,0.011000,0.133416
50,4,train,27,0.080000,0.106701
50,4,train,28,0.090000,0.103687
50,4,train,29,0.070000,0.070439
50,4,train,30,0.193500,0.163982
50,4,train,31,0.190000,0.163982
50,4,train,32,0.264400,0.192570
50,4,train,33,0.150000,0.178687
50,4,train,34,0.280000,0.239366
50,4,train,35,0.018000,0.084649
50,4,train,36,0.022000,0.057357
50,4,train,37,0.035400,0.058065
50,4,train,38,0.032000,0.094450
50,4,train,39,0.240000,0.196897
50,4,train,40,0.163300,0.131645
50,4,train,41,0.094900,0.111240
50,4,train,42,0.030000,0.087159
50,4,train,43,0.110000,0.119653
50,4,train,44,0.030000,0.061061
50,4,train,45,0.540000,0.243414
50,4,train,46,0.230000,0.232181
50,4,train,47,0.280000,0.161751
50,4,train,48,0.115100,0.137879
50,4,train,49,0.210000,0.173315
50,4,train,50,0.063300,0.108467
50,4,train,51,0.058480,0.095701
50,4,train,52,0.320000,0.260792
50,4,train,53,0.020000,0.088561
50,4,train,54,0.115100,0.137879
50,4,train,55,0.220000,0.126192
50,4,train,56,0.020000,0.164697
50,4,train,57,0.190000,0.156370
50,4,train,58,0.100000,0.105385
50,4,train,59,0.370000,0.226923
50,4,train,60,0.095300,0.091439
50,4,train,61,0.350000,0.252041
50,4,train,62,0.190000,0.188173
50,4,train,63,0.020000,0.058286
50,4,train,64,0.035100,0.065401
50,4,train,65,0.048480,0.090939
50,4,train,66,0.035100,0.065401
50,4,train,67,0.072000,0.102231
50,4,train,68,0.110000,0.119653
50,4,train,69,0.190000,0.144647
50,4,train,70,0.190000,0.149459
50,4,train,71,0.075400,0.068604
50,4,train,72,0.240000,0.208680
50,4,train,73,0.260000,0.223703
50,4,train,74,0.090000,0.090871
50,4,train,75,0.090000,0.112888
50,4,train,76,-0.030000,0.050184
50,4,train,77,0.133000,0.161751
50,4,train,78,-0.350000,-0.110722
50,4,train,79,0.174900,0.138374
50,4,train,80,0.290000,0.204615
50,4,train,81,0.160000,0.131645
50,4,train,82,0.030000,0.080109
50,4,train,83,0.137000,0.121344
50,4,train,84,0.180000,0.146140
50,4,train,85,0.820000,0.525494
50,4,train,86,0.093900,0.106167
50,4,train,87,0.094900,0.111240
50,4,train,88,0.024200,0.073497
50,4,train,89,0.020000,0.058258
50,4,train,90,0.020000,0.154845
50,4,train,91,0.144700,0.125267
50,4,train,92,0.151000,0.096551
50,4,train,93,0.050000,0.106285
50,4,train,94,0.100000,0.126267
50,4,train,95,0.403000,0.236068
50,4,train,96,0.035400,0.058065
50,4,train,97,0.130000,0.121411
50,4,train,98,0.150000,0.217877
50,4,train,99,0.260000,0.230969
50,4,train,100,0.180000,0.121660
50,4,train,101,0.018000,0.052691
50,4,train,102,0.135000,0.154721
50,4,train,103,0.160000,0.084586
50,4,train,104,-0.110000,0.036894
50,4,train,105,0.210000,0.198601
50,4,train,106,0.010000,0.057830
50,4,train,107,0.114400,0.131153
50,4,train,108,-0.390000,-0.174229
50,4,train,109,0.010000,0.059675
50,4,train,110,0.094600,0.109799
50,4,train,111,0.020000,0.082910
50,4,train,112,0.790000,0.612626
50,4,train,113,0.160000,0.189984
50,4,train,114,0.260000,0.226413
50,4,train,115,0.045300,0.073170
50,4,train,116,0.043800,0.067571
50,4,train,117,0.020000,0.064404
50,4,train,118,0.232000,0.210096
50,4,train,119,0.020000,0.058843
50,4,train,120,0.075400,0.068604
50,4,train,121,0.030000,0.101921
50,4,train,122,0.200000,0.206775
50,4,train,123,0.330000,0.241021
50,4,train,124,0.020000,0.061625
50,4,train,125,0.160000,0.184714
50,4,train,126,0.174900,0.138374
50,4,train,127,0.220000,0.187529
50,4,train,128,0.240000,0.178399
50,4,train,129,0.120000,0.214712
50,5,test,0,0.054300,0.143372
50,5,test,1,0.240000,0.231683
50,5,test,2,0.040000,0.195971
50,5,test,3,0.790000,0.631020
50,5,test,4,0.100000,0.108665
50,5,test,5,0.010000,0.081991
50,5,test,6,0.094600,0.099904
50,5,test,7,-0.350000,0.228161
50,5,test,8,0.240000,0.219737
50,5,test,9,0.093900,0.114486
50,5,test,10,0.185100,0.180571
50,5,test,11,0.190000,0.165246
50,5,test,12,0.024200,0.066238
50,5,test,13,0.032000,0.122531
50,5,test,14,0.280000,0.214001
50,5,test,15,-0.030000,0.104454
50,5,test,16,0.030000,0.096128
50,5,test,17,0.160000,0.041565
50,5,test,18,0.260000,0.208492
50,5,test,19,0.063300,0.097847
50,5,test,20,0.190000,0.130470
50,5,test,21,0.160000,0.139171
50,5,test,22,0.163300,0.148949
50,5,test,23,0.023500,0.050168
50,5,test,24,0.094700,0.188992
50,5,test,25,0.174900,0.138180
50,5,test,26,0.090000,0.114486
50,5,test,27,0.035100,0.073454
50,5,test,28,0.052410,0.131604
50,5,test,29,0.200000,0.175242
50,5,test,30,0.010000,0.080009
50,5,test,31,0.220000,0.160419
50,5,test,32,0.190000,0.197219
50,5,train,0,0.160000,0.165635
50,5,train,1,0.790000,0.691802
50,5,train,2,0.075400,0.074123
50,5,train,3,0.050000,0.046446
50,5,train,4,0.110000,0.118295
50,5,train,5,0.310000,0.295754
50,5,train,6,0.040000,0.075499
50,5,train,7,0.090000,0.098475
50,5,train,8,0.174900,0.138180
50,5,train,9,0.020000,0.070628
50,5,train,10,0.144700,0.133050
50,5,train,11,-0.110000,-0.038925
50,5,train,12,0.133000,0.194717
50,5,train,13,0.048480,0.108515
50,5,train,14,0.010000,0.029773
50,5,train,15,0.220000,0.178199
50,5,train,16,0.250000,0.232325
50,5,train,17,0.190000,0.172510
50,5,train,18,0.270000,0.242064
50,5,train,19,0.193500,0.184833
50,5,train,20,0.232000,0.215412
50,5,train,21,0.260000,0.235027
50,5,train,22,0.370000,0.306789
50,5,train,23,0.100000,0.120757
50,5,train,24,0.260000,0.269059
50,5,train,25,0.060000,0.097847
50,5,train,26,0.151000,0.141053
50,5,train,27,0.020000,0.033586
50,5,train,28,0.244400,0.229829
50,5,train,29,0.094900,0.100008
50,5,train,30,0.025000,0.037626
50,5,train,31,0.018000,0.036865
50,5,train,32,0.210000,0.214953
50,5,train,33,0.065340,0.086270
50,5,train,34,0.111520,0.134953
50,5,train,35,0.150000,0.189206
50,5,train,36,0.190000,0.184833
50,5,train,37,0.070000,0.083789
50,5,train,38,0.160000,0.180415
50,5,train,39,0.137000,0.129150
50,5,train,40,0.210000,0.174425
50,5,train,41,0.095300,0.091207
50,5,train,42,0.100000,0.108665
50,5,train,43,0.403000,0.351635
50,5,train,44,0.170000,0.181395
50,5,train,45,0.260000,0.278149
50,5,train,46,0.020000,0.137261
50,5,train,47,0.020000,0.031788
50,5,train,48,0.035400,0.046543
50,5,train,49,0.022000,0.039438
50,5,train,50,0.151000,0.141053
50,5,train,51,0.150000,0.178040
50,5,train,52,0.094900,0.100008
50,5,train,53,0.135000,0.173706
50,5,train,54,0.130000,0.130618
50,5,train,55,0.080000,0.092457
50,5,train,56,0.073410,0.095313
50,5,train,57,0.020000,0.050168
50,5,train,58,0.084600,0.098107
50,5,train,59,0.284200,0.235495
50,5,train,60,0.240000,0.225848
50,5,train,61,0.230000,0.223654
50,5,train,62,0.044200,0.047677
50,5,train,63,0.072000,0.088090
50,5,train,64,0.280000,0.194717
50,5,train,65,0.010000,0.032687
50,5,train,66,0.115100,0.130283
50,5,train,67,0.080000,0.088862
50,5,train,68,0.075400,0.074123
50,5,train,69,0.190000,0.156298
50,5,train,70,0.120000,0.171807
50,5,train,71,0.110000,0.118295
50,5,train,72,0.144700,0.133050
50,5,train,73,0.242000,0.245146
50,5,train,74,0.224400,0.218777
50,5,train,75,0.030000,0.075054
50,5,train,76,0.115100,0.130283
50,5,train,77,0.035100,0.073454
50,5,train,78,0.180000,0.141077
50,5,train,79,0.020000,0.065199
50,5,train,80,0.380000,0.298719
50,5,train,81,0.030000,0.074398
50,5,train,82,0.080000,0.082392
50,5,train,83,0.090000,0.076126
50,5,train,84,0.160000,0.148949
50,5,train,85,0.150000,0.195295
50,5,train,86,0.030000,0.141242
50,5,train,87,0.040000,0.067451
50,5,train,88,0.320000,0.295880
50,5,train,89,0.439000,0.332741
50,5,train,90,-0.390000,-0.186759
50,5,train,91,0.180000,0.170742
50,5,train,92,0.000000,0.052639
50,5,train,93,0.144500,0.159936
50,5,train,94,0.035400,0.046543
50,5,train,95,0.020000,0.068721
50,5,train,96,0.045300,0.067416
50,5,train,97,0.540000,0.345473
50,5,train,98,0.280000,0.247521
50,5,train,99,0.058480,0.109093
50,5,train,100,0.360000,0.267386
50,5,train,101,0.050000,0.051903
50,5,train,102,0.010000,0.079714
50,5,train,103,0.820000,0.612138
50,5,train,104,0.020000,0.053592
50,5,train,105,0.330000,0.294527
50,5,train,106,0.200000,0.173300
50,5,train,107,0.200000,0.210580
50,5,train,108,0.240000,0.198442
50,5,train,109,0.273300,0.242064
50,5,train,110,0.090000,0.077036
50,5,train,111,0.020000,0.029484
50,5,train,112,0.290000,0.247459
50,5,train,113,0.270000,0.237874
50,5,train,114,0.130000,0.130618
50,5,train,115,0.114400,0.138290
50,5,train,116,-0.080000,0.024602
50,5,train,117,0.043800,0.055840
50,5,train,118,0.264400,0.247107
50,5,train,119,0.185100,0.180571
50,5,train,120,0.030000,0.048653
50,5,train,121,0.062000,0.107926
50,5,train,122,0.380000,0.310518
50,5,train,123,0.050000,0.078787
50,5,train,124,0.090000,0.109650
50,5,train,125,0.350000,0.311217
50,5,train,126,0.020000,0.134377
50,5,train,127,0.011000,0.092373
50,5,train,128,0.290000,0.260828
50,5,train,129,0.018000,0.083163
50,6,test,0,0.190000,0.140427
50,6,test,1,0.310000,0.230408
50,6,test,2,0.220000,0.109358
50,6,test,3,0.095300,0.088547
50,6,test,4,0.280000,0.183828
50,6,test,5,0.100000,0.104402
50,6,test,6,0.020000,0.076987
50,6,test,7,0.190000,0.180329
50,6,test,8,0.290000,0.191336
50,6,test,9,0.144700,0.125586
50,6,test,10,0.790000,0.592549
50,6,test,11,0.020000,0.142653
50,6,test,12,0.020000,0.042370
50,6,test,13,0.160000,0.171496
50,6,test,14,0.114400,0.150113
50,6,test,15,0.174900,0.118971
50,6,test,16,0.260000,0.203846
50,6,test,17,0.210000,0.212689
50,6,test,18,0.045300,0.095113
50,6,test,19,0.084600,0.093813
50,6,test,20,0.150000,0.243082
50,6,test,21,0.040000,0.194165
50,6,test,22,0.151000,0.090027
50,6,test,23,0.280000,0.224464
50,6,test,24,0.151000,0.090027
50,6,test,25,0.035400,0.095417
50,6,test,26,0.144500,0.150817
50,6,test,27,0.030000,0.077152
50,6,test,28,0.160000,0.124706
50,6,test,29,-0.390000,0.125587
50,6,test,30,0.035100,0.074354
50,6,test,31,0.200000,0.105882
50,6,test,32,0.035400,0.095417
50,6,train,0,0.133000,0.154697
50,6,train,1,0.190000,0.165288
50,6,train,2,0.200000,0.205259
50,6,train,3,0.093900,0.101217
50,6,train,4,0.030000,0.064404
50,6,train,5,0.135000,0.170767
50,6,train,6,0.000000,0.071013
50,6,train,7,0.110000,0.112104
50,6,train,8,0.100000,0.104402
50,6,train,9,0.190000,0.141183
50,6,train,10,0.163300,0.130083
50,6,train,11,0.080000,0.078543
50,6,train,12,0.094900,0.093008
50,6,train,13,0.025000,0.061130
50,6,train,14,0.260000,0.247805
50,6,train,15,0.370000,0.270201
50,6,train,16,0.018000,0.062604
50,6,train,17,0.150000,0.177909
50,6,train,18,0.264400,0.220212
50,6,train,19,0.100000,0.115759
50,6,train,20,0.240000,0.194074
50,6,train,21,0.185100,0.161247
50,6,train,22,0.230000,0.227736
50,6,train,23,0.043800,0.069584
50,6,train,24,0.020000,0.058546
50,6,train,25,0.160000,0.088100
50,6,train,26,0.170000,0.176766
50,6,train,27,0.270000,0.205679
50,6,train,28,0.094700,0.124010
50,6,train,29,0.020000,0.064949
50,6,train,30,0.090000,0.101217
50,6,train,31,0.120000,0.170855
50,6,train,32,0.284200,0.207031
50,6,train,33,0.240000,0.184214
50,6,train,34,0.020000,0.123940
50,6,train,35,0.065340,0.092111
50,6,train,36,0.330000,0.264174
50,6,train,37,0.190000,0.175112
50,6,train,38,0.020000,0.063642
50,6,train,39,0.220000,0.203435
50,6,train,40,0.130000,0.119494
50,6,train,41,0.180000,0.119828
50,6,train,42,0.050000,0.083071
50,6,train,43,0.080000,0.091339
50,6,train,44,0.224400,0.209337
50,6,train,45,0.018000,0.076233
50,6,train,46,0.320000,0.277785
50,6,train,47,0.075400,0.072747
50,6,train,48,0.090000,0.101987
50,6,train,49,0.010000,0.040694
50,6,train,50,0.072000,0.097201
50,6,train,51,0.200000,0.189188
50,6,train,52,-0.080000,0.055679
50,6,train,53,0.020000,0.136191
50,6,train,54,0.190000,0.166445
50,6,train,55,0.011000,0.095449
50,6,train,56,0.080000,0.084224
50,6,train,57,0.040000,0.068742
50,6,train,58,0.280000,0.154697
50,6,train,59,0.150000,0.187398
50,6,train,60,0.240000,0.212347
50,6,train,61,0.094600,0.093114
50,6,train,62,0.044200,0.071349
50,6,train,63,0.022000,0.064565
50,6,train,64,0.062000,0.087512
50,6,train,65,0.260000,0.257498
50,6,train,66,0.380000,0.296724
50,6,train,67,0.094900,0.093008
50,6,train,68,0.242000,0.215373
50,6,train,69,0.010000,0.064678
50,6,train,70,0.180000,0.151080
50,6,train,71,0.048480,0.105202
50,6,train,72,0.380000,0.285159
50,6,train,73,0.290000,0.221915
50,6,train,74,0.023500,0.076987
50,6,train,75,0.024200,0.068187
50,6,train,76,0.073410,0.081032
50,6,train,77,0.050000,0.082318
50,6,train,78,0.273300,0.205679
50,6,train,79,0.137000,0.122685
50,6,train,80,0.111520,0.117919
50,6,train,81,0.075400,0.072747
50,6,train,82,0.032000,0.089797
50,6,train,83,0.090000,0.076736
50,6,train,84,0.020000,0.044049
50,6,train,85,0.030000,0.080050
50,6,train,86,0.020000,0.072435
50,6,train,87,0.010000,0.040539
50,6,train,88,0.115100,0.132141
50,6,train,89,0.403000,0.350037
50,6,train,90,-0.030000,0.044708
50,6,train,91,0.070000,0.078633
50,6,train,92,0.063300,0.085684
50,6,train,93,-0.350000,-0.134613
50,6,train,94,0.115100,0.132141
50,6,train,95,0.360000,0.251811
50,6,train,96,0.160000,0.153616
50,6,train,97,0.232000,0.213067
50,6,train,98,0.193500,0.175112
50,6,train,99,0.244400,0.202423
50,6,train,100,0.250000,0.223335
50,6,train,101,0.110000,0.112104
50,6,train,102,0.060000,0.085684
50,6,train,103,-0.110000,0.001019
50,6,train,104,0.210000,0.150993
50,6,train,105,0.439000,0.359388
50,6,train,106,0.040000,0.086377
50,6,train,107,0.820000,0.637913
50,6,train,108,0.260000,0.228682
50,6,train,109,0.130000,0.119494
50,6,train,110,0.090000,0.099744
50,6,train,111,0.270000,0.229342
50,6,train,112,0.030000,0.064815
50,6,train,113,0.058480,0.099984
50,6,train,114,0.790000,0.661448
50,6,train,115,0.350000,0.282458
50,6,train,116,0.540000,0.343153
50,6,train,117,0.010000,0.065974
50,6,train,118,0.054300,0.099452
50,6,train,119,0.144700,0.125586
50,6,train,120,0.174900,0.118971
50,6,train,121,0.240000,0.224180
50,6,train,122,0.052410,0.088935
50,6,train,123,0.160000,0.130083
50,6,train,124,0.185100,0.161247
50,6,train,125,0.050000,0.066772
50,6,train,126,0.035100,0.074354
50,6,train,127,0.030000,0.083334
50,6,train,128,0.090000,0.082971
50,6,train,129,0.010000,0.043995
50,7,test,0,0.144700,0.129485
50,7,test,1,0.130000,0.124590
50,7,test,2,0.095300,0.085589
50,7,test,3,0.030000,0.178029
50,7,test,4,0.290000,0.174520
50,7,test,5,0.075400,0.070636
50,7,test,6,0.150000,0.235950
50,7,test,7,0.020000,0.066440
50,7,test,8,0.094700,0.188721
50,7,test,9,0.280000,0.232797
50,7,test,10,0.073410,0.082936
50,7,test,11,0.200000,0.122180
50,7,test,12,0.380000,0.183555
50,7,test,13,0.190000,0.140923
50,7,test,14,0.020000,0.036042
50,7,test,15,0.072000,0.130080
50,7,test,16,0.080000,0.074596
50,7,test,17,0.018000,0.151256
50,7,test,18,0.220000,0.168989
50,7,test,19,0.240000,0.164277
50,7,test,20,0.020000,0.052185
50,7,test,21,0.084600,0.093259
50,7,test,22,0.160000,0.049000
50,7,test,23,0.790000,0.431885
50,7,test,24,0.060000,0.084797
50,7,test,25,0.090000,0.064139
50,7,test,26,0.135000,0.197582
50,7,test,27,0.210000,0.211035
50,7,test,28,0.230000,0.212642
50,7,test,29,0.115100,0.186158
50,7,test,30,0.115100,0.186158
50,7,test,31,0.790000,0.465779
50,7,test,32,0.110000,0.111987
50,7,train,0,0.244400,0.217550
50,7,train,1,0.260000,0.241378
50,7,train,2,0.035100,0.043430
50,7,train,3,0.160000,0.157353
50,7,train,4,0.022000,0.039430
50,7,train,5,0.160000,0.153788
50,7,train,6,0.100000,0.101959
50,7,train,7,0.032000,0.071178
50,7,train,8,0.063300,0.084797
50,7,train,9,0.190000,0.187160
50,7,train,10,-0.110000,-0.033091
50,7,train,11,0.010000,0.034484
50,7,train,12,0.137000,0.133264
50,7,train,13,0.018000,0.038582
50,7,train,14,0.054300,0.083267
50,7,train,15,-0.080000,0.024060
50,7,train,16,-0.030000,0.023473
50,7,train,17,0.273300,0.252020
50,7,train,18,0.048480,0.078079
50,7,train,19,0.200000,0.174504
50,7,train,20,0.094900,0.096059
50,7,train,21,0.190000,0.188861
50,7,train,22,0.100000,0.116595
50,7,train,23,-0.350000,-0.129041
50,7,train,24,0.080000,0.081582
50,7,train,25,0.439000,0.387258
50,7,train,26,-0.390000,-0.186226
50,7,train,27,0.011000,0.076875
50,7,train,28,0.185100,0.184946
50,7,train,29,0.020000,0.038807
50,7,train,30,0.260000,0.231612
50,7,train,31,0.350000,0.306531
50,7,train,32,0.035400,0.044414
50,7,train,33,0.130000,0.124590
50,7,train,34,0.224400,0.203108
50,7,train,35,0.180000,0.147318
50,7,train,36,0.163300,0.153788
50,7,train,37,0.075400,0.070636
50,7,train,38,0.040000,0.093795
50,7,train,39,0.190000,0.159320
50,7,train,40,0.030000,0.068729
50,7,train,41,0.193500,0.187160
50,7,train,42,0.090000,0.086123
50,7,train,43,0.024200,0.046354
50,7,train,44,0.030000,0.047948
50,7,train,45,0.020000,0.033869
50,7,train,46,0.090000,0.098950
50,7,train,47,0.190000,0.176077
50,7,train,48,0.065340,0.088133
50,7,train,49,0.080000,0.089697
50,7,train,50,0.180000,0.162666
50,7,train,51,0.094900,0.096059
50,7,train,52,0.280000,0.194258
50,7,train,53,0.090000,0.094786
50,7,train,54,0.190000,0.157047
50,7,train,55,0.044200,0.052133
50,7,train,56,0.330000,0.273146
50,7,train,57,0.025000,0.039384
50,7,train,58,0.030000,0.053993
50,7,train,59,0.150000,0.177022
50,7,train,60,0.000000,0.048584
50,7,train,61,0.160000,0.149257
50,7,train,62,0.820000,0.591117
50,7,train,63,0.280000,0.253059
50,7,train,64,0.058480,0.086594
50,7,train,65,0.151000,0.141220
50,7,train,66,0.240000,0.193389
50,7,train,67,0.020000,0.113297
50,7,train,68,0.260000,0.258245
50,7,train,69,0.232000,0.201478
50,7,train,70,0.114400,0.138266
50,7,train,71,0.242000,0.229912
50,7,train,72,0.040000,0.070250
50,7,train,73,0.150000,0.160968
50,7,train,74,0.264400,0.237160
50,7,train,75,0.062000,0.085009
50,7,train,76,0.240000,0.210908
50,7,train,77,0.035100,0.043430
50,7,train,78,0.050000,0.055415
50,7,train,79,0.110000,0.111987
50,7,train,80,0.120000,0.164094
50,7,train,81,0.320000,0.283591
50,7,train,82,0.094600,0.096618
50,7,train,83,0.100000,0.101959
50,7,train,84,0.160000,0.145859
50,7,train,85,0.270000,0.238832
50,7,train,86,0.380000,0.305820
50,7,train,87,0.270000,0.252020
50,7,train,88,0.170000,0.187576
50,7,train,89,0.111520,0.124056
50,7,train,90,0.050000,0.078984
50,7,train,91,0.020000,0.061638
50,7,train,92,0.040000,0.069112
50,7,train,93,0.260000,0.258861
50,7,train,94,0.250000,0.215907
50,7,train,95,0.403000,0.374405
50,7,train,96,0.151000,0.141220
50,7,train,97,0.290000,0.237704
50,7,train,98,0.240000,0.229278
50,7,train,99,0.035400,0.044414
50,7,train,100,0.090000,0.101327
50,7,train,101,0.174900,0.165073
50,7,train,102,0.220000,0.180714
50,7,train,103,0.045300,0.071126
50,7,train,104,0.020000,0.107894
50,7,train,105,0.284200,0.237911
50,7,train,106,0.050000,0.074861
50,7,train,107,0.010000,0.032776
50,7,train,108,0.070000,0.079071
50,7,train,109,0.043800,0.058160
50,7,train,110,0.144500,0.159466
50,7,train,111,0.310000,0.284815
50,7,train,112,0.020000,0.035070
50,7,train,113,0.174900,0.165073
50,7,train,114,0.020000,0.071935
50,7,train,115,0.010000,0.054290
50,7,train,116,0.210000,0.170985
50,7,train,117,0.540000,0.388355
50,7,train,118,0.010000,0.038639
50,7,train,119,0.023500,0.033869
50,7,train,120,0.010000,0.050459
50,7,train,121,0.144700,0.129485
50,7,train,122,0.370000,0.304031
50,7,train,123,0.093900,0.094786
50,7,train,124,0.133000,0.194258
50,7,train,125,0.185100,0.184946
50,7,train,126,0.200000,0.189067
50,7,train,127,0.360000,0.278425
50,7,train,128,0.030000,0.063275
50,7,train,129,0.052410,0.085977
50,8,test,0,0.018000,0.070663
50,8,test,1,-0.030000,0.111618
50,8,test,2,0.439000,0.272772
50,8,test,3,0.264400,0.194247
50,8,test,4,0.100000,0.119217
50,8,test,5,0.114400,0.154921
50,8,test,6,0.100000,0.110065
50,8,test,7,0.160000,0.155303
50,8,test,8,0.160000,0.134969
50,8,test,9,0.043800,0.079557
50,8,test,10,0.200000,0.194084
50,8,test,11,0.240000,0.216041
50,8,test,12,0.220000,0.108728
50,8,test,13,0.054300,0.137584
50,8,test,14,0.180000,0.074418
50,8,test,15,0.075400,0.068180
50,8,test,16,0.380000,0.173915
50,8,test,17,0.052410,0.141578
50,8,test,18,0.070000,0.117878
50,8,test,19,0.144700,0.126845
50,8,test,20,0.030000,0.074341
50,8,test,21,0.093900,0.101758
50,8,test,22,0.020000,0.070104
50,8,test,23,0.290000,0.190881
50,8,test,24,0.210000,0.204063
50,8,test,25,0.160000,0.178568
50,8,test,26,-0.390000,0.136338
50,8,test,27,0.150000,0.235186
50,8,test,28,0.030000,0.116361
50,8,test,29,0.110000,0.116438
50,8,test,30,0.240000,0.192320
50,8,test,31,0.010000,0.043808
50,8,test,32,0.820000,0.325697
50,8,train,0,0.094900,0.095810
50,8,train,1,0.150000,0.153375
50,8,train,2,0.020000,0.067517
50,8,train,3,0.018000,0.067651
50,8,train,4,0.224400,0.209189
50,8,train,5,0.010000,0.036761
50,8,train,6,0.290000,0.262210
50,8,train,7,0.232000,0.204525
50,8,train,8,0.090000,0.101758
50,8,train,9,0.137000,0.127411
50,8,train,10,0.020000,0.025571
50,8,train,11,0.284200,0.221991
50,8,train,12,0.350000,0.309510
50,8,train,13,0.030000,0.055965
50,8,train,14,0.094900,0.095810
50,8,train,15,0.174900,0.166087
50,8,train,16,0.360000,0.268140
50,8,train,17,0.090000,0.095648
50,8,train,18,0.242000,0.224550
50,8,train,19,0.050000,0.078192
50,8,train,20,0.240000,0.204577
50,8,train,21,0.273300,0.248001
50,8,train,22,0.115100,0.121445
50,8,train,23,0.111520,0.119954
50,8,train,24,0.040000,0.090746
50,8,train,25,-0.080000,0.017757
50,8,train,26,0.193500,0.182112
50,8,train,27,0.320000,0.285269
50,8,train,28,0.403000,0.308089
50,8,train,29,0.063300,0.071003
50,8,train,30,0.330000,0.272175
50,8,train,31,0.090000,0.087759
50,8,train,32,0.210000,0.163189
50,8,train,33,0.020000,0.111104
50,8,train,34,0.133000,0.194101
50,8,train,35,0.185100,0.177408
50,8,train,36,0.280000,0.261536
50,8,train,37,0.090000,0.079579
50,8,train,38,0.032000,0.063686
50,8,train,39,0.022000,0.053480
50,8,train,40,0.200000,0.161424
50,8,train,41,0.190000,0.180831
50,8,train,42,0.260000,0.257489
50,8,train,43,0.073410,0.093736
50,8,train,44,0.200000,0.176276
50,8,train,45,0.035100,0.046395
50,8,train,46,0.020000,0.038404
50,8,train,47,0.115100,0.121445
50,8,train,48,0.190000,0.157801
50,8,train,49,0.174900,0.166087
50,8,train,50,0.040000,0.064792
50,8,train,51,0.010000,0.022292
50,8,train,52,0.144500,0.145068
50,8,train,53,0.023500,0.032164
50,8,train,54,0.790000,0.677432
50,8,train,55,0.010000,0.046324
50,8,train,56,0.020000,0.106831
50,8,train,57,0.135000,0.149676
50,8,train,58,0.310000,0.288919
50,8,train,59,0.094700,0.121265
50,8,train,60,0.163300,0.134969
50,8,train,61,0.120000,0.161224
50,8,train,62,0.190000,0.175992
50,8,train,63,0.250000,0.234948
50,8,train,64,0.075400,0.068180
50,8,train,65,0.020000,0.051888
50,8,train,66,0.095300,0.096471
50,8,train,67,0.540000,0.362760
50,8,train,68,0.790000,0.636234
50,8,train,69,0.180000,0.164546
50,8,train,70,0.144700,0.126845
50,8,train,71,0.048480,0.093144
50,8,train,72,0.260000,0.246753
50,8,train,73,0.160000,0.117808
50,8,train,74,0.045300,0.062597
50,8,train,75,0.280000,0.244248
50,8,train,76,-0.350000,-0.136325
50,8,train,77,0.380000,0.305120
50,8,train,78,0.170000,0.181193
50,8,train,79,0.020000,0.048156
50,8,train,80,0.044200,0.059941
50,8,train,81,0.035400,0.043222
50,8,train,82,0.244400,0.210337
50,8,train,83,0.260000,0.239749
50,8,train,84,0.370000,0.302760
50,8,train,85,0.094600,0.094904
50,8,train,86,0.084600,0.090680
50,8,train,87,0.065340,0.079597
50,8,train,88,0.058480,0.090480
50,8,train,89,0.130000,0.129086
50,8,train,90,0.060000,0.071003
50,8,train,91,0.160000,0.158861
50,8,train,92,0.035100,0.046395
50,8,train,93,0.185100,0.177408
50,8,train,94,0.090000,0.100274
50,8,train,95,0.080000,0.089027
50,8,train,96,0.151000,0.142708
50,8,train,97,0.270000,0.250475
50,8,train,98,0.240000,0.216862
50,8,train,99,0.072000,0.092372
50,8,train,100,-0.110000,-0.028814
50,8,train,101,0.050000,0.071143
50,8,train,102,0.011000,0.073892
50,8,train,103,0.260000,0.259989
50,8,train,104,0.190000,0.183200
50,8,train,105,0.190000,0.170441
50,8,train,106,0.280000,0.194101
50,8,train,107,0.025000,0.043294
50,8,train,108,0.230000,0.214920
50,8,train,109,0.080000,0.085085
50,8,train,110,0.000000,0.041892
50,8,train,111,0.020000,0.032164
50,8,train,112,0.130000,0.129086
50,8,train,113,0.151000,0.142708
50,8,train,114,0.062000,0.084760
50,8,train,115,0.270000,0.248001
50,8,train,116,0.020000,0.033666
50,8,train,117,0.080000,0.075145
50,8,train,118,0.040000,0.071805
50,8,train,119,0.150000,0.180014
50,8,train,120,0.190000,0.182112
50,8,train,121,0.110000,0.116438
50,8,train,122,0.030000,0.079294
50,8,train,123,0.024200,0.051792
50,8,train,124,0.220000,0.199110
50,8,train,125,0.035400,0.043222
50,8,train,126,0.010000,0.030807
50,8,train,127,0.030000,0.043630
50,8,train,128,0.050000,0.077146
50,8,train,129,0.100000,0.110065
50,9,test,0,0.163300,0.154255
50,9,test,1,0.190000,0.145415
50,9,test,2,0.032000,0.105231
50,9,test,3,0.072000,0.106698
50,9,test,4,0.025000,0.066762
50,9,test,5,0.080000,0.080398
50,9,test,6,0.240000,0.233468
50,9,test,7,0.080000,0.161452
50,9,test,8,0.095300,0.084972
50,9,test,9,0.190000,0.155157
50,9,test,10,0.120000,0.254276
50,9,test,11,0.043800,0.076153
50,9,test,12,0.010000,0.057086
50,9,test,13,0.174900,0.136465
50,9,test,14,0.094900,0.108171
50,9,test,15,0.100000,0.129073
50,9,test,16,0.100000,0.129073
50,9,test,17,0.151000,0.127575
50,9,test,18,0.020000,0.226892
50,9,test,19,0.264400,0.176882
50,9,test,20,0.244400,0.159405
50,9,test,21,0.020000,0.093256
50,9,test,22,0.190000,0.158444
50,9,test,23,0.180000,0.081261
50,9,test,24,0.090000,0.148349
50,9,test,25,0.280000,0.137425
50,9,test,26,0.193500,0.117616
50,9,test,27,0.054300,0.138108
50,9,test,28,0.190000,0.117616
50,9,test,29,0.058480,0.151133
50,9,test,30,0.144700,0.118166
50,9,test,31,0.050000,0.192950
50,9,test,32,0.280000,0.192899
50,9,train,0,0.052410,0.108414
50,9,train,1,0.094600,0.102948
50,9,train,2,0.035400,0.040787
50,9,train,3,0.190000,0.127431
50,9,train,4,0.010000,0.026372
50,9,train,5,0.790000,0.723497
50,9,train,6,0.350000,0.308689
50,9,train,7,0.540000,0.312130
50,9,train,8,0.065340,0.093158
50,9,train,9,0.070000,0.051137
50,9,train,10,0.010000,0.036165
50,9,train,11,-0.030000,0.024843
50,9,train,12,0.035400,0.040787
50,9,train,13,0.093900,0.088954
50,9,train,14,0.115100,0.124284
50,9,train,15,0.050000,0.045941
50,9,train,16,0.030000,0.079023
50,9,train,17,0.111520,0.121885
50,9,train,18,0.044200,0.047050
50,9,train,19,0.040000,0.076624
50,9,train,20,0.084600,0.102228
50,9,train,21,0.020000,0.073152
50,9,train,22,0.115100,0.124284
50,9,train,23,0.380000,0.303251
50,9,train,24,0.100000,0.108835
50,9,train,25,0.290000,0.196324
50,9,train,26,0.045300,0.059054
50,9,train,27,0.320000,0.289419
50,9,train,28,0.290000,0.253850
50,9,train,29,0.035100,0.054117
50,9,train,30,0.310000,0.283904
50,9,train,31,0.185100,0.174498
50,9,train,32,0.380000,0.266235
50,9,train,33,0.130000,0.127681
50,9,train,34,0.011000,0.109202
50,9,train,35,0.020000,0.075660
50,9,train,36,0.022000,0.050358
50,9,train,37,0.110000,0.124610
50,9,train,38,0.075400,0.067624
50,9,train,39,0.020000,0.128161
50,9,train,40,0.260000,0.271206
50,9,train,41,0.020000,0.053600
50,9,train,42,0.090000,0.083559
50,9,train,43,0.094900,0.108171
50,9,train,44,0.232000,0.221132
50,9,train,45,0.150000,0.186675
50,9,train,46,0.242000,0.221651
50,9,train,47,0.260000,0.255665
50,9,train,48,0.150000,0.216288
50,9,train,49,0.048480,0.146538
50,9,train,50,0.075400,0.067624
50,9,train,51,0.135000,0.164106
50,9,train,52,0.010000,0.059051
50,9,train,53,0.200000,0.212536
50,9,train,54,0.174900,0.136465
50,9,train,55,0.080000,0.080022
50,9,train,56,0.210000,0.178459
50,9,train,57,0.110000,0.124610
50,9,train,58,0.020000,0.042619
50,9,train,59,0.030000,0.054136
50,9,train,60,0.151000,0.127575
50,9,train,61,0.024200,0.039500
50,9,train,62,0.790000,0.747927
50,9,train,63,0.050000,0.136870
50,9,train,64,0.023500,0.028403
50,9,train,65,0.273300,0.224137
50,9,train,66,0.018000,0.056145
50,9,train,67,0.270000,0.224137
50,9,train,68,0.130000,0.127681
50,9,train,69,0.160000,0.135170
50,9,train,70,0.224400,0.212594
50,9,train,71,-0.110000,-0.021605
50,9,train,72,0.230000,0.245450
50,9,train,73,0.094700,0.120662
50,9,train,74,0.090000,0.098189
50,9,train,75,0.260000,0.272643
50,9,train,76,0.144700,0.118166
50,9,train,77,0.040000,0.064985
50,9,train,78,0.360000,0.236967
50,9,train,79,0.030000,0.089632
50,9,train,80,0.284200,0.214939
50,9,train,81,0.240000,0.218802
50,9,train,82,0.170000,0.165336
50,9,train,83,0.370000,0.296229
50,9,train,84,0.439000,0.332614
50,9,train,85,0.030000,0.061479
50,9,train,86,0.114400,0.129337
50,9,train,87,0.133000,0.137425
50,9,train,88,0.073410,0.087782
50,9,train,89,0.280000,0.263577
50,9,train,90,0.200000,0.153396
50,9,train,91,0.030000,0.041087
50,9,train,92,0.820000,0.631427
50,9,train,93,0.190000,0.153548
50,9,train,94,0.062000,0.112180
50,9,train,95,0.040000,0.119651
50,9,train,96,0.403000,0.335780
50,9,train,97,0.160000,0.158229
50,9,train,98,0.018000,0.080653
50,9,train,99,0.220000,0.165371
50,9,train,100,0.180000,0.159455
50,9,train,101,0.090000,0.100605
50,9,train,102,0.060000,0.079582
50,9,train,103,0.330000,0.283401
50,9,train,104,0.220000,0.191571
50,9,train,105,0.210000,0.201500
50,9,train,106,0.160000,0.106414
50,9,train,107,0.020000,0.025986
50,9,train,108,-0.350000,-0.182191
50,9,train,109,0.144500,0.149121
50,9,train,110,0.240000,0.211180
50,9,train,111,0.240000,0.190020
50,9,train,112,0.000000,0.051025
50,9,train,113,0.090000,0.088954
50,9,train,114,0.200000,0.051109
50,9,train,115,0.250000,0.252261
50,9,train,116,0.160000,0.154255
50,9,train,117,0.160000,0.159915
50,9,train,118,0.035100,0.054117
50,9,train,119,-0.390000,-0.245320
50,9,train,120,0.063300,0.079582
50,9,train,121,0.020000,0.028403
50,9,train,122,0.137000,0.133010
50,9,train,123,-0.080000,0.036295
50,9,train,124,0.270000,0.265844
50,9,train,125,0.150000,0.189571
50,9,train,126,0.010000,0.076761
50,9,train,127,0.020000,0.031703
50,9,train,128,0.185100,0.174498
50,9,train,129,0.260000,0.242015
50,10,test,0,0.111520,0.147691
50,10,test,1,0.020000,0.034086
50,10,test,2,0.044200,0.078624
50,10,test,3,0.073410,0.078607
50,10,test,4,0.035100,0.066366
50,10,test,5,0.110000,0.110746
50,10,test,6,0.790000,0.441126
50,10,test,7,0.020000,0.090763
50,10,test,8,0.330000,0.164326
50,10,test,9,0.090000,0.066322
50,10,test,10,0.070000,0.133640
50,10,test,11,0.060000,0.087310
50,10,test,12,0.163300,0.147355
50,10,test,13,0.065340,0.151815
50,10,test,14,0.045300,0.109786
50,10,test,15,0.032000,0.131071
50,10,test,16,0.200000,0.183695
50,10,test,17,0.240000,0.183685
50,10,test,18,0.030000,0.122093
50,10,test,19,0.130000,0.125457
50,10,test,20,0.144500,0.159178
50,10,test,21,0.018000,0.159680
50,10,test,22,0.160000,0.160677
50,10,test,23,0.220000,0.140393
50,10,test,24,0.094600,0.089770
50,10,test,25,0.193500,0.163260
50,10,test,26,0.035400,0.071945
50,10,test,27,0.010000,0.075303
50,10,test,28,0.020000,0.044217
50,10,test,29,-0.390000,0.145419
50,10,test,30,0.820000,0.259106
50,10,test,31,-0.030000,0.130429
50,10,test,32,0.210000,0.089884
50,10,train,0,0.210000,0.203669
50,10,train,1,0.540000,0.373474
50,10,train,2,0.280000,0.243209
50,10,train,3,0.020000,0.040689
50,10,train,4,0.230000,0.218395
50,10,train,5,0.020000,0.054959
50,10,train,6,0.150000,0.183149
50,10,train,7,0.370000,0.307277
50,10,train,8,0.790000,0.493051
50,10,train,9,0.260000,0.255955
50,10,train,10,0.190000,0.163260
50,10,train,11,0.050000,0.060758
50,10,train,12,0.160000,0.153284
50,10,train,13,0.030000,0.052832
50,10,train,14,0.075400,0.074736
50,10,train,15,0.054300,0.090641
50,10,train,16,0.151000,0.136674
50,10,train,17,-0.110000,-0.023067
50,10,train,18,0.273300,0.250429
50,10,train,19,0.010000,0.028232
50,10,train,20,0.135000,0.160520
50,10,train,21,0.270000,0.250429
50,10,train,22,0.115100,0.123081
50,10,train,23,0.024200,0.057245
50,10,train,24,0.011000,0.078064
50,10,train,25,0.052410,0.090760
50,10,train,26,0.190000,0.182937
50,10,train,27,0.094900,0.097201
50,10,train,28,0.040000,0.057028
50,10,train,29,0.160000,0.113223
50,10,train,30,0.174900,0.163096
50,10,train,31,0.190000,0.167237
50,10,train,32,0.080000,0.084548
50,10,train,33,0.380000,0.317419
50,10,train,34,0.224400,0.198350
50,10,train,35,0.180000,0.143670
50,10,train,36,0.062000,0.092272
50,10,train,37,0.090000,0.108576
50,10,train,38,0.190000,0.189567
50,10,train,39,0.095300,0.102057
50,10,train,40,0.180000,0.172001
50,10,train,41,0.360000,0.285714
50,10,train,42,0.084600,0.086071
50,10,train,43,0.050000,0.058267
50,10,train,44,0.050000,0.085149
50,10,train,45,0.023500,0.040689
50,10,train,46,0.035100,0.066366
50,10,train,47,0.240000,0.206371
50,10,train,48,0.133000,0.197101
50,10,train,49,0.090000,0.096910
50,10,train,50,0.030000,0.078366
50,10,train,51,0.439000,0.400561
50,10,train,52,0.110000,0.110746
50,10,train,53,0.310000,0.282473
50,10,train,54,0.115100,0.123081
50,10,train,55,0.290000,0.245308
50,10,train,56,0.250000,0.251815
50,10,train,57,0.260000,0.243983
50,10,train,58,0.284200,0.235350
50,10,train,59,0.018000,0.035847
50,10,train,60,0.160000,0.153203
50,10,train,61,0.035400,0.071945
50,10,train,62,0.020000,0.088319
50,10,train,63,0.030000,0.058459
50,10,train,64,0.220000,0.185628
50,10,train,65,0.200000,0.178684
50,10,train,66,0.043800,0.065649
50,10,train,67,0.010000,0.047106
50,10,train,68,0.100000,0.105902
50,10,train,69,0.100000,0.105902
50,10,train,70,0.072000,0.105099
50,10,train,71,0.290000,0.255642
50,10,train,72,0.174900,0.163096
50,10,train,73,0.380000,0.308977
50,10,train,74,0.094700,0.124130
50,10,train,75,0.100000,0.119906
50,10,train,76,-0.350000,-0.106410
50,10,train,77,0.280000,0.263769
50,10,train,78,0.260000,0.265464
50,10,train,79,0.185100,0.179306
50,10,train,80,0.010000,0.035851
50,10,train,81,0.020000,0.050259
50,10,train,82,0.020000,0.035366
50,10,train,83,0.022000,0.043011
50,10,train,84,0.040000,0.101137
50,10,train,85,0.244400,0.221365
50,10,train,86,0.090000,0.087601
50,10,train,87,0.200000,0.189753
50,10,train,88,0.075400,0.074736
50,10,train,89,0.093900,0.096910
50,10,train,90,0.137000,0.137273
50,10,train,91,0.010000,0.044304
50,10,train,92,0.151000,0.136674
50,10,train,93,0.000000,0.045561
50,10,train,94,0.264400,0.233733
50,10,train,95,0.048480,0.081620
50,10,train,96,0.232000,0.206490
50,10,train,97,0.058480,0.090042
50,10,train,98,-0.080000,0.044171
50,10,train,99,0.144700,0.141028
50,10,train,100,0.114400,0.117789
50,10,train,101,0.130000,0.125457
50,10,train,102,0.185100,0.179306
50,10,train,103,0.260000,0.246156
50,10,train,104,0.080000,0.093742
50,10,train,105,0.144700,0.141028
50,10,train,106,0.025000,0.042091
50,10,train,107,0.150000,0.182445
50,10,train,108,0.242000,0.226603
50,10,train,109,0.160000,0.147355
50,10,train,110,0.120000,0.160093
50,10,train,111,0.080000,0.079121
50,10,train,112,0.094900,0.097201
50,10,train,113,0.190000,0.182283
50,10,train,114,0.240000,0.213725
50,10,train,115,0.320000,0.274929
50,10,train,116,0.190000,0.164037
50,10,train,117,0.150000,0.181016
50,10,train,118,0.063300,0.087310
50,10,train,119,0.020000,0.053532
50,10,train,120,0.020000,0.098063
50,10,train,121,0.350000,0.294989
50,10,train,122,0.403000,0.384343
50,10,train,123,0.040000,0.076983
50,10,train,124,0.240000,0.218140
50,10,train,125,0.030000,0.041170
50,10,train,126,0.170000,0.213814
50,10,train,127,0.090000,0.099765
50,10,train,128,0.270000,0.252384
50,10,train,129,0.280000,0.197101
100,1,test,0,0.043800,0.125426
100,1,test,1,0.044200,0.085391
100,1,test,2,0.075400,0.072621
100,1,test,3,0.115100,0.127500
100,1,test,4,0.020000,0.112005
100,1,test,5,0.090000,0.062151
100,1,test,6,-0.390000,0.137761
100,1,test,7,0.111520,0.126209
100,1,test,8,0.110000,0.117804
100,1,test,9,0.080000,0.117317
100,1,test,10,0.439000,0.273841
100,1,test,11,0.320000,0.229767
100,1,test,12,0.185100,0.166739
100,1,test,13,0.144500,0.169251
100,1,test,14,0.150000,0.257892
100,1,test,15,0.174900,0.146332
100,1,test,16,0.040000,0.114047
100,1,test,17,0.030000,0.099695
100,1,test,18,0.062000,0.122209
100,1,test,19,0.010000,0.043054
100,1,test,20,0.200000,0.186411
100,1,test,21,0.224400,0.179463
100,1,test,22,0.163300,0.133627
100,1,test,23,0.250000,0.232972
100,1,test,24,0.040000,0.117818
100,1,test,25,0.190000,0.145714
100,1,test,26,0.200000,0.116796
100,1,test,27,0.050000,0.119935
100,1,test,28,0.151000,0.124106
100,1,test,29,0.190000,0.113673
100,1,test,30,0.058480,0.137164
100,1,test,31,0.190000,0.227655
100,1,test,32,0.063300,0.083661
100,1,train,0,0.100000,0.102595
100,1,train,1,0.150000,0.188077
100,1,train,2,0.023500,0.038735
100,1,train,3,0.403000,0.291401
100,1,train,4,0.190000,0.163426
100,1,train,5,0.115100,0.127500
100,1,train,6,0.380000,0.310109
100,1,train,7,0.110000,0.117804
100,1,train,8,0.242000,0.220433
100,1,train,9,0.020000,0.038735
100,1,train,10,0.020000,0.113289
100,1,train,11,0.050000,0.083633
100,1,train,12,-0.110000,-0.029765
100,1,train,13,0.010000,0.028308
100,1,train,14,0.090000,0.096210
100,1,train,15,0.330000,0.270516
100,1,train,16,0.018000,0.072412
100,1,train,17,0.244400,0.232499
100,1,train,18,0.010000,0.035841
100,1,train,19,0.200000,0.184375
100,1,train,20,-0.350000,-0.124490
100,1,train,21,0.100000,0.109849
100,1,train,22,0.260000,0.243052
100,1,train,23,0.144700,0.138374
100,1,train,24,0.080000,0.073986
100,1,train,25,0.151000,0.124106
100,1,train,26,0.000000,0.045883
100,1,train,27,0.024200,0.055268
100,1,train,28,0.035400,0.043346
100,1,train,29,0.220000,0.167223
100,1,train,30,0.084600,0.088892
100,1,train,31,0.070000,0.075483
100,1,train,32,0.048480,0.118292
100,1,train,33,0.090000,0.109961
100,1,train,34,0.360000,0.273103
100,1,train,35,0.290000,0.250322
100,1,train,36,0.220000,0.195624
100,1,train,37,0.270000,0.250682
100,1,train,38,0.280000,0.241904
100,1,train,39,0.260000,0.238256
100,1,train,40,0.790000,0.726191
100,1,train,41,0.310000,0.297621
100,1,train,42,0.020000,0.075889
100,1,train,43,0.120000,0.163276
100,1,train,44,0.144700,0.138374
100,1,train,45,-0.080000,0.031277
100,1,train,46,0.020000,0.047208
100,1,train,47,0.094900,0.098020
100,1,train,48,0.035100,0.049074
100,1,train,49,0.094700,0.117458
100,1,train,50,0.160000,0.133627
100,1,train,51,0.040000,0.100669
100,1,train,52,0.180000,0.164368
100,1,train,53,0.230000,0.221678
100,1,train,54,0.010000,0.070917
100,1,train,55,0.090000,0.104110
100,1,train,56,0.020000,0.047368
100,1,train,57,0.284200,0.229616
100,1,train,58,0.135000,0.171283
100,1,train,59,0.820000,0.637899
100,1,train,60,0.045300,0.073188
100,1,train,61,0.035400,0.043346
100,1,train,62,0.240000,0.223716
100,1,train,63,0.020000,0.046696
100,1,train,64,0.264400,0.240239
100,1,train,65,0.093900,0.096210
100,1,train,66,0.030000,0.075062
100,1,train,67,0.280000,0.186839
100,1,train,68,0.018000,0.033641
100,1,train,69,0.080000,0.093927
100,1,train,70,0.280000,0.258033
100,1,train,71,0.050000,0.055931
100,1,train,72,0.174900,0.146332
100,1,train,73,0.130000,0.127911
100,1,train,74,0.190000,0.175823
100,1,train,75,0.790000,0.726119
100,1,train,76,0.170000,0.191634
100,1,train,77,0.090000,0.105656
100,1,train,78,0.075400,0.072621
100,1,train,79,0.273300,0.247164
100,1,train,80,0.030000,0.103920
100,1,train,81,0.185100,0.166739
100,1,train,82,0.160000,0.174401
100,1,train,83,0.054300,0.091944
100,1,train,84,0.094900,0.098020
100,1,train,85,0.193500,0.185873
100,1,train,86,0.030000,0.043129
100,1,train,87,0.073410,0.081982
100,1,train,88,0.022000,0.036886
100,1,train,89,0.210000,0.164510
100,1,train,90,0.010000,0.029119
100,1,train,91,0.210000,0.220475
100,1,train,92,0.094600,0.093083
100,1,train,93,-0.030000,0.017992
100,1,train,94,0.180000,0.145351
100,1,train,95,0.032000,0.065573
100,1,train,96,0.114400,0.126634
100,1,train,97,0.290000,0.254968
100,1,train,98,0.150000,0.180562
100,1,train,99,0.350000,0.302938
100,1,train,100,0.190000,0.185873
100,1,train,101,0.160000,0.152077
100,1,train,102,0.240000,0.222447
100,1,train,103,0.232000,0.215103
100,1,train,104,0.137000,0.134110
100,1,train,105,0.270000,0.247164
100,1,train,106,0.060000,0.083661
100,1,train,107,0.380000,0.295244
100,1,train,108,0.160000,0.129637
100,1,train,109,0.072000,0.095934
100,1,train,110,0.130000,0.127911
100,1,train,111,0.100000,0.102595
100,1,train,112,0.540000,0.347372
100,1,train,113,0.160000,0.160385
100,1,train,114,0.133000,0.186839
100,1,train,115,0.240000,0.215656
100,1,train,116,0.025000,0.043445
100,1,train,117,0.260000,0.253066
100,1,train,118,0.065340,0.081615
100,1,train,119,0.052410,0.083669
100,1,train,120,0.020000,0.029691
100,1,train,121,0.260000,0.268579
100,1,train,122,0.240000,0.195893
100,1,train,123,0.011000,0.078559
100,1,train,124,0.035100,0.049074
100,1,train,125,0.030000,0.051445
100,1,train,126,0.020000,0.032550
100,1,train,127,0.370000,0.302479
100,1,train,128,0.020000,0.111878
100,1,train,129,0.095300,0.100367
100,2,test,0,0.310000,0.287505
100,2,test,1,0.260000,0.282025
100,2,test,2,0.072000,0.111708
100,2,test,3,0.270000,0.247838
100,2,test,4,0.180000,0.087071
100,2,test,5,0.210000,0.121728
100,2,test,6,0.052410,0.165854
100,2,test,7,0.080000,0.068784
100,2,test,8,0.032000,0.132844
100,2,test,9,0.280000,0.197866
100,2,test,10,0.093900,0.089441
100,2,test,11,0.240000,0.236198
100,2,test,12,0.100000,0.111767
100,2,test,13,0.150000,0.240409
100,2,test,14,0.090000,0.089441
100,2,test,15,0.273300,0.205890
100,2,test,16,0.110000,0.118157
100,2,test,17,0.011000,0.220792
100,2,test,18,0.200000,0.112919
100,2,test,19,0.111520,0.188410
100,2,test,20,-0.080000,0.190866
100,2,test,21,0.073410,0.138615
100,2,test,22,0.043800,0.082071
100,2,test,23,0.010000,0.074284
100,2,test,24,-0.350000,0.234605
100,2,test,25,0.260000,0.289166
100,2,test,26,0.084600,0.098285
100,2,test,27,0.224400,0.216799
100,2,test,28,0.010000,0.055327
100,2,test,29,0.035100,0.071517
100,2,test,30,0.174900,0.143361
100,2,test,31,0.018000,0.167228
100,2,test,32,0.020000,0.267877
100,2,train,0,0.115100,0.121034
100,2,train,1,0.320000,0.296283
100,2,train,2,0.023500,0.029546
100,2,train,3,0.790000,0.746878
100,2,train,4,-0.110000,-0.014637
100,2,train,5,0.080000,0.082352
100,2,train,6,0.024200,0.044511
100,2,train,7,0.190000,0.188397
100,2,train,8,0.170000,0.202692
100,2,train,9,0.133000,0.200567
100,2,train,10,0.040000,0.058995
100,2,train,11,0.020000,0.046470
100,2,train,12,0.010000,0.034235
100,2,train,13,0.144700,0.134836
100,2,train,14,0.040000,0.075865
100,2,train,15,0.030000,0.055184
100,2,train,16,0.820000,0.640507
100,2,train,17,0.090000,0.076234
100,2,train,18,0.010000,0.053388
100,2,train,19,0.244400,0.228418
100,2,train,20,0.190000,0.161065
100,2,train,21,0.144700,0.134836
100,2,train,22,0.020000,0.058789
100,2,train,23,0.264400,0.242514
100,2,train,24,0.048480,0.097641
100,2,train,25,0.240000,0.240741
100,2,train,26,0.110000,0.118157
100,2,train,27,0.062000,0.108810
100,2,train,28,0.065340,0.084171
100,2,train,29,0.180000,0.179798
100,2,train,30,0.030000,0.057056
100,2,train,31,0.120000,0.168562
100,2,train,32,0.025000,0.040713
100,2,train,33,0.114400,0.124936
100,2,train,34,-0.390000,-0.180749
100,2,train,35,0.030000,0.045826
100,2,train,36,0.020000,0.029546
100,2,train,37,0.018000,0.034103
100,2,train,38,0.090000,0.086302
100,2,train,39,0.151000,0.143245
100,2,train,40,0.790000,0.735245
100,2,train,41,0.094600,0.098600
100,2,train,42,0.020000,0.038779
100,2,train,43,0.190000,0.152047
100,2,train,44,0.050000,0.053637
100,2,train,45,0.040000,0.092782
100,2,train,46,0.240000,0.188836
100,2,train,47,0.439000,0.380106
100,2,train,48,0.050000,0.080969
100,2,train,49,0.000000,0.042914
100,2,train,50,0.185100,0.180507
100,2,train,51,0.270000,0.205890
100,2,train,52,0.151000,0.143245
100,2,train,53,0.130000,0.133685
100,2,train,54,0.540000,0.375694
100,2,train,55,0.240000,0.249115
100,2,train,56,0.075400,0.075237
100,2,train,57,0.010000,0.031165
100,2,train,58,0.144500,0.154540
100,2,train,59,0.075400,0.075237
100,2,train,60,0.130000,0.133685
100,2,train,61,-0.030000,0.019662
100,2,train,62,0.280000,0.200567
100,2,train,63,0.190000,0.184703
100,2,train,64,0.284200,0.240040
100,2,train,65,0.063300,0.066979
100,2,train,66,0.020000,0.064715
100,2,train,67,0.094900,0.101005
100,2,train,68,0.260000,0.254760
100,2,train,69,0.054300,0.105194
100,2,train,70,0.135000,0.170072
100,2,train,71,0.160000,0.116775
100,2,train,72,0.100000,0.111767
100,2,train,73,0.035400,0.041275
100,2,train,74,0.160000,0.151623
100,2,train,75,0.260000,0.243481
100,2,train,76,0.150000,0.180050
100,2,train,77,0.232000,0.238000
100,2,train,78,0.020000,0.105439
100,2,train,79,0.020000,0.047805
100,2,train,80,0.100000,0.109897
100,2,train,81,0.200000,0.212002
100,2,train,82,0.290000,0.271605
100,2,train,83,0.050000,0.061161
100,2,train,84,0.020000,0.033752
100,2,train,85,0.030000,0.094998
100,2,train,86,0.160000,0.146244
100,2,train,87,0.350000,0.306695
100,2,train,88,0.020000,0.040461
100,2,train,89,0.163300,0.151623
100,2,train,90,0.210000,0.225635
100,2,train,91,0.035100,0.071517
100,2,train,92,0.190000,0.206265
100,2,train,93,0.115100,0.121034
100,2,train,94,0.022000,0.039263
100,2,train,95,0.160000,0.160092
100,2,train,96,0.160000,0.175188
100,2,train,97,0.185100,0.180507
100,2,train,98,0.360000,0.276967
100,2,train,99,0.290000,0.269903
100,2,train,100,0.090000,0.110670
100,2,train,101,0.094700,0.143760
100,2,train,102,0.094900,0.101005
100,2,train,103,0.070000,0.067185
100,2,train,104,0.030000,0.082573
100,2,train,105,0.380000,0.319991
100,2,train,106,0.330000,0.298415
100,2,train,107,0.242000,0.249411
100,2,train,108,0.045300,0.059328
100,2,train,109,0.200000,0.214180
100,2,train,110,0.190000,0.173884
100,2,train,111,0.080000,0.090818
100,2,train,112,0.220000,0.169783
100,2,train,113,0.230000,0.249469
100,2,train,114,0.095300,0.089781
100,2,train,115,0.280000,0.267226
100,2,train,116,0.250000,0.248406
100,2,train,117,0.150000,0.169860
100,2,train,118,0.058480,0.082061
100,2,train,119,0.060000,0.066979
100,2,train,120,0.044200,0.051672
100,2,train,121,0.403000,0.371420
100,2,train,122,0.035400,0.041275
100,2,train,123,0.380000,0.318612
100,2,train,124,0.220000,0.207026
100,2,train,125,0.174900,0.143361
100,2,train,126,0.193500,0.184703
100,2,train,127,0.137000,0.130578
100,2,train,128,0.370000,0.289024
100,2,train,129,0.090000,0.089940
100,3,test,0,-0.030000,0.088882
100,3,test,1,0.150000,0.146029
100,3,test,2,0.310000,0.241420
100,3,test,3,0.180000,0.065735
100,3,test,4,0.044200,0.081652
100,3,test,5,0.062000,0.095525
100,3,test,6,0.094900,0.102221
100,3,test,7,0.030000,0.082741
100,3,test,8,0.230000,0.199724
100,3,test,9,0.063300,0.084893
100,3,test,10,0.090000,0.112605
100,3,test,11,0.020000,0.028047
100,3,test,12,0.273300,0.205542
100,3,test,13,0.040000,0.115091
100,3,test,14,0.052410,0.136684
100,3,test,15,0.023500,0.043880
100,3,test,16,0.058480,0.124893
100,3,test,17,0.439000,0.266838
100,3,test,18,0.232000,0.186458
100,3,test,19,0.790000,0.589078
100,3,test,20,0.120000,0.237652
100,3,test,21,-0.390000,0.157651
100,3,test,22,0.050000,0.069260
100,3,test,23,0.540000,0.125610
100,3,test,24,0.185100,0.165563
100,3,test,25,0.190000,0.130217
100,3,test,26,0.360000,0.149544
100,3,test,27,0.200000,0.091691
100,3,test,28,0.190000,0.185228
100,3,test,29,0.032000,0.129939
100,3,test,30,0.020000,0.239296
100,3,test,31,0.220000,0.080620
100,3,test,32,-0.080000,0.126163
100,3,train,0,0.090000,0.094817
100,3,train,1,0.080000,0.092531
100,3,train,2,0.073410,0.090110
100,3,train,3,0.045300,0.064380
100,3,train,4,0.011000,0.075962
100,3,train,5,0.350000,0.299453
100,3,train,6,0.264400,0.230637
100,3,train,7,0.290000,0.262625
100,3,train,8,0.030000,0.059485
100,3,train,9,0.130000,0.124595
100,3,train,10,0.370000,0.307067
100,3,train,11,0.010000,0.030111
100,3,train,12,0.193500,0.185306
100,3,train,13,0.130000,0.124595
100,3,train,14,0.137000,0.124467
100,3,train,15,0.100000,0.109795
100,3,train,16,0.020000,0.057410
100,3,train,17,0.330000,0.274630
100,3,train,18,0.093900,0.094817
100,3,train,19,0.174900,0.164452
100,3,train,20,0.200000,0.185320
100,3,train,21,0.075400,0.070874
100,3,train,22,0.094900,0.102221
100,3,train,23,0.030000,0.049573
100,3,train,24,0.084600,0.088822
100,3,train,25,0.111520,0.117951
100,3,train,26,0.030000,0.096716
100,3,train,27,0.160000,0.153516
100,3,train,28,0.144700,0.136401
100,3,train,29,0.284200,0.230679
100,3,train,30,0.160000,0.158868
100,3,train,31,0.090000,0.102711
100,3,train,32,0.144500,0.150485
100,3,train,33,0.030000,0.075324
100,3,train,34,0.100000,0.101957
100,3,train,35,0.020000,0.054290
100,3,train,36,0.090000,0.078235
100,3,train,37,0.240000,0.205294
100,3,train,38,0.022000,0.038109
100,3,train,39,0.144700,0.136401
100,3,train,40,0.280000,0.186282
100,3,train,41,0.035400,0.040647
100,3,train,42,0.260000,0.266244
100,3,train,43,0.224400,0.204259
100,3,train,44,0.163300,0.147246
100,3,train,45,0.260000,0.253626
100,3,train,46,0.403000,0.300820
100,3,train,47,0.020000,0.055545
100,3,train,48,0.040000,0.076384
100,3,train,49,0.020000,0.043880
100,3,train,50,0.072000,0.076608
100,3,train,51,0.043800,0.070693
100,3,train,52,0.048480,0.101190
100,3,train,53,0.270000,0.255040
100,3,train,54,0.025000,0.046397
100,3,train,55,0.160000,0.167215
100,3,train,56,0.020000,0.100927
100,3,train,57,0.270000,0.205542
100,3,train,58,0.024200,0.057640
100,3,train,59,0.114400,0.126783
100,3,train,60,0.050000,0.085609
100,3,train,61,0.080000,0.074499
100,3,train,62,0.035400,0.040647
100,3,train,63,0.100000,0.101957
100,3,train,64,0.020000,0.046000
100,3,train,65,0.174900,0.164452
100,3,train,66,0.250000,0.247155
100,3,train,67,0.200000,0.207517
100,3,train,68,0.135000,0.158305
100,3,train,69,0.185100,0.165563
100,3,train,70,0.190000,0.148886
100,3,train,71,0.035100,0.050244
100,3,train,72,0.018000,0.070540
100,3,train,73,0.320000,0.294381
100,3,train,74,0.040000,0.114116
100,3,train,75,0.110000,0.113535
100,3,train,76,0.240000,0.226804
100,3,train,77,0.010000,0.042059
100,3,train,78,0.094700,0.128283
100,3,train,79,0.290000,0.250812
100,3,train,80,0.260000,0.266473
100,3,train,81,0.150000,0.190336
100,3,train,82,0.010000,0.042255
100,3,train,83,0.820000,0.627158
100,3,train,84,0.060000,0.084893
100,3,train,85,0.260000,0.249729
100,3,train,86,0.000000,0.043185
100,3,train,87,0.050000,0.074784
100,3,train,88,0.170000,0.130917
100,3,train,89,0.160000,0.110524
100,3,train,90,0.190000,0.178900
100,3,train,91,0.180000,0.172265
100,3,train,92,0.244400,0.217434
100,3,train,93,0.280000,0.263559
100,3,train,94,0.115100,0.119877
100,3,train,95,0.210000,0.171273
100,3,train,96,0.210000,0.212368
100,3,train,97,0.075400,0.070874
100,3,train,98,0.065340,0.072089
100,3,train,99,0.095300,0.096802
100,3,train,100,0.035100,0.050244
100,3,train,101,0.240000,0.230483
100,3,train,102,0.242000,0.232133
100,3,train,103,0.380000,0.311217
100,3,train,104,0.160000,0.147246
100,3,train,105,0.020000,0.049008
100,3,train,106,0.110000,0.113535
100,3,train,107,0.010000,0.037365
100,3,train,108,0.220000,0.203852
100,3,train,109,0.070000,0.083507
100,3,train,110,0.115100,0.119877
100,3,train,111,0.240000,0.198789
100,3,train,112,0.190000,0.185306
100,3,train,113,0.280000,0.234094
100,3,train,114,-0.110000,-0.026830
100,3,train,115,0.151000,0.133208
100,3,train,116,0.054300,0.098278
100,3,train,117,0.133000,0.186282
100,3,train,118,0.151000,0.133208
100,3,train,119,0.150000,0.189091
100,3,train,120,-0.350000,-0.141643
100,3,train,121,0.380000,0.305836
100,3,train,122,0.010000,0.027997
100,3,train,123,0.080000,0.091618
100,3,train,124,0.018000,0.033150
100,3,train,125,0.094600,0.091908
100,3,train,126,0.020000,0.077967
100,3,train,127,0.790000,0.659376
100,3,train,128,0.190000,0.179649
100,3,train,129,0.090000,0.086201
100,4,test,0,0.439000,0.230099
100,4,test,1,0.073410,0.143302
100,4,test,2,0.080000,0.107144
100,4,test,3,0.151000,0.104104
100,4,test,4,0.000000,0.124653
100,4,test,5,0.044200,0.082475
100,4,test,6,0.090000,0.110366
100,4,test,7,0.244400,0.211750
100,4,test,8,0.290000,0.176762
100,4,test,9,0.052410,0.159401
100,4,test,10,0.010000,0.090013
100,4,test,11,0.170000,0.243945
100,4,test,12,0.040000,0.183125
100,4,test,13,0.060000,0.098965
100,4,test,14,0.260000,0.260611
100,4,test,15,0.084600,0.103327
100,4,test,16,0.054300,0.180606
100,4,test,17,0.224400,0.180637
100,4,test,18,-0.080000,0.220284
100,4,test,19,0.062000,0.123803
100,4,test,20,0.284200,0.139200
100,4,test,21,0.200000,0.096262
100,4,test,22,0.160000,0.155639
100,4,test,23,0.144500,0.134456
100,4,test,24,0.090000,0.083749
100,4,test,25,0.010000,0.098783
100,4,test,26,0.185100,0.152280
100,4,test,27,0.790000,0.543003
100,4,test,28,0.310000,0.232498
100,4,test,29,0.010000,0.053134
100,4,test,30,0.280000,0.170392
100,4,test,31,0.380000,0.199238
100,4,test,32,0.273300,0.183771
100,4,train,0,0.025000,0.051283
100,4,train,1,0.050000,0.059530
100,4,train,2,0.050000,0.097975
100,4,train,3,0.185100,0.152280
100,4,train,4,0.190000,0.157731
100,4,train,5,0.065340,0.078653
100,4,train,6,0.040000,0.088746
100,4,train,7,0.144700,0.134664
100,4,train,8,0.130000,0.122286
100,4,train,9,0.240000,0.224228
100,4,train,10,0.250000,0.223784
100,4,train,11,0.111520,0.115560
100,4,train,12,0.100000,0.105987
100,4,train,13,0.023500,0.052434
100,4,train,14,0.094700,0.125388
100,4,train,15,0.242000,0.213650
100,4,train,16,0.030000,0.100977
100,4,train,17,0.200000,0.170913
100,4,train,18,0.360000,0.242193
100,4,train,19,0.270000,0.183771
100,4,train,20,0.150000,0.178321
100,4,train,21,0.380000,0.272146
100,4,train,22,0.270000,0.241190
100,4,train,23,0.040000,0.067205
100,4,train,24,0.080000,0.093903
100,4,train,25,0.020000,0.078603
100,4,train,26,0.011000,0.110356
100,4,train,27,0.080000,0.085561
100,4,train,28,0.090000,0.108610
100,4,train,29,0.070000,0.070908
100,4,train,30,0.193500,0.180784
100,4,train,31,0.190000,0.180784
100,4,train,32,0.264400,0.254710
100,4,train,33,0.150000,0.206475
100,4,train,34,0.280000,0.247198
100,4,train,35,0.018000,0.084189
100,4,train,36,0.022000,0.050796
100,4,train,37,0.035400,0.053420
100,4,train,38,0.032000,0.084484
100,4,train,39,0.240000,0.207020
100,4,train,40,0.163300,0.139602
100,4,train,41,0.094900,0.106412
100,4,train,42,0.030000,0.076294
100,4,train,43,0.110000,0.120507
100,4,train,44,0.030000,0.055310
100,4,train,45,0.540000,0.277500
100,4,train,46,0.230000,0.228435
100,4,train,47,0.280000,0.169921
100,4,train,48,0.115100,0.128226
100,4,train,49,0.210000,0.169975
100,4,train,50,0.063300,0.098965
100,4,train,51,0.058480,0.092634
100,4,train,52,0.320000,0.271803
100,4,train,53,0.020000,0.083302
100,4,train,54,0.115100,0.128226
100,4,train,55,0.220000,0.144451
100,4,train,56,0.020000,0.132244
100,4,train,57,0.190000,0.156513
100,4,train,58,0.100000,0.105987
100,4,train,59,0.370000,0.250167
100,4,train,60,0.095300,0.093987
100,4,train,61,0.350000,0.268976
100,4,train,62,0.190000,0.159117
100,4,train,63,0.020000,0.051300
100,4,train,64,0.035100,0.060989
100,4,train,65,0.048480,0.088558
100,4,train,66,0.035100,0.060989
100,4,train,67,0.072000,0.098195
100,4,train,68,0.110000,0.120507
100,4,train,69,0.190000,0.159489
100,4,train,70,0.190000,0.153996
100,4,train,71,0.075400,0.067336
100,4,train,72,0.240000,0.201548
100,4,train,73,0.260000,0.245308
100,4,train,74,0.090000,0.090249
100,4,train,75,0.090000,0.105213
100,4,train,76,-0.030000,0.042202
100,4,train,77,0.133000,0.169921
100,4,train,78,-0.350000,-0.093292
100,4,train,79,0.174900,0.148660
100,4,train,80,0.290000,0.220912
100,4,train,81,0.160000,0.139602
100,4,train,82,0.030000,0.085845
100,4,train,83,0.137000,0.134779
100,4,train,84,0.180000,0.151538
100,4,train,85,0.820000,0.546160
100,4,train,86,0.093900,0.110366
100,4,train,87,0.094900,0.106412
100,4,train,88,0.024200,0.063897
100,4,train,89,0.020000,0.052434
100,4,train,90,0.020000,0.142623
100,4,train,91,0.144700,0.134664
100,4,train,92,0.151000,0.104104
100,4,train,93,0.050000,0.095226
100,4,train,94,0.100000,0.123150
100,4,train,95,0.403000,0.246951
100,4,train,96,0.035400,0.053420
100,4,train,97,0.130000,0.122286
100,4,train,98,0.150000,0.200687
100,4,train,99,0.260000,0.234791
100,4,train,100,0.180000,0.131481
100,4,train,101,0.018000,0.045484
100,4,train,102,0.135000,0.145842
100,4,train,103,0.160000,0.094944
100,4,train,104,-0.110000,0.030377
100,4,train,105,0.210000,0.201889
100,4,train,106,0.010000,0.045281
100,4,train,107,0.114400,0.133749
100,4,train,108,-0.390000,-0.148571
100,4,train,109,0.010000,0.046305
100,4,train,110,0.094600,0.103524
100,4,train,111,0.020000,0.086990
100,4,train,112,0.790000,0.602015
100,4,train,113,0.160000,0.171696
100,4,train,114,0.260000,0.234029
100,4,train,115,0.045300,0.073786
100,4,train,116,0.043800,0.072185
100,4,train,117,0.020000,0.061024
100,4,train,118,0.232000,0.214408
100,4,train,119,0.020000,0.046534
100,4,train,120,0.075400,0.067336
100,4,train,121,0.030000,0.091857
100,4,train,122,0.200000,0.206292
100,4,train,123,0.330000,0.243480
100,4,train,124,0.020000,0.045330
100,4,train,125,0.160000,0.156010
100,4,train,126,0.174900,0.148660
100,4,train,127,0.220000,0.192863
100,4,train,128,0.240000,0.196258
100,4,train,129,0.120000,0.190637
100,5,test,0,0.054300,0.159713
100,5,test,1,0.240000,0.224272
100,5,test,2,0.040000,0.178758
100,5,test,3,0.790000,0.628009
100,5,test,4,0.100000,0.110418
100,5,test,5,0.010000,0.081534
100,5,test,6,0.094600,0.096889
100,5,test,7,-0.350000,0.229668
100,5,test,8,0.240000,0.223082
100,5,test,9,0.093900,0.103708
100,5,test,10,0.185100,0.178818
100,5,test,11,0.190000,0.146120
100,5,test,12,0.024200,0.070693
100,5,test,13,0.032000,0.131789
100,5,test,14,0.280000,0.217251
100,5,test,15,-0.030000,0.100112
100,5,test,16,0.030000,0.090907
100,5,test,17,0.160000,0.044625
100,5,test,18,0.260000,0.206032
100,5,test,19,0.063300,0.084871
100,5,test,20,0.190000,0.102294
100,5,test,21,0.160000,0.128641
100,5,test,22,0.163300,0.149851
100,5,test,23,0.023500,0.057970
100,5,test,24,0.094700,0.195662
100,5,test,25,0.174900,0.143125
100,5,test,26,0.090000,0.103708
100,5,test,27,0.035100,0.067979
100,5,test,28,0.052410,0.131749
100,5,test,29,0.200000,0.177999
100,5,test,30,0.010000,0.075966
100,5,test,31,0.220000,0.160640
100,5,test,32,0.190000,0.193860
100,5,train,0,0.160000,0.161471
100,5,train,1,0.790000,0.696974
100,5,train,2,0.075400,0.074282
100,5,train,3,0.050000,0.046944
100,5,train,4,0.110000,0.110968
100,5,train,5,0.310000,0.296799
100,5,train,6,0.040000,0.074885
100,5,train,7,0.090000,0.102046
100,5,train,8,0.174900,0.143125
100,5,train,9,0.020000,0.049749
100,5,train,10,0.144700,0.135675
100,5,train,11,-0.110000,-0.034770
100,5,train,12,0.133000,0.191896
100,5,train,13,0.048480,0.096472
100,5,train,14,0.010000,0.024622
100,5,train,15,0.220000,0.185189
100,5,train,16,0.250000,0.219942
100,5,train,17,0.190000,0.188055
100,5,train,18,0.270000,0.248390
100,5,train,19,0.193500,0.185001
100,5,train,20,0.232000,0.214436
100,5,train,21,0.260000,0.237263
100,5,train,22,0.370000,0.314937
100,5,train,23,0.100000,0.119009
100,5,train,24,0.260000,0.266299
100,5,train,25,0.060000,0.084871
100,5,train,26,0.151000,0.138119
100,5,train,27,0.020000,0.033168
100,5,train,28,0.244400,0.237160
100,5,train,29,0.094900,0.098847
100,5,train,30,0.025000,0.037569
100,5,train,31,0.018000,0.032917
100,5,train,32,0.210000,0.215920
100,5,train,33,0.065340,0.088389
100,5,train,34,0.111520,0.143966
100,5,train,35,0.150000,0.186454
100,5,train,36,0.190000,0.185001
100,5,train,37,0.070000,0.079505
100,5,train,38,0.160000,0.191399
100,5,train,39,0.137000,0.132561
100,5,train,40,0.210000,0.169192
100,5,train,41,0.095300,0.096389
100,5,train,42,0.100000,0.110418
100,5,train,43,0.403000,0.370553
100,5,train,44,0.170000,0.174803
100,5,train,45,0.260000,0.269998
100,5,train,46,0.020000,0.120480
100,5,train,47,0.020000,0.034401
100,5,train,48,0.035400,0.046201
100,5,train,49,0.022000,0.033913
100,5,train,50,0.151000,0.138119
100,5,train,51,0.150000,0.178949
100,5,train,52,0.094900,0.098847
100,5,train,53,0.135000,0.166175
100,5,train,54,0.130000,0.130098
100,5,train,55,0.080000,0.076630
100,5,train,56,0.073410,0.103479
100,5,train,57,0.020000,0.057970
100,5,train,58,0.084600,0.092770
100,5,train,59,0.284200,0.240047
100,5,train,60,0.240000,0.218125
100,5,train,61,0.230000,0.237921
100,5,train,62,0.044200,0.055097
100,5,train,63,0.072000,0.086665
100,5,train,64,0.280000,0.191896
100,5,train,65,0.010000,0.024395
100,5,train,66,0.115100,0.126437
100,5,train,67,0.080000,0.086079
100,5,train,68,0.075400,0.074282
100,5,train,69,0.190000,0.154316
100,5,train,70,0.120000,0.165530
100,5,train,71,0.110000,0.110968
100,5,train,72,0.144700,0.135675
100,5,train,73,0.242000,0.242763
100,5,train,74,0.224400,0.213799
100,5,train,75,0.030000,0.070174
100,5,train,76,0.115100,0.126437
100,5,train,77,0.035100,0.067979
100,5,train,78,0.180000,0.144924
100,5,train,79,0.020000,0.066789
100,5,train,80,0.380000,0.306000
100,5,train,81,0.030000,0.082228
100,5,train,82,0.080000,0.090567
100,5,train,83,0.090000,0.079231
100,5,train,84,0.160000,0.149851
100,5,train,85,0.150000,0.186728
100,5,train,86,0.030000,0.106804
100,5,train,87,0.040000,0.054828
100,5,train,88,0.320000,0.292255
100,5,train,89,0.439000,0.369941
100,5,train,90,-0.390000,-0.180417
100,5,train,91,0.180000,0.175750
100,5,train,92,0.000000,0.046057
100,5,train,93,0.144500,0.159440
100,5,train,94,0.035400,0.046201
100,5,train,95,0.020000,0.062308
100,5,train,96,0.045300,0.064603
100,5,train,97,0.540000,0.393072
100,5,train,98,0.280000,0.256841
100,5,train,99,0.058480,0.096590
100,5,train,100,0.360000,0.278750
100,5,train,101,0.050000,0.062892
100,5,train,102,0.010000,0.069430
100,5,train,103,0.820000,0.603387
100,5,train,104,0.020000,0.058062
100,5,train,105,0.330000,0.275133
100,5,train,106,0.200000,0.166179
100,5,train,107,0.200000,0.209557
100,5,train,108,0.240000,0.193291
100,5,train,109,0.273300,0.248390
100,5,train,110,0.090000,0.085564
100,5,train,111,0.020000,0.025449
100,5,train,112,0.290000,0.251221
100,5,train,113,0.270000,0.243306
100,5,train,114,0.130000,0.130098
100,5,train,115,0.114400,0.137951
100,5,train,116,-0.080000,0.019805
100,5,train,117,0.043800,0.066621
100,5,train,118,0.264400,0.255052
100,5,train,119,0.185100,0.178818
100,5,train,120,0.030000,0.046962
100,5,train,121,0.062000,0.102978
100,5,train,122,0.380000,0.315340
100,5,train,123,0.050000,0.075809
100,5,train,124,0.090000,0.106821
100,5,train,125,0.350000,0.320253
100,5,train,126,0.020000,0.115011
100,5,train,127,0.011000,0.083724
100,5,train,128,0.290000,0.262764
100,5,train,129,0.018000,0.066903
100,6,test,0,0.190000,0.140571
100,6,test,1,0.310000,0.230283
100,6,test,2,0.220000,0.113659
100,6,test,3,0.095300,0.088747
100,6,test,4,0.280000,0.184916
100,6,test,5,0.100000,0.104379
100,6,test,6,0.020000,0.068231
100,6,test,7,0.190000,0.197120
100,6,test,8,0.290000,0.173729
100,6,test,9,0.144700,0.126688
100,6,test,10,0.790000,0.619906
100,6,test,11,0.020000,0.154285
100,6,test,12,0.020000,0.026106
100,6,test,13,0.160000,0.164343
100,6,test,14,0.114400,0.154830
100,6,test,15,0.174900,0.138874
100,6,test,16,0.260000,0.206238
100,6,test,17,0.210000,0.200313
100,6,test,18,0.045300,0.104627
100,6,test,19,0.084600,0.094985
100,6,test,20,0.150000,0.266748
100,6,test,21,0.040000,0.196635
100,6,test,22,0.151000,0.082785
100,6,test,23,0.280000,0.228037
100,6,test,24,0.151000,0.082785
100,6,test,25,0.035400,0.095179
100,6,test,26,0.144500,0.155735
100,6,test,27,0.030000,0.075326
100,6,test,28,0.160000,0.132528
100,6,test,29,-0.390000,0.135706
100,6,test,30,0.035100,0.065706
100,6,test,31,0.200000,0.101784
100,6,test,32,0.035400,0.095179
100,6,train,0,0.133000,0.177843
100,6,train,1,0.190000,0.162342
100,6,train,2,0.200000,0.202903
100,6,train,3,0.093900,0.098664
100,6,train,4,0.030000,0.054042
100,6,train,5,0.135000,0.158621
100,6,train,6,0.000000,0.057264
100,6,train,7,0.110000,0.113373
100,6,train,8,0.100000,0.104379
100,6,train,9,0.190000,0.153443
100,6,train,10,0.163300,0.141032
100,6,train,11,0.080000,0.074300
100,6,train,12,0.094900,0.097011
100,6,train,13,0.025000,0.047491
100,6,train,14,0.260000,0.259912
100,6,train,15,0.370000,0.299879
100,6,train,16,0.018000,0.047118
100,6,train,17,0.150000,0.185884
100,6,train,18,0.264400,0.242873
100,6,train,19,0.100000,0.114166
100,6,train,20,0.240000,0.204129
100,6,train,21,0.185100,0.170175
100,6,train,22,0.230000,0.224381
100,6,train,23,0.043800,0.084579
100,6,train,24,0.020000,0.044975
100,6,train,25,0.160000,0.099732
100,6,train,26,0.170000,0.177490
100,6,train,27,0.270000,0.233839
100,6,train,28,0.094700,0.118494
100,6,train,29,0.020000,0.052956
100,6,train,30,0.090000,0.098664
100,6,train,31,0.120000,0.161874
100,6,train,32,0.284200,0.220996
100,6,train,33,0.240000,0.193204
100,6,train,34,0.020000,0.105861
100,6,train,35,0.065340,0.088182
100,6,train,36,0.330000,0.273299
100,6,train,37,0.190000,0.181662
100,6,train,38,0.020000,0.057410
100,6,train,39,0.220000,0.202576
100,6,train,40,0.130000,0.122161
100,6,train,41,0.180000,0.135225
100,6,train,42,0.050000,0.087787
100,6,train,43,0.080000,0.089335
100,6,train,44,0.224400,0.207799
100,6,train,45,0.018000,0.074507
100,6,train,46,0.320000,0.282760
100,6,train,47,0.075400,0.069870
100,6,train,48,0.090000,0.101134
100,6,train,49,0.010000,0.027530
100,6,train,50,0.072000,0.092239
100,6,train,51,0.200000,0.184182
100,6,train,52,-0.080000,0.035509
100,6,train,53,0.020000,0.125906
100,6,train,54,0.190000,0.174954
100,6,train,55,0.011000,0.087147
100,6,train,56,0.080000,0.097577
100,6,train,57,0.040000,0.061647
100,6,train,58,0.280000,0.177843
100,6,train,59,0.150000,0.178368
100,6,train,60,0.240000,0.206219
100,6,train,61,0.094600,0.094464
100,6,train,62,0.044200,0.062924
100,6,train,63,0.022000,0.047294
100,6,train,64,0.062000,0.089174
100,6,train,65,0.260000,0.257171
100,6,train,66,0.380000,0.311255
100,6,train,67,0.094900,0.097011
100,6,train,68,0.242000,0.219396
100,6,train,69,0.010000,0.055224
100,6,train,70,0.180000,0.154968
100,6,train,71,0.048480,0.100535
100,6,train,72,0.380000,0.301978
100,6,train,73,0.290000,0.234458
100,6,train,74,0.023500,0.068231
100,6,train,75,0.024200,0.054387
100,6,train,76,0.073410,0.080875
100,6,train,77,0.050000,0.077438
100,6,train,78,0.273300,0.233839
100,6,train,79,0.137000,0.130327
100,6,train,80,0.111520,0.118597
100,6,train,81,0.075400,0.069870
100,6,train,82,0.032000,0.074584
100,6,train,83,0.090000,0.077671
100,6,train,84,0.020000,0.028361
100,6,train,85,0.030000,0.083747
100,6,train,86,0.020000,0.061986
100,6,train,87,0.010000,0.023874
100,6,train,88,0.115100,0.124270
100,6,train,89,0.403000,0.360497
100,6,train,90,-0.030000,0.027679
100,6,train,91,0.070000,0.069459
100,6,train,92,0.063300,0.077161
100,6,train,93,-0.350000,-0.141149
100,6,train,94,0.115100,0.124270
100,6,train,95,0.360000,0.282431
100,6,train,96,0.160000,0.155297
100,6,train,97,0.232000,0.206919
100,6,train,98,0.193500,0.181662
100,6,train,99,0.244400,0.222764
100,6,train,100,0.250000,0.228467
100,6,train,101,0.110000,0.113373
100,6,train,102,0.060000,0.077161
100,6,train,103,-0.110000,-0.027203
100,6,train,104,0.210000,0.170189
100,6,train,105,0.439000,0.380854
100,6,train,106,0.040000,0.077106
100,6,train,107,0.820000,0.636562
100,6,train,108,0.260000,0.233879
100,6,train,109,0.130000,0.122161
100,6,train,110,0.090000,0.099799
100,6,train,111,0.270000,0.235857
100,6,train,112,0.030000,0.048525
100,6,train,113,0.058480,0.089571
100,6,train,114,0.790000,0.673341
100,6,train,115,0.350000,0.288068
100,6,train,116,0.540000,0.374819
100,6,train,117,0.010000,0.046696
100,6,train,118,0.054300,0.089900
100,6,train,119,0.144700,0.126688
100,6,train,120,0.174900,0.138874
100,6,train,121,0.240000,0.225991
100,6,train,122,0.052410,0.082803
100,6,train,123,0.160000,0.141032
100,6,train,124,0.185100,0.170175
100,6,train,125,0.050000,0.058558
100,6,train,126,0.035100,0.065706
100,6,train,127,0.030000,0.078897
100,6,train,128,0.090000,0.085759
100,6,train,129,0.010000,0.027833
100,7,test,0,0.144700,0.123577
100,7,test,1,0.130000,0.129545
100,7,test,2,0.095300,0.086640
100,7,test,3,0.030000,0.143344
100,7,test,4,0.290000,0.170404
100,7,test,5,0.075400,0.073098
100,7,test,6,0.150000,0.251613
100,7,test,7,0.020000,0.065610
100,7,test,8,0.094700,0.182510
100,7,test,9,0.280000,0.235273
100,7,test,10,0.073410,0.107580
100,7,test,11,0.200000,0.110658
100,7,test,12,0.380000,0.196477
100,7,test,13,0.190000,0.127266
100,7,test,14,0.020000,0.030434
100,7,test,15,0.072000,0.130237
100,7,test,16,0.080000,0.072588
100,7,test,17,0.018000,0.162296
100,7,test,18,0.220000,0.163857
100,7,test,19,0.240000,0.151213
100,7,test,20,0.020000,0.055854
100,7,test,21,0.084600,0.093020
100,7,test,22,0.160000,0.047490
100,7,test,23,0.790000,0.450453
100,7,test,24,0.060000,0.087711
100,7,test,25,0.090000,0.072813
100,7,test,26,0.135000,0.203346
100,7,test,27,0.210000,0.194399
100,7,test,28,0.230000,0.230039
100,7,test,29,0.115100,0.179417
100,7,test,30,0.115100,0.179417
100,7,test,31,0.790000,0.499184
100,7,test,32,0.110000,0.118038
100,7,train,0,0.244400,0.229426
100,7,train,1,0.260000,0.239148
100,7,train,2,0.035100,0.046776
100,7,train,3,0.160000,0.164091
100,7,train,4,0.022000,0.040253
100,7,train,5,0.160000,0.150689
100,7,train,6,0.100000,0.104493
100,7,train,7,0.032000,0.071161
100,7,train,8,0.063300,0.087711
100,7,train,9,0.190000,0.189171
100,7,train,10,-0.110000,-0.024432
100,7,train,11,0.010000,0.030775
100,7,train,12,0.137000,0.138531
100,7,train,13,0.018000,0.035586
100,7,train,14,0.054300,0.096178
100,7,train,15,-0.080000,0.018102
100,7,train,16,-0.030000,0.024744
100,7,train,17,0.273300,0.251044
100,7,train,18,0.048480,0.079184
100,7,train,19,0.200000,0.171150
100,7,train,20,0.094900,0.099313
100,7,train,21,0.190000,0.188453
100,7,train,22,0.100000,0.117357
100,7,train,23,-0.350000,-0.134513
100,7,train,24,0.080000,0.090289
100,7,train,25,0.439000,0.390601
100,7,train,26,-0.390000,-0.184705
100,7,train,27,0.011000,0.082261
100,7,train,28,0.185100,0.189438
100,7,train,29,0.020000,0.038739
100,7,train,30,0.260000,0.232310
100,7,train,31,0.350000,0.312588
100,7,train,32,0.035400,0.045140
100,7,train,33,0.130000,0.129545
100,7,train,34,0.224400,0.198770
100,7,train,35,0.180000,0.147538
100,7,train,36,0.163300,0.150689
100,7,train,37,0.075400,0.073098
100,7,train,38,0.040000,0.091942
100,7,train,39,0.190000,0.160930
100,7,train,40,0.030000,0.061294
100,7,train,41,0.193500,0.189171
100,7,train,42,0.090000,0.088720
100,7,train,43,0.024200,0.048507
100,7,train,44,0.030000,0.048997
100,7,train,45,0.020000,0.033556
100,7,train,46,0.090000,0.099516
100,7,train,47,0.190000,0.179166
100,7,train,48,0.065340,0.087827
100,7,train,49,0.080000,0.090838
100,7,train,50,0.180000,0.166753
100,7,train,51,0.094900,0.099313
100,7,train,52,0.280000,0.197088
100,7,train,53,0.090000,0.098318
100,7,train,54,0.190000,0.159044
100,7,train,55,0.044200,0.052654
100,7,train,56,0.330000,0.266355
100,7,train,57,0.025000,0.040789
100,7,train,58,0.030000,0.046407
100,7,train,59,0.150000,0.176820
100,7,train,60,0.000000,0.052292
100,7,train,61,0.160000,0.142253
100,7,train,62,0.820000,0.599307
100,7,train,63,0.280000,0.246067
100,7,train,64,0.058480,0.088276
100,7,train,65,0.151000,0.140473
100,7,train,66,0.240000,0.196887
100,7,train,67,0.020000,0.114671
100,7,train,68,0.260000,0.266257
100,7,train,69,0.232000,0.211167
100,7,train,70,0.114400,0.136559
100,7,train,71,0.242000,0.239381
100,7,train,72,0.040000,0.064651
100,7,train,73,0.150000,0.169916
100,7,train,74,0.264400,0.240472
100,7,train,75,0.062000,0.092086
100,7,train,76,0.240000,0.218895
100,7,train,77,0.035100,0.046776
100,7,train,78,0.050000,0.056692
100,7,train,79,0.110000,0.118038
100,7,train,80,0.120000,0.165469
100,7,train,81,0.320000,0.286475
100,7,train,82,0.094600,0.094671
100,7,train,83,0.100000,0.104493
100,7,train,84,0.160000,0.141726
100,7,train,85,0.270000,0.236975
100,7,train,86,0.380000,0.299209
100,7,train,87,0.270000,0.251044
100,7,train,88,0.170000,0.174387
100,7,train,89,0.111520,0.129106
100,7,train,90,0.050000,0.069371
100,7,train,91,0.020000,0.064465
100,7,train,92,0.040000,0.070393
100,7,train,93,0.260000,0.262922
100,7,train,94,0.250000,0.218345
100,7,train,95,0.403000,0.375929
100,7,train,96,0.151000,0.140473
100,7,train,97,0.290000,0.233825
100,7,train,98,0.240000,0.231573
100,7,train,99,0.035400,0.045140
100,7,train,100,0.090000,0.096371
100,7,train,101,0.174900,0.163731
100,7,train,102,0.220000,0.181024
100,7,train,103,0.045300,0.069910
100,7,train,104,0.020000,0.101705
100,7,train,105,0.284200,0.241471
100,7,train,106,0.050000,0.079707
100,7,train,107,0.010000,0.036163
100,7,train,108,0.070000,0.074477
100,7,train,109,0.043800,0.060317
100,7,train,110,0.144500,0.164614
100,7,train,111,0.310000,0.288813
100,7,train,112,0.020000,0.041557
100,7,train,113,0.174900,0.163731
100,7,train,114,0.020000,0.067614
100,7,train,115,0.010000,0.058328
100,7,train,116,0.210000,0.172123
100,7,train,117,0.540000,0.382778
100,7,train,118,0.010000,0.032688
100,7,train,119,0.023500,0.033556
100,7,train,120,0.010000,0.040644
100,7,train,121,0.144700,0.123577
100,7,train,122,0.370000,0.307900
100,7,train,123,0.093900,0.098318
100,7,train,124,0.133000,0.197088
100,7,train,125,0.185100,0.189438
100,7,train,126,0.200000,0.189341
100,7,train,127,0.360000,0.281817
100,7,train,128,0.030000,0.070943
100,7,train,129,0.052410,0.083013
100,8,test,0,0.018000,0.059001
100,8,test,1,-0.030000,0.107306
100,8,test,2,0.439000,0.261066
100,8,test,3,0.264400,0.237972
100,8,test,4,0.100000,0.109140
100,8,test,5,0.114400,0.155762
100,8,test,6,0.100000,0.114661
100,8,test,7,0.160000,0.140647
100,8,test,8,0.160000,0.131607
100,8,test,9,0.043800,0.074995
100,8,test,10,0.200000,0.182327
100,8,test,11,0.240000,0.209768
100,8,test,12,0.220000,0.111609
100,8,test,13,0.054300,0.168810
100,8,test,14,0.180000,0.072678
100,8,test,15,0.075400,0.063524
100,8,test,16,0.380000,0.173414
100,8,test,17,0.052410,0.132399
100,8,test,18,0.070000,0.095887
100,8,test,19,0.144700,0.116539
100,8,test,20,0.030000,0.068786
100,8,test,21,0.093900,0.098396
100,8,test,22,0.020000,0.060477
100,8,test,23,0.290000,0.171839
100,8,test,24,0.210000,0.277362
100,8,test,25,0.160000,0.155699
100,8,test,26,-0.390000,0.134264
100,8,test,27,0.150000,0.232791
100,8,test,28,0.030000,0.142529
100,8,test,29,0.110000,0.119143
100,8,test,30,0.240000,0.219829
100,8,test,31,0.010000,0.032952
100,8,test,32,0.820000,0.412199
100,8,train,0,0.094900,0.102155
100,8,train,1,0.150000,0.158834
100,8,train,2,0.020000,0.064268
100,8,train,3,0.018000,0.067424
100,8,train,4,0.224400,0.213261
100,8,train,5,0.010000,0.031658
100,8,train,6,0.290000,0.256945
100,8,train,7,0.232000,0.200117
100,8,train,8,0.090000,0.098396
100,8,train,9,0.137000,0.127410
100,8,train,10,0.020000,0.029301
100,8,train,11,0.284200,0.230638
100,8,train,12,0.350000,0.323508
100,8,train,13,0.030000,0.044713
100,8,train,14,0.094900,0.102155
100,8,train,15,0.174900,0.165450
100,8,train,16,0.360000,0.255907
100,8,train,17,0.090000,0.091516
100,8,train,18,0.242000,0.233979
100,8,train,19,0.050000,0.076695
100,8,train,20,0.240000,0.199202
100,8,train,21,0.273300,0.239202
100,8,train,22,0.115100,0.120764
100,8,train,23,0.111520,0.127909
100,8,train,24,0.040000,0.097674
100,8,train,25,-0.080000,0.026189
100,8,train,26,0.193500,0.178061
100,8,train,27,0.320000,0.311785
100,8,train,28,0.403000,0.274780
100,8,train,29,0.063300,0.078530
100,8,train,30,0.330000,0.271541
100,8,train,31,0.090000,0.089941
100,8,train,32,0.210000,0.165751
100,8,train,33,0.020000,0.134562
100,8,train,34,0.133000,0.196354
100,8,train,35,0.185100,0.178522
100,8,train,36,0.280000,0.266830
100,8,train,37,0.090000,0.076385
100,8,train,38,0.032000,0.062240
100,8,train,39,0.022000,0.050794
100,8,train,40,0.200000,0.153674
100,8,train,41,0.190000,0.174717
100,8,train,42,0.260000,0.288120
100,8,train,43,0.073410,0.108805
100,8,train,44,0.200000,0.198593
100,8,train,45,0.035100,0.049373
100,8,train,46,0.020000,0.042642
100,8,train,47,0.115100,0.120764
100,8,train,48,0.190000,0.141022
100,8,train,49,0.174900,0.165450
100,8,train,50,0.040000,0.059706
100,8,train,51,0.010000,0.023185
100,8,train,52,0.144500,0.147869
100,8,train,53,0.023500,0.031951
100,8,train,54,0.790000,0.567401
100,8,train,55,0.010000,0.050547
100,8,train,56,0.020000,0.107732
100,8,train,57,0.135000,0.155539
100,8,train,58,0.310000,0.301060
100,8,train,59,0.094700,0.120396
100,8,train,60,0.163300,0.131607
100,8,train,61,0.120000,0.171362
100,8,train,62,0.190000,0.178146
100,8,train,63,0.250000,0.231088
100,8,train,64,0.075400,0.063524
100,8,train,65,0.020000,0.048734
100,8,train,66,0.095300,0.094821
100,8,train,67,0.540000,0.279871
100,8,train,68,0.790000,0.567655
100,8,train,69,0.180000,0.159900
100,8,train,70,0.144700,0.116539
100,8,train,71,0.048480,0.116847
100,8,train,72,0.260000,0.247130
100,8,train,73,0.160000,0.110253
100,8,train,74,0.045300,0.060779
100,8,train,75,0.280000,0.263418
100,8,train,76,-0.350000,-0.014768
100,8,train,77,0.380000,0.330083
100,8,train,78,0.170000,0.161709
100,8,train,79,0.020000,0.051623
100,8,train,80,0.044200,0.054933
100,8,train,81,0.035400,0.042494
100,8,train,82,0.244400,0.245529
100,8,train,83,0.260000,0.232935
100,8,train,84,0.370000,0.280417
100,8,train,85,0.094600,0.096943
100,8,train,86,0.084600,0.091243
100,8,train,87,0.065340,0.095976
100,8,train,88,0.058480,0.099425
100,8,train,89,0.130000,0.129230
100,8,train,90,0.060000,0.078530
100,8,train,91,0.160000,0.153865
100,8,train,92,0.035100,0.049373
100,8,train,93,0.185100,0.178522
100,8,train,94,0.090000,0.104451
100,8,train,95,0.080000,0.089729
100,8,train,96,0.151000,0.139748
100,8,train,97,0.270000,0.256203
100,8,train,98,0.240000,0.215406
100,8,train,99,0.072000,0.092252
100,8,train,100,-0.110000,-0.010728
100,8,train,101,0.050000,0.066012
100,8,train,102,0.011000,0.079197
100,8,train,103,0.260000,0.257733
100,8,train,104,0.190000,0.192088
100,8,train,105,0.190000,0.150854
100,8,train,106,0.280000,0.196354
100,8,train,107,0.025000,0.036954
100,8,train,108,0.230000,0.260765
100,8,train,109,0.080000,0.097820
100,8,train,110,0.000000,0.043990
100,8,train,111,0.020000,0.031951
100,8,train,112,0.130000,0.129230
100,8,train,113,0.151000,0.139748
100,8,train,114,0.062000,0.098587
100,8,train,115,0.270000,0.239202
100,8,train,116,0.020000,0.026491
100,8,train,117,0.080000,0.073390
100,8,train,118,0.040000,0.068663
100,8,train,119,0.150000,0.187828
100,8,train,120,0.190000,0.178061
100,8,train,121,0.110000,0.119143
100,8,train,122,0.030000,0.034464
100,8,train,123,0.024200,0.049174
100,8,train,124,0.220000,0.192290
100,8,train,125,0.035400,0.042494
100,8,train,126,0.010000,0.031705
100,8,train,127,0.030000,0.037874
100,8,train,128,0.050000,0.068491
100,8,train,129,0.100000,0.114661
100,9,test,0,0.163300,0.120480
100,9,test,1,0.190000,0.104615
100,9,test,2,0.032000,0.114075
100,9,test,3,0.072000,0.108949
100,9,test,4,0.025000,0.090774
100,9,test,5,0.080000,0.072103
100,9,test,6,0.240000,0.194289
100,9,test,7,0.080000,0.160678
100,9,test,8,0.095300,0.086802
100,9,test,9,0.190000,0.145579
100,9,test,10,0.120000,0.242061
100,9,test,11,0.043800,0.107692
100,9,test,12,0.010000,0.049899
100,9,test,13,0.174900,0.137044
100,9,test,14,0.094900,0.105279
100,9,test,15,0.100000,0.120968
100,9,test,16,0.100000,0.120968
100,9,test,17,0.151000,0.108506
100,9,test,18,0.020000,0.249653
100,9,test,19,0.264400,0.241560
100,9,test,20,0.244400,0.215222
100,9,test,21,0.020000,0.094844
100,9,test,22,0.190000,0.158433
100,9,test,23,0.180000,0.093576
100,9,test,24,0.090000,0.135102
100,9,test,25,0.280000,0.117660
100,9,test,26,0.193500,0.143339
100,9,test,27,0.054300,0.175561
100,9,test,28,0.190000,0.143339
100,9,test,29,0.058480,0.133083
100,9,test,30,0.144700,0.122518
100,9,test,31,0.050000,0.170522
100,9,test,32,0.280000,0.171124
100,9,train,0,0.052410,0.087153
100,9,train,1,0.094600,0.094906
100,9,train,2,0.035400,0.050904
100,9,train,3,0.190000,0.141770
100,9,train,4,0.010000,0.023306
100,9,train,5,0.790000,0.705316
100,9,train,6,0.350000,0.305110
100,9,train,7,0.540000,0.351652
100,9,train,8,0.065340,0.083530
100,9,train,9,0.070000,0.070258
100,9,train,10,0.010000,0.030749
100,9,train,11,-0.030000,0.038683
100,9,train,12,0.035400,0.050904
100,9,train,13,0.093900,0.090472
100,9,train,14,0.115100,0.115930
100,9,train,15,0.050000,0.060892
100,9,train,16,0.030000,0.069433
100,9,train,17,0.111520,0.113744
100,9,train,18,0.044200,0.060278
100,9,train,19,0.040000,0.082241
100,9,train,20,0.084600,0.094230
100,9,train,21,0.020000,0.076490
100,9,train,22,0.115100,0.115930
100,9,train,23,0.380000,0.294134
100,9,train,24,0.100000,0.108775
100,9,train,25,0.290000,0.239431
100,9,train,26,0.045300,0.075097
100,9,train,27,0.320000,0.283469
100,9,train,28,0.290000,0.240369
100,9,train,29,0.035100,0.058046
100,9,train,30,0.310000,0.281880
100,9,train,31,0.185100,0.173164
100,9,train,32,0.380000,0.295731
100,9,train,33,0.130000,0.118882
100,9,train,34,0.011000,0.095789
100,9,train,35,0.020000,0.068422
100,9,train,36,0.022000,0.061486
100,9,train,37,0.110000,0.111892
100,9,train,38,0.075400,0.071791
100,9,train,39,0.020000,0.111766
100,9,train,40,0.260000,0.259267
100,9,train,41,0.020000,0.044447
100,9,train,42,0.090000,0.084324
100,9,train,43,0.094900,0.105279
100,9,train,44,0.232000,0.221683
100,9,train,45,0.150000,0.193209
100,9,train,46,0.242000,0.223972
100,9,train,47,0.260000,0.248417
100,9,train,48,0.150000,0.194999
100,9,train,49,0.048480,0.108294
100,9,train,50,0.075400,0.071791
100,9,train,51,0.135000,0.154763
100,9,train,52,0.010000,0.047440
100,9,train,53,0.200000,0.204940
100,9,train,54,0.174900,0.137044
100,9,train,55,0.080000,0.088579
100,9,train,56,0.210000,0.168887
100,9,train,57,0.110000,0.111892
100,9,train,58,0.020000,0.062514
100,9,train,59,0.030000,0.058283
100,9,train,60,0.151000,0.108506
100,9,train,61,0.024200,0.056735
100,9,train,62,0.790000,0.735888
100,9,train,63,0.050000,0.103087
100,9,train,64,0.023500,0.044687
100,9,train,65,0.273300,0.231758
100,9,train,66,0.018000,0.054825
100,9,train,67,0.270000,0.231758
100,9,train,68,0.130000,0.118882
100,9,train,69,0.160000,0.155052
100,9,train,70,0.224400,0.197755
100,9,train,71,-0.110000,-0.025459
100,9,train,72,0.230000,0.222685
100,9,train,73,0.094700,0.118128
100,9,train,74,0.090000,0.097947
100,9,train,75,0.260000,0.268588
100,9,train,76,0.144700,0.122518
100,9,train,77,0.040000,0.056050
100,9,train,78,0.360000,0.263907
100,9,train,79,0.030000,0.087612
100,9,train,80,0.284200,0.211906
100,9,train,81,0.240000,0.224836
100,9,train,82,0.170000,0.163114
100,9,train,83,0.370000,0.307371
100,9,train,84,0.439000,0.383279
100,9,train,85,0.030000,0.052442
100,9,train,86,0.114400,0.123771
100,9,train,87,0.133000,0.117660
100,9,train,88,0.073410,0.098044
100,9,train,89,0.280000,0.261577
100,9,train,90,0.200000,0.156087
100,9,train,91,0.030000,0.054906
100,9,train,92,0.820000,0.606079
100,9,train,93,0.190000,0.145194
100,9,train,94,0.062000,0.084665
100,9,train,95,0.040000,0.104046
100,9,train,96,0.403000,0.370687
100,9,train,97,0.160000,0.168755
100,9,train,98,0.018000,0.075149
100,9,train,99,0.220000,0.161100
100,9,train,100,0.180000,0.151447
100,9,train,101,0.090000,0.099122
100,9,train,102,0.060000,0.080011
100,9,train,103,0.330000,0.270482
100,9,train,104,0.220000,0.203946
100,9,train,105,0.210000,0.199875
100,9,train,106,0.160000,0.094739
100,9,train,107,0.020000,0.025673
100,9,train,108,-0.350000,-0.181732
100,9,train,109,0.144500,0.142598
100,9,train,110,0.240000,0.212427
100,9,train,111,0.240000,0.203452
100,9,train,112,0.000000,0.064740
100,9,train,113,0.090000,0.090472
100,9,train,114,0.200000,0.178976
100,9,train,115,0.250000,0.242345
100,9,train,116,0.160000,0.120480
100,9,train,117,0.160000,0.150994
100,9,train,118,0.035100,0.058046
100,9,train,119,-0.390000,-0.216943
100,9,train,120,0.063300,0.080011
100,9,train,121,0.020000,0.044687
100,9,train,122,0.137000,0.123631
100,9,train,123,-0.080000,0.039529
100,9,train,124,0.270000,0.257837
100,9,train,125,0.150000,0.186059
100,9,train,126,0.010000,0.081195
100,9,train,127,0.020000,0.050262
100,9,train,128,0.185100,0.173164
100,9,train,129,0.260000,0.238160
100,10,test,0,0.111520,0.149009
100,10,test,1,0.020000,0.036584
100,10,test,2,0.044200,0.091366
100,10,test,3,0.073410,0.108832
100,10,test,4,0.035100,0.068395
100,10,test,5,0.110000,0.118359
100,10,test,6,0.790000,0.499188
100,10,test,7,0.020000,0.105360
100,10,test,8,0.330000,0.145788
100,10,test,9,0.090000,0.084155
100,10,test,10,0.070000,0.135999
100,10,test,11,0.060000,0.085425
100,10,test,12,0.163300,0.141272
100,10,test,13,0.065340,0.144694
100,10,test,14,0.045300,0.120768
100,10,test,15,0.032000,0.133390
100,10,test,16,0.200000,0.176691
100,10,test,17,0.240000,0.217489
100,10,test,18,0.030000,0.134195
100,10,test,19,0.130000,0.131535
100,10,test,20,0.144500,0.173682
100,10,test,21,0.018000,0.178501
100,10,test,22,0.160000,0.143404
100,10,test,23,0.220000,0.135043
100,10,test,24,0.094600,0.092839
100,10,test,25,0.193500,0.175463
100,10,test,26,0.035400,0.077053
100,10,test,27,0.010000,0.076666
100,10,test,28,0.020000,0.027190
100,10,test,29,-0.390000,0.133982
100,10,test,30,0.820000,0.281325
100,10,test,31,-0.030000,0.129326
100,10,test,32,0.210000,0.085259
100,10,train,0,0.210000,0.206365
100,10,train,1,0.540000,0.386660
100,10,train,2,0.280000,0.253193
100,10,train,3,0.020000,0.037644
100,10,train,4,0.230000,0.208322
100,10,train,5,0.020000,0.058519
100,10,train,6,0.150000,0.183362
100,10,train,7,0.370000,0.297234
100,10,train,8,0.790000,0.542343
100,10,train,9,0.260000,0.246037
100,10,train,10,0.190000,0.175463
100,10,train,11,0.050000,0.073033
100,10,train,12,0.160000,0.153669
100,10,train,13,0.030000,0.049570
100,10,train,14,0.075400,0.074419
100,10,train,15,0.054300,0.096785
100,10,train,16,0.151000,0.143118
100,10,train,17,-0.110000,-0.033819
100,10,train,18,0.273300,0.245103
100,10,train,19,0.010000,0.032139
100,10,train,20,0.135000,0.163914
100,10,train,21,0.270000,0.245103
100,10,train,22,0.115100,0.121020
100,10,train,23,0.024200,0.057645
100,10,train,24,0.011000,0.075295
100,10,train,25,0.052410,0.090944
100,10,train,26,0.190000,0.174162
100,10,train,27,0.094900,0.098857
100,10,train,28,0.040000,0.055505
100,10,train,29,0.160000,0.120594
100,10,train,30,0.174900,0.162444
100,10,train,31,0.190000,0.164392
100,10,train,32,0.080000,0.091133
100,10,train,33,0.380000,0.308231
100,10,train,34,0.224400,0.188931
100,10,train,35,0.180000,0.140772
100,10,train,36,0.062000,0.087713
100,10,train,37,0.090000,0.102841
100,10,train,38,0.190000,0.186642
100,10,train,39,0.095300,0.106250
100,10,train,40,0.180000,0.170125
100,10,train,41,0.360000,0.293109
100,10,train,42,0.084600,0.090869
100,10,train,43,0.050000,0.056453
100,10,train,44,0.050000,0.085611
100,10,train,45,0.023500,0.037644
100,10,train,46,0.035100,0.068395
100,10,train,47,0.240000,0.189751
100,10,train,48,0.133000,0.200365
100,10,train,49,0.090000,0.095812
100,10,train,50,0.030000,0.063150
100,10,train,51,0.439000,0.388936
100,10,train,52,0.110000,0.118359
100,10,train,53,0.310000,0.291692
100,10,train,54,0.115100,0.121020
100,10,train,55,0.290000,0.248397
100,10,train,56,0.250000,0.243294
100,10,train,57,0.260000,0.243048
100,10,train,58,0.284200,0.236286
100,10,train,59,0.018000,0.033809
100,10,train,60,0.160000,0.150205
100,10,train,61,0.035400,0.077053
100,10,train,62,0.020000,0.085759
100,10,train,63,0.030000,0.039615
100,10,train,64,0.220000,0.190754
100,10,train,65,0.200000,0.183755
100,10,train,66,0.043800,0.061366
100,10,train,67,0.010000,0.038411
100,10,train,68,0.100000,0.107328
100,10,train,69,0.100000,0.107328
100,10,train,70,0.072000,0.089736
100,10,train,71,0.290000,0.253260
100,10,train,72,0.174900,0.162444
100,10,train,73,0.380000,0.303839
100,10,train,74,0.094700,0.118298
100,10,train,75,0.100000,0.118323
100,10,train,76,-0.350000,-0.135441
100,10,train,77,0.280000,0.260320
100,10,train,78,0.260000,0.255582
100,10,train,79,0.185100,0.180531
100,10,train,80,0.010000,0.031747
100,10,train,81,0.020000,0.051570
100,10,train,82,0.020000,0.033716
100,10,train,83,0.022000,0.039779
100,10,train,84,0.040000,0.100991
100,10,train,85,0.244400,0.229010
100,10,train,86,0.090000,0.088148
100,10,train,87,0.200000,0.188307
100,10,train,88,0.075400,0.074419
100,10,train,89,0.093900,0.095812
100,10,train,90,0.137000,0.142623
100,10,train,91,0.010000,0.027445
100,10,train,92,0.151000,0.143118
100,10,train,93,0.000000,0.054511
100,10,train,94,0.264400,0.244126
100,10,train,95,0.048480,0.084588
100,10,train,96,0.232000,0.213121
100,10,train,97,0.058480,0.086173
100,10,train,98,-0.080000,0.031351
100,10,train,99,0.144700,0.139633
100,10,train,100,0.114400,0.127724
100,10,train,101,0.130000,0.131535
100,10,train,102,0.185100,0.180531
100,10,train,103,0.260000,0.245437
100,10,train,104,0.080000,0.104415
100,10,train,105,0.144700,0.139633
100,10,train,106,0.025000,0.042173
100,10,train,107,0.150000,0.190180
100,10,train,108,0.242000,0.226748
100,10,train,109,0.160000,0.141272
100,10,train,110,0.120000,0.161514
100,10,train,111,0.080000,0.088684
100,10,train,112,0.094900,0.098857
100,10,train,113,0.190000,0.170547
100,10,train,114,0.240000,0.202144
100,10,train,115,0.320000,0.280548
100,10,train,116,0.190000,0.171002
100,10,train,117,0.150000,0.179963
100,10,train,118,0.063300,0.085425
100,10,train,119,0.020000,0.066068
100,10,train,120,0.020000,0.108256
100,10,train,121,0.350000,0.310431
100,10,train,122,0.403000,0.380452
100,10,train,123,0.040000,0.072958
100,10,train,124,0.240000,0.232574
100,10,train,125,0.030000,0.047131
100,10,train,126,0.170000,0.183828
100,10,train,127,0.090000,0.097668
100,10,train,128,0.270000,0.247152
100,10,train,129,0.280000,0.200365
226,1,test,0,0.043800,0.124163
226,1,test,1,0.044200,0.087357
226,1,test,2,0.075400,0.071920
226,1,test,3,0.115100,0.129143
226,1,test,4,0.020000,0.106428
226,1,test,5,0.090000,0.068052
226,1,test,6,-0.390000,0.138117
226,1,test,7,0.111520,0.135023
226,1,test,8,0.110000,0.117639
226,1,test,9,0.080000,0.113284
226,1,test,10,0.439000,0.281516
226,1,test,11,0.320000,0.228128
226,1,test,12,0.185100,0.174235
226,1,test,13,0.144500,0.164477
226,1,test,14,0.150000,0.249747
226,1,test,15,0.174900,0.143797
226,1,test,16,0.040000,0.123041
226,1,test,17,0.030000,0.114348
226,1,test,18,0.062000,0.127643
226,1,test,19,0.010000,0.045705
226,1,test,20,0.200000,0.192462
226,1,test,21,0.224400,0.170531
226,1,test,22,0.163300,0.132947
226,1,test,23,0.250000,0.231880
226,1,test,24,0.040000,0.119552
226,1,test,25,0.190000,0.148192
226,1,test,26,0.200000,0.106884
226,1,test,27,0.050000,0.105755
226,1,test,28,0.151000,0.124645
226,1,test,29,0.190000,0.115988
226,1,test,30,0.058480,0.134789
226,1,test,31,0.190000,0.215476
226,1,test,32,0.063300,0.084807
226,1,train,0,0.100000,0.103344
226,1,train,1,0.150000,0.181494
226,1,train,2,0.023500,0.038748
226,1,train,3,0.403000,0.300173
226,1,train,4,0.190000,0.163052
226,1,train,5,0.115100,0.129143
226,1,train,6,0.380000,0.314093
226,1,train,7,0.110000,0.117639
226,1,train,8,0.242000,0.216618
226,1,train,9,0.020000,0.038748
226,1,train,10,0.020000,0.109417
226,1,train,11,0.050000,0.085360
226,1,train,12,-0.110000,-0.032413
226,1,train,13,0.010000,0.026217
226,1,train,14,0.090000,0.097255
226,1,train,15,0.330000,0.276086
226,1,train,16,0.018000,0.074257
226,1,train,17,0.244400,0.232934
226,1,train,18,0.010000,0.031670
226,1,train,19,0.200000,0.191625
226,1,train,20,-0.350000,-0.148523
226,1,train,21,0.100000,0.112688
226,1,train,22,0.260000,0.242685
226,1,train,23,0.144700,0.138753
226,1,train,24,0.080000,0.071867
226,1,train,25,0.151000,0.124645
226,1,train,26,0.000000,0.048721
226,1,train,27,0.024200,0.057113
226,1,train,28,0.035400,0.045396
226,1,train,29,0.220000,0.165757
226,1,train,30,0.084600,0.090050
226,1,train,31,0.070000,0.075372
226,1,train,32,0.048480,0.102413
226,1,train,33,0.090000,0.109998
226,1,train,34,0.360000,0.282627
226,1,train,35,0.290000,0.251166
226,1,train,36,0.220000,0.193479
226,1,train,37,0.270000,0.251052
226,1,train,38,0.280000,0.240630
226,1,train,39,0.260000,0.240191
226,1,train,40,0.790000,0.739551
226,1,train,41,0.310000,0.291178
226,1,train,42,0.020000,0.069815
226,1,train,43,0.120000,0.158461
226,1,train,44,0.144700,0.138753
226,1,train,45,-0.080000,0.022443
226,1,train,46,0.020000,0.046077
226,1,train,47,0.094900,0.098799
226,1,train,48,0.035100,0.046051
226,1,train,49,0.094700,0.125993
226,1,train,50,0.160000,0.132947
226,1,train,51,0.040000,0.100566
226,1,train,52,0.180000,0.166359
226,1,train,53,0.230000,0.222071
226,1,train,54,0.010000,0.076665
226,1,train,55,0.090000,0.094146
226,1,train,56,0.020000,0.045069
226,1,train,57,0.284200,0.234367
226,1,train,58,0.135000,0.164003
226,1,train,59,0.820000,0.652899
226,1,train,60,0.045300,0.068916
226,1,train,61,0.035400,0.045396
226,1,train,62,0.240000,0.229153
226,1,train,63,0.020000,0.048069
226,1,train,64,0.264400,0.240285
226,1,train,65,0.093900,0.097255
226,1,train,66,0.030000,0.071904
226,1,train,67,0.280000,0.187000
226,1,train,68,0.018000,0.033596
226,1,train,69,0.080000,0.093080
226,1,train,70,0.280000,0.262478
226,1,train,71,0.050000,0.058676
226,1,train,72,0.174900,0.143797
226,1,train,73,0.130000,0.128897
226,1,train,74,0.190000,0.175446
226,1,train,75,0.790000,0.718510
226,1,train,76,0.170000,0.183971
226,1,train,77,0.090000,0.105167
226,1,train,78,0.075400,0.071920
226,1,train,79,0.273300,0.249317
226,1,train,80,0.030000,0.105278
226,1,train,81,0.185100,0.174235
226,1,train,82,0.160000,0.180238
226,1,train,83,0.054300,0.093974
226,1,train,84,0.094900,0.098799
226,1,train,85,0.193500,0.186871
226,1,train,86,0.030000,0.044532
226,1,train,87,0.073410,0.087644
226,1,train,88,0.022000,0.039313
226,1,train,89,0.210000,0.163281
226,1,train,90,0.010000,0.033579
226,1,train,91,0.210000,0.205800
226,1,train,92,0.094600,0.093921
226,1,train,93,-0.030000,0.021705
226,1,train,94,0.180000,0.142932
226,1,train,95,0.032000,0.070215
226,1,train,96,0.114400,0.130964
226,1,train,97,0.290000,0.250967
226,1,train,98,0.150000,0.183838
226,1,train,99,0.350000,0.309819
226,1,train,100,0.190000,0.186871
226,1,train,101,0.160000,0.150838
226,1,train,102,0.240000,0.228649
226,1,train,103,0.232000,0.216783
226,1,train,104,0.137000,0.131559
226,1,train,105,0.270000,0.249317
226,1,train,106,0.060000,0.084807
226,1,train,107,0.380000,0.300915
226,1,train,108,0.160000,0.126513
226,1,train,109,0.072000,0.100850
226,1,train,110,0.130000,0.128897
226,1,train,111,0.100000,0.103344
226,1,train,112,0.540000,0.380120
226,1,train,113,0.160000,0.159366
226,1,train,114,0.133000,0.187000
226,1,train,115,0.240000,0.214213
226,1,train,116,0.025000,0.040458
226,1,train,117,0.260000,0.253357
226,1,train,118,0.065340,0.078037
226,1,train,119,0.052410,0.081525
226,1,train,120,0.020000,0.034067
226,1,train,121,0.260000,0.263280
226,1,train,122,0.240000,0.197947
226,1,train,123,0.011000,0.082045
226,1,train,124,0.035100,0.046051
226,1,train,125,0.030000,0.051796
226,1,train,126,0.020000,0.037079
226,1,train,127,0.370000,0.309303
226,1,train,128,0.020000,0.105918
226,1,train,129,0.095300,0.099423
226,2,test,0,0.310000,0.287844
226,2,test,1,0.260000,0.282444
226,2,test,2,0.072000,0.106962
226,2,test,3,0.270000,0.249523
226,2,test,4,0.180000,0.086483
226,2,test,5,0.210000,0.123943
226,2,test,6,0.052410,0.164746
226,2,test,7,0.080000,0.071055
226,2,test,8,0.032000,0.132182
226,2,test,9,0.280000,0.194519
226,2,test,10,0.093900,0.090319
226,2,test,11,0.240000,0.233044
226,2,test,12,0.100000,0.113642
226,2,test,13,0.150000,0.241823
226,2,test,14,0.090000,0.090319
226,2,test,15,0.273300,0.203955
226,2,test,16,0.110000,0.118000
226,2,test,17,0.011000,0.226410
226,2,test,18,0.200000,0.112189
226,2,test,19,0.111520,0.187787
226,2,test,20,-0.080000,0.189328
226,2,test,21,0.073410,0.136078
226,2,test,22,0.043800,0.082042
226,2,test,23,0.010000,0.073364
226,2,test,24,-0.350000,0.235482
226,2,test,25,0.260000,0.287880
226,2,test,26,0.084600,0.096944
226,2,test,27,0.224400,0.213472
226,2,test,28,0.010000,0.059713
226,2,test,29,0.035100,0.071803
226,2,test,30,0.174900,0.140172
226,2,test,31,0.018000,0.164845
226,2,test,32,0.020000,0.265978
226,2,train,0,0.115100,0.120965
226,2,train,1,0.320000,0.294080
226,2,train,2,0.023500,0.033921
226,2,train,3,0.790000,0.743626
226,2,train,4,-0.110000,-0.012784
226,2,train,5,0.080000,0.078484
226,2,train,6,0.024200,0.046958
226,2,train,7,0.190000,0.187648
226,2,train,8,0.170000,0.201095
226,2,train,9,0.133000,0.196552
226,2,train,10,0.040000,0.061459
226,2,train,11,0.020000,0.048953
226,2,train,12,0.010000,0.041130
226,2,train,13,0.144700,0.131916
226,2,train,14,0.040000,0.079462
226,2,train,15,0.030000,0.052744
226,2,train,16,0.820000,0.644441
226,2,train,17,0.090000,0.071870
226,2,train,18,0.010000,0.052299
226,2,train,19,0.244400,0.225566
226,2,train,20,0.190000,0.163402
226,2,train,21,0.144700,0.131916
226,2,train,22,0.020000,0.062338
226,2,train,23,0.264400,0.244373
226,2,train,24,0.048480,0.101165
226,2,train,25,0.240000,0.243668
226,2,train,26,0.110000,0.118000
226,2,train,27,0.062000,0.109681
226,2,train,28,0.065340,0.081922
226,2,train,29,0.180000,0.178338
226,2,train,30,0.030000,0.054527
226,2,train,31,0.120000,0.168356
226,2,train,32,0.025000,0.043658
226,2,train,33,0.114400,0.124142
226,2,train,34,-0.390000,-0.180535
226,2,train,35,0.030000,0.048501
226,2,train,36,0.020000,0.033921
226,2,train,37,0.018000,0.039707
226,2,train,38,0.090000,0.081266
226,2,train,39,0.151000,0.139597
226,2,train,40,0.790000,0.732262
226,2,train,41,0.094600,0.098415
226,2,train,42,0.020000,0.046317
226,2,train,43,0.190000,0.151813
226,2,train,44,0.050000,0.052599
226,2,train,45,0.040000,0.094705
226,2,train,46,0.240000,0.187295
226,2,train,47,0.439000,0.381659
226,2,train,48,0.050000,0.081203
226,2,train,49,0.000000,0.047268
226,2,train,50,0.185100,0.181304
226,2,train,51,0.270000,0.203955
226,2,train,52,0.151000,0.139597
226,2,train,53,0.130000,0.133238
226,2,train,54,0.540000,0.374018
226,2,train,55,0.240000,0.246237
226,2,train,56,0.075400,0.067869
226,2,train,57,0.010000,0.042071
226,2,train,58,0.144500,0.155210
226,2,train,59,0.075400,0.067869
226,2,train,60,0.130000,0.133238
226,2,train,61,-0.030000,0.023974
226,2,train,62,0.280000,0.196552
226,2,train,63,0.190000,0.183576
226,2,train,64,0.284200,0.237396
226,2,train,65,0.063300,0.067156
226,2,train,66,0.020000,0.067596
226,2,train,67,0.094900,0.100861
226,2,train,68,0.260000,0.255453
226,2,train,69,0.054300,0.110011
226,2,train,70,0.135000,0.166919
226,2,train,71,0.160000,0.108487
226,2,train,72,0.100000,0.113642
226,2,train,73,0.035400,0.042462
226,2,train,74,0.160000,0.149146
226,2,train,75,0.260000,0.244074
226,2,train,76,0.150000,0.180993
226,2,train,77,0.232000,0.237712
226,2,train,78,0.020000,0.109999
226,2,train,79,0.020000,0.052221
226,2,train,80,0.100000,0.108139
226,2,train,81,0.200000,0.215625
226,2,train,82,0.290000,0.273945
226,2,train,83,0.050000,0.062277
226,2,train,84,0.020000,0.038245
226,2,train,85,0.030000,0.104515
226,2,train,86,0.160000,0.143159
226,2,train,87,0.350000,0.302250
226,2,train,88,0.020000,0.043257
226,2,train,89,0.163300,0.149146
226,2,train,90,0.210000,0.225166
226,2,train,91,0.035100,0.071803
226,2,train,92,0.190000,0.204427
226,2,train,93,0.115100,0.120965
226,2,train,94,0.022000,0.042629
226,2,train,95,0.160000,0.162468
226,2,train,96,0.160000,0.175812
226,2,train,97,0.185100,0.181304
226,2,train,98,0.360000,0.275289
226,2,train,99,0.290000,0.270333
226,2,train,100,0.090000,0.110861
226,2,train,101,0.094700,0.144255
226,2,train,102,0.094900,0.100861
226,2,train,103,0.070000,0.062615
226,2,train,104,0.030000,0.084834
226,2,train,105,0.380000,0.318474
226,2,train,106,0.330000,0.296472
226,2,train,107,0.242000,0.249583
226,2,train,108,0.045300,0.060337
226,2,train,109,0.200000,0.214353
226,2,train,110,0.190000,0.174434
226,2,train,111,0.080000,0.087694
226,2,train,112,0.220000,0.167167
226,2,train,113,0.230000,0.243152
226,2,train,114,0.095300,0.085944
226,2,train,115,0.280000,0.266781
226,2,train,116,0.250000,0.249600
226,2,train,117,0.150000,0.169077
226,2,train,118,0.058480,0.083902
226,2,train,119,0.060000,0.067156
226,2,train,120,0.044200,0.051507
226,2,train,121,0.403000,0.370925
226,2,train,122,0.035400,0.042462
226,2,train,123,0.380000,0.318985
226,2,train,124,0.220000,0.205812
226,2,train,125,0.174900,0.140172
226,2,train,126,0.193500,0.183576
226,2,train,127,0.137000,0.127253
226,2,train,128,0.370000,0.288786
226,2,train,129,0.090000,0.087752
226,3,test,0,-0.030000,0.093833
226,3,test,1,0.150000,0.148889
226,3,test,2,0.310000,0.247156
226,3,test,3,0.180000,0.062253
226,3,test,4,0.044200,0.082943
226,3,test,5,0.062000,0.096208
226,3,test,6,0.094900,0.102744
226,3,test,7,0.030000,0.091384
226,3,test,8,0.230000,0.214872
226,3,test,9,0.063300,0.087013
226,3,test,10,0.090000,0.106792
226,3,test,11,0.020000,0.027451
226,3,test,12,0.273300,0.208824
226,3,test,13,0.040000,0.112403
226,3,test,14,0.052410,0.140115
226,3,test,15,0.023500,0.044337
226,3,test,16,0.058480,0.123892
226,3,test,17,0.439000,0.276408
226,3,test,18,0.232000,0.186502
226,3,test,19,0.790000,0.594490
226,3,test,20,0.120000,0.246696
226,3,test,21,-0.390000,0.160960
226,3,test,22,0.050000,0.073601
226,3,test,23,0.540000,0.123142
226,3,test,24,0.185100,0.169043
226,3,test,25,0.190000,0.117826
226,3,test,26,0.360000,0.158163
226,3,test,27,0.200000,0.087686
226,3,test,28,0.190000,0.193338
226,3,test,29,0.032000,0.133954
226,3,test,30,0.020000,0.232426
226,3,test,31,0.220000,0.083164
226,3,test,32,-0.080000,0.123826
226,3,train,0,0.090000,0.093417
226,3,train,1,0.080000,0.084681
226,3,train,2,0.073410,0.086451
226,3,train,3,0.045300,0.065453
226,3,train,4,0.011000,0.083266
226,3,train,5,0.350000,0.300770
226,3,train,6,0.264400,0.232647
226,3,train,7,0.290000,0.258214
226,3,train,8,0.030000,0.058618
226,3,train,9,0.130000,0.124895
226,3,train,10,0.370000,0.311265
226,3,train,11,0.010000,0.037266
226,3,train,12,0.193500,0.186040
226,3,train,13,0.130000,0.124895
226,3,train,14,0.137000,0.121896
226,3,train,15,0.100000,0.107703
226,3,train,16,0.020000,0.060996
226,3,train,17,0.330000,0.265496
226,3,train,18,0.093900,0.093417
226,3,train,19,0.174900,0.164080
226,3,train,20,0.200000,0.193771
226,3,train,21,0.075400,0.070924
226,3,train,22,0.094900,0.102744
226,3,train,23,0.030000,0.049091
226,3,train,24,0.084600,0.091445
226,3,train,25,0.111520,0.119035
226,3,train,26,0.030000,0.097085
226,3,train,27,0.160000,0.158288
226,3,train,28,0.144700,0.135166
226,3,train,29,0.284200,0.229190
226,3,train,30,0.160000,0.154677
226,3,train,31,0.090000,0.106379
226,3,train,32,0.144500,0.154259
226,3,train,33,0.030000,0.071319
226,3,train,34,0.100000,0.102725
226,3,train,35,0.020000,0.054938
226,3,train,36,0.090000,0.080199
226,3,train,37,0.240000,0.206545
226,3,train,38,0.022000,0.041404
226,3,train,39,0.144700,0.135166
226,3,train,40,0.280000,0.182630
226,3,train,41,0.035400,0.042336
226,3,train,42,0.260000,0.267652
226,3,train,43,0.224400,0.203731
226,3,train,44,0.163300,0.147780
226,3,train,45,0.260000,0.247462
226,3,train,46,0.403000,0.301862
226,3,train,47,0.020000,0.059660
226,3,train,48,0.040000,0.081921
226,3,train,49,0.020000,0.044337
226,3,train,50,0.072000,0.074868
226,3,train,51,0.043800,0.075156
226,3,train,52,0.048480,0.093019
226,3,train,53,0.270000,0.256413
226,3,train,54,0.025000,0.045544
226,3,train,55,0.160000,0.158617
226,3,train,56,0.020000,0.101425
226,3,train,57,0.270000,0.208824
226,3,train,58,0.024200,0.057783
226,3,train,59,0.114400,0.128162
226,3,train,60,0.050000,0.084688
226,3,train,61,0.080000,0.073332
226,3,train,62,0.035400,0.042336
226,3,train,63,0.100000,0.102725
226,3,train,64,0.020000,0.041692
226,3,train,65,0.174900,0.164080
226,3,train,66,0.250000,0.243187
226,3,train,67,0.200000,0.208331
226,3,train,68,0.135000,0.152258
226,3,train,69,0.185100,0.169043
226,3,train,70,0.190000,0.153693
226,3,train,71,0.035100,0.050544
226,3,train,72,0.018000,0.061006
226,3,train,73,0.320000,0.291910
226,3,train,74,0.040000,0.110032
226,3,train,75,0.110000,0.113293
226,3,train,76,0.240000,0.226654
226,3,train,77,0.010000,0.049610
226,3,train,78,0.094700,0.127434
226,3,train,79,0.290000,0.257600
226,3,train,80,0.260000,0.269045
226,3,train,81,0.150000,0.189711
226,3,train,82,0.010000,0.039648
226,3,train,83,0.820000,0.617927
226,3,train,84,0.060000,0.087013
226,3,train,85,0.260000,0.250183
226,3,train,86,0.000000,0.043196
226,3,train,87,0.050000,0.076461
226,3,train,88,0.170000,0.127970
226,3,train,89,0.160000,0.113502
226,3,train,90,0.190000,0.179350
226,3,train,91,0.180000,0.166398
226,3,train,92,0.244400,0.217431
226,3,train,93,0.280000,0.265036
226,3,train,94,0.115100,0.121268
226,3,train,95,0.210000,0.167314
226,3,train,96,0.210000,0.215561
226,3,train,97,0.075400,0.070924
226,3,train,98,0.065340,0.072967
226,3,train,99,0.095300,0.094898
226,3,train,100,0.035100,0.050544
226,3,train,101,0.240000,0.231096
226,3,train,102,0.242000,0.222291
226,3,train,103,0.380000,0.307627
226,3,train,104,0.160000,0.147780
226,3,train,105,0.020000,0.054110
226,3,train,106,0.110000,0.113293
226,3,train,107,0.010000,0.042441
226,3,train,108,0.220000,0.201786
226,3,train,109,0.070000,0.079749
226,3,train,110,0.115100,0.121268
226,3,train,111,0.240000,0.192917
226,3,train,112,0.190000,0.186040
226,3,train,113,0.280000,0.238636
226,3,train,114,-0.110000,-0.023952
226,3,train,115,0.151000,0.134411
226,3,train,116,0.054300,0.099907
226,3,train,117,0.133000,0.182630
226,3,train,118,0.151000,0.134411
226,3,train,119,0.150000,0.190528
226,3,train,120,-0.350000,-0.145846
226,3,train,121,0.380000,0.307543
226,3,train,122,0.010000,0.026387
226,3,train,123,0.080000,0.089546
226,3,train,124,0.018000,0.035256
226,3,train,125,0.094600,0.094088
226,3,train,126,0.020000,0.073145
226,3,train,127,0.790000,0.655487
226,3,train,128,0.190000,0.177269
226,3,train,129,0.090000,0.087406
226,4,test,0,0.439000,0.217313
226,4,test,1,0.073410,0.147243
226,4,test,2,0.080000,0.100167
226,4,test,3,0.151000,0.093168
226,4,test,4,0.000000,0.130920
226,4,test,5,0.044200,0.081851
226,4,test,6,0.090000,0.106910
226,4,test,7,0.244400,0.216537
226,4,test,8,0.290000,0.198111
226,4,test,9,0.052410,0.173554
226,4,test,10,0.010000,0.091118
226,4,test,11,0.170000,0.223560
226,4,test,12,0.040000,0.173005
226,4,test,13,0.060000,0.108151
226,4,test,14,0.260000,0.269213
226,4,test,15,0.084600,0.109328
226,4,test,16,0.054300,0.205800
226,4,test,17,0.224400,0.191753
226,4,test,18,-0.080000,0.200172
226,4,test,19,0.062000,0.120568
226,4,test,20,0.284200,0.138382
226,4,test,21,0.200000,0.089914
226,4,test,22,0.160000,0.153127
226,4,test,23,0.144500,0.131920
226,4,test,24,0.090000,0.076584
226,4,test,25,0.010000,0.127859
226,4,test,26,0.185100,0.149382
226,4,test,27,0.790000,0.591503
226,4,test,28,0.310000,0.228917
226,4,test,29,0.010000,0.056521
226,4,test,30,0.280000,0.162252
226,4,test,31,0.380000,0.192505
226,4,test,32,0.273300,0.159148
226,4,train,0,0.025000,0.056497
226,4,train,1,0.050000,0.068281
226,4,train,2,0.050000,0.095546
226,4,train,3,0.185100,0.149382
226,4,train,4,0.190000,0.147273
226,4,train,5,0.065340,0.078271
226,4,train,6,0.040000,0.096778
226,4,train,7,0.144700,0.130458
226,4,train,8,0.130000,0.117530
226,4,train,9,0.240000,0.214494
226,4,train,10,0.250000,0.221272
226,4,train,11,0.111520,0.117273
226,4,train,12,0.100000,0.105022
226,4,train,13,0.023500,0.064587
226,4,train,14,0.094700,0.146689
226,4,train,15,0.242000,0.217222
226,4,train,16,0.030000,0.125198
226,4,train,17,0.200000,0.164967
226,4,train,18,0.360000,0.222919
226,4,train,19,0.270000,0.159148
226,4,train,20,0.150000,0.172321
226,4,train,21,0.380000,0.269937
226,4,train,22,0.270000,0.243392
226,4,train,23,0.040000,0.075872
226,4,train,24,0.080000,0.092110
226,4,train,25,0.020000,0.099312
226,4,train,26,0.011000,0.134483
226,4,train,27,0.080000,0.103166
226,4,train,28,0.090000,0.105427
226,4,train,29,0.070000,0.063494
226,4,train,30,0.193500,0.168740
226,4,train,31,0.190000,0.168740
226,4,train,32,0.264400,0.246529
226,4,train,33,0.150000,0.192429
226,4,train,34,0.280000,0.243209
226,4,train,35,0.018000,0.085797
226,4,train,36,0.022000,0.061259
226,4,train,37,0.035400,0.062491
226,4,train,38,0.032000,0.091954
226,4,train,39,0.240000,0.210634
226,4,train,40,0.163300,0.125972
226,4,train,41,0.094900,0.111288
226,4,train,42,0.030000,0.085838
226,4,train,43,0.110000,0.116907
226,4,train,44,0.030000,0.061675
226,4,train,45,0.540000,0.252254
226,4,train,46,0.230000,0.237712
226,4,train,47,0.280000,0.153571
226,4,train,48,0.115100,0.135107
226,4,train,49,0.210000,0.167997
226,4,train,50,0.063300,0.108151
226,4,train,51,0.058480,0.095257
226,4,train,52,0.320000,0.267818
226,4,train,53,0.020000,0.087363
226,4,train,54,0.115100,0.135107
226,4,train,55,0.220000,0.125901
226,4,train,56,0.020000,0.155456
226,4,train,57,0.190000,0.163621
226,4,train,58,0.100000,0.105022
226,4,train,59,0.370000,0.230878
226,4,train,60,0.095300,0.091554
226,4,train,61,0.350000,0.253121
226,4,train,62,0.190000,0.158515
226,4,train,63,0.020000,0.063540
226,4,train,64,0.035100,0.071212
226,4,train,65,0.048480,0.085017
226,4,train,66,0.035100,0.071212
226,4,train,67,0.072000,0.103211
226,4,train,68,0.110000,0.116907
226,4,train,69,0.190000,0.147880
226,4,train,70,0.190000,0.147988
226,4,train,71,0.075400,0.064367
226,4,train,72,0.240000,0.207643
226,4,train,73,0.260000,0.229228
226,4,train,74,0.090000,0.086839
226,4,train,75,0.090000,0.104346
226,4,train,76,-0.030000,0.052980
226,4,train,77,0.133000,0.153571
226,4,train,78,-0.350000,-0.112078
226,4,train,79,0.174900,0.130084
226,4,train,80,0.290000,0.201357
226,4,train,81,0.160000,0.125972
226,4,train,82,0.030000,0.089459
226,4,train,83,0.137000,0.125359
226,4,train,84,0.180000,0.144081
226,4,train,85,0.820000,0.561349
226,4,train,86,0.093900,0.106910
226,4,train,87,0.094900,0.111288
226,4,train,88,0.024200,0.074726
226,4,train,89,0.020000,0.064587
226,4,train,90,0.020000,0.149316
226,4,train,91,0.144700,0.130458
226,4,train,92,0.151000,0.093168
226,4,train,93,0.050000,0.098041
226,4,train,94,0.100000,0.123361
226,4,train,95,0.403000,0.232151
226,4,train,96,0.035400,0.062491
226,4,train,97,0.130000,0.117530
226,4,train,98,0.150000,0.224733
226,4,train,99,0.260000,0.236620
226,4,train,100,0.180000,0.114719
226,4,train,101,0.018000,0.053863
226,4,train,102,0.135000,0.152117
226,4,train,103,0.160000,0.085247
226,4,train,104,-0.110000,0.045774
226,4,train,105,0.210000,0.206605
226,4,train,106,0.010000,0.051156
226,4,train,107,0.114400,0.126383
226,4,train,108,-0.390000,-0.176171
226,4,train,109,0.010000,0.063074
226,4,train,110,0.094600,0.109255
226,4,train,111,0.020000,0.093319
226,4,train,112,0.790000,0.653724
226,4,train,113,0.160000,0.165958
226,4,train,114,0.260000,0.225606
226,4,train,115,0.045300,0.081159
226,4,train,116,0.043800,0.069645
226,4,train,117,0.020000,0.070341
226,4,train,118,0.232000,0.211078
226,4,train,119,0.020000,0.064342
226,4,train,120,0.075400,0.064367
226,4,train,121,0.030000,0.086174
226,4,train,122,0.200000,0.210499
226,4,train,123,0.330000,0.250485
226,4,train,124,0.020000,0.053989
226,4,train,125,0.160000,0.155044
226,4,train,126,0.174900,0.130084
226,4,train,127,0.220000,0.192367
226,4,train,128,0.240000,0.188150
226,4,train,129,0.120000,0.214014
226,5,test,0,0.054300,0.159383
226,5,test,1,0.240000,0.228274
226,5,test,2,0.040000,0.180033
226,5,test,3,0.790000,0.635465
226,5,test,4,0.100000,0.113206
226,5,test,5,0.010000,0.084728
226,5,test,6,0.094600,0.096518
226,5,test,7,-0.350000,0.228899
226,5,test,8,0.240000,0.226262
226,5,test,9,0.093900,0.101329
226,5,test,10,0.185100,0.175583
226,5,test,11,0.190000,0.150128
226,5,test,12,0.024200,0.069696
226,5,test,13,0.032000,0.130606
226,5,test,14,0.280000,0.222747
226,5,test,15,-0.030000,0.098752
226,5,test,16,0.030000,0.097816
226,5,test,17,0.160000,0.044540
226,5,test,18,0.260000,0.213367
226,5,test,19,0.063300,0.088540
226,5,test,20,0.190000,0.109104
226,5,test,21,0.160000,0.131841
226,5,test,22,0.163300,0.151167
226,5,test,23,0.023500,0.057201
226,5,test,24,0.094700,0.191124
226,5,test,25,0.174900,0.143439
226,5,test,26,0.090000,0.101329
226,5,test,27,0.035100,0.067943
226,5,test,28,0.052410,0.130856
226,5,test,29,0.200000,0.189201
226,5,test,30,0.010000,0.070091
226,5,test,31,0.220000,0.163290
226,5,test,32,0.190000,0.193422
226,5,train,0,0.160000,0.164120
226,5,train,1,0.790000,0.696578
226,5,train,2,0.075400,0.073295
226,5,train,3,0.050000,0.048557
226,5,train,4,0.110000,0.111387
226,5,train,5,0.310000,0.296346
226,5,train,6,0.040000,0.075343
226,5,train,7,0.090000,0.103676
226,5,train,8,0.174900,0.143439
226,5,train,9,0.020000,0.049662
226,5,train,10,0.144700,0.137382
226,5,train,11,-0.110000,-0.036733
226,5,train,12,0.133000,0.189690
226,5,train,13,0.048480,0.092907
226,5,train,14,0.010000,0.024137
226,5,train,15,0.220000,0.184243
226,5,train,16,0.250000,0.227410
226,5,train,17,0.190000,0.187721
226,5,train,18,0.270000,0.248210
226,5,train,19,0.193500,0.185425
226,5,train,20,0.232000,0.214727
226,5,train,21,0.260000,0.237595
226,5,train,22,0.370000,0.315532
226,5,train,23,0.100000,0.122813
226,5,train,24,0.260000,0.266742
226,5,train,25,0.060000,0.088540
226,5,train,26,0.151000,0.139392
226,5,train,27,0.020000,0.034437
226,5,train,28,0.244400,0.236422
226,5,train,29,0.094900,0.099723
226,5,train,30,0.025000,0.036484
226,5,train,31,0.018000,0.033415
226,5,train,32,0.210000,0.211670
226,5,train,33,0.065340,0.088253
226,5,train,34,0.111520,0.141182
226,5,train,35,0.150000,0.189579
226,5,train,36,0.190000,0.185425
226,5,train,37,0.070000,0.078873
226,5,train,38,0.160000,0.185900
226,5,train,39,0.137000,0.132071
226,5,train,40,0.210000,0.170129
226,5,train,41,0.095300,0.095125
226,5,train,42,0.100000,0.113206
226,5,train,43,0.403000,0.370909
226,5,train,44,0.170000,0.174681
226,5,train,45,0.260000,0.266842
226,5,train,46,0.020000,0.120488
226,5,train,47,0.020000,0.035052
226,5,train,48,0.035400,0.045742
226,5,train,49,0.022000,0.034287
226,5,train,50,0.151000,0.139392
226,5,train,51,0.150000,0.177742
226,5,train,52,0.094900,0.099723
226,5,train,53,0.135000,0.166009
226,5,train,54,0.130000,0.129831
226,5,train,55,0.080000,0.077920
226,5,train,56,0.073410,0.100475
226,5,train,57,0.020000,0.057201
226,5,train,58,0.084600,0.092585
226,5,train,59,0.284200,0.238690
226,5,train,60,0.240000,0.220074
226,5,train,61,0.230000,0.235434
226,5,train,62,0.044200,0.054629
226,5,train,63,0.072000,0.086681
226,5,train,64,0.280000,0.189690
226,5,train,65,0.010000,0.024644
226,5,train,66,0.115100,0.125590
226,5,train,67,0.080000,0.086201
226,5,train,68,0.075400,0.073295
226,5,train,69,0.190000,0.152753
226,5,train,70,0.120000,0.165213
226,5,train,71,0.110000,0.111387
226,5,train,72,0.144700,0.137382
226,5,train,73,0.242000,0.245419
226,5,train,74,0.224400,0.209894
226,5,train,75,0.030000,0.065041
226,5,train,76,0.115100,0.125590
226,5,train,77,0.035100,0.067943
226,5,train,78,0.180000,0.145170
226,5,train,79,0.020000,0.066107
226,5,train,80,0.380000,0.305097
226,5,train,81,0.030000,0.079836
226,5,train,82,0.080000,0.090440
226,5,train,83,0.090000,0.079120
226,5,train,84,0.160000,0.151167
226,5,train,85,0.150000,0.185059
226,5,train,86,0.030000,0.113633
226,5,train,87,0.040000,0.057846
226,5,train,88,0.320000,0.291075
226,5,train,89,0.439000,0.369578
226,5,train,90,-0.390000,-0.185587
226,5,train,91,0.180000,0.175568
226,5,train,92,0.000000,0.046350
226,5,train,93,0.144500,0.161897
226,5,train,94,0.035400,0.045742
226,5,train,95,0.020000,0.058388
226,5,train,96,0.045300,0.064430
226,5,train,97,0.540000,0.395510
226,5,train,98,0.280000,0.254880
226,5,train,99,0.058480,0.096782
226,5,train,100,0.360000,0.276748
226,5,train,101,0.050000,0.063237
226,5,train,102,0.010000,0.067945
226,5,train,103,0.820000,0.610009
226,5,train,104,0.020000,0.054209
226,5,train,105,0.330000,0.276584
226,5,train,106,0.200000,0.165168
226,5,train,107,0.200000,0.206951
226,5,train,108,0.240000,0.195198
226,5,train,109,0.273300,0.248210
226,5,train,110,0.090000,0.086971
226,5,train,111,0.020000,0.025351
226,5,train,112,0.290000,0.251279
226,5,train,113,0.270000,0.246145
226,5,train,114,0.130000,0.129831
226,5,train,115,0.114400,0.136640
226,5,train,116,-0.080000,0.020183
226,5,train,117,0.043800,0.066290
226,5,train,118,0.264400,0.254324
226,5,train,119,0.185100,0.175583
226,5,train,120,0.030000,0.048638
226,5,train,121,0.062000,0.098358
226,5,train,122,0.380000,0.314807
226,5,train,123,0.050000,0.080193
226,5,train,124,0.090000,0.107017
226,5,train,125,0.350000,0.321532
226,5,train,126,0.020000,0.115739
226,5,train,127,0.011000,0.084037
226,5,train,128,0.290000,0.262960
226,5,train,129,0.018000,0.067987
226,6,test,0,0.190000,0.146712
226,6,test,1,0.310000,0.241816
226,6,test,2,0.220000,0.108376
226,6,test,3,0.095300,0.088228
226,6,test,4,0.280000,0.184887
226,6,test,5,0.100000,0.104662
226,6,test,6,0.020000,0.068758
226,6,test,7,0.190000,0.206583
226,6,test,8,0.290000,0.189073
226,6,test,9,0.144700,0.132438
226,6,test,10,0.790000,0.599962
226,6,test,11,0.020000,0.154698
226,6,test,12,0.020000,0.025383
226,6,test,13,0.160000,0.176731
226,6,test,14,0.114400,0.155834
226,6,test,15,0.174900,0.134688
226,6,test,16,0.260000,0.203513
226,6,test,17,0.210000,0.209903
226,6,test,18,0.045300,0.100084
226,6,test,19,0.084600,0.092221
226,6,test,20,0.150000,0.261396
226,6,test,21,0.040000,0.205851
226,6,test,22,0.151000,0.086695
226,6,test,23,0.280000,0.230943
226,6,test,24,0.151000,0.086695
226,6,test,25,0.035400,0.091812
226,6,test,26,0.144500,0.159399
226,6,test,27,0.030000,0.082406
226,6,test,28,0.160000,0.127815
226,6,test,29,-0.390000,0.132069
226,6,test,30,0.035100,0.066227
226,6,test,31,0.200000,0.099805
226,6,test,32,0.035400,0.091812
226,6,train,0,0.133000,0.173500
226,6,train,1,0.190000,0.152733
226,6,train,2,0.200000,0.202157
226,6,train,3,0.093900,0.099049
226,6,train,4,0.030000,0.060939
226,6,train,5,0.135000,0.170261
226,6,train,6,0.000000,0.058687
226,6,train,7,0.110000,0.112392
226,6,train,8,0.100000,0.104662
226,6,train,9,0.190000,0.149775
226,6,train,10,0.163300,0.136947
226,6,train,11,0.080000,0.072508
226,6,train,12,0.094900,0.097590
226,6,train,13,0.025000,0.050337
226,6,train,14,0.260000,0.262534
226,6,train,15,0.370000,0.291629
226,6,train,16,0.018000,0.052310
226,6,train,17,0.150000,0.190126
226,6,train,18,0.264400,0.255144
226,6,train,19,0.100000,0.117407
226,6,train,20,0.240000,0.206457
226,6,train,21,0.185100,0.172896
226,6,train,22,0.230000,0.234362
226,6,train,23,0.043800,0.099105
226,6,train,24,0.020000,0.047857
226,6,train,25,0.160000,0.094912
226,6,train,26,0.170000,0.200328
226,6,train,27,0.270000,0.229537
226,6,train,28,0.094700,0.120316
226,6,train,29,0.020000,0.052516
226,6,train,30,0.090000,0.099049
226,6,train,31,0.120000,0.167450
226,6,train,32,0.284200,0.222051
226,6,train,33,0.240000,0.198877
226,6,train,34,0.020000,0.110790
226,6,train,35,0.065340,0.089633
226,6,train,36,0.330000,0.271427
226,6,train,37,0.190000,0.180129
226,6,train,38,0.020000,0.056433
226,6,train,39,0.220000,0.202132
226,6,train,40,0.130000,0.120694
226,6,train,41,0.180000,0.128463
226,6,train,42,0.050000,0.089884
226,6,train,43,0.080000,0.090572
226,6,train,44,0.224400,0.211827
226,6,train,45,0.018000,0.076122
226,6,train,46,0.320000,0.283553
226,6,train,47,0.075400,0.070869
226,6,train,48,0.090000,0.096299
226,6,train,49,0.010000,0.028315
226,6,train,50,0.072000,0.091690
226,6,train,51,0.200000,0.182768
226,6,train,52,-0.080000,0.043290
226,6,train,53,0.020000,0.135203
226,6,train,54,0.190000,0.164623
226,6,train,55,0.011000,0.089975
226,6,train,56,0.080000,0.097235
226,6,train,57,0.040000,0.060520
226,6,train,58,0.280000,0.173500
226,6,train,59,0.150000,0.179606
226,6,train,60,0.240000,0.206703
226,6,train,61,0.094600,0.091978
226,6,train,62,0.044200,0.061908
226,6,train,63,0.022000,0.052060
226,6,train,64,0.062000,0.089206
226,6,train,65,0.260000,0.262011
226,6,train,66,0.380000,0.310295
226,6,train,67,0.094900,0.097590
226,6,train,68,0.242000,0.229063
226,6,train,69,0.010000,0.054081
226,6,train,70,0.180000,0.154073
226,6,train,71,0.048480,0.090450
226,6,train,72,0.380000,0.292005
226,6,train,73,0.290000,0.236264
226,6,train,74,0.023500,0.068758
226,6,train,75,0.024200,0.062067
226,6,train,76,0.073410,0.085468
226,6,train,77,0.050000,0.078940
226,6,train,78,0.273300,0.229537
226,6,train,79,0.137000,0.130628
226,6,train,80,0.111520,0.122684
226,6,train,81,0.075400,0.070869
226,6,train,82,0.032000,0.077102
226,6,train,83,0.090000,0.077454
226,6,train,84,0.020000,0.041331
226,6,train,85,0.030000,0.077317
226,6,train,86,0.020000,0.060343
226,6,train,87,0.010000,0.036245
226,6,train,88,0.115100,0.125858
226,6,train,89,0.403000,0.365001
226,6,train,90,-0.030000,0.025455
226,6,train,91,0.070000,0.067460
226,6,train,92,0.063300,0.078523
226,6,train,93,-0.350000,-0.118149
226,6,train,94,0.115100,0.125858
226,6,train,95,0.360000,0.278293
226,6,train,96,0.160000,0.149687
226,6,train,97,0.232000,0.216300
226,6,train,98,0.193500,0.180129
226,6,train,99,0.244400,0.233557
226,6,train,100,0.250000,0.231120
226,6,train,101,0.110000,0.112392
226,6,train,102,0.060000,0.078523
226,6,train,103,-0.110000,-0.016293
226,6,train,104,0.210000,0.169604
226,6,train,105,0.439000,0.364580
226,6,train,106,0.040000,0.077372
226,6,train,107,0.820000,0.623638
226,6,train,108,0.260000,0.236747
226,6,train,109,0.130000,0.120694
226,6,train,110,0.090000,0.099801
226,6,train,111,0.270000,0.236898
226,6,train,112,0.030000,0.051013
226,6,train,113,0.058480,0.085808
226,6,train,114,0.790000,0.659669
226,6,train,115,0.350000,0.290209
226,6,train,116,0.540000,0.342732
226,6,train,117,0.010000,0.049715
226,6,train,118,0.054300,0.105555
226,6,train,119,0.144700,0.132438
226,6,train,120,0.174900,0.134688
226,6,train,121,0.240000,0.228012
226,6,train,122,0.052410,0.089897
226,6,train,123,0.160000,0.136947
226,6,train,124,0.185100,0.172896
226,6,train,125,0.050000,0.061339
226,6,train,126,0.035100,0.066227
226,6,train,127,0.030000,0.072631
226,6,train,128,0.090000,0.084324
226,6,train,129,0.010000,0.027399
226,7,test,0,0.144700,0.121894
226,7,test,1,0.130000,0.126834
226,7,test,2,0.095300,0.083673
226,7,test,3,0.030000,0.143188
226,7,test,4,0.290000,0.165196
226,7,test,5,0.075400,0.074644
226,7,test,6,0.150000,0.250140
226,7,test,7,0.020000,0.063625
226,7,test,8,0.094700,0.183508
226,7,test,9,0.280000,0.233114
226,7,test,10,0.073410,0.102936
226,7,test,11,0.200000,0.128397
226,7,test,12,0.380000,0.192072
226,7,test,13,0.190000,0.128036
226,7,test,14,0.020000,0.033537
226,7,test,15,0.072000,0.141863
226,7,test,16,0.080000,0.075980
226,7,test,17,0.018000,0.162402
226,7,test,18,0.220000,0.157111
226,7,test,19,0.240000,0.156228
226,7,test,20,0.020000,0.052727
226,7,test,21,0.084600,0.094684
226,7,test,22,0.160000,0.046797
226,7,test,23,0.790000,0.441578
226,7,test,24,0.060000,0.093518
226,7,test,25,0.090000,0.070365
226,7,test,26,0.135000,0.198271
226,7,test,27,0.210000,0.189566
226,7,test,28,0.230000,0.208115
226,7,test,29,0.115100,0.183042
226,7,test,30,0.115100,0.183042
226,7,test,31,0.790000,0.483132
226,7,test,32,0.110000,0.116511
226,7,train,0,0.244400,0.227224
226,7,train,1,0.260000,0.240215
226,7,train,2,0.035100,0.046414
226,7,train,3,0.160000,0.160144
226,7,train,4,0.022000,0.035767
226,7,train,5,0.160000,0.153204
226,7,train,6,0.100000,0.103446
226,7,train,7,0.032000,0.071791
226,7,train,8,0.063300,0.093518
226,7,train,9,0.190000,0.186758
226,7,train,10,-0.110000,-0.029082
226,7,train,11,0.010000,0.034397
226,7,train,12,0.137000,0.135800
226,7,train,13,0.018000,0.031206
226,7,train,14,0.054300,0.093935
226,7,train,15,-0.080000,0.030185
226,7,train,16,-0.030000,0.025312
226,7,train,17,0.273300,0.251882
226,7,train,18,0.048480,0.077258
226,7,train,19,0.200000,0.172652
226,7,train,20,0.094900,0.097714
226,7,train,21,0.190000,0.185309
226,7,train,22,0.100000,0.115019
226,7,train,23,-0.350000,-0.144504
226,7,train,24,0.080000,0.096424
226,7,train,25,0.439000,0.385204
226,7,train,26,-0.390000,-0.184789
226,7,train,27,0.011000,0.079082
226,7,train,28,0.185100,0.187475
226,7,train,29,0.020000,0.040455
226,7,train,30,0.260000,0.231892
226,7,train,31,0.350000,0.313523
226,7,train,32,0.035400,0.044081
226,7,train,33,0.130000,0.126834
226,7,train,34,0.224400,0.194019
226,7,train,35,0.180000,0.149709
226,7,train,36,0.163300,0.153204
226,7,train,37,0.075400,0.074644
226,7,train,38,0.040000,0.095083
226,7,train,39,0.190000,0.157472
226,7,train,40,0.030000,0.066049
226,7,train,41,0.193500,0.186758
226,7,train,42,0.090000,0.089921
226,7,train,43,0.024200,0.042128
226,7,train,44,0.030000,0.046995
226,7,train,45,0.020000,0.035028
226,7,train,46,0.090000,0.102618
226,7,train,47,0.190000,0.166014
226,7,train,48,0.065340,0.089817
226,7,train,49,0.080000,0.089590
226,7,train,50,0.180000,0.168792
226,7,train,51,0.094900,0.097714
226,7,train,52,0.280000,0.196154
226,7,train,53,0.090000,0.096209
226,7,train,54,0.190000,0.160268
226,7,train,55,0.044200,0.051189
226,7,train,56,0.330000,0.261223
226,7,train,57,0.025000,0.039578
226,7,train,58,0.030000,0.047013
226,7,train,59,0.150000,0.177146
226,7,train,60,0.000000,0.047264
226,7,train,61,0.160000,0.149178
226,7,train,62,0.820000,0.596345
226,7,train,63,0.280000,0.250032
226,7,train,64,0.058480,0.086539
226,7,train,65,0.151000,0.140026
226,7,train,66,0.240000,0.202779
226,7,train,67,0.020000,0.118314
226,7,train,68,0.260000,0.257083
226,7,train,69,0.232000,0.201994
226,7,train,70,0.114400,0.133893
226,7,train,71,0.242000,0.231141
226,7,train,72,0.040000,0.063091
226,7,train,73,0.150000,0.168786
226,7,train,74,0.264400,0.242040
226,7,train,75,0.062000,0.092047
226,7,train,76,0.240000,0.219790
226,7,train,77,0.035100,0.046414
226,7,train,78,0.050000,0.053219
226,7,train,79,0.110000,0.116511
226,7,train,80,0.120000,0.161747
226,7,train,81,0.320000,0.281961
226,7,train,82,0.094600,0.095165
226,7,train,83,0.100000,0.103446
226,7,train,84,0.160000,0.154590
226,7,train,85,0.270000,0.241378
226,7,train,86,0.380000,0.297938
226,7,train,87,0.270000,0.251882
226,7,train,88,0.170000,0.186972
226,7,train,89,0.111520,0.129085
226,7,train,90,0.050000,0.071038
226,7,train,91,0.020000,0.065512
226,7,train,92,0.040000,0.073496
226,7,train,93,0.260000,0.261137
226,7,train,94,0.250000,0.214672
226,7,train,95,0.403000,0.374756
226,7,train,96,0.151000,0.140026
226,7,train,97,0.290000,0.235792
226,7,train,98,0.240000,0.230593
226,7,train,99,0.035400,0.044081
226,7,train,100,0.090000,0.101063
226,7,train,101,0.174900,0.165696
226,7,train,102,0.220000,0.182890
226,7,train,103,0.045300,0.072447
226,7,train,104,0.020000,0.101839
226,7,train,105,0.284200,0.240592
226,7,train,106,0.050000,0.079326
226,7,train,107,0.010000,0.037616
226,7,train,108,0.070000,0.077666
226,7,train,109,0.043800,0.062170
226,7,train,110,0.144500,0.159277
226,7,train,111,0.310000,0.288452
226,7,train,112,0.020000,0.046223
226,7,train,113,0.174900,0.165696
226,7,train,114,0.020000,0.066709
226,7,train,115,0.010000,0.056732
226,7,train,116,0.210000,0.165305
226,7,train,117,0.540000,0.383569
226,7,train,118,0.010000,0.035615
226,7,train,119,0.023500,0.035028
226,7,train,120,0.010000,0.037785
226,7,train,121,0.144700,0.121894
226,7,train,122,0.370000,0.306995
226,7,train,123,0.093900,0.096209
226,7,train,124,0.133000,0.196154
226,7,train,125,0.185100,0.187475
226,7,train,126,0.200000,0.191810
226,7,train,127,0.360000,0.284193
226,7,train,128,0.030000,0.068262
226,7,train,129,0.052410,0.080767
226,8,test,0,0.018000,0.061867
226,8,test,1,-0.030000,0.107127
226,8,test,2,0.439000,0.259720
226,8,test,3,0.264400,0.240357
226,8,test,4,0.100000,0.108466
226,8,test,5,0.114400,0.154445
226,8,test,6,0.100000,0.115220
226,8,test,7,0.160000,0.140388
226,8,test,8,0.160000,0.130547
226,8,test,9,0.043800,0.078044
226,8,test,10,0.200000,0.183085
226,8,test,11,0.240000,0.205202
226,8,test,12,0.220000,0.108166
226,8,test,13,0.054300,0.170507
226,8,test,14,0.180000,0.073143
226,8,test,15,0.075400,0.061196
226,8,test,16,0.380000,0.175689
226,8,test,17,0.052410,0.132894
226,8,test,18,0.070000,0.095403
226,8,test,19,0.144700,0.115135
226,8,test,20,0.030000,0.071478
226,8,test,21,0.093900,0.095964
226,8,test,22,0.020000,0.060554
226,8,test,23,0.290000,0.168517
226,8,test,24,0.210000,0.280067
226,8,test,25,0.160000,0.155362
226,8,test,26,-0.390000,0.130064
226,8,test,27,0.150000,0.232436
226,8,test,28,0.030000,0.138673
226,8,test,29,0.110000,0.119325
226,8,test,30,0.240000,0.220125
226,8,test,31,0.010000,0.034348
226,8,test,32,0.820000,0.407514
226,8,train,0,0.094900,0.100557
226,8,train,1,0.150000,0.160658
226,8,train,2,0.020000,0.065636
226,8,train,3,0.018000,0.069734
226,8,train,4,0.224400,0.211849
226,8,train,5,0.010000,0.038025
226,8,train,6,0.290000,0.256652
226,8,train,7,0.232000,0.199453
226,8,train,8,0.090000,0.095964
226,8,train,9,0.137000,0.126687
226,8,train,10,0.020000,0.031669
226,8,train,11,0.284200,0.230548
226,8,train,12,0.350000,0.322534
226,8,train,13,0.030000,0.044418
226,8,train,14,0.094900,0.100557
226,8,train,15,0.174900,0.161250
226,8,train,16,0.360000,0.256281
226,8,train,17,0.090000,0.088792
226,8,train,18,0.242000,0.233440
226,8,train,19,0.050000,0.075700
226,8,train,20,0.240000,0.198159
226,8,train,21,0.273300,0.237161
226,8,train,22,0.115100,0.120057
226,8,train,23,0.111520,0.125410
226,8,train,24,0.040000,0.096039
226,8,train,25,-0.080000,0.028381
226,8,train,26,0.193500,0.177446
226,8,train,27,0.320000,0.312112
226,8,train,28,0.403000,0.272954
226,8,train,29,0.063300,0.078162
226,8,train,30,0.330000,0.271666
226,8,train,31,0.090000,0.085701
226,8,train,32,0.210000,0.163424
226,8,train,33,0.020000,0.134747
226,8,train,34,0.133000,0.194328
226,8,train,35,0.185100,0.176618
226,8,train,36,0.280000,0.266182
226,8,train,37,0.090000,0.071281
226,8,train,38,0.032000,0.069623
226,8,train,39,0.022000,0.055521
226,8,train,40,0.200000,0.150783
226,8,train,41,0.190000,0.171702
226,8,train,42,0.260000,0.287547
226,8,train,43,0.073410,0.110385
226,8,train,44,0.200000,0.198419
226,8,train,45,0.035100,0.054629
226,8,train,46,0.020000,0.049853
226,8,train,47,0.115100,0.120057
226,8,train,48,0.190000,0.137502
226,8,train,49,0.174900,0.161250
226,8,train,50,0.040000,0.063940
226,8,train,51,0.010000,0.025572
226,8,train,52,0.144500,0.145650
226,8,train,53,0.023500,0.035702
226,8,train,54,0.790000,0.567214
226,8,train,55,0.010000,0.054820
226,8,train,56,0.020000,0.109821
226,8,train,57,0.135000,0.154581
226,8,train,58,0.310000,0.302020
226,8,train,59,0.094700,0.119806
226,8,train,60,0.163300,0.130547
226,8,train,61,0.120000,0.170931
226,8,train,62,0.190000,0.177103
226,8,train,63,0.250000,0.229781
226,8,train,64,0.075400,0.061196
226,8,train,65,0.020000,0.052915
226,8,train,66,0.095300,0.089974
226,8,train,67,0.540000,0.278706
226,8,train,68,0.790000,0.566915
226,8,train,69,0.180000,0.156476
226,8,train,70,0.144700,0.115135
226,8,train,71,0.048480,0.121209
226,8,train,72,0.260000,0.249886
226,8,train,73,0.160000,0.104563
226,8,train,74,0.045300,0.061115
226,8,train,75,0.280000,0.263540
226,8,train,76,-0.350000,-0.014793
226,8,train,77,0.380000,0.332066
226,8,train,78,0.170000,0.161288
226,8,train,79,0.020000,0.056824
226,8,train,80,0.044200,0.056082
226,8,train,81,0.035400,0.044338
226,8,train,82,0.244400,0.244925
226,8,train,83,0.260000,0.231706
226,8,train,84,0.370000,0.280899
226,8,train,85,0.094600,0.095098
226,8,train,86,0.084600,0.091221
226,8,train,87,0.065340,0.093833
226,8,train,88,0.058480,0.100490
226,8,train,89,0.130000,0.127642
226,8,train,90,0.060000,0.078162
226,8,train,91,0.160000,0.153728
226,8,train,92,0.035100,0.054629
226,8,train,93,0.185100,0.176618
226,8,train,94,0.090000,0.101919
226,8,train,95,0.080000,0.088176
226,8,train,96,0.151000,0.133043
226,8,train,97,0.270000,0.256670
226,8,train,98,0.240000,0.217359
226,8,train,99,0.072000,0.091661
226,8,train,100,-0.110000,-0.008287
226,8,train,101,0.050000,0.065571
226,8,train,102,0.011000,0.082505
226,8,train,103,0.260000,0.257868
226,8,train,104,0.190000,0.195335
226,8,train,105,0.190000,0.150643
226,8,train,106,0.280000,0.194328
226,8,train,107,0.025000,0.039670
226,8,train,108,0.230000,0.260584
226,8,train,109,0.080000,0.097879
226,8,train,110,0.000000,0.047758
226,8,train,111,0.020000,0.035702
226,8,train,112,0.130000,0.127642
226,8,train,113,0.151000,0.133043
226,8,train,114,0.062000,0.099366
226,8,train,115,0.270000,0.237161
226,8,train,116,0.020000,0.027848
226,8,train,117,0.080000,0.071349
226,8,train,118,0.040000,0.067860
226,8,train,119,0.150000,0.187453
226,8,train,120,0.190000,0.177446
226,8,train,121,0.110000,0.119325
226,8,train,122,0.030000,0.031947
226,8,train,123,0.024200,0.052517
226,8,train,124,0.220000,0.191398
226,8,train,125,0.035400,0.044338
226,8,train,126,0.010000,0.032060
226,8,train,127,0.030000,0.037034
226,8,train,128,0.050000,0.069301
226,8,train,129,0.100000,0.115220
226,9,test,0,0.163300,0.139585
226,9,test,1,0.190000,0.156956
226,9,test,2,0.032000,0.110173
226,9,test,3,0.072000,0.128794
226,9,test,4,0.025000,0.070845
226,9,test,5,0.080000,0.069585
226,9,test,6,0.240000,0.214283
226,9,test,7,0.080000,0.212631
226,9,test,8,0.095300,0.086870
226,9,test,9,0.190000,0.112806
226,9,test,10,0.120000,0.250639
226,9,test,11,0.043800,0.091689
226,9,test,12,0.010000,0.073667
226,9,test,13,0.174900,0.149305
226,9,test,14,0.094900,0.107852
226,9,test,15,0.100000,0.140476
226,9,test,16,0.100000,0.140476
226,9,test,17,0.151000,0.120735
226,9,test,18,0.020000,0.223875
226,9,test,19,0.264400,0.310224
226,9,test,20,0.244400,0.276408
226,9,test,21,0.020000,0.107603
226,9,test,22,0.190000,0.153807
226,9,test,23,0.180000,0.076317
226,9,test,24,0.090000,0.157029
226,9,test,25,0.280000,0.111077
226,9,test,26,0.193500,0.130588
226,9,test,27,0.054300,0.234769
226,9,test,28,0.190000,0.130588
226,9,test,29,0.058480,0.134395
226,9,test,30,0.144700,0.112819
226,9,test,31,0.050000,0.195540
226,9,test,32,0.280000,0.181823
226,9,train,0,0.052410,0.095009
226,9,train,1,0.094600,0.096449
226,9,train,2,0.035400,0.042600
226,9,train,3,0.190000,0.167808
226,9,train,4,0.010000,0.022303
226,9,train,5,0.790000,0.734122
226,9,train,6,0.350000,0.308651
226,9,train,7,0.540000,0.336831
226,9,train,8,0.065340,0.086072
226,9,train,9,0.070000,0.055565
226,9,train,10,0.010000,0.016574
226,9,train,11,-0.030000,0.015018
226,9,train,12,0.035400,0.042600
226,9,train,13,0.093900,0.093729
226,9,train,14,0.115100,0.122593
226,9,train,15,0.050000,0.047110
226,9,train,16,0.030000,0.082362
226,9,train,17,0.111520,0.128934
226,9,train,18,0.044200,0.057845
226,9,train,19,0.040000,0.056935
226,9,train,20,0.084600,0.094035
226,9,train,21,0.020000,0.082530
226,9,train,22,0.115100,0.122593
226,9,train,23,0.380000,0.304191
226,9,train,24,0.100000,0.113409
226,9,train,25,0.290000,0.200732
226,9,train,26,0.045300,0.063744
226,9,train,27,0.320000,0.287054
226,9,train,28,0.290000,0.247078
226,9,train,29,0.035100,0.047765
226,9,train,30,0.310000,0.307163
226,9,train,31,0.185100,0.176225
226,9,train,32,0.380000,0.282689
226,9,train,33,0.130000,0.128826
226,9,train,34,0.011000,0.106882
226,9,train,35,0.020000,0.068051
226,9,train,36,0.022000,0.049279
226,9,train,37,0.110000,0.119256
226,9,train,38,0.075400,0.075265
226,9,train,39,0.020000,0.114622
226,9,train,40,0.260000,0.263904
226,9,train,41,0.020000,0.066451
226,9,train,42,0.090000,0.079591
226,9,train,43,0.094900,0.107852
226,9,train,44,0.232000,0.194219
226,9,train,45,0.150000,0.197598
226,9,train,46,0.242000,0.223651
226,9,train,47,0.260000,0.231929
226,9,train,48,0.150000,0.205330
226,9,train,49,0.048480,0.105399
226,9,train,50,0.075400,0.075265
226,9,train,51,0.135000,0.157707
226,9,train,52,0.010000,0.036009
226,9,train,53,0.200000,0.210195
226,9,train,54,0.174900,0.149305
226,9,train,55,0.080000,0.079956
226,9,train,56,0.210000,0.185388
226,9,train,57,0.110000,0.119256
226,9,train,58,0.020000,0.047085
226,9,train,59,0.030000,0.063823
226,9,train,60,0.151000,0.120735
226,9,train,61,0.024200,0.044030
226,9,train,62,0.790000,0.763437
226,9,train,63,0.050000,0.142310
226,9,train,64,0.023500,0.028723
226,9,train,65,0.273300,0.241472
226,9,train,66,0.018000,0.062097
226,9,train,67,0.270000,0.241472
226,9,train,68,0.130000,0.128826
226,9,train,69,0.160000,0.103595
226,9,train,70,0.224400,0.202570
226,9,train,71,-0.110000,0.011844
226,9,train,72,0.230000,0.235772
226,9,train,73,0.094700,0.120174
226,9,train,74,0.090000,0.107107
226,9,train,75,0.260000,0.277679
226,9,train,76,0.144700,0.112819
226,9,train,77,0.040000,0.061743
226,9,train,78,0.360000,0.275555
226,9,train,79,0.030000,0.099017
226,9,train,80,0.284200,0.220057
226,9,train,81,0.240000,0.219259
226,9,train,82,0.170000,0.180890
226,9,train,83,0.370000,0.305912
226,9,train,84,0.439000,0.363054
226,9,train,85,0.030000,0.065894
226,9,train,86,0.114400,0.130171
226,9,train,87,0.133000,0.111077
226,9,train,88,0.073410,0.099776
226,9,train,89,0.280000,0.265449
226,9,train,90,0.200000,0.152854
226,9,train,91,0.030000,0.036022
226,9,train,92,0.820000,0.645537
226,9,train,93,0.190000,0.144797
226,9,train,94,0.062000,0.085330
226,9,train,95,0.040000,0.089686
226,9,train,96,0.403000,0.358175
226,9,train,97,0.160000,0.132297
226,9,train,98,0.018000,0.081563
226,9,train,99,0.220000,0.169864
226,9,train,100,0.180000,0.167519
226,9,train,101,0.090000,0.098745
226,9,train,102,0.060000,0.076338
226,9,train,103,0.330000,0.273505
226,9,train,104,0.220000,0.214848
226,9,train,105,0.210000,0.192234
226,9,train,106,0.160000,0.111175
226,9,train,107,0.020000,0.021202
226,9,train,108,-0.350000,-0.208697
226,9,train,109,0.144500,0.135819
226,9,train,110,0.240000,0.211925
226,9,train,111,0.240000,0.188385
226,9,train,112,0.000000,0.051815
226,9,train,113,0.090000,0.093729
226,9,train,114,0.200000,0.093542
226,9,train,115,0.250000,0.235230
226,9,train,116,0.160000,0.139585
226,9,train,117,0.160000,0.151655
226,9,train,118,0.035100,0.047765
226,9,train,119,-0.390000,-0.243761
226,9,train,120,0.063300,0.076338
226,9,train,121,0.020000,0.028723
226,9,train,122,0.137000,0.130888
226,9,train,123,-0.080000,0.048319
226,9,train,124,0.270000,0.260620
226,9,train,125,0.150000,0.179211
226,9,train,126,0.010000,0.084775
226,9,train,127,0.020000,0.030971
226,9,train,128,0.185100,0.176225
226,9,train,129,0.260000,0.229016
226,10,test,0,0.111520,0.148338
226,10,test,1,0.020000,0.040547
226,10,test,2,0.044200,0.087734
226,10,test,3,0.073410,0.098971
226,10,test,4,0.035100,0.062600
226,10,test,5,0.110000,0.108568
226,10,test,6,0.790000,0.450760
226,10,test,7,0.020000,0.105100
226,10,test,8,0.330000,0.153552
226,10,test,9,0.090000,0.081942
226,10,test,10,0.070000,0.117111
226,10,test,11,0.060000,0.081452
226,10,test,12,0.163300,0.137386
226,10,test,13,0.065340,0.145635
226,10,test,14,0.045300,0.124856
226,10,test,15,0.032000,0.123462
226,10,test,16,0.200000,0.180527
226,10,test,17,0.240000,0.212416
226,10,test,18,0.030000,0.138161
226,10,test,19,0.130000,0.130201
226,10,test,20,0.144500,0.182102
226,10,test,21,0.018000,0.185823
226,10,test,22,0.160000,0.134830
226,10,test,23,0.220000,0.139574
226,10,test,24,0.094600,0.092280
226,10,test,25,0.193500,0.175792
226,10,test,26,0.035400,0.075485
226,10,test,27,0.010000,0.078200
226,10,test,28,0.020000,0.029042
226,10,test,29,-0.390000,0.140628
226,10,test,30,0.820000,0.278199
226,10,test,31,-0.030000,0.116421
226,10,test,32,0.210000,0.096743
226,10,train,0,0.210000,0.206270
226,10,train,1,0.540000,0.379830
226,10,train,2,0.280000,0.244025
226,10,train,3,0.020000,0.036267
226,10,train,4,0.230000,0.203294
226,10,train,5,0.020000,0.059325
226,10,train,6,0.150000,0.184285
226,10,train,7,0.370000,0.306514
226,10,train,8,0.790000,0.493503
226,10,train,9,0.260000,0.245216
226,10,train,10,0.190000,0.175792
226,10,train,11,0.050000,0.060518
226,10,train,12,0.160000,0.149914
226,10,train,13,0.030000,0.050305
226,10,train,14,0.075400,0.076729
226,10,train,15,0.054300,0.081098
226,10,train,16,0.151000,0.139683
226,10,train,17,-0.110000,-0.022439
226,10,train,18,0.273300,0.248258
226,10,train,19,0.010000,0.031405
226,10,train,20,0.135000,0.164370
226,10,train,21,0.270000,0.248258
226,10,train,22,0.115100,0.121953
226,10,train,23,0.024200,0.061910
226,10,train,24,0.011000,0.079691
226,10,train,25,0.052410,0.088333
226,10,train,26,0.190000,0.183072
226,10,train,27,0.094900,0.101189
226,10,train,28,0.040000,0.056840
226,10,train,29,0.160000,0.117281
226,10,train,30,0.174900,0.159673
226,10,train,31,0.190000,0.151309
226,10,train,32,0.080000,0.091852
226,10,train,33,0.380000,0.304295
226,10,train,34,0.224400,0.187892
226,10,train,35,0.180000,0.142893
226,10,train,36,0.062000,0.087291
226,10,train,37,0.090000,0.109049
226,10,train,38,0.190000,0.196440
226,10,train,39,0.095300,0.100980
226,10,train,40,0.180000,0.178285
226,10,train,41,0.360000,0.289555
226,10,train,42,0.084600,0.090836
226,10,train,43,0.050000,0.057572
226,10,train,44,0.050000,0.088673
226,10,train,45,0.023500,0.036267
226,10,train,46,0.035100,0.062600
226,10,train,47,0.240000,0.191828
226,10,train,48,0.133000,0.193429
226,10,train,49,0.090000,0.096773
226,10,train,50,0.030000,0.070985
226,10,train,51,0.439000,0.392758
226,10,train,52,0.110000,0.108568
226,10,train,53,0.310000,0.287132
226,10,train,54,0.115100,0.121953
226,10,train,55,0.290000,0.242931
226,10,train,56,0.250000,0.248491
226,10,train,57,0.260000,0.244061
226,10,train,58,0.284200,0.234828
226,10,train,59,0.018000,0.029264
226,10,train,60,0.160000,0.142037
226,10,train,61,0.035400,0.075485
226,10,train,62,0.020000,0.084109
226,10,train,63,0.030000,0.049997
226,10,train,64,0.220000,0.189788
226,10,train,65,0.200000,0.186316
226,10,train,66,0.043800,0.067744
226,10,train,67,0.010000,0.038707
226,10,train,68,0.100000,0.103515
226,10,train,69,0.100000,0.103515
226,10,train,70,0.072000,0.087962
226,10,train,71,0.290000,0.263170
226,10,train,72,0.174900,0.159673
226,10,train,73,0.380000,0.303450
226,10,train,74,0.094700,0.130388
226,10,train,75,0.100000,0.123916
226,10,train,76,-0.350000,-0.120309
226,10,train,77,0.280000,0.260207
226,10,train,78,0.260000,0.261934
226,10,train,79,0.185100,0.183989
226,10,train,80,0.010000,0.029835
226,10,train,81,0.020000,0.052782
226,10,train,82,0.020000,0.036998
226,10,train,83,0.022000,0.043599
226,10,train,84,0.040000,0.105257
226,10,train,85,0.244400,0.215497
226,10,train,86,0.090000,0.090862
226,10,train,87,0.200000,0.204273
226,10,train,88,0.075400,0.076729
226,10,train,89,0.093900,0.096773
226,10,train,90,0.137000,0.138079
226,10,train,91,0.010000,0.026804
226,10,train,92,0.151000,0.139683
226,10,train,93,0.000000,0.041919
226,10,train,94,0.264400,0.246661
226,10,train,95,0.048480,0.072269
226,10,train,96,0.232000,0.210356
226,10,train,97,0.058480,0.067860
226,10,train,98,-0.080000,0.043437
226,10,train,99,0.144700,0.141510
226,10,train,100,0.114400,0.129347
226,10,train,101,0.130000,0.130201
226,10,train,102,0.185100,0.183989
226,10,train,103,0.260000,0.244453
226,10,train,104,0.080000,0.106405
226,10,train,105,0.144700,0.141510
226,10,train,106,0.025000,0.034731
226,10,train,107,0.150000,0.181861
226,10,train,108,0.242000,0.227767
226,10,train,109,0.160000,0.137386
226,10,train,110,0.120000,0.157004
226,10,train,111,0.080000,0.091937
226,10,train,112,0.094900,0.101189
226,10,train,113,0.190000,0.177051
226,10,train,114,0.240000,0.201398
226,10,train,115,0.320000,0.279211
226,10,train,116,0.190000,0.171170
226,10,train,117,0.150000,0.177665
226,10,train,118,0.063300,0.081452
226,10,train,119,0.020000,0.065510
226,10,train,120,0.020000,0.106825
226,10,train,121,0.350000,0.304685
226,10,train,122,0.403000,0.383684
226,10,train,123,0.040000,0.074499
226,10,train,124,0.240000,0.238164
226,10,train,125,0.030000,0.043550
226,10,train,126,0.170000,0.183475
226,10,train,127,0.090000,0.098033
226,10,train,128,0.270000,0.253808
226,10,train,129,0.280000,0.193429
