max_features,random_state,dataset,index,experimental,predicted
20,1,test,0,0.043800,0.116365
20,1,test,1,0.044200,0.159049
20,1,test,2,0.075400,0.090049
20,1,test,3,0.115100,0.143668
20,1,test,4,0.020000,0.136910
20,1,test,5,0.090000,0.147303
20,1,test,6,-0.390000,0.120031
20,1,test,7,0.111520,0.178252
20,1,test,8,0.110000,0.079854
20,1,test,9,0.080000,0.097468
20,1,test,10,0.439000,0.172434
20,1,test,11,0.320000,0.171312
20,1,test,12,0.185100,0.188071
20,1,test,13,0.144500,0.091701
20,1,test,14,0.150000,0.192962
20,1,test,15,0.174900,0.164920
20,1,test,16,0.040000,0.154163
20,1,test,17,0.030000,0.115074
20,1,test,18,0.062000,0.158893
20,1,test,19,0.010000,0.160775
20,1,test,20,0.200000,0.218658
20,1,test,21,0.224400,0.159398
20,1,test,22,0.163300,0.140336
20,1,test,23,0.250000,0.143703
20,1,test,24,0.040000,0.109463
20,1,test,25,0.190000,0.125721
20,1,test,26,0.200000,0.111848
20,1,test,27,0.050000,0.089499
20,1,test,28,0.151000,0.119418
20,1,test,29,0.190000,0.166357
20,1,test,30,0.058480,0.082762
20,1,test,31,0.190000,0.087038
20,1,test,32,0.063300,0.089464
20,1,train,0,0.100000,0.090869
20,1,train,1,0.150000,0.161255
20,1,train,2,0.023500,0.050556
20,1,train,3,0.403000,0.270700
20,1,train,4,0.190000,0.156716
20,1,train,5,0.115100,0.143668
20,1,train,6,0.380000,0.326873
20,1,train,7,0.110000,0.097544
20,1,train,8,0.242000,0.219546
20,1,train,9,0.020000,0.055468
20,1,train,10,0.020000,0.068042
20,1,train,11,0.050000,0.070645
20,1,train,12,-0.110000,-0.014379
20,1,train,13,0.010000,0.064283
20,1,train,14,0.090000,0.091364
20,1,train,15,0.330000,0.263966
20,1,train,16,0.018000,0.038422
20,1,train,17,0.244400,0.258864
20,1,train,18,0.010000,0.048486
20,1,train,19,0.200000,0.158314
20,1,train,20,-0.350000,-0.173564
20,1,train,21,0.100000,0.103058
20,1,train,22,0.260000,0.234885
20,1,train,23,0.144700,0.149250
20,1,train,24,0.080000,0.071191
20,1,train,25,0.151000,0.135859
20,1,train,26,0.000000,0.033727
20,1,train,27,0.024200,0.038155
20,1,train,28,0.035400,0.051985
20,1,train,29,0.220000,0.175771
20,1,train,30,0.084600,0.106275
20,1,train,31,0.070000,0.118224
20,1,train,32,0.048480,0.066247
20,1,train,33,0.090000,0.121472
20,1,train,34,0.360000,0.301245
20,1,train,35,0.290000,0.251964
20,1,train,36,0.220000,0.186800
20,1,train,37,0.270000,0.240162
20,1,train,38,0.280000,0.240952
20,1,train,39,0.260000,0.214756
20,1,train,40,0.790000,0.699669
20,1,train,41,0.310000,0.266465
20,1,train,42,0.020000,0.053561
20,1,train,43,0.120000,0.147122
20,1,train,44,0.144700,0.149250
20,1,train,45,-0.080000,0.010608
20,1,train,46,0.020000,0.081032
20,1,train,47,0.094900,0.094155
20,1,train,48,0.035100,0.047981
20,1,train,49,0.094700,0.118245
20,1,train,50,0.160000,0.140336
20,1,train,51,0.040000,0.066471
20,1,train,52,0.180000,0.183227
20,1,train,53,0.230000,0.194089
20,1,train,54,0.010000,0.042783
20,1,train,55,0.090000,0.084242
20,1,train,56,0.020000,0.042294
20,1,train,57,0.284200,0.213956
20,1,train,58,0.135000,0.175596
20,1,train,59,0.820000,0.740218
20,1,train,60,0.045300,0.061958
20,1,train,61,0.035400,0.051985
20,1,train,62,0.240000,0.201744
20,1,train,63,0.020000,0.037925
20,1,train,64,0.264400,0.250621
20,1,train,65,0.093900,0.108182
20,1,train,66,0.030000,0.059274
20,1,train,67,0.280000,0.219234
20,1,train,68,0.018000,0.042309
20,1,train,69,0.080000,0.084236
20,1,train,70,0.280000,0.260595
20,1,train,71,0.050000,0.058253
20,1,train,72,0.174900,0.171978
20,1,train,73,0.130000,0.139012
20,1,train,74,0.190000,0.182377
20,1,train,75,0.790000,0.673829
20,1,train,76,0.170000,0.145832
20,1,train,77,0.090000,0.087350
20,1,train,78,0.075400,0.090049
20,1,train,79,0.273300,0.251079
20,1,train,80,0.030000,0.102975
20,1,train,81,0.185100,0.188071
20,1,train,82,0.160000,0.150435
20,1,train,83,0.054300,0.096890
20,1,train,84,0.094900,0.103156
20,1,train,85,0.193500,0.186070
20,1,train,86,0.030000,0.065206
20,1,train,87,0.073410,0.103259
20,1,train,88,0.022000,0.039229
20,1,train,89,0.210000,0.151221
20,1,train,90,0.010000,0.066926
20,1,train,91,0.210000,0.180038
20,1,train,92,0.094600,0.118963
20,1,train,93,-0.030000,0.018105
20,1,train,94,0.180000,0.162119
20,1,train,95,0.032000,0.068041
20,1,train,96,0.114400,0.128440
20,1,train,97,0.290000,0.249120
20,1,train,98,0.150000,0.159023
20,1,train,99,0.350000,0.286635
20,1,train,100,0.190000,0.171609
20,1,train,101,0.160000,0.147740
20,1,train,102,0.240000,0.229151
20,1,train,103,0.232000,0.254201
20,1,train,104,0.137000,0.139740
20,1,train,105,0.270000,0.249889
20,1,train,106,0.060000,0.089850
20,1,train,107,0.380000,0.299866
20,1,train,108,0.160000,0.149293
20,1,train,109,0.072000,0.103953
20,1,train,110,0.130000,0.128797
20,1,train,111,0.100000,0.088386
20,1,train,112,0.540000,0.392321
20,1,train,113,0.160000,0.131356
20,1,train,114,0.133000,0.114577
20,1,train,115,0.240000,0.216877
20,1,train,116,0.025000,0.058890
20,1,train,117,0.260000,0.216055
20,1,train,118,0.065340,0.095494
20,1,train,119,0.052410,0.083115
20,1,train,120,0.020000,0.058274
20,1,train,121,0.260000,0.202230
20,1,train,122,0.240000,0.208891
20,1,train,123,0.011000,0.035186
20,1,train,124,0.035100,0.049288
20,1,train,125,0.030000,0.060317
20,1,train,126,0.020000,0.072123
20,1,train,127,0.370000,0.309301
20,1,train,128,0.020000,0.087378
20,1,train,129,0.095300,0.086533
20,2,test,0,0.310000,0.208274
20,2,test,1,0.260000,0.093502
20,2,test,2,0.072000,0.118115
20,2,test,3,0.270000,0.228856
20,2,test,4,0.180000,0.131630
20,2,test,5,0.210000,0.066360
20,2,test,6,0.052410,0.174494
20,2,test,7,0.080000,0.081477
20,2,test,8,0.032000,0.136989
20,2,test,9,0.280000,0.158817
20,2,test,10,0.093900,0.128235
20,2,test,11,0.240000,0.178020
20,2,test,12,0.100000,0.104280
20,2,test,13,0.150000,0.131421
20,2,test,14,0.090000,0.120182
20,2,test,15,0.273300,0.222446
20,2,test,16,0.110000,0.097365
20,2,test,17,0.011000,0.157487
20,2,test,18,0.200000,0.127156
20,2,test,19,0.111520,0.164142
20,2,test,20,-0.080000,0.177209
20,2,test,21,0.073410,0.158276
20,2,test,22,0.043800,0.099955
20,2,test,23,0.010000,0.135210
20,2,test,24,-0.350000,0.197794
20,2,test,25,0.260000,0.206496
20,2,test,26,0.084600,0.114330
20,2,test,27,0.224400,0.151590
20,2,test,28,0.010000,0.174136
20,2,test,29,0.035100,0.066989
20,2,test,30,0.174900,0.146220
20,2,test,31,0.018000,0.077432
20,2,test,32,0.020000,0.195228
20,2,train,0,0.115100,0.122578
20,2,train,1,0.320000,0.265947
20,2,train,2,0.023500,0.058275
20,2,train,3,0.790000,0.718579
20,2,train,4,-0.110000,-0.022819
20,2,train,5,0.080000,0.080154
20,2,train,6,0.024200,0.041169
20,2,train,7,0.190000,0.163527
20,2,train,8,0.170000,0.151339
20,2,train,9,0.133000,0.115905
20,2,train,10,0.040000,0.084124
20,2,train,11,0.020000,0.080172
20,2,train,12,0.010000,0.076047
20,2,train,13,0.144700,0.149341
20,2,train,14,0.040000,0.112118
20,2,train,15,0.030000,0.056748
20,2,train,16,0.820000,0.755828
20,2,train,17,0.090000,0.101410
20,2,train,18,0.010000,0.034713
20,2,train,19,0.244400,0.260622
20,2,train,20,0.190000,0.146008
20,2,train,21,0.144700,0.149341
20,2,train,22,0.020000,0.066822
20,2,train,23,0.264400,0.235585
20,2,train,24,0.048480,0.067842
20,2,train,25,0.240000,0.223095
20,2,train,26,0.110000,0.112140
20,2,train,27,0.062000,0.085629
20,2,train,28,0.065340,0.105185
20,2,train,29,0.180000,0.178090
20,2,train,30,0.030000,0.059926
20,2,train,31,0.120000,0.158437
20,2,train,32,0.025000,0.051553
20,2,train,33,0.114400,0.132282
20,2,train,34,-0.390000,-0.207696
20,2,train,35,0.030000,0.047772
20,2,train,36,0.020000,0.059322
20,2,train,37,0.018000,0.040586
20,2,train,38,0.090000,0.084452
20,2,train,39,0.151000,0.136785
20,2,train,40,0.790000,0.714629
20,2,train,41,0.094600,0.113022
20,2,train,42,0.020000,0.057297
20,2,train,43,0.190000,0.178614
20,2,train,44,0.050000,0.059420
20,2,train,45,0.040000,0.070175
20,2,train,46,0.240000,0.204047
20,2,train,47,0.439000,0.344493
20,2,train,48,0.050000,0.065401
20,2,train,49,0.000000,0.026872
20,2,train,50,0.185100,0.181080
20,2,train,51,0.270000,0.222593
20,2,train,52,0.151000,0.136736
20,2,train,53,0.130000,0.156996
20,2,train,54,0.540000,0.381846
20,2,train,55,0.240000,0.219281
20,2,train,56,0.075400,0.076780
20,2,train,57,0.010000,0.056145
20,2,train,58,0.144500,0.129610
20,2,train,59,0.075400,0.076780
20,2,train,60,0.130000,0.128131
20,2,train,61,-0.030000,0.011338
20,2,train,62,0.280000,0.235219
20,2,train,63,0.190000,0.161616
20,2,train,64,0.284200,0.216003
20,2,train,65,0.063300,0.073741
20,2,train,66,0.020000,0.036980
20,2,train,67,0.094900,0.096818
20,2,train,68,0.260000,0.243169
20,2,train,69,0.054300,0.084564
20,2,train,70,0.135000,0.173668
20,2,train,71,0.160000,0.145851
20,2,train,72,0.100000,0.105717
20,2,train,73,0.035400,0.048972
20,2,train,74,0.160000,0.153837
20,2,train,75,0.260000,0.241236
20,2,train,76,0.150000,0.152098
20,2,train,77,0.232000,0.279082
20,2,train,78,0.020000,0.055378
20,2,train,79,0.020000,0.061621
20,2,train,80,0.100000,0.137368
20,2,train,81,0.200000,0.177568
20,2,train,82,0.290000,0.263599
20,2,train,83,0.050000,0.063965
20,2,train,84,0.020000,0.036904
20,2,train,85,0.030000,0.091714
20,2,train,86,0.160000,0.152207
20,2,train,87,0.350000,0.279752
20,2,train,88,0.020000,0.067483
20,2,train,89,0.163300,0.155069
20,2,train,90,0.210000,0.191055
20,2,train,91,0.035100,0.062608
20,2,train,92,0.190000,0.205798
20,2,train,93,0.115100,0.122578
20,2,train,94,0.022000,0.041072
20,2,train,95,0.160000,0.149288
20,2,train,96,0.160000,0.132265
20,2,train,97,0.185100,0.181080
20,2,train,98,0.360000,0.303481
20,2,train,99,0.290000,0.245396
20,2,train,100,0.090000,0.135689
20,2,train,101,0.094700,0.103410
20,2,train,102,0.094900,0.096600
20,2,train,103,0.070000,0.107589
20,2,train,104,0.030000,0.058477
20,2,train,105,0.380000,0.325899
20,2,train,106,0.330000,0.250604
20,2,train,107,0.242000,0.224825
20,2,train,108,0.045300,0.063430
20,2,train,109,0.200000,0.197654
20,2,train,110,0.190000,0.157274
20,2,train,111,0.080000,0.083416
20,2,train,112,0.220000,0.188326
20,2,train,113,0.230000,0.202919
20,2,train,114,0.095300,0.088462
20,2,train,115,0.280000,0.265744
20,2,train,116,0.250000,0.231297
20,2,train,117,0.150000,0.161516
20,2,train,118,0.058480,0.075911
20,2,train,119,0.060000,0.072724
20,2,train,120,0.044200,0.078932
20,2,train,121,0.403000,0.325596
20,2,train,122,0.035400,0.048972
20,2,train,123,0.380000,0.298347
20,2,train,124,0.220000,0.194088
20,2,train,125,0.174900,0.167756
20,2,train,126,0.193500,0.183969
20,2,train,127,0.137000,0.134126
20,2,train,128,0.370000,0.307097
20,2,train,129,0.090000,0.088472
20,3,test,0,-0.030000,0.076583
20,3,test,1,0.150000,0.151916
20,3,test,2,0.310000,0.217584
20,3,test,3,0.180000,0.132371
20,3,test,4,0.044200,0.105937
20,3,test,5,0.062000,0.138390
20,3,test,6,0.094900,0.124081
20,3,test,7,0.030000,0.078709
20,3,test,8,0.230000,0.151360
20,3,test,9,0.063300,0.098234
20,3,test,10,0.090000,0.095090
20,3,test,11,0.020000,0.126952
20,3,test,12,0.273300,0.209848
20,3,test,13,0.040000,0.150455
20,3,test,14,0.052410,0.157062
20,3,test,15,0.023500,0.072222
20,3,test,16,0.058480,0.062570
20,3,test,17,0.439000,0.195239
20,3,test,18,0.232000,0.318958
20,3,test,19,0.790000,0.516121
20,3,test,20,0.120000,0.214630
20,3,test,21,-0.390000,0.118383
20,3,test,22,0.050000,0.066498
20,3,test,23,0.540000,0.128918
20,3,test,24,0.185100,0.165036
20,3,test,25,0.190000,0.107198
20,3,test,26,0.360000,0.203033
20,3,test,27,0.200000,0.074687
20,3,test,28,0.190000,0.088706
20,3,test,29,0.032000,0.115702
20,3,test,30,0.020000,0.137931
20,3,test,31,0.220000,0.081881
20,3,test,32,-0.080000,0.168569
20,3,train,0,0.090000,0.083786
20,3,train,1,0.080000,0.086157
20,3,train,2,0.073410,0.104999
20,3,train,3,0.045300,0.061182
20,3,train,4,0.011000,0.041300
20,3,train,5,0.350000,0.296162
20,3,train,6,0.264400,0.234682
20,3,train,7,0.290000,0.251637
20,3,train,8,0.030000,0.066450
20,3,train,9,0.130000,0.169207
20,3,train,10,0.370000,0.302337
20,3,train,11,0.010000,0.044029
20,3,train,12,0.193500,0.187227
20,3,train,13,0.130000,0.122020
20,3,train,14,0.137000,0.131933
20,3,train,15,0.100000,0.109711
20,3,train,16,0.020000,0.073423
20,3,train,17,0.330000,0.259022
20,3,train,18,0.093900,0.091263
20,3,train,19,0.174900,0.168129
20,3,train,20,0.200000,0.162182
20,3,train,21,0.075400,0.077891
20,3,train,22,0.094900,0.089088
20,3,train,23,0.030000,0.069619
20,3,train,24,0.084600,0.090707
20,3,train,25,0.111520,0.138661
20,3,train,26,0.030000,0.100585
20,3,train,27,0.160000,0.101533
20,3,train,28,0.144700,0.145531
20,3,train,29,0.284200,0.213792
20,3,train,30,0.160000,0.141705
20,3,train,31,0.090000,0.142806
20,3,train,32,0.144500,0.118025
20,3,train,33,0.030000,0.074876
20,3,train,34,0.100000,0.089628
20,3,train,35,0.020000,0.039871
20,3,train,36,0.090000,0.112189
20,3,train,37,0.240000,0.213475
20,3,train,38,0.022000,0.040328
20,3,train,39,0.144700,0.145531
20,3,train,40,0.280000,0.219672
20,3,train,41,0.035400,0.038990
20,3,train,42,0.260000,0.219350
20,3,train,43,0.224400,0.199012
20,3,train,44,0.163300,0.150778
20,3,train,45,0.260000,0.259155
20,3,train,46,0.403000,0.290923
20,3,train,47,0.020000,0.056034
20,3,train,48,0.040000,0.089000
20,3,train,49,0.020000,0.058239
20,3,train,50,0.072000,0.109019
20,3,train,51,0.043800,0.061297
20,3,train,52,0.048480,0.069247
20,3,train,53,0.270000,0.249663
20,3,train,54,0.025000,0.056724
20,3,train,55,0.160000,0.136724
20,3,train,56,0.020000,0.088997
20,3,train,57,0.270000,0.211402
20,3,train,58,0.024200,0.038288
20,3,train,59,0.114400,0.125241
20,3,train,60,0.050000,0.076488
20,3,train,61,0.080000,0.071783
20,3,train,62,0.035400,0.038990
20,3,train,63,0.100000,0.090594
20,3,train,64,0.020000,0.078475
20,3,train,65,0.174900,0.170975
20,3,train,66,0.250000,0.196557
20,3,train,67,0.200000,0.189423
20,3,train,68,0.135000,0.172895
20,3,train,69,0.185100,0.165036
20,3,train,70,0.190000,0.175136
20,3,train,71,0.035100,0.044847
20,3,train,72,0.018000,0.042097
20,3,train,73,0.320000,0.233344
20,3,train,74,0.040000,0.083977
20,3,train,75,0.110000,0.102732
20,3,train,76,0.240000,0.228468
20,3,train,77,0.010000,0.063094
20,3,train,78,0.094700,0.107215
20,3,train,79,0.290000,0.269939
20,3,train,80,0.260000,0.210650
20,3,train,81,0.150000,0.145396
20,3,train,82,0.010000,0.046893
20,3,train,83,0.820000,0.677906
20,3,train,84,0.060000,0.098234
20,3,train,85,0.260000,0.227561
20,3,train,86,0.000000,0.024044
20,3,train,87,0.050000,0.064922
20,3,train,88,0.170000,0.149523
20,3,train,89,0.160000,0.150110
20,3,train,90,0.190000,0.171179
20,3,train,91,0.180000,0.175008
20,3,train,92,0.244400,0.268847
20,3,train,93,0.280000,0.266070
20,3,train,94,0.115100,0.126157
20,3,train,95,0.210000,0.155821
20,3,train,96,0.210000,0.185759
20,3,train,97,0.075400,0.077891
20,3,train,98,0.065340,0.097170
20,3,train,99,0.095300,0.086609
20,3,train,100,0.035100,0.045441
20,3,train,101,0.240000,0.205390
20,3,train,102,0.242000,0.233878
20,3,train,103,0.380000,0.302131
20,3,train,104,0.160000,0.149453
20,3,train,105,0.020000,0.046419
20,3,train,106,0.110000,0.094849
20,3,train,107,0.010000,0.030878
20,3,train,108,0.220000,0.188825
20,3,train,109,0.070000,0.114220
20,3,train,110,0.115100,0.126157
20,3,train,111,0.240000,0.216125
20,3,train,112,0.190000,0.160741
20,3,train,113,0.280000,0.245930
20,3,train,114,-0.110000,-0.014668
20,3,train,115,0.151000,0.148309
20,3,train,116,0.054300,0.083558
20,3,train,117,0.133000,0.114588
20,3,train,118,0.151000,0.141654
20,3,train,119,0.150000,0.170054
20,3,train,120,-0.350000,-0.154561
20,3,train,121,0.380000,0.303730
20,3,train,122,0.010000,0.068057
20,3,train,123,0.080000,0.083327
20,3,train,124,0.018000,0.037558
20,3,train,125,0.094600,0.117160
20,3,train,126,0.020000,0.056398
20,3,train,127,0.790000,0.647214
20,3,train,128,0.190000,0.193945
20,3,train,129,0.090000,0.087803
20,4,test,0,0.439000,0.139349
20,4,test,1,0.073410,0.140240
20,4,test,2,0.080000,0.120295
20,4,test,3,0.151000,0.112785
20,4,test,4,0.000000,0.106434
20,4,test,5,0.044200,0.125371
20,4,test,6,0.090000,0.114720
20,4,test,7,0.244400,0.290206
20,4,test,8,0.290000,0.120467
20,4,test,9,0.052410,0.142128
20,4,test,10,0.010000,0.143407
20,4,test,11,0.170000,0.123840
20,4,test,12,0.040000,0.139688
20,4,test,13,0.060000,0.146630
20,4,test,14,0.260000,0.125002
20,4,test,15,0.084600,0.143912
20,4,test,16,0.054300,0.142694
20,4,test,17,0.224400,0.129311
20,4,test,18,-0.080000,0.141544
20,4,test,19,0.062000,0.145532
20,4,test,20,0.284200,0.108153
20,4,test,21,0.200000,0.115154
20,4,test,22,0.160000,0.121265
20,4,test,23,0.144500,0.110540
20,4,test,24,0.090000,0.143312
20,4,test,25,0.010000,0.105050
20,4,test,26,0.185100,0.143452
20,4,test,27,0.790000,0.522970
20,4,test,28,0.310000,0.145653
20,4,test,29,0.010000,0.133643
20,4,test,30,0.280000,0.140976
20,4,test,31,0.380000,0.146493
20,4,test,32,0.273300,0.137341
20,4,train,0,0.025000,0.121264
20,4,train,1,0.050000,0.109340
20,4,train,2,0.050000,0.108716
20,4,train,3,0.185100,0.143452
20,4,train,4,0.190000,0.143306
20,4,train,5,0.065340,0.108624
20,4,train,6,0.040000,0.111937
20,4,train,7,0.144700,0.133496
20,4,train,8,0.130000,0.124052
20,4,train,9,0.240000,0.140122
20,4,train,10,0.250000,0.120262
20,4,train,11,0.111520,0.132980
20,4,train,12,0.100000,0.099527
20,4,train,13,0.023500,0.111295
20,4,train,14,0.094700,0.144892
20,4,train,15,0.242000,0.140668
20,4,train,16,0.030000,0.122147
20,4,train,17,0.200000,0.112288
20,4,train,18,0.360000,0.145391
20,4,train,19,0.270000,0.137341
20,4,train,20,0.150000,0.138449
20,4,train,21,0.380000,0.148416
20,4,train,22,0.270000,0.153328
20,4,train,23,0.040000,0.137550
20,4,train,24,0.080000,0.108116
20,4,train,25,0.020000,0.105257
20,4,train,26,0.011000,0.104586
20,4,train,27,0.080000,0.112487
20,4,train,28,0.090000,0.105990
20,4,train,29,0.070000,0.137776
20,4,train,30,0.193500,0.142859
20,4,train,31,0.190000,0.150897
20,4,train,32,0.264400,0.144983
20,4,train,33,0.150000,0.136611
20,4,train,34,0.280000,0.148158
20,4,train,35,0.018000,0.107130
20,4,train,36,0.022000,0.106839
20,4,train,37,0.035400,0.107771
20,4,train,38,0.032000,0.116171
20,4,train,39,0.240000,0.140315
20,4,train,40,0.163300,0.116813
20,4,train,41,0.094900,0.108183
20,4,train,42,0.030000,0.117851
20,4,train,43,0.110000,0.108691
20,4,train,44,0.030000,0.128368
20,4,train,45,0.540000,0.138893
20,4,train,46,0.230000,0.153844
20,4,train,47,0.280000,0.148115
20,4,train,48,0.115100,0.133681
20,4,train,49,0.210000,0.109207
20,4,train,50,0.063300,0.146630
20,4,train,51,0.058480,0.106260
20,4,train,52,0.320000,0.132248
20,4,train,53,0.020000,0.136448
20,4,train,54,0.115100,0.133681
20,4,train,55,0.220000,0.122250
20,4,train,56,0.020000,0.133614
20,4,train,57,0.190000,0.111136
20,4,train,58,0.100000,0.099527
20,4,train,59,0.370000,0.146197
20,4,train,60,0.095300,0.107733
20,4,train,61,0.350000,0.139164
20,4,train,62,0.190000,0.108637
20,4,train,63,0.020000,0.107428
20,4,train,64,0.035100,0.107432
20,4,train,65,0.048480,0.108193
20,4,train,66,0.035100,0.107432
20,4,train,67,0.072000,0.122847
20,4,train,68,0.110000,0.108285
20,4,train,69,0.190000,0.107257
20,4,train,70,0.190000,0.141434
20,4,train,71,0.075400,0.115550
20,4,train,72,0.240000,0.121519
20,4,train,73,0.260000,0.131693
20,4,train,74,0.090000,0.108116
20,4,train,75,0.090000,0.132206
20,4,train,76,-0.030000,0.105696
20,4,train,77,0.133000,0.112170
20,4,train,78,-0.350000,0.029666
20,4,train,79,0.174900,0.134995
20,4,train,80,0.290000,0.138848
20,4,train,81,0.160000,0.116813
20,4,train,82,0.030000,0.130686
20,4,train,83,0.137000,0.130864
20,4,train,84,0.180000,0.136506
20,4,train,85,0.820000,0.636960
20,4,train,86,0.093900,0.119036
20,4,train,87,0.094900,0.108183
20,4,train,88,0.024200,0.106848
20,4,train,89,0.020000,0.108956
20,4,train,90,0.020000,0.132622
20,4,train,91,0.144700,0.133496
20,4,train,92,0.151000,0.113998
20,4,train,93,0.050000,0.107294
20,4,train,94,0.100000,0.116972
20,4,train,95,0.403000,0.150307
20,4,train,96,0.035400,0.107771
20,4,train,97,0.130000,0.141877
20,4,train,98,0.150000,0.140376
20,4,train,99,0.260000,0.133676
20,4,train,100,0.180000,0.145679
20,4,train,101,0.018000,0.107733
20,4,train,102,0.135000,0.144235
20,4,train,103,0.160000,0.132408
20,4,train,104,-0.110000,0.116677
20,4,train,105,0.210000,0.148511
20,4,train,106,0.010000,0.107839
20,4,train,107,0.114400,0.132778
20,4,train,108,-0.390000,0.100761
20,4,train,109,0.010000,0.106785
20,4,train,110,0.094600,0.145935
20,4,train,111,0.020000,0.113521
20,4,train,112,0.790000,0.692452
20,4,train,113,0.160000,0.107370
20,4,train,114,0.260000,0.150121
20,4,train,115,0.045300,0.110109
20,4,train,116,0.043800,0.113002
20,4,train,117,0.020000,0.139364
20,4,train,118,0.232000,0.191249
20,4,train,119,0.020000,0.131660
20,4,train,120,0.075400,0.115550
20,4,train,121,0.030000,0.160172
20,4,train,122,0.200000,0.148438
20,4,train,123,0.330000,0.127144
20,4,train,124,0.020000,0.130796
20,4,train,125,0.160000,0.099077
20,4,train,126,0.174900,0.137966
20,4,train,127,0.220000,0.134734
20,4,train,128,0.240000,0.136491
20,4,train,129,0.120000,0.141239
20,5,test,0,0.054300,0.137140
20,5,test,1,0.240000,0.161864
20,5,test,2,0.040000,0.113879
20,5,test,3,0.790000,0.574256
20,5,test,4,0.100000,0.090854
20,5,test,5,0.010000,0.092866
20,5,test,6,0.094600,0.177281
20,5,test,7,-0.350000,0.157817
20,5,test,8,0.240000,0.175488
20,5,test,9,0.093900,0.134075
20,5,test,10,0.185100,0.186289
20,5,test,11,0.190000,0.086347
20,5,test,12,0.024200,0.102494
20,5,test,13,0.032000,0.133186
20,5,test,14,0.280000,0.226426
20,5,test,15,-0.030000,0.103512
20,5,test,16,0.030000,0.101870
20,5,test,17,0.160000,0.118747
20,5,test,18,0.260000,0.201377
20,5,test,19,0.063300,0.099051
20,5,test,20,0.190000,0.071460
20,5,test,21,0.160000,0.114366
20,5,test,22,0.163300,0.136322
20,5,test,23,0.023500,0.113157
20,5,test,24,0.094700,0.148658
20,5,test,25,0.174900,0.136224
20,5,test,26,0.090000,0.122802
20,5,test,27,0.035100,0.063666
20,5,test,28,0.052410,0.190793
20,5,test,29,0.200000,0.100725
20,5,test,30,0.010000,0.177298
20,5,test,31,0.220000,0.116388
20,5,test,32,0.190000,0.222372
20,5,train,0,0.160000,0.133183
20,5,train,1,0.790000,0.690293
20,5,train,2,0.075400,0.077774
20,5,train,3,0.050000,0.065435
20,5,train,4,0.110000,0.107556
20,5,train,5,0.310000,0.265218
20,5,train,6,0.040000,0.110235
20,5,train,7,0.090000,0.091030
20,5,train,8,0.174900,0.156562
20,5,train,9,0.020000,0.038026
20,5,train,10,0.144700,0.145066
20,5,train,11,-0.110000,-0.016485
20,5,train,12,0.133000,0.116354
20,5,train,13,0.048480,0.063257
20,5,train,14,0.010000,0.058700
20,5,train,15,0.220000,0.195094
20,5,train,16,0.250000,0.198205
20,5,train,17,0.190000,0.162320
20,5,train,18,0.270000,0.254886
20,5,train,19,0.193500,0.190200
20,5,train,20,0.232000,0.277932
20,5,train,21,0.260000,0.235616
20,5,train,22,0.370000,0.309399
20,5,train,23,0.100000,0.125120
20,5,train,24,0.260000,0.201172
20,5,train,25,0.060000,0.099051
20,5,train,26,0.151000,0.137349
20,5,train,27,0.020000,0.054959
20,5,train,28,0.244400,0.260800
20,5,train,29,0.094900,0.085878
20,5,train,30,0.025000,0.045387
20,5,train,31,0.018000,0.042147
20,5,train,32,0.210000,0.202324
20,5,train,33,0.065340,0.114047
20,5,train,34,0.111520,0.124592
20,5,train,35,0.150000,0.141874
20,5,train,36,0.190000,0.163586
20,5,train,37,0.070000,0.110699
20,5,train,38,0.160000,0.106307
20,5,train,39,0.137000,0.136521
20,5,train,40,0.210000,0.154582
20,5,train,41,0.095300,0.096503
20,5,train,42,0.100000,0.090064
20,5,train,43,0.403000,0.320261
20,5,train,44,0.170000,0.152923
20,5,train,45,0.260000,0.243183
20,5,train,46,0.020000,0.068773
20,5,train,47,0.020000,0.066477
20,5,train,48,0.035400,0.055901
20,5,train,49,0.022000,0.040684
20,5,train,50,0.151000,0.138079
20,5,train,51,0.150000,0.149294
20,5,train,52,0.094900,0.101564
20,5,train,53,0.135000,0.175429
20,5,train,54,0.130000,0.149985
20,5,train,55,0.080000,0.079583
20,5,train,56,0.073410,0.114165
20,5,train,57,0.020000,0.069678
20,5,train,58,0.084600,0.104211
20,5,train,59,0.284200,0.225076
20,5,train,60,0.240000,0.213098
20,5,train,61,0.230000,0.193141
20,5,train,62,0.044200,0.078682
20,5,train,63,0.072000,0.094420
20,5,train,64,0.280000,0.227089
20,5,train,65,0.010000,0.050628
20,5,train,66,0.115100,0.123333
20,5,train,67,0.080000,0.078102
20,5,train,68,0.075400,0.077774
20,5,train,69,0.190000,0.181390
20,5,train,70,0.120000,0.143040
20,5,train,71,0.110000,0.105683
20,5,train,72,0.144700,0.145066
20,5,train,73,0.242000,0.219025
20,5,train,74,0.224400,0.191088
20,5,train,75,0.030000,0.054339
20,5,train,76,0.115100,0.123333
20,5,train,77,0.035100,0.060005
20,5,train,78,0.180000,0.160555
20,5,train,79,0.020000,0.064529
20,5,train,80,0.380000,0.314669
20,5,train,81,0.030000,0.055546
20,5,train,82,0.080000,0.086606
20,5,train,83,0.090000,0.104784
20,5,train,84,0.160000,0.136713
20,5,train,85,0.150000,0.165669
20,5,train,86,0.030000,0.085064
20,5,train,87,0.040000,0.083876
20,5,train,88,0.320000,0.268752
20,5,train,89,0.439000,0.344393
20,5,train,90,-0.390000,-0.198633
20,5,train,91,0.180000,0.181353
20,5,train,92,0.000000,0.025737
20,5,train,93,0.144500,0.132842
20,5,train,94,0.035400,0.055901
20,5,train,95,0.020000,0.067977
20,5,train,96,0.045300,0.062147
20,5,train,97,0.540000,0.403671
20,5,train,98,0.280000,0.225383
20,5,train,99,0.058480,0.065783
20,5,train,100,0.360000,0.303090
20,5,train,101,0.050000,0.072769
20,5,train,102,0.010000,0.041535
20,5,train,103,0.820000,0.694226
20,5,train,104,0.020000,0.061974
20,5,train,105,0.330000,0.250991
20,5,train,106,0.200000,0.176126
20,5,train,107,0.200000,0.216193
20,5,train,108,0.240000,0.201154
20,5,train,109,0.273300,0.256346
20,5,train,110,0.090000,0.085417
20,5,train,111,0.020000,0.078540
20,5,train,112,0.290000,0.228409
20,5,train,113,0.270000,0.247134
20,5,train,114,0.130000,0.131675
20,5,train,115,0.114400,0.122132
20,5,train,116,-0.080000,0.023491
20,5,train,117,0.043800,0.067866
20,5,train,118,0.264400,0.245983
20,5,train,119,0.185100,0.186289
20,5,train,120,0.030000,0.053839
20,5,train,121,0.062000,0.100101
20,5,train,122,0.380000,0.306029
20,5,train,123,0.050000,0.059683
20,5,train,124,0.090000,0.126612
20,5,train,125,0.350000,0.283041
20,5,train,126,0.020000,0.053757
20,5,train,127,0.011000,0.056345
20,5,train,128,0.290000,0.263897
20,5,train,129,0.018000,0.046972
20,6,test,0,0.190000,0.142729
20,6,test,1,0.310000,0.216076
20,6,test,2,0.220000,0.155505
20,6,test,3,0.095300,0.053830
20,6,test,4,0.280000,0.168188
20,6,test,5,0.100000,0.111069
20,6,test,6,0.020000,0.121223
20,6,test,7,0.190000,0.100184
20,6,test,8,0.290000,0.248886
20,6,test,9,0.144700,0.141087
20,6,test,10,0.790000,0.410888
20,6,test,11,0.020000,0.161412
20,6,test,12,0.020000,0.124912
20,6,test,13,0.160000,0.124224
20,6,test,14,0.114400,0.131235
20,6,test,15,0.174900,0.154209
20,6,test,16,0.260000,0.232558
20,6,test,17,0.210000,0.149017
20,6,test,18,0.045300,0.058567
20,6,test,19,0.084600,0.124919
20,6,test,20,0.150000,0.215196
20,6,test,21,0.040000,0.100247
20,6,test,22,0.151000,0.092360
20,6,test,23,0.280000,0.234668
20,6,test,24,0.151000,0.101706
20,6,test,25,0.035400,0.090835
20,6,test,26,0.144500,0.074026
20,6,test,27,0.030000,0.163694
20,6,test,28,0.160000,0.086178
20,6,test,29,-0.390000,0.121638
20,6,test,30,0.035100,0.047526
20,6,test,31,0.200000,0.158249
20,6,test,32,0.035400,0.090835
20,6,train,0,0.133000,0.124082
20,6,train,1,0.190000,0.136330
20,6,train,2,0.200000,0.192491
20,6,train,3,0.093900,0.098277
20,6,train,4,0.030000,0.071581
20,6,train,5,0.135000,0.176597
20,6,train,6,0.000000,0.032945
20,6,train,7,0.110000,0.085869
20,6,train,8,0.100000,0.112094
20,6,train,9,0.190000,0.236047
20,6,train,10,0.163300,0.134691
20,6,train,11,0.080000,0.067196
20,6,train,12,0.094900,0.096370
20,6,train,13,0.025000,0.074376
20,6,train,14,0.260000,0.178701
20,6,train,15,0.370000,0.288479
20,6,train,16,0.018000,0.049366
20,6,train,17,0.150000,0.170335
20,6,train,18,0.264400,0.241105
20,6,train,19,0.100000,0.117343
20,6,train,20,0.240000,0.310140
20,6,train,21,0.185100,0.181997
20,6,train,22,0.230000,0.239144
20,6,train,23,0.043800,0.067235
20,6,train,24,0.020000,0.042375
20,6,train,25,0.160000,0.136751
20,6,train,26,0.170000,0.122959
20,6,train,27,0.270000,0.234207
20,6,train,28,0.094700,0.110407
20,6,train,29,0.020000,0.089588
20,6,train,30,0.090000,0.083747
20,6,train,31,0.120000,0.145925
20,6,train,32,0.284200,0.167889
20,6,train,33,0.240000,0.203262
20,6,train,34,0.020000,0.109869
20,6,train,35,0.065340,0.122706
20,6,train,36,0.330000,0.211357
20,6,train,37,0.190000,0.153864
20,6,train,38,0.020000,0.066963
20,6,train,39,0.220000,0.175740
20,6,train,40,0.130000,0.166049
20,6,train,41,0.180000,0.152774
20,6,train,42,0.050000,0.064183
20,6,train,43,0.080000,0.087059
20,6,train,44,0.224400,0.167230
20,6,train,45,0.018000,0.023336
20,6,train,46,0.320000,0.256257
20,6,train,47,0.075400,0.071782
20,6,train,48,0.090000,0.122066
20,6,train,49,0.010000,0.044321
20,6,train,50,0.072000,0.101366
20,6,train,51,0.200000,0.149619
20,6,train,52,-0.080000,0.059786
20,6,train,53,0.020000,0.061177
20,6,train,54,0.190000,0.165542
20,6,train,55,0.011000,0.011759
20,6,train,56,0.080000,0.084120
20,6,train,57,0.040000,0.105160
20,6,train,58,0.280000,0.219648
20,6,train,59,0.150000,0.142677
20,6,train,60,0.240000,0.182955
20,6,train,61,0.094600,0.137000
20,6,train,62,0.044200,0.080727
20,6,train,63,0.022000,0.042870
20,6,train,64,0.062000,0.100508
20,6,train,65,0.260000,0.256363
20,6,train,66,0.380000,0.295279
20,6,train,67,0.094900,0.093839
20,6,train,68,0.242000,0.222050
20,6,train,69,0.010000,0.053227
20,6,train,70,0.180000,0.153031
20,6,train,71,0.048480,0.053336
20,6,train,72,0.380000,0.250426
20,6,train,73,0.290000,0.287579
20,6,train,74,0.023500,0.040064
20,6,train,75,0.024200,0.030249
20,6,train,76,0.073410,0.091697
20,6,train,77,0.050000,0.074639
20,6,train,78,0.273300,0.234909
20,6,train,79,0.137000,0.129710
20,6,train,80,0.111520,0.145065
20,6,train,81,0.075400,0.071782
20,6,train,82,0.032000,0.056655
20,6,train,83,0.090000,0.109402
20,6,train,84,0.020000,0.081587
20,6,train,85,0.030000,0.087662
20,6,train,86,0.020000,0.037097
20,6,train,87,0.010000,0.078166
20,6,train,88,0.115100,0.135401
20,6,train,89,0.403000,0.389900
20,6,train,90,-0.030000,0.020937
20,6,train,91,0.070000,0.121987
20,6,train,92,0.063300,0.074939
20,6,train,93,-0.350000,0.029153
20,6,train,94,0.115100,0.135401
20,6,train,95,0.360000,0.283079
20,6,train,96,0.160000,0.104115
20,6,train,97,0.232000,0.423001
20,6,train,98,0.193500,0.173723
20,6,train,99,0.244400,0.234646
20,6,train,100,0.250000,0.205429
20,6,train,101,0.110000,0.076680
20,6,train,102,0.060000,0.074566
20,6,train,103,-0.110000,0.034093
20,6,train,104,0.210000,0.114319
20,6,train,105,0.439000,0.356435
20,6,train,106,0.040000,0.133125
20,6,train,107,0.820000,0.494808
20,6,train,108,0.260000,0.247275
20,6,train,109,0.130000,0.124126
20,6,train,110,0.090000,0.074466
20,6,train,111,0.270000,0.234477
20,6,train,112,0.030000,0.028405
20,6,train,113,0.058480,0.049356
20,6,train,114,0.790000,0.495097
20,6,train,115,0.350000,0.261837
20,6,train,116,0.540000,0.266458
20,6,train,117,0.010000,0.039030
20,6,train,118,0.054300,0.100855
20,6,train,119,0.144700,0.141087
20,6,train,120,0.174900,0.177680
20,6,train,121,0.240000,0.221204
20,6,train,122,0.052410,0.098779
20,6,train,123,0.160000,0.134598
20,6,train,124,0.185100,0.181997
20,6,train,125,0.050000,0.057928
20,6,train,126,0.035100,0.047253
20,6,train,127,0.030000,0.116802
20,6,train,128,0.090000,0.083953
20,6,train,129,0.010000,0.082334
20,7,test,0,0.144700,0.164722
20,7,test,1,0.130000,0.174342
20,7,test,2,0.095300,0.080173
20,7,test,3,0.030000,0.195885
20,7,test,4,0.290000,0.115038
20,7,test,5,0.075400,0.074002
20,7,test,6,0.150000,0.144706
20,7,test,7,0.020000,0.153572
20,7,test,8,0.094700,0.125294
20,7,test,9,0.280000,0.221387
20,7,test,10,0.073410,0.135671
20,7,test,11,0.200000,0.084120
20,7,test,12,0.380000,0.221887
20,7,test,13,0.190000,0.100388
20,7,test,14,0.020000,0.173344
20,7,test,15,0.072000,0.133976
20,7,test,16,0.080000,0.060080
20,7,test,17,0.018000,0.110945
20,7,test,18,0.220000,0.111361
20,7,test,19,0.240000,0.124824
20,7,test,20,0.020000,0.101467
20,7,test,21,0.084600,0.119084
20,7,test,22,0.160000,0.114671
20,7,test,23,0.790000,0.414107
20,7,test,24,0.060000,0.098574
20,7,test,25,0.090000,0.117405
20,7,test,26,0.135000,0.236806
20,7,test,27,0.210000,0.168349
20,7,test,28,0.230000,0.156639
20,7,test,29,0.115100,0.173537
20,7,test,30,0.115100,0.173537
20,7,test,31,0.790000,0.438853
20,7,test,32,0.110000,0.093974
20,7,train,0,0.244400,0.252928
20,7,train,1,0.260000,0.204193
20,7,train,2,0.035100,0.052690
20,7,train,3,0.160000,0.094718
20,7,train,4,0.022000,0.044590
20,7,train,5,0.160000,0.137144
20,7,train,6,0.100000,0.092865
20,7,train,7,0.032000,0.058183
20,7,train,8,0.063300,0.098574
20,7,train,9,0.190000,0.145792
20,7,train,10,-0.110000,0.005374
20,7,train,11,0.010000,0.074886
20,7,train,12,0.137000,0.140540
20,7,train,13,0.018000,0.034469
20,7,train,14,0.054300,0.095927
20,7,train,15,-0.080000,0.038264
20,7,train,16,-0.030000,0.047073
20,7,train,17,0.273300,0.248276
20,7,train,18,0.048480,0.063411
20,7,train,19,0.200000,0.162138
20,7,train,20,0.094900,0.082458
20,7,train,21,0.190000,0.188572
20,7,train,22,0.100000,0.087674
20,7,train,23,-0.350000,-0.166405
20,7,train,24,0.080000,0.081027
20,7,train,25,0.439000,0.333945
20,7,train,26,-0.390000,-0.235011
20,7,train,27,0.011000,0.020221
20,7,train,28,0.185100,0.188884
20,7,train,29,0.020000,0.070651
20,7,train,30,0.260000,0.180403
20,7,train,31,0.350000,0.286688
20,7,train,32,0.035400,0.054534
20,7,train,33,0.130000,0.134186
20,7,train,34,0.224400,0.200993
20,7,train,35,0.180000,0.158385
20,7,train,36,0.163300,0.137983
20,7,train,37,0.075400,0.074002
20,7,train,38,0.040000,0.100115
20,7,train,39,0.190000,0.168849
20,7,train,40,0.030000,0.067614
20,7,train,41,0.193500,0.184518
20,7,train,42,0.090000,0.089749
20,7,train,43,0.024200,0.053537
20,7,train,44,0.030000,0.048844
20,7,train,45,0.020000,0.080089
20,7,train,46,0.090000,0.089892
20,7,train,47,0.190000,0.123404
20,7,train,48,0.065340,0.101936
20,7,train,49,0.080000,0.074686
20,7,train,50,0.180000,0.176392
20,7,train,51,0.094900,0.091388
20,7,train,52,0.280000,0.198321
20,7,train,53,0.090000,0.084769
20,7,train,54,0.190000,0.177955
20,7,train,55,0.044200,0.101149
20,7,train,56,0.330000,0.249645
20,7,train,57,0.025000,0.042315
20,7,train,58,0.030000,0.052475
20,7,train,59,0.150000,0.125939
20,7,train,60,0.000000,0.032163
20,7,train,61,0.160000,0.096787
20,7,train,62,0.820000,0.570547
20,7,train,63,0.280000,0.224812
20,7,train,64,0.058480,0.066281
20,7,train,65,0.151000,0.116792
20,7,train,66,0.240000,0.198512
20,7,train,67,0.020000,0.043545
20,7,train,68,0.260000,0.230284
20,7,train,69,0.232000,0.277486
20,7,train,70,0.114400,0.111667
20,7,train,71,0.242000,0.253174
20,7,train,72,0.040000,0.097128
20,7,train,73,0.150000,0.174327
20,7,train,74,0.264400,0.259977
20,7,train,75,0.062000,0.103198
20,7,train,76,0.240000,0.224319
20,7,train,77,0.035100,0.045097
20,7,train,78,0.050000,0.054347
20,7,train,79,0.110000,0.120212
20,7,train,80,0.120000,0.124867
20,7,train,81,0.320000,0.245562
20,7,train,82,0.094600,0.140284
20,7,train,83,0.100000,0.091164
20,7,train,84,0.160000,0.161064
20,7,train,85,0.270000,0.239627
20,7,train,86,0.380000,0.274085
20,7,train,87,0.270000,0.247773
20,7,train,88,0.170000,0.157823
20,7,train,89,0.111520,0.137405
20,7,train,90,0.050000,0.085214
20,7,train,91,0.020000,0.044655
20,7,train,92,0.040000,0.126570
20,7,train,93,0.260000,0.177215
20,7,train,94,0.250000,0.157497
20,7,train,95,0.403000,0.345369
20,7,train,96,0.151000,0.121650
20,7,train,97,0.290000,0.239733
20,7,train,98,0.240000,0.192739
20,7,train,99,0.035400,0.054534
20,7,train,100,0.090000,0.110673
20,7,train,101,0.174900,0.147560
20,7,train,102,0.220000,0.171886
20,7,train,103,0.045300,0.078465
20,7,train,104,0.020000,0.060363
20,7,train,105,0.284200,0.225772
20,7,train,106,0.050000,0.070589
20,7,train,107,0.010000,0.035489
20,7,train,108,0.070000,0.124502
20,7,train,109,0.043800,0.063686
20,7,train,110,0.144500,0.138880
20,7,train,111,0.310000,0.272872
20,7,train,112,0.020000,0.055697
20,7,train,113,0.174900,0.162608
20,7,train,114,0.020000,0.060994
20,7,train,115,0.010000,0.089840
20,7,train,116,0.210000,0.125574
20,7,train,117,0.540000,0.366897
20,7,train,118,0.010000,0.052041
20,7,train,119,0.023500,0.064042
20,7,train,120,0.010000,0.027744
20,7,train,121,0.144700,0.164722
20,7,train,122,0.370000,0.292066
20,7,train,123,0.093900,0.116933
20,7,train,124,0.133000,0.108819
20,7,train,125,0.185100,0.188884
20,7,train,126,0.200000,0.202899
20,7,train,127,0.360000,0.301736
20,7,train,128,0.030000,0.069292
20,7,train,129,0.052410,0.084177
20,8,test,0,0.018000,0.077493
20,8,test,1,-0.030000,0.077715
20,8,test,2,0.439000,0.222443
20,8,test,3,0.264400,0.164050
20,8,test,4,0.100000,0.118621
20,8,test,5,0.114400,0.169416
20,8,test,6,0.100000,0.095359
20,8,test,7,0.160000,0.077863
20,8,test,8,0.160000,0.129594
20,8,test,9,0.043800,0.084621
20,8,test,10,0.200000,0.174825
20,8,test,11,0.240000,0.223460
20,8,test,12,0.220000,0.124381
20,8,test,13,0.054300,0.125938
20,8,test,14,0.180000,0.090743
20,8,test,15,0.075400,0.088123
20,8,test,16,0.380000,0.186802
20,8,test,17,0.052410,0.172078
20,8,test,18,0.070000,0.163874
20,8,test,19,0.144700,0.140948
20,8,test,20,0.030000,0.096906
20,8,test,21,0.093900,0.098412
20,8,test,22,0.020000,0.088271
20,8,test,23,0.290000,0.229322
20,8,test,24,0.210000,0.147843
20,8,test,25,0.160000,0.118084
20,8,test,26,-0.390000,0.126235
20,8,test,27,0.150000,0.173995
20,8,test,28,0.030000,0.101525
20,8,test,29,0.110000,0.062220
20,8,test,30,0.240000,0.143622
20,8,test,31,0.010000,0.171711
20,8,test,32,0.820000,0.641256
20,8,train,0,0.094900,0.101656
20,8,train,1,0.150000,0.170902
20,8,train,2,0.020000,0.091821
20,8,train,3,0.018000,0.034943
20,8,train,4,0.224400,0.194545
20,8,train,5,0.010000,0.036660
20,8,train,6,0.290000,0.267135
20,8,train,7,0.232000,0.277325
20,8,train,8,0.090000,0.078125
20,8,train,9,0.137000,0.138685
20,8,train,10,0.020000,0.046898
20,8,train,11,0.284200,0.222912
20,8,train,12,0.350000,0.298958
20,8,train,13,0.030000,0.084042
20,8,train,14,0.094900,0.092729
20,8,train,15,0.174900,0.179344
20,8,train,16,0.360000,0.267934
20,8,train,17,0.090000,0.124117
20,8,train,18,0.242000,0.232500
20,8,train,19,0.050000,0.065582
20,8,train,20,0.240000,0.212469
20,8,train,21,0.273300,0.237655
20,8,train,22,0.115100,0.124677
20,8,train,23,0.111520,0.142851
20,8,train,24,0.040000,0.062275
20,8,train,25,-0.080000,0.029789
20,8,train,26,0.193500,0.178711
20,8,train,27,0.320000,0.280716
20,8,train,28,0.403000,0.291612
20,8,train,29,0.063300,0.076797
20,8,train,30,0.330000,0.242354
20,8,train,31,0.090000,0.088174
20,8,train,32,0.210000,0.143237
20,8,train,33,0.020000,0.074540
20,8,train,34,0.133000,0.114384
20,8,train,35,0.185100,0.174270
20,8,train,36,0.280000,0.274943
20,8,train,37,0.090000,0.100850
20,8,train,38,0.032000,0.053090
20,8,train,39,0.022000,0.045695
20,8,train,40,0.200000,0.179333
20,8,train,41,0.190000,0.191302
20,8,train,42,0.260000,0.251009
20,8,train,43,0.073410,0.098492
20,8,train,44,0.200000,0.162554
20,8,train,45,0.035100,0.045150
20,8,train,46,0.020000,0.069943
20,8,train,47,0.115100,0.124677
20,8,train,48,0.190000,0.188133
20,8,train,49,0.174900,0.171060
20,8,train,50,0.040000,0.072726
20,8,train,51,0.010000,0.044613
20,8,train,52,0.144500,0.118027
20,8,train,53,0.023500,0.048329
20,8,train,54,0.790000,0.656431
20,8,train,55,0.010000,0.038921
20,8,train,56,0.020000,0.079771
20,8,train,57,0.135000,0.146573
20,8,train,58,0.310000,0.254221
20,8,train,59,0.094700,0.106333
20,8,train,60,0.163300,0.129594
20,8,train,61,0.120000,0.174322
20,8,train,62,0.190000,0.186141
20,8,train,63,0.250000,0.161480
20,8,train,64,0.075400,0.088123
20,8,train,65,0.020000,0.063586
20,8,train,66,0.095300,0.096084
20,8,train,67,0.540000,0.379101
20,8,train,68,0.790000,0.658375
20,8,train,69,0.180000,0.169684
20,8,train,70,0.144700,0.140948
20,8,train,71,0.048480,0.058407
20,8,train,72,0.260000,0.251452
20,8,train,73,0.160000,0.149117
20,8,train,74,0.045300,0.062211
20,8,train,75,0.280000,0.239328
20,8,train,76,-0.350000,-0.132540
20,8,train,77,0.380000,0.292885
20,8,train,78,0.170000,0.143314
20,8,train,79,0.020000,0.033354
20,8,train,80,0.044200,0.092188
20,8,train,81,0.035400,0.053976
20,8,train,82,0.244400,0.281292
20,8,train,83,0.260000,0.217414
20,8,train,84,0.370000,0.280031
20,8,train,85,0.094600,0.119236
20,8,train,86,0.084600,0.093089
20,8,train,87,0.065340,0.124867
20,8,train,88,0.058480,0.056215
20,8,train,89,0.130000,0.129781
20,8,train,90,0.060000,0.075523
20,8,train,91,0.160000,0.157529
20,8,train,92,0.035100,0.044568
20,8,train,93,0.185100,0.174270
20,8,train,94,0.090000,0.081661
20,8,train,95,0.080000,0.082062
20,8,train,96,0.151000,0.137400
20,8,train,97,0.270000,0.251230
20,8,train,98,0.240000,0.196823
20,8,train,99,0.072000,0.102654
20,8,train,100,-0.110000,-0.023162
20,8,train,101,0.050000,0.061539
20,8,train,102,0.011000,0.065580
20,8,train,103,0.260000,0.211393
20,8,train,104,0.190000,0.158838
20,8,train,105,0.190000,0.158883
20,8,train,106,0.280000,0.177969
20,8,train,107,0.025000,0.054203
20,8,train,108,0.230000,0.226201
20,8,train,109,0.080000,0.083102
20,8,train,110,0.000000,0.026885
20,8,train,111,0.020000,0.057007
20,8,train,112,0.130000,0.180780
20,8,train,113,0.151000,0.131209
20,8,train,114,0.062000,0.097175
20,8,train,115,0.270000,0.236211
20,8,train,116,0.020000,0.068865
20,8,train,117,0.080000,0.064666
20,8,train,118,0.040000,0.077917
20,8,train,119,0.150000,0.149887
20,8,train,120,0.190000,0.160398
20,8,train,121,0.110000,0.103980
20,8,train,122,0.030000,0.071848
20,8,train,123,0.024200,0.037407
20,8,train,124,0.220000,0.191377
20,8,train,125,0.035400,0.053976
20,8,train,126,0.010000,0.054560
20,8,train,127,0.030000,0.031713
20,8,train,128,0.050000,0.070405
20,8,train,129,0.100000,0.097956
20,9,test,0,0.163300,0.139002
20,9,test,1,0.190000,0.107406
20,9,test,2,0.032000,0.134652
20,9,test,3,0.072000,0.119720
20,9,test,4,0.025000,0.067160
20,9,test,5,0.080000,0.074041
20,9,test,6,0.240000,0.154158
20,9,test,7,0.080000,0.076821
20,9,test,8,0.095300,0.078247
20,9,test,9,0.190000,0.103494
20,9,test,10,0.120000,0.202431
20,9,test,11,0.043800,0.103491
20,9,test,12,0.010000,0.159811
20,9,test,13,0.174900,0.148150
20,9,test,14,0.094900,0.077651
20,9,test,15,0.100000,0.056497
20,9,test,16,0.100000,0.059519
20,9,test,17,0.151000,0.122533
20,9,test,18,0.020000,0.120747
20,9,test,19,0.264400,0.179873
20,9,test,20,0.244400,0.285141
20,9,test,21,0.020000,0.163730
20,9,test,22,0.190000,0.219879
20,9,test,23,0.180000,0.094709
20,9,test,24,0.090000,0.073698
20,9,test,25,0.280000,0.108349
20,9,test,26,0.193500,0.146678
20,9,test,27,0.054300,0.131221
20,9,test,28,0.190000,0.075700
20,9,test,29,0.058480,0.063755
20,9,test,30,0.144700,0.158568
20,9,test,31,0.050000,0.092226
20,9,test,32,0.280000,0.139283
20,9,train,0,0.052410,0.095482
20,9,train,1,0.094600,0.108155
20,9,train,2,0.035400,0.041242
20,9,train,3,0.190000,0.139250
20,9,train,4,0.010000,0.075799
20,9,train,5,0.790000,0.690389
20,9,train,6,0.350000,0.288120
20,9,train,7,0.540000,0.389322
20,9,train,8,0.065340,0.102940
20,9,train,9,0.070000,0.105599
20,9,train,10,0.010000,0.050721
20,9,train,11,-0.030000,0.015480
20,9,train,12,0.035400,0.041242
20,9,train,13,0.093900,0.101227
20,9,train,14,0.115100,0.121352
20,9,train,15,0.050000,0.058949
20,9,train,16,0.030000,0.050901
20,9,train,17,0.111520,0.126272
20,9,train,18,0.044200,0.077398
20,9,train,19,0.040000,0.092776
20,9,train,20,0.084600,0.090971
20,9,train,21,0.020000,0.081023
20,9,train,22,0.115100,0.121352
20,9,train,23,0.380000,0.288251
20,9,train,24,0.100000,0.110586
20,9,train,25,0.290000,0.268996
20,9,train,26,0.045300,0.058553
20,9,train,27,0.320000,0.267016
20,9,train,28,0.290000,0.238729
20,9,train,29,0.035100,0.049137
20,9,train,30,0.310000,0.250645
20,9,train,31,0.185100,0.176301
20,9,train,32,0.380000,0.319226
20,9,train,33,0.130000,0.135817
20,9,train,34,0.011000,0.037353
20,9,train,35,0.020000,0.036241
20,9,train,36,0.022000,0.034647
20,9,train,37,0.110000,0.111751
20,9,train,38,0.075400,0.083858
20,9,train,39,0.020000,0.079574
20,9,train,40,0.260000,0.236059
20,9,train,41,0.020000,0.067793
20,9,train,42,0.090000,0.109222
20,9,train,43,0.094900,0.101355
20,9,train,44,0.232000,0.246479
20,9,train,45,0.150000,0.162533
20,9,train,46,0.242000,0.220111
20,9,train,47,0.260000,0.232299
20,9,train,48,0.150000,0.156431
20,9,train,49,0.048480,0.069139
20,9,train,50,0.075400,0.083858
20,9,train,51,0.135000,0.160993
20,9,train,52,0.010000,0.042276
20,9,train,53,0.200000,0.206031
20,9,train,54,0.174900,0.162636
20,9,train,55,0.080000,0.079559
20,9,train,56,0.210000,0.156347
20,9,train,57,0.110000,0.103118
20,9,train,58,0.020000,0.060313
20,9,train,59,0.030000,0.051398
20,9,train,60,0.151000,0.127891
20,9,train,61,0.024200,0.048976
20,9,train,62,0.790000,0.725236
20,9,train,63,0.050000,0.068300
20,9,train,64,0.023500,0.047435
20,9,train,65,0.273300,0.256844
20,9,train,66,0.018000,0.040274
20,9,train,67,0.270000,0.256178
20,9,train,68,0.130000,0.142362
20,9,train,69,0.160000,0.138297
20,9,train,70,0.224400,0.191117
20,9,train,71,-0.110000,-0.021969
20,9,train,72,0.230000,0.203394
20,9,train,73,0.094700,0.118018
20,9,train,74,0.090000,0.093905
20,9,train,75,0.260000,0.204139
20,9,train,76,0.144700,0.158568
20,9,train,77,0.040000,0.079883
20,9,train,78,0.360000,0.281374
20,9,train,79,0.030000,0.092665
20,9,train,80,0.284200,0.205101
20,9,train,81,0.240000,0.212494
20,9,train,82,0.170000,0.155374
20,9,train,83,0.370000,0.311482
20,9,train,84,0.439000,0.341487
20,9,train,85,0.030000,0.057648
20,9,train,86,0.114400,0.128519
20,9,train,87,0.133000,0.115162
20,9,train,88,0.073410,0.098161
20,9,train,89,0.280000,0.262015
20,9,train,90,0.200000,0.172440
20,9,train,91,0.030000,0.063354
20,9,train,92,0.820000,0.739620
20,9,train,93,0.190000,0.188325
20,9,train,94,0.062000,0.097658
20,9,train,95,0.040000,0.054487
20,9,train,96,0.403000,0.317395
20,9,train,97,0.160000,0.111291
20,9,train,98,0.018000,0.042791
20,9,train,99,0.220000,0.182665
20,9,train,100,0.180000,0.188080
20,9,train,101,0.090000,0.126617
20,9,train,102,0.060000,0.075111
20,9,train,103,0.330000,0.251251
20,9,train,104,0.220000,0.180026
20,9,train,105,0.210000,0.197955
20,9,train,106,0.160000,0.147313
20,9,train,107,0.020000,0.072032
20,9,train,108,-0.350000,-0.170122
20,9,train,109,0.144500,0.130851
20,9,train,110,0.240000,0.219770
20,9,train,111,0.240000,0.201921
20,9,train,112,0.000000,0.031784
20,9,train,113,0.090000,0.091586
20,9,train,114,0.200000,0.156155
20,9,train,115,0.250000,0.203759
20,9,train,116,0.160000,0.139002
20,9,train,117,0.160000,0.141986
20,9,train,118,0.035100,0.049336
20,9,train,119,-0.390000,-0.223032
20,9,train,120,0.063300,0.076506
20,9,train,121,0.020000,0.065611
20,9,train,122,0.137000,0.125544
20,9,train,123,-0.080000,0.011764
20,9,train,124,0.270000,0.251731
20,9,train,125,0.150000,0.145334
20,9,train,126,0.010000,0.048718
20,9,train,127,0.020000,0.040657
20,9,train,128,0.185100,0.176301
20,9,train,129,0.260000,0.228945
20,10,test,0,0.111520,0.148022
20,10,test,1,0.020000,0.125335
20,10,test,2,0.044200,0.154772
20,10,test,3,0.073410,0.135050
20,10,test,4,0.035100,0.065691
20,10,test,5,0.110000,0.100635
20,10,test,6,0.790000,0.383301
20,10,test,7,0.020000,0.090681
20,10,test,8,0.330000,0.094513
20,10,test,9,0.090000,0.077802
20,10,test,10,0.070000,0.186480
20,10,test,11,0.060000,0.096464
20,10,test,12,0.163300,0.138705
20,10,test,13,0.065340,0.195076
20,10,test,14,0.045300,0.102408
20,10,test,15,0.032000,0.130060
20,10,test,16,0.200000,0.222535
20,10,test,17,0.240000,0.168858
20,10,test,18,0.030000,0.103774
20,10,test,19,0.130000,0.210644
20,10,test,20,0.144500,0.120170
20,10,test,21,0.018000,0.103414
20,10,test,22,0.160000,0.141644
20,10,test,23,0.220000,0.087365
20,10,test,24,0.094600,0.174010
20,10,test,25,0.193500,0.165031
20,10,test,26,0.035400,0.084458
20,10,test,27,0.010000,0.123976
20,10,test,28,0.020000,0.177970
20,10,test,29,-0.390000,0.132207
20,10,test,30,0.820000,0.476976
20,10,test,31,-0.030000,0.093802
20,10,test,32,0.210000,0.059960
20,10,train,0,0.210000,0.195474
20,10,train,1,0.540000,0.337105
20,10,train,2,0.280000,0.218445
20,10,train,3,0.020000,0.075573
20,10,train,4,0.230000,0.205138
20,10,train,5,0.020000,0.081061
20,10,train,6,0.150000,0.153004
20,10,train,7,0.370000,0.299568
20,10,train,8,0.790000,0.526315
20,10,train,9,0.260000,0.250499
20,10,train,10,0.190000,0.155281
20,10,train,11,0.050000,0.064585
20,10,train,12,0.160000,0.159521
20,10,train,13,0.030000,0.050866
20,10,train,14,0.075400,0.077112
20,10,train,15,0.054300,0.088893
20,10,train,16,0.151000,0.146905
20,10,train,17,-0.110000,0.003429
20,10,train,18,0.273300,0.252873
20,10,train,19,0.010000,0.094361
20,10,train,20,0.135000,0.193717
20,10,train,21,0.270000,0.252691
20,10,train,22,0.115100,0.125631
20,10,train,23,0.024200,0.050012
20,10,train,24,0.011000,0.052879
20,10,train,25,0.052410,0.097176
20,10,train,26,0.190000,0.130421
20,10,train,27,0.094900,0.105727
20,10,train,28,0.040000,0.078626
20,10,train,29,0.160000,0.149841
20,10,train,30,0.174900,0.163280
20,10,train,31,0.190000,0.145159
20,10,train,32,0.080000,0.089597
20,10,train,33,0.380000,0.308142
20,10,train,34,0.224400,0.158456
20,10,train,35,0.180000,0.154257
20,10,train,36,0.062000,0.095418
20,10,train,37,0.090000,0.133534
20,10,train,38,0.190000,0.194405
20,10,train,39,0.095300,0.097310
20,10,train,40,0.180000,0.183087
20,10,train,41,0.360000,0.300778
20,10,train,42,0.084600,0.097056
20,10,train,43,0.050000,0.056755
20,10,train,44,0.050000,0.075488
20,10,train,45,0.023500,0.062878
20,10,train,46,0.035100,0.064310
20,10,train,47,0.240000,0.192922
20,10,train,48,0.133000,0.124960
20,10,train,49,0.090000,0.094513
20,10,train,50,0.030000,0.108426
20,10,train,51,0.439000,0.319315
20,10,train,52,0.110000,0.103973
20,10,train,53,0.310000,0.269184
20,10,train,54,0.115100,0.125631
20,10,train,55,0.290000,0.245475
20,10,train,56,0.250000,0.210618
20,10,train,57,0.260000,0.241285
20,10,train,58,0.284200,0.207483
20,10,train,59,0.018000,0.047930
20,10,train,60,0.160000,0.117575
20,10,train,61,0.035400,0.084458
20,10,train,62,0.020000,0.066556
20,10,train,63,0.030000,0.066171
20,10,train,64,0.220000,0.177804
20,10,train,65,0.200000,0.183560
20,10,train,66,0.043800,0.068518
20,10,train,67,0.010000,0.042493
20,10,train,68,0.100000,0.081126
20,10,train,69,0.100000,0.080334
20,10,train,70,0.072000,0.107638
20,10,train,71,0.290000,0.252239
20,10,train,72,0.174900,0.160029
20,10,train,73,0.380000,0.281543
20,10,train,74,0.094700,0.112562
20,10,train,75,0.100000,0.122286
20,10,train,76,-0.350000,-0.102029
20,10,train,77,0.280000,0.258643
20,10,train,78,0.260000,0.190865
20,10,train,79,0.185100,0.180288
20,10,train,80,0.010000,0.047950
20,10,train,81,0.020000,0.071260
20,10,train,82,0.020000,0.045827
20,10,train,83,0.022000,0.049165
20,10,train,84,0.040000,0.076609
20,10,train,85,0.244400,0.228207
20,10,train,86,0.090000,0.105573
20,10,train,87,0.200000,0.158410
20,10,train,88,0.075400,0.077112
20,10,train,89,0.093900,0.114048
20,10,train,90,0.137000,0.134150
20,10,train,91,0.010000,0.068403
20,10,train,92,0.151000,0.142946
20,10,train,93,0.000000,0.038921
20,10,train,94,0.264400,0.251535
20,10,train,95,0.048480,0.062129
20,10,train,96,0.232000,0.267255
20,10,train,97,0.058480,0.053602
20,10,train,98,-0.080000,0.054036
20,10,train,99,0.144700,0.148282
20,10,train,100,0.114400,0.135060
20,10,train,101,0.130000,0.121500
20,10,train,102,0.185100,0.180288
20,10,train,103,0.260000,0.229823
20,10,train,104,0.080000,0.076552
20,10,train,105,0.144700,0.148282
20,10,train,106,0.025000,0.064548
20,10,train,107,0.150000,0.182329
20,10,train,108,0.242000,0.241419
20,10,train,109,0.160000,0.138705
20,10,train,110,0.120000,0.158733
20,10,train,111,0.080000,0.080155
20,10,train,112,0.094900,0.088878
20,10,train,113,0.190000,0.169660
20,10,train,114,0.240000,0.218498
20,10,train,115,0.320000,0.255112
20,10,train,116,0.190000,0.190132
20,10,train,117,0.150000,0.148184
20,10,train,118,0.063300,0.096395
20,10,train,119,0.020000,0.075769
20,10,train,120,0.020000,0.065262
20,10,train,121,0.350000,0.281827
20,10,train,122,0.403000,0.305284
20,10,train,123,0.040000,0.110532
20,10,train,124,0.240000,0.210417
20,10,train,125,0.030000,0.069868
20,10,train,126,0.170000,0.161772
20,10,train,127,0.090000,0.097516
20,10,train,128,0.270000,0.241538
20,10,train,129,0.280000,0.225696
50,1,test,0,0.043800,0.091192
50,1,test,1,0.044200,0.159585
50,1,test,2,0.075400,0.093383
50,1,test,3,0.115100,0.184137
50,1,test,4,0.020000,0.184554
50,1,test,5,0.090000,0.192492
50,1,test,6,-0.390000,0.178715
50,1,test,7,0.111520,0.235533
50,1,test,8,0.110000,0.064985
50,1,test,9,0.080000,0.110273
50,1,test,10,0.439000,0.183491
50,1,test,11,0.320000,0.196349
50,1,test,12,0.185100,0.157936
50,1,test,13,0.144500,0.088932
50,1,test,14,0.150000,0.233145
50,1,test,15,0.174900,0.207317
50,1,test,16,0.040000,0.149477
50,1,test,17,0.030000,0.119773
50,1,test,18,0.062000,0.140473
50,1,test,19,0.010000,0.155692
50,1,test,20,0.200000,0.162865
50,1,test,21,0.224400,0.140738
50,1,test,22,0.163300,0.115782
50,1,test,23,0.250000,0.104449
50,1,test,24,0.040000,0.107245
50,1,test,25,0.190000,0.153157
50,1,test,26,0.200000,0.131095
50,1,test,27,0.050000,0.069211
50,1,test,28,0.151000,0.101973
50,1,test,29,0.190000,0.212245
50,1,test,30,0.058480,0.072338
50,1,test,31,0.190000,0.123409
50,1,test,32,0.063300,0.111255
50,1,train,0,0.100000,0.065883
50,1,train,1,0.150000,0.206501
50,1,train,2,0.023500,0.069997
50,1,train,3,0.403000,0.208924
50,1,train,4,0.190000,0.120856
50,1,train,5,0.115100,0.184137
50,1,train,6,0.380000,0.267256
50,1,train,7,0.110000,0.076384
50,1,train,8,0.242000,0.216481
50,1,train,9,0.020000,0.084353
50,1,train,10,0.020000,0.108009
50,1,train,11,0.050000,0.095981
50,1,train,12,-0.110000,0.083057
50,1,train,13,0.010000,0.112966
50,1,train,14,0.090000,0.076169
50,1,train,15,0.330000,0.210305
50,1,train,16,0.018000,0.059073
50,1,train,17,0.244400,0.270010
50,1,train,18,0.010000,0.075130
50,1,train,19,0.200000,0.163418
50,1,train,20,-0.350000,-0.159948
50,1,train,21,0.100000,0.095041
50,1,train,22,0.260000,0.216508
50,1,train,23,0.144700,0.147691
50,1,train,24,0.080000,0.073904
50,1,train,25,0.151000,0.118178
50,1,train,26,0.000000,0.068211
50,1,train,27,0.024200,0.051006
50,1,train,28,0.035400,0.062260
50,1,train,29,0.220000,0.146067
50,1,train,30,0.084600,0.126908
50,1,train,31,0.070000,0.143039
50,1,train,32,0.048480,0.064683
50,1,train,33,0.090000,0.135692
50,1,train,34,0.360000,0.248015
50,1,train,35,0.290000,0.228180
50,1,train,36,0.220000,0.164159
50,1,train,37,0.270000,0.237941
50,1,train,38,0.280000,0.230453
50,1,train,39,0.260000,0.226111
50,1,train,40,0.790000,0.660266
50,1,train,41,0.310000,0.267529
50,1,train,42,0.020000,0.100411
50,1,train,43,0.120000,0.219336
50,1,train,44,0.144700,0.147691
50,1,train,45,-0.080000,0.082998
50,1,train,46,0.020000,0.128324
50,1,train,47,0.094900,0.077965
50,1,train,48,0.035100,0.059408
50,1,train,49,0.094700,0.118146
50,1,train,50,0.160000,0.115782
50,1,train,51,0.040000,0.102878
50,1,train,52,0.180000,0.170239
50,1,train,53,0.230000,0.219520
50,1,train,54,0.010000,0.060729
50,1,train,55,0.090000,0.067170
50,1,train,56,0.020000,0.068231
50,1,train,57,0.284200,0.170788
50,1,train,58,0.135000,0.185887
50,1,train,59,0.820000,0.749483
50,1,train,60,0.045300,0.079318
50,1,train,61,0.035400,0.062260
50,1,train,62,0.240000,0.175255
50,1,train,63,0.020000,0.056630
50,1,train,64,0.264400,0.228943
50,1,train,65,0.093900,0.094924
50,1,train,66,0.030000,0.097570
50,1,train,67,0.280000,0.202530
50,1,train,68,0.018000,0.058268
50,1,train,69,0.080000,0.074372
50,1,train,70,0.280000,0.241038
50,1,train,71,0.050000,0.056172
50,1,train,72,0.174900,0.145323
50,1,train,73,0.130000,0.143312
50,1,train,74,0.190000,0.165304
50,1,train,75,0.790000,0.692825
50,1,train,76,0.170000,0.116911
50,1,train,77,0.090000,0.076595
50,1,train,78,0.075400,0.093383
50,1,train,79,0.273300,0.180188
50,1,train,80,0.030000,0.153458
50,1,train,81,0.185100,0.157936
50,1,train,82,0.160000,0.129727
50,1,train,83,0.054300,0.104406
50,1,train,84,0.094900,0.091692
50,1,train,85,0.193500,0.149419
50,1,train,86,0.030000,0.108781
50,1,train,87,0.073410,0.124874
50,1,train,88,0.022000,0.063367
50,1,train,89,0.210000,0.090864
50,1,train,90,0.010000,0.070397
50,1,train,91,0.210000,0.152552
50,1,train,92,0.094600,0.138032
50,1,train,93,-0.030000,0.048150
50,1,train,94,0.180000,0.132696
50,1,train,95,0.032000,0.093611
50,1,train,96,0.114400,0.130031
50,1,train,97,0.290000,0.218938
50,1,train,98,0.150000,0.208284
50,1,train,99,0.350000,0.258107
50,1,train,100,0.190000,0.143126
50,1,train,101,0.160000,0.154682
50,1,train,102,0.240000,0.221439
50,1,train,103,0.232000,0.196706
50,1,train,104,0.137000,0.138966
50,1,train,105,0.270000,0.180188
50,1,train,106,0.060000,0.111255
50,1,train,107,0.380000,0.204742
50,1,train,108,0.160000,0.137254
50,1,train,109,0.072000,0.114236
50,1,train,110,0.130000,0.108550
50,1,train,111,0.100000,0.065883
50,1,train,112,0.540000,0.323596
50,1,train,113,0.160000,0.096282
50,1,train,114,0.133000,0.088967
50,1,train,115,0.240000,0.213548
50,1,train,116,0.025000,0.099557
50,1,train,117,0.260000,0.192922
50,1,train,118,0.065340,0.113602
50,1,train,119,0.052410,0.113439
50,1,train,120,0.020000,0.128126
50,1,train,121,0.260000,0.148966
50,1,train,122,0.240000,0.239429
50,1,train,123,0.011000,0.092653
50,1,train,124,0.035100,0.059408
50,1,train,125,0.030000,0.072253
50,1,train,126,0.020000,0.112607
50,1,train,127,0.370000,0.265771
50,1,train,128,0.020000,0.157980
50,1,train,129,0.095300,0.069948
50,2,test,0,0.310000,0.218343
50,2,test,1,0.260000,0.093570
50,2,test,2,0.072000,0.116915
50,2,test,3,0.270000,0.235541
50,2,test,4,0.180000,0.127078
50,2,test,5,0.210000,0.059715
50,2,test,6,0.052410,0.175717
50,2,test,7,0.080000,0.074489
50,2,test,8,0.032000,0.133799
50,2,test,9,0.280000,0.168660
50,2,test,10,0.093900,0.128667
50,2,test,11,0.240000,0.192714
50,2,test,12,0.100000,0.096087
50,2,test,13,0.150000,0.141924
50,2,test,14,0.090000,0.111791
50,2,test,15,0.273300,0.224946
50,2,test,16,0.110000,0.094421
50,2,test,17,0.011000,0.143495
50,2,test,18,0.200000,0.128556
50,2,test,19,0.111520,0.198205
50,2,test,20,-0.080000,0.153849
50,2,test,21,0.073410,0.171551
50,2,test,22,0.043800,0.094363
50,2,test,23,0.010000,0.129411
50,2,test,24,-0.350000,0.176854
50,2,test,25,0.260000,0.210827
50,2,test,26,0.084600,0.106695
50,2,test,27,0.224400,0.143960
50,2,test,28,0.010000,0.166852
50,2,test,29,0.035100,0.066189
50,2,test,30,0.174900,0.146413
50,2,test,31,0.018000,0.078989
50,2,test,32,0.020000,0.202948
50,2,train,0,0.115100,0.126478
50,2,train,1,0.320000,0.247168
50,2,train,2,0.023500,0.061302
50,2,train,3,0.790000,0.707724
50,2,train,4,-0.110000,-0.015053
50,2,train,5,0.080000,0.083774
50,2,train,6,0.024200,0.043183
50,2,train,7,0.190000,0.167770
50,2,train,8,0.170000,0.147390
50,2,train,9,0.133000,0.119629
50,2,train,10,0.040000,0.086974
50,2,train,11,0.020000,0.080924
50,2,train,12,0.010000,0.082417
50,2,train,13,0.144700,0.142401
50,2,train,14,0.040000,0.115032
50,2,train,15,0.030000,0.087161
50,2,train,16,0.820000,0.744613
50,2,train,17,0.090000,0.091717
50,2,train,18,0.010000,0.033270
50,2,train,19,0.244400,0.256106
50,2,train,20,0.190000,0.150677
50,2,train,21,0.144700,0.142401
50,2,train,22,0.020000,0.073111
50,2,train,23,0.264400,0.240706
50,2,train,24,0.048480,0.070366
50,2,train,25,0.240000,0.212964
50,2,train,26,0.110000,0.102793
50,2,train,27,0.062000,0.090206
50,2,train,28,0.065340,0.111319
50,2,train,29,0.180000,0.174831
50,2,train,30,0.030000,0.056575
50,2,train,31,0.120000,0.169797
50,2,train,32,0.025000,0.050586
50,2,train,33,0.114400,0.124604
50,2,train,34,-0.390000,-0.198946
50,2,train,35,0.030000,0.040788
50,2,train,36,0.020000,0.057629
50,2,train,37,0.018000,0.042498
50,2,train,38,0.090000,0.078367
50,2,train,39,0.151000,0.127613
50,2,train,40,0.790000,0.725401
50,2,train,41,0.094600,0.115858
50,2,train,42,0.020000,0.065816
50,2,train,43,0.190000,0.174660
50,2,train,44,0.050000,0.057021
50,2,train,45,0.040000,0.074836
50,2,train,46,0.240000,0.209921
50,2,train,47,0.439000,0.349878
50,2,train,48,0.050000,0.071577
50,2,train,49,0.000000,0.035078
50,2,train,50,0.185100,0.182357
50,2,train,51,0.270000,0.224978
50,2,train,52,0.151000,0.127880
50,2,train,53,0.130000,0.151241
50,2,train,54,0.540000,0.367482
50,2,train,55,0.240000,0.217496
50,2,train,56,0.075400,0.076336
50,2,train,57,0.010000,0.059846
50,2,train,58,0.144500,0.119367
50,2,train,59,0.075400,0.076336
50,2,train,60,0.130000,0.112778
50,2,train,61,-0.030000,0.016582
50,2,train,62,0.280000,0.221432
50,2,train,63,0.190000,0.155221
50,2,train,64,0.284200,0.212402
50,2,train,65,0.063300,0.076867
50,2,train,66,0.020000,0.046264
50,2,train,67,0.094900,0.103909
50,2,train,68,0.260000,0.243050
50,2,train,69,0.054300,0.087562
50,2,train,70,0.135000,0.177100
50,2,train,71,0.160000,0.140333
50,2,train,72,0.100000,0.094883
50,2,train,73,0.035400,0.046237
50,2,train,74,0.160000,0.146575
50,2,train,75,0.260000,0.247022
50,2,train,76,0.150000,0.164570
50,2,train,77,0.232000,0.287480
50,2,train,78,0.020000,0.059323
50,2,train,79,0.020000,0.072230
50,2,train,80,0.100000,0.124459
50,2,train,81,0.200000,0.172705
50,2,train,82,0.290000,0.269035
50,2,train,83,0.050000,0.065953
50,2,train,84,0.020000,0.042871
50,2,train,85,0.030000,0.098985
50,2,train,86,0.160000,0.154206
50,2,train,87,0.350000,0.283441
50,2,train,88,0.020000,0.081615
50,2,train,89,0.163300,0.147348
50,2,train,90,0.210000,0.188135
50,2,train,91,0.035100,0.063735
50,2,train,92,0.190000,0.197544
50,2,train,93,0.115100,0.126478
50,2,train,94,0.022000,0.046154
50,2,train,95,0.160000,0.157142
50,2,train,96,0.160000,0.111261
50,2,train,97,0.185100,0.182357
50,2,train,98,0.360000,0.299939
50,2,train,99,0.290000,0.242076
50,2,train,100,0.090000,0.130263
50,2,train,101,0.094700,0.110007
50,2,train,102,0.094900,0.095270
50,2,train,103,0.070000,0.114842
50,2,train,104,0.030000,0.052194
50,2,train,105,0.380000,0.332725
50,2,train,106,0.330000,0.247959
50,2,train,107,0.242000,0.221119
50,2,train,108,0.045300,0.058838
50,2,train,109,0.200000,0.194860
50,2,train,110,0.190000,0.155193
50,2,train,111,0.080000,0.081811
50,2,train,112,0.220000,0.180134
50,2,train,113,0.230000,0.201755
50,2,train,114,0.095300,0.089577
50,2,train,115,0.280000,0.257083
50,2,train,116,0.250000,0.222614
50,2,train,117,0.150000,0.170273
50,2,train,118,0.058480,0.078386
50,2,train,119,0.060000,0.076037
50,2,train,120,0.044200,0.083274
50,2,train,121,0.403000,0.322393
50,2,train,122,0.035400,0.046237
50,2,train,123,0.380000,0.293206
50,2,train,124,0.220000,0.189199
50,2,train,125,0.174900,0.168794
50,2,train,126,0.193500,0.186483
50,2,train,127,0.137000,0.131814
50,2,train,128,0.370000,0.310782
50,2,train,129,0.090000,0.091160
50,3,test,0,-0.030000,0.064159
50,3,test,1,0.150000,0.170148
50,3,test,2,0.310000,0.220113
50,3,test,3,0.180000,0.123589
50,3,test,4,0.044200,0.092530
50,3,test,5,0.062000,0.124506
50,3,test,6,0.094900,0.141934
50,3,test,7,0.030000,0.138094
50,3,test,8,0.230000,0.145773
50,3,test,9,0.063300,0.094464
50,3,test,10,0.090000,0.112279
50,3,test,11,0.020000,0.113619
50,3,test,12,0.273300,0.204935
50,3,test,13,0.040000,0.152545
50,3,test,14,0.052410,0.145032
50,3,test,15,0.023500,0.076612
50,3,test,16,0.058480,0.059101
50,3,test,17,0.439000,0.208898
50,3,test,18,0.232000,0.239966
50,3,test,19,0.790000,0.474003
50,3,test,20,0.120000,0.216502
50,3,test,21,-0.390000,0.153014
50,3,test,22,0.050000,0.069261
50,3,test,23,0.540000,0.068875
50,3,test,24,0.185100,0.160578
50,3,test,25,0.190000,0.099149
50,3,test,26,0.360000,0.190995
50,3,test,27,0.200000,0.064314
50,3,test,28,0.190000,0.111443
50,3,test,29,0.032000,0.115688
50,3,test,30,0.020000,0.132661
50,3,test,31,0.220000,0.046322
50,3,test,32,-0.080000,0.140465
50,3,train,0,0.090000,0.080644
50,3,train,1,0.080000,0.074682
50,3,train,2,0.073410,0.109802
50,3,train,3,0.045300,0.052411
50,3,train,4,0.011000,0.054433
50,3,train,5,0.350000,0.294677
50,3,train,6,0.264400,0.238230
50,3,train,7,0.290000,0.263232
50,3,train,8,0.030000,0.067236
50,3,train,9,0.130000,0.166154
50,3,train,10,0.370000,0.306901
50,3,train,11,0.010000,0.056321
50,3,train,12,0.193500,0.184350
50,3,train,13,0.130000,0.117731
50,3,train,14,0.137000,0.130204
50,3,train,15,0.100000,0.105841
50,3,train,16,0.020000,0.093223
50,3,train,17,0.330000,0.251521
50,3,train,18,0.093900,0.090294
50,3,train,19,0.174900,0.167061
50,3,train,20,0.200000,0.175610
50,3,train,21,0.075400,0.074039
50,3,train,22,0.094900,0.094065
50,3,train,23,0.030000,0.062354
50,3,train,24,0.084600,0.096693
50,3,train,25,0.111520,0.148643
50,3,train,26,0.030000,0.097016
50,3,train,27,0.160000,0.106205
50,3,train,28,0.144700,0.144381
50,3,train,29,0.284200,0.210749
50,3,train,30,0.160000,0.151533
50,3,train,31,0.090000,0.121550
50,3,train,32,0.144500,0.122173
50,3,train,33,0.030000,0.068033
50,3,train,34,0.100000,0.089272
50,3,train,35,0.020000,0.042323
50,3,train,36,0.090000,0.107164
50,3,train,37,0.240000,0.219952
50,3,train,38,0.022000,0.044211
50,3,train,39,0.144700,0.144381
50,3,train,40,0.280000,0.216745
50,3,train,41,0.035400,0.043529
50,3,train,42,0.260000,0.218697
50,3,train,43,0.224400,0.195642
50,3,train,44,0.163300,0.145512
50,3,train,45,0.260000,0.263290
50,3,train,46,0.403000,0.289611
50,3,train,47,0.020000,0.072746
50,3,train,48,0.040000,0.096324
50,3,train,49,0.020000,0.057658
50,3,train,50,0.072000,0.099539
50,3,train,51,0.043800,0.058935
50,3,train,52,0.048480,0.059901
50,3,train,53,0.270000,0.257573
50,3,train,54,0.025000,0.051402
50,3,train,55,0.160000,0.142023
50,3,train,56,0.020000,0.094492
50,3,train,57,0.270000,0.204935
50,3,train,58,0.024200,0.041654
50,3,train,59,0.114400,0.130616
50,3,train,60,0.050000,0.077182
50,3,train,61,0.080000,0.075038
50,3,train,62,0.035400,0.043529
50,3,train,63,0.100000,0.089655
50,3,train,64,0.020000,0.076484
50,3,train,65,0.174900,0.172767
50,3,train,66,0.250000,0.206328
50,3,train,67,0.200000,0.189125
50,3,train,68,0.135000,0.170434
50,3,train,69,0.185100,0.160578
50,3,train,70,0.190000,0.174758
50,3,train,71,0.035100,0.045792
50,3,train,72,0.018000,0.050865
50,3,train,73,0.320000,0.244780
50,3,train,74,0.040000,0.090700
50,3,train,75,0.110000,0.101908
50,3,train,76,0.240000,0.219360
50,3,train,77,0.010000,0.060628
50,3,train,78,0.094700,0.098671
50,3,train,79,0.290000,0.271884
50,3,train,80,0.260000,0.195133
50,3,train,81,0.150000,0.172537
50,3,train,82,0.010000,0.047840
50,3,train,83,0.820000,0.687614
50,3,train,84,0.060000,0.094464
50,3,train,85,0.260000,0.242869
50,3,train,86,0.000000,0.033771
50,3,train,87,0.050000,0.072713
50,3,train,88,0.170000,0.129665
50,3,train,89,0.160000,0.148779
50,3,train,90,0.190000,0.162433
50,3,train,91,0.180000,0.168955
50,3,train,92,0.244400,0.241436
50,3,train,93,0.280000,0.268941
50,3,train,94,0.115100,0.128265
50,3,train,95,0.210000,0.153381
50,3,train,96,0.210000,0.176085
50,3,train,97,0.075400,0.074039
50,3,train,98,0.065340,0.103375
50,3,train,99,0.095300,0.093355
50,3,train,100,0.035100,0.047179
50,3,train,101,0.240000,0.212623
50,3,train,102,0.242000,0.229861
50,3,train,103,0.380000,0.289840
50,3,train,104,0.160000,0.144638
50,3,train,105,0.020000,0.050495
50,3,train,106,0.110000,0.107841
50,3,train,107,0.010000,0.041502
50,3,train,108,0.220000,0.195623
50,3,train,109,0.070000,0.113704
50,3,train,110,0.115100,0.128265
50,3,train,111,0.240000,0.219017
50,3,train,112,0.190000,0.158040
50,3,train,113,0.280000,0.233772
50,3,train,114,-0.110000,-0.019993
50,3,train,115,0.151000,0.143914
50,3,train,116,0.054300,0.085220
50,3,train,117,0.133000,0.115130
50,3,train,118,0.151000,0.135125
50,3,train,119,0.150000,0.179868
50,3,train,120,-0.350000,-0.155167
50,3,train,121,0.380000,0.313126
50,3,train,122,0.010000,0.068817
50,3,train,123,0.080000,0.080028
50,3,train,124,0.018000,0.038565
50,3,train,125,0.094600,0.115314
50,3,train,126,0.020000,0.071792
50,3,train,127,0.790000,0.619222
50,3,train,128,0.190000,0.181667
50,3,train,129,0.090000,0.074977
50,4,test,0,0.439000,0.195038
50,4,test,1,0.073410,0.172742
50,4,test,2,0.080000,0.115746
50,4,test,3,0.151000,0.093909
50,4,test,4,0.000000,0.088679
50,4,test,5,0.044200,0.119624
50,4,test,6,0.090000,0.093642
50,4,test,7,0.244400,0.196237
50,4,test,8,0.290000,0.144230
50,4,test,9,0.052410,0.203238
50,4,test,10,0.010000,0.195767
50,4,test,11,0.170000,0.119907
50,4,test,12,0.040000,0.161802
50,4,test,13,0.060000,0.179733
50,4,test,14,0.260000,0.101031
50,4,test,15,0.084600,0.179702
50,4,test,16,0.054300,0.169606
50,4,test,17,0.224400,0.161259
50,4,test,18,-0.080000,0.166504
50,4,test,19,0.062000,0.169046
50,4,test,20,0.284200,0.087834
50,4,test,21,0.200000,0.087666
50,4,test,22,0.160000,0.111123
50,4,test,23,0.144500,0.086811
50,4,test,24,0.090000,0.171153
50,4,test,25,0.010000,0.090534
50,4,test,26,0.185100,0.175467
50,4,test,27,0.790000,0.226512
50,4,test,28,0.310000,0.188115
50,4,test,29,0.010000,0.180211
50,4,test,30,0.280000,0.167465
50,4,test,31,0.380000,0.190857
50,4,test,32,0.273300,0.177424
50,4,train,0,0.025000,0.112330
50,4,train,1,0.050000,0.087388
50,4,train,2,0.050000,0.086412
50,4,train,3,0.185100,0.175467
50,4,train,4,0.190000,0.155948
50,4,train,5,0.065340,0.094659
50,4,train,6,0.040000,0.111721
50,4,train,7,0.144700,0.160876
50,4,train,8,0.130000,0.115598
50,4,train,9,0.240000,0.166920
50,4,train,10,0.250000,0.125535
50,4,train,11,0.111520,0.167691
50,4,train,12,0.100000,0.106105
50,4,train,13,0.023500,0.091793
50,4,train,14,0.094700,0.186519
50,4,train,15,0.242000,0.184386
50,4,train,16,0.030000,0.123872
50,4,train,17,0.200000,0.113571
50,4,train,18,0.360000,0.187434
50,4,train,19,0.270000,0.177424
50,4,train,20,0.150000,0.179708
50,4,train,21,0.380000,0.194388
50,4,train,22,0.270000,0.210241
50,4,train,23,0.040000,0.183491
50,4,train,24,0.080000,0.086973
50,4,train,25,0.020000,0.088588
50,4,train,26,0.011000,0.111987
50,4,train,27,0.080000,0.089012
50,4,train,28,0.090000,0.091608
50,4,train,29,0.070000,0.176476
50,4,train,30,0.193500,0.171624
50,4,train,31,0.190000,0.167597
50,4,train,32,0.264400,0.189057
50,4,train,33,0.150000,0.174476
50,4,train,34,0.280000,0.195588
50,4,train,35,0.018000,0.086428
50,4,train,36,0.022000,0.086628
50,4,train,37,0.035400,0.086989
50,4,train,38,0.032000,0.112034
50,4,train,39,0.240000,0.155292
50,4,train,40,0.163300,0.092385
50,4,train,41,0.094900,0.087266
50,4,train,42,0.030000,0.088833
50,4,train,43,0.110000,0.086793
50,4,train,44,0.030000,0.153248
50,4,train,45,0.540000,0.120403
50,4,train,46,0.230000,0.182774
50,4,train,47,0.280000,0.176646
50,4,train,48,0.115100,0.155067
50,4,train,49,0.210000,0.087218
50,4,train,50,0.063300,0.179733
50,4,train,51,0.058480,0.089679
50,4,train,52,0.320000,0.119605
50,4,train,53,0.020000,0.186957
50,4,train,54,0.115100,0.155067
50,4,train,55,0.220000,0.090005
50,4,train,56,0.020000,0.176214
50,4,train,57,0.190000,0.088382
50,4,train,58,0.100000,0.106105
50,4,train,59,0.370000,0.187181
50,4,train,60,0.095300,0.088430
50,4,train,61,0.350000,0.184647
50,4,train,62,0.190000,0.087547
50,4,train,63,0.020000,0.086290
50,4,train,64,0.035100,0.087376
50,4,train,65,0.048480,0.089800
50,4,train,66,0.035100,0.087534
50,4,train,67,0.072000,0.126338
50,4,train,68,0.110000,0.086932
50,4,train,69,0.190000,0.087883
50,4,train,70,0.190000,0.195499
50,4,train,71,0.075400,0.096953
50,4,train,72,0.240000,0.116153
50,4,train,73,0.260000,0.144560
50,4,train,74,0.090000,0.086133
50,4,train,75,0.090000,0.172776
50,4,train,76,-0.030000,0.087156
50,4,train,77,0.133000,0.091190
50,4,train,78,-0.350000,0.117701
50,4,train,79,0.174900,0.155674
50,4,train,80,0.290000,0.195428
50,4,train,81,0.160000,0.092385
50,4,train,82,0.030000,0.152607
50,4,train,83,0.137000,0.130409
50,4,train,84,0.180000,0.171996
50,4,train,85,0.820000,0.226512
50,4,train,86,0.093900,0.109100
50,4,train,87,0.094900,0.089613
50,4,train,88,0.024200,0.086264
50,4,train,89,0.020000,0.087545
50,4,train,90,0.020000,0.150717
50,4,train,91,0.144700,0.160876
50,4,train,92,0.151000,0.097259
50,4,train,93,0.050000,0.086616
50,4,train,94,0.100000,0.117083
50,4,train,95,0.403000,0.154088
50,4,train,96,0.035400,0.086989
50,4,train,97,0.130000,0.198524
50,4,train,98,0.150000,0.161478
50,4,train,99,0.260000,0.162410
50,4,train,100,0.180000,0.179671
50,4,train,101,0.018000,0.086412
50,4,train,102,0.135000,0.189559
50,4,train,103,0.160000,0.147869
50,4,train,104,-0.110000,0.104829
50,4,train,105,0.210000,0.196868
50,4,train,106,0.010000,0.104099
50,4,train,107,0.114400,0.155187
50,4,train,108,-0.390000,0.104821
50,4,train,109,0.010000,0.089093
50,4,train,110,0.094600,0.186676
50,4,train,111,0.020000,0.086645
50,4,train,112,0.790000,0.226512
50,4,train,113,0.160000,0.090562
50,4,train,114,0.260000,0.198608
50,4,train,115,0.045300,0.088510
50,4,train,116,0.043800,0.091030
50,4,train,117,0.020000,0.168004
50,4,train,118,0.232000,0.223866
50,4,train,119,0.020000,0.153353
50,4,train,120,0.075400,0.096953
50,4,train,121,0.030000,0.190704
50,4,train,122,0.200000,0.189520
50,4,train,123,0.330000,0.145138
50,4,train,124,0.020000,0.182971
50,4,train,125,0.160000,0.099176
50,4,train,126,0.174900,0.165325
50,4,train,127,0.220000,0.171356
50,4,train,128,0.240000,0.175532
50,4,train,129,0.120000,0.166322
50,5,test,0,0.054300,0.140960
50,5,test,1,0.240000,0.127867
50,5,test,2,0.040000,0.138456
50,5,test,3,0.790000,0.507691
50,5,test,4,0.100000,0.125769
50,5,test,5,0.010000,0.124301
50,5,test,6,0.094600,0.146803
50,5,test,7,-0.350000,0.128795
50,5,test,8,0.240000,0.140419
50,5,test,9,0.093900,0.127077
50,5,test,10,0.185100,0.143577
50,5,test,11,0.190000,0.124301
50,5,test,12,0.024200,0.124301
50,5,test,13,0.032000,0.133048
50,5,test,14,0.280000,0.139605
50,5,test,15,-0.030000,0.124301
50,5,test,16,0.030000,0.135680
50,5,test,17,0.160000,0.136309
50,5,test,18,0.260000,0.131108
50,5,test,19,0.063300,0.141930
50,5,test,20,0.190000,0.125486
50,5,test,21,0.160000,0.131277
50,5,test,22,0.163300,0.126027
50,5,test,23,0.023500,0.126084
50,5,test,24,0.094700,0.143577
50,5,test,25,0.174900,0.137974
50,5,test,26,0.090000,0.126027
50,5,test,27,0.035100,0.124301
50,5,test,28,0.052410,0.144583
50,5,test,29,0.200000,0.126821
50,5,test,30,0.010000,0.152664
50,5,test,31,0.220000,0.140813
50,5,test,32,0.190000,0.146865
50,5,train,0,0.160000,0.129623
50,5,train,1,0.790000,0.570247
50,5,train,2,0.075400,0.127077
50,5,train,3,0.050000,0.124301
50,5,train,4,0.110000,0.124673
50,5,train,5,0.310000,0.146294
50,5,train,6,0.040000,0.156092
50,5,train,7,0.090000,0.125631
50,5,train,8,0.174900,0.140050
50,5,train,9,0.020000,0.124981
50,5,train,10,0.144700,0.139300
50,5,train,11,-0.110000,0.129431
50,5,train,12,0.133000,0.124301
50,5,train,13,0.048480,0.124301
50,5,train,14,0.010000,0.148186
50,5,train,15,0.220000,0.127105
50,5,train,16,0.250000,0.127041
50,5,train,17,0.190000,0.126473
50,5,train,18,0.270000,0.143211
50,5,train,19,0.193500,0.143577
50,5,train,20,0.232000,0.237108
50,5,train,21,0.260000,0.143182
50,5,train,22,0.370000,0.145921
50,5,train,23,0.100000,0.127495
50,5,train,24,0.260000,0.136034
50,5,train,25,0.060000,0.141930
50,5,train,26,0.151000,0.127411
50,5,train,27,0.020000,0.124301
50,5,train,28,0.244400,0.177043
50,5,train,29,0.094900,0.124301
50,5,train,30,0.025000,0.128176
50,5,train,31,0.018000,0.124301
50,5,train,32,0.210000,0.146329
50,5,train,33,0.065340,0.128229
50,5,train,34,0.111520,0.141998
50,5,train,35,0.150000,0.139260
50,5,train,36,0.190000,0.140552
50,5,train,37,0.070000,0.141851
50,5,train,38,0.160000,0.123178
50,5,train,39,0.137000,0.135046
50,5,train,40,0.210000,0.124301
50,5,train,41,0.095300,0.124581
50,5,train,42,0.100000,0.125769
50,5,train,43,0.403000,0.215012
50,5,train,44,0.170000,0.132640
50,5,train,45,0.260000,0.132525
50,5,train,46,0.020000,0.142663
50,5,train,47,0.020000,0.140644
50,5,train,48,0.035400,0.124784
50,5,train,49,0.022000,0.124301
50,5,train,50,0.151000,0.126360
50,5,train,51,0.150000,0.142663
50,5,train,52,0.094900,0.125631
50,5,train,53,0.135000,0.147142
50,5,train,54,0.130000,0.143319
50,5,train,55,0.080000,0.126027
50,5,train,56,0.073410,0.142078
50,5,train,57,0.020000,0.125113
50,5,train,58,0.084600,0.140182
50,5,train,59,0.284200,0.125113
50,5,train,60,0.240000,0.192538
50,5,train,61,0.230000,0.147780
50,5,train,62,0.044200,0.132270
50,5,train,63,0.072000,0.133600
50,5,train,64,0.280000,0.143502
50,5,train,65,0.010000,0.128090
50,5,train,66,0.115100,0.137974
50,5,train,67,0.080000,0.127077
50,5,train,68,0.075400,0.127077
50,5,train,69,0.190000,0.141633
50,5,train,70,0.120000,0.157378
50,5,train,71,0.110000,0.124673
50,5,train,72,0.144700,0.139300
50,5,train,73,0.242000,0.144195
50,5,train,74,0.224400,0.140813
50,5,train,75,0.030000,0.139598
50,5,train,76,0.115100,0.137974
50,5,train,77,0.035100,0.124301
50,5,train,78,0.180000,0.141997
50,5,train,79,0.020000,0.140459
50,5,train,80,0.380000,0.147142
50,5,train,81,0.030000,0.136128
50,5,train,82,0.080000,0.124301
50,5,train,83,0.090000,0.138887
50,5,train,84,0.160000,0.126027
50,5,train,85,0.150000,0.142663
50,5,train,86,0.030000,0.149256
50,5,train,87,0.040000,0.145416
50,5,train,88,0.320000,0.133782
50,5,train,89,0.439000,0.216337
50,5,train,90,-0.390000,0.125556
50,5,train,91,0.180000,0.141384
50,5,train,92,0.000000,0.124301
50,5,train,93,0.144500,0.124673
50,5,train,94,0.035400,0.124784
50,5,train,95,0.020000,0.147621
50,5,train,96,0.045300,0.124301
50,5,train,97,0.540000,0.135444
50,5,train,98,0.280000,0.141084
50,5,train,99,0.058480,0.128539
50,5,train,100,0.360000,0.145921
50,5,train,101,0.050000,0.124301
50,5,train,102,0.010000,0.125521
50,5,train,103,0.820000,0.595387
50,5,train,104,0.020000,0.127478
50,5,train,105,0.330000,0.139595
50,5,train,106,0.200000,0.127105
50,5,train,107,0.200000,0.145109
50,5,train,108,0.240000,0.143036
50,5,train,109,0.273300,0.143211
50,5,train,110,0.090000,0.124301
50,5,train,111,0.020000,0.144603
50,5,train,112,0.290000,0.134845
50,5,train,113,0.270000,0.143918
50,5,train,114,0.130000,0.133320
50,5,train,115,0.114400,0.137939
50,5,train,116,-0.080000,0.138351
50,5,train,117,0.043800,0.126027
50,5,train,118,0.264400,0.145921
50,5,train,119,0.185100,0.143577
50,5,train,120,0.030000,0.134384
50,5,train,121,0.062000,0.138887
50,5,train,122,0.380000,0.144583
50,5,train,123,0.050000,0.124301
50,5,train,124,0.090000,0.139493
50,5,train,125,0.350000,0.144195
50,5,train,126,0.020000,0.137161
50,5,train,127,0.011000,0.125769
50,5,train,128,0.290000,0.139252
50,5,train,129,0.018000,0.124301
50,6,test,0,0.190000,0.127235
50,6,test,1,0.310000,0.220557
50,6,test,2,0.220000,0.128887
50,6,test,3,0.095300,0.062929
50,6,test,4,0.280000,0.156572
50,6,test,5,0.100000,0.095135
50,6,test,6,0.020000,0.105496
50,6,test,7,0.190000,0.133234
50,6,test,8,0.290000,0.267267
50,6,test,9,0.144700,0.146429
50,6,test,10,0.790000,0.402198
50,6,test,11,0.020000,0.190824
50,6,test,12,0.020000,0.107025
50,6,test,13,0.160000,0.129249
50,6,test,14,0.114400,0.120139
50,6,test,15,0.174900,0.140138
50,6,test,16,0.260000,0.242595
50,6,test,17,0.210000,0.140254
50,6,test,18,0.045300,0.038920
50,6,test,19,0.084600,0.119451
50,6,test,20,0.150000,0.222193
50,6,test,21,0.040000,0.121416
50,6,test,22,0.151000,0.085108
50,6,test,23,0.280000,0.241481
50,6,test,24,0.151000,0.093800
50,6,test,25,0.035400,0.110771
50,6,test,26,0.144500,0.078873
50,6,test,27,0.030000,0.124638
50,6,test,28,0.160000,0.150241
50,6,test,29,-0.390000,0.137475
50,6,test,30,0.035100,0.051763
50,6,test,31,0.200000,0.130986
50,6,test,32,0.035400,0.110771
50,6,train,0,0.133000,0.117931
50,6,train,1,0.190000,0.145858
50,6,train,2,0.200000,0.202355
50,6,train,3,0.093900,0.101790
50,6,train,4,0.030000,0.061577
50,6,train,5,0.135000,0.167075
50,6,train,6,0.000000,0.035872
50,6,train,7,0.110000,0.117213
50,6,train,8,0.100000,0.095875
50,6,train,9,0.190000,0.224585
50,6,train,10,0.163300,0.140375
50,6,train,11,0.080000,0.068682
50,6,train,12,0.094900,0.101823
50,6,train,13,0.025000,0.049831
50,6,train,14,0.260000,0.180502
50,6,train,15,0.370000,0.294416
50,6,train,16,0.018000,0.045299
50,6,train,17,0.150000,0.185410
50,6,train,18,0.264400,0.252764
50,6,train,19,0.100000,0.112937
50,6,train,20,0.240000,0.298584
50,6,train,21,0.185100,0.176451
50,6,train,22,0.230000,0.227364
50,6,train,23,0.043800,0.061345
50,6,train,24,0.020000,0.044068
50,6,train,25,0.160000,0.138113
50,6,train,26,0.170000,0.119985
50,6,train,27,0.270000,0.224718
50,6,train,28,0.094700,0.115984
50,6,train,29,0.020000,0.076021
50,6,train,30,0.090000,0.085905
50,6,train,31,0.120000,0.154749
50,6,train,32,0.284200,0.175447
50,6,train,33,0.240000,0.214177
50,6,train,34,0.020000,0.108490
50,6,train,35,0.065340,0.120965
50,6,train,36,0.330000,0.220194
50,6,train,37,0.190000,0.156394
50,6,train,38,0.020000,0.080783
50,6,train,39,0.220000,0.192414
50,6,train,40,0.130000,0.154416
50,6,train,41,0.180000,0.157627
50,6,train,42,0.050000,0.069243
50,6,train,43,0.080000,0.086332
50,6,train,44,0.224400,0.165465
50,6,train,45,0.018000,0.024772
50,6,train,46,0.320000,0.261661
50,6,train,47,0.075400,0.072352
50,6,train,48,0.090000,0.115049
50,6,train,49,0.010000,0.044098
50,6,train,50,0.072000,0.094682
50,6,train,51,0.200000,0.166185
50,6,train,52,-0.080000,0.041668
50,6,train,53,0.020000,0.054870
50,6,train,54,0.190000,0.166703
50,6,train,55,0.011000,0.003233
50,6,train,56,0.080000,0.092847
50,6,train,57,0.040000,0.102814
50,6,train,58,0.280000,0.216653
50,6,train,59,0.150000,0.186338
50,6,train,60,0.240000,0.199717
50,6,train,61,0.094600,0.135279
50,6,train,62,0.044200,0.070282
50,6,train,63,0.022000,0.045423
50,6,train,64,0.062000,0.095058
50,6,train,65,0.260000,0.260667
50,6,train,66,0.380000,0.303615
50,6,train,67,0.094900,0.102671
50,6,train,68,0.242000,0.225551
50,6,train,69,0.010000,0.040211
50,6,train,70,0.180000,0.161733
50,6,train,71,0.048480,0.047713
50,6,train,72,0.380000,0.257889
50,6,train,73,0.290000,0.300350
50,6,train,74,0.023500,0.053388
50,6,train,75,0.024200,0.024357
50,6,train,76,0.073410,0.099080
50,6,train,77,0.050000,0.068211
50,6,train,78,0.273300,0.225193
50,6,train,79,0.137000,0.140286
50,6,train,80,0.111520,0.157280
50,6,train,81,0.075400,0.072352
50,6,train,82,0.032000,0.045016
50,6,train,83,0.090000,0.099762
50,6,train,84,0.020000,0.072593
50,6,train,85,0.030000,0.062251
50,6,train,86,0.020000,0.036199
50,6,train,87,0.010000,0.064029
50,6,train,88,0.115100,0.130686
50,6,train,89,0.403000,0.380742
50,6,train,90,-0.030000,0.012612
50,6,train,91,0.070000,0.116307
50,6,train,92,0.063300,0.076286
50,6,train,93,-0.350000,0.015123
50,6,train,94,0.115100,0.130686
50,6,train,95,0.360000,0.291333
50,6,train,96,0.160000,0.116098
50,6,train,97,0.232000,0.409580
50,6,train,98,0.193500,0.186635
50,6,train,99,0.244400,0.226922
50,6,train,100,0.250000,0.215494
50,6,train,101,0.110000,0.085732
50,6,train,102,0.060000,0.075714
50,6,train,103,-0.110000,0.019974
50,6,train,104,0.210000,0.116275
50,6,train,105,0.439000,0.377985
50,6,train,106,0.040000,0.123753
50,6,train,107,0.820000,0.489379
50,6,train,108,0.260000,0.258988
50,6,train,109,0.130000,0.121197
50,6,train,110,0.090000,0.077137
50,6,train,111,0.270000,0.253239
50,6,train,112,0.030000,0.046802
50,6,train,113,0.058480,0.051384
50,6,train,114,0.790000,0.491487
50,6,train,115,0.350000,0.269154
50,6,train,116,0.540000,0.250035
50,6,train,117,0.010000,0.033237
50,6,train,118,0.054300,0.089752
50,6,train,119,0.144700,0.146429
50,6,train,120,0.174900,0.173445
50,6,train,121,0.240000,0.206427
50,6,train,122,0.052410,0.084361
50,6,train,123,0.160000,0.139789
50,6,train,124,0.185100,0.176451
50,6,train,125,0.050000,0.060173
50,6,train,126,0.035100,0.051504
50,6,train,127,0.030000,0.108237
50,6,train,128,0.090000,0.075751
50,6,train,129,0.010000,0.073269
50,7,test,0,0.144700,0.143330
50,7,test,1,0.130000,0.191000
50,7,test,2,0.095300,0.069163
50,7,test,3,0.030000,0.213611
50,7,test,4,0.290000,0.155011
50,7,test,5,0.075400,0.077564
50,7,test,6,0.150000,0.183570
50,7,test,7,0.020000,0.162211
50,7,test,8,0.094700,0.150015
50,7,test,9,0.280000,0.229553
50,7,test,10,0.073410,0.146056
50,7,test,11,0.200000,0.093980
50,7,test,12,0.380000,0.261530
50,7,test,13,0.190000,0.105177
50,7,test,14,0.020000,0.122700
50,7,test,15,0.072000,0.127587
50,7,test,16,0.080000,0.052312
50,7,test,17,0.018000,0.066469
50,7,test,18,0.220000,0.150451
50,7,test,19,0.240000,0.143399
50,7,test,20,0.020000,0.079296
50,7,test,21,0.084600,0.101919
50,7,test,22,0.160000,0.110144
50,7,test,23,0.790000,0.394875
50,7,test,24,0.060000,0.099423
50,7,test,25,0.090000,0.139865
50,7,test,26,0.135000,0.244649
50,7,test,27,0.210000,0.195075
50,7,test,28,0.230000,0.210597
50,7,test,29,0.115100,0.204908
50,7,test,30,0.115100,0.204908
50,7,test,31,0.790000,0.434075
50,7,test,32,0.110000,0.069830
50,7,train,0,0.244400,0.243204
50,7,train,1,0.260000,0.242471
50,7,train,2,0.035100,0.045100
50,7,train,3,0.160000,0.071248
50,7,train,4,0.022000,0.039962
50,7,train,5,0.160000,0.145142
50,7,train,6,0.100000,0.091308
50,7,train,7,0.032000,0.058625
50,7,train,8,0.063300,0.099423
50,7,train,9,0.190000,0.161689
50,7,train,10,-0.110000,0.012932
50,7,train,11,0.010000,0.079407
50,7,train,12,0.137000,0.134355
50,7,train,13,0.018000,0.037633
50,7,train,14,0.054300,0.084206
50,7,train,15,-0.080000,0.026281
50,7,train,16,-0.030000,0.022574
50,7,train,17,0.273300,0.253341
50,7,train,18,0.048480,0.056451
50,7,train,19,0.200000,0.188490
50,7,train,20,0.094900,0.088512
50,7,train,21,0.190000,0.195037
50,7,train,22,0.100000,0.108304
50,7,train,23,-0.350000,-0.110506
50,7,train,24,0.080000,0.086068
50,7,train,25,0.439000,0.391371
50,7,train,26,-0.390000,-0.084664
50,7,train,27,0.011000,0.004326
50,7,train,28,0.185100,0.179943
50,7,train,29,0.020000,0.079372
50,7,train,30,0.260000,0.189744
50,7,train,31,0.350000,0.303586
50,7,train,32,0.035400,0.048070
50,7,train,33,0.130000,0.124679
50,7,train,34,0.224400,0.173805
50,7,train,35,0.180000,0.153410
50,7,train,36,0.163300,0.147276
50,7,train,37,0.075400,0.077564
50,7,train,38,0.040000,0.076048
50,7,train,39,0.190000,0.173852
50,7,train,40,0.030000,0.046418
50,7,train,41,0.193500,0.195264
50,7,train,42,0.090000,0.079142
50,7,train,43,0.024200,0.035349
50,7,train,44,0.030000,0.014965
50,7,train,45,0.020000,0.069279
50,7,train,46,0.090000,0.079326
50,7,train,47,0.190000,0.157696
50,7,train,48,0.065340,0.131235
50,7,train,49,0.080000,0.085842
50,7,train,50,0.180000,0.177741
50,7,train,51,0.094900,0.091577
50,7,train,52,0.280000,0.224326
50,7,train,53,0.090000,0.078775
50,7,train,54,0.190000,0.212029
50,7,train,55,0.044200,0.085874
50,7,train,56,0.330000,0.236278
50,7,train,57,0.025000,0.042706
50,7,train,58,0.030000,0.061045
50,7,train,59,0.150000,0.167271
50,7,train,60,0.000000,0.023702
50,7,train,61,0.160000,0.100548
50,7,train,62,0.820000,0.438204
50,7,train,63,0.280000,0.238409
50,7,train,64,0.058480,0.055617
50,7,train,65,0.151000,0.134625
50,7,train,66,0.240000,0.219996
50,7,train,67,0.020000,0.061689
50,7,train,68,0.260000,0.238456
50,7,train,69,0.232000,0.358078
50,7,train,70,0.114400,0.111733
50,7,train,71,0.242000,0.247330
50,7,train,72,0.040000,0.107915
50,7,train,73,0.150000,0.186710
50,7,train,74,0.264400,0.257725
50,7,train,75,0.062000,0.097340
50,7,train,76,0.240000,0.268201
50,7,train,77,0.035100,0.045591
50,7,train,78,0.050000,0.060029
50,7,train,79,0.110000,0.099602
50,7,train,80,0.120000,0.138890
50,7,train,81,0.320000,0.261182
50,7,train,82,0.094600,0.116710
50,7,train,83,0.100000,0.091931
50,7,train,84,0.160000,0.158948
50,7,train,85,0.270000,0.256826
50,7,train,86,0.380000,0.279754
50,7,train,87,0.270000,0.251978
50,7,train,88,0.170000,0.138071
50,7,train,89,0.111520,0.155869
50,7,train,90,0.050000,0.072462
50,7,train,91,0.020000,0.030067
50,7,train,92,0.040000,0.122339
50,7,train,93,0.260000,0.192725
50,7,train,94,0.250000,0.132968
50,7,train,95,0.403000,0.348090
50,7,train,96,0.151000,0.130212
50,7,train,97,0.290000,0.255931
50,7,train,98,0.240000,0.217909
50,7,train,99,0.035400,0.048070
50,7,train,100,0.090000,0.107460
50,7,train,101,0.174900,0.163151
50,7,train,102,0.220000,0.192453
50,7,train,103,0.045300,0.064534
50,7,train,104,0.020000,0.100720
50,7,train,105,0.284200,0.209961
50,7,train,106,0.050000,0.074728
50,7,train,107,0.010000,0.029389
50,7,train,108,0.070000,0.127288
50,7,train,109,0.043800,0.059895
50,7,train,110,0.144500,0.124925
50,7,train,111,0.310000,0.286385
50,7,train,112,0.020000,0.084014
50,7,train,113,0.174900,0.171772
50,7,train,114,0.020000,0.115020
50,7,train,115,0.010000,0.099686
50,7,train,116,0.210000,0.134187
50,7,train,117,0.540000,0.297141
50,7,train,118,0.010000,0.042345
50,7,train,119,0.023500,0.045145
50,7,train,120,0.010000,0.040194
50,7,train,121,0.144700,0.143330
50,7,train,122,0.370000,0.309079
50,7,train,123,0.093900,0.091593
50,7,train,124,0.133000,0.112088
50,7,train,125,0.185100,0.179943
50,7,train,126,0.200000,0.197086
50,7,train,127,0.360000,0.287354
50,7,train,128,0.030000,0.037789
50,7,train,129,0.052410,0.106400
50,8,test,0,0.018000,0.073532
50,8,test,1,-0.030000,0.061396
50,8,test,2,0.439000,0.207594
50,8,test,3,0.264400,0.202755
50,8,test,4,0.100000,0.107396
50,8,test,5,0.114400,0.146795
50,8,test,6,0.100000,0.094694
50,8,test,7,0.160000,0.031716
50,8,test,8,0.160000,0.130599
50,8,test,9,0.043800,0.091241
50,8,test,10,0.200000,0.178169
50,8,test,11,0.240000,0.209770
50,8,test,12,0.220000,0.171893
50,8,test,13,0.054300,0.129529
50,8,test,14,0.180000,0.104045
50,8,test,15,0.075400,0.082262
50,8,test,16,0.380000,0.214245
50,8,test,17,0.052410,0.135324
50,8,test,18,0.070000,0.185768
50,8,test,19,0.144700,0.146330
50,8,test,20,0.030000,0.098944
50,8,test,21,0.093900,0.087794
50,8,test,22,0.020000,0.079478
50,8,test,23,0.290000,0.204747
50,8,test,24,0.210000,0.139217
50,8,test,25,0.160000,0.117370
50,8,test,26,-0.390000,0.142288
50,8,test,27,0.150000,0.193516
50,8,test,28,0.030000,0.068422
50,8,test,29,0.110000,0.078319
50,8,test,30,0.240000,0.158801
50,8,test,31,0.010000,0.123734
50,8,test,32,0.820000,0.574466
50,8,train,0,0.094900,0.102551
50,8,train,1,0.150000,0.191130
50,8,train,2,0.020000,0.103513
50,8,train,3,0.018000,0.036026
50,8,train,4,0.224400,0.180894
50,8,train,5,0.010000,0.037452
50,8,train,6,0.290000,0.271491
50,8,train,7,0.232000,0.244579
50,8,train,8,0.090000,0.072497
50,8,train,9,0.137000,0.133486
50,8,train,10,0.020000,0.075882
50,8,train,11,0.284200,0.211348
50,8,train,12,0.350000,0.294769
50,8,train,13,0.030000,0.057575
50,8,train,14,0.094900,0.095236
50,8,train,15,0.174900,0.172477
50,8,train,16,0.360000,0.272706
50,8,train,17,0.090000,0.116614
50,8,train,18,0.242000,0.229056
50,8,train,19,0.050000,0.066739
50,8,train,20,0.240000,0.228584
50,8,train,21,0.273300,0.227452
50,8,train,22,0.115100,0.129863
50,8,train,23,0.111520,0.150488
50,8,train,24,0.040000,0.081028
50,8,train,25,-0.080000,0.016937
50,8,train,26,0.193500,0.177976
50,8,train,27,0.320000,0.240142
50,8,train,28,0.403000,0.300570
50,8,train,29,0.063300,0.081374
50,8,train,30,0.330000,0.217790
50,8,train,31,0.090000,0.082333
50,8,train,32,0.210000,0.133506
50,8,train,33,0.020000,0.089614
50,8,train,34,0.133000,0.117856
50,8,train,35,0.185100,0.174647
50,8,train,36,0.280000,0.268962
50,8,train,37,0.090000,0.131763
50,8,train,38,0.032000,0.070038
50,8,train,39,0.022000,0.049170
50,8,train,40,0.200000,0.183330
50,8,train,41,0.190000,0.176633
50,8,train,42,0.260000,0.233461
50,8,train,43,0.073410,0.106742
50,8,train,44,0.200000,0.167842
50,8,train,45,0.035100,0.039160
50,8,train,46,0.020000,0.069102
50,8,train,47,0.115100,0.129863
50,8,train,48,0.190000,0.199728
50,8,train,49,0.174900,0.175427
50,8,train,50,0.040000,0.055812
50,8,train,51,0.010000,0.048653
50,8,train,52,0.144500,0.133647
50,8,train,53,0.023500,0.064838
50,8,train,54,0.790000,0.606676
50,8,train,55,0.010000,0.049496
50,8,train,56,0.020000,0.064616
50,8,train,57,0.135000,0.160797
50,8,train,58,0.310000,0.276765
50,8,train,59,0.094700,0.100543
50,8,train,60,0.163300,0.130599
50,8,train,61,0.120000,0.175957
50,8,train,62,0.190000,0.176967
50,8,train,63,0.250000,0.173216
50,8,train,64,0.075400,0.082262
50,8,train,65,0.020000,0.092821
50,8,train,66,0.095300,0.092980
50,8,train,67,0.540000,0.334380
50,8,train,68,0.790000,0.595794
50,8,train,69,0.180000,0.168471
50,8,train,70,0.144700,0.146330
50,8,train,71,0.048480,0.059975
50,8,train,72,0.260000,0.246257
50,8,train,73,0.160000,0.162260
50,8,train,74,0.045300,0.057199
50,8,train,75,0.280000,0.239904
50,8,train,76,-0.350000,-0.143702
50,8,train,77,0.380000,0.278284
50,8,train,78,0.170000,0.119219
50,8,train,79,0.020000,0.027143
50,8,train,80,0.044200,0.089660
50,8,train,81,0.035400,0.051137
50,8,train,82,0.244400,0.257728
50,8,train,83,0.260000,0.241298
50,8,train,84,0.370000,0.284603
50,8,train,85,0.094600,0.111714
50,8,train,86,0.084600,0.094395
50,8,train,87,0.065340,0.122041
50,8,train,88,0.058480,0.056255
50,8,train,89,0.130000,0.122110
50,8,train,90,0.060000,0.081374
50,8,train,91,0.160000,0.174921
50,8,train,92,0.035100,0.040497
50,8,train,93,0.185100,0.174647
50,8,train,94,0.090000,0.091019
50,8,train,95,0.080000,0.083366
50,8,train,96,0.151000,0.137320
50,8,train,97,0.270000,0.262626
50,8,train,98,0.240000,0.232140
50,8,train,99,0.072000,0.095595
50,8,train,100,-0.110000,-0.023822
50,8,train,101,0.050000,0.063167
50,8,train,102,0.011000,0.056659
50,8,train,103,0.260000,0.209226
50,8,train,104,0.190000,0.154060
50,8,train,105,0.190000,0.155223
50,8,train,106,0.280000,0.212592
50,8,train,107,0.025000,0.055646
50,8,train,108,0.230000,0.220130
50,8,train,109,0.080000,0.084251
50,8,train,110,0.000000,0.032371
50,8,train,111,0.020000,0.051688
50,8,train,112,0.130000,0.159244
50,8,train,113,0.151000,0.133018
50,8,train,114,0.062000,0.091588
50,8,train,115,0.270000,0.227452
50,8,train,116,0.020000,0.064793
50,8,train,117,0.080000,0.081227
50,8,train,118,0.040000,0.077983
50,8,train,119,0.150000,0.170385
50,8,train,120,0.190000,0.144427
50,8,train,121,0.110000,0.108113
50,8,train,122,0.030000,0.096542
50,8,train,123,0.024200,0.037316
50,8,train,124,0.220000,0.192761
50,8,train,125,0.035400,0.051137
50,8,train,126,0.010000,0.052047
50,8,train,127,0.030000,0.040004
50,8,train,128,0.050000,0.076457
50,8,train,129,0.100000,0.098441
50,9,test,0,0.163300,0.115425
50,9,test,1,0.190000,0.126992
50,9,test,2,0.032000,0.104727
50,9,test,3,0.072000,0.106955
50,9,test,4,0.025000,0.071298
50,9,test,5,0.080000,0.051793
50,9,test,6,0.240000,0.191736
50,9,test,7,0.080000,0.068517
50,9,test,8,0.095300,0.067992
50,9,test,9,0.190000,0.095338
50,9,test,10,0.120000,0.229641
50,9,test,11,0.043800,0.074659
50,9,test,12,0.010000,0.128638
50,9,test,13,0.174900,0.149259
50,9,test,14,0.094900,0.073731
50,9,test,15,0.100000,-0.024264
50,9,test,16,0.100000,-0.022590
50,9,test,17,0.151000,0.095520
50,9,test,18,0.020000,0.094011
50,9,test,19,0.264400,0.206736
50,9,test,20,0.244400,0.232240
50,9,test,21,0.020000,0.172691
50,9,test,22,0.190000,0.198708
50,9,test,23,0.180000,0.090419
50,9,test,24,0.090000,0.046548
50,9,test,25,0.280000,0.075582
50,9,test,26,0.193500,0.162394
50,9,test,27,0.054300,0.119755
50,9,test,28,0.190000,0.078770
50,9,test,29,0.058480,0.077840
50,9,test,30,0.144700,0.155663
50,9,test,31,0.050000,0.098108
50,9,test,32,0.280000,0.129117
50,9,train,0,0.052410,0.084813
50,9,train,1,0.094600,0.082271
50,9,train,2,0.035400,0.039019
50,9,train,3,0.190000,0.163269
50,9,train,4,0.010000,0.088213
50,9,train,5,0.790000,0.662302
50,9,train,6,0.350000,0.284188
50,9,train,7,0.540000,0.388751
50,9,train,8,0.065340,0.115306
50,9,train,9,0.070000,0.097140
50,9,train,10,0.010000,0.041700
50,9,train,11,-0.030000,0.012281
50,9,train,12,0.035400,0.039019
50,9,train,13,0.093900,0.100337
50,9,train,14,0.115100,0.122512
50,9,train,15,0.050000,0.059217
50,9,train,16,0.030000,0.023042
50,9,train,17,0.111520,0.142945
50,9,train,18,0.044200,0.061612
50,9,train,19,0.040000,0.087971
50,9,train,20,0.084600,0.087402
50,9,train,21,0.020000,0.095698
50,9,train,22,0.115100,0.122512
50,9,train,23,0.380000,0.290703
50,9,train,24,0.100000,0.114600
50,9,train,25,0.290000,0.274668
50,9,train,26,0.045300,0.059439
50,9,train,27,0.320000,0.241855
50,9,train,28,0.290000,0.257153
50,9,train,29,0.035100,0.041760
50,9,train,30,0.310000,0.258213
50,9,train,31,0.185100,0.183306
50,9,train,32,0.380000,0.324348
50,9,train,33,0.130000,0.124462
50,9,train,34,0.011000,0.058527
50,9,train,35,0.020000,0.025840
50,9,train,36,0.022000,0.030170
50,9,train,37,0.110000,0.093206
50,9,train,38,0.075400,0.080559
50,9,train,39,0.020000,0.079968
50,9,train,40,0.260000,0.246036
50,9,train,41,0.020000,0.088821
50,9,train,42,0.090000,0.099526
50,9,train,43,0.094900,0.104432
50,9,train,44,0.232000,0.283780
50,9,train,45,0.150000,0.179742
50,9,train,46,0.242000,0.218631
50,9,train,47,0.260000,0.224706
50,9,train,48,0.150000,0.159814
50,9,train,49,0.048480,0.056206
50,9,train,50,0.075400,0.080559
50,9,train,51,0.135000,0.171491
50,9,train,52,0.010000,0.040921
50,9,train,53,0.200000,0.200431
50,9,train,54,0.174900,0.168170
50,9,train,55,0.080000,0.079796
50,9,train,56,0.210000,0.150232
50,9,train,57,0.110000,0.102214
50,9,train,58,0.020000,0.045184
50,9,train,59,0.030000,0.016355
50,9,train,60,0.151000,0.121589
50,9,train,61,0.024200,0.033235
50,9,train,62,0.790000,0.709353
50,9,train,63,0.050000,0.071968
50,9,train,64,0.023500,0.049555
50,9,train,65,0.273300,0.251351
50,9,train,66,0.018000,0.032151
50,9,train,67,0.270000,0.250031
50,9,train,68,0.130000,0.143564
50,9,train,69,0.160000,0.133992
50,9,train,70,0.224400,0.178270
50,9,train,71,-0.110000,0.011582
50,9,train,72,0.230000,0.203480
50,9,train,73,0.094700,0.100797
50,9,train,74,0.090000,0.082342
50,9,train,75,0.260000,0.210468
50,9,train,76,0.144700,0.155663
50,9,train,77,0.040000,0.076035
50,9,train,78,0.360000,0.287714
50,9,train,79,0.030000,0.100980
50,9,train,80,0.284200,0.206400
50,9,train,81,0.240000,0.210880
50,9,train,82,0.170000,0.115629
50,9,train,83,0.370000,0.311499
50,9,train,84,0.439000,0.348119
50,9,train,85,0.030000,0.073677
50,9,train,86,0.114400,0.122381
50,9,train,87,0.133000,0.110380
50,9,train,88,0.073410,0.102650
50,9,train,89,0.280000,0.264278
50,9,train,90,0.200000,0.196144
50,9,train,91,0.030000,0.077201
50,9,train,92,0.820000,0.723412
50,9,train,93,0.190000,0.223201
50,9,train,94,0.062000,0.109377
50,9,train,95,0.040000,0.047000
50,9,train,96,0.403000,0.329626
50,9,train,97,0.160000,0.082660
50,9,train,98,0.018000,0.032813
50,9,train,99,0.220000,0.212386
50,9,train,100,0.180000,0.186596
50,9,train,101,0.090000,0.107772
50,9,train,102,0.060000,0.066984
50,9,train,103,0.330000,0.248551
50,9,train,104,0.220000,0.183335
50,9,train,105,0.210000,0.204533
50,9,train,106,0.160000,0.142489
50,9,train,107,0.020000,0.048820
50,9,train,108,-0.350000,-0.255676
50,9,train,109,0.144500,0.125514
50,9,train,110,0.240000,0.228214
50,9,train,111,0.240000,0.203938
50,9,train,112,0.000000,0.020447
50,9,train,113,0.090000,0.075448
50,9,train,114,0.200000,0.170713
50,9,train,115,0.250000,0.152941
50,9,train,116,0.160000,0.115425
50,9,train,117,0.160000,0.152984
50,9,train,118,0.035100,0.040351
50,9,train,119,-0.390000,-0.255472
50,9,train,120,0.063300,0.068304
50,9,train,121,0.020000,0.057552
50,9,train,122,0.137000,0.116373
50,9,train,123,-0.080000,0.008246
50,9,train,124,0.270000,0.247482
50,9,train,125,0.150000,0.167991
50,9,train,126,0.010000,0.037521
50,9,train,127,0.020000,0.030375
50,9,train,128,0.185100,0.183306
50,9,train,129,0.260000,0.240024
50,10,test,0,0.111520,0.178723
50,10,test,1,0.020000,0.129985
50,10,test,2,0.044200,0.159314
50,10,test,3,0.073410,0.158353
50,10,test,4,0.035100,0.055026
50,10,test,5,0.110000,0.100766
50,10,test,6,0.790000,0.253320
50,10,test,7,0.020000,0.118060
50,10,test,8,0.330000,0.086887
50,10,test,9,0.090000,0.057074
50,10,test,10,0.070000,0.191720
50,10,test,11,0.060000,0.094228
50,10,test,12,0.163300,0.133490
50,10,test,13,0.065340,0.203719
50,10,test,14,0.045300,0.064038
50,10,test,15,0.032000,0.081982
50,10,test,16,0.200000,0.225891
50,10,test,17,0.240000,0.220583
50,10,test,18,0.030000,0.082473
50,10,test,19,0.130000,0.209906
50,10,test,20,0.144500,0.098221
50,10,test,21,0.018000,0.061265
50,10,test,22,0.160000,0.168815
50,10,test,23,0.220000,0.098459
50,10,test,24,0.094600,0.149553
50,10,test,25,0.193500,0.183256
50,10,test,26,0.035400,0.067873
50,10,test,27,0.010000,0.100079
50,10,test,28,0.020000,0.116000
50,10,test,29,-0.390000,0.152640
50,10,test,30,0.820000,0.427881
50,10,test,31,-0.030000,0.056893
50,10,test,32,0.210000,0.064128
50,10,train,0,0.210000,0.215244
50,10,train,1,0.540000,0.399996
50,10,train,2,0.280000,0.229511
50,10,train,3,0.020000,0.046942
50,10,train,4,0.230000,0.210219
50,10,train,5,0.020000,0.066475
50,10,train,6,0.150000,0.147950
50,10,train,7,0.370000,0.328919
50,10,train,8,0.790000,0.482893
50,10,train,9,0.260000,0.244376
50,10,train,10,0.190000,0.149865
50,10,train,11,0.050000,0.056795
50,10,train,12,0.160000,0.154837
50,10,train,13,0.030000,0.050024
50,10,train,14,0.075400,0.083456
50,10,train,15,0.054300,0.073088
50,10,train,16,0.151000,0.141302
50,10,train,17,-0.110000,0.000279
50,10,train,18,0.273300,0.244827
50,10,train,19,0.010000,0.057659
50,10,train,20,0.135000,0.181191
50,10,train,21,0.270000,0.243666
50,10,train,22,0.115100,0.124938
50,10,train,23,0.024200,0.038902
50,10,train,24,0.011000,0.050471
50,10,train,25,0.052410,0.083573
50,10,train,26,0.190000,0.155819
50,10,train,27,0.094900,0.096485
50,10,train,28,0.040000,0.072550
50,10,train,29,0.160000,0.156221
50,10,train,30,0.174900,0.161301
50,10,train,31,0.190000,0.162744
50,10,train,32,0.080000,0.088247
50,10,train,33,0.380000,0.313187
50,10,train,34,0.224400,0.162198
50,10,train,35,0.180000,0.144881
50,10,train,36,0.062000,0.086159
50,10,train,37,0.090000,0.115448
50,10,train,38,0.190000,0.184421
50,10,train,39,0.095300,0.086352
50,10,train,40,0.180000,0.188277
50,10,train,41,0.360000,0.290598
50,10,train,42,0.084600,0.092634
50,10,train,43,0.050000,0.053021
50,10,train,44,0.050000,0.082409
50,10,train,45,0.023500,0.074535
50,10,train,46,0.035100,0.055076
50,10,train,47,0.240000,0.221372
50,10,train,48,0.133000,0.111293
50,10,train,49,0.090000,0.088220
50,10,train,50,0.030000,0.099834
50,10,train,51,0.439000,0.358827
50,10,train,52,0.110000,0.099364
50,10,train,53,0.310000,0.282391
50,10,train,54,0.115100,0.124938
50,10,train,55,0.290000,0.280000
50,10,train,56,0.250000,0.218285
50,10,train,57,0.260000,0.256481
50,10,train,58,0.284200,0.220150
50,10,train,59,0.018000,0.036641
50,10,train,60,0.160000,0.130273
50,10,train,61,0.035400,0.067873
50,10,train,62,0.020000,0.062239
50,10,train,63,0.030000,0.061521
50,10,train,64,0.220000,0.198689
50,10,train,65,0.200000,0.200239
50,10,train,66,0.043800,0.065878
50,10,train,67,0.010000,0.026690
50,10,train,68,0.100000,0.079212
50,10,train,69,0.100000,0.077398
50,10,train,70,0.072000,0.098901
50,10,train,71,0.290000,0.275741
50,10,train,72,0.174900,0.176290
50,10,train,73,0.380000,0.304141
50,10,train,74,0.094700,0.118017
50,10,train,75,0.100000,0.110270
50,10,train,76,-0.350000,-0.137067
50,10,train,77,0.280000,0.262222
50,10,train,78,0.260000,0.216407
50,10,train,79,0.185100,0.158396
50,10,train,80,0.010000,0.018954
50,10,train,81,0.020000,0.084708
50,10,train,82,0.020000,0.043659
50,10,train,83,0.022000,0.037496
50,10,train,84,0.040000,0.086820
50,10,train,85,0.244400,0.221913
50,10,train,86,0.090000,0.116241
50,10,train,87,0.200000,0.172500
50,10,train,88,0.075400,0.083456
50,10,train,89,0.093900,0.105777
50,10,train,90,0.137000,0.141012
50,10,train,91,0.010000,0.066135
50,10,train,92,0.151000,0.132238
50,10,train,93,0.000000,0.032574
50,10,train,94,0.264400,0.235802
50,10,train,95,0.048480,0.052386
50,10,train,96,0.232000,0.227269
50,10,train,97,0.058480,0.051625
50,10,train,98,-0.080000,0.032784
50,10,train,99,0.144700,0.143227
50,10,train,100,0.114400,0.113419
50,10,train,101,0.130000,0.133325
50,10,train,102,0.185100,0.158396
50,10,train,103,0.260000,0.273504
50,10,train,104,0.080000,0.088843
50,10,train,105,0.144700,0.143227
50,10,train,106,0.025000,0.055708
50,10,train,107,0.150000,0.183796
50,10,train,108,0.242000,0.241685
50,10,train,109,0.160000,0.133490
50,10,train,110,0.120000,0.158743
50,10,train,111,0.080000,0.079573
50,10,train,112,0.094900,0.086050
50,10,train,113,0.190000,0.184152
50,10,train,114,0.240000,0.236339
50,10,train,115,0.320000,0.248265
50,10,train,116,0.190000,0.228393
50,10,train,117,0.150000,0.178945
50,10,train,118,0.063300,0.094228
50,10,train,119,0.020000,0.074413
50,10,train,120,0.020000,0.055054
50,10,train,121,0.350000,0.290044
50,10,train,122,0.403000,0.312437
50,10,train,123,0.040000,0.087067
50,10,train,124,0.240000,0.231111
50,10,train,125,0.030000,0.047266
50,10,train,126,0.170000,0.139340
50,10,train,127,0.090000,0.087363
50,10,train,128,0.270000,0.258233
50,10,train,129,0.280000,0.223540
100,1,test,0,0.043800,0.093958
100,1,test,1,0.044200,0.150044
100,1,test,2,0.075400,0.089168
100,1,test,3,0.115100,0.141170
100,1,test,4,0.020000,0.168903
100,1,test,5,0.090000,0.147284
100,1,test,6,-0.390000,0.135600
100,1,test,7,0.111520,0.220519
100,1,test,8,0.110000,0.108681
100,1,test,9,0.080000,0.089734
100,1,test,10,0.439000,0.212997
100,1,test,11,0.320000,0.169947
100,1,test,12,0.185100,0.180419
100,1,test,13,0.144500,0.106727
100,1,test,14,0.150000,0.213859
100,1,test,15,0.174900,0.187667
100,1,test,16,0.040000,0.115497
100,1,test,17,0.030000,0.090219
100,1,test,18,0.062000,0.124172
100,1,test,19,0.010000,0.119351
100,1,test,20,0.200000,0.188780
100,1,test,21,0.224400,0.143767
100,1,test,22,0.163300,0.132493
100,1,test,23,0.250000,0.173682
100,1,test,24,0.040000,0.148704
100,1,test,25,0.190000,0.142749
100,1,test,26,0.200000,0.078425
100,1,test,27,0.050000,0.075192
100,1,test,28,0.151000,0.123747
100,1,test,29,0.190000,0.230429
100,1,test,30,0.058480,0.103560
100,1,test,31,0.190000,0.126863
100,1,test,32,0.063300,0.097724
100,1,train,0,0.100000,0.091768
100,1,train,1,0.150000,0.183018
100,1,train,2,0.023500,0.057371
100,1,train,3,0.403000,0.295725
100,1,train,4,0.190000,0.162791
100,1,train,5,0.115100,0.141170
100,1,train,6,0.380000,0.326730
100,1,train,7,0.110000,0.103189
100,1,train,8,0.242000,0.236640
100,1,train,9,0.020000,0.040708
100,1,train,10,0.020000,0.059072
100,1,train,11,0.050000,0.066610
100,1,train,12,-0.110000,-0.012489
100,1,train,13,0.010000,0.047818
100,1,train,14,0.090000,0.093566
100,1,train,15,0.330000,0.257376
100,1,train,16,0.018000,0.073406
100,1,train,17,0.244400,0.255866
100,1,train,18,0.010000,0.042442
100,1,train,19,0.200000,0.172493
100,1,train,20,-0.350000,-0.129877
100,1,train,21,0.100000,0.102851
100,1,train,22,0.260000,0.237781
100,1,train,23,0.144700,0.142467
100,1,train,24,0.080000,0.075184
100,1,train,25,0.151000,0.131515
100,1,train,26,0.000000,0.025809
100,1,train,27,0.024200,0.054955
100,1,train,28,0.035400,0.040989
100,1,train,29,0.220000,0.155468
100,1,train,30,0.084600,0.109174
100,1,train,31,0.070000,0.107360
100,1,train,32,0.048480,0.058822
100,1,train,33,0.090000,0.122315
100,1,train,34,0.360000,0.298017
100,1,train,35,0.290000,0.253151
100,1,train,36,0.220000,0.177814
100,1,train,37,0.270000,0.258282
100,1,train,38,0.280000,0.255184
100,1,train,39,0.260000,0.232282
100,1,train,40,0.790000,0.693973
100,1,train,41,0.310000,0.278003
100,1,train,42,0.020000,0.062888
100,1,train,43,0.120000,0.181959
100,1,train,44,0.144700,0.142467
100,1,train,45,-0.080000,0.029214
100,1,train,46,0.020000,0.077965
100,1,train,47,0.094900,0.090822
100,1,train,48,0.035100,0.049197
100,1,train,49,0.094700,0.119369
100,1,train,50,0.160000,0.132493
100,1,train,51,0.040000,0.081297
100,1,train,52,0.180000,0.161591
100,1,train,53,0.230000,0.193704
100,1,train,54,0.010000,0.052423
100,1,train,55,0.090000,0.077905
100,1,train,56,0.020000,0.038719
100,1,train,57,0.284200,0.218511
100,1,train,58,0.135000,0.162544
100,1,train,59,0.820000,0.753763
100,1,train,60,0.045300,0.060468
100,1,train,61,0.035400,0.040989
100,1,train,62,0.240000,0.204458
100,1,train,63,0.020000,0.054005
100,1,train,64,0.264400,0.244453
100,1,train,65,0.093900,0.107290
100,1,train,66,0.030000,0.066866
100,1,train,67,0.280000,0.247286
100,1,train,68,0.018000,0.039651
100,1,train,69,0.080000,0.072625
100,1,train,70,0.280000,0.261160
100,1,train,71,0.050000,0.056107
100,1,train,72,0.174900,0.160392
100,1,train,73,0.130000,0.133595
100,1,train,74,0.190000,0.172689
100,1,train,75,0.790000,0.683015
100,1,train,76,0.170000,0.145363
100,1,train,77,0.090000,0.101692
100,1,train,78,0.075400,0.089168
100,1,train,79,0.273300,0.252048
100,1,train,80,0.030000,0.096393
100,1,train,81,0.185100,0.180419
100,1,train,82,0.160000,0.161360
100,1,train,83,0.054300,0.080915
100,1,train,84,0.094900,0.102148
100,1,train,85,0.193500,0.188462
100,1,train,86,0.030000,0.061623
100,1,train,87,0.073410,0.099299
100,1,train,88,0.022000,0.043446
100,1,train,89,0.210000,0.159421
100,1,train,90,0.010000,0.065512
100,1,train,91,0.210000,0.180269
100,1,train,92,0.094600,0.112356
100,1,train,93,-0.030000,0.023662
100,1,train,94,0.180000,0.166126
100,1,train,95,0.032000,0.051225
100,1,train,96,0.114400,0.124648
100,1,train,97,0.290000,0.232541
100,1,train,98,0.150000,0.183505
100,1,train,99,0.350000,0.311877
100,1,train,100,0.190000,0.194390
100,1,train,101,0.160000,0.157532
100,1,train,102,0.240000,0.238611
100,1,train,103,0.232000,0.265934
100,1,train,104,0.137000,0.135525
100,1,train,105,0.270000,0.250918
100,1,train,106,0.060000,0.097724
100,1,train,107,0.380000,0.292418
100,1,train,108,0.160000,0.147225
100,1,train,109,0.072000,0.099011
100,1,train,110,0.130000,0.123168
100,1,train,111,0.100000,0.091699
100,1,train,112,0.540000,0.393663
100,1,train,113,0.160000,0.139281
100,1,train,114,0.133000,0.125421
100,1,train,115,0.240000,0.209604
100,1,train,116,0.025000,0.051115
100,1,train,117,0.260000,0.237134
100,1,train,118,0.065340,0.096910
100,1,train,119,0.052410,0.077494
100,1,train,120,0.020000,0.056692
100,1,train,121,0.260000,0.199965
100,1,train,122,0.240000,0.230893
100,1,train,123,0.011000,0.044218
100,1,train,124,0.035100,0.048270
100,1,train,125,0.030000,0.051644
100,1,train,126,0.020000,0.094881
100,1,train,127,0.370000,0.331060
100,1,train,128,0.020000,0.092224
100,1,train,129,0.095300,0.096705
100,2,test,0,0.310000,0.223193
100,2,test,1,0.260000,0.108338
100,2,test,2,0.072000,0.123776
100,2,test,3,0.270000,0.242389
100,2,test,4,0.180000,0.135332
100,2,test,5,0.210000,0.064870
100,2,test,6,0.052410,0.173808
100,2,test,7,0.080000,0.074878
100,2,test,8,0.032000,0.123706
100,2,test,9,0.280000,0.183487
100,2,test,10,0.093900,0.110786
100,2,test,11,0.240000,0.178340
100,2,test,12,0.100000,0.120172
100,2,test,13,0.150000,0.122048
100,2,test,14,0.090000,0.093988
100,2,test,15,0.273300,0.226194
100,2,test,16,0.110000,0.130101
100,2,test,17,0.011000,0.155480
100,2,test,18,0.200000,0.138770
100,2,test,19,0.111520,0.194258
100,2,test,20,-0.080000,0.171009
100,2,test,21,0.073410,0.149854
100,2,test,22,0.043800,0.082356
100,2,test,23,0.010000,0.126846
100,2,test,24,-0.350000,0.195617
100,2,test,25,0.260000,0.175816
100,2,test,26,0.084600,0.072904
100,2,test,27,0.224400,0.142940
100,2,test,28,0.010000,0.124902
100,2,test,29,0.035100,0.062650
100,2,test,30,0.174900,0.129358
100,2,test,31,0.018000,0.111662
100,2,test,32,0.020000,0.184051
100,2,train,0,0.115100,0.120824
100,2,train,1,0.320000,0.260198
100,2,train,2,0.023500,0.059339
100,2,train,3,0.790000,0.697714
100,2,train,4,-0.110000,-0.004855
100,2,train,5,0.080000,0.088940
100,2,train,6,0.024200,0.043247
100,2,train,7,0.190000,0.175233
100,2,train,8,0.170000,0.148246
100,2,train,9,0.133000,0.123813
100,2,train,10,0.040000,0.081502
100,2,train,11,0.020000,0.073317
100,2,train,12,0.010000,0.071952
100,2,train,13,0.144700,0.140574
100,2,train,14,0.040000,0.108826
100,2,train,15,0.030000,0.079595
100,2,train,16,0.820000,0.756567
100,2,train,17,0.090000,0.097932
100,2,train,18,0.010000,0.035406
100,2,train,19,0.244400,0.232737
100,2,train,20,0.190000,0.164811
100,2,train,21,0.144700,0.140574
100,2,train,22,0.020000,0.082500
100,2,train,23,0.264400,0.239477
100,2,train,24,0.048480,0.064345
100,2,train,25,0.240000,0.219374
100,2,train,26,0.110000,0.112397
100,2,train,27,0.062000,0.081791
100,2,train,28,0.065340,0.092314
100,2,train,29,0.180000,0.174216
100,2,train,30,0.030000,0.054776
100,2,train,31,0.120000,0.174731
100,2,train,32,0.025000,0.050920
100,2,train,33,0.114400,0.112124
100,2,train,34,-0.390000,-0.203220
100,2,train,35,0.030000,0.015380
100,2,train,36,0.020000,0.058943
100,2,train,37,0.018000,0.033723
100,2,train,38,0.090000,0.085326
100,2,train,39,0.151000,0.136924
100,2,train,40,0.790000,0.716983
100,2,train,41,0.094600,0.098107
100,2,train,42,0.020000,0.056358
100,2,train,43,0.190000,0.183031
100,2,train,44,0.050000,0.053835
100,2,train,45,0.040000,0.075755
100,2,train,46,0.240000,0.213019
100,2,train,47,0.439000,0.355619
100,2,train,48,0.050000,0.062875
100,2,train,49,0.000000,0.026335
100,2,train,50,0.185100,0.180074
100,2,train,51,0.270000,0.226342
100,2,train,52,0.151000,0.138501
100,2,train,53,0.130000,0.160882
100,2,train,54,0.540000,0.367405
100,2,train,55,0.240000,0.225759
100,2,train,56,0.075400,0.076664
100,2,train,57,0.010000,0.049420
100,2,train,58,0.144500,0.124587
100,2,train,59,0.075400,0.076664
100,2,train,60,0.130000,0.122469
100,2,train,61,-0.030000,0.007762
100,2,train,62,0.280000,0.225525
100,2,train,63,0.190000,0.164756
100,2,train,64,0.284200,0.225471
100,2,train,65,0.063300,0.074724
100,2,train,66,0.020000,0.051176
100,2,train,67,0.094900,0.101833
100,2,train,68,0.260000,0.250352
100,2,train,69,0.054300,0.080589
100,2,train,70,0.135000,0.169275
100,2,train,71,0.160000,0.139131
100,2,train,72,0.100000,0.119886
100,2,train,73,0.035400,0.042811
100,2,train,74,0.160000,0.149512
100,2,train,75,0.260000,0.239362
100,2,train,76,0.150000,0.161031
100,2,train,77,0.232000,0.290945
100,2,train,78,0.020000,0.058214
100,2,train,79,0.020000,0.073324
100,2,train,80,0.100000,0.131904
100,2,train,81,0.200000,0.187862
100,2,train,82,0.290000,0.272036
100,2,train,83,0.050000,0.061374
100,2,train,84,0.020000,0.042190
100,2,train,85,0.030000,0.100503
100,2,train,86,0.160000,0.145701
100,2,train,87,0.350000,0.297978
100,2,train,88,0.020000,0.075474
100,2,train,89,0.163300,0.150800
100,2,train,90,0.210000,0.194501
100,2,train,91,0.035100,0.061120
100,2,train,92,0.190000,0.211105
100,2,train,93,0.115100,0.120824
100,2,train,94,0.022000,0.040178
100,2,train,95,0.160000,0.182995
100,2,train,96,0.160000,0.132051
100,2,train,97,0.185100,0.180074
100,2,train,98,0.360000,0.309556
100,2,train,99,0.290000,0.243126
100,2,train,100,0.090000,0.132816
100,2,train,101,0.094700,0.115897
100,2,train,102,0.094900,0.093420
100,2,train,103,0.070000,0.098533
100,2,train,104,0.030000,0.052648
100,2,train,105,0.380000,0.323788
100,2,train,106,0.330000,0.248850
100,2,train,107,0.242000,0.227923
100,2,train,108,0.045300,0.059494
100,2,train,109,0.200000,0.199220
100,2,train,110,0.190000,0.171046
100,2,train,111,0.080000,0.081920
100,2,train,112,0.220000,0.191528
100,2,train,113,0.230000,0.210470
100,2,train,114,0.095300,0.095207
100,2,train,115,0.280000,0.262871
100,2,train,116,0.250000,0.234682
100,2,train,117,0.150000,0.168930
100,2,train,118,0.058480,0.069053
100,2,train,119,0.060000,0.073256
100,2,train,120,0.044200,0.080375
100,2,train,121,0.403000,0.323265
100,2,train,122,0.035400,0.042811
100,2,train,123,0.380000,0.289429
100,2,train,124,0.220000,0.193618
100,2,train,125,0.174900,0.168809
100,2,train,126,0.193500,0.183262
100,2,train,127,0.137000,0.126343
100,2,train,128,0.370000,0.304413
100,2,train,129,0.090000,0.090557
100,3,test,0,-0.030000,0.077772
100,3,test,1,0.150000,0.170326
100,3,test,2,0.310000,0.230196
100,3,test,3,0.180000,0.147063
100,3,test,4,0.044200,0.100036
100,3,test,5,0.062000,0.117897
100,3,test,6,0.094900,0.124200
100,3,test,7,0.030000,0.151269
100,3,test,8,0.230000,0.154597
100,3,test,9,0.063300,0.113212
100,3,test,10,0.090000,0.129994
100,3,test,11,0.020000,0.162741
100,3,test,12,0.273300,0.230949
100,3,test,13,0.040000,0.148573
100,3,test,14,0.052410,0.141334
100,3,test,15,0.023500,0.090182
100,3,test,16,0.058480,0.107810
100,3,test,17,0.439000,0.225917
100,3,test,18,0.232000,0.282706
100,3,test,19,0.790000,0.566227
100,3,test,20,0.120000,0.170245
100,3,test,21,-0.390000,0.126928
100,3,test,22,0.050000,0.063907
100,3,test,23,0.540000,0.080863
100,3,test,24,0.185100,0.164801
100,3,test,25,0.190000,0.138727
100,3,test,26,0.360000,0.195114
100,3,test,27,0.200000,0.053907
100,3,test,28,0.190000,0.134715
100,3,test,29,0.032000,0.108040
100,3,test,30,0.020000,0.132901
100,3,test,31,0.220000,0.049534
100,3,test,32,-0.080000,0.149695
100,3,train,0,0.090000,0.088422
100,3,train,1,0.080000,0.092156
100,3,train,2,0.073410,0.107109
100,3,train,3,0.045300,0.044913
100,3,train,4,0.011000,0.065130
100,3,train,5,0.350000,0.299727
100,3,train,6,0.264400,0.241540
100,3,train,7,0.290000,0.247024
100,3,train,8,0.030000,0.049112
100,3,train,9,0.130000,0.146446
100,3,train,10,0.370000,0.306760
100,3,train,11,0.010000,0.059475
100,3,train,12,0.193500,0.186745
100,3,train,13,0.130000,0.135887
100,3,train,14,0.137000,0.120740
100,3,train,15,0.100000,0.108890
100,3,train,16,0.020000,0.094426
100,3,train,17,0.330000,0.235346
100,3,train,18,0.093900,0.091337
100,3,train,19,0.174900,0.158507
100,3,train,20,0.200000,0.149774
100,3,train,21,0.075400,0.075320
100,3,train,22,0.094900,0.090104
100,3,train,23,0.030000,0.053873
100,3,train,24,0.084600,0.093493
100,3,train,25,0.111520,0.145560
100,3,train,26,0.030000,0.094014
100,3,train,27,0.160000,0.147887
100,3,train,28,0.144700,0.140055
100,3,train,29,0.284200,0.209355
100,3,train,30,0.160000,0.153669
100,3,train,31,0.090000,0.125957
100,3,train,32,0.144500,0.124755
100,3,train,33,0.030000,0.059796
100,3,train,34,0.100000,0.087116
100,3,train,35,0.020000,0.038020
100,3,train,36,0.090000,0.113575
100,3,train,37,0.240000,0.210332
100,3,train,38,0.022000,0.039118
100,3,train,39,0.144700,0.140055
100,3,train,40,0.280000,0.217727
100,3,train,41,0.035400,0.045645
100,3,train,42,0.260000,0.223814
100,3,train,43,0.224400,0.194889
100,3,train,44,0.163300,0.153013
100,3,train,45,0.260000,0.261585
100,3,train,46,0.403000,0.305453
100,3,train,47,0.020000,0.097029
100,3,train,48,0.040000,0.105429
100,3,train,49,0.020000,0.045389
100,3,train,50,0.072000,0.096393
100,3,train,51,0.043800,0.059381
100,3,train,52,0.048480,0.074505
100,3,train,53,0.270000,0.247301
100,3,train,54,0.025000,0.046876
100,3,train,55,0.160000,0.151691
100,3,train,56,0.020000,0.085552
100,3,train,57,0.270000,0.232882
100,3,train,58,0.024200,0.037081
100,3,train,59,0.114400,0.122970
100,3,train,60,0.050000,0.057885
100,3,train,61,0.080000,0.073292
100,3,train,62,0.035400,0.045645
100,3,train,63,0.100000,0.088890
100,3,train,64,0.020000,0.048359
100,3,train,65,0.174900,0.170640
100,3,train,66,0.250000,0.204927
100,3,train,67,0.200000,0.185739
100,3,train,68,0.135000,0.174984
100,3,train,69,0.185100,0.164801
100,3,train,70,0.190000,0.177165
100,3,train,71,0.035100,0.050752
100,3,train,72,0.018000,0.043175
100,3,train,73,0.320000,0.244863
100,3,train,74,0.040000,0.078200
100,3,train,75,0.110000,0.116365
100,3,train,76,0.240000,0.229922
100,3,train,77,0.010000,0.070888
100,3,train,78,0.094700,0.102708
100,3,train,79,0.290000,0.278293
100,3,train,80,0.260000,0.216331
100,3,train,81,0.150000,0.162027
100,3,train,82,0.010000,0.051303
100,3,train,83,0.820000,0.710740
100,3,train,84,0.060000,0.113212
100,3,train,85,0.260000,0.193963
100,3,train,86,0.000000,0.032294
100,3,train,87,0.050000,0.078853
100,3,train,88,0.170000,0.135887
100,3,train,89,0.160000,0.147650
100,3,train,90,0.190000,0.158859
100,3,train,91,0.180000,0.182263
100,3,train,92,0.244400,0.269522
100,3,train,93,0.280000,0.271256
100,3,train,94,0.115100,0.122343
100,3,train,95,0.210000,0.174416
100,3,train,96,0.210000,0.189834
100,3,train,97,0.075400,0.075320
100,3,train,98,0.065340,0.080773
100,3,train,99,0.095300,0.086314
100,3,train,100,0.035100,0.051950
100,3,train,101,0.240000,0.197356
100,3,train,102,0.242000,0.218761
100,3,train,103,0.380000,0.296520
100,3,train,104,0.160000,0.152088
100,3,train,105,0.020000,0.050879
100,3,train,106,0.110000,0.107574
100,3,train,107,0.010000,0.053875
100,3,train,108,0.220000,0.203151
100,3,train,109,0.070000,0.129702
100,3,train,110,0.115100,0.122343
100,3,train,111,0.240000,0.210319
100,3,train,112,0.190000,0.172006
100,3,train,113,0.280000,0.236214
100,3,train,114,-0.110000,-0.046056
100,3,train,115,0.151000,0.153825
100,3,train,116,0.054300,0.082105
100,3,train,117,0.133000,0.120910
100,3,train,118,0.151000,0.148360
100,3,train,119,0.150000,0.167978
100,3,train,120,-0.350000,-0.156522
100,3,train,121,0.380000,0.300815
100,3,train,122,0.010000,0.067301
100,3,train,123,0.080000,0.080688
100,3,train,124,0.018000,0.037056
100,3,train,125,0.094600,0.113920
100,3,train,126,0.020000,0.082774
100,3,train,127,0.790000,0.685646
100,3,train,128,0.190000,0.187907
100,3,train,129,0.090000,0.077500
100,4,test,0,0.439000,0.216687
100,4,test,1,0.073410,0.160394
100,4,test,2,0.080000,0.099096
100,4,test,3,0.151000,0.102292
100,4,test,4,0.000000,0.068433
100,4,test,5,0.044200,0.132575
100,4,test,6,0.090000,0.091781
100,4,test,7,0.244400,0.193106
100,4,test,8,0.290000,0.092512
100,4,test,9,0.052410,0.187074
100,4,test,10,0.010000,0.184309
100,4,test,11,0.170000,0.115678
100,4,test,12,0.040000,0.145283
100,4,test,13,0.060000,0.104789
100,4,test,14,0.260000,0.177481
100,4,test,15,0.084600,0.110657
100,4,test,16,0.054300,0.137947
100,4,test,17,0.224400,0.147521
100,4,test,18,-0.080000,0.168826
100,4,test,19,0.062000,0.139746
100,4,test,20,0.284200,0.086476
100,4,test,21,0.200000,0.116798
100,4,test,22,0.160000,0.126884
100,4,test,23,0.144500,0.095233
100,4,test,24,0.090000,0.150037
100,4,test,25,0.010000,0.102993
100,4,test,26,0.185100,0.162083
100,4,test,27,0.790000,0.492312
100,4,test,28,0.310000,0.220155
100,4,test,29,0.010000,0.122277
100,4,test,30,0.280000,0.167716
100,4,test,31,0.380000,0.218813
100,4,test,32,0.273300,0.215286
100,4,train,0,0.025000,0.057628
100,4,train,1,0.050000,0.058308
100,4,train,2,0.050000,0.071682
100,4,train,3,0.185100,0.162083
100,4,train,4,0.190000,0.191777
100,4,train,5,0.065340,0.080494
100,4,train,6,0.040000,0.075785
100,4,train,7,0.144700,0.147720
100,4,train,8,0.130000,0.121565
100,4,train,9,0.240000,0.219891
100,4,train,10,0.250000,0.190629
100,4,train,11,0.111520,0.142574
100,4,train,12,0.100000,0.094902
100,4,train,13,0.023500,0.051280
100,4,train,14,0.094700,0.125027
100,4,train,15,0.242000,0.220385
100,4,train,16,0.030000,0.066724
100,4,train,17,0.200000,0.154027
100,4,train,18,0.360000,0.294845
100,4,train,19,0.270000,0.215286
100,4,train,20,0.150000,0.168208
100,4,train,21,0.380000,0.300524
100,4,train,22,0.270000,0.253139
100,4,train,23,0.040000,0.079650
100,4,train,24,0.080000,0.078142
100,4,train,25,0.020000,0.047770
100,4,train,26,0.011000,0.062331
100,4,train,27,0.080000,0.073298
100,4,train,28,0.090000,0.092067
100,4,train,29,0.070000,0.100889
100,4,train,30,0.193500,0.184606
100,4,train,31,0.190000,0.176451
100,4,train,32,0.264400,0.224348
100,4,train,33,0.150000,0.157025
100,4,train,34,0.280000,0.259044
100,4,train,35,0.018000,0.047776
100,4,train,36,0.022000,0.048662
100,4,train,37,0.035400,0.039152
100,4,train,38,0.032000,0.070154
100,4,train,39,0.240000,0.200905
100,4,train,40,0.163300,0.145992
100,4,train,41,0.094900,0.087025
100,4,train,42,0.030000,0.070029
100,4,train,43,0.110000,0.112150
100,4,train,44,0.030000,0.043828
100,4,train,45,0.540000,0.366881
100,4,train,46,0.230000,0.202336
100,4,train,47,0.280000,0.221406
100,4,train,48,0.115100,0.124409
100,4,train,49,0.210000,0.153951
100,4,train,50,0.063300,0.104789
100,4,train,51,0.058480,0.065872
100,4,train,52,0.320000,0.248857
100,4,train,53,0.020000,0.092259
100,4,train,54,0.115100,0.124409
100,4,train,55,0.220000,0.178459
100,4,train,56,0.020000,0.081539
100,4,train,57,0.190000,0.147519
100,4,train,58,0.100000,0.096559
100,4,train,59,0.370000,0.306439
100,4,train,60,0.095300,0.087520
100,4,train,61,0.350000,0.288395
100,4,train,62,0.190000,0.166245
100,4,train,63,0.020000,0.050560
100,4,train,64,0.035100,0.050059
100,4,train,65,0.048480,0.062631
100,4,train,66,0.035100,0.050667
100,4,train,67,0.072000,0.097082
100,4,train,68,0.110000,0.112477
100,4,train,69,0.190000,0.154776
100,4,train,70,0.190000,0.187406
100,4,train,71,0.075400,0.074894
100,4,train,72,0.240000,0.195111
100,4,train,73,0.260000,0.199249
100,4,train,74,0.090000,0.077216
100,4,train,75,0.090000,0.123748
100,4,train,76,-0.030000,0.015148
100,4,train,77,0.133000,0.107270
100,4,train,78,-0.350000,-0.159592
100,4,train,79,0.174900,0.165827
100,4,train,80,0.290000,0.244331
100,4,train,81,0.160000,0.145078
100,4,train,82,0.030000,0.065820
100,4,train,83,0.137000,0.134156
100,4,train,84,0.180000,0.172736
100,4,train,85,0.820000,0.668040
100,4,train,86,0.093900,0.103057
100,4,train,87,0.094900,0.095860
100,4,train,88,0.024200,0.042585
100,4,train,89,0.020000,0.047459
100,4,train,90,0.020000,0.075345
100,4,train,91,0.144700,0.147720
100,4,train,92,0.151000,0.110754
100,4,train,93,0.050000,0.062774
100,4,train,94,0.100000,0.100283
100,4,train,95,0.403000,0.305539
100,4,train,96,0.035400,0.039152
100,4,train,97,0.130000,0.158868
100,4,train,98,0.150000,0.157592
100,4,train,99,0.260000,0.235283
100,4,train,100,0.180000,0.167973
100,4,train,101,0.018000,0.040192
100,4,train,102,0.135000,0.155008
100,4,train,103,0.160000,0.143951
100,4,train,104,-0.110000,-0.002792
100,4,train,105,0.210000,0.202867
100,4,train,106,0.010000,0.065175
100,4,train,107,0.114400,0.124035
100,4,train,108,-0.390000,-0.218220
100,4,train,109,0.010000,0.043424
100,4,train,110,0.094600,0.115346
100,4,train,111,0.020000,0.081261
100,4,train,112,0.790000,0.653834
100,4,train,113,0.160000,0.101322
100,4,train,114,0.260000,0.200436
100,4,train,115,0.045300,0.056349
100,4,train,116,0.043800,0.061387
100,4,train,117,0.020000,0.087224
100,4,train,118,0.232000,0.231375
100,4,train,119,0.020000,0.070574
100,4,train,120,0.075400,0.074894
100,4,train,121,0.030000,0.099967
100,4,train,122,0.200000,0.206442
100,4,train,123,0.330000,0.241547
100,4,train,124,0.020000,0.070952
100,4,train,125,0.160000,0.128383
100,4,train,126,0.174900,0.160245
100,4,train,127,0.220000,0.184217
100,4,train,128,0.240000,0.202303
100,4,train,129,0.120000,0.145914
100,5,test,0,0.054300,0.145465
100,5,test,1,0.240000,0.135218
100,5,test,2,0.040000,0.141642
100,5,test,3,0.790000,0.549309
100,5,test,4,0.100000,0.116616
100,5,test,5,0.010000,0.119405
100,5,test,6,0.094600,0.158589
100,5,test,7,-0.350000,0.143777
100,5,test,8,0.240000,0.162652
100,5,test,9,0.093900,0.120700
100,5,test,10,0.185100,0.151155
100,5,test,11,0.190000,0.112305
100,5,test,12,0.024200,0.104919
100,5,test,13,0.032000,0.132358
100,5,test,14,0.280000,0.166365
100,5,test,15,-0.030000,0.107829
100,5,test,16,0.030000,0.119465
100,5,test,17,0.160000,0.123211
100,5,test,18,0.260000,0.155250
100,5,test,19,0.063300,0.150009
100,5,test,20,0.190000,0.123579
100,5,test,21,0.160000,0.130774
100,5,test,22,0.163300,0.121471
100,5,test,23,0.023500,0.116271
100,5,test,24,0.094700,0.155603
100,5,test,25,0.174900,0.134738
100,5,test,26,0.090000,0.116485
100,5,test,27,0.035100,0.105596
100,5,test,28,0.052410,0.157837
100,5,test,29,0.200000,0.137524
100,5,test,30,0.010000,0.167053
100,5,test,31,0.220000,0.135715
100,5,test,32,0.190000,0.171279
100,5,train,0,0.160000,0.139286
100,5,train,1,0.790000,0.642982
100,5,train,2,0.075400,0.124363
100,5,train,3,0.050000,0.102540
100,5,train,4,0.110000,0.121951
100,5,train,5,0.310000,0.177808
100,5,train,6,0.040000,0.145389
100,5,train,7,0.090000,0.112606
100,5,train,8,0.174900,0.134562
100,5,train,9,0.020000,0.117339
100,5,train,10,0.144700,0.138282
100,5,train,11,-0.110000,0.121731
100,5,train,12,0.133000,0.114741
100,5,train,13,0.048480,0.109509
100,5,train,14,0.010000,0.138124
100,5,train,15,0.220000,0.125867
100,5,train,16,0.250000,0.143071
100,5,train,17,0.190000,0.124425
100,5,train,18,0.270000,0.157725
100,5,train,19,0.193500,0.153371
100,5,train,20,0.232000,0.235427
100,5,train,21,0.260000,0.169661
100,5,train,22,0.370000,0.174651
100,5,train,23,0.100000,0.128632
100,5,train,24,0.260000,0.132867
100,5,train,25,0.060000,0.150009
100,5,train,26,0.151000,0.115671
100,5,train,27,0.020000,0.104098
100,5,train,28,0.244400,0.190601
100,5,train,29,0.094900,0.103162
100,5,train,30,0.025000,0.123684
100,5,train,31,0.018000,0.100196
100,5,train,32,0.210000,0.163556
100,5,train,33,0.065340,0.116772
100,5,train,34,0.111520,0.151333
100,5,train,35,0.150000,0.148190
100,5,train,36,0.190000,0.151434
100,5,train,37,0.070000,0.143794
100,5,train,38,0.160000,0.114647
100,5,train,39,0.137000,0.130034
100,5,train,40,0.210000,0.105812
100,5,train,41,0.095300,0.106973
100,5,train,42,0.100000,0.114252
100,5,train,43,0.403000,0.191602
100,5,train,44,0.170000,0.124303
100,5,train,45,0.260000,0.141181
100,5,train,46,0.020000,0.139682
100,5,train,47,0.020000,0.147793
100,5,train,48,0.035400,0.105695
100,5,train,49,0.022000,0.103914
100,5,train,50,0.151000,0.114442
100,5,train,51,0.150000,0.147496
100,5,train,52,0.094900,0.111608
100,5,train,53,0.135000,0.168702
100,5,train,54,0.130000,0.155404
100,5,train,55,0.080000,0.123629
100,5,train,56,0.073410,0.146064
100,5,train,57,0.020000,0.106363
100,5,train,58,0.084600,0.141323
100,5,train,59,0.284200,0.128367
100,5,train,60,0.240000,0.150943
100,5,train,61,0.230000,0.168337
100,5,train,62,0.044200,0.116658
100,5,train,63,0.072000,0.123709
100,5,train,64,0.280000,0.151154
100,5,train,65,0.010000,0.116772
100,5,train,66,0.115100,0.136257
100,5,train,67,0.080000,0.126201
100,5,train,68,0.075400,0.124363
100,5,train,69,0.190000,0.148832
100,5,train,70,0.120000,0.165283
100,5,train,71,0.110000,0.118718
100,5,train,72,0.144700,0.138282
100,5,train,73,0.242000,0.165300
100,5,train,74,0.224400,0.135635
100,5,train,75,0.030000,0.127419
100,5,train,76,0.115100,0.136257
100,5,train,77,0.035100,0.105480
100,5,train,78,0.180000,0.150839
100,5,train,79,0.020000,0.134860
100,5,train,80,0.380000,0.168819
100,5,train,81,0.030000,0.128064
100,5,train,82,0.080000,0.107807
100,5,train,83,0.090000,0.142865
100,5,train,84,0.160000,0.121471
100,5,train,85,0.150000,0.149142
100,5,train,86,0.030000,0.171653
100,5,train,87,0.040000,0.145463
100,5,train,88,0.320000,0.150482
100,5,train,89,0.439000,0.202598
100,5,train,90,-0.390000,0.102100
100,5,train,91,0.180000,0.145906
100,5,train,92,0.000000,0.104655
100,5,train,93,0.144500,0.110350
100,5,train,94,0.035400,0.105695
100,5,train,95,0.020000,0.151170
100,5,train,96,0.045300,0.111763
100,5,train,97,0.540000,0.137356
100,5,train,98,0.280000,0.159901
100,5,train,99,0.058480,0.105403
100,5,train,100,0.360000,0.169695
100,5,train,101,0.050000,0.102849
100,5,train,102,0.010000,0.108570
100,5,train,103,0.820000,0.668818
100,5,train,104,0.020000,0.119707
100,5,train,105,0.330000,0.133365
100,5,train,106,0.200000,0.122479
100,5,train,107,0.200000,0.166672
100,5,train,108,0.240000,0.158219
100,5,train,109,0.273300,0.157725
100,5,train,110,0.090000,0.107801
100,5,train,111,0.020000,0.150453
100,5,train,112,0.290000,0.152220
100,5,train,113,0.270000,0.175458
100,5,train,114,0.130000,0.122266
100,5,train,115,0.114400,0.126929
100,5,train,116,-0.080000,0.138602
100,5,train,117,0.043800,0.121373
100,5,train,118,0.264400,0.168478
100,5,train,119,0.185100,0.151155
100,5,train,120,0.030000,0.124775
100,5,train,121,0.062000,0.139719
100,5,train,122,0.380000,0.158682
100,5,train,123,0.050000,0.109521
100,5,train,124,0.090000,0.151885
100,5,train,125,0.350000,0.178233
100,5,train,126,0.020000,0.131273
100,5,train,127,0.011000,0.123677
100,5,train,128,0.290000,0.168504
100,5,train,129,0.018000,0.108359
100,6,test,0,0.190000,0.139705
100,6,test,1,0.310000,0.219911
100,6,test,2,0.220000,0.156151
100,6,test,3,0.095300,0.067898
100,6,test,4,0.280000,0.173672
100,6,test,5,0.100000,0.089914
100,6,test,6,0.020000,0.104440
100,6,test,7,0.190000,0.149852
100,6,test,8,0.290000,0.204025
100,6,test,9,0.144700,0.139389
100,6,test,10,0.790000,0.454752
100,6,test,11,0.020000,0.202366
100,6,test,12,0.020000,0.124748
100,6,test,13,0.160000,0.162844
100,6,test,14,0.114400,0.090646
100,6,test,15,0.174900,0.123667
100,6,test,16,0.260000,0.213033
100,6,test,17,0.210000,0.176075
100,6,test,18,0.045300,0.068199
100,6,test,19,0.084600,0.103764
100,6,test,20,0.150000,0.205138
100,6,test,21,0.040000,0.146883
100,6,test,22,0.151000,0.081916
100,6,test,23,0.280000,0.228912
100,6,test,24,0.151000,0.085526
100,6,test,25,0.035400,0.101933
100,6,test,26,0.144500,0.077367
100,6,test,27,0.030000,0.078934
100,6,test,28,0.160000,0.134612
100,6,test,29,-0.390000,0.110379
100,6,test,30,0.035100,0.052154
100,6,test,31,0.200000,0.164172
100,6,test,32,0.035400,0.101933
100,6,train,0,0.133000,0.120326
100,6,train,1,0.190000,0.173251
100,6,train,2,0.200000,0.206426
100,6,train,3,0.093900,0.099295
100,6,train,4,0.030000,0.052131
100,6,train,5,0.135000,0.157562
100,6,train,6,0.000000,0.028888
100,6,train,7,0.110000,0.118243
100,6,train,8,0.100000,0.087657
100,6,train,9,0.190000,0.216809
100,6,train,10,0.163300,0.147345
100,6,train,11,0.080000,0.070950
100,6,train,12,0.094900,0.095334
100,6,train,13,0.025000,0.051064
100,6,train,14,0.260000,0.201736
100,6,train,15,0.370000,0.304155
100,6,train,16,0.018000,0.037477
100,6,train,17,0.150000,0.170102
100,6,train,18,0.264400,0.247338
100,6,train,19,0.100000,0.095676
100,6,train,20,0.240000,0.251497
100,6,train,21,0.185100,0.180551
100,6,train,22,0.230000,0.235186
100,6,train,23,0.043800,0.061532
100,6,train,24,0.020000,0.043949
100,6,train,25,0.160000,0.137179
100,6,train,26,0.170000,0.126551
100,6,train,27,0.270000,0.247566
100,6,train,28,0.094700,0.123066
100,6,train,29,0.020000,0.071570
100,6,train,30,0.090000,0.086242
100,6,train,31,0.120000,0.156670
100,6,train,32,0.284200,0.191275
100,6,train,33,0.240000,0.210841
100,6,train,34,0.020000,0.100233
100,6,train,35,0.065340,0.109641
100,6,train,36,0.330000,0.228767
100,6,train,37,0.190000,0.175991
100,6,train,38,0.020000,0.077773
100,6,train,39,0.220000,0.185740
100,6,train,40,0.130000,0.155781
100,6,train,41,0.180000,0.162913
100,6,train,42,0.050000,0.056786
100,6,train,43,0.080000,0.083796
100,6,train,44,0.224400,0.170484
100,6,train,45,0.018000,0.036080
100,6,train,46,0.320000,0.303530
100,6,train,47,0.075400,0.075483
100,6,train,48,0.090000,0.118778
100,6,train,49,0.010000,0.037177
100,6,train,50,0.072000,0.088258
100,6,train,51,0.200000,0.158411
100,6,train,52,-0.080000,0.028527
100,6,train,53,0.020000,0.061381
100,6,train,54,0.190000,0.194284
100,6,train,55,0.011000,0.002110
100,6,train,56,0.080000,0.082435
100,6,train,57,0.040000,0.089966
100,6,train,58,0.280000,0.220559
100,6,train,59,0.150000,0.171762
100,6,train,60,0.240000,0.201148
100,6,train,61,0.094600,0.118174
100,6,train,62,0.044200,0.066890
100,6,train,63,0.022000,0.047601
100,6,train,64,0.062000,0.089541
100,6,train,65,0.260000,0.258191
100,6,train,66,0.380000,0.315207
100,6,train,67,0.094900,0.099482
100,6,train,68,0.242000,0.228113
100,6,train,69,0.010000,0.029318
100,6,train,70,0.180000,0.166952
100,6,train,71,0.048480,0.054319
100,6,train,72,0.380000,0.269603
100,6,train,73,0.290000,0.251607
100,6,train,74,0.023500,0.060189
100,6,train,75,0.024200,0.037460
100,6,train,76,0.073410,0.098021
100,6,train,77,0.050000,0.067066
100,6,train,78,0.273300,0.247794
100,6,train,79,0.137000,0.132752
100,6,train,80,0.111520,0.149314
100,6,train,81,0.075400,0.075483
100,6,train,82,0.032000,0.058409
100,6,train,83,0.090000,0.104654
100,6,train,84,0.020000,0.076524
100,6,train,85,0.030000,0.051512
100,6,train,86,0.020000,0.039062
100,6,train,87,0.010000,0.078382
100,6,train,88,0.115100,0.121543
100,6,train,89,0.403000,0.328306
100,6,train,90,-0.030000,0.018343
100,6,train,91,0.070000,0.101142
100,6,train,92,0.063300,0.071983
100,6,train,93,-0.350000,-0.042435
100,6,train,94,0.115100,0.121543
100,6,train,95,0.360000,0.304165
100,6,train,96,0.160000,0.153592
100,6,train,97,0.232000,0.305084
100,6,train,98,0.193500,0.182646
100,6,train,99,0.244400,0.207761
100,6,train,100,0.250000,0.217078
100,6,train,101,0.110000,0.093623
100,6,train,102,0.060000,0.070250
100,6,train,103,-0.110000,0.004763
100,6,train,104,0.210000,0.136347
100,6,train,105,0.439000,0.368179
100,6,train,106,0.040000,0.102643
100,6,train,107,0.820000,0.602443
100,6,train,108,0.260000,0.245521
100,6,train,109,0.130000,0.127175
100,6,train,110,0.090000,0.088768
100,6,train,111,0.270000,0.246534
100,6,train,112,0.030000,0.071445
100,6,train,113,0.058480,0.061029
100,6,train,114,0.790000,0.601881
100,6,train,115,0.350000,0.289441
100,6,train,116,0.540000,0.301451
100,6,train,117,0.010000,0.032405
100,6,train,118,0.054300,0.083247
100,6,train,119,0.144700,0.139389
100,6,train,120,0.174900,0.167910
100,6,train,121,0.240000,0.217854
100,6,train,122,0.052410,0.083619
100,6,train,123,0.160000,0.145805
100,6,train,124,0.185100,0.180551
100,6,train,125,0.050000,0.056503
100,6,train,126,0.035100,0.050754
100,6,train,127,0.030000,0.105085
100,6,train,128,0.090000,0.080894
100,6,train,129,0.010000,0.048187
100,7,test,0,0.144700,0.142933
100,7,test,1,0.130000,0.199411
100,7,test,2,0.095300,0.082317
100,7,test,3,0.030000,0.235794
100,7,test,4,0.290000,0.143283
100,7,test,5,0.075400,0.078460
100,7,test,6,0.150000,0.172566
100,7,test,7,0.020000,0.169198
100,7,test,8,0.094700,0.157344
100,7,test,9,0.280000,0.209012
100,7,test,10,0.073410,0.134636
100,7,test,11,0.200000,0.083661
100,7,test,12,0.380000,0.240997
100,7,test,13,0.190000,0.125053
100,7,test,14,0.020000,0.162221
100,7,test,15,0.072000,0.127760
100,7,test,16,0.080000,0.077420
100,7,test,17,0.018000,0.101300
100,7,test,18,0.220000,0.135841
100,7,test,19,0.240000,0.101007
100,7,test,20,0.020000,0.085361
100,7,test,21,0.084600,0.103466
100,7,test,22,0.160000,0.104410
100,7,test,23,0.790000,0.317947
100,7,test,24,0.060000,0.104352
100,7,test,25,0.090000,0.123508
100,7,test,26,0.135000,0.244242
100,7,test,27,0.210000,0.205805
100,7,test,28,0.230000,0.217580
100,7,test,29,0.115100,0.160004
100,7,test,30,0.115100,0.160004
100,7,test,31,0.790000,0.349062
100,7,test,32,0.110000,0.111080
100,7,train,0,0.244400,0.235836
100,7,train,1,0.260000,0.242915
100,7,train,2,0.035100,0.053289
100,7,train,3,0.160000,0.103632
100,7,train,4,0.022000,0.053128
100,7,train,5,0.160000,0.132989
100,7,train,6,0.100000,0.094974
100,7,train,7,0.032000,0.070429
100,7,train,8,0.063300,0.104352
100,7,train,9,0.190000,0.163873
100,7,train,10,-0.110000,0.036763
100,7,train,11,0.010000,0.084329
100,7,train,12,0.137000,0.128779
100,7,train,13,0.018000,0.039079
100,7,train,14,0.054300,0.089457
100,7,train,15,-0.080000,0.066072
100,7,train,16,-0.030000,0.033581
100,7,train,17,0.273300,0.247982
100,7,train,18,0.048480,0.059094
100,7,train,19,0.200000,0.167484
100,7,train,20,0.094900,0.090926
100,7,train,21,0.190000,0.206575
100,7,train,22,0.100000,0.094264
100,7,train,23,-0.350000,-0.012773
100,7,train,24,0.080000,0.080978
100,7,train,25,0.439000,0.327620
100,7,train,26,-0.390000,-0.039807
100,7,train,27,0.011000,0.027710
100,7,train,28,0.185100,0.171508
100,7,train,29,0.020000,0.088914
100,7,train,30,0.260000,0.204525
100,7,train,31,0.350000,0.288669
100,7,train,32,0.035400,0.051454
100,7,train,33,0.130000,0.123903
100,7,train,34,0.224400,0.166806
100,7,train,35,0.180000,0.160741
100,7,train,36,0.163300,0.132656
100,7,train,37,0.075400,0.078460
100,7,train,38,0.040000,0.091475
100,7,train,39,0.190000,0.158430
100,7,train,40,0.030000,0.074375
100,7,train,41,0.193500,0.192730
100,7,train,42,0.090000,0.078133
100,7,train,43,0.024200,0.054168
100,7,train,44,0.030000,0.030950
100,7,train,45,0.020000,0.069559
100,7,train,46,0.090000,0.097548
100,7,train,47,0.190000,0.149958
100,7,train,48,0.065340,0.098566
100,7,train,49,0.080000,0.086538
100,7,train,50,0.180000,0.156635
100,7,train,51,0.094900,0.100087
100,7,train,52,0.280000,0.205582
100,7,train,53,0.090000,0.086228
100,7,train,54,0.190000,0.189986
100,7,train,55,0.044200,0.080570
100,7,train,56,0.330000,0.191329
100,7,train,57,0.025000,0.043196
100,7,train,58,0.030000,0.061515
100,7,train,59,0.150000,0.152056
100,7,train,60,0.000000,0.035423
100,7,train,61,0.160000,0.119603
100,7,train,62,0.820000,0.374420
100,7,train,63,0.280000,0.231651
100,7,train,64,0.058480,0.060981
100,7,train,65,0.151000,0.125949
100,7,train,66,0.240000,0.212908
100,7,train,67,0.020000,0.070810
100,7,train,68,0.260000,0.221112
100,7,train,69,0.232000,0.345627
100,7,train,70,0.114400,0.115137
100,7,train,71,0.242000,0.243506
100,7,train,72,0.040000,0.123696
100,7,train,73,0.150000,0.178402
100,7,train,74,0.264400,0.252473
100,7,train,75,0.062000,0.094272
100,7,train,76,0.240000,0.210766
100,7,train,77,0.035100,0.053601
100,7,train,78,0.050000,0.060301
100,7,train,79,0.110000,0.121096
100,7,train,80,0.120000,0.173464
100,7,train,81,0.320000,0.225739
100,7,train,82,0.094600,0.128017
100,7,train,83,0.100000,0.094872
100,7,train,84,0.160000,0.151342
100,7,train,85,0.270000,0.246872
100,7,train,86,0.380000,0.253600
100,7,train,87,0.270000,0.248217
100,7,train,88,0.170000,0.145139
100,7,train,89,0.111520,0.162313
100,7,train,90,0.050000,0.072726
100,7,train,91,0.020000,0.042419
100,7,train,92,0.040000,0.105394
100,7,train,93,0.260000,0.179755
100,7,train,94,0.250000,0.140627
100,7,train,95,0.403000,0.288366
100,7,train,96,0.151000,0.122709
100,7,train,97,0.290000,0.254818
100,7,train,98,0.240000,0.232797
100,7,train,99,0.035400,0.051454
100,7,train,100,0.090000,0.133520
100,7,train,101,0.174900,0.151420
100,7,train,102,0.220000,0.175731
100,7,train,103,0.045300,0.068987
100,7,train,104,0.020000,0.106163
100,7,train,105,0.284200,0.197338
100,7,train,106,0.050000,0.056734
100,7,train,107,0.010000,0.035501
100,7,train,108,0.070000,0.119975
100,7,train,109,0.043800,0.063748
100,7,train,110,0.144500,0.119400
100,7,train,111,0.310000,0.273708
100,7,train,112,0.020000,0.079291
100,7,train,113,0.174900,0.162528
100,7,train,114,0.020000,0.113291
100,7,train,115,0.010000,0.135929
100,7,train,116,0.210000,0.126746
100,7,train,117,0.540000,0.251612
100,7,train,118,0.010000,0.058052
100,7,train,119,0.023500,0.058402
100,7,train,120,0.010000,0.052278
100,7,train,121,0.144700,0.142933
100,7,train,122,0.370000,0.286530
100,7,train,123,0.093900,0.096150
100,7,train,124,0.133000,0.123654
100,7,train,125,0.185100,0.171508
100,7,train,126,0.200000,0.213933
100,7,train,127,0.360000,0.274049
100,7,train,128,0.030000,0.051418
100,7,train,129,0.052410,0.105911
100,8,test,0,0.018000,0.066688
100,8,test,1,-0.030000,0.077505
100,8,test,2,0.439000,0.212394
100,8,test,3,0.264400,0.182666
100,8,test,4,0.100000,0.113433
100,8,test,5,0.114400,0.129523
100,8,test,6,0.100000,0.082582
100,8,test,7,0.160000,0.170020
100,8,test,8,0.160000,0.122921
100,8,test,9,0.043800,0.087840
100,8,test,10,0.200000,0.175352
100,8,test,11,0.240000,0.213717
100,8,test,12,0.220000,0.110229
100,8,test,13,0.054300,0.113581
100,8,test,14,0.180000,0.119964
100,8,test,15,0.075400,0.086899
100,8,test,16,0.380000,0.189662
100,8,test,17,0.052410,0.130513
100,8,test,18,0.070000,0.149252
100,8,test,19,0.144700,0.132958
100,8,test,20,0.030000,0.092495
100,8,test,21,0.093900,0.095157
100,8,test,22,0.020000,0.088861
100,8,test,23,0.290000,0.197187
100,8,test,24,0.210000,0.156540
100,8,test,25,0.160000,0.152225
100,8,test,26,-0.390000,0.132824
100,8,test,27,0.150000,0.168919
100,8,test,28,0.030000,0.108300
100,8,test,29,0.110000,0.125263
100,8,test,30,0.240000,0.162800
100,8,test,31,0.010000,0.132091
100,8,test,32,0.820000,0.572510
100,8,train,0,0.094900,0.102794
100,8,train,1,0.150000,0.183572
100,8,train,2,0.020000,0.123846
100,8,train,3,0.018000,0.056101
100,8,train,4,0.224400,0.172678
100,8,train,5,0.010000,0.045701
100,8,train,6,0.290000,0.235549
100,8,train,7,0.232000,0.247325
100,8,train,8,0.090000,0.082735
100,8,train,9,0.137000,0.137038
100,8,train,10,0.020000,0.081596
100,8,train,11,0.284200,0.204333
100,8,train,12,0.350000,0.266379
100,8,train,13,0.030000,0.076714
100,8,train,14,0.094900,0.086484
100,8,train,15,0.174900,0.176892
100,8,train,16,0.360000,0.239485
100,8,train,17,0.090000,0.145609
100,8,train,18,0.242000,0.206089
100,8,train,19,0.050000,0.063205
100,8,train,20,0.240000,0.223146
100,8,train,21,0.273300,0.229449
100,8,train,22,0.115100,0.129705
100,8,train,23,0.111520,0.183155
100,8,train,24,0.040000,0.089915
100,8,train,25,-0.080000,0.039727
100,8,train,26,0.193500,0.173022
100,8,train,27,0.320000,0.236404
100,8,train,28,0.403000,0.256496
100,8,train,29,0.063300,0.078317
100,8,train,30,0.330000,0.195834
100,8,train,31,0.090000,0.082458
100,8,train,32,0.210000,0.128598
100,8,train,33,0.020000,0.090918
100,8,train,34,0.133000,0.125884
100,8,train,35,0.185100,0.169674
100,8,train,36,0.280000,0.247581
100,8,train,37,0.090000,0.111459
100,8,train,38,0.032000,0.066313
100,8,train,39,0.022000,0.052503
100,8,train,40,0.200000,0.156657
100,8,train,41,0.190000,0.184530
100,8,train,42,0.260000,0.229668
100,8,train,43,0.073410,0.118418
100,8,train,44,0.200000,0.149217
100,8,train,45,0.035100,0.047873
100,8,train,46,0.020000,0.071169
100,8,train,47,0.115100,0.129705
100,8,train,48,0.190000,0.198755
100,8,train,49,0.174900,0.161102
100,8,train,50,0.040000,0.087677
100,8,train,51,0.010000,0.075666
100,8,train,52,0.144500,0.128054
100,8,train,53,0.023500,0.063647
100,8,train,54,0.790000,0.650420
100,8,train,55,0.010000,0.053816
100,8,train,56,0.020000,0.069228
100,8,train,57,0.135000,0.162570
100,8,train,58,0.310000,0.249233
100,8,train,59,0.094700,0.116025
100,8,train,60,0.163300,0.122921
100,8,train,61,0.120000,0.176961
100,8,train,62,0.190000,0.179363
100,8,train,63,0.250000,0.210135
100,8,train,64,0.075400,0.086899
100,8,train,65,0.020000,0.101322
100,8,train,66,0.095300,0.083288
100,8,train,67,0.540000,0.284566
100,8,train,68,0.790000,0.633659
100,8,train,69,0.180000,0.147091
100,8,train,70,0.144700,0.132958
100,8,train,71,0.048480,0.052857
100,8,train,72,0.260000,0.241901
100,8,train,73,0.160000,0.145175
100,8,train,74,0.045300,0.063285
100,8,train,75,0.280000,0.225689
100,8,train,76,-0.350000,-0.119405
100,8,train,77,0.380000,0.245269
100,8,train,78,0.170000,0.143713
100,8,train,79,0.020000,0.048590
100,8,train,80,0.044200,0.095530
100,8,train,81,0.035400,0.051395
100,8,train,82,0.244400,0.208572
100,8,train,83,0.260000,0.197476
100,8,train,84,0.370000,0.235497
100,8,train,85,0.094600,0.109531
100,8,train,86,0.084600,0.102823
100,8,train,87,0.065340,0.107425
100,8,train,88,0.058480,0.048689
100,8,train,89,0.130000,0.121502
100,8,train,90,0.060000,0.078317
100,8,train,91,0.160000,0.149497
100,8,train,92,0.035100,0.047305
100,8,train,93,0.185100,0.169674
100,8,train,94,0.090000,0.094345
100,8,train,95,0.080000,0.083330
100,8,train,96,0.151000,0.131766
100,8,train,97,0.270000,0.243208
100,8,train,98,0.240000,0.195254
100,8,train,99,0.072000,0.096614
100,8,train,100,-0.110000,0.012719
100,8,train,101,0.050000,0.063391
100,8,train,102,0.011000,0.075706
100,8,train,103,0.260000,0.192479
100,8,train,104,0.190000,0.180637
100,8,train,105,0.190000,0.161371
100,8,train,106,0.280000,0.189636
100,8,train,107,0.025000,0.066856
100,8,train,108,0.230000,0.220950
100,8,train,109,0.080000,0.081864
100,8,train,110,0.000000,0.037408
100,8,train,111,0.020000,0.068077
100,8,train,112,0.130000,0.164905
100,8,train,113,0.151000,0.127827
100,8,train,114,0.062000,0.100447
100,8,train,115,0.270000,0.229449
100,8,train,116,0.020000,0.097556
100,8,train,117,0.080000,0.077474
100,8,train,118,0.040000,0.094179
100,8,train,119,0.150000,0.174502
100,8,train,120,0.190000,0.163596
100,8,train,121,0.110000,0.123899
100,8,train,122,0.030000,0.117979
100,8,train,123,0.024200,0.060923
100,8,train,124,0.220000,0.172419
100,8,train,125,0.035400,0.051395
100,8,train,126,0.010000,0.066116
100,8,train,127,0.030000,0.069844
100,8,train,128,0.050000,0.071135
100,8,train,129,0.100000,0.087944
100,9,test,0,0.163300,0.112564
100,9,test,1,0.190000,0.127443
100,9,test,2,0.032000,0.125440
100,9,test,3,0.072000,0.107775
100,9,test,4,0.025000,0.084932
100,9,test,5,0.080000,0.104197
100,9,test,6,0.240000,0.154565
100,9,test,7,0.080000,0.076618
100,9,test,8,0.095300,0.083231
100,9,test,9,0.190000,0.126308
100,9,test,10,0.120000,0.221998
100,9,test,11,0.043800,0.087666
100,9,test,12,0.010000,0.155287
100,9,test,13,0.174900,0.122958
100,9,test,14,0.094900,0.079447
100,9,test,15,0.100000,0.064457
100,9,test,16,0.100000,0.060280
100,9,test,17,0.151000,0.107338
100,9,test,18,0.020000,0.120439
100,9,test,19,0.264400,0.177327
100,9,test,20,0.244400,0.207056
100,9,test,21,0.020000,0.158487
100,9,test,22,0.190000,0.233769
100,9,test,23,0.180000,0.116053
100,9,test,24,0.090000,0.072325
100,9,test,25,0.280000,0.075489
100,9,test,26,0.193500,0.167834
100,9,test,27,0.054300,0.118650
100,9,test,28,0.190000,0.125511
100,9,test,29,0.058480,0.083125
100,9,test,30,0.144700,0.128078
100,9,test,31,0.050000,0.077317
100,9,test,32,0.280000,0.136172
100,9,train,0,0.052410,0.100981
100,9,train,1,0.094600,0.094139
100,9,train,2,0.035400,0.040868
100,9,train,3,0.190000,0.171471
100,9,train,4,0.010000,0.076833
100,9,train,5,0.790000,0.679350
100,9,train,6,0.350000,0.287184
100,9,train,7,0.540000,0.373481
100,9,train,8,0.065340,0.077881
100,9,train,9,0.070000,0.093204
100,9,train,10,0.010000,0.065060
100,9,train,11,-0.030000,0.019971
100,9,train,12,0.035400,0.040868
100,9,train,13,0.093900,0.094221
100,9,train,14,0.115100,0.121270
100,9,train,15,0.050000,0.053391
100,9,train,16,0.030000,0.054541
100,9,train,17,0.111520,0.144955
100,9,train,18,0.044200,0.077349
100,9,train,19,0.040000,0.097819
100,9,train,20,0.084600,0.086345
100,9,train,21,0.020000,0.090185
100,9,train,22,0.115100,0.121270
100,9,train,23,0.380000,0.281799
100,9,train,24,0.100000,0.100802
100,9,train,25,0.290000,0.257915
100,9,train,26,0.045300,0.069113
100,9,train,27,0.320000,0.260683
100,9,train,28,0.290000,0.235721
100,9,train,29,0.035100,0.048717
100,9,train,30,0.310000,0.262732
100,9,train,31,0.185100,0.167707
100,9,train,32,0.380000,0.300555
100,9,train,33,0.130000,0.128364
100,9,train,34,0.011000,0.063623
100,9,train,35,0.020000,0.069225
100,9,train,36,0.022000,0.052294
100,9,train,37,0.110000,0.125199
100,9,train,38,0.075400,0.084562
100,9,train,39,0.020000,0.097007
100,9,train,40,0.260000,0.230859
100,9,train,41,0.020000,0.080690
100,9,train,42,0.090000,0.113184
100,9,train,43,0.094900,0.101726
100,9,train,44,0.232000,0.268359
100,9,train,45,0.150000,0.166410
100,9,train,46,0.242000,0.219392
100,9,train,47,0.260000,0.240607
100,9,train,48,0.150000,0.160927
100,9,train,49,0.048480,0.066600
100,9,train,50,0.075400,0.084562
100,9,train,51,0.135000,0.147949
100,9,train,52,0.010000,0.041571
100,9,train,53,0.200000,0.205597
100,9,train,54,0.174900,0.162718
100,9,train,55,0.080000,0.094134
100,9,train,56,0.210000,0.141214
100,9,train,57,0.110000,0.122521
100,9,train,58,0.020000,0.086938
100,9,train,59,0.030000,0.031265
100,9,train,60,0.151000,0.111344
100,9,train,61,0.024200,0.043620
100,9,train,62,0.790000,0.697147
100,9,train,63,0.050000,0.065685
100,9,train,64,0.023500,0.045855
100,9,train,65,0.273300,0.245381
100,9,train,66,0.018000,0.042367
100,9,train,67,0.270000,0.243645
100,9,train,68,0.130000,0.162223
100,9,train,69,0.160000,0.157451
100,9,train,70,0.224400,0.185243
100,9,train,71,-0.110000,0.001845
100,9,train,72,0.230000,0.211015
100,9,train,73,0.094700,0.116509
100,9,train,74,0.090000,0.094245
100,9,train,75,0.260000,0.193787
100,9,train,76,0.144700,0.128078
100,9,train,77,0.040000,0.069143
100,9,train,78,0.360000,0.283488
100,9,train,79,0.030000,0.103413
100,9,train,80,0.284200,0.208682
100,9,train,81,0.240000,0.220166
100,9,train,82,0.170000,0.131288
100,9,train,83,0.370000,0.314376
100,9,train,84,0.439000,0.344111
100,9,train,85,0.030000,0.082355
100,9,train,86,0.114400,0.102597
100,9,train,87,0.133000,0.113703
100,9,train,88,0.073410,0.103325
100,9,train,89,0.280000,0.265586
100,9,train,90,0.200000,0.177586
100,9,train,91,0.030000,0.056900
100,9,train,92,0.820000,0.724489
100,9,train,93,0.190000,0.183816
100,9,train,94,0.062000,0.097384
100,9,train,95,0.040000,0.079685
100,9,train,96,0.403000,0.323727
100,9,train,97,0.160000,0.111406
100,9,train,98,0.018000,0.057993
100,9,train,99,0.220000,0.183264
100,9,train,100,0.180000,0.167726
100,9,train,101,0.090000,0.134198
100,9,train,102,0.060000,0.077416
100,9,train,103,0.330000,0.241935
100,9,train,104,0.220000,0.181879
100,9,train,105,0.210000,0.194986
100,9,train,106,0.160000,0.127545
100,9,train,107,0.020000,0.066490
100,9,train,108,-0.350000,-0.173141
100,9,train,109,0.144500,0.116779
100,9,train,110,0.240000,0.206806
100,9,train,111,0.240000,0.205429
100,9,train,112,0.000000,0.043287
100,9,train,113,0.090000,0.081821
100,9,train,114,0.200000,0.161486
100,9,train,115,0.250000,0.199921
100,9,train,116,0.160000,0.112564
100,9,train,117,0.160000,0.151355
100,9,train,118,0.035100,0.048360
100,9,train,119,-0.390000,-0.224515
100,9,train,120,0.063300,0.077799
100,9,train,121,0.020000,0.054530
100,9,train,122,0.137000,0.125597
100,9,train,123,-0.080000,0.008143
100,9,train,124,0.270000,0.257220
100,9,train,125,0.150000,0.161213
100,9,train,126,0.010000,0.064414
100,9,train,127,0.020000,0.048607
100,9,train,128,0.185100,0.167707
100,9,train,129,0.260000,0.204517
100,10,test,0,0.111520,0.188017
100,10,test,1,0.020000,0.170454
100,10,test,2,0.044200,0.126844
100,10,test,3,0.073410,0.126008
100,10,test,4,0.035100,0.063436
100,10,test,5,0.110000,0.140070
100,10,test,6,0.790000,0.294646
100,10,test,7,0.020000,0.128582
100,10,test,8,0.330000,0.088233
100,10,test,9,0.090000,0.065207
100,10,test,10,0.070000,0.144883
100,10,test,11,0.060000,0.111299
100,10,test,12,0.163300,0.122738
100,10,test,13,0.065340,0.117728
100,10,test,14,0.045300,0.099887
100,10,test,15,0.032000,0.084298
100,10,test,16,0.200000,0.200475
100,10,test,17,0.240000,0.202149
100,10,test,18,0.030000,0.113060
100,10,test,19,0.130000,0.204840
100,10,test,20,0.144500,0.083916
100,10,test,21,0.018000,0.110287
100,10,test,22,0.160000,0.146643
100,10,test,23,0.220000,0.100797
100,10,test,24,0.094600,0.162935
100,10,test,25,0.193500,0.146993
100,10,test,26,0.035400,0.078357
100,10,test,27,0.010000,0.132241
100,10,test,28,0.020000,0.143397
100,10,test,29,-0.390000,0.129757
100,10,test,30,0.820000,0.378425
100,10,test,31,-0.030000,0.059800
100,10,test,32,0.210000,0.056049
100,10,train,0,0.210000,0.200024
100,10,train,1,0.540000,0.285196
100,10,train,2,0.280000,0.203670
100,10,train,3,0.020000,0.079508
100,10,train,4,0.230000,0.221622
100,10,train,5,0.020000,0.104202
100,10,train,6,0.150000,0.153852
100,10,train,7,0.370000,0.262700
100,10,train,8,0.790000,0.448329
100,10,train,9,0.260000,0.205062
100,10,train,10,0.190000,0.156286
100,10,train,11,0.050000,0.060223
100,10,train,12,0.160000,0.168709
100,10,train,13,0.030000,0.095162
100,10,train,14,0.075400,0.091551
100,10,train,15,0.054300,0.111075
100,10,train,16,0.151000,0.118818
100,10,train,17,-0.110000,0.074224
100,10,train,18,0.273300,0.224982
100,10,train,19,0.010000,0.123395
100,10,train,20,0.135000,0.188360
100,10,train,21,0.270000,0.224982
100,10,train,22,0.115100,0.130705
100,10,train,23,0.024200,0.049406
100,10,train,24,0.011000,0.078959
100,10,train,25,0.052410,0.118956
100,10,train,26,0.190000,0.162559
100,10,train,27,0.094900,0.108010
100,10,train,28,0.040000,0.116111
100,10,train,29,0.160000,0.133397
100,10,train,30,0.174900,0.140471
100,10,train,31,0.190000,0.161923
100,10,train,32,0.080000,0.096567
100,10,train,33,0.380000,0.258501
100,10,train,34,0.224400,0.138756
100,10,train,35,0.180000,0.138794
100,10,train,36,0.062000,0.114221
100,10,train,37,0.090000,0.122953
100,10,train,38,0.190000,0.190695
100,10,train,39,0.095300,0.071472
100,10,train,40,0.180000,0.147222
100,10,train,41,0.360000,0.242935
100,10,train,42,0.084600,0.109548
100,10,train,43,0.050000,0.057492
100,10,train,44,0.050000,0.087278
100,10,train,45,0.023500,0.095738
100,10,train,46,0.035100,0.063578
100,10,train,47,0.240000,0.201328
100,10,train,48,0.133000,0.121799
100,10,train,49,0.090000,0.083830
100,10,train,50,0.030000,0.145443
100,10,train,51,0.439000,0.328492
100,10,train,52,0.110000,0.120800
100,10,train,53,0.310000,0.255610
100,10,train,54,0.115100,0.130705
100,10,train,55,0.290000,0.236983
100,10,train,56,0.250000,0.238419
100,10,train,57,0.260000,0.250627
100,10,train,58,0.284200,0.180513
100,10,train,59,0.018000,0.050282
100,10,train,60,0.160000,0.126147
100,10,train,61,0.035400,0.078357
100,10,train,62,0.020000,0.085639
100,10,train,63,0.030000,0.070098
100,10,train,64,0.220000,0.161100
100,10,train,65,0.200000,0.172105
100,10,train,66,0.043800,0.092264
100,10,train,67,0.010000,0.052067
100,10,train,68,0.100000,0.080365
100,10,train,69,0.100000,0.077122
100,10,train,70,0.072000,0.117206
100,10,train,71,0.290000,0.243617
100,10,train,72,0.174900,0.149086
100,10,train,73,0.380000,0.223349
100,10,train,74,0.094700,0.140108
100,10,train,75,0.100000,0.095470
100,10,train,76,-0.350000,-0.119294
100,10,train,77,0.280000,0.251603
100,10,train,78,0.260000,0.155637
100,10,train,79,0.185100,0.146958
100,10,train,80,0.010000,0.062567
100,10,train,81,0.020000,0.119558
100,10,train,82,0.020000,0.061554
100,10,train,83,0.022000,0.073609
100,10,train,84,0.040000,0.124706
100,10,train,85,0.244400,0.203056
100,10,train,86,0.090000,0.121765
100,10,train,87,0.200000,0.159667
100,10,train,88,0.075400,0.091551
100,10,train,89,0.093900,0.095024
100,10,train,90,0.137000,0.126498
100,10,train,91,0.010000,0.093435
100,10,train,92,0.151000,0.112593
100,10,train,93,0.000000,0.055518
100,10,train,94,0.264400,0.234416
100,10,train,95,0.048480,0.067850
100,10,train,96,0.232000,0.259840
100,10,train,97,0.058480,0.068987
100,10,train,98,-0.080000,0.095802
100,10,train,99,0.144700,0.135264
100,10,train,100,0.114400,0.120917
100,10,train,101,0.130000,0.126517
100,10,train,102,0.185100,0.146958
100,10,train,103,0.260000,0.249006
100,10,train,104,0.080000,0.103192
100,10,train,105,0.144700,0.135264
100,10,train,106,0.025000,0.099812
100,10,train,107,0.150000,0.177114
100,10,train,108,0.242000,0.227813
100,10,train,109,0.160000,0.122738
100,10,train,110,0.120000,0.189305
100,10,train,111,0.080000,0.068993
100,10,train,112,0.094900,0.075900
100,10,train,113,0.190000,0.152075
100,10,train,114,0.240000,0.189446
100,10,train,115,0.320000,0.233409
100,10,train,116,0.190000,0.194754
100,10,train,117,0.150000,0.181957
100,10,train,118,0.063300,0.111299
100,10,train,119,0.020000,0.101650
100,10,train,120,0.020000,0.102506
100,10,train,121,0.350000,0.259226
100,10,train,122,0.403000,0.291385
100,10,train,123,0.040000,0.126007
100,10,train,124,0.240000,0.210695
100,10,train,125,0.030000,0.092184
100,10,train,126,0.170000,0.126618
100,10,train,127,0.090000,0.092425
100,10,train,128,0.270000,0.251582
100,10,train,129,0.280000,0.203001
120,1,test,0,0.043800,0.097823
120,1,test,1,0.044200,0.158942
120,1,test,2,0.075400,0.090487
120,1,test,3,0.115100,0.147769
120,1,test,4,0.020000,0.180507
120,1,test,5,0.090000,0.154383
120,1,test,6,-0.390000,0.160106
120,1,test,7,0.111520,0.216764
120,1,test,8,0.110000,0.105038
120,1,test,9,0.080000,0.118218
120,1,test,10,0.439000,0.193053
120,1,test,11,0.320000,0.164461
120,1,test,12,0.185100,0.177946
120,1,test,13,0.144500,0.104602
120,1,test,14,0.150000,0.214821
120,1,test,15,0.174900,0.185594
120,1,test,16,0.040000,0.121281
120,1,test,17,0.030000,0.113881
120,1,test,18,0.062000,0.138965
120,1,test,19,0.010000,0.111293
120,1,test,20,0.200000,0.183583
120,1,test,21,0.224400,0.161086
120,1,test,22,0.163300,0.123110
120,1,test,23,0.250000,0.192944
120,1,test,24,0.040000,0.126462
120,1,test,25,0.190000,0.163339
120,1,test,26,0.200000,0.128892
120,1,test,27,0.050000,0.084974
120,1,test,28,0.151000,0.113709
120,1,test,29,0.190000,0.179828
120,1,test,30,0.058480,0.092778
120,1,test,31,0.190000,0.122963
120,1,test,32,0.063300,0.070657
120,1,train,0,0.100000,0.100445
120,1,train,1,0.150000,0.175975
120,1,train,2,0.023500,0.056684
120,1,train,3,0.403000,0.285118
120,1,train,4,0.190000,0.171007
120,1,train,5,0.115100,0.147769
120,1,train,6,0.380000,0.332097
120,1,train,7,0.110000,0.119921
120,1,train,8,0.242000,0.222896
120,1,train,9,0.020000,0.049105
120,1,train,10,0.020000,0.045295
120,1,train,11,0.050000,0.064714
120,1,train,12,-0.110000,-0.026218
120,1,train,13,0.010000,0.066391
120,1,train,14,0.090000,0.099324
120,1,train,15,0.330000,0.265361
120,1,train,16,0.018000,0.046493
120,1,train,17,0.244400,0.238639
120,1,train,18,0.010000,0.032513
120,1,train,19,0.200000,0.177790
120,1,train,20,-0.350000,-0.152546
120,1,train,21,0.100000,0.094500
120,1,train,22,0.260000,0.241350
120,1,train,23,0.144700,0.146976
120,1,train,24,0.080000,0.078631
120,1,train,25,0.151000,0.125552
120,1,train,26,0.000000,0.023440
120,1,train,27,0.024200,0.051207
120,1,train,28,0.035400,0.040392
120,1,train,29,0.220000,0.170114
120,1,train,30,0.084600,0.100290
120,1,train,31,0.070000,0.095994
120,1,train,32,0.048480,0.073163
120,1,train,33,0.090000,0.123405
120,1,train,34,0.360000,0.279674
120,1,train,35,0.290000,0.250126
120,1,train,36,0.220000,0.170168
120,1,train,37,0.270000,0.254720
120,1,train,38,0.280000,0.242048
120,1,train,39,0.260000,0.211123
120,1,train,40,0.790000,0.687917
120,1,train,41,0.310000,0.283426
120,1,train,42,0.020000,0.065076
120,1,train,43,0.120000,0.162710
120,1,train,44,0.144700,0.146976
120,1,train,45,-0.080000,0.012375
120,1,train,46,0.020000,0.064813
120,1,train,47,0.094900,0.082855
120,1,train,48,0.035100,0.042093
120,1,train,49,0.094700,0.124191
120,1,train,50,0.160000,0.123110
120,1,train,51,0.040000,0.066832
120,1,train,52,0.180000,0.161376
120,1,train,53,0.230000,0.216975
120,1,train,54,0.010000,0.062604
120,1,train,55,0.090000,0.072959
120,1,train,56,0.020000,0.038432
120,1,train,57,0.284200,0.217508
120,1,train,58,0.135000,0.165191
120,1,train,59,0.820000,0.749360
120,1,train,60,0.045300,0.075845
120,1,train,61,0.035400,0.040392
120,1,train,62,0.240000,0.220159
120,1,train,63,0.020000,0.050866
120,1,train,64,0.264400,0.247534
120,1,train,65,0.093900,0.111386
120,1,train,66,0.030000,0.059033
120,1,train,67,0.280000,0.223579
120,1,train,68,0.018000,0.042230
120,1,train,69,0.080000,0.070730
120,1,train,70,0.280000,0.262712
120,1,train,71,0.050000,0.054881
120,1,train,72,0.174900,0.156450
120,1,train,73,0.130000,0.147520
120,1,train,74,0.190000,0.182316
120,1,train,75,0.790000,0.691196
120,1,train,76,0.170000,0.136964
120,1,train,77,0.090000,0.100994
120,1,train,78,0.075400,0.090487
120,1,train,79,0.273300,0.263684
120,1,train,80,0.030000,0.106396
120,1,train,81,0.185100,0.177946
120,1,train,82,0.160000,0.172838
120,1,train,83,0.054300,0.085045
120,1,train,84,0.094900,0.101563
120,1,train,85,0.193500,0.192887
120,1,train,86,0.030000,0.050122
120,1,train,87,0.073410,0.098648
120,1,train,88,0.022000,0.036443
120,1,train,89,0.210000,0.161682
120,1,train,90,0.010000,0.056698
120,1,train,91,0.210000,0.199655
120,1,train,92,0.094600,0.112628
120,1,train,93,-0.030000,0.006008
120,1,train,94,0.180000,0.171086
120,1,train,95,0.032000,0.055978
120,1,train,96,0.114400,0.120699
120,1,train,97,0.290000,0.246450
120,1,train,98,0.150000,0.181891
120,1,train,99,0.350000,0.300866
120,1,train,100,0.190000,0.185153
120,1,train,101,0.160000,0.157194
120,1,train,102,0.240000,0.234357
120,1,train,103,0.232000,0.239720
120,1,train,104,0.137000,0.126390
120,1,train,105,0.270000,0.262364
120,1,train,106,0.060000,0.070657
120,1,train,107,0.380000,0.291789
120,1,train,108,0.160000,0.156278
120,1,train,109,0.072000,0.096191
120,1,train,110,0.130000,0.124130
120,1,train,111,0.100000,0.101445
120,1,train,112,0.540000,0.400051
120,1,train,113,0.160000,0.170188
120,1,train,114,0.133000,0.117364
120,1,train,115,0.240000,0.207025
120,1,train,116,0.025000,0.055912
120,1,train,117,0.260000,0.226568
120,1,train,118,0.065340,0.105498
120,1,train,119,0.052410,0.081162
120,1,train,120,0.020000,0.086156
120,1,train,121,0.260000,0.191927
120,1,train,122,0.240000,0.214322
120,1,train,123,0.011000,0.033989
120,1,train,124,0.035100,0.042093
120,1,train,125,0.030000,0.065733
120,1,train,126,0.020000,0.063412
120,1,train,127,0.370000,0.332265
120,1,train,128,0.020000,0.108480
120,1,train,129,0.095300,0.086409
120,2,test,0,0.310000,0.219631
120,2,test,1,0.260000,0.107793
120,2,test,2,0.072000,0.133565
120,2,test,3,0.270000,0.254118
120,2,test,4,0.180000,0.139601
120,2,test,5,0.210000,0.066971
120,2,test,6,0.052410,0.183736
120,2,test,7,0.080000,0.072123
120,2,test,8,0.032000,0.112713
120,2,test,9,0.280000,0.176183
120,2,test,10,0.093900,0.107144
120,2,test,11,0.240000,0.178870
120,2,test,12,0.100000,0.112840
120,2,test,13,0.150000,0.137970
120,2,test,14,0.090000,0.095559
120,2,test,15,0.273300,0.221019
120,2,test,16,0.110000,0.134980
120,2,test,17,0.011000,0.152378
120,2,test,18,0.200000,0.141056
120,2,test,19,0.111520,0.187390
120,2,test,20,-0.080000,0.161713
120,2,test,21,0.073410,0.148355
120,2,test,22,0.043800,0.081782
120,2,test,23,0.010000,0.130288
120,2,test,24,-0.350000,0.190926
120,2,test,25,0.260000,0.177391
120,2,test,26,0.084600,0.068327
120,2,test,27,0.224400,0.149700
120,2,test,28,0.010000,0.117498
120,2,test,29,0.035100,0.057672
120,2,test,30,0.174900,0.128825
120,2,test,31,0.018000,0.115089
120,2,test,32,0.020000,0.191896
120,2,train,0,0.115100,0.122773
120,2,train,1,0.320000,0.257583
120,2,train,2,0.023500,0.056305
120,2,train,3,0.790000,0.687884
120,2,train,4,-0.110000,-0.001907
120,2,train,5,0.080000,0.091571
120,2,train,6,0.024200,0.040668
120,2,train,7,0.190000,0.169833
120,2,train,8,0.170000,0.144941
120,2,train,9,0.133000,0.125940
120,2,train,10,0.040000,0.078977
120,2,train,11,0.020000,0.070578
120,2,train,12,0.010000,0.088638
120,2,train,13,0.144700,0.142058
120,2,train,14,0.040000,0.101818
120,2,train,15,0.030000,0.078573
120,2,train,16,0.820000,0.754525
120,2,train,17,0.090000,0.098563
120,2,train,18,0.010000,0.035133
120,2,train,19,0.244400,0.234678
120,2,train,20,0.190000,0.160458
120,2,train,21,0.144700,0.142058
120,2,train,22,0.020000,0.074892
120,2,train,23,0.264400,0.240434
120,2,train,24,0.048480,0.062322
120,2,train,25,0.240000,0.217051
120,2,train,26,0.110000,0.113731
120,2,train,27,0.062000,0.079808
120,2,train,28,0.065340,0.088965
120,2,train,29,0.180000,0.170510
120,2,train,30,0.030000,0.053740
120,2,train,31,0.120000,0.179008
120,2,train,32,0.025000,0.052336
120,2,train,33,0.114400,0.113326
120,2,train,34,-0.390000,-0.199758
120,2,train,35,0.030000,0.027125
120,2,train,36,0.020000,0.051017
120,2,train,37,0.018000,0.035458
120,2,train,38,0.090000,0.082705
120,2,train,39,0.151000,0.136292
120,2,train,40,0.790000,0.716064
120,2,train,41,0.094600,0.100038
120,2,train,42,0.020000,0.059368
120,2,train,43,0.190000,0.182826
120,2,train,44,0.050000,0.051275
120,2,train,45,0.040000,0.079660
120,2,train,46,0.240000,0.207240
120,2,train,47,0.439000,0.354850
120,2,train,48,0.050000,0.064412
120,2,train,49,0.000000,0.029584
120,2,train,50,0.185100,0.180459
120,2,train,51,0.270000,0.221685
120,2,train,52,0.151000,0.136207
120,2,train,53,0.130000,0.157835
120,2,train,54,0.540000,0.370746
120,2,train,55,0.240000,0.227291
120,2,train,56,0.075400,0.077361
120,2,train,57,0.010000,0.044973
120,2,train,58,0.144500,0.122710
120,2,train,59,0.075400,0.077361
120,2,train,60,0.130000,0.124690
120,2,train,61,-0.030000,0.010427
120,2,train,62,0.280000,0.223524
120,2,train,63,0.190000,0.170246
120,2,train,64,0.284200,0.225294
120,2,train,65,0.063300,0.072250
120,2,train,66,0.020000,0.046072
120,2,train,67,0.094900,0.100430
120,2,train,68,0.260000,0.252783
120,2,train,69,0.054300,0.080409
120,2,train,70,0.135000,0.167523
120,2,train,71,0.160000,0.134899
120,2,train,72,0.100000,0.114587
120,2,train,73,0.035400,0.046703
120,2,train,74,0.160000,0.149304
120,2,train,75,0.260000,0.240688
120,2,train,76,0.150000,0.164873
120,2,train,77,0.232000,0.288467
120,2,train,78,0.020000,0.059804
120,2,train,79,0.020000,0.075982
120,2,train,80,0.100000,0.125030
120,2,train,81,0.200000,0.189514
120,2,train,82,0.290000,0.271632
120,2,train,83,0.050000,0.061430
120,2,train,84,0.020000,0.041223
120,2,train,85,0.030000,0.099750
120,2,train,86,0.160000,0.160272
120,2,train,87,0.350000,0.294487
120,2,train,88,0.020000,0.079365
120,2,train,89,0.163300,0.150544
120,2,train,90,0.210000,0.190957
120,2,train,91,0.035100,0.057230
120,2,train,92,0.190000,0.206173
120,2,train,93,0.115100,0.122773
120,2,train,94,0.022000,0.039119
120,2,train,95,0.160000,0.174816
120,2,train,96,0.160000,0.127714
120,2,train,97,0.185100,0.180459
120,2,train,98,0.360000,0.308838
120,2,train,99,0.290000,0.237968
120,2,train,100,0.090000,0.131504
120,2,train,101,0.094700,0.113651
120,2,train,102,0.094900,0.092606
120,2,train,103,0.070000,0.100611
120,2,train,104,0.030000,0.051892
120,2,train,105,0.380000,0.316740
120,2,train,106,0.330000,0.244156
120,2,train,107,0.242000,0.230565
120,2,train,108,0.045300,0.065659
120,2,train,109,0.200000,0.198333
120,2,train,110,0.190000,0.171985
120,2,train,111,0.080000,0.080312
120,2,train,112,0.220000,0.182022
120,2,train,113,0.230000,0.216227
120,2,train,114,0.095300,0.090447
120,2,train,115,0.280000,0.260338
120,2,train,116,0.250000,0.233164
120,2,train,117,0.150000,0.165059
120,2,train,118,0.058480,0.071793
120,2,train,119,0.060000,0.070879
120,2,train,120,0.044200,0.069971
120,2,train,121,0.403000,0.324545
120,2,train,122,0.035400,0.046703
120,2,train,123,0.380000,0.290042
120,2,train,124,0.220000,0.189644
120,2,train,125,0.174900,0.165435
120,2,train,126,0.193500,0.186521
120,2,train,127,0.137000,0.136281
120,2,train,128,0.370000,0.305781
120,2,train,129,0.090000,0.089423
120,3,test,0,-0.030000,0.082585
120,3,test,1,0.150000,0.169436
120,3,test,2,0.310000,0.223273
120,3,test,3,0.180000,0.139964
120,3,test,4,0.044200,0.117025
120,3,test,5,0.062000,0.122066
120,3,test,6,0.094900,0.124707
120,3,test,7,0.030000,0.147044
120,3,test,8,0.230000,0.155096
120,3,test,9,0.063300,0.097063
120,3,test,10,0.090000,0.118370
120,3,test,11,0.020000,0.146786
120,3,test,12,0.273300,0.211466
120,3,test,13,0.040000,0.138922
120,3,test,14,0.052410,0.148239
120,3,test,15,0.023500,0.091262
120,3,test,16,0.058480,0.096451
120,3,test,17,0.439000,0.209777
120,3,test,18,0.232000,0.280371
120,3,test,19,0.790000,0.527904
120,3,test,20,0.120000,0.201396
120,3,test,21,-0.390000,0.119884
120,3,test,22,0.050000,0.067739
120,3,test,23,0.540000,0.097089
120,3,test,24,0.185100,0.166813
120,3,test,25,0.190000,0.140587
120,3,test,26,0.360000,0.198113
120,3,test,27,0.200000,0.069466
120,3,test,28,0.190000,0.124628
120,3,test,29,0.032000,0.105678
120,3,test,30,0.020000,0.125557
120,3,test,31,0.220000,0.071637
120,3,test,32,-0.080000,0.142488
120,3,train,0,0.090000,0.087940
120,3,train,1,0.080000,0.084490
120,3,train,2,0.073410,0.106856
120,3,train,3,0.045300,0.053235
120,3,train,4,0.011000,0.057184
120,3,train,5,0.350000,0.304866
120,3,train,6,0.264400,0.239892
120,3,train,7,0.290000,0.250209
120,3,train,8,0.030000,0.059070
120,3,train,9,0.130000,0.155707
120,3,train,10,0.370000,0.301674
120,3,train,11,0.010000,0.056306
120,3,train,12,0.193500,0.181663
120,3,train,13,0.130000,0.127082
120,3,train,14,0.137000,0.129617
120,3,train,15,0.100000,0.103518
120,3,train,16,0.020000,0.082870
120,3,train,17,0.330000,0.246073
120,3,train,18,0.093900,0.096212
120,3,train,19,0.174900,0.159692
120,3,train,20,0.200000,0.161309
120,3,train,21,0.075400,0.076396
120,3,train,22,0.094900,0.091137
120,3,train,23,0.030000,0.054319
120,3,train,24,0.084600,0.094335
120,3,train,25,0.111520,0.141977
120,3,train,26,0.030000,0.104954
120,3,train,27,0.160000,0.112403
120,3,train,28,0.144700,0.143505
120,3,train,29,0.284200,0.215631
120,3,train,30,0.160000,0.148826
120,3,train,31,0.090000,0.125793
120,3,train,32,0.144500,0.118713
120,3,train,33,0.030000,0.059839
120,3,train,34,0.100000,0.097731
120,3,train,35,0.020000,0.049623
120,3,train,36,0.090000,0.103996
120,3,train,37,0.240000,0.215407
120,3,train,38,0.022000,0.042756
120,3,train,39,0.144700,0.143505
120,3,train,40,0.280000,0.223321
120,3,train,41,0.035400,0.040999
120,3,train,42,0.260000,0.222512
120,3,train,43,0.224400,0.192244
120,3,train,44,0.163300,0.150467
120,3,train,45,0.260000,0.259028
120,3,train,46,0.403000,0.295365
120,3,train,47,0.020000,0.076295
120,3,train,48,0.040000,0.090110
120,3,train,49,0.020000,0.051456
120,3,train,50,0.072000,0.094366
120,3,train,51,0.043800,0.060307
120,3,train,52,0.048480,0.069307
120,3,train,53,0.270000,0.259168
120,3,train,54,0.025000,0.050049
120,3,train,55,0.160000,0.147436
120,3,train,56,0.020000,0.091964
120,3,train,57,0.270000,0.212091
120,3,train,58,0.024200,0.045321
120,3,train,59,0.114400,0.122684
120,3,train,60,0.050000,0.062139
120,3,train,61,0.080000,0.080025
120,3,train,62,0.035400,0.040999
120,3,train,63,0.100000,0.098446
120,3,train,64,0.020000,0.060928
120,3,train,65,0.174900,0.167473
120,3,train,66,0.250000,0.231291
120,3,train,67,0.200000,0.201319
120,3,train,68,0.135000,0.169702
120,3,train,69,0.185100,0.166813
120,3,train,70,0.190000,0.170124
120,3,train,71,0.035100,0.044252
120,3,train,72,0.018000,0.044251
120,3,train,73,0.320000,0.244986
120,3,train,74,0.040000,0.080033
120,3,train,75,0.110000,0.110133
120,3,train,76,0.240000,0.225973
120,3,train,77,0.010000,0.081023
120,3,train,78,0.094700,0.120373
120,3,train,79,0.290000,0.264768
120,3,train,80,0.260000,0.200509
120,3,train,81,0.150000,0.168065
120,3,train,82,0.010000,0.040789
120,3,train,83,0.820000,0.677489
120,3,train,84,0.060000,0.096836
120,3,train,85,0.260000,0.219387
120,3,train,86,0.000000,0.028916
120,3,train,87,0.050000,0.063317
120,3,train,88,0.170000,0.141380
120,3,train,89,0.160000,0.147634
120,3,train,90,0.190000,0.169323
120,3,train,91,0.180000,0.174430
120,3,train,92,0.244400,0.228433
120,3,train,93,0.280000,0.268322
120,3,train,94,0.115100,0.124835
120,3,train,95,0.210000,0.158006
120,3,train,96,0.210000,0.193554
120,3,train,97,0.075400,0.076396
120,3,train,98,0.065340,0.084592
120,3,train,99,0.095300,0.093828
120,3,train,100,0.035100,0.044990
120,3,train,101,0.240000,0.216883
120,3,train,102,0.242000,0.225694
120,3,train,103,0.380000,0.296928
120,3,train,104,0.160000,0.149170
120,3,train,105,0.020000,0.050136
120,3,train,106,0.110000,0.111893
120,3,train,107,0.010000,0.048134
120,3,train,108,0.220000,0.192572
120,3,train,109,0.070000,0.105139
120,3,train,110,0.115100,0.124835
120,3,train,111,0.240000,0.208215
120,3,train,112,0.190000,0.175542
120,3,train,113,0.280000,0.244909
120,3,train,114,-0.110000,-0.018315
120,3,train,115,0.151000,0.142329
120,3,train,116,0.054300,0.080260
120,3,train,117,0.133000,0.128414
120,3,train,118,0.151000,0.137421
120,3,train,119,0.150000,0.172541
120,3,train,120,-0.350000,-0.143463
120,3,train,121,0.380000,0.309881
120,3,train,122,0.010000,0.060836
120,3,train,123,0.080000,0.080481
120,3,train,124,0.018000,0.034497
120,3,train,125,0.094600,0.112230
120,3,train,126,0.020000,0.070160
120,3,train,127,0.790000,0.645411
120,3,train,128,0.190000,0.188814
120,3,train,129,0.090000,0.080621
120,4,test,0,0.439000,0.213105
120,4,test,1,0.073410,0.165792
120,4,test,2,0.080000,0.109344
120,4,test,3,0.151000,0.106846
120,4,test,4,0.000000,0.069096
120,4,test,5,0.044200,0.120658
120,4,test,6,0.090000,0.113693
120,4,test,7,0.244400,0.186239
120,4,test,8,0.290000,0.098959
120,4,test,9,0.052410,0.189951
120,4,test,10,0.010000,0.196266
120,4,test,11,0.170000,0.096937
120,4,test,12,0.040000,0.138946
120,4,test,13,0.060000,0.104681
120,4,test,14,0.260000,0.159888
120,4,test,15,0.084600,0.109197
120,4,test,16,0.054300,0.140842
120,4,test,17,0.224400,0.140630
120,4,test,18,-0.080000,0.154143
120,4,test,19,0.062000,0.140457
120,4,test,20,0.284200,0.090560
120,4,test,21,0.200000,0.121707
120,4,test,22,0.160000,0.121942
120,4,test,23,0.144500,0.080344
120,4,test,24,0.090000,0.152884
120,4,test,25,0.010000,0.103863
120,4,test,26,0.185100,0.163242
120,4,test,27,0.790000,0.496083
120,4,test,28,0.310000,0.214685
120,4,test,29,0.010000,0.141843
120,4,test,30,0.280000,0.162798
120,4,test,31,0.380000,0.212297
120,4,test,32,0.273300,0.218069
120,4,train,0,0.025000,0.054945
120,4,train,1,0.050000,0.060836
120,4,train,2,0.050000,0.067260
120,4,train,3,0.185100,0.163242
120,4,train,4,0.190000,0.197754
120,4,train,5,0.065340,0.083406
120,4,train,6,0.040000,0.067564
120,4,train,7,0.144700,0.148981
120,4,train,8,0.130000,0.120299
120,4,train,9,0.240000,0.229025
120,4,train,10,0.250000,0.171094
120,4,train,11,0.111520,0.143643
120,4,train,12,0.100000,0.091978
120,4,train,13,0.023500,0.047526
120,4,train,14,0.094700,0.125508
120,4,train,15,0.242000,0.222233
120,4,train,16,0.030000,0.070951
120,4,train,17,0.200000,0.147213
120,4,train,18,0.360000,0.293168
120,4,train,19,0.270000,0.218206
120,4,train,20,0.150000,0.165066
120,4,train,21,0.380000,0.294540
120,4,train,22,0.270000,0.253820
120,4,train,23,0.040000,0.078106
120,4,train,24,0.080000,0.082622
120,4,train,25,0.020000,0.042630
120,4,train,26,0.011000,0.051455
120,4,train,27,0.080000,0.077274
120,4,train,28,0.090000,0.091506
120,4,train,29,0.070000,0.096587
120,4,train,30,0.193500,0.186393
120,4,train,31,0.190000,0.178527
120,4,train,32,0.264400,0.230850
120,4,train,33,0.150000,0.161358
120,4,train,34,0.280000,0.259254
120,4,train,35,0.018000,0.049657
120,4,train,36,0.022000,0.043817
120,4,train,37,0.035400,0.042588
120,4,train,38,0.032000,0.063536
120,4,train,39,0.240000,0.205953
120,4,train,40,0.163300,0.149870
120,4,train,41,0.094900,0.091429
120,4,train,42,0.030000,0.073806
120,4,train,43,0.110000,0.109818
120,4,train,44,0.030000,0.036787
120,4,train,45,0.540000,0.331234
120,4,train,46,0.230000,0.220724
120,4,train,47,0.280000,0.219112
120,4,train,48,0.115100,0.119184
120,4,train,49,0.210000,0.152698
120,4,train,50,0.063300,0.104681
120,4,train,51,0.058480,0.067974
120,4,train,52,0.320000,0.257453
120,4,train,53,0.020000,0.098660
120,4,train,54,0.115100,0.119184
120,4,train,55,0.220000,0.170758
120,4,train,56,0.020000,0.085214
120,4,train,57,0.190000,0.149671
120,4,train,58,0.100000,0.093904
120,4,train,59,0.370000,0.298613
120,4,train,60,0.095300,0.091317
120,4,train,61,0.350000,0.289220
120,4,train,62,0.190000,0.169392
120,4,train,63,0.020000,0.045412
120,4,train,64,0.035100,0.043664
120,4,train,65,0.048480,0.062138
120,4,train,66,0.035100,0.044929
120,4,train,67,0.072000,0.087425
120,4,train,68,0.110000,0.109175
120,4,train,69,0.190000,0.166081
120,4,train,70,0.190000,0.187532
120,4,train,71,0.075400,0.077711
120,4,train,72,0.240000,0.195495
120,4,train,73,0.260000,0.204369
120,4,train,74,0.090000,0.081434
120,4,train,75,0.090000,0.119260
120,4,train,76,-0.030000,0.015936
120,4,train,77,0.133000,0.108129
120,4,train,78,-0.350000,-0.152059
120,4,train,79,0.174900,0.164272
120,4,train,80,0.290000,0.245332
120,4,train,81,0.160000,0.149771
120,4,train,82,0.030000,0.058014
120,4,train,83,0.137000,0.137057
120,4,train,84,0.180000,0.174687
120,4,train,85,0.820000,0.648234
120,4,train,86,0.093900,0.116134
120,4,train,87,0.094900,0.095615
120,4,train,88,0.024200,0.048021
120,4,train,89,0.020000,0.046664
120,4,train,90,0.020000,0.074956
120,4,train,91,0.144700,0.148981
120,4,train,92,0.151000,0.114412
120,4,train,93,0.050000,0.054053
120,4,train,94,0.100000,0.100186
120,4,train,95,0.403000,0.296386
120,4,train,96,0.035400,0.042588
120,4,train,97,0.130000,0.164034
120,4,train,98,0.150000,0.161202
120,4,train,99,0.260000,0.213752
120,4,train,100,0.180000,0.172955
120,4,train,101,0.018000,0.038140
120,4,train,102,0.135000,0.152655
120,4,train,103,0.160000,0.145223
120,4,train,104,-0.110000,0.004716
120,4,train,105,0.210000,0.206378
120,4,train,106,0.010000,0.064603
120,4,train,107,0.114400,0.118598
120,4,train,108,-0.390000,-0.166570
120,4,train,109,0.010000,0.034974
120,4,train,110,0.094600,0.105163
120,4,train,111,0.020000,0.088049
120,4,train,112,0.790000,0.645019
120,4,train,113,0.160000,0.115224
120,4,train,114,0.260000,0.201178
120,4,train,115,0.045300,0.055432
120,4,train,116,0.043800,0.062058
120,4,train,117,0.020000,0.087554
120,4,train,118,0.232000,0.241274
120,4,train,119,0.020000,0.061726
120,4,train,120,0.075400,0.077711
120,4,train,121,0.030000,0.112661
120,4,train,122,0.200000,0.210585
120,4,train,123,0.330000,0.224879
120,4,train,124,0.020000,0.074084
120,4,train,125,0.160000,0.153905
120,4,train,126,0.174900,0.168702
120,4,train,127,0.220000,0.188132
120,4,train,128,0.240000,0.213451
120,4,train,129,0.120000,0.154189
120,5,test,0,0.054300,0.141635
120,5,test,1,0.240000,0.132547
120,5,test,2,0.040000,0.143453
120,5,test,3,0.790000,0.547377
120,5,test,4,0.100000,0.108009
120,5,test,5,0.010000,0.106820
120,5,test,6,0.094600,0.154324
120,5,test,7,-0.350000,0.128313
120,5,test,8,0.240000,0.180274
120,5,test,9,0.093900,0.111723
120,5,test,10,0.185100,0.152269
120,5,test,11,0.190000,0.108318
120,5,test,12,0.024200,0.099835
120,5,test,13,0.032000,0.124786
120,5,test,14,0.280000,0.182768
120,5,test,15,-0.030000,0.111165
120,5,test,16,0.030000,0.118385
120,5,test,17,0.160000,0.115388
120,5,test,18,0.260000,0.159815
120,5,test,19,0.063300,0.140933
120,5,test,20,0.190000,0.131427
120,5,test,21,0.160000,0.137544
120,5,test,22,0.163300,0.109973
120,5,test,23,0.023500,0.110749
120,5,test,24,0.094700,0.160507
120,5,test,25,0.174900,0.135123
120,5,test,26,0.090000,0.107239
120,5,test,27,0.035100,0.094789
120,5,test,28,0.052410,0.173159
120,5,test,29,0.200000,0.149440
120,5,test,30,0.010000,0.198877
120,5,test,31,0.220000,0.129713
120,5,test,32,0.190000,0.198840
120,5,train,0,0.160000,0.138263
120,5,train,1,0.790000,0.653250
120,5,train,2,0.075400,0.105568
120,5,train,3,0.050000,0.092290
120,5,train,4,0.110000,0.118122
120,5,train,5,0.310000,0.211165
120,5,train,6,0.040000,0.131373
120,5,train,7,0.090000,0.099144
120,5,train,8,0.174900,0.133780
120,5,train,9,0.020000,0.103308
120,5,train,10,0.144700,0.136722
120,5,train,11,-0.110000,0.110779
120,5,train,12,0.133000,0.107107
120,5,train,13,0.048480,0.094430
120,5,train,14,0.010000,0.128675
120,5,train,15,0.220000,0.137993
120,5,train,16,0.250000,0.140527
120,5,train,17,0.190000,0.123523
120,5,train,18,0.270000,0.171638
120,5,train,19,0.193500,0.166432
120,5,train,20,0.232000,0.263924
120,5,train,21,0.260000,0.175750
120,5,train,22,0.370000,0.208863
120,5,train,23,0.100000,0.119450
120,5,train,24,0.260000,0.137926
120,5,train,25,0.060000,0.140933
120,5,train,26,0.151000,0.103075
120,5,train,27,0.020000,0.092670
120,5,train,28,0.244400,0.196306
120,5,train,29,0.094900,0.093680
120,5,train,30,0.025000,0.108816
120,5,train,31,0.018000,0.084810
120,5,train,32,0.210000,0.176415
120,5,train,33,0.065340,0.110967
120,5,train,34,0.111520,0.152990
120,5,train,35,0.150000,0.149441
120,5,train,36,0.190000,0.163017
120,5,train,37,0.070000,0.138137
120,5,train,38,0.160000,0.098661
120,5,train,39,0.137000,0.131065
120,5,train,40,0.210000,0.096296
120,5,train,41,0.095300,0.096578
120,5,train,42,0.100000,0.106179
120,5,train,43,0.403000,0.226500
120,5,train,44,0.170000,0.117678
120,5,train,45,0.260000,0.158987
120,5,train,46,0.020000,0.130034
120,5,train,47,0.020000,0.147238
120,5,train,48,0.035400,0.097337
120,5,train,49,0.022000,0.090117
120,5,train,50,0.151000,0.101001
120,5,train,51,0.150000,0.157711
120,5,train,52,0.094900,0.101954
120,5,train,53,0.135000,0.178729
120,5,train,54,0.130000,0.165403
120,5,train,55,0.080000,0.109497
120,5,train,56,0.073410,0.141012
120,5,train,57,0.020000,0.100917
120,5,train,58,0.084600,0.126276
120,5,train,59,0.284200,0.143214
120,5,train,60,0.240000,0.163574
120,5,train,61,0.230000,0.175047
120,5,train,62,0.044200,0.105916
120,5,train,63,0.072000,0.118360
120,5,train,64,0.280000,0.165547
120,5,train,65,0.010000,0.105370
120,5,train,66,0.115100,0.134785
120,5,train,67,0.080000,0.116575
120,5,train,68,0.075400,0.105568
120,5,train,69,0.190000,0.162012
120,5,train,70,0.120000,0.182244
120,5,train,71,0.110000,0.107160
120,5,train,72,0.144700,0.136722
120,5,train,73,0.242000,0.186591
120,5,train,74,0.224400,0.134988
120,5,train,75,0.030000,0.116660
120,5,train,76,0.115100,0.134785
120,5,train,77,0.035100,0.094457
120,5,train,78,0.180000,0.157092
120,5,train,79,0.020000,0.129715
120,5,train,80,0.380000,0.202451
120,5,train,81,0.030000,0.107965
120,5,train,82,0.080000,0.095530
120,5,train,83,0.090000,0.135636
120,5,train,84,0.160000,0.109973
120,5,train,85,0.150000,0.161206
120,5,train,86,0.030000,0.156813
120,5,train,87,0.040000,0.126677
120,5,train,88,0.320000,0.179360
120,5,train,89,0.439000,0.246806
120,5,train,90,-0.390000,0.029965
120,5,train,91,0.180000,0.146768
120,5,train,92,0.000000,0.092986
120,5,train,93,0.144500,0.100621
120,5,train,94,0.035400,0.097337
120,5,train,95,0.020000,0.142704
120,5,train,96,0.045300,0.101527
120,5,train,97,0.540000,0.173697
120,5,train,98,0.280000,0.182136
120,5,train,99,0.058480,0.093924
120,5,train,100,0.360000,0.197558
120,5,train,101,0.050000,0.090716
120,5,train,102,0.010000,0.102474
120,5,train,103,0.820000,0.665322
120,5,train,104,0.020000,0.124621
120,5,train,105,0.330000,0.143980
120,5,train,106,0.200000,0.135371
120,5,train,107,0.200000,0.184594
120,5,train,108,0.240000,0.175247
120,5,train,109,0.273300,0.171638
120,5,train,110,0.090000,0.093991
120,5,train,111,0.020000,0.137515
120,5,train,112,0.290000,0.172430
120,5,train,113,0.270000,0.199693
120,5,train,114,0.130000,0.113967
120,5,train,115,0.114400,0.115772
120,5,train,116,-0.080000,0.130039
120,5,train,117,0.043800,0.104176
120,5,train,118,0.264400,0.196389
120,5,train,119,0.185100,0.152269
120,5,train,120,0.030000,0.096341
120,5,train,121,0.062000,0.129345
120,5,train,122,0.380000,0.179934
120,5,train,123,0.050000,0.094409
120,5,train,124,0.090000,0.155037
120,5,train,125,0.350000,0.212241
120,5,train,126,0.020000,0.122396
120,5,train,127,0.011000,0.113899
120,5,train,128,0.290000,0.184960
120,5,train,129,0.018000,0.095379
120,6,test,0,0.190000,0.136681
120,6,test,1,0.310000,0.222988
120,6,test,2,0.220000,0.142233
120,6,test,3,0.095300,0.063786
120,6,test,4,0.280000,0.176950
120,6,test,5,0.100000,0.094832
120,6,test,6,0.020000,0.104623
120,6,test,7,0.190000,0.151600
120,6,test,8,0.290000,0.218729
120,6,test,9,0.144700,0.144856
120,6,test,10,0.790000,0.435321
120,6,test,11,0.020000,0.170086
120,6,test,12,0.020000,0.128826
120,6,test,13,0.160000,0.150919
120,6,test,14,0.114400,0.095010
120,6,test,15,0.174900,0.125062
120,6,test,16,0.260000,0.216267
120,6,test,17,0.210000,0.172468
120,6,test,18,0.045300,0.060198
120,6,test,19,0.084600,0.107846
120,6,test,20,0.150000,0.208263
120,6,test,21,0.040000,0.128122
120,6,test,22,0.151000,0.077754
120,6,test,23,0.280000,0.227043
120,6,test,24,0.151000,0.083375
120,6,test,25,0.035400,0.080003
120,6,test,26,0.144500,0.060900
120,6,test,27,0.030000,0.099621
120,6,test,28,0.160000,0.118051
120,6,test,29,-0.390000,0.117935
120,6,test,30,0.035100,0.057959
120,6,test,31,0.200000,0.142175
120,6,test,32,0.035400,0.080003
120,6,train,0,0.133000,0.114204
120,6,train,1,0.190000,0.165453
120,6,train,2,0.200000,0.208724
120,6,train,3,0.093900,0.095616
120,6,train,4,0.030000,0.057572
120,6,train,5,0.135000,0.162733
120,6,train,6,0.000000,0.037991
120,6,train,7,0.110000,0.130171
120,6,train,8,0.100000,0.092535
120,6,train,9,0.190000,0.223441
120,6,train,10,0.163300,0.140511
120,6,train,11,0.080000,0.072413
120,6,train,12,0.094900,0.087966
120,6,train,13,0.025000,0.063165
120,6,train,14,0.260000,0.196270
120,6,train,15,0.370000,0.290881
120,6,train,16,0.018000,0.040082
120,6,train,17,0.150000,0.174659
120,6,train,18,0.264400,0.248400
120,6,train,19,0.100000,0.099566
120,6,train,20,0.240000,0.270851
120,6,train,21,0.185100,0.172452
120,6,train,22,0.230000,0.241937
120,6,train,23,0.043800,0.066548
120,6,train,24,0.020000,0.045834
120,6,train,25,0.160000,0.133484
120,6,train,26,0.170000,0.124371
120,6,train,27,0.270000,0.238358
120,6,train,28,0.094700,0.111289
120,6,train,29,0.020000,0.062696
120,6,train,30,0.090000,0.086691
120,6,train,31,0.120000,0.163104
120,6,train,32,0.284200,0.190230
120,6,train,33,0.240000,0.202850
120,6,train,34,0.020000,0.109384
120,6,train,35,0.065340,0.103600
120,6,train,36,0.330000,0.215096
120,6,train,37,0.190000,0.174146
120,6,train,38,0.020000,0.084167
120,6,train,39,0.220000,0.180967
120,6,train,40,0.130000,0.153428
120,6,train,41,0.180000,0.161228
120,6,train,42,0.050000,0.052243
120,6,train,43,0.080000,0.083988
120,6,train,44,0.224400,0.174068
120,6,train,45,0.018000,0.030063
120,6,train,46,0.320000,0.298137
120,6,train,47,0.075400,0.074130
120,6,train,48,0.090000,0.124715
120,6,train,49,0.010000,0.036996
120,6,train,50,0.072000,0.096545
120,6,train,51,0.200000,0.174391
120,6,train,52,-0.080000,0.038696
120,6,train,53,0.020000,0.061009
120,6,train,54,0.190000,0.184807
120,6,train,55,0.011000,0.027927
120,6,train,56,0.080000,0.078057
120,6,train,57,0.040000,0.096653
120,6,train,58,0.280000,0.218092
120,6,train,59,0.150000,0.180674
120,6,train,60,0.240000,0.201443
120,6,train,61,0.094600,0.120952
120,6,train,62,0.044200,0.072271
120,6,train,63,0.022000,0.048600
120,6,train,64,0.062000,0.091134
120,6,train,65,0.260000,0.255816
120,6,train,66,0.380000,0.291458
120,6,train,67,0.094900,0.097372
120,6,train,68,0.242000,0.229321
120,6,train,69,0.010000,0.032053
120,6,train,70,0.180000,0.154545
120,6,train,71,0.048480,0.051483
120,6,train,72,0.380000,0.259841
120,6,train,73,0.290000,0.281424
120,6,train,74,0.023500,0.060956
120,6,train,75,0.024200,0.043236
120,6,train,76,0.073410,0.101282
120,6,train,77,0.050000,0.064925
120,6,train,78,0.273300,0.237213
120,6,train,79,0.137000,0.133615
120,6,train,80,0.111520,0.155045
120,6,train,81,0.075400,0.074130
120,6,train,82,0.032000,0.057305
120,6,train,83,0.090000,0.107181
120,6,train,84,0.020000,0.077617
120,6,train,85,0.030000,0.062186
120,6,train,86,0.020000,0.049835
120,6,train,87,0.010000,0.099237
120,6,train,88,0.115100,0.127403
120,6,train,89,0.403000,0.374403
120,6,train,90,-0.030000,0.030876
120,6,train,91,0.070000,0.092921
120,6,train,92,0.063300,0.074361
120,6,train,93,-0.350000,0.004074
120,6,train,94,0.115100,0.127403
120,6,train,95,0.360000,0.295256
120,6,train,96,0.160000,0.163837
120,6,train,97,0.232000,0.379896
120,6,train,98,0.193500,0.186056
120,6,train,99,0.244400,0.209135
120,6,train,100,0.250000,0.221535
120,6,train,101,0.110000,0.093830
120,6,train,102,0.060000,0.073076
120,6,train,103,-0.110000,0.023014
120,6,train,104,0.210000,0.122770
120,6,train,105,0.439000,0.362872
120,6,train,106,0.040000,0.129465
120,6,train,107,0.820000,0.508528
120,6,train,108,0.260000,0.247195
120,6,train,109,0.130000,0.118917
120,6,train,110,0.090000,0.088049
120,6,train,111,0.270000,0.247573
120,6,train,112,0.030000,0.073560
120,6,train,113,0.058480,0.057793
120,6,train,114,0.790000,0.500600
120,6,train,115,0.350000,0.286008
120,6,train,116,0.540000,0.272800
120,6,train,117,0.010000,0.034661
120,6,train,118,0.054300,0.092008
120,6,train,119,0.144700,0.144856
120,6,train,120,0.174900,0.168511
120,6,train,121,0.240000,0.222998
120,6,train,122,0.052410,0.088123
120,6,train,123,0.160000,0.139626
120,6,train,124,0.185100,0.172452
120,6,train,125,0.050000,0.057156
120,6,train,126,0.035100,0.056763
120,6,train,127,0.030000,0.120836
120,6,train,128,0.090000,0.078360
120,6,train,129,0.010000,0.059744
120,7,test,0,0.144700,0.142768
120,7,test,1,0.130000,0.220332
120,7,test,2,0.095300,0.081302
120,7,test,3,0.030000,0.217340
120,7,test,4,0.290000,0.086957
120,7,test,5,0.075400,0.078486
120,7,test,6,0.150000,0.180653
120,7,test,7,0.020000,0.152511
120,7,test,8,0.094700,0.157895
120,7,test,9,0.280000,0.222130
120,7,test,10,0.073410,0.120737
120,7,test,11,0.200000,0.079816
120,7,test,12,0.380000,0.232706
120,7,test,13,0.190000,0.127846
120,7,test,14,0.020000,0.148194
120,7,test,15,0.072000,0.140542
120,7,test,16,0.080000,0.080939
120,7,test,17,0.018000,0.099086
120,7,test,18,0.220000,0.132637
120,7,test,19,0.240000,0.098814
120,7,test,20,0.020000,0.089655
120,7,test,21,0.084600,0.087227
120,7,test,22,0.160000,0.098217
120,7,test,23,0.790000,0.441371
120,7,test,24,0.060000,0.097666
120,7,test,25,0.090000,0.131937
120,7,test,26,0.135000,0.232058
120,7,test,27,0.210000,0.196448
120,7,test,28,0.230000,0.220762
120,7,test,29,0.115100,0.164982
120,7,test,30,0.115100,0.164982
120,7,test,31,0.790000,0.425103
120,7,test,32,0.110000,0.121282
120,7,train,0,0.244400,0.229723
120,7,train,1,0.260000,0.223377
120,7,train,2,0.035100,0.049144
120,7,train,3,0.160000,0.102068
120,7,train,4,0.022000,0.042866
120,7,train,5,0.160000,0.141584
120,7,train,6,0.100000,0.094851
120,7,train,7,0.032000,0.066618
120,7,train,8,0.063300,0.097666
120,7,train,9,0.190000,0.173415
120,7,train,10,-0.110000,-0.003372
120,7,train,11,0.010000,0.067201
120,7,train,12,0.137000,0.132945
120,7,train,13,0.018000,0.041387
120,7,train,14,0.054300,0.075457
120,7,train,15,-0.080000,0.021507
120,7,train,16,-0.030000,0.029395
120,7,train,17,0.273300,0.249095
120,7,train,18,0.048480,0.058646
120,7,train,19,0.200000,0.171951
120,7,train,20,0.094900,0.082936
120,7,train,21,0.190000,0.201993
120,7,train,22,0.100000,0.094582
120,7,train,23,-0.350000,-0.156244
120,7,train,24,0.080000,0.079154
120,7,train,25,0.439000,0.355435
120,7,train,26,-0.390000,-0.186120
120,7,train,27,0.011000,0.047569
120,7,train,28,0.185100,0.174488
120,7,train,29,0.020000,0.078909
120,7,train,30,0.260000,0.224336
120,7,train,31,0.350000,0.307360
120,7,train,32,0.035400,0.043123
120,7,train,33,0.130000,0.128241
120,7,train,34,0.224400,0.184480
120,7,train,35,0.180000,0.157855
120,7,train,36,0.163300,0.142555
120,7,train,37,0.075400,0.078486
120,7,train,38,0.040000,0.080773
120,7,train,39,0.190000,0.169160
120,7,train,40,0.030000,0.074511
120,7,train,41,0.193500,0.191804
120,7,train,42,0.090000,0.078187
120,7,train,43,0.024200,0.056672
120,7,train,44,0.030000,0.035339
120,7,train,45,0.020000,0.054374
120,7,train,46,0.090000,0.089336
120,7,train,47,0.190000,0.171545
120,7,train,48,0.065340,0.091258
120,7,train,49,0.080000,0.084802
120,7,train,50,0.180000,0.171636
120,7,train,51,0.094900,0.095689
120,7,train,52,0.280000,0.207319
120,7,train,53,0.090000,0.092124
120,7,train,54,0.190000,0.181329
120,7,train,55,0.044200,0.071693
120,7,train,56,0.330000,0.240231
120,7,train,57,0.025000,0.057740
120,7,train,58,0.030000,0.060058
120,7,train,59,0.150000,0.147433
120,7,train,60,0.000000,0.032957
120,7,train,61,0.160000,0.118022
120,7,train,62,0.820000,0.586685
120,7,train,63,0.280000,0.244825
120,7,train,64,0.058480,0.070844
120,7,train,65,0.151000,0.127940
120,7,train,66,0.240000,0.218505
120,7,train,67,0.020000,0.071234
120,7,train,68,0.260000,0.235911
120,7,train,69,0.232000,0.259252
120,7,train,70,0.114400,0.114218
120,7,train,71,0.242000,0.237196
120,7,train,72,0.040000,0.090462
120,7,train,73,0.150000,0.169847
120,7,train,74,0.264400,0.254582
120,7,train,75,0.062000,0.091791
120,7,train,76,0.240000,0.209526
120,7,train,77,0.035100,0.048685
120,7,train,78,0.050000,0.057161
120,7,train,79,0.110000,0.117000
120,7,train,80,0.120000,0.144866
120,7,train,81,0.320000,0.249635
120,7,train,82,0.094600,0.104753
120,7,train,83,0.100000,0.098517
120,7,train,84,0.160000,0.151416
120,7,train,85,0.270000,0.251007
120,7,train,86,0.380000,0.298103
120,7,train,87,0.270000,0.249301
120,7,train,88,0.170000,0.148552
120,7,train,89,0.111520,0.152747
120,7,train,90,0.050000,0.068101
120,7,train,91,0.020000,0.048045
120,7,train,92,0.040000,0.094867
120,7,train,93,0.260000,0.194642
120,7,train,94,0.250000,0.172292
120,7,train,95,0.403000,0.323842
120,7,train,96,0.151000,0.124866
120,7,train,97,0.290000,0.254642
120,7,train,98,0.240000,0.239095
120,7,train,99,0.035400,0.043123
120,7,train,100,0.090000,0.124361
120,7,train,101,0.174900,0.159607
120,7,train,102,0.220000,0.186610
120,7,train,103,0.045300,0.072968
120,7,train,104,0.020000,0.084763
120,7,train,105,0.284200,0.217452
120,7,train,106,0.050000,0.057723
120,7,train,107,0.010000,0.045245
120,7,train,108,0.070000,0.104691
120,7,train,109,0.043800,0.061065
120,7,train,110,0.144500,0.129679
120,7,train,111,0.310000,0.278998
120,7,train,112,0.020000,0.069021
120,7,train,113,0.174900,0.163063
120,7,train,114,0.020000,0.088164
120,7,train,115,0.010000,0.093371
120,7,train,116,0.210000,0.148263
120,7,train,117,0.540000,0.381327
120,7,train,118,0.010000,0.059471
120,7,train,119,0.023500,0.054411
120,7,train,120,0.010000,0.049292
120,7,train,121,0.144700,0.142768
120,7,train,122,0.370000,0.309058
120,7,train,123,0.093900,0.099840
120,7,train,124,0.133000,0.124271
120,7,train,125,0.185100,0.174488
120,7,train,126,0.200000,0.202467
120,7,train,127,0.360000,0.290811
120,7,train,128,0.030000,0.052719
120,7,train,129,0.052410,0.097384
120,8,test,0,0.018000,0.046627
120,8,test,1,-0.030000,0.103270
120,8,test,2,0.439000,0.215309
120,8,test,3,0.264400,0.170222
120,8,test,4,0.100000,0.069966
120,8,test,5,0.114400,0.140772
120,8,test,6,0.100000,0.095951
120,8,test,7,0.160000,0.173573
120,8,test,8,0.160000,0.152534
120,8,test,9,0.043800,0.084352
120,8,test,10,0.200000,0.183771
120,8,test,11,0.240000,0.215913
120,8,test,12,0.220000,0.159171
120,8,test,13,0.054300,0.120780
120,8,test,14,0.180000,0.123218
120,8,test,15,0.075400,0.080553
120,8,test,16,0.380000,0.169841
120,8,test,17,0.052410,0.148884
120,8,test,18,0.070000,0.126209
120,8,test,19,0.144700,0.147918
120,8,test,20,0.030000,0.088534
120,8,test,21,0.093900,0.109078
120,8,test,22,0.020000,0.095669
120,8,test,23,0.290000,0.160328
120,8,test,24,0.210000,0.181324
120,8,test,25,0.160000,0.148168
120,8,test,26,-0.390000,0.123563
120,8,test,27,0.150000,0.162834
120,8,test,28,0.030000,0.072855
120,8,test,29,0.110000,0.129811
120,8,test,30,0.240000,0.157790
120,8,test,31,0.010000,0.116122
120,8,test,32,0.820000,0.566655
120,8,train,0,0.094900,0.104682
120,8,train,1,0.150000,0.155864
120,8,train,2,0.020000,0.078460
120,8,train,3,0.018000,0.054221
120,8,train,4,0.224400,0.179479
120,8,train,5,0.010000,0.050581
120,8,train,6,0.290000,0.274553
120,8,train,7,0.232000,0.234270
120,8,train,8,0.090000,0.082838
120,8,train,9,0.137000,0.132007
120,8,train,10,0.020000,0.080131
120,8,train,11,0.284200,0.216743
120,8,train,12,0.350000,0.316759
120,8,train,13,0.030000,0.054841
120,8,train,14,0.094900,0.083937
120,8,train,15,0.174900,0.172566
120,8,train,16,0.360000,0.256515
120,8,train,17,0.090000,0.119282
120,8,train,18,0.242000,0.219789
120,8,train,19,0.050000,0.058867
120,8,train,20,0.240000,0.206422
120,8,train,21,0.273300,0.247493
120,8,train,22,0.115100,0.124937
120,8,train,23,0.111520,0.150011
120,8,train,24,0.040000,0.079958
120,8,train,25,-0.080000,0.015446
120,8,train,26,0.193500,0.183242
120,8,train,27,0.320000,0.244164
120,8,train,28,0.403000,0.321108
120,8,train,29,0.063300,0.074224
120,8,train,30,0.330000,0.201689
120,8,train,31,0.090000,0.083262
120,8,train,32,0.210000,0.146460
120,8,train,33,0.020000,0.067894
120,8,train,34,0.133000,0.118901
120,8,train,35,0.185100,0.178640
120,8,train,36,0.280000,0.263007
120,8,train,37,0.090000,0.119023
120,8,train,38,0.032000,0.070273
120,8,train,39,0.022000,0.046359
120,8,train,40,0.200000,0.164633
120,8,train,41,0.190000,0.183304
120,8,train,42,0.260000,0.250779
120,8,train,43,0.073410,0.130963
120,8,train,44,0.200000,0.159715
120,8,train,45,0.035100,0.043303
120,8,train,46,0.020000,0.070488
120,8,train,47,0.115100,0.124937
120,8,train,48,0.190000,0.198563
120,8,train,49,0.174900,0.164395
120,8,train,50,0.040000,0.066877
120,8,train,51,0.010000,0.061625
120,8,train,52,0.144500,0.115185
120,8,train,53,0.023500,0.053173
120,8,train,54,0.790000,0.642167
120,8,train,55,0.010000,0.046325
120,8,train,56,0.020000,0.049632
120,8,train,57,0.135000,0.139610
120,8,train,58,0.310000,0.278074
120,8,train,59,0.094700,0.102594
120,8,train,60,0.163300,0.152534
120,8,train,61,0.120000,0.163900
120,8,train,62,0.190000,0.182431
120,8,train,63,0.250000,0.208051
120,8,train,64,0.075400,0.080553
120,8,train,65,0.020000,0.084876
120,8,train,66,0.095300,0.084707
120,8,train,67,0.540000,0.378600
120,8,train,68,0.790000,0.624662
120,8,train,69,0.180000,0.159910
120,8,train,70,0.144700,0.147918
120,8,train,71,0.048480,0.057656
120,8,train,72,0.260000,0.253996
120,8,train,73,0.160000,0.143311
120,8,train,74,0.045300,0.058989
120,8,train,75,0.280000,0.226747
120,8,train,76,-0.350000,-0.139327
120,8,train,77,0.380000,0.278886
120,8,train,78,0.170000,0.139369
120,8,train,79,0.020000,0.050139
120,8,train,80,0.044200,0.083954
120,8,train,81,0.035400,0.049231
120,8,train,82,0.244400,0.248327
120,8,train,83,0.260000,0.224747
120,8,train,84,0.370000,0.282098
120,8,train,85,0.094600,0.098890
120,8,train,86,0.084600,0.094092
120,8,train,87,0.065340,0.094412
120,8,train,88,0.058480,0.060497
120,8,train,89,0.130000,0.141807
120,8,train,90,0.060000,0.073617
120,8,train,91,0.160000,0.150798
120,8,train,92,0.035100,0.043210
120,8,train,93,0.185100,0.178640
120,8,train,94,0.090000,0.095446
120,8,train,95,0.080000,0.076768
120,8,train,96,0.151000,0.134503
120,8,train,97,0.270000,0.257460
120,8,train,98,0.240000,0.203693
120,8,train,99,0.072000,0.103784
120,8,train,100,-0.110000,-0.017421
120,8,train,101,0.050000,0.055549
120,8,train,102,0.011000,0.042109
120,8,train,103,0.260000,0.211823
120,8,train,104,0.190000,0.181455
120,8,train,105,0.190000,0.179627
120,8,train,106,0.280000,0.194135
120,8,train,107,0.025000,0.065698
120,8,train,108,0.230000,0.220649
120,8,train,109,0.080000,0.077626
120,8,train,110,0.000000,0.025563
120,8,train,111,0.020000,0.051841
120,8,train,112,0.130000,0.147728
120,8,train,113,0.151000,0.128613
120,8,train,114,0.062000,0.084619
120,8,train,115,0.270000,0.247258
120,8,train,116,0.020000,0.072598
120,8,train,117,0.080000,0.078628
120,8,train,118,0.040000,0.098432
120,8,train,119,0.150000,0.171773
120,8,train,120,0.190000,0.184837
120,8,train,121,0.110000,0.131133
120,8,train,122,0.030000,0.121591
120,8,train,123,0.024200,0.050367
120,8,train,124,0.220000,0.191027
120,8,train,125,0.035400,0.049231
120,8,train,126,0.010000,0.042236
120,8,train,127,0.030000,0.063327
120,8,train,128,0.050000,0.071877
120,8,train,129,0.100000,0.097496
120,9,test,0,0.163300,0.112232
120,9,test,1,0.190000,0.119777
120,9,test,2,0.032000,0.121579
120,9,test,3,0.072000,0.101116
120,9,test,4,0.025000,0.089119
120,9,test,5,0.080000,0.100945
120,9,test,6,0.240000,0.147039
120,9,test,7,0.080000,0.087063
120,9,test,8,0.095300,0.093809
120,9,test,9,0.190000,0.129691
120,9,test,10,0.120000,0.219600
120,9,test,11,0.043800,0.091017
120,9,test,12,0.010000,0.172371
120,9,test,13,0.174900,0.121106
120,9,test,14,0.094900,0.085124
120,9,test,15,0.100000,0.059030
120,9,test,16,0.100000,0.059891
120,9,test,17,0.151000,0.092133
120,9,test,18,0.020000,0.112207
120,9,test,19,0.264400,0.181782
120,9,test,20,0.244400,0.172768
120,9,test,21,0.020000,0.138462
120,9,test,22,0.190000,0.244986
120,9,test,23,0.180000,0.122854
120,9,test,24,0.090000,0.080426
120,9,test,25,0.280000,0.091687
120,9,test,26,0.193500,0.158957
120,9,test,27,0.054300,0.122947
120,9,test,28,0.190000,0.133824
120,9,test,29,0.058480,0.094626
120,9,test,30,0.144700,0.125763
120,9,test,31,0.050000,0.082605
120,9,test,32,0.280000,0.135965
120,9,train,0,0.052410,0.113642
120,9,train,1,0.094600,0.100007
120,9,train,2,0.035400,0.048509
120,9,train,3,0.190000,0.159451
120,9,train,4,0.010000,0.090947
120,9,train,5,0.790000,0.698836
120,9,train,6,0.350000,0.279672
120,9,train,7,0.540000,0.338505
120,9,train,8,0.065340,0.080249
120,9,train,9,0.070000,0.090113
120,9,train,10,0.010000,0.074690
120,9,train,11,-0.030000,0.033428
120,9,train,12,0.035400,0.048509
120,9,train,13,0.093900,0.092541
120,9,train,14,0.115100,0.116745
120,9,train,15,0.050000,0.059304
120,9,train,16,0.030000,0.063272
120,9,train,17,0.111520,0.149462
120,9,train,18,0.044200,0.081309
120,9,train,19,0.040000,0.103612
120,9,train,20,0.084600,0.088138
120,9,train,21,0.020000,0.096004
120,9,train,22,0.115100,0.116745
120,9,train,23,0.380000,0.247984
120,9,train,24,0.100000,0.104384
120,9,train,25,0.290000,0.255557
120,9,train,26,0.045300,0.076523
120,9,train,27,0.320000,0.254373
120,9,train,28,0.290000,0.220116
120,9,train,29,0.035100,0.057706
120,9,train,30,0.310000,0.257416
120,9,train,31,0.185100,0.153145
120,9,train,32,0.380000,0.277943
120,9,train,33,0.130000,0.116266
120,9,train,34,0.011000,0.079385
120,9,train,35,0.020000,0.075221
120,9,train,36,0.022000,0.059754
120,9,train,37,0.110000,0.114399
120,9,train,38,0.075400,0.089870
120,9,train,39,0.020000,0.109123
120,9,train,40,0.260000,0.222497
120,9,train,41,0.020000,0.095842
120,9,train,42,0.090000,0.121677
120,9,train,43,0.094900,0.095259
120,9,train,44,0.232000,0.254737
120,9,train,45,0.150000,0.159973
120,9,train,46,0.242000,0.207123
120,9,train,47,0.260000,0.246677
120,9,train,48,0.150000,0.156397
120,9,train,49,0.048480,0.069543
120,9,train,50,0.075400,0.089870
120,9,train,51,0.135000,0.138042
120,9,train,52,0.010000,0.059068
120,9,train,53,0.200000,0.199799
120,9,train,54,0.174900,0.152312
120,9,train,55,0.080000,0.097343
120,9,train,56,0.210000,0.119499
120,9,train,57,0.110000,0.116953
120,9,train,58,0.020000,0.100412
120,9,train,59,0.030000,0.043602
120,9,train,60,0.151000,0.102563
120,9,train,61,0.024200,0.057998
120,9,train,62,0.790000,0.702030
120,9,train,63,0.050000,0.067831
120,9,train,64,0.023500,0.062261
120,9,train,65,0.273300,0.226140
120,9,train,66,0.018000,0.049710
120,9,train,67,0.270000,0.225821
120,9,train,68,0.130000,0.156339
120,9,train,69,0.160000,0.144219
120,9,train,70,0.224400,0.177637
120,9,train,71,-0.110000,0.036130
120,9,train,72,0.230000,0.213124
120,9,train,73,0.094700,0.118529
120,9,train,74,0.090000,0.092834
120,9,train,75,0.260000,0.176558
120,9,train,76,0.144700,0.125763
120,9,train,77,0.040000,0.079868
120,9,train,78,0.360000,0.263776
120,9,train,79,0.030000,0.116109
120,9,train,80,0.284200,0.194544
120,9,train,81,0.240000,0.215756
120,9,train,82,0.170000,0.109872
120,9,train,83,0.370000,0.293994
120,9,train,84,0.439000,0.337577
120,9,train,85,0.030000,0.096109
120,9,train,86,0.114400,0.101086
120,9,train,87,0.133000,0.103670
120,9,train,88,0.073410,0.106489
120,9,train,89,0.280000,0.258105
120,9,train,90,0.200000,0.169571
120,9,train,91,0.030000,0.068299
120,9,train,92,0.820000,0.745404
120,9,train,93,0.190000,0.191048
120,9,train,94,0.062000,0.098021
120,9,train,95,0.040000,0.099992
120,9,train,96,0.403000,0.315869
120,9,train,97,0.160000,0.111088
120,9,train,98,0.018000,0.066324
120,9,train,99,0.220000,0.173869
120,9,train,100,0.180000,0.164188
120,9,train,101,0.090000,0.143762
120,9,train,102,0.060000,0.084695
120,9,train,103,0.330000,0.212639
120,9,train,104,0.220000,0.183608
120,9,train,105,0.210000,0.180560
120,9,train,106,0.160000,0.114662
120,9,train,107,0.020000,0.074716
120,9,train,108,-0.350000,-0.166020
120,9,train,109,0.144500,0.109892
120,9,train,110,0.240000,0.187793
120,9,train,111,0.240000,0.195460
120,9,train,112,0.000000,0.054542
120,9,train,113,0.090000,0.089350
120,9,train,114,0.200000,0.153351
120,9,train,115,0.250000,0.196420
120,9,train,116,0.160000,0.112232
120,9,train,117,0.160000,0.145402
120,9,train,118,0.035100,0.057312
120,9,train,119,-0.390000,-0.214218
120,9,train,120,0.063300,0.084788
120,9,train,121,0.020000,0.058345
120,9,train,122,0.137000,0.127091
120,9,train,123,-0.080000,0.034126
120,9,train,124,0.270000,0.252139
120,9,train,125,0.150000,0.153983
120,9,train,126,0.010000,0.067051
120,9,train,127,0.020000,0.056853
120,9,train,128,0.185100,0.153145
120,9,train,129,0.260000,0.212796
120,10,test,0,0.111520,0.211889
120,10,test,1,0.020000,0.163024
120,10,test,2,0.044200,0.144977
120,10,test,3,0.073410,0.124308
120,10,test,4,0.035100,0.053415
120,10,test,5,0.110000,0.133596
120,10,test,6,0.790000,0.331399
120,10,test,7,0.020000,0.115984
120,10,test,8,0.330000,0.069413
120,10,test,9,0.090000,0.059386
120,10,test,10,0.070000,0.163942
120,10,test,11,0.060000,0.105232
120,10,test,12,0.163300,0.136574
120,10,test,13,0.065340,0.103471
120,10,test,14,0.045300,0.083033
120,10,test,15,0.032000,0.078465
120,10,test,16,0.200000,0.206673
120,10,test,17,0.240000,0.229933
120,10,test,18,0.030000,0.084275
120,10,test,19,0.130000,0.206268
120,10,test,20,0.144500,0.076716
120,10,test,21,0.018000,0.108486
120,10,test,22,0.160000,0.143025
120,10,test,23,0.220000,0.125713
120,10,test,24,0.094600,0.152257
120,10,test,25,0.193500,0.169999
120,10,test,26,0.035400,0.074678
120,10,test,27,0.010000,0.133801
120,10,test,28,0.020000,0.130978
120,10,test,29,-0.390000,0.134878
120,10,test,30,0.820000,0.437190
120,10,test,31,-0.030000,0.094814
120,10,test,32,0.210000,0.056120
120,10,train,0,0.210000,0.213551
120,10,train,1,0.540000,0.392025
120,10,train,2,0.280000,0.230185
120,10,train,3,0.020000,0.055862
120,10,train,4,0.230000,0.216446
120,10,train,5,0.020000,0.073924
120,10,train,6,0.150000,0.167889
120,10,train,7,0.370000,0.314557
120,10,train,8,0.790000,0.499713
120,10,train,9,0.260000,0.247557
120,10,train,10,0.190000,0.185561
120,10,train,11,0.050000,0.054594
120,10,train,12,0.160000,0.153671
120,10,train,13,0.030000,0.067961
120,10,train,14,0.075400,0.082792
120,10,train,15,0.054300,0.076547
120,10,train,16,0.151000,0.144752
120,10,train,17,-0.110000,0.014324
120,10,train,18,0.273300,0.253833
120,10,train,19,0.010000,0.054043
120,10,train,20,0.135000,0.178948
120,10,train,21,0.270000,0.252496
120,10,train,22,0.115100,0.125942
120,10,train,23,0.024200,0.038178
120,10,train,24,0.011000,0.051907
120,10,train,25,0.052410,0.116111
120,10,train,26,0.190000,0.182673
120,10,train,27,0.094900,0.102042
120,10,train,28,0.040000,0.075459
120,10,train,29,0.160000,0.159067
120,10,train,30,0.174900,0.177177
120,10,train,31,0.190000,0.176144
120,10,train,32,0.080000,0.088922
120,10,train,33,0.380000,0.330365
120,10,train,34,0.224400,0.188361
120,10,train,35,0.180000,0.167424
120,10,train,36,0.062000,0.084495
120,10,train,37,0.090000,0.111443
120,10,train,38,0.190000,0.209984
120,10,train,39,0.095300,0.082682
120,10,train,40,0.180000,0.168774
120,10,train,41,0.360000,0.290129
120,10,train,42,0.084600,0.089199
120,10,train,43,0.050000,0.050157
120,10,train,44,0.050000,0.066379
120,10,train,45,0.023500,0.068192
120,10,train,46,0.035100,0.053860
120,10,train,47,0.240000,0.203649
120,10,train,48,0.133000,0.133616
120,10,train,49,0.090000,0.086006
120,10,train,50,0.030000,0.103629
120,10,train,51,0.439000,0.380071
120,10,train,52,0.110000,0.107765
120,10,train,53,0.310000,0.282292
120,10,train,54,0.115100,0.125942
120,10,train,55,0.290000,0.248475
120,10,train,56,0.250000,0.237075
120,10,train,57,0.260000,0.259232
120,10,train,58,0.284200,0.236520
120,10,train,59,0.018000,0.029997
120,10,train,60,0.160000,0.128290
120,10,train,61,0.035400,0.074678
120,10,train,62,0.020000,0.053950
120,10,train,63,0.030000,0.059058
120,10,train,64,0.220000,0.197159
120,10,train,65,0.200000,0.188528
120,10,train,66,0.043800,0.068878
120,10,train,67,0.010000,0.021938
120,10,train,68,0.100000,0.102813
120,10,train,69,0.100000,0.100895
120,10,train,70,0.072000,0.091046
120,10,train,71,0.290000,0.273646
120,10,train,72,0.174900,0.175786
120,10,train,73,0.380000,0.291866
120,10,train,74,0.094700,0.117909
120,10,train,75,0.100000,0.108514
120,10,train,76,-0.350000,-0.161326
120,10,train,77,0.280000,0.261557
120,10,train,78,0.260000,0.206630
120,10,train,79,0.185100,0.170656
120,10,train,80,0.010000,0.026119
120,10,train,81,0.020000,0.077447
120,10,train,82,0.020000,0.039663
120,10,train,83,0.022000,0.040995
120,10,train,84,0.040000,0.078232
120,10,train,85,0.244400,0.208173
120,10,train,86,0.090000,0.114232
120,10,train,87,0.200000,0.168190
120,10,train,88,0.075400,0.082792
120,10,train,89,0.093900,0.091753
120,10,train,90,0.137000,0.124500
120,10,train,91,0.010000,0.059899
120,10,train,92,0.151000,0.140833
120,10,train,93,0.000000,0.030215
120,10,train,94,0.264400,0.256729
120,10,train,95,0.048480,0.052407
120,10,train,96,0.232000,0.228462
120,10,train,97,0.058480,0.060597
120,10,train,98,-0.080000,0.051765
120,10,train,99,0.144700,0.147080
120,10,train,100,0.114400,0.135616
120,10,train,101,0.130000,0.127957
120,10,train,102,0.185100,0.170656
120,10,train,103,0.260000,0.253200
120,10,train,104,0.080000,0.106253
120,10,train,105,0.144700,0.147080
120,10,train,106,0.025000,0.086174
120,10,train,107,0.150000,0.188665
120,10,train,108,0.242000,0.240552
120,10,train,109,0.160000,0.136574
120,10,train,110,0.120000,0.158577
120,10,train,111,0.080000,0.070043
120,10,train,112,0.094900,0.082089
120,10,train,113,0.190000,0.182465
120,10,train,114,0.240000,0.228346
120,10,train,115,0.320000,0.252452
120,10,train,116,0.190000,0.179997
120,10,train,117,0.150000,0.172877
120,10,train,118,0.063300,0.105232
120,10,train,119,0.020000,0.053425
120,10,train,120,0.020000,0.066490
120,10,train,121,0.350000,0.307939
120,10,train,122,0.403000,0.318408
120,10,train,123,0.040000,0.096509
120,10,train,124,0.240000,0.208156
120,10,train,125,0.030000,0.050132
120,10,train,126,0.170000,0.139781
120,10,train,127,0.090000,0.090668
120,10,train,128,0.270000,0.256508
120,10,train,129,0.280000,0.219992
571,1,test,0,0.043800,0.085888
571,1,test,1,0.044200,0.144091
571,1,test,2,0.075400,0.086661
571,1,test,3,0.115100,0.162191
571,1,test,4,0.020000,0.178980
571,1,test,5,0.090000,0.153746
571,1,test,6,-0.390000,0.129668
571,1,test,7,0.111520,0.215470
571,1,test,8,0.110000,0.112639
571,1,test,9,0.080000,0.107943
571,1,test,10,0.439000,0.204684
571,1,test,11,0.320000,0.196342
571,1,test,12,0.185100,0.165199
571,1,test,13,0.144500,0.084990
571,1,test,14,0.150000,0.197231
571,1,test,15,0.174900,0.158482
571,1,test,16,0.040000,0.153240
571,1,test,17,0.030000,0.102066
571,1,test,18,0.062000,0.153500
571,1,test,19,0.010000,0.132620
571,1,test,20,0.200000,0.180700
571,1,test,21,0.224400,0.133352
571,1,test,22,0.163300,0.119059
571,1,test,23,0.250000,0.186319
571,1,test,24,0.040000,0.142341
571,1,test,25,0.190000,0.147600
571,1,test,26,0.200000,0.149873
571,1,test,27,0.050000,0.067576
571,1,test,28,0.151000,0.115999
571,1,test,29,0.190000,0.174045
571,1,test,30,0.058480,0.110241
571,1,test,31,0.190000,0.158573
571,1,test,32,0.063300,0.116955
571,1,train,0,0.100000,0.089202
571,1,train,1,0.150000,0.194427
571,1,train,2,0.023500,0.075370
571,1,train,3,0.403000,0.219155
571,1,train,4,0.190000,0.170884
571,1,train,5,0.115100,0.162191
571,1,train,6,0.380000,0.259942
571,1,train,7,0.110000,0.116392
571,1,train,8,0.242000,0.220198
571,1,train,9,0.020000,0.079433
571,1,train,10,0.020000,0.093018
571,1,train,11,0.050000,0.066587
571,1,train,12,-0.110000,0.043020
571,1,train,13,0.010000,0.107711
571,1,train,14,0.090000,0.094315
571,1,train,15,0.330000,0.219902
571,1,train,16,0.018000,0.057826
571,1,train,17,0.244400,0.235380
571,1,train,18,0.010000,0.061651
571,1,train,19,0.200000,0.176629
571,1,train,20,-0.350000,-0.154293
571,1,train,21,0.100000,0.112653
571,1,train,22,0.260000,0.227633
571,1,train,23,0.144700,0.144352
571,1,train,24,0.080000,0.088221
571,1,train,25,0.151000,0.120511
571,1,train,26,0.000000,0.069982
571,1,train,27,0.024200,0.067613
571,1,train,28,0.035400,0.046943
571,1,train,29,0.220000,0.168525
571,1,train,30,0.084600,0.127104
571,1,train,31,0.070000,0.114331
571,1,train,32,0.048480,0.073728
571,1,train,33,0.090000,0.141993
571,1,train,34,0.360000,0.237814
571,1,train,35,0.290000,0.231841
571,1,train,36,0.220000,0.198337
571,1,train,37,0.270000,0.225984
571,1,train,38,0.280000,0.234574
571,1,train,39,0.260000,0.226245
571,1,train,40,0.790000,0.675045
571,1,train,41,0.310000,0.255052
571,1,train,42,0.020000,0.064484
571,1,train,43,0.120000,0.208665
571,1,train,44,0.144700,0.144352
571,1,train,45,-0.080000,0.058832
571,1,train,46,0.020000,0.081193
571,1,train,47,0.094900,0.111986
571,1,train,48,0.035100,0.068143
571,1,train,49,0.094700,0.134928
571,1,train,50,0.160000,0.119059
571,1,train,51,0.040000,0.094747
571,1,train,52,0.180000,0.164602
571,1,train,53,0.230000,0.191467
571,1,train,54,0.010000,0.055086
571,1,train,55,0.090000,0.083683
571,1,train,56,0.020000,0.059201
571,1,train,57,0.284200,0.190149
571,1,train,58,0.135000,0.171709
571,1,train,59,0.820000,0.697891
571,1,train,60,0.045300,0.065677
571,1,train,61,0.035400,0.046943
571,1,train,62,0.240000,0.200603
571,1,train,63,0.020000,0.063511
571,1,train,64,0.264400,0.232439
571,1,train,65,0.093900,0.103315
571,1,train,66,0.030000,0.070883
571,1,train,67,0.280000,0.190144
571,1,train,68,0.018000,0.045631
571,1,train,69,0.080000,0.075004
571,1,train,70,0.280000,0.232761
571,1,train,71,0.050000,0.054843
571,1,train,72,0.174900,0.136398
571,1,train,73,0.130000,0.154134
571,1,train,74,0.190000,0.189181
571,1,train,75,0.790000,0.653674
571,1,train,76,0.170000,0.136487
571,1,train,77,0.090000,0.104995
571,1,train,78,0.075400,0.086661
571,1,train,79,0.273300,0.212640
571,1,train,80,0.030000,0.155272
571,1,train,81,0.185100,0.165199
571,1,train,82,0.160000,0.171287
571,1,train,83,0.054300,0.121874
571,1,train,84,0.094900,0.124141
571,1,train,85,0.193500,0.177094
571,1,train,86,0.030000,0.089082
571,1,train,87,0.073410,0.122803
571,1,train,88,0.022000,0.061321
571,1,train,89,0.210000,0.128660
571,1,train,90,0.010000,0.067063
571,1,train,91,0.210000,0.192526
571,1,train,92,0.094600,0.121104
571,1,train,93,-0.030000,0.049283
571,1,train,94,0.180000,0.168500
571,1,train,95,0.032000,0.095241
571,1,train,96,0.114400,0.118542
571,1,train,97,0.290000,0.233596
571,1,train,98,0.150000,0.194900
571,1,train,99,0.350000,0.263661
571,1,train,100,0.190000,0.188075
571,1,train,101,0.160000,0.152608
571,1,train,102,0.240000,0.235398
571,1,train,103,0.232000,0.258054
571,1,train,104,0.137000,0.138598
571,1,train,105,0.270000,0.212640
571,1,train,106,0.060000,0.116955
571,1,train,107,0.380000,0.232845
571,1,train,108,0.160000,0.139043
571,1,train,109,0.072000,0.110538
571,1,train,110,0.130000,0.121959
571,1,train,111,0.100000,0.088711
571,1,train,112,0.540000,0.290025
571,1,train,113,0.160000,0.204340
571,1,train,114,0.133000,0.128165
571,1,train,115,0.240000,0.213233
571,1,train,116,0.025000,0.088637
571,1,train,117,0.260000,0.186739
571,1,train,118,0.065340,0.115050
571,1,train,119,0.052410,0.109397
571,1,train,120,0.020000,0.100363
571,1,train,121,0.260000,0.171984
571,1,train,122,0.240000,0.201251
571,1,train,123,0.011000,0.078348
571,1,train,124,0.035100,0.068307
571,1,train,125,0.030000,0.087812
571,1,train,126,0.020000,0.096438
571,1,train,127,0.370000,0.258702
571,1,train,128,0.020000,0.132204
571,1,train,129,0.095300,0.094322
571,2,test,0,0.310000,0.199452
571,2,test,1,0.260000,0.111279
571,2,test,2,0.072000,0.126688
571,2,test,3,0.270000,0.247238
571,2,test,4,0.180000,0.132063
571,2,test,5,0.210000,0.083541
571,2,test,6,0.052410,0.209683
571,2,test,7,0.080000,0.093014
571,2,test,8,0.032000,0.153378
571,2,test,9,0.280000,0.169785
571,2,test,10,0.093900,0.106864
571,2,test,11,0.240000,0.141674
571,2,test,12,0.100000,0.168587
571,2,test,13,0.150000,0.131960
571,2,test,14,0.090000,0.106212
571,2,test,15,0.273300,0.137057
571,2,test,16,0.110000,0.130061
571,2,test,17,0.011000,0.231795
571,2,test,18,0.200000,0.135154
571,2,test,19,0.111520,0.147873
571,2,test,20,-0.080000,0.158102
571,2,test,21,0.073410,0.168573
571,2,test,22,0.043800,0.088546
571,2,test,23,0.010000,0.128369
571,2,test,24,-0.350000,0.246345
571,2,test,25,0.260000,0.122988
571,2,test,26,0.084600,0.103624
571,2,test,27,0.224400,0.129670
571,2,test,28,0.010000,0.127872
571,2,test,29,0.035100,0.084417
571,2,test,30,0.174900,0.113796
571,2,test,31,0.018000,0.116858
571,2,test,32,0.020000,0.154018
571,2,train,0,0.115100,0.124958
571,2,train,1,0.320000,0.193853
571,2,train,2,0.023500,0.092002
571,2,train,3,0.790000,0.290649
571,2,train,4,-0.110000,0.113512
571,2,train,5,0.080000,0.098043
571,2,train,6,0.024200,0.087254
571,2,train,7,0.190000,0.140313
571,2,train,8,0.170000,0.136468
571,2,train,9,0.133000,0.137355
571,2,train,10,0.040000,0.152869
571,2,train,11,0.020000,0.136218
571,2,train,12,0.010000,0.163009
571,2,train,13,0.144700,0.129767
571,2,train,14,0.040000,0.179321
571,2,train,15,0.030000,0.118585
571,2,train,16,0.820000,0.298747
571,2,train,17,0.090000,0.104214
571,2,train,18,0.010000,0.094269
571,2,train,19,0.244400,0.198568
571,2,train,20,0.190000,0.134367
571,2,train,21,0.144700,0.129767
571,2,train,22,0.020000,0.109912
571,2,train,23,0.264400,0.211322
571,2,train,24,0.048480,0.101751
571,2,train,25,0.240000,0.204274
571,2,train,26,0.110000,0.123198
571,2,train,27,0.062000,0.109683
571,2,train,28,0.065340,0.127365
571,2,train,29,0.180000,0.217024
571,2,train,30,0.030000,0.107312
571,2,train,31,0.120000,0.261640
571,2,train,32,0.025000,0.081987
571,2,train,33,0.114400,0.104981
571,2,train,34,-0.390000,0.064162
571,2,train,35,0.030000,0.088705
571,2,train,36,0.020000,0.096220
571,2,train,37,0.018000,0.061882
571,2,train,38,0.090000,0.089758
571,2,train,39,0.151000,0.103667
571,2,train,40,0.790000,0.294619
571,2,train,41,0.094600,0.124616
571,2,train,42,0.020000,0.101751
571,2,train,43,0.190000,0.153202
571,2,train,44,0.050000,0.090298
571,2,train,45,0.040000,0.130377
571,2,train,46,0.240000,0.179817
571,2,train,47,0.439000,0.249628
571,2,train,48,0.050000,0.085617
571,2,train,49,0.000000,0.079728
571,2,train,50,0.185100,0.157868
571,2,train,51,0.270000,0.137057
571,2,train,52,0.151000,0.103595
571,2,train,53,0.130000,0.189059
571,2,train,54,0.540000,0.166844
571,2,train,55,0.240000,0.188689
571,2,train,56,0.075400,0.085251
571,2,train,57,0.010000,0.092492
571,2,train,58,0.144500,0.109586
571,2,train,59,0.075400,0.085251
571,2,train,60,0.130000,0.144283
571,2,train,61,-0.030000,0.075188
571,2,train,62,0.280000,0.171994
571,2,train,63,0.190000,0.156121
571,2,train,64,0.284200,0.173572
571,2,train,65,0.063300,0.132657
571,2,train,66,0.020000,0.098607
571,2,train,67,0.094900,0.113312
571,2,train,68,0.260000,0.258025
571,2,train,69,0.054300,0.136805
571,2,train,70,0.135000,0.185411
571,2,train,71,0.160000,0.109771
571,2,train,72,0.100000,0.168587
571,2,train,73,0.035400,0.097242
571,2,train,74,0.160000,0.112050
571,2,train,75,0.260000,0.268199
571,2,train,76,0.150000,0.178274
571,2,train,77,0.232000,0.275197
571,2,train,78,0.020000,0.123505
571,2,train,79,0.020000,0.124007
571,2,train,80,0.100000,0.213867
571,2,train,81,0.200000,0.253350
571,2,train,82,0.290000,0.259307
571,2,train,83,0.050000,0.097051
571,2,train,84,0.020000,0.086572
571,2,train,85,0.030000,0.203219
571,2,train,86,0.160000,0.142353
571,2,train,87,0.350000,0.219771
571,2,train,88,0.020000,0.158912
571,2,train,89,0.163300,0.112050
571,2,train,90,0.210000,0.179649
571,2,train,91,0.035100,0.084417
571,2,train,92,0.190000,0.251113
571,2,train,93,0.115100,0.124958
571,2,train,94,0.022000,0.067325
571,2,train,95,0.160000,0.207673
571,2,train,96,0.160000,0.158253
571,2,train,97,0.185100,0.157868
571,2,train,98,0.360000,0.209934
571,2,train,99,0.290000,0.229121
571,2,train,100,0.090000,0.239157
571,2,train,101,0.094700,0.149037
571,2,train,102,0.094900,0.113269
571,2,train,103,0.070000,0.119947
571,2,train,104,0.030000,0.111896
571,2,train,105,0.380000,0.228781
571,2,train,106,0.330000,0.155616
571,2,train,107,0.242000,0.200522
571,2,train,108,0.045300,0.085093
571,2,train,109,0.200000,0.181791
571,2,train,110,0.190000,0.158566
571,2,train,111,0.080000,0.085722
571,2,train,112,0.220000,0.137025
571,2,train,113,0.230000,0.203924
571,2,train,114,0.095300,0.090798
571,2,train,115,0.280000,0.252661
571,2,train,116,0.250000,0.235805
571,2,train,117,0.150000,0.196844
571,2,train,118,0.058480,0.109165
571,2,train,119,0.060000,0.135224
571,2,train,120,0.044200,0.085313
571,2,train,121,0.403000,0.225580
571,2,train,122,0.035400,0.097242
571,2,train,123,0.380000,0.202627
571,2,train,124,0.220000,0.154994
571,2,train,125,0.174900,0.128458
571,2,train,126,0.193500,0.163374
571,2,train,127,0.137000,0.120738
571,2,train,128,0.370000,0.217026
571,2,train,129,0.090000,0.094770
571,3,test,0,-0.030000,0.106259
571,3,test,1,0.150000,0.187782
571,3,test,2,0.310000,0.235530
571,3,test,3,0.180000,0.137074
571,3,test,4,0.044200,0.111418
571,3,test,5,0.062000,0.124987
571,3,test,6,0.094900,0.139046
571,3,test,7,0.030000,0.128019
571,3,test,8,0.230000,0.180771
571,3,test,9,0.063300,0.086978
571,3,test,10,0.090000,0.138124
571,3,test,11,0.020000,0.162617
571,3,test,12,0.273300,0.216605
571,3,test,13,0.040000,0.174254
571,3,test,14,0.052410,0.141470
571,3,test,15,0.023500,0.108017
571,3,test,16,0.058480,0.108025
571,3,test,17,0.439000,0.206037
571,3,test,18,0.232000,0.289831
571,3,test,19,0.790000,0.467984
571,3,test,20,0.120000,0.205348
571,3,test,21,-0.390000,0.128109
571,3,test,22,0.050000,0.076127
571,3,test,23,0.540000,0.098891
571,3,test,24,0.185100,0.158151
571,3,test,25,0.190000,0.167490
571,3,test,26,0.360000,0.197578
571,3,test,27,0.200000,0.101539
571,3,test,28,0.190000,0.154174
571,3,test,29,0.032000,0.149980
571,3,test,30,0.020000,0.135735
571,3,test,31,0.220000,0.088387
571,3,test,32,-0.080000,0.086313
571,3,train,0,0.090000,0.090028
571,3,train,1,0.080000,0.079791
571,3,train,2,0.073410,0.111135
571,3,train,3,0.045300,0.068308
571,3,train,4,0.011000,0.053330
571,3,train,5,0.350000,0.293009
571,3,train,6,0.264400,0.240544
571,3,train,7,0.290000,0.252769
571,3,train,8,0.030000,0.057891
571,3,train,9,0.130000,0.141073
571,3,train,10,0.370000,0.297087
571,3,train,11,0.010000,0.050396
571,3,train,12,0.193500,0.179933
571,3,train,13,0.130000,0.117991
571,3,train,14,0.137000,0.127632
571,3,train,15,0.100000,0.094653
571,3,train,16,0.020000,0.086851
571,3,train,17,0.330000,0.250760
571,3,train,18,0.093900,0.085547
571,3,train,19,0.174900,0.178008
571,3,train,20,0.200000,0.135561
571,3,train,21,0.075400,0.072240
571,3,train,22,0.094900,0.109380
571,3,train,23,0.030000,0.068518
571,3,train,24,0.084600,0.108050
571,3,train,25,0.111520,0.146072
571,3,train,26,0.030000,0.114106
571,3,train,27,0.160000,0.128450
571,3,train,28,0.144700,0.144214
571,3,train,29,0.284200,0.207506
571,3,train,30,0.160000,0.141275
571,3,train,31,0.090000,0.113646
571,3,train,32,0.144500,0.115690
571,3,train,33,0.030000,0.055782
571,3,train,34,0.100000,0.107581
571,3,train,35,0.020000,0.048268
571,3,train,36,0.090000,0.116327
571,3,train,37,0.240000,0.237387
571,3,train,38,0.022000,0.054323
571,3,train,39,0.144700,0.144214
571,3,train,40,0.280000,0.226086
571,3,train,41,0.035400,0.041146
571,3,train,42,0.260000,0.239060
571,3,train,43,0.224400,0.190724
571,3,train,44,0.163300,0.157376
571,3,train,45,0.260000,0.256991
571,3,train,46,0.403000,0.300070
571,3,train,47,0.020000,0.089808
571,3,train,48,0.040000,0.086799
571,3,train,49,0.020000,0.067431
571,3,train,50,0.072000,0.098668
571,3,train,51,0.043800,0.056644
571,3,train,52,0.048480,0.063944
571,3,train,53,0.270000,0.229920
571,3,train,54,0.025000,0.046656
571,3,train,55,0.160000,0.151461
571,3,train,56,0.020000,0.110698
571,3,train,57,0.270000,0.216605
571,3,train,58,0.024200,0.057450
571,3,train,59,0.114400,0.127889
571,3,train,60,0.050000,0.065492
571,3,train,61,0.080000,0.078957
571,3,train,62,0.035400,0.041146
571,3,train,63,0.100000,0.106178
571,3,train,64,0.020000,0.060688
571,3,train,65,0.174900,0.167922
571,3,train,66,0.250000,0.223417
571,3,train,67,0.200000,0.195647
571,3,train,68,0.135000,0.155920
571,3,train,69,0.185100,0.158151
571,3,train,70,0.190000,0.172300
571,3,train,71,0.035100,0.051000
571,3,train,72,0.018000,0.041350
571,3,train,73,0.320000,0.259486
571,3,train,74,0.040000,0.075261
571,3,train,75,0.110000,0.118449
571,3,train,76,0.240000,0.229001
571,3,train,77,0.010000,0.075281
571,3,train,78,0.094700,0.113430
571,3,train,79,0.290000,0.273441
571,3,train,80,0.260000,0.215702
571,3,train,81,0.150000,0.170832
571,3,train,82,0.010000,0.038737
571,3,train,83,0.820000,0.663918
571,3,train,84,0.060000,0.086978
571,3,train,85,0.260000,0.236976
571,3,train,86,0.000000,0.036302
571,3,train,87,0.050000,0.063084
571,3,train,88,0.170000,0.139722
571,3,train,89,0.160000,0.139588
571,3,train,90,0.190000,0.171277
571,3,train,91,0.180000,0.160432
571,3,train,92,0.244400,0.255800
571,3,train,93,0.280000,0.265025
571,3,train,94,0.115100,0.116271
571,3,train,95,0.210000,0.174875
571,3,train,96,0.210000,0.196283
571,3,train,97,0.075400,0.072240
571,3,train,98,0.065340,0.095043
571,3,train,99,0.095300,0.102257
571,3,train,100,0.035100,0.046911
571,3,train,101,0.240000,0.215952
571,3,train,102,0.242000,0.225807
571,3,train,103,0.380000,0.287554
571,3,train,104,0.160000,0.156263
571,3,train,105,0.020000,0.043574
571,3,train,106,0.110000,0.118294
571,3,train,107,0.010000,0.037995
571,3,train,108,0.220000,0.227570
571,3,train,109,0.070000,0.096384
571,3,train,110,0.115100,0.116271
571,3,train,111,0.240000,0.210244
571,3,train,112,0.190000,0.191065
571,3,train,113,0.280000,0.242889
571,3,train,114,-0.110000,-0.044508
571,3,train,115,0.151000,0.143884
571,3,train,116,0.054300,0.090108
571,3,train,117,0.133000,0.138570
571,3,train,118,0.151000,0.140040
571,3,train,119,0.150000,0.162775
571,3,train,120,-0.350000,-0.162196
571,3,train,121,0.380000,0.293275
571,3,train,122,0.010000,0.062827
571,3,train,123,0.080000,0.081416
571,3,train,124,0.018000,0.032121
571,3,train,125,0.094600,0.110933
571,3,train,126,0.020000,0.070579
571,3,train,127,0.790000,0.672585
571,3,train,128,0.190000,0.191679
571,3,train,129,0.090000,0.093525
571,4,test,0,0.439000,0.198122
571,4,test,1,0.073410,0.172147
571,4,test,2,0.080000,0.126764
571,4,test,3,0.151000,0.104879
571,4,test,4,0.000000,0.095260
571,4,test,5,0.044200,0.117589
571,4,test,6,0.090000,0.106164
571,4,test,7,0.244400,0.184683
571,4,test,8,0.290000,0.098606
571,4,test,9,0.052410,0.200577
571,4,test,10,0.010000,0.190722
571,4,test,11,0.170000,0.109971
571,4,test,12,0.040000,0.151896
571,4,test,13,0.060000,0.094657
571,4,test,14,0.260000,0.149458
571,4,test,15,0.084600,0.106777
571,4,test,16,0.054300,0.145558
571,4,test,17,0.224400,0.125798
571,4,test,18,-0.080000,0.163565
571,4,test,19,0.062000,0.144618
571,4,test,20,0.284200,0.107607
571,4,test,21,0.200000,0.177513
571,4,test,22,0.160000,0.106101
571,4,test,23,0.144500,0.054061
571,4,test,24,0.090000,0.154068
571,4,test,25,0.010000,0.084540
571,4,test,26,0.185100,0.159199
571,4,test,27,0.790000,0.466110
571,4,test,28,0.310000,0.222259
571,4,test,29,0.010000,0.132105
571,4,test,30,0.280000,0.157746
571,4,test,31,0.380000,0.205287
571,4,test,32,0.273300,0.211186
571,4,train,0,0.025000,0.052698
571,4,train,1,0.050000,0.063232
571,4,train,2,0.050000,0.056916
571,4,train,3,0.185100,0.159199
571,4,train,4,0.190000,0.194618
571,4,train,5,0.065340,0.100728
571,4,train,6,0.040000,0.071201
571,4,train,7,0.144700,0.147201
571,4,train,8,0.130000,0.127828
571,4,train,9,0.240000,0.230928
571,4,train,10,0.250000,0.202124
571,4,train,11,0.111520,0.134545
571,4,train,12,0.100000,0.098592
571,4,train,13,0.023500,0.050091
571,4,train,14,0.094700,0.118041
571,4,train,15,0.242000,0.217297
571,4,train,16,0.030000,0.069030
571,4,train,17,0.200000,0.159502
571,4,train,18,0.360000,0.288222
571,4,train,19,0.270000,0.211210
571,4,train,20,0.150000,0.158994
571,4,train,21,0.380000,0.293097
571,4,train,22,0.270000,0.248480
571,4,train,23,0.040000,0.071161
571,4,train,24,0.080000,0.082986
571,4,train,25,0.020000,0.046828
571,4,train,26,0.011000,0.054957
571,4,train,27,0.080000,0.075405
571,4,train,28,0.090000,0.098816
571,4,train,29,0.070000,0.090462
571,4,train,30,0.193500,0.179284
571,4,train,31,0.190000,0.184317
571,4,train,32,0.264400,0.231143
571,4,train,33,0.150000,0.170591
571,4,train,34,0.280000,0.253946
571,4,train,35,0.018000,0.049040
571,4,train,36,0.022000,0.045524
571,4,train,37,0.035400,0.044998
571,4,train,38,0.032000,0.062569
571,4,train,39,0.240000,0.202925
571,4,train,40,0.163300,0.147862
571,4,train,41,0.094900,0.096662
571,4,train,42,0.030000,0.067637
571,4,train,43,0.110000,0.123094
571,4,train,44,0.030000,0.037308
571,4,train,45,0.540000,0.350507
571,4,train,46,0.230000,0.221042
571,4,train,47,0.280000,0.226826
571,4,train,48,0.115100,0.116911
571,4,train,49,0.210000,0.158804
571,4,train,50,0.063300,0.094657
571,4,train,51,0.058480,0.078891
571,4,train,52,0.320000,0.259734
571,4,train,53,0.020000,0.110587
571,4,train,54,0.115100,0.116911
571,4,train,55,0.220000,0.190056
571,4,train,56,0.020000,0.089832
571,4,train,57,0.190000,0.143815
571,4,train,58,0.100000,0.100404
571,4,train,59,0.370000,0.300398
571,4,train,60,0.095300,0.089838
571,4,train,61,0.350000,0.292531
571,4,train,62,0.190000,0.167945
571,4,train,63,0.020000,0.045941
571,4,train,64,0.035100,0.047479
571,4,train,65,0.048480,0.064477
571,4,train,66,0.035100,0.047992
571,4,train,67,0.072000,0.095787
571,4,train,68,0.110000,0.110357
571,4,train,69,0.190000,0.170460
571,4,train,70,0.190000,0.183640
571,4,train,71,0.075400,0.074317
571,4,train,72,0.240000,0.209041
571,4,train,73,0.260000,0.203839
571,4,train,74,0.090000,0.082467
571,4,train,75,0.090000,0.120480
571,4,train,76,-0.030000,0.019636
571,4,train,77,0.133000,0.117819
571,4,train,78,-0.350000,-0.150621
571,4,train,79,0.174900,0.158738
571,4,train,80,0.290000,0.244296
571,4,train,81,0.160000,0.147704
571,4,train,82,0.030000,0.056430
571,4,train,83,0.137000,0.136010
571,4,train,84,0.180000,0.161306
571,4,train,85,0.820000,0.608153
571,4,train,86,0.093900,0.103425
571,4,train,87,0.094900,0.102253
571,4,train,88,0.024200,0.054601
571,4,train,89,0.020000,0.048597
571,4,train,90,0.020000,0.068654
571,4,train,91,0.144700,0.147201
571,4,train,92,0.151000,0.109170
571,4,train,93,0.050000,0.054297
571,4,train,94,0.100000,0.109010
571,4,train,95,0.403000,0.289173
571,4,train,96,0.035400,0.044998
571,4,train,97,0.130000,0.153785
571,4,train,98,0.150000,0.160273
571,4,train,99,0.260000,0.231892
571,4,train,100,0.180000,0.178848
571,4,train,101,0.018000,0.037020
571,4,train,102,0.135000,0.143141
571,4,train,103,0.160000,0.143565
571,4,train,104,-0.110000,0.001808
571,4,train,105,0.210000,0.205941
571,4,train,106,0.010000,0.061771
571,4,train,107,0.114400,0.112856
571,4,train,108,-0.390000,-0.174758
571,4,train,109,0.010000,0.049058
571,4,train,110,0.094600,0.103359
571,4,train,111,0.020000,0.065105
571,4,train,112,0.790000,0.651943
571,4,train,113,0.160000,0.125326
571,4,train,114,0.260000,0.216372
571,4,train,115,0.045300,0.056241
571,4,train,116,0.043800,0.055634
571,4,train,117,0.020000,0.073076
571,4,train,118,0.232000,0.249533
571,4,train,119,0.020000,0.070125
571,4,train,120,0.075400,0.074317
571,4,train,121,0.030000,0.103119
571,4,train,122,0.200000,0.214329
571,4,train,123,0.330000,0.239695
571,4,train,124,0.020000,0.073114
571,4,train,125,0.160000,0.140419
571,4,train,126,0.174900,0.154740
571,4,train,127,0.220000,0.196456
571,4,train,128,0.240000,0.199521
571,4,train,129,0.120000,0.152038
571,5,test,0,0.054300,0.141017
571,5,test,1,0.240000,0.151218
571,5,test,2,0.040000,0.165628
571,5,test,3,0.790000,0.496480
571,5,test,4,0.100000,0.105061
571,5,test,5,0.010000,0.112932
571,5,test,6,0.094600,0.100397
571,5,test,7,-0.350000,0.146232
571,5,test,8,0.240000,0.197273
571,5,test,9,0.093900,0.109819
571,5,test,10,0.185100,0.160002
571,5,test,11,0.190000,0.140574
571,5,test,12,0.024200,0.112905
571,5,test,13,0.032000,0.138347
571,5,test,14,0.280000,0.205825
571,5,test,15,-0.030000,0.112531
571,5,test,16,0.030000,0.107443
571,5,test,17,0.160000,0.095764
571,5,test,18,0.260000,0.198640
571,5,test,19,0.063300,0.098811
571,5,test,20,0.190000,0.150012
571,5,test,21,0.160000,0.130039
571,5,test,22,0.163300,0.126882
571,5,test,23,0.023500,0.115357
571,5,test,24,0.094700,0.165279
571,5,test,25,0.174900,0.131494
571,5,test,26,0.090000,0.108852
571,5,test,27,0.035100,0.083930
571,5,test,28,0.052410,0.159087
571,5,test,29,0.200000,0.166211
571,5,test,30,0.010000,0.183794
571,5,test,31,0.220000,0.183950
571,5,test,32,0.190000,0.241904
571,5,train,0,0.160000,0.181253
571,5,train,1,0.790000,0.607689
571,5,train,2,0.075400,0.075155
571,5,train,3,0.050000,0.074624
571,5,train,4,0.110000,0.136465
571,5,train,5,0.310000,0.257563
571,5,train,6,0.040000,0.110624
571,5,train,7,0.090000,0.096314
571,5,train,8,0.174900,0.145607
571,5,train,9,0.020000,0.072852
571,5,train,10,0.144700,0.142154
571,5,train,11,-0.110000,0.034430
571,5,train,12,0.133000,0.134715
571,5,train,13,0.048480,0.070127
571,5,train,14,0.010000,0.078023
571,5,train,15,0.220000,0.194544
571,5,train,16,0.250000,0.185057
571,5,train,17,0.190000,0.142674
571,5,train,18,0.270000,0.239726
571,5,train,19,0.193500,0.192623
571,5,train,20,0.232000,0.279859
571,5,train,21,0.260000,0.221939
571,5,train,22,0.370000,0.255689
571,5,train,23,0.100000,0.152238
571,5,train,24,0.260000,0.184900
571,5,train,25,0.060000,0.098811
571,5,train,26,0.151000,0.120141
571,5,train,27,0.020000,0.061636
571,5,train,28,0.244400,0.214827
571,5,train,29,0.094900,0.100662
571,5,train,30,0.025000,0.057912
571,5,train,31,0.018000,0.041460
571,5,train,32,0.210000,0.200407
571,5,train,33,0.065340,0.124073
571,5,train,34,0.111520,0.160604
571,5,train,35,0.150000,0.155932
571,5,train,36,0.190000,0.191533
571,5,train,37,0.070000,0.107860
571,5,train,38,0.160000,0.133024
571,5,train,39,0.137000,0.126959
571,5,train,40,0.210000,0.146250
571,5,train,41,0.095300,0.105422
571,5,train,42,0.100000,0.103235
571,5,train,43,0.403000,0.283339
571,5,train,44,0.170000,0.147771
571,5,train,45,0.260000,0.203535
571,5,train,46,0.020000,0.108047
571,5,train,47,0.020000,0.099086
571,5,train,48,0.035400,0.057411
571,5,train,49,0.022000,0.056229
571,5,train,50,0.151000,0.119048
571,5,train,51,0.150000,0.178246
571,5,train,52,0.094900,0.107995
571,5,train,53,0.135000,0.177926
571,5,train,54,0.130000,0.167507
571,5,train,55,0.080000,0.080439
571,5,train,56,0.073410,0.128151
571,5,train,57,0.020000,0.078491
571,5,train,58,0.084600,0.092398
571,5,train,59,0.284200,0.202916
571,5,train,60,0.240000,0.203675
571,5,train,61,0.230000,0.206690
571,5,train,62,0.044200,0.074682
571,5,train,63,0.072000,0.116834
571,5,train,64,0.280000,0.200352
571,5,train,65,0.010000,0.074631
571,5,train,66,0.115100,0.140353
571,5,train,67,0.080000,0.094486
571,5,train,68,0.075400,0.075155
571,5,train,69,0.190000,0.197869
571,5,train,70,0.120000,0.192859
571,5,train,71,0.110000,0.115566
571,5,train,72,0.144700,0.142154
571,5,train,73,0.242000,0.222343
571,5,train,74,0.224400,0.162207
571,5,train,75,0.030000,0.089913
571,5,train,76,0.115100,0.140353
571,5,train,77,0.035100,0.083355
571,5,train,78,0.180000,0.172507
571,5,train,79,0.020000,0.095951
571,5,train,80,0.380000,0.252964
571,5,train,81,0.030000,0.052140
571,5,train,82,0.080000,0.080357
571,5,train,83,0.090000,0.112977
571,5,train,84,0.160000,0.126882
571,5,train,85,0.150000,0.187274
571,5,train,86,0.030000,0.133391
571,5,train,87,0.040000,0.083599
571,5,train,88,0.320000,0.234237
571,5,train,89,0.439000,0.293850
571,5,train,90,-0.390000,-0.092072
571,5,train,91,0.180000,0.164847
571,5,train,92,0.000000,0.062276
571,5,train,93,0.144500,0.097779
571,5,train,94,0.035400,0.057411
571,5,train,95,0.020000,0.107135
571,5,train,96,0.045300,0.064185
571,5,train,97,0.540000,0.258662
571,5,train,98,0.280000,0.217624
571,5,train,99,0.058480,0.091678
571,5,train,100,0.360000,0.252315
571,5,train,101,0.050000,0.052222
571,5,train,102,0.010000,0.068301
571,5,train,103,0.820000,0.621221
571,5,train,104,0.020000,0.086622
571,5,train,105,0.330000,0.204139
571,5,train,106,0.200000,0.196381
571,5,train,107,0.200000,0.213947
571,5,train,108,0.240000,0.196683
571,5,train,109,0.273300,0.239458
571,5,train,110,0.090000,0.086506
571,5,train,111,0.020000,0.094360
571,5,train,112,0.290000,0.196831
571,5,train,113,0.270000,0.225460
571,5,train,114,0.130000,0.140193
571,5,train,115,0.114400,0.110621
571,5,train,116,-0.080000,0.050410
571,5,train,117,0.043800,0.066155
571,5,train,118,0.264400,0.239585
571,5,train,119,0.185100,0.160002
571,5,train,120,0.030000,0.036574
571,5,train,121,0.062000,0.103975
571,5,train,122,0.380000,0.243527
571,5,train,123,0.050000,0.063628
571,5,train,124,0.090000,0.159850
571,5,train,125,0.350000,0.259652
571,5,train,126,0.020000,0.086035
571,5,train,127,0.011000,0.088357
571,5,train,128,0.290000,0.228837
571,5,train,129,0.018000,0.052973
571,6,test,0,0.190000,0.136859
571,6,test,1,0.310000,0.225709
571,6,test,2,0.220000,0.156045
571,6,test,3,0.095300,0.087368
571,6,test,4,0.280000,0.187060
571,6,test,5,0.100000,0.081310
571,6,test,6,0.020000,0.107855
571,6,test,7,0.190000,0.142520
571,6,test,8,0.290000,0.206957
571,6,test,9,0.144700,0.141578
571,6,test,10,0.790000,0.447241
571,6,test,11,0.020000,0.135137
571,6,test,12,0.020000,0.134942
571,6,test,13,0.160000,0.129230
571,6,test,14,0.114400,0.108795
571,6,test,15,0.174900,0.126361
571,6,test,16,0.260000,0.224059
571,6,test,17,0.210000,0.179650
571,6,test,18,0.045300,0.089456
571,6,test,19,0.084600,0.112229
571,6,test,20,0.150000,0.198122
571,6,test,21,0.040000,0.156284
571,6,test,22,0.151000,0.074938
571,6,test,23,0.280000,0.218226
571,6,test,24,0.151000,0.078547
571,6,test,25,0.035400,0.102360
571,6,test,26,0.144500,0.070056
571,6,test,27,0.030000,0.086465
571,6,test,28,0.160000,0.131237
571,6,test,29,-0.390000,0.110398
571,6,test,30,0.035100,0.057259
571,6,test,31,0.200000,0.182920
571,6,test,32,0.035400,0.102360
571,6,train,0,0.133000,0.126326
571,6,train,1,0.190000,0.173028
571,6,train,2,0.200000,0.207373
571,6,train,3,0.093900,0.096464
571,6,train,4,0.030000,0.056563
571,6,train,5,0.135000,0.161117
571,6,train,6,0.000000,0.035544
571,6,train,7,0.110000,0.123051
571,6,train,8,0.100000,0.080837
571,6,train,9,0.190000,0.215686
571,6,train,10,0.163300,0.148464
571,6,train,11,0.080000,0.079973
571,6,train,12,0.094900,0.097577
571,6,train,13,0.025000,0.052954
571,6,train,14,0.260000,0.196654
571,6,train,15,0.370000,0.289752
571,6,train,16,0.018000,0.038260
571,6,train,17,0.150000,0.175280
571,6,train,18,0.264400,0.251215
571,6,train,19,0.100000,0.097508
571,6,train,20,0.240000,0.241992
571,6,train,21,0.185100,0.173242
571,6,train,22,0.230000,0.240031
571,6,train,23,0.043800,0.063290
571,6,train,24,0.020000,0.042319
571,6,train,25,0.160000,0.136912
571,6,train,26,0.170000,0.141516
571,6,train,27,0.270000,0.243026
571,6,train,28,0.094700,0.118633
571,6,train,29,0.020000,0.054010
571,6,train,30,0.090000,0.091500
571,6,train,31,0.120000,0.158447
571,6,train,32,0.284200,0.197828
571,6,train,33,0.240000,0.195573
571,6,train,34,0.020000,0.109965
571,6,train,35,0.065340,0.120034
571,6,train,36,0.330000,0.231758
571,6,train,37,0.190000,0.177671
571,6,train,38,0.020000,0.077368
571,6,train,39,0.220000,0.201142
571,6,train,40,0.130000,0.152154
571,6,train,41,0.180000,0.167831
571,6,train,42,0.050000,0.052123
571,6,train,43,0.080000,0.089825
571,6,train,44,0.224400,0.165001
571,6,train,45,0.018000,0.060311
571,6,train,46,0.320000,0.273779
571,6,train,47,0.075400,0.077915
571,6,train,48,0.090000,0.138305
571,6,train,49,0.010000,0.029528
571,6,train,50,0.072000,0.099154
571,6,train,51,0.200000,0.168508
571,6,train,52,-0.080000,0.031389
571,6,train,53,0.020000,0.070059
571,6,train,54,0.190000,0.206047
571,6,train,55,0.011000,0.028871
571,6,train,56,0.080000,0.079338
571,6,train,57,0.040000,0.087159
571,6,train,58,0.280000,0.227728
571,6,train,59,0.150000,0.171605
571,6,train,60,0.240000,0.203613
571,6,train,61,0.094600,0.116620
571,6,train,62,0.044200,0.070565
571,6,train,63,0.022000,0.049187
571,6,train,64,0.062000,0.090901
571,6,train,65,0.260000,0.233058
571,6,train,66,0.380000,0.298665
571,6,train,67,0.094900,0.106709
571,6,train,68,0.242000,0.227338
571,6,train,69,0.010000,0.033093
571,6,train,70,0.180000,0.165236
571,6,train,71,0.048480,0.063855
571,6,train,72,0.380000,0.267922
571,6,train,73,0.290000,0.250224
571,6,train,74,0.023500,0.072995
571,6,train,75,0.024200,0.052579
571,6,train,76,0.073410,0.105509
571,6,train,77,0.050000,0.060059
571,6,train,78,0.273300,0.243949
571,6,train,79,0.137000,0.139045
571,6,train,80,0.111520,0.145839
571,6,train,81,0.075400,0.077915
571,6,train,82,0.032000,0.067260
571,6,train,83,0.090000,0.107873
571,6,train,84,0.020000,0.086215
571,6,train,85,0.030000,0.043670
571,6,train,86,0.020000,0.043611
571,6,train,87,0.010000,0.086954
571,6,train,88,0.115100,0.124611
571,6,train,89,0.403000,0.328591
571,6,train,90,-0.030000,0.026013
571,6,train,91,0.070000,0.090811
571,6,train,92,0.063300,0.066800
571,6,train,93,-0.350000,-0.041555
571,6,train,94,0.115100,0.124611
571,6,train,95,0.360000,0.297599
571,6,train,96,0.160000,0.179030
571,6,train,97,0.232000,0.318088
571,6,train,98,0.193500,0.177980
571,6,train,99,0.244400,0.216375
571,6,train,100,0.250000,0.221661
571,6,train,101,0.110000,0.105407
571,6,train,102,0.060000,0.065898
571,6,train,103,-0.110000,0.015277
571,6,train,104,0.210000,0.144952
571,6,train,105,0.439000,0.345690
571,6,train,106,0.040000,0.119946
571,6,train,107,0.820000,0.581168
571,6,train,108,0.260000,0.240931
571,6,train,109,0.130000,0.122872
571,6,train,110,0.090000,0.092885
571,6,train,111,0.270000,0.234840
571,6,train,112,0.030000,0.076367
571,6,train,113,0.058480,0.075075
571,6,train,114,0.790000,0.572771
571,6,train,115,0.350000,0.286735
571,6,train,116,0.540000,0.289098
571,6,train,117,0.010000,0.033616
571,6,train,118,0.054300,0.091767
571,6,train,119,0.144700,0.141578
571,6,train,120,0.174900,0.159487
571,6,train,121,0.240000,0.220886
571,6,train,122,0.052410,0.092301
571,6,train,123,0.160000,0.147638
571,6,train,124,0.185100,0.173242
571,6,train,125,0.050000,0.061210
571,6,train,126,0.035100,0.056514
571,6,train,127,0.030000,0.108155
571,6,train,128,0.090000,0.083579
571,6,train,129,0.010000,0.050201
571,7,test,0,0.144700,0.146276
571,7,test,1,0.130000,0.187139
571,7,test,2,0.095300,0.072592
571,7,test,3,0.030000,0.224715
571,7,test,4,0.290000,0.102446
571,7,test,5,0.075400,0.077663
571,7,test,6,0.150000,0.182962
571,7,test,7,0.020000,0.170289
571,7,test,8,0.094700,0.154622
571,7,test,9,0.280000,0.209431
571,7,test,10,0.073410,0.132326
571,7,test,11,0.200000,0.121456
571,7,test,12,0.380000,0.228066
571,7,test,13,0.190000,0.142317
571,7,test,14,0.020000,0.149629
571,7,test,15,0.072000,0.141177
571,7,test,16,0.080000,0.076863
571,7,test,17,0.018000,0.097207
571,7,test,18,0.220000,0.173678
571,7,test,19,0.240000,0.123493
571,7,test,20,0.020000,0.079589
571,7,test,21,0.084600,0.096249
571,7,test,22,0.160000,0.111745
571,7,test,23,0.790000,0.323410
571,7,test,24,0.060000,0.090346
571,7,test,25,0.090000,0.129908
571,7,test,26,0.135000,0.219258
571,7,test,27,0.210000,0.189171
571,7,test,28,0.230000,0.221676
571,7,test,29,0.115100,0.167744
571,7,test,30,0.115100,0.167744
571,7,test,31,0.790000,0.346450
571,7,test,32,0.110000,0.105672
571,7,train,0,0.244400,0.227026
571,7,train,1,0.260000,0.227516
571,7,train,2,0.035100,0.050610
571,7,train,3,0.160000,0.114459
571,7,train,4,0.022000,0.044326
571,7,train,5,0.160000,0.143521
571,7,train,6,0.100000,0.099330
571,7,train,7,0.032000,0.065501
571,7,train,8,0.063300,0.090346
571,7,train,9,0.190000,0.179500
571,7,train,10,-0.110000,0.024215
571,7,train,11,0.010000,0.061283
571,7,train,12,0.137000,0.131079
571,7,train,13,0.018000,0.031096
571,7,train,14,0.054300,0.088581
571,7,train,15,-0.080000,0.041338
571,7,train,16,-0.030000,0.033022
571,7,train,17,0.273300,0.252690
571,7,train,18,0.048480,0.060491
571,7,train,19,0.200000,0.189832
571,7,train,20,0.094900,0.099184
571,7,train,21,0.190000,0.221350
571,7,train,22,0.100000,0.098040
571,7,train,23,-0.350000,-0.040220
571,7,train,24,0.080000,0.077857
571,7,train,25,0.439000,0.348284
571,7,train,26,-0.390000,-0.045691
571,7,train,27,0.011000,0.035314
571,7,train,28,0.185100,0.176084
571,7,train,29,0.020000,0.085799
571,7,train,30,0.260000,0.211148
571,7,train,31,0.350000,0.306176
571,7,train,32,0.035400,0.047259
571,7,train,33,0.130000,0.120579
571,7,train,34,0.224400,0.169588
571,7,train,35,0.180000,0.165112
571,7,train,36,0.163300,0.145669
571,7,train,37,0.075400,0.077663
571,7,train,38,0.040000,0.091570
571,7,train,39,0.190000,0.158108
571,7,train,40,0.030000,0.069311
571,7,train,41,0.193500,0.188418
571,7,train,42,0.090000,0.084145
571,7,train,43,0.024200,0.057357
571,7,train,44,0.030000,0.017575
571,7,train,45,0.020000,0.051809
571,7,train,46,0.090000,0.095863
571,7,train,47,0.190000,0.162185
571,7,train,48,0.065340,0.109199
571,7,train,49,0.080000,0.089540
571,7,train,50,0.180000,0.164045
571,7,train,51,0.094900,0.104745
571,7,train,52,0.280000,0.224346
571,7,train,53,0.090000,0.091113
571,7,train,54,0.190000,0.187530
571,7,train,55,0.044200,0.071755
571,7,train,56,0.330000,0.218949
571,7,train,57,0.025000,0.038343
571,7,train,58,0.030000,0.057936
571,7,train,59,0.150000,0.163958
571,7,train,60,0.000000,0.029098
571,7,train,61,0.160000,0.149686
571,7,train,62,0.820000,0.393186
571,7,train,63,0.280000,0.241246
571,7,train,64,0.058480,0.071645
571,7,train,65,0.151000,0.119754
571,7,train,66,0.240000,0.201885
571,7,train,67,0.020000,0.073798
571,7,train,68,0.260000,0.225783
571,7,train,69,0.232000,0.335058
571,7,train,70,0.114400,0.112158
571,7,train,71,0.242000,0.237959
571,7,train,72,0.040000,0.102466
571,7,train,73,0.150000,0.168993
571,7,train,74,0.264400,0.253682
571,7,train,75,0.062000,0.090591
571,7,train,76,0.240000,0.236988
571,7,train,77,0.035100,0.049953
571,7,train,78,0.050000,0.063562
571,7,train,79,0.110000,0.125224
571,7,train,80,0.120000,0.161557
571,7,train,81,0.320000,0.259416
571,7,train,82,0.094600,0.105706
571,7,train,83,0.100000,0.098336
571,7,train,84,0.160000,0.145869
571,7,train,85,0.270000,0.244938
571,7,train,86,0.380000,0.277992
571,7,train,87,0.270000,0.251314
571,7,train,88,0.170000,0.147778
571,7,train,89,0.111520,0.155173
571,7,train,90,0.050000,0.063014
571,7,train,91,0.020000,0.038590
571,7,train,92,0.040000,0.115356
571,7,train,93,0.260000,0.204889
571,7,train,94,0.250000,0.166531
571,7,train,95,0.403000,0.336628
571,7,train,96,0.151000,0.119497
571,7,train,97,0.290000,0.255663
571,7,train,98,0.240000,0.228611
571,7,train,99,0.035400,0.047259
571,7,train,100,0.090000,0.139168
571,7,train,101,0.174900,0.155375
571,7,train,102,0.220000,0.184037
571,7,train,103,0.045300,0.065466
571,7,train,104,0.020000,0.104200
571,7,train,105,0.284200,0.207117
571,7,train,106,0.050000,0.053546
571,7,train,107,0.010000,0.035887
571,7,train,108,0.070000,0.105958
571,7,train,109,0.043800,0.061721
571,7,train,110,0.144500,0.108847
571,7,train,111,0.310000,0.288164
571,7,train,112,0.020000,0.074802
571,7,train,113,0.174900,0.158281
571,7,train,114,0.020000,0.063081
571,7,train,115,0.010000,0.116742
571,7,train,116,0.210000,0.154921
571,7,train,117,0.540000,0.286904
571,7,train,118,0.010000,0.034673
571,7,train,119,0.023500,0.053404
571,7,train,120,0.010000,0.032529
571,7,train,121,0.144700,0.146276
571,7,train,122,0.370000,0.297702
571,7,train,123,0.093900,0.093752
571,7,train,124,0.133000,0.125938
571,7,train,125,0.185100,0.176084
571,7,train,126,0.200000,0.209112
571,7,train,127,0.360000,0.291708
571,7,train,128,0.030000,0.037604
571,7,train,129,0.052410,0.112487
571,8,test,0,0.018000,0.067044
571,8,test,1,-0.030000,0.082903
571,8,test,2,0.439000,0.190541
571,8,test,3,0.264400,0.191268
571,8,test,4,0.100000,0.120957
571,8,test,5,0.114400,0.134165
571,8,test,6,0.100000,0.107210
571,8,test,7,0.160000,0.137015
571,8,test,8,0.160000,0.086272
571,8,test,9,0.043800,0.095685
571,8,test,10,0.200000,0.199368
571,8,test,11,0.240000,0.192062
571,8,test,12,0.220000,0.118044
571,8,test,13,0.054300,0.145783
571,8,test,14,0.180000,0.146359
571,8,test,15,0.075400,0.128849
571,8,test,16,0.380000,0.194726
571,8,test,17,0.052410,0.176980
571,8,test,18,0.070000,0.183668
571,8,test,19,0.144700,0.147063
571,8,test,20,0.030000,0.123181
571,8,test,21,0.093900,0.116518
571,8,test,22,0.020000,0.098278
571,8,test,23,0.290000,0.203633
571,8,test,24,0.210000,0.198520
571,8,test,25,0.160000,0.131489
571,8,test,26,-0.390000,0.143585
571,8,test,27,0.150000,0.178901
571,8,test,28,0.030000,0.149954
571,8,test,29,0.110000,0.089680
571,8,test,30,0.240000,0.137572
571,8,test,31,0.010000,0.173346
571,8,test,32,0.820000,0.240667
571,8,train,0,0.094900,0.117099
571,8,train,1,0.150000,0.197909
571,8,train,2,0.020000,0.081628
571,8,train,3,0.018000,0.086359
571,8,train,4,0.224400,0.158488
571,8,train,5,0.010000,0.084108
571,8,train,6,0.290000,0.221942
571,8,train,7,0.232000,0.240409
571,8,train,8,0.090000,0.085879
571,8,train,9,0.137000,0.136870
571,8,train,10,0.020000,0.185511
571,8,train,11,0.284200,0.152299
571,8,train,12,0.350000,0.225129
571,8,train,13,0.030000,0.093458
571,8,train,14,0.094900,0.096934
571,8,train,15,0.174900,0.149492
571,8,train,16,0.360000,0.178588
571,8,train,17,0.090000,0.176878
571,8,train,18,0.242000,0.212789
571,8,train,19,0.050000,0.069799
571,8,train,20,0.240000,0.208170
571,8,train,21,0.273300,0.200805
571,8,train,22,0.115100,0.129460
571,8,train,23,0.111520,0.161881
571,8,train,24,0.040000,0.143773
571,8,train,25,-0.080000,0.136535
571,8,train,26,0.193500,0.180111
571,8,train,27,0.320000,0.135117
571,8,train,28,0.403000,0.201175
571,8,train,29,0.063300,0.147273
571,8,train,30,0.330000,0.141938
571,8,train,31,0.090000,0.067057
571,8,train,32,0.210000,0.107394
571,8,train,33,0.020000,0.166541
571,8,train,34,0.133000,0.116274
571,8,train,35,0.185100,0.162405
571,8,train,36,0.280000,0.217955
571,8,train,37,0.090000,0.141035
571,8,train,38,0.032000,0.127735
571,8,train,39,0.022000,0.087582
571,8,train,40,0.200000,0.131141
571,8,train,41,0.190000,0.185655
571,8,train,42,0.260000,0.158587
571,8,train,43,0.073410,0.151497
571,8,train,44,0.200000,0.157808
571,8,train,45,0.035100,0.091994
571,8,train,46,0.020000,0.140126
571,8,train,47,0.115100,0.129460
571,8,train,48,0.190000,0.170361
571,8,train,49,0.174900,0.131863
571,8,train,50,0.040000,0.147926
571,8,train,51,0.010000,0.187645
571,8,train,52,0.144500,0.110699
571,8,train,53,0.023500,0.110113
571,8,train,54,0.790000,0.249384
571,8,train,55,0.010000,0.091272
571,8,train,56,0.020000,0.138878
571,8,train,57,0.135000,0.187707
571,8,train,58,0.310000,0.220206
571,8,train,59,0.094700,0.164195
571,8,train,60,0.163300,0.086272
571,8,train,61,0.120000,0.199926
571,8,train,62,0.190000,0.121131
571,8,train,63,0.250000,0.159283
571,8,train,64,0.075400,0.128849
571,8,train,65,0.020000,0.150201
571,8,train,66,0.095300,0.082270
571,8,train,67,0.540000,0.182061
571,8,train,68,0.790000,0.255492
571,8,train,69,0.180000,0.186571
571,8,train,70,0.144700,0.147063
571,8,train,71,0.048480,0.092992
571,8,train,72,0.260000,0.225400
571,8,train,73,0.160000,0.147782
571,8,train,74,0.045300,0.070517
571,8,train,75,0.280000,0.176569
571,8,train,76,-0.350000,0.120460
571,8,train,77,0.380000,0.176734
571,8,train,78,0.170000,0.128249
571,8,train,79,0.020000,0.094550
571,8,train,80,0.044200,0.110086
571,8,train,81,0.035400,0.086762
571,8,train,82,0.244400,0.197601
571,8,train,83,0.260000,0.217770
571,8,train,84,0.370000,0.199364
571,8,train,85,0.094600,0.148481
571,8,train,86,0.084600,0.129563
571,8,train,87,0.065340,0.097683
571,8,train,88,0.058480,0.091393
571,8,train,89,0.130000,0.147028
571,8,train,90,0.060000,0.147273
571,8,train,91,0.160000,0.160705
571,8,train,92,0.035100,0.089187
571,8,train,93,0.185100,0.162405
571,8,train,94,0.090000,0.110079
571,8,train,95,0.080000,0.073773
571,8,train,96,0.151000,0.128418
571,8,train,97,0.270000,0.232596
571,8,train,98,0.240000,0.161452
571,8,train,99,0.072000,0.131173
571,8,train,100,-0.110000,0.097176
571,8,train,101,0.050000,0.084437
571,8,train,102,0.011000,0.131378
571,8,train,103,0.260000,0.173916
571,8,train,104,0.190000,0.112917
571,8,train,105,0.190000,0.132170
571,8,train,106,0.280000,0.173943
571,8,train,107,0.025000,0.119158
571,8,train,108,0.230000,0.220108
571,8,train,109,0.080000,0.097087
571,8,train,110,0.000000,0.072044
571,8,train,111,0.020000,0.094326
571,8,train,112,0.130000,0.209587
571,8,train,113,0.151000,0.121964
571,8,train,114,0.062000,0.127970
571,8,train,115,0.270000,0.200805
571,8,train,116,0.020000,0.174615
571,8,train,117,0.080000,0.082490
571,8,train,118,0.040000,0.178974
571,8,train,119,0.150000,0.184735
571,8,train,120,0.190000,0.165371
571,8,train,121,0.110000,0.099864
571,8,train,122,0.030000,0.199464
571,8,train,123,0.024200,0.093205
571,8,train,124,0.220000,0.178675
571,8,train,125,0.035400,0.086762
571,8,train,126,0.010000,0.086859
571,8,train,127,0.030000,0.090734
571,8,train,128,0.050000,0.076931
571,8,train,129,0.100000,0.103505
571,9,test,0,0.163300,0.129647
571,9,test,1,0.190000,0.092911
571,9,test,2,0.032000,0.140013
571,9,test,3,0.072000,0.113631
571,9,test,4,0.025000,0.096286
571,9,test,5,0.080000,0.092508
571,9,test,6,0.240000,0.156974
571,9,test,7,0.080000,0.102872
571,9,test,8,0.095300,0.093437
571,9,test,9,0.190000,0.131849
571,9,test,10,0.120000,0.218654
571,9,test,11,0.043800,0.088867
571,9,test,12,0.010000,0.171319
571,9,test,13,0.174900,0.122925
571,9,test,14,0.094900,0.098997
571,9,test,15,0.100000,0.066175
571,9,test,16,0.100000,0.063332
571,9,test,17,0.151000,0.110184
571,9,test,18,0.020000,0.127082
571,9,test,19,0.264400,0.197721
571,9,test,20,0.244400,0.176013
571,9,test,21,0.020000,0.125108
571,9,test,22,0.190000,0.254658
571,9,test,23,0.180000,0.133604
571,9,test,24,0.090000,0.097243
571,9,test,25,0.280000,0.093269
571,9,test,26,0.193500,0.159438
571,9,test,27,0.054300,0.130899
571,9,test,28,0.190000,0.149414
571,9,test,29,0.058480,0.118675
571,9,test,30,0.144700,0.135013
571,9,test,31,0.050000,0.078574
571,9,test,32,0.280000,0.136986
571,9,train,0,0.052410,0.095145
571,9,train,1,0.094600,0.083126
571,9,train,2,0.035400,0.039244
571,9,train,3,0.190000,0.174428
571,9,train,4,0.010000,0.067396
571,9,train,5,0.790000,0.674720
571,9,train,6,0.350000,0.293663
571,9,train,7,0.540000,0.361777
571,9,train,8,0.065340,0.087669
571,9,train,9,0.070000,0.083257
571,9,train,10,0.010000,0.061643
571,9,train,11,-0.030000,0.013467
571,9,train,12,0.035400,0.039244
571,9,train,13,0.093900,0.097846
571,9,train,14,0.115100,0.119781
571,9,train,15,0.050000,0.061270
571,9,train,16,0.030000,0.044336
571,9,train,17,0.111520,0.141863
571,9,train,18,0.044200,0.072484
571,9,train,19,0.040000,0.094989
571,9,train,20,0.084600,0.087114
571,9,train,21,0.020000,0.070423
571,9,train,22,0.115100,0.119781
571,9,train,23,0.380000,0.287799
571,9,train,24,0.100000,0.119037
571,9,train,25,0.290000,0.263665
571,9,train,26,0.045300,0.065080
571,9,train,27,0.320000,0.262498
571,9,train,28,0.290000,0.215080
571,9,train,29,0.035100,0.043288
571,9,train,30,0.310000,0.273041
571,9,train,31,0.185100,0.173543
571,9,train,32,0.380000,0.299400
571,9,train,33,0.130000,0.126361
571,9,train,34,0.011000,0.055644
571,9,train,35,0.020000,0.057689
571,9,train,36,0.022000,0.048307
571,9,train,37,0.110000,0.119492
571,9,train,38,0.075400,0.080730
571,9,train,39,0.020000,0.097133
571,9,train,40,0.260000,0.222893
571,9,train,41,0.020000,0.088871
571,9,train,42,0.090000,0.113165
571,9,train,43,0.094900,0.103988
571,9,train,44,0.232000,0.271239
571,9,train,45,0.150000,0.176013
571,9,train,46,0.242000,0.218836
571,9,train,47,0.260000,0.245869
571,9,train,48,0.150000,0.156973
571,9,train,49,0.048480,0.074549
571,9,train,50,0.075400,0.080730
571,9,train,51,0.135000,0.147173
571,9,train,52,0.010000,0.031795
571,9,train,53,0.200000,0.205095
571,9,train,54,0.174900,0.157818
571,9,train,55,0.080000,0.095402
571,9,train,56,0.210000,0.154619
571,9,train,57,0.110000,0.129572
571,9,train,58,0.020000,0.078562
571,9,train,59,0.030000,0.033376
571,9,train,60,0.151000,0.115515
571,9,train,61,0.024200,0.054412
571,9,train,62,0.790000,0.687437
571,9,train,63,0.050000,0.058868
571,9,train,64,0.023500,0.039410
571,9,train,65,0.273300,0.253490
571,9,train,66,0.018000,0.031743
571,9,train,67,0.270000,0.253188
571,9,train,68,0.130000,0.146800
571,9,train,69,0.160000,0.156782
571,9,train,70,0.224400,0.181322
571,9,train,71,-0.110000,0.005447
571,9,train,72,0.230000,0.212884
571,9,train,73,0.094700,0.121707
571,9,train,74,0.090000,0.099575
571,9,train,75,0.260000,0.212585
571,9,train,76,0.144700,0.135013
571,9,train,77,0.040000,0.065933
571,9,train,78,0.360000,0.281687
571,9,train,79,0.030000,0.098882
571,9,train,80,0.284200,0.214903
571,9,train,81,0.240000,0.214306
571,9,train,82,0.170000,0.139595
571,9,train,83,0.370000,0.309813
571,9,train,84,0.439000,0.352814
571,9,train,85,0.030000,0.094333
571,9,train,86,0.114400,0.104540
571,9,train,87,0.133000,0.129234
571,9,train,88,0.073410,0.102565
571,9,train,89,0.280000,0.256510
571,9,train,90,0.200000,0.197426
571,9,train,91,0.030000,0.052994
571,9,train,92,0.820000,0.692734
571,9,train,93,0.190000,0.184447
571,9,train,94,0.062000,0.083266
571,9,train,95,0.040000,0.080552
571,9,train,96,0.403000,0.326975
571,9,train,97,0.160000,0.124322
571,9,train,98,0.018000,0.040574
571,9,train,99,0.220000,0.200295
571,9,train,100,0.180000,0.179537
571,9,train,101,0.090000,0.145814
571,9,train,102,0.060000,0.070322
571,9,train,103,0.330000,0.246695
571,9,train,104,0.220000,0.208572
571,9,train,105,0.210000,0.193894
571,9,train,106,0.160000,0.134715
571,9,train,107,0.020000,0.062230
571,9,train,108,-0.350000,-0.165019
571,9,train,109,0.144500,0.121421
571,9,train,110,0.240000,0.213979
571,9,train,111,0.240000,0.195642
571,9,train,112,0.000000,0.034569
571,9,train,113,0.090000,0.095862
571,9,train,114,0.200000,0.159722
571,9,train,115,0.250000,0.201142
571,9,train,116,0.160000,0.129647
571,9,train,117,0.160000,0.152149
571,9,train,118,0.035100,0.043190
571,9,train,119,-0.390000,-0.210227
571,9,train,120,0.063300,0.070629
571,9,train,121,0.020000,0.041008
571,9,train,122,0.137000,0.134127
571,9,train,123,-0.080000,-0.000082
571,9,train,124,0.270000,0.246479
571,9,train,125,0.150000,0.164661
571,9,train,126,0.010000,0.052746
571,9,train,127,0.020000,0.045183
571,9,train,128,0.185100,0.173543
571,9,train,129,0.260000,0.216221
571,10,test,0,0.111520,0.172276
571,10,test,1,0.020000,0.186660
571,10,test,2,0.044200,0.116306
571,10,test,3,0.073410,0.121501
571,10,test,4,0.035100,0.068837
571,10,test,5,0.110000,0.128550
571,10,test,6,0.790000,0.339785
571,10,test,7,0.020000,0.110455
571,10,test,8,0.330000,0.092666
571,10,test,9,0.090000,0.080037
571,10,test,10,0.070000,0.127749
571,10,test,11,0.060000,0.110585
571,10,test,12,0.163300,0.130140
571,10,test,13,0.065340,0.140522
571,10,test,14,0.045300,0.091957
571,10,test,15,0.032000,0.103911
571,10,test,16,0.200000,0.229933
571,10,test,17,0.240000,0.194897
571,10,test,18,0.030000,0.074345
571,10,test,19,0.130000,0.184800
571,10,test,20,0.144500,0.067371
571,10,test,21,0.018000,0.106157
571,10,test,22,0.160000,0.132894
571,10,test,23,0.220000,0.149169
571,10,test,24,0.094600,0.132654
571,10,test,25,0.193500,0.154782
571,10,test,26,0.035400,0.068584
571,10,test,27,0.010000,0.147850
571,10,test,28,0.020000,0.150744
571,10,test,29,-0.390000,0.121324
571,10,test,30,0.820000,0.414644
571,10,test,31,-0.030000,0.112470
571,10,test,32,0.210000,0.075419
571,10,train,0,0.210000,0.200215
571,10,train,1,0.540000,0.346280
571,10,train,2,0.280000,0.237103
571,10,train,3,0.020000,0.066049
571,10,train,4,0.230000,0.220950
571,10,train,5,0.020000,0.079061
571,10,train,6,0.150000,0.166300
571,10,train,7,0.370000,0.298654
571,10,train,8,0.790000,0.482979
571,10,train,9,0.260000,0.212888
571,10,train,10,0.190000,0.164262
571,10,train,11,0.050000,0.044141
571,10,train,12,0.160000,0.153470
571,10,train,13,0.030000,0.057589
571,10,train,14,0.075400,0.080699
571,10,train,15,0.054300,0.077928
571,10,train,16,0.151000,0.144060
571,10,train,17,-0.110000,0.008326
571,10,train,18,0.273300,0.247119
571,10,train,19,0.010000,0.064067
571,10,train,20,0.135000,0.149824
571,10,train,21,0.270000,0.247119
571,10,train,22,0.115100,0.129868
571,10,train,23,0.024200,0.055119
571,10,train,24,0.011000,0.047361
571,10,train,25,0.052410,0.117868
571,10,train,26,0.190000,0.184248
571,10,train,27,0.094900,0.109639
571,10,train,28,0.040000,0.076167
571,10,train,29,0.160000,0.142727
571,10,train,30,0.174900,0.158413
571,10,train,31,0.190000,0.172002
571,10,train,32,0.080000,0.089243
571,10,train,33,0.380000,0.310544
571,10,train,34,0.224400,0.169315
571,10,train,35,0.180000,0.165798
571,10,train,36,0.062000,0.090000
571,10,train,37,0.090000,0.128049
571,10,train,38,0.190000,0.212695
571,10,train,39,0.095300,0.096392
571,10,train,40,0.180000,0.169011
571,10,train,41,0.360000,0.312361
571,10,train,42,0.084600,0.100927
571,10,train,43,0.050000,0.065982
571,10,train,44,0.050000,0.061155
571,10,train,45,0.023500,0.078283
571,10,train,46,0.035100,0.068837
571,10,train,47,0.240000,0.208632
571,10,train,48,0.133000,0.133683
571,10,train,49,0.090000,0.090975
571,10,train,50,0.030000,0.099129
571,10,train,51,0.439000,0.368023
571,10,train,52,0.110000,0.102057
571,10,train,53,0.310000,0.270816
571,10,train,54,0.115100,0.129868
571,10,train,55,0.290000,0.265230
571,10,train,56,0.250000,0.239794
571,10,train,57,0.260000,0.257104
571,10,train,58,0.284200,0.221492
571,10,train,59,0.018000,0.030262
571,10,train,60,0.160000,0.134994
571,10,train,61,0.035400,0.068584
571,10,train,62,0.020000,0.062169
571,10,train,63,0.030000,0.073524
571,10,train,64,0.220000,0.181465
571,10,train,65,0.200000,0.199584
571,10,train,66,0.043800,0.055885
571,10,train,67,0.010000,0.031423
571,10,train,68,0.100000,0.099131
571,10,train,69,0.100000,0.094094
571,10,train,70,0.072000,0.111941
571,10,train,71,0.290000,0.265143
571,10,train,72,0.174900,0.162178
571,10,train,73,0.380000,0.289800
571,10,train,74,0.094700,0.105397
571,10,train,75,0.100000,0.132180
571,10,train,76,-0.350000,-0.110742
571,10,train,77,0.280000,0.263050
571,10,train,78,0.260000,0.204295
571,10,train,79,0.185100,0.178751
571,10,train,80,0.010000,0.034853
571,10,train,81,0.020000,0.081387
571,10,train,82,0.020000,0.051035
571,10,train,83,0.022000,0.053132
571,10,train,84,0.040000,0.080143
571,10,train,85,0.244400,0.231504
571,10,train,86,0.090000,0.114767
571,10,train,87,0.200000,0.149623
571,10,train,88,0.075400,0.080699
571,10,train,89,0.093900,0.094682
571,10,train,90,0.137000,0.135593
571,10,train,91,0.010000,0.040293
571,10,train,92,0.151000,0.140520
571,10,train,93,0.000000,0.034641
571,10,train,94,0.264400,0.256276
571,10,train,95,0.048480,0.056526
571,10,train,96,0.232000,0.267662
571,10,train,97,0.058480,0.077510
571,10,train,98,-0.080000,0.041357
571,10,train,99,0.144700,0.151292
571,10,train,100,0.114400,0.131630
571,10,train,101,0.130000,0.124625
571,10,train,102,0.185100,0.178751
571,10,train,103,0.260000,0.258503
571,10,train,104,0.080000,0.095388
571,10,train,105,0.144700,0.151292
571,10,train,106,0.025000,0.057899
571,10,train,107,0.150000,0.176773
571,10,train,108,0.242000,0.239793
571,10,train,109,0.160000,0.130140
571,10,train,110,0.120000,0.157797
571,10,train,111,0.080000,0.074471
571,10,train,112,0.094900,0.088606
571,10,train,113,0.190000,0.171170
571,10,train,114,0.240000,0.239680
571,10,train,115,0.320000,0.244668
571,10,train,116,0.190000,0.183606
571,10,train,117,0.150000,0.172628
571,10,train,118,0.063300,0.110585
571,10,train,119,0.020000,0.065700
571,10,train,120,0.020000,0.067472
571,10,train,121,0.350000,0.303125
571,10,train,122,0.403000,0.351816
571,10,train,123,0.040000,0.115321
571,10,train,124,0.240000,0.217321
571,10,train,125,0.030000,0.050860
571,10,train,126,0.170000,0.145390
571,10,train,127,0.090000,0.096837
571,10,train,128,0.270000,0.237790
571,10,train,129,0.280000,0.232119
3040,1,test,0,0.043800,0.081547
3040,1,test,1,0.044200,0.129712
3040,1,test,2,0.075400,0.083228
3040,1,test,3,0.115100,0.137391
3040,1,test,4,0.020000,0.174112
3040,1,test,5,0.090000,0.144841
3040,1,test,6,-0.390000,0.120671
3040,1,test,7,0.111520,0.201254
3040,1,test,8,0.110000,0.144259
3040,1,test,9,0.080000,0.106573
3040,1,test,10,0.439000,0.210803
3040,1,test,11,0.320000,0.189123
3040,1,test,12,0.185100,0.165122
3040,1,test,13,0.144500,0.086050
3040,1,test,14,0.150000,0.209259
3040,1,test,15,0.174900,0.165517
3040,1,test,16,0.040000,0.132183
3040,1,test,17,0.030000,0.108185
3040,1,test,18,0.062000,0.132140
3040,1,test,19,0.010000,0.119362
3040,1,test,20,0.200000,0.199987
3040,1,test,21,0.224400,0.119728
3040,1,test,22,0.163300,0.129566
3040,1,test,23,0.250000,0.206002
3040,1,test,24,0.040000,0.124544
3040,1,test,25,0.190000,0.139021
3040,1,test,26,0.200000,0.186387
3040,1,test,27,0.050000,0.082008
3040,1,test,28,0.151000,0.122204
3040,1,test,29,0.190000,0.179855
3040,1,test,30,0.058480,0.106025
3040,1,test,31,0.190000,0.157502
3040,1,test,32,0.063300,0.090838
3040,1,train,0,0.100000,0.093941
3040,1,train,1,0.150000,0.175778
3040,1,train,2,0.023500,0.061936
3040,1,train,3,0.403000,0.293215
3040,1,train,4,0.190000,0.173878
3040,1,train,5,0.115100,0.137391
3040,1,train,6,0.380000,0.317503
3040,1,train,7,0.110000,0.111108
3040,1,train,8,0.242000,0.227374
3040,1,train,9,0.020000,0.057637
3040,1,train,10,0.020000,0.058811
3040,1,train,11,0.050000,0.056016
3040,1,train,12,-0.110000,-0.009906
3040,1,train,13,0.010000,0.087954
3040,1,train,14,0.090000,0.091511
3040,1,train,15,0.330000,0.236932
3040,1,train,16,0.018000,0.052163
3040,1,train,17,0.244400,0.231944
3040,1,train,18,0.010000,0.045830
3040,1,train,19,0.200000,0.156070
3040,1,train,20,-0.350000,-0.167511
3040,1,train,21,0.100000,0.104284
3040,1,train,22,0.260000,0.247262
3040,1,train,23,0.144700,0.145708
3040,1,train,24,0.080000,0.082898
3040,1,train,25,0.151000,0.127717
3040,1,train,26,0.000000,0.039570
3040,1,train,27,0.024200,0.056557
3040,1,train,28,0.035400,0.044901
3040,1,train,29,0.220000,0.190768
3040,1,train,30,0.084600,0.106740
3040,1,train,31,0.070000,0.095352
3040,1,train,32,0.048480,0.073054
3040,1,train,33,0.090000,0.125320
3040,1,train,34,0.360000,0.293677
3040,1,train,35,0.290000,0.262262
3040,1,train,36,0.220000,0.198702
3040,1,train,37,0.270000,0.253729
3040,1,train,38,0.280000,0.244925
3040,1,train,39,0.260000,0.234507
3040,1,train,40,0.790000,0.657509
3040,1,train,41,0.310000,0.287282
3040,1,train,42,0.020000,0.051462
3040,1,train,43,0.120000,0.167733
3040,1,train,44,0.144700,0.145708
3040,1,train,45,-0.080000,0.011494
3040,1,train,46,0.020000,0.064486
3040,1,train,47,0.094900,0.101023
3040,1,train,48,0.035100,0.044903
3040,1,train,49,0.094700,0.115953
3040,1,train,50,0.160000,0.129566
3040,1,train,51,0.040000,0.079742
3040,1,train,52,0.180000,0.170594
3040,1,train,53,0.230000,0.212868
3040,1,train,54,0.010000,0.053920
3040,1,train,55,0.090000,0.088052
3040,1,train,56,0.020000,0.050183
3040,1,train,57,0.284200,0.214696
3040,1,train,58,0.135000,0.159137
3040,1,train,59,0.820000,0.725442
3040,1,train,60,0.045300,0.064692
3040,1,train,61,0.035400,0.044901
3040,1,train,62,0.240000,0.210955
3040,1,train,63,0.020000,0.049414
3040,1,train,64,0.264400,0.248638
3040,1,train,65,0.093900,0.101595
3040,1,train,66,0.030000,0.052713
3040,1,train,67,0.280000,0.224222
3040,1,train,68,0.018000,0.033535
3040,1,train,69,0.080000,0.082349
3040,1,train,70,0.280000,0.262948
3040,1,train,71,0.050000,0.058035
3040,1,train,72,0.174900,0.154455
3040,1,train,73,0.130000,0.151836
3040,1,train,74,0.190000,0.194481
3040,1,train,75,0.790000,0.655847
3040,1,train,76,0.170000,0.146248
3040,1,train,77,0.090000,0.100336
3040,1,train,78,0.075400,0.083228
3040,1,train,79,0.273300,0.248766
3040,1,train,80,0.030000,0.113510
3040,1,train,81,0.185100,0.165122
3040,1,train,82,0.160000,0.154747
3040,1,train,83,0.054300,0.085267
3040,1,train,84,0.094900,0.107349
3040,1,train,85,0.193500,0.179228
3040,1,train,86,0.030000,0.054792
3040,1,train,87,0.073410,0.095726
3040,1,train,88,0.022000,0.046001
3040,1,train,89,0.210000,0.155028
3040,1,train,90,0.010000,0.054521
3040,1,train,91,0.210000,0.196875
3040,1,train,92,0.094600,0.115352
3040,1,train,93,-0.030000,0.027677
3040,1,train,94,0.180000,0.173962
3040,1,train,95,0.032000,0.075161
3040,1,train,96,0.114400,0.118270
3040,1,train,97,0.290000,0.250092
3040,1,train,98,0.150000,0.176657
3040,1,train,99,0.350000,0.303568
3040,1,train,100,0.190000,0.181837
3040,1,train,101,0.160000,0.155981
3040,1,train,102,0.240000,0.229681
3040,1,train,103,0.232000,0.254538
3040,1,train,104,0.137000,0.140903
3040,1,train,105,0.270000,0.247222
3040,1,train,106,0.060000,0.090847
3040,1,train,107,0.380000,0.292785
3040,1,train,108,0.160000,0.145633
3040,1,train,109,0.072000,0.103855
3040,1,train,110,0.130000,0.126428
3040,1,train,111,0.100000,0.095347
3040,1,train,112,0.540000,0.386891
3040,1,train,113,0.160000,0.167050
3040,1,train,114,0.133000,0.131412
3040,1,train,115,0.240000,0.219757
3040,1,train,116,0.025000,0.056363
3040,1,train,117,0.260000,0.212228
3040,1,train,118,0.065340,0.111615
3040,1,train,119,0.052410,0.093731
3040,1,train,120,0.020000,0.080667
3040,1,train,121,0.260000,0.214449
3040,1,train,122,0.240000,0.213296
3040,1,train,123,0.011000,0.052055
3040,1,train,124,0.035100,0.044737
3040,1,train,125,0.030000,0.073219
3040,1,train,126,0.020000,0.078022
3040,1,train,127,0.370000,0.305171
3040,1,train,128,0.020000,0.092173
3040,1,train,129,0.095300,0.096441
3040,2,test,0,0.310000,0.183430
3040,2,test,1,0.260000,0.116776
3040,2,test,2,0.072000,0.120327
3040,2,test,3,0.270000,0.205972
3040,2,test,4,0.180000,0.116776
3040,2,test,5,0.210000,0.106832
3040,2,test,6,0.052410,0.202136
3040,2,test,7,0.080000,0.123726
3040,2,test,8,0.032000,0.172952
3040,2,test,9,0.280000,0.154675
3040,2,test,10,0.093900,0.110876
3040,2,test,11,0.240000,0.164434
3040,2,test,12,0.100000,0.153675
3040,2,test,13,0.150000,0.148637
3040,2,test,14,0.090000,0.110876
3040,2,test,15,0.273300,0.129161
3040,2,test,16,0.110000,0.126754
3040,2,test,17,0.011000,0.208876
3040,2,test,18,0.200000,0.126754
3040,2,test,19,0.111520,0.133058
3040,2,test,20,-0.080000,0.154675
3040,2,test,21,0.073410,0.189454
3040,2,test,22,0.043800,0.112732
3040,2,test,23,0.010000,0.140468
3040,2,test,24,-0.350000,0.197573
3040,2,test,25,0.260000,0.117303
3040,2,test,26,0.084600,0.110876
3040,2,test,27,0.224400,0.135061
3040,2,test,28,0.010000,0.129161
3040,2,test,29,0.035100,0.106832
3040,2,test,30,0.174900,0.115231
3040,2,test,31,0.018000,0.116284
3040,2,test,32,0.020000,0.135061
3040,2,train,0,0.115100,0.110876
3040,2,train,1,0.320000,0.182574
3040,2,train,2,0.023500,0.106832
3040,2,train,3,0.790000,0.286658
3040,2,train,4,-0.110000,0.131161
3040,2,train,5,0.080000,0.116776
3040,2,train,6,0.024200,0.106832
3040,2,train,7,0.190000,0.132862
3040,2,train,8,0.170000,0.120327
3040,2,train,9,0.133000,0.116284
3040,2,train,10,0.040000,0.135655
3040,2,train,11,0.020000,0.163509
3040,2,train,12,0.010000,0.178859
3040,2,train,13,0.144700,0.110876
3040,2,train,14,0.040000,0.172964
3040,2,train,15,0.030000,0.140744
3040,2,train,16,0.820000,0.286658
3040,2,train,17,0.090000,0.123198
3040,2,train,18,0.010000,0.113407
3040,2,train,19,0.244400,0.172960
3040,2,train,20,0.190000,0.117303
3040,2,train,21,0.144700,0.110876
3040,2,train,22,0.020000,0.126754
3040,2,train,23,0.264400,0.219360
3040,2,train,24,0.048480,0.117894
3040,2,train,25,0.240000,0.183752
3040,2,train,26,0.110000,0.126754
3040,2,train,27,0.062000,0.137695
3040,2,train,28,0.065340,0.116284
3040,2,train,29,0.180000,0.198709
3040,2,train,30,0.030000,0.116284
3040,2,train,31,0.120000,0.225102
3040,2,train,32,0.025000,0.116776
3040,2,train,33,0.114400,0.110876
3040,2,train,34,-0.390000,0.106832
3040,2,train,35,0.030000,0.116501
3040,2,train,36,0.020000,0.106832
3040,2,train,37,0.018000,0.106832
3040,2,train,38,0.090000,0.112732
3040,2,train,39,0.151000,0.106832
3040,2,train,40,0.790000,0.280759
3040,2,train,41,0.094600,0.149579
3040,2,train,42,0.020000,0.128081
3040,2,train,43,0.190000,0.130798
3040,2,train,44,0.050000,0.106832
3040,2,train,45,0.040000,0.117818
3040,2,train,46,0.240000,0.149083
3040,2,train,47,0.439000,0.228930
3040,2,train,48,0.050000,0.112732
3040,2,train,49,0.000000,0.106832
3040,2,train,50,0.185100,0.122587
3040,2,train,51,0.270000,0.129161
3040,2,train,52,0.151000,0.106832
3040,2,train,53,0.130000,0.199852
3040,2,train,54,0.540000,0.130798
3040,2,train,55,0.240000,0.160049
3040,2,train,56,0.075400,0.117299
3040,2,train,57,0.010000,0.123726
3040,2,train,58,0.144500,0.120855
3040,2,train,59,0.075400,0.117299
3040,2,train,60,0.130000,0.136727
3040,2,train,61,-0.030000,0.106832
3040,2,train,62,0.280000,0.154675
3040,2,train,63,0.190000,0.137895
3040,2,train,64,0.284200,0.170082
3040,2,train,65,0.063300,0.138687
3040,2,train,66,0.020000,0.130773
3040,2,train,67,0.094900,0.106832
3040,2,train,68,0.260000,0.229145
3040,2,train,69,0.054300,0.171832
3040,2,train,70,0.135000,0.172960
3040,2,train,71,0.160000,0.110876
3040,2,train,72,0.100000,0.153675
3040,2,train,73,0.035400,0.106832
3040,2,train,74,0.160000,0.112732
3040,2,train,75,0.260000,0.223246
3040,2,train,76,0.150000,0.178439
3040,2,train,77,0.232000,0.256836
3040,2,train,78,0.020000,0.160178
3040,2,train,79,0.020000,0.146821
3040,2,train,80,0.100000,0.200160
3040,2,train,81,0.200000,0.225102
3040,2,train,82,0.290000,0.229145
3040,2,train,83,0.050000,0.116284
3040,2,train,84,0.020000,0.106832
3040,2,train,85,0.030000,0.178859
3040,2,train,86,0.160000,0.128289
3040,2,train,87,0.350000,0.183430
3040,2,train,88,0.020000,0.151006
3040,2,train,89,0.163300,0.112732
3040,2,train,90,0.210000,0.169408
3040,2,train,91,0.035100,0.106832
3040,2,train,92,0.190000,0.224574
3040,2,train,93,0.115100,0.110876
3040,2,train,94,0.022000,0.127700
3040,2,train,95,0.160000,0.181195
3040,2,train,96,0.160000,0.167788
3040,2,train,97,0.185100,0.122587
3040,2,train,98,0.360000,0.183896
3040,2,train,99,0.290000,0.204731
3040,2,train,100,0.090000,0.214631
3040,2,train,101,0.094700,0.168987
3040,2,train,102,0.094900,0.106832
3040,2,train,103,0.070000,0.122587
3040,2,train,104,0.030000,0.120327
3040,2,train,105,0.380000,0.226758
3040,2,train,106,0.330000,0.131017
3040,2,train,107,0.242000,0.169408
3040,2,train,108,0.045300,0.112732
3040,2,train,109,0.200000,0.162834
3040,2,train,110,0.190000,0.160630
3040,2,train,111,0.080000,0.112732
3040,2,train,112,0.220000,0.117303
3040,2,train,113,0.230000,0.183430
3040,2,train,114,0.095300,0.106832
3040,2,train,115,0.280000,0.229145
3040,2,train,116,0.250000,0.197573
3040,2,train,117,0.150000,0.192411
3040,2,train,118,0.058480,0.111994
3040,2,train,119,0.060000,0.138687
3040,2,train,120,0.044200,0.110876
3040,2,train,121,0.403000,0.220531
3040,2,train,122,0.035400,0.106832
3040,2,train,123,0.380000,0.175329
3040,2,train,124,0.220000,0.135061
3040,2,train,125,0.174900,0.110876
3040,2,train,126,0.193500,0.128487
3040,2,train,127,0.137000,0.110876
3040,2,train,128,0.370000,0.222966
3040,2,train,129,0.090000,0.106832
3040,3,test,0,-0.030000,0.099567
3040,3,test,1,0.150000,0.203991
3040,3,test,2,0.310000,0.230619
3040,3,test,3,0.180000,0.145421
3040,3,test,4,0.044200,0.114798
3040,3,test,5,0.062000,0.134199
3040,3,test,6,0.094900,0.131933
3040,3,test,7,0.030000,0.169454
3040,3,test,8,0.230000,0.176277
3040,3,test,9,0.063300,0.093841
3040,3,test,10,0.090000,0.126647
3040,3,test,11,0.020000,0.166641
3040,3,test,12,0.273300,0.194173
3040,3,test,13,0.040000,0.164814
3040,3,test,14,0.052410,0.136649
3040,3,test,15,0.023500,0.093767
3040,3,test,16,0.058480,0.109530
3040,3,test,17,0.439000,0.200914
3040,3,test,18,0.232000,0.345009
3040,3,test,19,0.790000,0.467730
3040,3,test,20,0.120000,0.203659
3040,3,test,21,-0.390000,0.130503
3040,3,test,22,0.050000,0.075071
3040,3,test,23,0.540000,0.098877
3040,3,test,24,0.185100,0.152413
3040,3,test,25,0.190000,0.159209
3040,3,test,26,0.360000,0.201865
3040,3,test,27,0.200000,0.089536
3040,3,test,28,0.190000,0.147056
3040,3,test,29,0.032000,0.117251
3040,3,test,30,0.020000,0.134498
3040,3,test,31,0.220000,0.073161
3040,3,test,32,-0.080000,0.124727
3040,3,train,0,0.090000,0.087108
3040,3,train,1,0.080000,0.082760
3040,3,train,2,0.073410,0.112663
3040,3,train,3,0.045300,0.060338
3040,3,train,4,0.011000,0.032399
3040,3,train,5,0.350000,0.291143
3040,3,train,6,0.264400,0.240911
3040,3,train,7,0.290000,0.251869
3040,3,train,8,0.030000,0.068732
3040,3,train,9,0.130000,0.146451
3040,3,train,10,0.370000,0.291444
3040,3,train,11,0.010000,0.047731
3040,3,train,12,0.193500,0.178874
3040,3,train,13,0.130000,0.122469
3040,3,train,14,0.137000,0.127869
3040,3,train,15,0.100000,0.077691
3040,3,train,16,0.020000,0.092550
3040,3,train,17,0.330000,0.235517
3040,3,train,18,0.093900,0.088939
3040,3,train,19,0.174900,0.153054
3040,3,train,20,0.200000,0.167295
3040,3,train,21,0.075400,0.074907
3040,3,train,22,0.094900,0.102537
3040,3,train,23,0.030000,0.061952
3040,3,train,24,0.084600,0.105766
3040,3,train,25,0.111520,0.143427
3040,3,train,26,0.030000,0.121043
3040,3,train,27,0.160000,0.170484
3040,3,train,28,0.144700,0.142599
3040,3,train,29,0.284200,0.203038
3040,3,train,30,0.160000,0.145506
3040,3,train,31,0.090000,0.125105
3040,3,train,32,0.144500,0.107478
3040,3,train,33,0.030000,0.064178
3040,3,train,34,0.100000,0.103378
3040,3,train,35,0.020000,0.043612
3040,3,train,36,0.090000,0.109347
3040,3,train,37,0.240000,0.229226
3040,3,train,38,0.022000,0.051628
3040,3,train,39,0.144700,0.142599
3040,3,train,40,0.280000,0.218152
3040,3,train,41,0.035400,0.045019
3040,3,train,42,0.260000,0.218808
3040,3,train,43,0.224400,0.190702
3040,3,train,44,0.163300,0.150150
3040,3,train,45,0.260000,0.258446
3040,3,train,46,0.403000,0.321310
3040,3,train,47,0.020000,0.093205
3040,3,train,48,0.040000,0.097979
3040,3,train,49,0.020000,0.058975
3040,3,train,50,0.072000,0.106739
3040,3,train,51,0.043800,0.058290
3040,3,train,52,0.048480,0.069161
3040,3,train,53,0.270000,0.255854
3040,3,train,54,0.025000,0.050559
3040,3,train,55,0.160000,0.149967
3040,3,train,56,0.020000,0.112948
3040,3,train,57,0.270000,0.194353
3040,3,train,58,0.024200,0.055178
3040,3,train,59,0.114400,0.132271
3040,3,train,60,0.050000,0.058422
3040,3,train,61,0.080000,0.075138
3040,3,train,62,0.035400,0.045019
3040,3,train,63,0.100000,0.102927
3040,3,train,64,0.020000,0.063962
3040,3,train,65,0.174900,0.162428
3040,3,train,66,0.250000,0.227940
3040,3,train,67,0.200000,0.193849
3040,3,train,68,0.135000,0.155885
3040,3,train,69,0.185100,0.152413
3040,3,train,70,0.190000,0.172143
3040,3,train,71,0.035100,0.049498
3040,3,train,72,0.018000,0.045535
3040,3,train,73,0.320000,0.239213
3040,3,train,74,0.040000,0.093286
3040,3,train,75,0.110000,0.098537
3040,3,train,76,0.240000,0.225010
3040,3,train,77,0.010000,0.086495
3040,3,train,78,0.094700,0.129274
3040,3,train,79,0.290000,0.270092
3040,3,train,80,0.260000,0.201632
3040,3,train,81,0.150000,0.176306
3040,3,train,82,0.010000,0.009524
3040,3,train,83,0.820000,0.588523
3040,3,train,84,0.060000,0.093841
3040,3,train,85,0.260000,0.254501
3040,3,train,86,0.000000,0.039788
3040,3,train,87,0.050000,0.059672
3040,3,train,88,0.170000,0.138205
3040,3,train,89,0.160000,0.150578
3040,3,train,90,0.190000,0.169982
3040,3,train,91,0.180000,0.160942
3040,3,train,92,0.244400,0.221044
3040,3,train,93,0.280000,0.262755
3040,3,train,94,0.115100,0.123424
3040,3,train,95,0.210000,0.146425
3040,3,train,96,0.210000,0.195103
3040,3,train,97,0.075400,0.074907
3040,3,train,98,0.065340,0.089583
3040,3,train,99,0.095300,0.094882
3040,3,train,100,0.035100,0.049822
3040,3,train,101,0.240000,0.204298
3040,3,train,102,0.242000,0.225055
3040,3,train,103,0.380000,0.271224
3040,3,train,104,0.160000,0.150055
3040,3,train,105,0.020000,0.048712
3040,3,train,106,0.110000,0.113185
3040,3,train,107,0.010000,0.046434
3040,3,train,108,0.220000,0.206166
3040,3,train,109,0.070000,0.098286
3040,3,train,110,0.115100,0.123424
3040,3,train,111,0.240000,0.193646
3040,3,train,112,0.190000,0.189209
3040,3,train,113,0.280000,0.239100
3040,3,train,114,-0.110000,0.012293
3040,3,train,115,0.151000,0.140165
3040,3,train,116,0.054300,0.093521
3040,3,train,117,0.133000,0.125988
3040,3,train,118,0.151000,0.136110
3040,3,train,119,0.150000,0.172940
3040,3,train,120,-0.350000,-0.050188
3040,3,train,121,0.380000,0.290710
3040,3,train,122,0.010000,0.071228
3040,3,train,123,0.080000,0.084745
3040,3,train,124,0.018000,0.033161
3040,3,train,125,0.094600,0.115164
3040,3,train,126,0.020000,0.033475
3040,3,train,127,0.790000,0.590981
3040,3,train,128,0.190000,0.181686
3040,3,train,129,0.090000,0.087188
3040,4,test,0,0.439000,0.201480
3040,4,test,1,0.073410,0.164016
3040,4,test,2,0.080000,0.127763
3040,4,test,3,0.151000,0.107226
3040,4,test,4,0.000000,0.100955
3040,4,test,5,0.044200,0.122526
3040,4,test,6,0.090000,0.107779
3040,4,test,7,0.244400,0.176824
3040,4,test,8,0.290000,0.110926
3040,4,test,9,0.052410,0.199873
3040,4,test,10,0.010000,0.202179
3040,4,test,11,0.170000,0.115431
3040,4,test,12,0.040000,0.151629
3040,4,test,13,0.060000,0.095710
3040,4,test,14,0.260000,0.147101
3040,4,test,15,0.084600,0.117101
3040,4,test,16,0.054300,0.133972
3040,4,test,17,0.224400,0.119960
3040,4,test,18,-0.080000,0.151898
3040,4,test,19,0.062000,0.147625
3040,4,test,20,0.284200,0.102150
3040,4,test,21,0.200000,0.175626
3040,4,test,22,0.160000,0.110186
3040,4,test,23,0.144500,0.050382
3040,4,test,24,0.090000,0.153341
3040,4,test,25,0.010000,0.080078
3040,4,test,26,0.185100,0.157424
3040,4,test,27,0.790000,0.439443
3040,4,test,28,0.310000,0.213775
3040,4,test,29,0.010000,0.137459
3040,4,test,30,0.280000,0.157963
3040,4,test,31,0.380000,0.200488
3040,4,test,32,0.273300,0.214947
3040,4,train,0,0.025000,0.052983
3040,4,train,1,0.050000,0.061140
3040,4,train,2,0.050000,0.054667
3040,4,train,3,0.185100,0.157424
3040,4,train,4,0.190000,0.190156
3040,4,train,5,0.065340,0.099297
3040,4,train,6,0.040000,0.070927
3040,4,train,7,0.144700,0.142862
3040,4,train,8,0.130000,0.120055
3040,4,train,9,0.240000,0.225157
3040,4,train,10,0.250000,0.204248
3040,4,train,11,0.111520,0.131399
3040,4,train,12,0.100000,0.095211
3040,4,train,13,0.023500,0.053654
3040,4,train,14,0.094700,0.120278
3040,4,train,15,0.242000,0.214024
3040,4,train,16,0.030000,0.067941
3040,4,train,17,0.200000,0.166255
3040,4,train,18,0.360000,0.293051
3040,4,train,19,0.270000,0.215184
3040,4,train,20,0.150000,0.157180
3040,4,train,21,0.380000,0.303079
3040,4,train,22,0.270000,0.247459
3040,4,train,23,0.040000,0.070164
3040,4,train,24,0.080000,0.082371
3040,4,train,25,0.020000,0.047428
3040,4,train,26,0.011000,0.056444
3040,4,train,27,0.080000,0.074694
3040,4,train,28,0.090000,0.103212
3040,4,train,29,0.070000,0.085310
3040,4,train,30,0.193500,0.179142
3040,4,train,31,0.190000,0.181295
3040,4,train,32,0.264400,0.229086
3040,4,train,33,0.150000,0.167790
3040,4,train,34,0.280000,0.256465
3040,4,train,35,0.018000,0.049248
3040,4,train,36,0.022000,0.048993
3040,4,train,37,0.035400,0.040113
3040,4,train,38,0.032000,0.066150
3040,4,train,39,0.240000,0.206441
3040,4,train,40,0.163300,0.148121
3040,4,train,41,0.094900,0.098623
3040,4,train,42,0.030000,0.069686
3040,4,train,43,0.110000,0.123387
3040,4,train,44,0.030000,0.046491
3040,4,train,45,0.540000,0.371694
3040,4,train,46,0.230000,0.213142
3040,4,train,47,0.280000,0.224853
3040,4,train,48,0.115100,0.119102
3040,4,train,49,0.210000,0.160514
3040,4,train,50,0.063300,0.095710
3040,4,train,51,0.058480,0.080288
3040,4,train,52,0.320000,0.259394
3040,4,train,53,0.020000,0.104905
3040,4,train,54,0.115100,0.119102
3040,4,train,55,0.220000,0.199355
3040,4,train,56,0.020000,0.089527
3040,4,train,57,0.190000,0.148956
3040,4,train,58,0.100000,0.095997
3040,4,train,59,0.370000,0.306681
3040,4,train,60,0.095300,0.093578
3040,4,train,61,0.350000,0.294726
3040,4,train,62,0.190000,0.170219
3040,4,train,63,0.020000,0.046331
3040,4,train,64,0.035100,0.047929
3040,4,train,65,0.048480,0.065967
3040,4,train,66,0.035100,0.047980
3040,4,train,67,0.072000,0.090166
3040,4,train,68,0.110000,0.105865
3040,4,train,69,0.190000,0.178586
3040,4,train,70,0.190000,0.182943
3040,4,train,71,0.075400,0.075010
3040,4,train,72,0.240000,0.208665
3040,4,train,73,0.260000,0.209339
3040,4,train,74,0.090000,0.082554
3040,4,train,75,0.090000,0.117475
3040,4,train,76,-0.030000,0.023261
3040,4,train,77,0.133000,0.121380
3040,4,train,78,-0.350000,-0.151109
3040,4,train,79,0.174900,0.158515
3040,4,train,80,0.290000,0.255723
3040,4,train,81,0.160000,0.147084
3040,4,train,82,0.030000,0.057663
3040,4,train,83,0.137000,0.135182
3040,4,train,84,0.180000,0.163077
3040,4,train,85,0.820000,0.621147
3040,4,train,86,0.093900,0.108804
3040,4,train,87,0.094900,0.104715
3040,4,train,88,0.024200,0.054367
3040,4,train,89,0.020000,0.046017
3040,4,train,90,0.020000,0.066905
3040,4,train,91,0.144700,0.142862
3040,4,train,92,0.151000,0.112321
3040,4,train,93,0.050000,0.054687
3040,4,train,94,0.100000,0.108648
3040,4,train,95,0.403000,0.299926
3040,4,train,96,0.035400,0.040113
3040,4,train,97,0.130000,0.149222
3040,4,train,98,0.150000,0.163490
3040,4,train,99,0.260000,0.240582
3040,4,train,100,0.180000,0.175646
3040,4,train,101,0.018000,0.037589
3040,4,train,102,0.135000,0.145176
3040,4,train,103,0.160000,0.143741
3040,4,train,104,-0.110000,-0.006363
3040,4,train,105,0.210000,0.204811
3040,4,train,106,0.010000,0.063232
3040,4,train,107,0.114400,0.117144
3040,4,train,108,-0.390000,-0.212256
3040,4,train,109,0.010000,0.050933
3040,4,train,110,0.094600,0.107622
3040,4,train,111,0.020000,0.057581
3040,4,train,112,0.790000,0.649376
3040,4,train,113,0.160000,0.130593
3040,4,train,114,0.260000,0.214497
3040,4,train,115,0.045300,0.058857
3040,4,train,116,0.043800,0.055409
3040,4,train,117,0.020000,0.075753
3040,4,train,118,0.232000,0.251720
3040,4,train,119,0.020000,0.064047
3040,4,train,120,0.075400,0.075010
3040,4,train,121,0.030000,0.098303
3040,4,train,122,0.200000,0.207563
3040,4,train,123,0.330000,0.237855
3040,4,train,124,0.020000,0.072173
3040,4,train,125,0.160000,0.136567
3040,4,train,126,0.174900,0.158441
3040,4,train,127,0.220000,0.196869
3040,4,train,128,0.240000,0.191837
3040,4,train,129,0.120000,0.149993
3040,5,test,0,0.054300,0.135807
3040,5,test,1,0.240000,0.149641
3040,5,test,2,0.040000,0.161553
3040,5,test,3,0.790000,0.462444
3040,5,test,4,0.100000,0.118477
3040,5,test,5,0.010000,0.115146
3040,5,test,6,0.094600,0.119296
3040,5,test,7,-0.350000,0.185203
3040,5,test,8,0.240000,0.192178
3040,5,test,9,0.093900,0.111428
3040,5,test,10,0.185100,0.159595
3040,5,test,11,0.190000,0.145893
3040,5,test,12,0.024200,0.115561
3040,5,test,13,0.032000,0.147466
3040,5,test,14,0.280000,0.202422
3040,5,test,15,-0.030000,0.118415
3040,5,test,16,0.030000,0.114171
3040,5,test,17,0.160000,0.098691
3040,5,test,18,0.260000,0.199916
3040,5,test,19,0.063300,0.107369
3040,5,test,20,0.190000,0.148341
3040,5,test,21,0.160000,0.127880
3040,5,test,22,0.163300,0.123669
3040,5,test,23,0.023500,0.109206
3040,5,test,24,0.094700,0.156998
3040,5,test,25,0.174900,0.127296
3040,5,test,26,0.090000,0.110717
3040,5,test,27,0.035100,0.087356
3040,5,test,28,0.052410,0.159189
3040,5,test,29,0.200000,0.188395
3040,5,test,30,0.010000,0.195489
3040,5,test,31,0.220000,0.174722
3040,5,test,32,0.190000,0.248362
3040,5,train,0,0.160000,0.199402
3040,5,train,1,0.790000,0.549858
3040,5,train,2,0.075400,0.073901
3040,5,train,3,0.050000,0.078830
3040,5,train,4,0.110000,0.139196
3040,5,train,5,0.310000,0.242913
3040,5,train,6,0.040000,0.131972
3040,5,train,7,0.090000,0.100511
3040,5,train,8,0.174900,0.151850
3040,5,train,9,0.020000,0.078187
3040,5,train,10,0.144700,0.142332
3040,5,train,11,-0.110000,0.046257
3040,5,train,12,0.133000,0.138269
3040,5,train,13,0.048480,0.070319
3040,5,train,14,0.010000,0.091251
3040,5,train,15,0.220000,0.194839
3040,5,train,16,0.250000,0.191337
3040,5,train,17,0.190000,0.138250
3040,5,train,18,0.270000,0.230336
3040,5,train,19,0.193500,0.190570
3040,5,train,20,0.232000,0.300100
3040,5,train,21,0.260000,0.232438
3040,5,train,22,0.370000,0.246288
3040,5,train,23,0.100000,0.159577
3040,5,train,24,0.260000,0.177654
3040,5,train,25,0.060000,0.107369
3040,5,train,26,0.151000,0.116982
3040,5,train,27,0.020000,0.062549
3040,5,train,28,0.244400,0.217534
3040,5,train,29,0.094900,0.102398
3040,5,train,30,0.025000,0.053334
3040,5,train,31,0.018000,0.042113
3040,5,train,32,0.210000,0.201520
3040,5,train,33,0.065340,0.124221
3040,5,train,34,0.111520,0.161406
3040,5,train,35,0.150000,0.154018
3040,5,train,36,0.190000,0.185982
3040,5,train,37,0.070000,0.112530
3040,5,train,38,0.160000,0.146117
3040,5,train,39,0.137000,0.127633
3040,5,train,40,0.210000,0.141095
3040,5,train,41,0.095300,0.107256
3040,5,train,42,0.100000,0.111419
3040,5,train,43,0.403000,0.302576
3040,5,train,44,0.170000,0.146193
3040,5,train,45,0.260000,0.197848
3040,5,train,46,0.020000,0.115131
3040,5,train,47,0.020000,0.100223
3040,5,train,48,0.035400,0.066774
3040,5,train,49,0.022000,0.057110
3040,5,train,50,0.151000,0.116732
3040,5,train,51,0.150000,0.174420
3040,5,train,52,0.094900,0.113489
3040,5,train,53,0.135000,0.183292
3040,5,train,54,0.130000,0.173525
3040,5,train,55,0.080000,0.077919
3040,5,train,56,0.073410,0.135909
3040,5,train,57,0.020000,0.078434
3040,5,train,58,0.084600,0.104066
3040,5,train,59,0.284200,0.195827
3040,5,train,60,0.240000,0.197288
3040,5,train,61,0.230000,0.209114
3040,5,train,62,0.044200,0.076268
3040,5,train,63,0.072000,0.120233
3040,5,train,64,0.280000,0.190655
3040,5,train,65,0.010000,0.075330
3040,5,train,66,0.115100,0.138887
3040,5,train,67,0.080000,0.093407
3040,5,train,68,0.075400,0.073901
3040,5,train,69,0.190000,0.188769
3040,5,train,70,0.120000,0.204136
3040,5,train,71,0.110000,0.111309
3040,5,train,72,0.144700,0.142332
3040,5,train,73,0.242000,0.221050
3040,5,train,74,0.224400,0.152632
3040,5,train,75,0.030000,0.085566
3040,5,train,76,0.115100,0.138887
3040,5,train,77,0.035100,0.086845
3040,5,train,78,0.180000,0.174112
3040,5,train,79,0.020000,0.098088
3040,5,train,80,0.380000,0.247595
3040,5,train,81,0.030000,0.064465
3040,5,train,82,0.080000,0.075741
3040,5,train,83,0.090000,0.103677
3040,5,train,84,0.160000,0.123669
3040,5,train,85,0.150000,0.183983
3040,5,train,86,0.030000,0.137293
3040,5,train,87,0.040000,0.093043
3040,5,train,88,0.320000,0.243290
3040,5,train,89,0.439000,0.308518
3040,5,train,90,-0.390000,-0.023532
3040,5,train,91,0.180000,0.170314
3040,5,train,92,0.000000,0.066433
3040,5,train,93,0.144500,0.096205
3040,5,train,94,0.035400,0.066774
3040,5,train,95,0.020000,0.120144
3040,5,train,96,0.045300,0.067369
3040,5,train,97,0.540000,0.228914
3040,5,train,98,0.280000,0.209539
3040,5,train,99,0.058480,0.091592
3040,5,train,100,0.360000,0.247734
3040,5,train,101,0.050000,0.058035
3040,5,train,102,0.010000,0.073539
3040,5,train,103,0.820000,0.558995
3040,5,train,104,0.020000,0.074983
3040,5,train,105,0.330000,0.191870
3040,5,train,106,0.200000,0.188261
3040,5,train,107,0.200000,0.211176
3040,5,train,108,0.240000,0.191376
3040,5,train,109,0.273300,0.230608
3040,5,train,110,0.090000,0.076729
3040,5,train,111,0.020000,0.106860
3040,5,train,112,0.290000,0.201836
3040,5,train,113,0.270000,0.220795
3040,5,train,114,0.130000,0.142794
3040,5,train,115,0.114400,0.113028
3040,5,train,116,-0.080000,0.061193
3040,5,train,117,0.043800,0.069542
3040,5,train,118,0.264400,0.229011
3040,5,train,119,0.185100,0.159595
3040,5,train,120,0.030000,0.040800
3040,5,train,121,0.062000,0.104309
3040,5,train,122,0.380000,0.232705
3040,5,train,123,0.050000,0.057729
3040,5,train,124,0.090000,0.176421
3040,5,train,125,0.350000,0.251909
3040,5,train,126,0.020000,0.092381
3040,5,train,127,0.011000,0.090186
3040,5,train,128,0.290000,0.237313
3040,5,train,129,0.018000,0.053145
3040,6,test,0,0.190000,0.134121
3040,6,test,1,0.310000,0.223082
3040,6,test,2,0.220000,0.155774
3040,6,test,3,0.095300,0.091518
3040,6,test,4,0.280000,0.183660
3040,6,test,5,0.100000,0.088027
3040,6,test,6,0.020000,0.110586
3040,6,test,7,0.190000,0.143260
3040,6,test,8,0.290000,0.207564
3040,6,test,9,0.144700,0.141080
3040,6,test,10,0.790000,0.438999
3040,6,test,11,0.020000,0.128619
3040,6,test,12,0.020000,0.130624
3040,6,test,13,0.160000,0.127906
3040,6,test,14,0.114400,0.105662
3040,6,test,15,0.174900,0.120368
3040,6,test,16,0.260000,0.231356
3040,6,test,17,0.210000,0.171935
3040,6,test,18,0.045300,0.091869
3040,6,test,19,0.084600,0.107081
3040,6,test,20,0.150000,0.195484
3040,6,test,21,0.040000,0.145977
3040,6,test,22,0.151000,0.082136
3040,6,test,23,0.280000,0.224566
3040,6,test,24,0.151000,0.085273
3040,6,test,25,0.035400,0.098910
3040,6,test,26,0.144500,0.063142
3040,6,test,27,0.030000,0.078352
3040,6,test,28,0.160000,0.129670
3040,6,test,29,-0.390000,0.112256
3040,6,test,30,0.035100,0.060713
3040,6,test,31,0.200000,0.187285
3040,6,test,32,0.035400,0.098910
3040,6,train,0,0.133000,0.127297
3040,6,train,1,0.190000,0.168907
3040,6,train,2,0.200000,0.205365
3040,6,train,3,0.093900,0.097107
3040,6,train,4,0.030000,0.054282
3040,6,train,5,0.135000,0.158737
3040,6,train,6,0.000000,0.036571
3040,6,train,7,0.110000,0.120048
3040,6,train,8,0.100000,0.088814
3040,6,train,9,0.190000,0.216473
3040,6,train,10,0.163300,0.148674
3040,6,train,11,0.080000,0.081881
3040,6,train,12,0.094900,0.097966
3040,6,train,13,0.025000,0.054144
3040,6,train,14,0.260000,0.200806
3040,6,train,15,0.370000,0.295416
3040,6,train,16,0.018000,0.039896
3040,6,train,17,0.150000,0.165956
3040,6,train,18,0.264400,0.252542
3040,6,train,19,0.100000,0.089171
3040,6,train,20,0.240000,0.242468
3040,6,train,21,0.185100,0.175196
3040,6,train,22,0.230000,0.238427
3040,6,train,23,0.043800,0.064679
3040,6,train,24,0.020000,0.040692
3040,6,train,25,0.160000,0.136669
3040,6,train,26,0.170000,0.138517
3040,6,train,27,0.270000,0.243621
3040,6,train,28,0.094700,0.118608
3040,6,train,29,0.020000,0.052590
3040,6,train,30,0.090000,0.094073
3040,6,train,31,0.120000,0.158128
3040,6,train,32,0.284200,0.202910
3040,6,train,33,0.240000,0.197921
3040,6,train,34,0.020000,0.102878
3040,6,train,35,0.065340,0.117464
3040,6,train,36,0.330000,0.233213
3040,6,train,37,0.190000,0.173682
3040,6,train,38,0.020000,0.078820
3040,6,train,39,0.220000,0.200763
3040,6,train,40,0.130000,0.150129
3040,6,train,41,0.180000,0.168354
3040,6,train,42,0.050000,0.057705
3040,6,train,43,0.080000,0.084415
3040,6,train,44,0.224400,0.166201
3040,6,train,45,0.018000,0.057899
3040,6,train,46,0.320000,0.274592
3040,6,train,47,0.075400,0.074831
3040,6,train,48,0.090000,0.138777
3040,6,train,49,0.010000,0.026274
3040,6,train,50,0.072000,0.097124
3040,6,train,51,0.200000,0.160870
3040,6,train,52,-0.080000,0.018725
3040,6,train,53,0.020000,0.068908
3040,6,train,54,0.190000,0.208378
3040,6,train,55,0.011000,0.031637
3040,6,train,56,0.080000,0.080904
3040,6,train,57,0.040000,0.088367
3040,6,train,58,0.280000,0.222261
3040,6,train,59,0.150000,0.170123
3040,6,train,60,0.240000,0.205799
3040,6,train,61,0.094600,0.114891
3040,6,train,62,0.044200,0.070363
3040,6,train,63,0.022000,0.047888
3040,6,train,64,0.062000,0.088465
3040,6,train,65,0.260000,0.234940
3040,6,train,66,0.380000,0.301310
3040,6,train,67,0.094900,0.107005
3040,6,train,68,0.242000,0.228476
3040,6,train,69,0.010000,0.038607
3040,6,train,70,0.180000,0.167444
3040,6,train,71,0.048480,0.064386
3040,6,train,72,0.380000,0.273493
3040,6,train,73,0.290000,0.255801
3040,6,train,74,0.023500,0.070808
3040,6,train,75,0.024200,0.055042
3040,6,train,76,0.073410,0.102952
3040,6,train,77,0.050000,0.057366
3040,6,train,78,0.273300,0.243815
3040,6,train,79,0.137000,0.135429
3040,6,train,80,0.111520,0.147136
3040,6,train,81,0.075400,0.074831
3040,6,train,82,0.032000,0.070045
3040,6,train,83,0.090000,0.101123
3040,6,train,84,0.020000,0.086851
3040,6,train,85,0.030000,0.044950
3040,6,train,86,0.020000,0.046918
3040,6,train,87,0.010000,0.084637
3040,6,train,88,0.115100,0.126308
3040,6,train,89,0.403000,0.341416
3040,6,train,90,-0.030000,0.027670
3040,6,train,91,0.070000,0.089016
3040,6,train,92,0.063300,0.067608
3040,6,train,93,-0.350000,-0.036440
3040,6,train,94,0.115100,0.126308
3040,6,train,95,0.360000,0.300557
3040,6,train,96,0.160000,0.180092
3040,6,train,97,0.232000,0.321795
3040,6,train,98,0.193500,0.174210
3040,6,train,99,0.244400,0.212820
3040,6,train,100,0.250000,0.225248
3040,6,train,101,0.110000,0.106246
3040,6,train,102,0.060000,0.066864
3040,6,train,103,-0.110000,0.004858
3040,6,train,104,0.210000,0.147908
3040,6,train,105,0.439000,0.350315
3040,6,train,106,0.040000,0.119436
3040,6,train,107,0.820000,0.580422
3040,6,train,108,0.260000,0.240513
3040,6,train,109,0.130000,0.120987
3040,6,train,110,0.090000,0.092359
3040,6,train,111,0.270000,0.234490
3040,6,train,112,0.030000,0.076105
3040,6,train,113,0.058480,0.071282
3040,6,train,114,0.790000,0.570047
3040,6,train,115,0.350000,0.291673
3040,6,train,116,0.540000,0.290964
3040,6,train,117,0.010000,0.033417
3040,6,train,118,0.054300,0.088343
3040,6,train,119,0.144700,0.141080
3040,6,train,120,0.174900,0.160326
3040,6,train,121,0.240000,0.219014
3040,6,train,122,0.052410,0.091277
3040,6,train,123,0.160000,0.148399
3040,6,train,124,0.185100,0.175196
3040,6,train,125,0.050000,0.057837
3040,6,train,126,0.035100,0.058898
3040,6,train,127,0.030000,0.107657
3040,6,train,128,0.090000,0.086462
3040,6,train,129,0.010000,0.049965
3040,7,test,0,0.144700,0.144195
3040,7,test,1,0.130000,0.185036
3040,7,test,2,0.095300,0.100448
3040,7,test,3,0.030000,0.214547
3040,7,test,4,0.290000,0.069797
3040,7,test,5,0.075400,0.076980
3040,7,test,6,0.150000,0.200502
3040,7,test,7,0.020000,0.171712
3040,7,test,8,0.094700,0.158753
3040,7,test,9,0.280000,0.213045
3040,7,test,10,0.073410,0.118743
3040,7,test,11,0.200000,0.071728
3040,7,test,12,0.380000,0.227157
3040,7,test,13,0.190000,0.140222
3040,7,test,14,0.020000,0.139191
3040,7,test,15,0.072000,0.141814
3040,7,test,16,0.080000,0.085540
3040,7,test,17,0.018000,0.097813
3040,7,test,18,0.220000,0.171230
3040,7,test,19,0.240000,0.119287
3040,7,test,20,0.020000,0.086512
3040,7,test,21,0.084600,0.084801
3040,7,test,22,0.160000,0.107880
3040,7,test,23,0.790000,0.384657
3040,7,test,24,0.060000,0.092622
3040,7,test,25,0.090000,0.123366
3040,7,test,26,0.135000,0.220219
3040,7,test,27,0.210000,0.186824
3040,7,test,28,0.230000,0.204335
3040,7,test,29,0.115100,0.164359
3040,7,test,30,0.115100,0.164359
3040,7,test,31,0.790000,0.385754
3040,7,test,32,0.110000,0.116023
3040,7,train,0,0.244400,0.227209
3040,7,train,1,0.260000,0.223831
3040,7,train,2,0.035100,0.050736
3040,7,train,3,0.160000,0.115923
3040,7,train,4,0.022000,0.041607
3040,7,train,5,0.160000,0.146714
3040,7,train,6,0.100000,0.096120
3040,7,train,7,0.032000,0.072600
3040,7,train,8,0.063300,0.092622
3040,7,train,9,0.190000,0.175361
3040,7,train,10,-0.110000,-0.015209
3040,7,train,11,0.010000,0.062521
3040,7,train,12,0.137000,0.131118
3040,7,train,13,0.018000,0.031418
3040,7,train,14,0.054300,0.080854
3040,7,train,15,-0.080000,0.025057
3040,7,train,16,-0.030000,0.025059
3040,7,train,17,0.273300,0.257704
3040,7,train,18,0.048480,0.058199
3040,7,train,19,0.200000,0.194591
3040,7,train,20,0.094900,0.097307
3040,7,train,21,0.190000,0.219590
3040,7,train,22,0.100000,0.104214
3040,7,train,23,-0.350000,-0.152511
3040,7,train,24,0.080000,0.079253
3040,7,train,25,0.439000,0.363863
3040,7,train,26,-0.390000,-0.193709
3040,7,train,27,0.011000,0.053749
3040,7,train,28,0.185100,0.180777
3040,7,train,29,0.020000,0.079522
3040,7,train,30,0.260000,0.224624
3040,7,train,31,0.350000,0.304595
3040,7,train,32,0.035400,0.046312
3040,7,train,33,0.130000,0.136034
3040,7,train,34,0.224400,0.176614
3040,7,train,35,0.180000,0.163674
3040,7,train,36,0.163300,0.148066
3040,7,train,37,0.075400,0.076980
3040,7,train,38,0.040000,0.087436
3040,7,train,39,0.190000,0.152555
3040,7,train,40,0.030000,0.072216
3040,7,train,41,0.193500,0.183690
3040,7,train,42,0.090000,0.088125
3040,7,train,43,0.024200,0.058267
3040,7,train,44,0.030000,0.029856
3040,7,train,45,0.020000,0.052503
3040,7,train,46,0.090000,0.097201
3040,7,train,47,0.190000,0.169276
3040,7,train,48,0.065340,0.103922
3040,7,train,49,0.080000,0.086007
3040,7,train,50,0.180000,0.167117
3040,7,train,51,0.094900,0.105963
3040,7,train,52,0.280000,0.226197
3040,7,train,53,0.090000,0.095614
3040,7,train,54,0.190000,0.179366
3040,7,train,55,0.044200,0.074222
3040,7,train,56,0.330000,0.236721
3040,7,train,57,0.025000,0.044283
3040,7,train,58,0.030000,0.058090
3040,7,train,59,0.150000,0.147830
3040,7,train,60,0.000000,0.035489
3040,7,train,61,0.160000,0.137776
3040,7,train,62,0.820000,0.573705
3040,7,train,63,0.280000,0.243279
3040,7,train,64,0.058480,0.076346
3040,7,train,65,0.151000,0.140975
3040,7,train,66,0.240000,0.209925
3040,7,train,67,0.020000,0.068507
3040,7,train,68,0.260000,0.224845
3040,7,train,69,0.232000,0.262074
3040,7,train,70,0.114400,0.114380
3040,7,train,71,0.242000,0.230371
3040,7,train,72,0.040000,0.086504
3040,7,train,73,0.150000,0.173273
3040,7,train,74,0.264400,0.249726
3040,7,train,75,0.062000,0.086592
3040,7,train,76,0.240000,0.215233
3040,7,train,77,0.035100,0.050721
3040,7,train,78,0.050000,0.062877
3040,7,train,79,0.110000,0.133589
3040,7,train,80,0.120000,0.148902
3040,7,train,81,0.320000,0.267570
3040,7,train,82,0.094600,0.099304
3040,7,train,83,0.100000,0.096517
3040,7,train,84,0.160000,0.149305
3040,7,train,85,0.270000,0.240185
3040,7,train,86,0.380000,0.295233
3040,7,train,87,0.270000,0.255859
3040,7,train,88,0.170000,0.156647
3040,7,train,89,0.111520,0.148030
3040,7,train,90,0.050000,0.073008
3040,7,train,91,0.020000,0.054576
3040,7,train,92,0.040000,0.079829
3040,7,train,93,0.260000,0.201269
3040,7,train,94,0.250000,0.185211
3040,7,train,95,0.403000,0.314203
3040,7,train,96,0.151000,0.141212
3040,7,train,97,0.290000,0.259704
3040,7,train,98,0.240000,0.225971
3040,7,train,99,0.035400,0.046312
3040,7,train,100,0.090000,0.132100
3040,7,train,101,0.174900,0.157657
3040,7,train,102,0.220000,0.192064
3040,7,train,103,0.045300,0.061833
3040,7,train,104,0.020000,0.089488
3040,7,train,105,0.284200,0.224819
3040,7,train,106,0.050000,0.054127
3040,7,train,107,0.010000,0.045999
3040,7,train,108,0.070000,0.099846
3040,7,train,109,0.043800,0.058653
3040,7,train,110,0.144500,0.116667
3040,7,train,111,0.310000,0.280462
3040,7,train,112,0.020000,0.066376
3040,7,train,113,0.174900,0.161511
3040,7,train,114,0.020000,0.067435
3040,7,train,115,0.010000,0.091583
3040,7,train,116,0.210000,0.164482
3040,7,train,117,0.540000,0.387824
3040,7,train,118,0.010000,0.052792
3040,7,train,119,0.023500,0.051108
3040,7,train,120,0.010000,0.034852
3040,7,train,121,0.144700,0.144195
3040,7,train,122,0.370000,0.302660
3040,7,train,123,0.093900,0.096004
3040,7,train,124,0.133000,0.136441
3040,7,train,125,0.185100,0.180777
3040,7,train,126,0.200000,0.200926
3040,7,train,127,0.360000,0.297432
3040,7,train,128,0.030000,0.052861
3040,7,train,129,0.052410,0.095307
3040,8,test,0,0.018000,0.080770
3040,8,test,1,-0.030000,0.089752
3040,8,test,2,0.439000,0.195503
3040,8,test,3,0.264400,0.206091
3040,8,test,4,0.100000,0.110065
3040,8,test,5,0.114400,0.148526
3040,8,test,6,0.100000,0.080630
3040,8,test,7,0.160000,0.127939
3040,8,test,8,0.160000,0.071640
3040,8,test,9,0.043800,0.091803
3040,8,test,10,0.200000,0.206058
3040,8,test,11,0.240000,0.183302
3040,8,test,12,0.220000,0.098081
3040,8,test,13,0.054300,0.167192
3040,8,test,14,0.180000,0.154589
3040,8,test,15,0.075400,0.115844
3040,8,test,16,0.380000,0.207019
3040,8,test,17,0.052410,0.198647
3040,8,test,18,0.070000,0.175219
3040,8,test,19,0.144700,0.154716
3040,8,test,20,0.030000,0.134984
3040,8,test,21,0.093900,0.139652
3040,8,test,22,0.020000,0.089574
3040,8,test,23,0.290000,0.189688
3040,8,test,24,0.210000,0.211094
3040,8,test,25,0.160000,0.128331
3040,8,test,26,-0.390000,0.137303
3040,8,test,27,0.150000,0.190457
3040,8,test,28,0.030000,0.165347
3040,8,test,29,0.110000,0.099092
3040,8,test,30,0.240000,0.128028
3040,8,test,31,0.010000,0.184545
3040,8,test,32,0.820000,0.252183
3040,8,train,0,0.094900,0.126092
3040,8,train,1,0.150000,0.198440
3040,8,train,2,0.020000,0.075098
3040,8,train,3,0.018000,0.096830
3040,8,train,4,0.224400,0.184611
3040,8,train,5,0.010000,0.070211
3040,8,train,6,0.290000,0.200055
3040,8,train,7,0.232000,0.252798
3040,8,train,8,0.090000,0.120882
3040,8,train,9,0.137000,0.157318
3040,8,train,10,0.020000,0.191050
3040,8,train,11,0.284200,0.159759
3040,8,train,12,0.350000,0.232072
3040,8,train,13,0.030000,0.102046
3040,8,train,14,0.094900,0.107319
3040,8,train,15,0.174900,0.155697
3040,8,train,16,0.360000,0.195317
3040,8,train,17,0.090000,0.163706
3040,8,train,18,0.242000,0.224588
3040,8,train,19,0.050000,0.092257
3040,8,train,20,0.240000,0.213781
3040,8,train,21,0.273300,0.197684
3040,8,train,22,0.115100,0.131276
3040,8,train,23,0.111520,0.165955
3040,8,train,24,0.040000,0.164764
3040,8,train,25,-0.080000,0.144888
3040,8,train,26,0.193500,0.189284
3040,8,train,27,0.320000,0.132982
3040,8,train,28,0.403000,0.196842
3040,8,train,29,0.063300,0.145427
3040,8,train,30,0.330000,0.166528
3040,8,train,31,0.090000,0.061674
3040,8,train,32,0.210000,0.103447
3040,8,train,33,0.020000,0.182900
3040,8,train,34,0.133000,0.132878
3040,8,train,35,0.185100,0.169059
3040,8,train,36,0.280000,0.204995
3040,8,train,37,0.090000,0.146014
3040,8,train,38,0.032000,0.132175
3040,8,train,39,0.022000,0.102956
3040,8,train,40,0.200000,0.111103
3040,8,train,41,0.190000,0.178924
3040,8,train,42,0.260000,0.119811
3040,8,train,43,0.073410,0.169376
3040,8,train,44,0.200000,0.141503
3040,8,train,45,0.035100,0.085704
3040,8,train,46,0.020000,0.152083
3040,8,train,47,0.115100,0.131276
3040,8,train,48,0.190000,0.158186
3040,8,train,49,0.174900,0.144748
3040,8,train,50,0.040000,0.132196
3040,8,train,51,0.010000,0.191019
3040,8,train,52,0.144500,0.104499
3040,8,train,53,0.023500,0.098385
3040,8,train,54,0.790000,0.252798
3040,8,train,55,0.010000,0.106851
3040,8,train,56,0.020000,0.156216
3040,8,train,57,0.135000,0.197449
3040,8,train,58,0.310000,0.234989
3040,8,train,59,0.094700,0.181783
3040,8,train,60,0.163300,0.071640
3040,8,train,61,0.120000,0.180921
3040,8,train,62,0.190000,0.126119
3040,8,train,63,0.250000,0.139533
3040,8,train,64,0.075400,0.115844
3040,8,train,65,0.020000,0.152798
3040,8,train,66,0.095300,0.075981
3040,8,train,67,0.540000,0.177057
3040,8,train,68,0.790000,0.252183
3040,8,train,69,0.180000,0.170495
3040,8,train,70,0.144700,0.154716
3040,8,train,71,0.048480,0.095630
3040,8,train,72,0.260000,0.197375
3040,8,train,73,0.160000,0.163497
3040,8,train,74,0.045300,0.065661
3040,8,train,75,0.280000,0.191097
3040,8,train,76,-0.350000,0.093836
3040,8,train,77,0.380000,0.198534
3040,8,train,78,0.170000,0.144710
3040,8,train,79,0.020000,0.075445
3040,8,train,80,0.044200,0.117047
3040,8,train,81,0.035400,0.078110
3040,8,train,82,0.244400,0.200528
3040,8,train,83,0.260000,0.192319
3040,8,train,84,0.370000,0.220792
3040,8,train,85,0.094600,0.164693
3040,8,train,86,0.084600,0.141358
3040,8,train,87,0.065340,0.109452
3040,8,train,88,0.058480,0.107923
3040,8,train,89,0.130000,0.126845
3040,8,train,90,0.060000,0.145427
3040,8,train,91,0.160000,0.138038
3040,8,train,92,0.035100,0.085704
3040,8,train,93,0.185100,0.169059
3040,8,train,94,0.090000,0.118443
3040,8,train,95,0.080000,0.075374
3040,8,train,96,0.151000,0.128280
3040,8,train,97,0.270000,0.226729
3040,8,train,98,0.240000,0.172321
3040,8,train,99,0.072000,0.129735
3040,8,train,100,-0.110000,0.105025
3040,8,train,101,0.050000,0.087431
3040,8,train,102,0.011000,0.122328
3040,8,train,103,0.260000,0.166349
3040,8,train,104,0.190000,0.104101
3040,8,train,105,0.190000,0.133924
3040,8,train,106,0.280000,0.190027
3040,8,train,107,0.025000,0.122387
3040,8,train,108,0.230000,0.212293
3040,8,train,109,0.080000,0.128249
3040,8,train,110,0.000000,0.080608
3040,8,train,111,0.020000,0.089371
3040,8,train,112,0.130000,0.208171
3040,8,train,113,0.151000,0.123439
3040,8,train,114,0.062000,0.143425
3040,8,train,115,0.270000,0.197684
3040,8,train,116,0.020000,0.191487
3040,8,train,117,0.080000,0.078175
3040,8,train,118,0.040000,0.187550
3040,8,train,119,0.150000,0.178656
3040,8,train,120,0.190000,0.173584
3040,8,train,121,0.110000,0.101138
3040,8,train,122,0.030000,0.202867
3040,8,train,123,0.024200,0.079405
3040,8,train,124,0.220000,0.182900
3040,8,train,125,0.035400,0.078110
3040,8,train,126,0.010000,0.126695
3040,8,train,127,0.030000,0.097380
3040,8,train,128,0.050000,0.080132
3040,8,train,129,0.100000,0.075336
3040,9,test,0,0.163300,0.124625
3040,9,test,1,0.190000,0.104582
3040,9,test,2,0.032000,0.146683
3040,9,test,3,0.072000,0.098938
3040,9,test,4,0.025000,0.109443
3040,9,test,5,0.080000,0.094752
3040,9,test,6,0.240000,0.179023
3040,9,test,7,0.080000,0.112445
3040,9,test,8,0.095300,0.099688
3040,9,test,9,0.190000,0.133720
3040,9,test,10,0.120000,0.226761
3040,9,test,11,0.043800,0.090292
3040,9,test,12,0.010000,0.199417
3040,9,test,13,0.174900,0.107255
3040,9,test,14,0.094900,0.101273
3040,9,test,15,0.100000,0.036981
3040,9,test,16,0.100000,0.038051
3040,9,test,17,0.151000,0.105043
3040,9,test,18,0.020000,0.127544
3040,9,test,19,0.264400,0.168750
3040,9,test,20,0.244400,0.158558
3040,9,test,21,0.020000,0.115876
3040,9,test,22,0.190000,0.232738
3040,9,test,23,0.180000,0.135252
3040,9,test,24,0.090000,0.113169
3040,9,test,25,0.280000,0.059925
3040,9,test,26,0.193500,0.163254
3040,9,test,27,0.054300,0.130326
3040,9,test,28,0.190000,0.170337
3040,9,test,29,0.058480,0.128417
3040,9,test,30,0.144700,0.127859
3040,9,test,31,0.050000,0.092207
3040,9,test,32,0.280000,0.130337
3040,9,train,0,0.052410,0.109167
3040,9,train,1,0.094600,0.073849
3040,9,train,2,0.035400,0.044019
3040,9,train,3,0.190000,0.182443
3040,9,train,4,0.010000,0.080311
3040,9,train,5,0.790000,0.648256
3040,9,train,6,0.350000,0.267241
3040,9,train,7,0.540000,0.299087
3040,9,train,8,0.065340,0.103170
3040,9,train,9,0.070000,0.068329
3040,9,train,10,0.010000,0.084913
3040,9,train,11,-0.030000,0.022203
3040,9,train,12,0.035400,0.044019
3040,9,train,13,0.093900,0.090847
3040,9,train,14,0.115100,0.125633
3040,9,train,15,0.050000,0.067911
3040,9,train,16,0.030000,0.035780
3040,9,train,17,0.111520,0.148877
3040,9,train,18,0.044200,0.079233
3040,9,train,19,0.040000,0.106828
3040,9,train,20,0.084600,0.070116
3040,9,train,21,0.020000,0.101515
3040,9,train,22,0.115100,0.125633
3040,9,train,23,0.380000,0.249386
3040,9,train,24,0.100000,0.110242
3040,9,train,25,0.290000,0.254976
3040,9,train,26,0.045300,0.072794
3040,9,train,27,0.320000,0.241941
3040,9,train,28,0.290000,0.231439
3040,9,train,29,0.035100,0.048764
3040,9,train,30,0.310000,0.264992
3040,9,train,31,0.185100,0.158902
3040,9,train,32,0.380000,0.240992
3040,9,train,33,0.130000,0.125178
3040,9,train,34,0.011000,0.083907
3040,9,train,35,0.020000,0.077449
3040,9,train,36,0.022000,0.061943
3040,9,train,37,0.110000,0.119611
3040,9,train,38,0.075400,0.084141
3040,9,train,39,0.020000,0.105223
3040,9,train,40,0.260000,0.218070
3040,9,train,41,0.020000,0.100168
3040,9,train,42,0.090000,0.111289
3040,9,train,43,0.094900,0.106661
3040,9,train,44,0.232000,0.285944
3040,9,train,45,0.150000,0.169538
3040,9,train,46,0.242000,0.214059
3040,9,train,47,0.260000,0.239884
3040,9,train,48,0.150000,0.171632
3040,9,train,49,0.048480,0.077724
3040,9,train,50,0.075400,0.084141
3040,9,train,51,0.135000,0.135530
3040,9,train,52,0.010000,0.046814
3040,9,train,53,0.200000,0.207524
3040,9,train,54,0.174900,0.152491
3040,9,train,55,0.080000,0.108172
3040,9,train,56,0.210000,0.145710
3040,9,train,57,0.110000,0.136921
3040,9,train,58,0.020000,0.097643
3040,9,train,59,0.030000,0.024112
3040,9,train,60,0.151000,0.109035
3040,9,train,61,0.024200,0.067455
3040,9,train,62,0.790000,0.643325
3040,9,train,63,0.050000,0.056827
3040,9,train,64,0.023500,0.039725
3040,9,train,65,0.273300,0.243492
3040,9,train,66,0.018000,0.043123
3040,9,train,67,0.270000,0.242281
3040,9,train,68,0.130000,0.146048
3040,9,train,69,0.160000,0.153805
3040,9,train,70,0.224400,0.179142
3040,9,train,71,-0.110000,0.040887
3040,9,train,72,0.230000,0.207404
3040,9,train,73,0.094700,0.114703
3040,9,train,74,0.090000,0.083928
3040,9,train,75,0.260000,0.192608
3040,9,train,76,0.144700,0.127859
3040,9,train,77,0.040000,0.080637
3040,9,train,78,0.360000,0.257185
3040,9,train,79,0.030000,0.136446
3040,9,train,80,0.284200,0.198700
3040,9,train,81,0.240000,0.215161
3040,9,train,82,0.170000,0.128584
3040,9,train,83,0.370000,0.269847
3040,9,train,84,0.439000,0.289322
3040,9,train,85,0.030000,0.091388
3040,9,train,86,0.114400,0.102145
3040,9,train,87,0.133000,0.129024
3040,9,train,88,0.073410,0.100654
3040,9,train,89,0.280000,0.254809
3040,9,train,90,0.200000,0.206110
3040,9,train,91,0.030000,0.063333
3040,9,train,92,0.820000,0.657391
3040,9,train,93,0.190000,0.188593
3040,9,train,94,0.062000,0.088202
3040,9,train,95,0.040000,0.090873
3040,9,train,96,0.403000,0.291786
3040,9,train,97,0.160000,0.113226
3040,9,train,98,0.018000,0.037245
3040,9,train,99,0.220000,0.199550
3040,9,train,100,0.180000,0.161650
3040,9,train,101,0.090000,0.161377
3040,9,train,102,0.060000,0.066516
3040,9,train,103,0.330000,0.224852
3040,9,train,104,0.220000,0.217472
3040,9,train,105,0.210000,0.192128
3040,9,train,106,0.160000,0.122162
3040,9,train,107,0.020000,0.064738
3040,9,train,108,-0.350000,-0.151673
3040,9,train,109,0.144500,0.111584
3040,9,train,110,0.240000,0.207795
3040,9,train,111,0.240000,0.205860
3040,9,train,112,0.000000,0.048893
3040,9,train,113,0.090000,0.090665
3040,9,train,114,0.200000,0.188272
3040,9,train,115,0.250000,0.205622
3040,9,train,116,0.160000,0.124625
3040,9,train,117,0.160000,0.152657
3040,9,train,118,0.035100,0.047805
3040,9,train,119,-0.390000,-0.202175
3040,9,train,120,0.063300,0.066516
3040,9,train,121,0.020000,0.049521
3040,9,train,122,0.137000,0.134268
3040,9,train,123,-0.080000,0.001614
3040,9,train,124,0.270000,0.250101
3040,9,train,125,0.150000,0.162380
3040,9,train,126,0.010000,0.058227
3040,9,train,127,0.020000,0.052214
3040,9,train,128,0.185100,0.158902
3040,9,train,129,0.260000,0.206606
3040,10,test,0,0.111520,0.182422
3040,10,test,1,0.020000,0.157691
3040,10,test,2,0.044200,0.119836
3040,10,test,3,0.073410,0.125633
3040,10,test,4,0.035100,0.063853
3040,10,test,5,0.110000,0.183830
3040,10,test,6,0.790000,0.372623
3040,10,test,7,0.020000,0.127243
3040,10,test,8,0.330000,0.091303
3040,10,test,9,0.090000,0.078175
3040,10,test,10,0.070000,0.129289
3040,10,test,11,0.060000,0.091103
3040,10,test,12,0.163300,0.135727
3040,10,test,13,0.065340,0.156042
3040,10,test,14,0.045300,0.096761
3040,10,test,15,0.032000,0.112803
3040,10,test,16,0.200000,0.210494
3040,10,test,17,0.240000,0.209034
3040,10,test,18,0.030000,0.096715
3040,10,test,19,0.130000,0.190245
3040,10,test,20,0.144500,0.089040
3040,10,test,21,0.018000,0.124506
3040,10,test,22,0.160000,0.145393
3040,10,test,23,0.220000,0.137294
3040,10,test,24,0.094600,0.134819
3040,10,test,25,0.193500,0.158633
3040,10,test,26,0.035400,0.075728
3040,10,test,27,0.010000,0.133154
3040,10,test,28,0.020000,0.131061
3040,10,test,29,-0.390000,0.104680
3040,10,test,30,0.820000,0.397654
3040,10,test,31,-0.030000,0.105885
3040,10,test,32,0.210000,0.079169
3040,10,train,0,0.210000,0.196755
3040,10,train,1,0.540000,0.380788
3040,10,train,2,0.280000,0.239875
3040,10,train,3,0.020000,0.064204
3040,10,train,4,0.230000,0.229068
3040,10,train,5,0.020000,0.077513
3040,10,train,6,0.150000,0.159835
3040,10,train,7,0.370000,0.297932
3040,10,train,8,0.790000,0.517829
3040,10,train,9,0.260000,0.219330
3040,10,train,10,0.190000,0.172661
3040,10,train,11,0.050000,0.061639
3040,10,train,12,0.160000,0.151337
3040,10,train,13,0.030000,0.076053
3040,10,train,14,0.075400,0.078416
3040,10,train,15,0.054300,0.081298
3040,10,train,16,0.151000,0.141267
3040,10,train,17,-0.110000,-0.008086
3040,10,train,18,0.273300,0.251187
3040,10,train,19,0.010000,0.073715
3040,10,train,20,0.135000,0.163779
3040,10,train,21,0.270000,0.248840
3040,10,train,22,0.115100,0.124957
3040,10,train,23,0.024200,0.048970
3040,10,train,24,0.011000,0.049655
3040,10,train,25,0.052410,0.096466
3040,10,train,26,0.190000,0.177679
3040,10,train,27,0.094900,0.106765
3040,10,train,28,0.040000,0.068653
3040,10,train,29,0.160000,0.141102
3040,10,train,30,0.174900,0.154682
3040,10,train,31,0.190000,0.173736
3040,10,train,32,0.080000,0.083336
3040,10,train,33,0.380000,0.319893
3040,10,train,34,0.224400,0.167738
3040,10,train,35,0.180000,0.168871
3040,10,train,36,0.062000,0.088021
3040,10,train,37,0.090000,0.130613
3040,10,train,38,0.190000,0.226908
3040,10,train,39,0.095300,0.098071
3040,10,train,40,0.180000,0.175469
3040,10,train,41,0.360000,0.303008
3040,10,train,42,0.084600,0.092257
3040,10,train,43,0.050000,0.061966
3040,10,train,44,0.050000,0.058344
3040,10,train,45,0.023500,0.070844
3040,10,train,46,0.035100,0.062415
3040,10,train,47,0.240000,0.210765
3040,10,train,48,0.133000,0.138002
3040,10,train,49,0.090000,0.095441
3040,10,train,50,0.030000,0.105075
3040,10,train,51,0.439000,0.368834
3040,10,train,52,0.110000,0.126952
3040,10,train,53,0.310000,0.274217
3040,10,train,54,0.115100,0.124957
3040,10,train,55,0.290000,0.257059
3040,10,train,56,0.250000,0.230400
3040,10,train,57,0.260000,0.251237
3040,10,train,58,0.284200,0.232925
3040,10,train,59,0.018000,0.029474
3040,10,train,60,0.160000,0.138255
3040,10,train,61,0.035400,0.075728
3040,10,train,62,0.020000,0.067055
3040,10,train,63,0.030000,0.066817
3040,10,train,64,0.220000,0.194182
3040,10,train,65,0.200000,0.201657
3040,10,train,66,0.043800,0.068386
3040,10,train,67,0.010000,0.033298
3040,10,train,68,0.100000,0.093730
3040,10,train,69,0.100000,0.093850
3040,10,train,70,0.072000,0.105430
3040,10,train,71,0.290000,0.272441
3040,10,train,72,0.174900,0.164881
3040,10,train,73,0.380000,0.295165
3040,10,train,74,0.094700,0.120847
3040,10,train,75,0.100000,0.122294
3040,10,train,76,-0.350000,-0.145024
3040,10,train,77,0.280000,0.263132
3040,10,train,78,0.260000,0.202252
3040,10,train,79,0.185100,0.180950
3040,10,train,80,0.010000,0.049801
3040,10,train,81,0.020000,0.082854
3040,10,train,82,0.020000,0.045620
3040,10,train,83,0.022000,0.043737
3040,10,train,84,0.040000,0.095952
3040,10,train,85,0.244400,0.220135
3040,10,train,86,0.090000,0.105881
3040,10,train,87,0.200000,0.159071
3040,10,train,88,0.075400,0.078416
3040,10,train,89,0.093900,0.101051
3040,10,train,90,0.137000,0.133768
3040,10,train,91,0.010000,0.058026
3040,10,train,92,0.151000,0.142265
3040,10,train,93,0.000000,0.038854
3040,10,train,94,0.264400,0.250649
3040,10,train,95,0.048480,0.058752
3040,10,train,96,0.232000,0.238117
3040,10,train,97,0.058480,0.069205
3040,10,train,98,-0.080000,0.028560
3040,10,train,99,0.144700,0.144849
3040,10,train,100,0.114400,0.118747
3040,10,train,101,0.130000,0.133839
3040,10,train,102,0.185100,0.180950
3040,10,train,103,0.260000,0.235442
3040,10,train,104,0.080000,0.100827
3040,10,train,105,0.144700,0.144849
3040,10,train,106,0.025000,0.046930
3040,10,train,107,0.150000,0.170631
3040,10,train,108,0.242000,0.228949
3040,10,train,109,0.160000,0.135727
3040,10,train,110,0.120000,0.143315
3040,10,train,111,0.080000,0.076138
3040,10,train,112,0.094900,0.094027
3040,10,train,113,0.190000,0.170851
3040,10,train,114,0.240000,0.213343
3040,10,train,115,0.320000,0.254145
3040,10,train,116,0.190000,0.195184
3040,10,train,117,0.150000,0.157810
3040,10,train,118,0.063300,0.091103
3040,10,train,119,0.020000,0.060376
3040,10,train,120,0.020000,0.057742
3040,10,train,121,0.350000,0.304603
3040,10,train,122,0.403000,0.326732
3040,10,train,123,0.040000,0.092818
3040,10,train,124,0.240000,0.213290
3040,10,train,125,0.030000,0.049360
3040,10,train,126,0.170000,0.155291
3040,10,train,127,0.090000,0.099893
3040,10,train,128,0.270000,0.259748
3040,10,train,129,0.280000,0.230719
