NumHAcceptors,EState_VSA10,SlogP_VSA10,TPSA,EState_VSA3,fr_aniline,VSA_EState2,SMR_VSA6,VSA_EState3,MinAbsEStateIndex,NumAromaticHeterocycles,PEOE_VSA11,qed,SMR_VSA2,PEOE_VSA10,fr_nitrile,fr_C_O,fr_C_O_noCOO,BCUT2D_MRHI,PEOE_VSA3,EState_VSA2,SPS,SlogP_VSA8,SMR_VSA10,AvgIpc,fr_NH0,MinEStateIndex,VSA_EState1,PEOE_VSA9,SlogP_VSA2,SMR_VSA3,BCUT2D_MRLOW,fr_Ar_N,EState_VSA4,MaxAbsEStateIndex,BCUT2D_MWHI,EState_VSA8,BCUT2D_LOGPLOW,VSA_EState4,BCUT2D_CHGLO,MaxEStateIndex,PEOE_VSA6,BCUT2D_MWLOW,SlogP_VSA5,fr_pyridine,BalabanJ,PEOE_VSA8,PEOE_VSA1,NOCount,PEOE_VSA7,Kappa2,Phi,SMR_VSA1,BCUT2D_CHGHI,FpDensityMorgan1,EState_VSA7,FpDensityMorgan2,SlogP_VSA6,HallKierAlpha,FpDensityMorgan3,BCUT2D_LOGPHI,MolecularVolume,EState_VSA6,NumHeteroatoms,MinAbsPartialCharge,MaxPartialCharge,VSA_EState5,NumHeterocycles,EState_VSA9,SMR_VSA7,Chi4v,SMR_VSA9,VSA_EState6,VSA_EState8,Chi4n,SlogP_VSA1,MinPartialCharge,EState_VSA5,NumRotatableBonds,NumAromaticRings,FractionCSP3,BertzCT,Chi0n,fr_ketone,NumValenceElectrons,fr_bicyclic,SMR_VSA5,PEOE_VSA2,SlogP_VSA4,PEOE_VSA4,MaxAbsPartialCharge,fr_para_hydroxylation,Kappa1,NumAliphaticRings,Chi3v,Kappa3,Chi2n,Chi2v,RingCount,NumAliphaticHeterocycles,LogP,Chi3n,Chi1n,ExactMolWt,HeavyAtomMolWt,MolLogP,SlogP_VSA3,LabuteASA,EState_VSA1,Chi0,VSA_EState10,Chi1,MolMR,MolWt,EState_VSA11,SlogP_VSA11,NumAromaticCarbocycles,Chi1v,SlogP_VSA12,Chi0v,fr_halogen,PEOE_VSA12,VSA_EState9,fr_aryl_methyl,fr_benzene,VSA_EState7,HeavyAtomCount,NHOHCount,PEOE_VSA5,fr_ether,NumAliphaticCarbocycles,fr_sulfone,NumAtomStereoCenters,NumBridgeheadAtoms,PEOE_VSA14,Ipc,fr_imide,NumHDonors,NumSpiroAtoms,fr_methoxy,fr_Al_OH,NumUnspecifiedAtomStereoCenters,fr_thiophene,fr_Al_OH_noTert,fr_alkyl_halide,PEOE_VSA13,NumAmideBonds,SlogP_VSA7,SlogP_VSA9,SMR_VSA4,SMR_VSA8,NumRadicalElectrons,fr_Al_COO,NumSaturatedRings,NumSaturatedHeterocycles,fr_SH,fr_Nhpyrrole,fr_Ndealkylation2,fr_Ndealkylation1,fr_N_O,fr_NH2,fr_NH1,fr_Imine,fr_Ar_OH,fr_HOCCN,fr_C_S,fr_COO2,fr_COO,fr_ArN,fr_Ar_COO,fr_Ar_NH,NumSaturatedCarbocycles,fr_diazo,fr_benzodiazepine,fr_barbitur,fr_furan,fr_guanido,fr_ester,fr_epoxide,fr_dihydropyridine,fr_amidine,fr_azo,fr_azide,fr_amide,fr_alkyl_carbamate,fr_allylic_oxid,fr_aldehyde,fr_lactone,fr_lactam,fr_ketone_Topliss,fr_isothiocyan,fr_imidazole,fr_isocyan,fr_hdrzine,fr_hdrzone,fr_oxazole,fr_oxime,fr_phenol,fr_morpholine,fr_nitro_arom,fr_nitro_arom_nonortho,fr_nitroso,fr_nitro,fr_piperzine,fr_piperdine,fr_phos_ester,fr_phos_acid,fr_phenol_noOrthoHbond,fr_quatN,fr_prisulfonamd,fr_priamide,fr_term_acetylene,fr_sulfonamd,fr_sulfide,fr_tetrazole,fr_thiocyan,fr_thiazole,fr_urea,fr_unbrch_alkane,Tag
5,4.794537184071822,34.124317648101375,42.010000000000005,11.126902983393991,6,17.87167359552835,9.799819461700956,0.0,0.029022633744856,0,28.78129227950056,0.2062665191764019,0.0,0.0,0,1,1,6.091907100526456,0.0,5.783244946364939,12.666666666666666,0.0,39.90756259446631,3.05726063214794,2,-0.029022633744856,12.270295705019814,22.74954509873425,5.783244946364939,0.0,0.1034038256350813,0,57.12236498123699,13.547807102843176,16.487971356243364,9.799819461700956,-2.157554836664428,6.98590693109251,-2.324977992655428,13.547807102843176,48.53093654769288,10.013040718546428,15.921440167465814,0,1.0956881309368809,22.50167553276112,19.27354536930105,5,97.0618730953858,9.679557551585384,5.53690311960552,14.26826309167192,2.266175615505927,0.3809523809523809,145.59280964307868,0.6666666666666666,145.59280964307868,-5.809999999999998,0.9761904761904762,2.509725362437876,430.6320000000001,0.0,5,0.1925248106683502,0.1925248106683502,3.144894305773613,2,9.473725907600098,156.71971262647267,5.656022997193569,22.99804733313562,47.39389612925238,0.0,5.656022997193569,19.27354536930105,-0.4529535242788035,0.0,4,6,0.0,1731.806623066445,22.47557852294253,1,200,4,0.0,4.794537184071822,0.0,0.0,0.4529535242788035,8,24.0248513203316,2,7.6398504410100765,3.906421356297432,10.168715508198511,10.168715508198511,8,2,10.068599999999991,7.6398504410100765,13.814396999509876,544.178692628,520.4180000000005,10.068599999999991,0.0,242.97843385661952,0.0,28.045030348694613,0.0,20.742316078466885,165.83049999999966,544.6100000000002,0.0,22.99804733313562,6,13.814396999509876,0.0,22.47557852294253,0,0.0,0.0,0,6,0.0,42,0,0.0,2,0,0,0,0,0.0,10346122175.613453,0,0,0,0,0,0,0,0,0,0.0,0,0.0,0.0,0.0,0.0,0,0,0,0,0,0,0,0,0,0,0,0,0,0,0,0,0,0,0,0,0,0,0,0,0,0,0,0,0,0,0,0,0,0,0,0,0,0,0,0,0,0,0,0,0,0,0,0,0,0,0,0,0,0,0,0,0,0,0,0,0,0,0,0,0,0,0,0,538
1,4.794537184071822,0.0,26.93,11.126902983393991,0,13.477807102843176,0.0,4.894784995074026,0.016244855967078,2,5.783244946364939,0.2160584035419628,0.0,0.0,0,1,1,6.112523783380612,0.0,5.783244946364939,11.6,54.98647227769136,49.39494467468917,3.5416063269305096,2,0.016244855967078,4.526672615134153,22.066802870465047,14.91744424194765,9.13419929558271,0.1034038919386504,2,33.44157541983217,13.477807102843176,16.138301728710367,106.19607239096852,-2.027483340489433,8.049339294669107,-2.1016465787294942,13.477807102843176,72.79640482153933,10.02432204042538,15.921440167465814,0,1.1491070594182142,44.0465723906203,9.13419929558271,3,72.79640482153933,8.82269111680498,4.976612343936304,4.794537184071822,2.1489751706685247,0.35,48.53093654769288,0.625,145.59280964307868,-5.4099999999999975,0.925,2.330951213524059,411.3680000000001,0.0,3,0.1925248106674458,0.1925248106674458,0.016244855967078,2,0.0,156.71971262647267,6.091834061009632,11.374772549367124,49.701817802979136,0.0,6.091834061009632,0.0,-0.3092477272266533,21.544896857859182,4,8,0.0,1948.4315776678177,21.659081942014804,1,188,6,0.0,4.794537184071822,0.0,0.0,0.3092477272266533,4,22.56278624310954,0,7.935539129115752,3.3459379213643285,10.16228882090131,10.16228882090131,8,0,9.111799999999995,7.935539129115752,13.49790041858215,512.1888633880001,488.4200000000004,9.111799999999995,0.0,230.6940718942894,0.0,26.63081678632152,0.0,19.775989583278097,164.99449999999965,512.6120000000003,0.0,0.0,6,13.49790041858215,0.0,21.659081942014804,0,0.0,0.0,0,6,0.0,40,0,0.0,0,0,0,0,0,0.0,5007790093.649244,0,0,0,0,0,0,0,0,0,0.0,0,0.0,0.0,0.0,0.0,0,0,0,0,0,0,0,0,0,0,0,0,0,0,0,0,0,0,0,0,0,0,0,0,0,0,0,0,0,0,0,0,0,0,0,0,0,0,0,0,0,0,0,0,0,0,0,0,0,0,0,0,0,0,0,0,0,0,0,0,0,0,0,0,0,0,0,0,475
6,9.589074368143644,34.124317648101375,59.08,22.253805966787983,6,31.661970524974183,9.799819461700956,0.0,0.1583576440291947,0,34.5645372258655,0.1672677171844357,0.0,0.0,0,2,2,6.131646195040049,0.0,11.566489892729878,12.4,0.0,45.69080754083125,3.1838054199744734,2,-0.1583576440291947,12.280952661467223,22.74954509873425,11.566489892729878,0.0,0.1032965170645396,0,57.12236498123699,13.70244360211657,16.48801681174496,9.799819461700956,-2.155249920316265,7.4477790685628,-2.323466778742544,13.70244360211657,66.73003775307771,9.96738836999272,31.842880334931625,0,0.9687264626977816,33.62857851615511,19.27354536930105,6,103.1282401638474,11.952346888735152,6.9888957832769805,19.06280027574374,2.2678985547003983,0.34,145.59280964307868,0.66,169.8582779169251,-6.919999999999996,1.0,2.5098031321346723,510.8800000000001,24.26546827384644,6,0.192546302659063,0.192546302659063,2.7360053971911413,2,9.473725907600098,192.11208388371304,6.624362698548738,22.99804733313562,53.539959014471314,0.0,6.624362698548738,19.27354536930105,-0.4529535242788035,0.0,6,7,0.0,2176.958400712378,26.6932278901649,2,238,4,0.0,9.589074368143644,0.0,0.0,0.4529535242788035,8,29.2364999457298,2,9.026798916090891,4.982945695300873,12.078644246314015,12.078644246314015,9,2,11.299599999999986,9.026798916090891,16.339888349787728,648.204907376,620.4940000000001,11.299599999999986,0.0,288.56199227712386,0.0,33.60550828100968,0.0,24.61932617617863,195.7049999999996,648.7180000000003,0.0,22.99804733313562,7,16.339888349787728,0.0,26.6932278901649,0,0.0,0.0,0,7,0.0,50,0,0.0,2,0,0,0,0,0.0,602624984513.4557,0,0,0,0,0,0,0,0,0,0.0,0,0.0,0.0,0.0,0.0,0,0,0,0,0,0,0,0,0,0,0,0,0,0,0,0,0,0,0,0,0,0,0,0,0,0,0,0,0,0,0,0,0,0,0,0,0,0,0,0,0,0,0,0,0,0,0,0,0,0,0,0,0,0,0,0,0,0,0,0,0,0,0,0,0,0,0,0,541
1,4.794537184071822,0.0,36.79,11.126902983393991,0,14.14578106229753,0.0,9.70278964764178,0.0100190336934149,4,5.783244946364939,0.1536704177066308,0.0,0.0,0,1,1,6.144763948899975,0.0,5.783244946364939,12.0,109.97294455538268,93.00664440301338,4.109470183779146,4,-0.0100190336934149,9.354342667451563,44.133605740930086,24.05164353753036,18.26839859116542,0.1034000724344608,4,44.81634796919929,14.14578106229753,16.138331835427053,224.5248789188601,-2.0288646469952885,14.775752548817644,-2.1154176283352104,14.14578106229753,109.19460723230902,10.024241509138736,15.921440167465814,0,0.8042127935185586,76.96624179784659,18.26839859116542,5,121.32734136923226,14.035334778039488,7.771119553209558,4.794537184071822,2.193632865774153,0.2272727272727272,24.26546827384644,0.4545454545454545,230.5219486015411,-8.930000000000001,0.7575757575757576,2.390415038674883,668.9040000000001,0.0,5,0.1925248106674458,0.1925248106674458,-0.0100190336934149,4,0.0,241.6488515849351,10.848143234865928,22.74954509873425,81.36468644081822,0.0,10.848143234865928,0.0,-0.3092450892658011,65.15659658618341,6,14,0.0,3908.3680634343614,35.636412901669466,1,308,12,0.0,4.794537184071822,0.0,0.0,0.3092450892658011,6,36.54304643408541,0,13.764264906671333,5.2529631251237605,17.270311336389693,17.270311336389693,14,0,15.30599999999997,13.764264906671333,22.470309486886432,842.3045618360001,804.6979999999996,15.30599999999997,0.0,378.3731822485775,0.0,43.458514953208656,0.0,32.67496906884445,273.6724999999999,843.0020000000001,0.0,0.0,10,22.470309486886432,0.0,35.636412901669466,0,0.0,0.0,0,10,0.0,66,0,0.0,0,0,0,0,0,0.0,7086751244275366.0,0,0,0,0,0,0,0,0,0,0.0,0,0.0,0.0,0.0,0.0,0,0,0,0,0,0,0,0,0,0,0,0,0,0,0,0,0,0,0,0,0,0,0,0,0,0,0,0,0,0,0,0,0,0,0,0,0,0,0,0,0,0,0,0,0,0,0,0,0,0,0,0,0,0,0,0,0,0,0,0,0,0,0,0,0,0,0,0,475
6,9.589074368143644,34.124317648101375,59.08,22.253805966787983,6,31.291719124791285,9.799819461700956,0.0,0.11689506736321,0,34.5645372258655,0.1672677171844357,0.0,0.0,0,2,2,6.11722790728659,0.0,11.566489892729878,12.4,0.0,45.69080754083125,3.1842976866309933,2,-0.1168950673632103,12.262694375086632,22.74954509873425,11.566489892729878,0.0,0.1022936844705274,0,57.12236498123699,13.51280946903307,16.488016732849577,9.799819461700956,-2.154545551574476,7.682369862097927,-2.323402120470248,13.51280946903307,72.79640482153933,9.978079959727756,31.842880334931625,0,0.9341155336158936,33.62857851615511,19.27354536930105,6,97.0618730953858,11.952346888735152,6.9888957832769805,19.06280027574374,2.2668884888397574,0.32,145.59280964307868,0.56,169.8582779169251,-6.919999999999997,0.84,2.5097210012671165,510.0320000000001,24.26546827384644,6,0.1925229874638418,0.1925229874638418,2.842448398999488,2,9.473725907600098,192.11208388371304,6.595666961522509,22.99804733313562,53.587434905691325,0.0,6.595666961522509,19.27354536930105,-0.4529535242788035,0.0,6,7,0.0,2155.9584007123776,26.6932278901649,2,238,4,0.0,9.589074368143644,0.0,0.0,0.4529535242788035,8,29.2364999457298,2,9.049128015460154,4.982945695300873,12.075189922620064,12.075189922620064,9,2,11.299599999999986,9.049128015460154,16.339888349787728,648.204907376,620.4940000000001,11.299599999999986,0.0,288.56199227712386,0.0,33.60550828100967,0.0,24.619326176178628,195.7049999999996,648.7180000000002,0.0,22.99804733313562,7,16.339888349787728,0.0,26.6932278901649,0,0.0,0.0,0,7,0.0,50,0,0.0,2,0,0,0,0,0.0,606521464641.4668,0,0,0,0,0,0,0,0,0,0.0,0,0.0,0.0,0.0,0.0,0,0,0,0,0,0,0,0,0,0,0,0,0,0,0,0,0,0,0,0,0,0,0,0,0,0,0,0,0,0,0,0,0,0,0,0,0,0,0,0,0,0,0,0,0,0,0,0,0,0,0,0,0,0,0,0,0,0,0,0,0,0,0,0,0,0,0,0,555
3,0.0,0.0,48.53,17.47321349399978,0,14.773446173095946,0.0,4.923811832360382,0.6388696211072553,3,17.47321349399978,0.1721794724889672,0.0,0.0,0,0,0,6.123254562809215,14.951935562841626,0.0,11.571428571428571,100.2769432301761,43.61169972832423,3.7926548498740735,5,0.6388696211072553,4.717112580525137,22.066802870465047,24.086134858424334,24.086134858424334,1.0726071569490252,5,39.09852845969064,4.952117548458274,15.035778237901416,148.66064187019978,-2.0017521954360964,12.171445459625897,-2.1092002947609774,4.952117548458274,127.39370843769387,10.003184124033488,0.0,0,1.0082779871006071,49.61002388231729,9.13419929558271,5,83.92330780493333,13.042710856778193,7.419648130002101,0.0,2.171098755705766,0.25,60.6636706846161,0.5892857142857143,200.1901132592331,-7.629999999999996,1.0535714285714286,2.3829057789030665,576.3760000000001,0.0,5,0.1635966181304171,0.1635966181304171,1.940410690377548,3,14.951935562841626,200.1901132592331,8.13561000178813,56.66524350185188,70.47377326401507,0.0,8.13561000178813,0.0,-0.3092477477921203,43.705201276485695,6,11,0.0,3160.834353085264,30.28862686075745,0,262,6,0.0,0.0,0.0,0.0,0.3092477477921203,3,31.85689691680817,0,10.775976015518165,5.286521710590095,14.089679585906234,14.089679585906234,11,0,12.733799999999976,10.775976015518165,18.86746786741897,715.273596056,682.596,12.733799999999976,0.0,322.99783424088065,0.0,37.002849506508205,0.0,27.764285466321493,230.24899999999948,715.8600000000001,0.0,0.0,8,18.86746786741897,0.0,30.28862686075745,0,0.0,0.0,0,8,0.0,56,0,0.0,0,0,0,0,0,0.0,27616646073733.85,0,0,0,0,0,0,0,0,0,0.0,0,0.0,0.0,0.0,0.0,0,0,0,0,0,0,0,0,0,0,0,0,0,0,0,0,0,0,0,0,0,0,0,0,0,0,0,0,0,0,0,0,0,0,0,0,0,0,0,0,0,0,0,0,0,0,0,0,0,0,0,0,0,0,0,0,0,0,0,0,0,0,0,0,0,0,0,0,463
2,8.417796984328938,0.0,44.0,9.79096695103555,0,0.7475830121744602,0.0,4.751845685898388,0.3699227637051485,2,0.0,0.196798188527735,0.0,0.0,0,0,0,7.917620989803736,8.417796984328938,0.0,13.4468085106383,77.24027824447934,53.44895286474173,3.712177464828143,2,-3.5264377178419246,31.1672845666466,31.8577698215006,17.55199627991165,9.13419929558271,0.5984642514625285,2,55.43442838031722,13.289759795064892,32.227927072073626,124.39517359635336,-1.978458849608252,10.42273438116855,-2.10626607237134,13.289759795064892,84.92913895846256,10.002925553841582,0.0,0,1.1653627710437988,44.0465723906203,9.13419929558271,4,83.92330780493333,9.55016356520877,5.348341652427834,8.417796984328938,2.325425740299546,0.3617021276595745,24.26546827384644,0.8723404255319149,167.51651073103744,-5.9099999999999975,1.5319148936170213,2.447884466493685,482.4080000000001,18.19910120538483,5,0.2073213944168064,0.2073213944168064,0.0,3,0.0,157.72554378000189,9.249924112102006,33.62857851615511,54.02032340528727,0.0,7.582176667399442,0.0,-0.3092477477921203,21.80584986416212,3,9,0.0,2861.545490594337,25.130279061321783,0,222,9,9.79096695103555,0.0,0.0,0.0,0.3092477477921203,3,26.32123062057871,1,11.54054834748212,3.65844653113234,12.1845827310633,14.071109117704736,10,1,10.36099999999999,9.670496496458227,15.690058435526668,622.1714990720001,596.5410000000002,10.36099999999999,9.837253136417502,270.8442691141704,9.837253136417502,31.27708115626349,0.0,23.07564941180021,191.4437999999996,622.7490000000003,0.0,0.0,7,17.17322168312106,0.0,25.94677564224951,0,9.837253136417502,-3.5264377178419246,0,7,0.0,47,0,0.0,0,0,1,0,0,0.0,199781972028.86688,0,0,0,0,0,0,0,0,0,0.0,0,0.0,0.0,0.0,0.0,0,0,0,0,0,0,0,0,0,0,0,0,0,0,0,0,0,0,0,0,0,0,0,0,0,0,0,0,0,0,0,0,0,0,0,0,0,0,0,0,0,0,0,0,0,0,0,0,0,0,0,0,0,0,0,0,0,0,0,0,0,0,0,0,0,0,0,0,459
3,0.0,0.0,53.46,17.47321349399978,0,14.98037160831567,0.0,7.305558480244999,0.6257376762770088,4,17.47321349399978,0.160232277618211,0.0,0.0,0,0,0,6.140523390377749,14.951935562841626,0.0,11.768115942028986,127.77017936902176,65.41754959248635,4.063257528859952,6,0.6257376762770088,7.171789621095659,33.10020430569757,28.65323450621569,28.65323450621569,1.0725727706368666,6,50.34936622607119,5.026995708128828,15.039207935429484,195.6923109972224,-2.0025999923107727,15.458332136341523,-2.1156887654993275,5.026995708128828,145.59280964307868,10.001632024147415,0.0,0,0.9499719939255444,66.06985858593045,13.701298943374065,6,108.1887760787798,15.615692757768672,8.78985793515979,0.0,2.195619574114957,0.2028985507246377,60.6636706846161,0.5072463768115942,242.65468273846432,-9.390000000000002,1.0,2.4052163382099225,705.8720000000002,0.0,6,0.1635966181304171,0.1635966181304171,1.907007399258853,4,14.951935562841626,242.65468273846432,10.513764588716285,62.35262977653544,86.51027408807663,0.0,10.513764588716285,0.0,-0.3092477477921203,59.94759964895082,7,14,0.0,4169.26800652249,37.27729234058477,0,322,9,0.0,0.0,0.0,0.0,0.3092477477921203,4,38.83914770443321,0,13.69033890429595,6.304144017992005,17.643690843650432,17.643690843650432,14,0,15.830899999999966,13.69033890429595,23.3536724015711,880.33144528,840.7349999999996,15.830899999999966,0.0,396.8373894180247,0.0,45.41669858995177,0.0,34.21377520910467,284.58800000000014,881.0550000000001,0.0,0.0,10,23.3536724015711,0.0,37.27729234058477,0,0.0,0.0,0,10,0.0,69,0,0.0,0,0,0,0,0,0.0,3.2788751306472844e+16,0,0,0,0,0,0,0,0,0,0.0,0,0.0,0.0,0.0,0.0,0,0,0,0,0,0,0,0,0,0,0,0,0,0,0,0,0,0,0,0,0,0,0,0,0,0,0,0,0,0,0,0,0,0,0,0,0,0,0,0,0,0,0,0,0,0,0,0,0,0,0,0,0,0,0,0,0,0,0,0,0,0,0,0,0,0,0,0,450
4,0.0,17.062158824050687,41.91,17.47321349399978,3,17.186900728883018,4.899909730850478,0.0,0.501285422641029,1,17.47321349399978,0.1813512536978896,0.0,0.0,0,0,0,5.893352138296248,14.951935562841626,0.0,12.92,34.16356796909077,17.062158824050687,3.210136307952788,4,-0.501285422641029,0.0,16.789763018763903,14.951935562841626,14.951935562841626,0.7310057921977928,3,33.752513299141675,4.9638473167634976,15.158790911713917,138.35998523700596,-2.372132083038218,10.607730923991054,-2.460778490827297,4.9638473167634976,157.72554378000189,9.622194551493404,22.253805966787983,0,1.200684687295797,22.37774074977455,4.899909730850478,4,58.65200837755764,12.421852260704394,7.325400784058486,0.0,2.456679848992472,0.32,60.6636706846161,0.66,194.1237461907715,-6.649999999999997,1.08,2.5703414482385747,517.0320000000002,0.0,4,0.1635966181303677,0.1635966181303677,1.932435099228584,2,14.951935562841626,216.37755215755948,7.3867270280209905,34.16356796909077,68.189599914564,0.0,7.3867270280209905,4.899909730850478,-0.3098316401477127,22.253805966787983,6,8,0.0217391304347826,2263.558533368596,27.264062996067867,0,236,2,5.41499046939678,0.0,0.0,0.0,0.3098316401477127,2,29.48594392493238,1,9.594611211369632,4.888733961112909,12.436914542847347,12.436914542847347,9,1,11.038499999999988,9.594611211369632,16.881263333266826,640.262697024,608.5340000000002,11.038499999999988,5.41499046939678,291.60895113585536,5.41499046939678,33.33164111018391,0.0,24.802829595250905,202.6859999999995,640.7900000000002,0.0,0.0,7,16.881263333266826,0.0,27.264062996067867,0,0.0,0.0,0,7,0.0,50,0,0.0,0,0,0,0,0,0.0,781570335759.4012,0,0,0,0,0,0,0,0,0,0.0,0,0.0,0.0,0.0,0.0,0,0,0,0,0,0,0,0,0,0,0,0,0,0,0,0,0,0,0,0,0,0,0,0,0,0,0,0,0,0,0,0,0,0,0,0,0,0,0,0,0,0,0,0,0,0,0,0,0,0,0,0,0,0,0,0,0,0,0,0,0,0,0,0,0,0,0,0,472
4,0.0,34.124317648101375,37.190000000000005,0.0,6,4.674789690695175,9.799819461700956,9.334515468423712,0.7975002298743837,1,11.648808995999854,0.2125438926598757,0.0,0.0,0,0,0,6.0096498659495765,0.0,0.0,12.093023255813954,28.46309825407741,34.124317648101375,3.537455573933692,5,0.7975002298743837,2.132513051389314,22.74954509873425,14.76446326439343,14.76446326439343,1.0721071539872582,3,62.587415902178776,4.6894333393406535,15.290666437904546,151.95799116378825,-2.2333020610959298,9.744856200973594,-2.39879028040984,4.6894333393406535,90.99550602692418,10.04068970454379,0.0,0,1.242370073104617,28.18906180744468,9.799819461700956,5,72.79640482153933,10.471802144564425,6.045341603956012,0.0,2.296659575361866,0.3023255813953488,36.39820241076966,0.6511627906976745,163.7919108484635,-5.939999999999998,1.1162790697674418,2.534114704160549,443.4080000000001,0.0,5,0.1683508976871326,0.1683508976871326,1.608393880360317,2,0.0,163.7919108484635,5.904186747859553,28.46309825407741,56.83826504149124,0.0,5.904186747859553,9.799819461700956,-0.3062895250840267,0.0,5,7,0.0,1969.7137941146373,23.324525245619693,0,204,2,0.0,4.567099647791355,0.0,0.0,0.3062895250840267,6,24.823777739635776,1,7.834600009014791,4.263029739392812,10.414870601144925,10.414870601144925,8,1,9.854299999999997,7.834600009014791,14.36779332624382,553.226645864,526.4530000000004,9.854299999999997,0.0,250.114685980666,0.0,28.589000423064626,0.0,21.36530598075514,175.1549999999996,553.6690000000002,0.0,0.0,6,14.36779332624382,0.0,23.324525245619693,0,0.0,0.0,0,6,0.0,43,0,10.197363616602075,0,0,0,0,0,0.0,24171464500.30508,0,0,0,0,0,0,0,0,0,0.0,0,0.0,0.0,0.0,0.0,0,0,0,0,0,0,0,0,0,0,0,0,0,0,0,0,0,0,0,0,0,0,0,0,0,0,0,0,0,0,0,0,0,0,0,0,0,0,0,0,0,0,0,0,0,0,0,0,0,0,0,0,0,0,0,0,0,0,0,0,0,0,0,0,0,0,0,0,528
5,0.0,34.124317648101375,45.400000000000006,11.781447844051817,6,4.6212142915272425,9.799819461700956,8.52258803078199,0.5000928224669763,1,0.0,0.2532255640034028,0.0,0.0,0,0,0,6.00907782419862,0.0,0.0,12.216216216216216,22.90835082744581,34.124317648101375,3.474024841546049,4,0.5000928224669763,5.974168993520406,22.74954509873425,10.197363616602075,10.197363616602075,0.5843744658471609,2,45.25122063149536,5.974168993520406,16.363406369883982,104.9263220367656,-2.233143059560512,8.442723761416218,-2.398631930155142,5.974168993520406,60.6636706846161,10.04216639629337,0.0,0,1.2950691263139325,22.50167553276112,14.216970398754302,5,72.79640482153933,8.806861930526024,5.034067169612272,4.417150937053347,2.2944967828485128,0.3783783783783784,48.53093654769288,0.7567567567567568,137.87722644320883,-5.159999999999998,1.2432432432432432,2.533376725211788,378.4720000000001,0.0,5,0.2476664134712624,0.2476664134712624,1.0135790655455024,2,4.417150937053347,133.46007550615548,4.86796128090149,22.90835082744581,45.59239252387531,0.0,4.86796128090149,9.799819461700956,-0.4161306783895016,0.0,4,6,0.0,1630.281175228457,19.89880859463547,0,176,2,0.0,0.0,0.0,0.0,0.4161306783895016,5,21.14947262089403,1,6.55966019651032,3.649239290761029,8.809064851516142,8.809064851516142,7,1,8.656600000000001,6.55966019651032,12.194537620934788,478.179361324,456.3790000000004,8.656600000000001,0.0,214.4327891310692,0.0,24.60587275993919,0.0,18.36530598075514,148.09399999999974,478.5550000000002,0.0,0.0,5,12.194537620934788,0.0,19.89880859463547,0,11.781447844051817,0.0,0,5,0.0,37,0,10.197363616602075,0,0,0,0,0,0.0,1006904689.9460112,0,0,0,0,0,0,0,0,0,0.0,0,0.0,0.0,0.0,0.0,0,0,0,0,0,0,0,0,0,0,0,0,0,0,0,0,0,0,0,0,0,0,0,0,0,0,0,0,0,0,0,0,0,0,0,0,0,0,0,0,0,0,0,0,0,0,0,0,0,0,0,0,0,0,0,0,0,0,0,0,0,0,0,0,0,0,0,0,577
6,8.417796984328938,68.24863529620275,47.10000000000001,0.0,12,9.403112691363122,19.599638923401912,0.0,0.2367208238203213,0,0.0,0.169741034052519,0.0,0.0,0,0,0,7.911312963890139,8.417796984328938,9.79096695103555,13.090909090909092,0.0,78.08588843262024,3.2502967452614286,4,-3.819111790019076,28.323427730268108,55.29005714850404,8.417796984328938,0.0,0.5958732941668167,0,68.24863529620275,14.161713865134054,32.22791882335633,92.39604374494124,-2.235180400295655,12.03903878364268,-2.399500202287991,14.161713865134054,84.92913895846256,10.0474741819717,0.0,0,0.9845396703549876,22.74954509873425,19.599638923401912,6,121.32734136923226,13.090026285297249,7.747430601284314,8.417796984328938,2.3190745942012154,0.2363636363636363,109.19460723230902,0.4363636363636363,216.04744727873023,-7.089999999999996,0.6727272727272727,2.551865159213849,566.3920000000002,24.26546827384644,7,0.2060918256850351,0.2060918256850351,0.0,2,0.0,206.2564803276947,9.100969161584542,0.0,68.30353258474516,0.0,7.84002813621237,19.599638923401912,-0.3062895250839444,0.0,6,8,0.0,2509.3057563725497,29.643508405838705,0,264,4,9.79096695103555,0.0,0.0,0.0,0.3062895250839444,10,32.552164050980075,2,12.078912875945674,5.355946460857404,13.458835531892223,15.408518148860832,10,2,13.025399999999978,10.293376942283318,18.198365888693203,730.2402473280001,696.6209999999999,13.025399999999978,9.837253136417502,320.4841333174866,9.837253136417502,36.933935405755854,0.0,27.07564941180021,224.18379999999948,730.8930000000001,0.0,0.0,8,19.68152913628759,0.0,30.46000498676643,0,9.837253136417502,-3.819111790019076,0,8,0.0,55,0,0.0,0,0,1,0,0,0.0,8625898566409.358,0,0,0,0,0,0,0,0,0,0.0,0,0.0,0.0,0.0,0.0,0,0,0,0,0,0,0,0,0,0,0,0,0,0,0,0,0,0,0,0,0,0,0,0,0,0,0,0,0,0,0,0,0,0,0,0,0,0,0,0,0,0,0,0,0,0,0,0,0,0,0,0,0,0,0,0,0,0,0,0,0,0,0,0,0,0,0,0,577
4,0.0,34.124317648101375,37.190000000000005,0.0,6,4.681775973245129,9.799819461700956,9.290164258166117,0.8049719727902659,1,11.648808995999854,0.2125438926598757,0.0,0.0,0,0,0,6.009089919413411,0.0,0.0,12.093023255813954,28.46309825407741,34.124317648101375,3.537527533088881,5,0.8049719727902659,2.142540627362056,22.74954509873425,14.76446326439343,14.76446326439343,1.070016916057796,3,62.587415902178776,4.645082129083058,15.2921856241562,151.95799116378822,-2.2337281652055263,9.742791161400955,-2.3989415428412104,4.645082129083058,103.1282401638474,10.045075150778626,0.0,0,1.26365900105854,28.18906180744468,9.799819461700956,5,60.6636706846161,10.471802144564425,6.045341603956012,0.0,2.296670691357705,0.3023255813953488,36.39820241076966,0.627906976744186,163.7919108484635,-5.939999999999998,1.0465116279069768,2.5338253808854803,442.6400000000001,0.0,5,0.1683483408384646,0.1683483408384646,1.609943945580532,2,0.0,163.7919108484635,5.905547762058764,28.46309825407741,56.86611736757855,0.0,5.905547762058764,9.799819461700956,-0.3062895250837763,0.0,5,7,0.0,1912.7137941146373,23.324525245619697,0,204,2,0.0,4.567099647791355,0.0,0.0,0.3062895250837763,5,24.823777739635776,1,7.834600009014787,4.263029739392812,10.414870601144926,10.414870601144926,8,1,9.854299999999991,7.834600009014787,14.367793326243822,553.226645864,526.4530000000004,9.854299999999991,0.0,250.114685980666,0.0,28.58900042306463,0.0,21.36530598075514,175.1549999999996,553.6690000000002,0.0,0.0,6,14.367793326243822,0.0,23.324525245619697,0,0.0,0.0,0,6,0.0,43,0,10.197363616602075,0,0,0,0,0,0.0,24179925539.860752,0,0,0,0,0,0,0,0,0,0.0,0,0.0,0.0,0.0,0.0,0,0,0,0,0,0,0,0,0,0,0,0,0,0,0,0,0,0,0,0,0,0,0,0,0,0,0,0,0,0,0,0,0,0,0,0,0,0,0,0,0,0,0,0,0,0,0,0,0,0,0,0,0,0,0,0,0,0,0,0,0,0,0,0,0,0,0,0,495
6,8.417796984328938,34.124317648101375,59.08,0.0,6,4.607550587203503,9.799819461700956,0.0,0.2230495302523623,0,22.99804733313562,0.2065563570891307,0.0,0.0,0,0,0,7.9112949814609745,8.417796984328938,9.79096695103555,13.116279069767442,0.0,43.96157078451887,3.059461773612424,2,-3.762423049466699,39.68942842922469,32.540512049769795,8.417796984328938,0.0,0.4765001725969537,0,57.12236498123699,13.735307102843176,32.22791790928514,9.799819461700956,-2.1571648762776503,5.22121754556889,-2.32522056127662,13.735307102843176,48.53093654769288,10.118720807130774,0.0,0,1.1259938106568312,11.374772549367124,19.27354536930105,6,97.0618730953858,9.787177945739645,5.736011188287637,17.891522891929036,2.275932460526428,0.3720930232558139,121.32734136923226,0.6511627906976745,155.3837765941142,-5.529999999999998,0.9534883720930232,2.511965510421546,441.1360000000001,24.26546827384644,7,0.2060918256854603,0.2060918256854603,2.957417453921761,2,9.473725907600098,145.59280964307868,6.911351771763869,22.99804733313562,45.20347570021453,0.0,5.6504107463917,19.27354536930105,-0.4529535242787363,0.0,4,6,0.0,1871.955633026388,22.792075103870257,0,208,4,9.79096695103555,0.0,0.0,0.0,0.4529535242787363,8,25.20118490373769,2,9.460443613179937,4.126908668372891,10.237082402261262,12.18676501922987,8,2,9.670399999999995,7.67490767951759,13.85185447807514,580.145678248,556.4730000000003,9.670399999999995,9.837253136417502,249.0773680239657,9.837253136417502,28.967680079504987,0.0,21.07564941180021,167.84979999999965,580.6650000000002,0.0,22.99804733313562,6,15.335017725669532,0.0,23.608571684797983,0,9.837253136417502,-3.762423049466699,0,6,0.0,43,0,0.0,2,0,1,0,0,0.0,14007772653.748089,0,0,0,0,0,0,0,0,0,0.0,0,0.0,0.0,0.0,0.0,0,0,0,0,0,0,0,0,0,0,0,0,0,0,0,0,0,0,0,0,0,0,0,0,0,0,0,0,0,0,0,0,0,0,0,0,0,0,0,0,0,0,0,0,0,0,0,0,0,0,0,0,0,0,0,0,0,0,0,0,0,0,0,0,0,0,0,0,507
4,8.417796984328938,34.124317648101375,40.620000000000005,0.0,6,4.999592081780623,9.799819461700956,0.0,0.1590385716819378,0,0.0,0.1938877786709329,0.0,0.0,0,0,0,7.911299381527753,8.417796984328938,20.62094788982911,15.659574468085106,0.0,43.96157078451887,3.0915885886879697,2,-3.750200827244474,27.89119271808304,32.540512049769795,8.417796984328938,0.0,0.5958749495417741,0,34.124317648101375,13.94559635904152,32.22791818097638,134.55664135584925,-2.300373619103058,10.865894717006702,-2.416114763874462,13.94559635904152,100.49135362030184,9.733701013473846,49.94875476555048,0,1.142023979252291,22.204753488160684,9.799819461700956,4,95.05021078832732,10.444157859182791,6.50733444197147,8.417796984328938,2.3760799516279296,0.3829787234042553,24.26546827384644,0.6382978723404256,155.38377659411424,-5.129999999999997,0.9148936170212766,2.528033533125607,496.18400000000014,24.26546827384644,5,0.2060918256844391,0.2060918256844391,0.0,2,0.0,167.84661560986666,8.840348066296796,0.0,48.38424709969354,9.025940877347235,7.579407040924623,9.799819461700956,-0.3098810088429786,22.253805966787983,4,6,0.1428571428571428,2014.3477873074896,26.97557852294253,0,232,4,48.31589668859161,0.0,0.0,0.0,0.3098810088429786,4,29.28380850771534,2,11.869166172998204,4.370078049822928,13.480655714964058,15.43033833193267,8,2,10.73759999999999,10.08363023933585,16.035357897147417,632.249749392,596.5410000000002,10.73759999999999,20.667234075211063,277.03993025133155,9.837253136417502,32.55346651713189,0.0,22.597356788324014,191.95779999999948,632.8290000000002,0.0,0.0,6,17.51852114474181,0.0,27.79207510387026,0,9.837253136417502,-3.750200827244474,0,6,0.0,47,0,0.0,0,0,1,0,0,0.0,57695829720.1874,0,0,0,0,0,0,0,0,0,0.0,0,0.0,0.0,0.0,0.0,0,0,0,0,0,0,0,0,0,0,0,0,0,0,0,0,0,0,0,0,0,0,0,0,0,0,0,0,0,0,0,0,0,0,0,0,0,0,0,0,0,0,0,0,0,0,0,0,0,0,0,0,0,0,0,0,0,0,0,0,0,0,0,0,0,0,0,0,460
4,0.0,34.124317648101375,42.120000000000005,0.0,6,14.947370577832952,9.799819461700956,0.0,0.9142157326216276,2,0.0,0.1716409334042019,0.0,11.648808995999854,0,0,0,6.014115620662608,9.967957041894415,0.0,12.214285714285714,56.21728739922601,56.191120518566414,3.859640585373768,6,0.9142157326216276,4.492720563732944,44.81634796919929,19.10215633747713,19.10215633747713,1.100370882964837,4,90.34160504732738,5.110880429701084,15.274457672443654,200.925030811132,-2.23387875303862,14.936327008584373,-2.399448393173376,5.110880429701084,84.92913895846256,10.035288137497275,0.0,0,0.9852416643296912,33.87644808212824,9.799819461700956,6,121.32734136923226,13.004741249395597,7.383223092466802,0.0,2.301455481751264,0.2678571428571428,24.26546827384644,0.5892857142857143,206.2564803276947,-7.699999999999997,0.9642857142857144,2.537907085568337,572.7200000000001,0.0,6,0.145222463903602,0.145222463903602,1.8284314652432552,3,9.967957041894415,206.2564803276947,8.135814709490248,34.15048452876097,72.46181705127313,0.0,8.135814709490248,9.799819461700956,-0.3062887681068558,0.0,6,10,0.0,2764.4799060219525,30.31319072544704,0,264,4,0.0,9.13419929558271,0.0,0.0,0.3062887681068558,10,31.79305802776789,1,10.644847441156193,5.1142939192117005,13.932164885847476,13.932164885847476,11,1,12.951399999999978,10.644847441156193,18.85121145589593,718.2844950880001,684.5919999999999,12.951399999999978,0.0,323.9857875894053,0.0,37.0028495065082,0.0,27.797958971132704,229.4939999999995,718.864,0.0,0.0,8,18.85121145589593,0.0,30.31319072544704,0,0.0,0.0,0,8,0.0,56,0,0.0,0,0,0,0,0,0.0,28517023983521.715,0,0,0,0,0,0,0,0,0,0.0,0,0.0,0.0,0.0,0.0,0,0,0,0,0,0,0,0,0,0,0,0,0,0,0,0,0,0,0,0,0,0,0,0,0,0,0,0,0,0,0,0,0,0,0,0,0,0,0,0,2,0,0,0,0,0,0,0,0,0,0,0,0,0,0,0,0,0,0,0,0,0,0,0,0,0,0,0,550
4,0.0,34.124317648101375,54.06,11.126902983393991,6,4.428509385235576,9.799819461700956,18.324296191725708,0.6356840977125555,0,0.0,0.3404204479378003,10.523783109476971,0.0,2,0,0,6.008441050750807,0.0,0.0,11.8,0.0,34.124317648101375,2.824695764434725,4,0.6356840977125555,0.0,46.01489070771279,0.0,0.0,1.1679987637838891,0,34.124317648101375,9.162148095862854,15.273002664739264,46.20373036113194,-2.2337523800962487,7.445281504805593,-2.3986994538033204,9.162148095862854,24.26546827384644,10.039453777868786,11.126902983393991,0,1.7312446444642156,11.374772549367124,9.799819461700956,4,72.79640482153933,7.1274310435417405,4.169822700200668,0.0,2.293298020115816,0.4333333333333333,72.79640482153933,0.7333333333333333,97.0618730953858,-4.539999999999998,1.0,2.532140684798844,310.6240000000001,0.0,4,0.0991114627424701,0.0991114627424701,0.0,1,10.523783109476971,108.1887760787798,3.87061937275065,12.138442625584547,36.13524625156646,0.0,3.87061937275065,9.799819461700956,-0.3062880386380666,0.0,2,4,0.0,1157.987581296136,16.02645868903385,0,140,2,0.0,0.0,22.66222573506152,10.523783109476971,0.3062880386380666,4,17.551159771565942,1,5.236281155251011,2.761820886552558,6.965603909453941,6.965603909453941,5,1,6.682960000000005,5.236281155251011,9.58628933047092,384.137496512,368.3140000000002,6.682960000000005,0.0,174.63156551629717,0.0,20.50142475325412,0.0,14.796356295533847,118.796,384.44200000000006,0.0,0.0,4,9.58628933047092,0.0,16.02645868903385,0,0.0,0.0,0,4,0.0,30,0,0.0,0,0,0,0,0,0.0,13728473.366475074,0,0,0,0,0,0,0,0,0,0.0,0,0.0,0.0,0.0,0.0,0,0,0,0,0,0,0,0,0,0,0,0,0,0,0,0,0,0,0,0,0,0,0,0,0,0,0,0,0,0,0,0,0,0,0,0,0,0,0,0,0,0,0,0,0,0,0,0,0,0,0,0,0,0,0,0,0,0,0,0,0,0,0,0,0,0,0,0,545
6,0.0,34.124317648101375,32.260000000000005,0.0,6,14.463672108054554,9.799819461700956,2.079007023798975,1.0395035118994875,2,0.0,0.2011193275480609,0.0,10.01524739370553,0,0,0,7.215848199619277,9.967957041894415,0.0,12.454545454545457,41.57539164527024,77.23113067214157,3.7236886237524938,4,1.0395035118994875,2.4141947154793204,43.18278636690497,9.967957041894415,9.967957041894415,1.1692062096291076,2,66.29986946043341,4.871926321870973,32.13472540774027,143.2598949678564,-2.233542088651144,11.103715069612017,-2.3992877739933283,4.871926321870973,48.53093654769288,10.03811038150303,0.0,0,1.1055954706862572,22.50167553276112,9.799819461700956,4,97.0618730953858,10.158618502787842,5.822934151504847,0.0,2.2971570447897336,0.3636363636363636,12.13273413692322,0.7045454545454546,145.59280964307868,-5.299999999999997,1.068181818181818,2.5374886575931823,462.0320000000001,22.673571755869474,6,0.1241051511298493,0.1241051511298493,0.0,3,9.967957041894415,145.59280964307868,7.940259553031686,21.14215037709952,51.47428594259018,0.0,5.998073090143663,9.799819461700956,-0.3062887756703225,9.399839832938202,4,8,0.0,2024.36275746451,23.461757423478584,0,208,4,0.0,0.0,0.0,0.0,0.3062887756703225,6,25.22086074951052,1,10.230698567720612,4.108408864732115,10.715482571403212,12.77678033525594,9,1,11.492999999999984,8.059753151193606,14.50470004527786,600.144238768,576.5800000000004,11.492999999999984,0.0,262.3140619028809,0.0,29.03659418025733,3.465125140464965,21.79795897113271,186.59399999999965,600.7720000000002,0.0,0.0,6,16.13769320713331,22.673571755869474,25.09475058533404,0,0.0,0.0,0,6,0.0,44,0,22.673571755869474,0,0,0,0,0,0.0,48366875771.889206,0,0,0,0,0,0,0,0,0,0.0,0,0.0,0.0,0.0,0.0,0,0,0,0,0,0,0,0,0,0,0,0,0,0,0,0,0,0,0,0,0,0,0,0,0,0,0,0,0,0,0,0,0,0,0,0,0,0,0,0,0,0,0,0,0,0,0,0,0,0,0,0,0,0,0,0,0,0,0,0,0,0,0,0,0,2,0,0,605
8,0.0,34.124317648101375,83.82000000000001,34.946426987999565,6,34.253817716841134,9.799819461700956,0.0,0.6139513184533747,2,34.946426987999565,0.1502942931909041,0.0,0.0,0,0,0,6.012153380697617,29.90387112568325,0.0,11.806451612903226,68.32713593818154,34.124317648101375,3.362992684996203,8,0.6139513184533747,0.0,22.74954509873425,29.90387112568325,29.90387112568325,1.0726641843276288,6,67.50502659828335,4.965202542760178,15.274215438417448,106.86169255708676,-2.233853142529292,11.790041543506026,-2.3993270381267333,4.965202542760178,145.59280964307868,10.03499666432433,0.0,0,0.9514309098885434,44.7554814995491,9.799819461700956,8,72.79640482153933,15.857910220302148,9.325225727341596,0.0,2.3004635185611497,0.1935483870967742,121.32734136923226,0.3870967741935484,218.3892144646179,-8.62,0.6129032258064516,2.537092506011863,637.2800000000002,0.0,8,0.1635966181306601,0.1635966181306601,3.7564618099793368,3,29.90387112568325,218.3892144646179,7.895052621665231,68.32713593818154,74.19967892967351,0.0,7.895052621665231,9.799819461700956,-0.3062887680527569,0.0,8,10,0.0,2783.9258815974777,33.362318454826195,0,292,2,0.0,0.0,0.0,0.0,0.3062887680527569,4,36.45902814829803,1,10.893252270631308,6.909766986149996,14.81855990659152,14.81855990659152,11,1,13.311599999999975,10.893252270631308,20.465091718062546,796.306293152,760.6499999999997,13.311599999999975,0.0,358.7769750466297,0.0,41.24549019362748,0.0,30.730611961510284,248.7519999999994,796.9380000000001,0.0,0.0,8,20.465091718062546,0.0,33.362318454826195,0,0.0,0.0,0,8,0.0,62,0,0.0,0,0,0,0,0,0.0,438105755889264.8,0,0,0,0,0,0,0,0,0,0.0,0,0.0,0.0,0.0,0.0,0,0,0,0,0,0,0,0,0,0,0,0,0,0,0,0,0,0,0,0,0,0,0,0,0,0,0,0,0,0,0,0,0,0,0,0,0,0,0,0,0,0,0,0,0,0,0,0,0,0,0,0,0,0,0,0,0,0,0,0,0,0,0,0,0,0,0,0,648
2,10.523783109476971,0.0,67.3,11.374772549367124,0,0.0,0.0,32.381162777885365,0.2891183757453599,4,0.0,0.1782043276436319,10.523783109476971,12.138442625584547,2,0,0,6.158302112859757,0.0,11.126902983393991,11.838709677419354,109.97294455538268,87.22339945664844,4.0579305267719885,6,0.2891183757453599,9.162256235827664,78.01005382305833,18.26839859116542,18.26839859116542,1.0122377209265676,4,98.59817200601556,11.895612532075376,15.142521840075544,224.53058740752144,-2.1674115736774024,11.113337471811498,-2.273798676178158,11.895612532075376,145.59280964307868,9.97994299796685,11.126902983393991,0,1.413913227403517,43.089793715718365,18.26839859116542,6,48.53093654769288,12.828503216166723,7.048265975032061,0.0,2.340385348903373,0.2258064516129032,0.0,0.3870967741935484,194.1237461907715,-8.840000000000002,0.5645161290322581,2.487061665002837,627.7920000000001,0.0,6,0.1029116501943196,0.1029116501943196,0.0,4,0.0,205.2506491741655,10.42839169149191,34.8879877243188,73.00991018114216,0.0,10.42839169149191,0.0,-0.3058861178029662,0.0,4,13,0.0,3655.686625741284,33.15849018706778,0,286,12,0.0,0.0,22.66222573506152,10.523783109476971,0.3058861178029662,8,34.06418372342001,0,12.834860047214775,4.393807601059998,15.84686724272074,15.84686724272074,13,0,13.818359999999975,12.834860047214775,20.74929732201672,788.268845024,756.6579999999997,13.818359999999975,0.0,354.30466741980376,0.0,41.05273755927284,0.0,30.76268279072261,253.22799999999955,788.914,0.0,0.0,9,20.74929732201672,0.0,33.15849018706778,0,0.0,0.0,0,9,0.0,62,0,0.0,0,0,0,0,0,0.0,782032883818088.2,0,0,0,0,0,0,0,0,0,0.0,0,0.0,0.0,0.0,0.0,0,0,0,0,0,0,0,0,0,0,0,0,0,0,0,0,0,0,0,0,0,0,0,0,0,0,0,0,0,0,0,0,0,0,0,0,0,0,0,0,0,0,0,0,0,0,0,0,0,0,0,0,0,0,0,0,0,0,0,0,0,0,0,0,0,0,0,0,525
2,10.523783109476971,0.0,67.3,28.18906180744468,0,0.0,0.0,32.75126874721933,0.3897608549592677,4,0.0,0.1782043276436319,10.523783109476971,23.26534560897854,2,0,0,6.154785551893665,0.0,0.0,11.838709677419354,109.97294455538268,87.22339945664844,4.057866534963513,6,0.3897608549592677,9.015856009070294,66.88315083966434,18.26839859116542,18.26839859116542,1.0200657773926314,4,92.910785731332,12.116547591284244,15.12748997223162,200.26511913367503,-2.1646450006362428,10.997653000492107,-2.2679947998400305,12.116547591284244,145.59280964307868,9.98291402316213,11.126902983393991,0,1.4007004055448051,43.089793715718365,18.26839859116542,6,48.53093654769288,12.82850321616673,7.048265975032067,0.0,2.3390878059048528,0.2258064516129032,24.26546827384644,0.4032258064516129,194.1237461907715,-8.839999999999998,0.6129032258064516,2.482756772092088,627.1440000000001,0.0,6,0.1037529766481871,0.1037529766481871,0.0,4,0.0,205.2506491741655,10.434641691491912,34.8879877243188,72.90188890988495,0.0,10.434641691491912,0.0,-0.3064893141055377,0.0,4,13,0.0,3771.186625741285,33.158490187067784,0,286,12,0.0,0.0,22.66222573506152,10.523783109476971,0.3064893141055377,8,34.06418372342002,0,12.834163446089764,4.393807601059999,15.84686724272074,15.84686724272074,13,0,13.818359999999974,12.834163446089764,20.74929732201672,788.268845024,756.6579999999997,13.818359999999974,0.0,354.3046674198037,0.0,41.052737559272856,0.0,30.76268279072261,253.22799999999955,788.9139999999999,0.0,0.0,9,20.74929732201672,0.0,33.158490187067784,0,0.0,0.0,0,9,0.0,62,0,0.0,0,0,0,0,0,0.0,782114675967711.6,0,0,0,0,0,0,0,0,0,0.0,0,0.0,0.0,0.0,0.0,0,0,0,0,0,0,0,0,0,0,0,0,0,0,0,0,0,0,0,0,0,0,0,0,0,0,0,0,0,0,0,0,0,0,0,0,0,0,0,0,0,0,0,0,0,0,0,0,0,0,0,0,0,0,0,0,0,0,0,0,0,0,0,0,0,0,0,0,507
2,10.523783109476971,0.0,67.3,33.87644808212824,0,0.0,0.0,33.00631104905997,0.440496976568405,4,0.0,0.1782043276436319,10.523783109476971,23.26534560897854,2,0,0,6.153417483978998,0.0,0.0,11.838709677419354,109.97294455538268,87.22339945664844,4.057896237392453,6,0.440496976568405,8.928473167044595,66.88315083966434,18.26839859116542,18.26839859116542,1.023854059301381,4,87.22339945664844,12.267756991685566,15.11806450480007,224.53058740752144,-2.163557142627658,10.925888851408333,-2.2655093305941345,12.267756991685566,145.59280964307868,9.983772598050257,11.126902983393991,0,1.3878454974909873,43.089793715718365,18.26839859116542,6,48.53093654769288,12.82850321616673,7.048265975032067,0.0,2.3386247246269587,0.2258064516129032,0.0,0.3709677419354839,194.1237461907715,-8.839999999999998,0.5161290322580645,2.481086561123896,627.5840000000002,0.0,6,0.1044864062066724,0.1044864062066724,0.0,4,0.0,205.2506491741655,10.434293390929405,34.8879877243188,72.80599359915375,0.0,10.434293390929405,0.0,-0.3058863394121328,0.0,4,13,0.0,3402.936625741284,33.158490187067784,0,286,12,0.0,0.0,22.66222573506152,10.523783109476971,0.3058863394121328,8,34.06418372342002,0,12.834163446089766,4.393807601059999,15.84686724272074,15.84686724272074,13,0,13.818359999999974,12.834163446089766,20.74929732201672,788.268845024,756.6579999999997,13.818359999999974,0.0,354.30466741980376,0.0,41.052737559272856,0.0,30.762682790722607,253.22799999999955,788.9139999999999,0.0,0.0,9,20.74929732201672,0.0,33.158490187067784,0,0.0,0.0,0,9,0.0,62,0,0.0,0,0,0,0,0,0.0,782093504050654.8,0,0,0,0,0,0,0,0,0,0.0,0,0.0,0.0,0.0,0.0,0,0,0,0,0,0,0,0,0,0,0,0,0,0,0,0,0,0,0,0,0,0,0,0,0,0,0,0,0,0,0,0,0,0,0,0,0,0,0,0,0,0,0,0,0,0,0,0,0,0,0,0,0,0,0,0,0,0,0,0,0,0,0,0,0,0,0,0,535
2,10.523783109476971,0.0,67.3,33.87644808212824,0,0.0,0.0,33.861767113902204,0.4512469555723519,4,0.0,0.1765670110738847,10.523783109476971,23.26534560897854,2,0,0,6.159699360808999,0.0,0.0,11.971428571428572,109.97294455538268,87.22339945664844,4.034373248722148,6,0.4512469555723519,9.136394977744184,66.88315083966434,18.26839859116542,18.26839859116542,1.0231149118939482,4,131.73101139022438,12.589782635327367,15.118743934405774,231.3895484573536,-2.1644825897167204,20.252339949109576,-2.267014152979849,12.589782635327367,93.03854848126886,9.982231642102857,55.63451491696996,0,1.3867254075666668,43.089793715718365,18.26839859116542,6,152.45177069291077,14.828703076621958,8.760741529797212,0.0,2.344324986622322,0.2428571428571428,0.0,0.3857142857142857,145.59280964307868,-8.839999999999998,0.5142857142857142,2.489629317258561,729.6480000000001,0.0,6,0.1044864062450894,0.1044864062450894,0.0,4,0.0,201.2273245600486,11.74801334005294,34.8879877243188,58.68832294940989,17.06117500983413,11.74801334005294,0.0,-0.3058856566326327,0.0,4,13,0.125,3777.741426743028,40.53968803355075,0,334,12,55.38989759752498,0.0,78.0521233325865,10.523783109476971,0.3058856566326327,0,41.35573447772523,0,14.818208608373208,5.712824571058906,19.874501832272315,19.874501832272315,13,0,16.285719999999966,14.818208608373208,24.034766142200368,900.394045536,852.7459999999994,16.285719999999966,0.0,405.2242043349766,0.0,48.01468546329747,0.0,33.913457591661434,291.12400000000025,901.1299999999997,0.0,0.0,9,24.034766142200368,0.0,40.53968803355075,0,0.0,0.0,8,9,0.0,70,0,0.0,0,0,0,0,0,0.0,1.2031547206583432e+16,0,0,0,0,0,0,0,0,0,0.0,0,0.0,0.0,0.0,0.0,0,0,0,0,0,0,0,0,0,0,0,0,0,0,0,0,0,0,0,0,0,0,0,0,0,0,0,0,0,0,0,0,0,0,0,0,0,0,0,0,0,0,0,0,0,0,0,0,0,0,0,0,0,0,0,0,0,0,0,0,0,0,0,0,0,0,0,0,561
2,10.523783109476971,0.0,57.44,11.126902983393991,0,0.0,0.0,24.46263589391476,0.3600735911648611,2,0.0,0.267441497696961,10.523783109476971,12.138442625584547,2,0,0,6.111276257155778,0.0,0.0,11.27777777777778,54.98647227769135,43.61169972832423,3.4532517724763343,4,0.3600735911648611,4.4276606198034765,44.56847840322616,9.13419929558271,9.13419929558271,1.0896404258949808,2,54.98647227769135,9.945874247872805,15.06285937338544,69.80357846886014,-2.0520052542995098,6.633268455530361,-2.175167374785012,9.945874247872805,72.79640482153933,10.057947802370355,11.126902983393991,0,1.7171265531435826,21.544896857859182,9.13419929558271,4,36.39820241076966,7.599106086043601,4.240182030236309,0.0,2.2066994049798905,0.4166666666666667,60.6636706846161,0.6944444444444444,109.19460723230902,-5.319999999999999,0.9722222222222222,2.383500325344297,369.9920000000001,0.0,4,0.1005921080248309,0.1005921080248309,0.0,2,0.0,120.32151021570304,5.484169719696125,23.51321517495167,41.4764350307514,0.0,5.484169719696125,0.0,-0.3070918688732009,0.0,2,7,0.0,1818.751248107088,19.181159227413104,0,166,6,0.0,0.0,22.66222573506152,10.523783109476971,0.3070918688732009,4,20.08743546413379,0,6.997578888894124,2.6723189764187216,8.849529650611801,8.849529650611801,7,0,7.624160000000005,6.997578888894124,11.75295599713759,458.153146576,440.3800000000003,7.624160000000005,0.0,206.6255570655157,0.0,24.225039392385707,0.0,17.79635629553384,144.54999999999978,458.5240000000001,0.0,0.0,5,11.75295599713759,0.0,19.181159227413104,0,0.0,0.0,0,5,0.0,36,0,0.0,0,0,0,0,0,0.0,515318208.8692267,0,0,0,0,0,0,0,0,0,0.0,0,0.0,0.0,0.0,0.0,0,0,0,0,0,0,0,0,0,0,0,0,0,0,0,0,0,0,0,0,0,0,0,0,0,0,0,0,0,0,0,0,0,0,0,0,0,0,0,0,0,0,0,0,0,0,0,0,0,0,0,0,0,0,0,0,0,0,0,0,0,0,0,0,0,0,0,0,473
6,10.523783109476971,34.124317648101375,79.83999999999999,11.387855989696922,6,13.926289468230864,9.799819461700956,21.81775616468157,0.0282003758293436,1,11.387855989696922,0.1542833433836638,10.523783109476971,12.138442625584547,2,0,0,6.21227828125381,9.967957041894415,11.387855989696922,11.06896551724138,55.541013368808485,44.89676607703097,3.6108632638989873,6,0.0282003758293436,0.0,11.387855989696922,9.967957041894415,9.967957041894415,1.1490354531427582,2,78.27747502721293,9.880733181639968,15.145019362320747,191.79654000421056,-2.090570834864584,13.667079495713322,-2.256296318545601,9.880733181639968,121.32734136923226,9.883637108055485,11.387855989696922,0,1.141794711524641,50.63744484596016,9.799819461700956,6,100.43643500279214,14.395341786989182,8.485872517662326,0.0,2.2914558813216845,0.3103448275862069,24.26546827384644,0.5862068965517241,194.1237461907715,-8.319999999999999,0.896551724137931,2.5113064400384832,593.0160000000002,0.0,6,0.1772373831675369,0.1772373831675369,0.0,1,9.967957041894415,205.5116021804684,8.121001603460442,56.90700756546344,71.58887487137429,0.0,8.121001603460442,9.799819461700956,-0.3105059436970015,0.0,8,9,0.0,2759.041552655448,31.158490187067784,0,270,3,0.0,0.0,22.66222573506152,10.523783109476971,0.3105059436970015,4,34.19026885969865,1,10.709133435418948,5.8138666683857165,14.01977306922682,14.01977306922682,10,0,13.294159999999977,10.709133435418948,19.040117598229333,740.268845024,708.6139999999999,13.294159999999977,0.0,335.9809028341814,0.0,39.0028495065082,0.0,28.6953357811002,233.63599999999943,740.8700000000001,0.0,0.0,8,19.040117598229333,0.0,31.158490187067784,0,0.0,0.0,0,8,0.0,58,0,0.0,0,1,0,0,0,0.0,47200009545936.51,0,0,0,0,0,0,0,0,0,0.0,0,0.0,0.0,0.0,0.0,0,0,0,0,0,0,0,0,0,0,0,0,0,0,0,0,0,0,0,0,0,0,0,0,0,0,0,0,0,0,0,0,0,0,0,0,0,0,0,0,0,0,0,0,0,0,0,0,0,0,0,0,0,0,0,0,0,0,0,0,0,0,0,0,0,0,0,0,693
9,0.0,51.18647647215206,76.08,17.47321349399978,9,22.14331136597636,14.699729192551434,0.0,0.5597674557017993,1,51.97028449370321,0.1624929950902236,0.0,0.0,0,0,0,5.893342764809511,14.951935562841626,0.0,12.818181818181818,34.16356796909077,51.18647647215206,3.385476750578144,6,0.5597674557017993,18.880394171252195,34.124317648101375,14.951935562841626,14.951935562841626,0.4765051791413327,3,102.37390194694648,6.293464723750733,16.49099039623165,123.89433642486048,-2.152553222687615,11.3258575439307,-2.32448062965823,6.293464723750733,72.79640482153933,10.080379615598842,0.0,0,0.901133242065182,33.752513299141675,28.91031805395158,9,145.59280964307868,15.251736081508694,8.631958001369414,14.210588861400147,2.2837752133188274,0.2272727272727272,109.19460723230902,0.4242424242424242,218.3892144646179,-9.210000000000004,0.6363636363636364,2.52837085376079,663.5280000000001,0.0,9,0.1635966183207974,0.1635966183207974,6.474525579318472,4,29.16252442424177,218.3892144646179,8.990356869160363,68.6606389687942,73.67591133952227,0.0,8.990356869160363,28.91031805395158,-0.4529535242788035,0.0,6,10,0.0,2970.638079427596,35.19263613521786,0,312,6,0.0,0.0,0.0,0.0,0.4529535242788035,12,37.35372976858028,3,12.083216434896077,6.287211810357772,16.06561763432476,16.06561763432476,13,3,15.599099999999968,12.083216434896077,21.75705006791677,852.2848890119999,816.6659999999996,15.599099999999968,0.0,380.20683815545567,0.0,43.55489127038598,0.0,32.69693845669906,260.40599999999955,852.954,0.0,34.49707099970343,9,21.75705006791677,0.0,35.19263613521786,0,0.0,0.0,0,9,0.0,66,0,0.0,3,0,0,0,0,0.0,4420858875405541.0,0,0,0,0,0,0,0,0,0,0.0,0,0.0,0.0,0.0,0.0,0,0,0,0,0,0,0,0,0,0,0,0,0,0,0,0,0,0,0,0,0,0,0,0,0,0,0,0,0,0,0,0,0,0,0,0,0,0,0,0,0,0,0,0,0,0,0,0,0,0,0,0,0,0,0,0,0,0,0,0,0,0,0,0,0,0,0,0,568
3,9.589074368143644,22.74954509873425,40.620000000000005,22.200513472542347,4,30.962933636596155,9.799819461700956,1.5893965865667254,0.1723027429360508,0,0.0,0.2425936853499362,0.0,0.0,0,2,2,6.357560710611169,4.899909730850478,17.22934992809979,15.513513513513514,10.772448428929591,45.336352986366855,2.923540759907578,2,-0.3049448197488873,0.0,22.62561031574768,11.814359458703011,0.0,0.0893267333712946,0,22.448383038515484,13.929901423532376,16.177673152455075,73.34468774638621,-2.401731653003841,7.003332574194577,-2.4189428253287497,13.929901423532376,80.57751215245898,9.732925110302642,45.69035473431288,0,1.5026800740344224,22.052052450242133,4.899909730850478,4,58.97769667709006,7.6473091181018145,4.458621140887613,9.589074368143644,2.382662437391544,0.5405405405405406,42.46456947923127,1.135135135135135,109.19460723230902,-4.699999999999998,1.8108108108108107,2.519481976660472,379.2560000000001,12.13273413692322,4,0.2655632500977088,0.2655632500977088,-0.5989602402217393,2,0.0,131.44841319909702,5.980080117219607,0.0,35.782761698212376,4.510535744651906,5.980080117219607,9.799819461700956,-0.3098344224092631,16.026812714244468,2,5,0.0909090909090909,1704.2875702970844,20.60322861734091,0,178,2,19.26246486877803,9.589074368143644,0.0,0.0,0.3098344224092631,3,21.572160830055427,2,7.737813811306512,2.9586512575849846,10.172988982394388,10.172988982394388,7,2,7.7495000000000065,7.737813811306512,12.463990692101495,480.183778008,456.37500000000034,7.7495000000000065,5.41499046939678,214.94011007484312,0.0,25.31082583001261,0.0,17.964363626468568,148.34099999999975,480.5670000000002,0.0,0.0,5,12.463990692101495,0.0,20.60322861734091,0,0.0,0.0,0,5,0.0,37,0,0.0,0,0,0,0,0,0.0,469344765.82904094,1,0,0,0,0,0,0,0,0,11.814359458703011,2,0.0,0.0,0.0,0.0,0,0,0,0,0,0,0,0,0,0,0,0,0,0,0,0,0,0,0,0,0,0,0,0,0,0,0,0,0,0,0,0,2,0,0,0,0,0,0,0,0,0,0,0,0,0,0,0,0,0,0,0,0,0,0,0,0,0,0,0,0,0,0,0,0,0,0,0,591
6,9.589074368143644,34.124317648101375,59.080000000000005,22.253805966787983,6,31.661970524974183,9.799819461700956,0.0,0.1583576440291945,0,34.5645372258655,0.1672677171844357,0.0,0.0,0,2,2,6.131646195040089,0.0,11.566489892729878,12.4,0.0,45.69080754083125,3.1838054199744734,2,-0.1583576440291947,12.280952661467223,22.74954509873425,11.566489892729878,0.0,0.1032965170645381,0,57.12236498123699,13.70244360211657,16.488016811744927,9.799819461700956,-2.155249920316266,7.4477790685628,-2.323466778742539,13.70244360211657,66.73003775307771,9.967388369992705,31.842880334931625,0,0.9687264626977816,33.62857851615511,19.27354536930105,6,103.1282401638474,11.952346888735152,6.9888957832769805,19.06280027574374,2.267898554700387,0.34,145.59280964307868,0.66,169.8582779169251,-6.919999999999997,1.0,2.5098031321346723,513.5680000000001,24.26546827384644,6,0.192546302659063,0.192546302659063,2.7360053971911418,2,9.473725907600098,192.11208388371304,6.6243626985487385,22.99804733313562,53.539959014471314,0.0,6.6243626985487385,19.27354536930105,-0.4529535242788035,0.0,6,7,0.0,2176.958400712378,26.6932278901649,2,238,4,0.0,9.589074368143644,0.0,0.0,0.4529535242788035,8,29.2364999457298,2,9.026798916090891,4.982945695300873,12.078644246314015,12.078644246314015,9,2,11.299599999999986,9.026798916090891,16.33988834978772,648.204907376,620.4940000000003,11.299599999999986,0.0,288.5619922771239,0.0,33.60550828100968,0.0,24.61932617617863,195.7049999999996,648.7180000000002,0.0,22.99804733313562,7,16.33988834978772,0.0,26.6932278901649,0,0.0,0.0,0,7,0.0,50,0,0.0,2,0,0,0,0,0.0,602624984513.4557,0,0,0,0,0,0,0,0,0,0.0,0,0.0,0.0,0.0,0.0,0,0,0,0,0,0,0,0,0,0,0,0,0,0,0,0,0,0,0,0,0,0,0,0,0,0,0,0,0,0,0,0,0,0,0,0,0,0,0,0,0,0,0,0,0,0,0,0,0,0,0,0,0,0,0,0,0,0,0,0,0,0,0,0,0,0,0,0,586
6,8.417796984328938,68.24863529620275,47.10000000000001,0.0,12,9.403112691363122,19.599638923401912,0.0,0.2367208238203215,0,0.0,0.169741034052519,0.0,0.0,0,0,0,7.9113129638901185,8.417796984328938,9.79096695103555,13.090909090909092,0.0,78.08588843262024,3.2502967452614286,4,-3.81911179001908,28.323427730268108,55.29005714850404,8.417796984328938,0.0,0.5958732941668178,0,68.24863529620275,14.161713865134054,32.22791882335628,92.39604374494124,-2.2351804002956506,12.03903878364268,-2.3995002022879848,14.161713865134054,84.92913895846256,10.047474181971715,0.0,0,0.984539670354988,22.74954509873425,19.599638923401912,6,121.32734136923226,13.090026285297249,7.747430601284314,8.417796984328938,2.319074594201197,0.2363636363636363,109.19460723230902,0.4363636363636363,216.04744727873023,-7.089999999999996,0.6727272727272727,2.551865159213856,565.2720000000002,24.26546827384644,7,0.2060918256850351,0.2060918256850351,0.0,2,0.0,206.2564803276947,9.10096916158454,0.0,68.30353258474516,0.0,7.84002813621237,19.599638923401912,-0.3062895250839444,0.0,6,8,0.0,2509.3057563725497,29.643508405838705,0,264,4,9.79096695103555,0.0,0.0,0.0,0.3062895250839444,10,32.552164050980075,2,12.078912875945672,5.355946460857404,13.458835531892223,15.408518148860832,10,2,13.025399999999976,10.293376942283318,18.1983658886932,730.2402473280001,696.621,13.025399999999976,9.837253136417502,320.4841333174866,9.837253136417502,36.93393540575586,0.0,27.075649411800217,224.18379999999948,730.8930000000001,0.0,0.0,8,19.681529136287587,0.0,30.460004986766435,0,9.837253136417502,-3.81911179001908,0,8,0.0,55,0,0.0,0,0,1,0,0,0.0,8625898566409.358,0,0,0,0,0,0,0,0,0,0.0,0,0.0,0.0,0.0,0.0,0,0,0,0,0,0,0,0,0,0,0,0,0,0,0,0,0,0,0,0,0,0,0,0,0,0,0,0,0,0,0,0,0,0,0,0,0,0,0,0,0,0,0,0,0,0,0,0,0,0,0,0,0,0,0,0,0,0,0,0,0,0,0,0,0,0,0,0,577
4,13.212334168400758,17.062158824050687,54.45,0.0,3,15.467537247219855,4.899909730850478,0.0,0.0610189782672858,0,5.783244946364939,0.2638227987051494,0.0,0.0,0,1,1,7.914200706362022,8.417796984328938,26.70111488079448,13.5,11.126902983393991,32.68265690683313,2.9340733723075725,1,-3.739964921292032,26.24032812117644,9.79096695103555,14.201041930693876,0.0,0.1026443864108072,0,28.18906180744468,13.165359794120894,32.2279186516806,29.165378004696915,-2.1965924851599072,5.186397851792599,-2.2526869159240395,13.165359794120894,66.73003775307771,9.970914924213725,15.921440167465814,0,1.401300530260736,28.18906180744468,4.899909730850478,4,71.7905736680101,8.628162595819251,5.276057859788522,13.212334168400758,2.34107243143774,0.4722222222222222,60.6636706846161,0.9722222222222222,137.1846753887294,-4.479999999999999,1.6111111111111112,2.380089723343193,376.9360000000001,36.39820241076966,5,0.2075606879825891,0.2075606879825891,-0.2701615772882699,1,0.0,138.52061142108786,6.310959544511444,11.126902983393991,39.69919661172474,0.0,4.677729896673315,4.899909730850478,-0.310505943718567,6.06636706846161,4,5,0.0,1655.2713676866963,19.20456241033756,1,174,2,9.79096695103555,4.794537184071822,0.0,0.0,0.310505943718567,2,22.013734771806536,1,8.292580624828208,3.613158833970076,8.593041495862916,10.47956788250436,6,1,7.200600000000007,6.422528773804323,11.574644713273113,487.124214532,466.4120000000003,7.200600000000007,9.837253136417502,209.5656450566542,9.837253136417502,24.70009536600338,0.0,17.536843271540004,141.8872999999998,487.58000000000015,0.0,0.0,5,13.057807960867509,0.0,20.021058991265285,0,9.837253136417502,-3.739964921292032,0,5,0.0,36,0,0.0,0,0,1,0,0,0.0,265653350.38742545,0,0,0,0,0,0,0,0,0,0.0,0,0.0,0.0,0.0,0.0,0,0,0,0,0,0,0,0,0,0,0,0,0,0,0,0,0,0,0,0,0,0,0,0,0,0,0,0,0,0,0,0,0,0,0,0,0,0,0,0,0,0,0,0,0,0,0,0,0,0,0,0,0,0,0,0,0,0,0,0,0,0,0,0,0,0,0,0,580
3,13.212334168400758,0.0,56.14,0.0,0,13.399741435979712,0.0,2.2201037370935013,0.066396643505646,1,5.783244946364939,0.2697444141384731,0.0,0.0,0,1,1,7.914203167835375,8.417796984328938,26.70111488079448,14.055555555555555,38.620139122239664,37.42634794694455,3.2576318171761267,1,-3.7481862976789926,28.62956440717936,20.82436838626808,18.76814157848523,4.567099647791355,0.1026444635270646,1,38.620139122239664,13.258908551362694,32.227918654936666,40.965302058561015,-2.196494415223689,5.442175025146084,-2.1910182442791832,13.258908551362694,60.6636706846161,9.964681618638393,15.921440167465814,0,1.4368366792505618,27.586737687007144,4.567099647791355,4,65.72420659954848,7.507431711758586,4.349291315803704,13.212334168400758,2.3416107633984296,0.5277777777777778,36.39820241076966,1.1666666666666667,125.0519412518062,-4.479999999999999,2.0277777777777777,2.383089259712597,374.1840000000001,36.39820241076966,5,0.207560687982629,0.207560687982629,-0.26478391204991,2,0.0,126.38787728416465,6.914374796280416,16.814289258077554,36.23805227099692,0.0,5.281145148442289,0.0,-0.3092477477921201,6.06636706846161,2,6,0.0,1968.672839642703,19.049861871958303,1,172,5,9.79096695103555,4.794537184071822,0.0,0.0,0.3092477477921201,2,20.855932278903992,1,8.825265328184727,2.8667074337375924,8.959695618551034,10.84622200519248,7,1,6.827900000000007,6.955213477160842,11.657978046606445,485.108564468,466.4120000000003,6.827900000000007,9.837253136417502,207.53117815146683,9.837253136417502,24.44058234200953,0.0,17.536843271540004,141.54329999999982,485.5640000000002,0.0,0.0,5,13.14114129420084,0.0,19.86635845288604,0,9.837253136417502,-3.7481862976789926,0,5,0.0,36,0,0.0,0,0,1,0,0,0.0,374483541.3436627,0,0,0,0,0,0,0,0,0,0.0,0,0.0,0.0,0.0,0.0,0,0,0,0,0,0,0,0,0,0,0,0,0,0,0,0,0,0,0,0,0,0,0,0,0,0,0,0,0,0,0,0,0,0,0,0,0,0,0,0,0,0,0,0,0,0,0,0,0,0,0,0,0,0,0,0,0,0,0,0,0,0,0,0,0,0,0,0,630
3,9.589074368143644,17.062158824050687,37.38,22.253805966787983,3,28.272154406863656,4.899909730850478,0.0,0.0986463490721731,0,11.566489892729878,0.2769123054888484,0.0,0.0,0,2,2,6.281929636501947,0.0,11.566489892729878,12.114285714285714,11.126902983393991,28.628648716780564,2.931395717881024,1,-0.1037032439549363,0.0,0.0,11.566489892729878,0.0,0.0978931495965732,0,28.18906180744468,13.135359794120896,16.14422093044326,53.43084627854336,-2.2021069302418104,6.940362058134844,-2.2524882743927166,13.135359794120896,78.86277189000094,9.826030256029464,31.842880334931625,0,1.378274302335649,39.31596479083867,4.899909730850478,3,59.65783953108687,8.544770771723863,5.08273065479669,9.589074368143644,2.289824770338173,0.3714285714285714,48.53093654769288,0.8,127.39370843769387,-4.759999999999998,1.3714285714285714,2.359526304028333,362.8640000000001,30.33183534230805,3,0.1940353191278493,0.1940353191278493,-0.2023495930271095,0,0.0,149.64751440448185,4.683261907100634,11.126902983393991,41.32316646136194,0.0,4.683261907100634,4.899909730850478,-0.3105059437185671,0.0,4,5,0.0,1515.6150223319723,18.888065829409832,2,166,2,0.0,9.589074368143644,0.0,0.0,0.3105059437185671,2,20.81923291688194,1,6.412757852367581,3.63669638252492,8.517577582368938,8.517577582368938,6,0,7.598800000000006,6.412757852367581,11.53718723470785,451.157228912,430.35700000000026,7.598800000000006,0.0,203.466710889308,0.0,23.777445635193008,0.0,17.20350993820667,139.86799999999985,451.52500000000015,0.0,0.0,5,11.53718723470785,0.0,18.888065829409832,0,0.0,0.0,0,5,0.0,35,0,0.0,0,1,0,0,0,0.0,198047908.8399312,0,0,0,0,0,0,0,0,0,0.0,0,0.0,0.0,0.0,0.0,0,0,0,0,0,0,0,0,0,0,0,0,0,0,0,0,0,0,0,0,0,0,0,0,0,0,0,0,0,0,0,0,0,0,0,0,0,0,0,0,0,0,0,0,0,0,0,0,0,0,0,0,0,0,0,0,0,0,0,0,0,0,0,0,0,0,0,0,612
4,9.589074368143644,34.124317648101375,40.620000000000005,22.253805966787983,6,32.355062604066106,9.799819461700956,0.0,0.1382755189530355,0,11.566489892729878,0.1587369651177144,0.0,0.0,0,2,2,6.285760788842708,0.0,11.566489892729878,11.77777777777778,22.253805966787983,45.69080754083125,3.2462650845014163,2,-0.138275518953036,0.0,0.0,11.566489892729878,0.0,0.0978982395581,0,56.37812361488936,13.96672755841282,16.144268814030834,106.86169255708676,-2.205810185914643,11.701618349953064,-2.253964567171721,13.96672755841282,109.19460723230902,9.813382782949011,31.842880334931625,0,0.989608231365664,56.37812361488936,9.799819461700956,4,119.3156790621738,14.02116747971974,8.463793231461759,9.589074368143644,2.301517853919972,0.2407407407407407,97.0618730953858,0.5,206.2564803276947,-7.299999999999996,0.7962962962962963,2.385647956829924,559.3760000000001,12.13273413692322,4,0.1940360501125702,0.1940360501125702,-0.2765510379060716,0,0.0,228.51028629448265,7.318113555226258,22.253805966787983,68.88653675055356,0.0,7.318113555226258,9.799819461700956,-0.3105059437185671,0.0,8,8,0.0,2339.1885431612395,29.34083292437493,2,256,2,0.0,9.589074368143644,0.0,0.0,0.3105059437185671,4,32.59677449541959,1,9.99288329490277,6.05855366583651,13.285739310308578,13.285739310308578,9,0,12.735599999999978,9.99288329490277,18.011425640572575,694.2620283280002,660.562,12.735599999999978,0.0,314.39782717770333,0.0,36.43393540575587,0.0,26.61932617617863,219.98699999999943,694.8340000000003,0.0,0.0,8,18.011425640572575,0.0,29.34083292437493,0,0.0,0.0,0,8,0.0,54,0,0.0,0,1,0,0,0,0.0,4517682412588.214,0,0,0,0,0,0,0,0,0,0.0,0,0.0,0.0,0.0,0.0,0,0,0,0,0,0,0,0,0,0,0,0,0,0,0,0,0,0,0,0,0,0,0,0,0,0,0,0,0,0,0,0,0,0,0,0,0,0,0,0,0,0,0,0,0,0,0,0,0,0,0,0,0,0,0,0,0,0,0,0,0,0,0,0,0,0,0,0,624
4,9.589074368143644,34.124317648101375,40.620000000000005,22.253805966787983,6,33.3152385256582,9.799819461700956,0.0,0.1562500062195051,0,11.566489892729878,0.1222846932368445,0.0,0.0,0,2,2,6.286267176802077,0.0,11.566489892729878,11.64102564102564,66.76141790036395,45.69080754083125,3.5913064940199315,2,-0.1562500062195058,0.0,0.0,11.566489892729878,0.0,0.0978982395581508,0,78.63192958167734,14.398992684109867,16.144312000891073,252.45450220016528,-2.205815808893405,20.60972825757872,-2.261582192141347,14.398992684109867,206.2564803276947,9.813374843466212,31.842880334931625,0,0.7672935087138195,56.37812361488936,9.799819461700956,4,163.82329099574974,20.71188870607428,12.560964857125706,9.589074368143644,2.3041205922220254,0.1666666666666666,60.6636706846161,0.3461538461538461,303.31835342308034,-10.420000000000009,0.5641025641025641,2.4117044409504462,812.8240000000002,0.0,4,0.1940360501125702,0.1940360501125702,-0.3125000124390109,0,0.0,325.5721593898684,10.744069799892708,66.76141790036395,104.3875332292021,0.0,10.744069799892708,9.799819461700956,-0.3105044906320684,22.253805966787983,12,12,0.0,3647.9778601562302,42.57843723140889,2,368,2,0.0,9.589074368143644,0.0,0.0,0.3105044906320684,0,47.30400364542648,1,14.865817346075124,9.29039473083696,19.59514038706707,19.59514038706707,13,0,19.4036,14.865817346075124,26.296894460756214,998.38722884,948.8259999999992,19.4036,0.0,454.6262040019592,0.0,52.36644605825759,0.0,38.48463215693372,321.7310000000006,999.226,0.0,0.0,12,26.296894460756214,0.0,42.57843723140889,0,0.0,0.0,0,12,0.0,78,0,0.0,0,1,0,0,0,0.0,1.50665315545762e+18,0,0,0,0,0,0,0,0,0,0.0,0,0.0,0.0,0.0,0.0,0,0,0,0,0,0,0,0,0,0,0,0,0,0,0,0,0,0,0,0,0,0,0,0,0,0,0,0,0,0,0,0,0,0,0,0,0,0,0,0,0,0,0,0,0,0,0,0,0,0,0,0,0,0,0,0,0,0,0,0,0,0,0,0,0,0,0,0,637
2,9.589074368143644,0.0,44.0,22.253805966787983,0,28.59738599841997,0.0,5.002855798105344,0.0247786666555256,2,11.566489892729878,0.1765449580483574,0.0,0.0,0,2,2,6.28676450929146,0.0,33.226451770317,13.485714285714286,77.24027824447933,55.17818962105411,3.832249637279965,2,-0.1295360982352806,4.718181533829986,22.066802870465047,20.700689188312587,9.13419929558271,0.0978982383704635,2,33.62857851615511,14.298692999209988,16.14429885840339,213.5463870611024,-2.205680192940425,17.660227451526843,-2.1962102234195773,14.298692999209988,143.74851708090358,9.813459723788911,137.1815326980071,0,0.8960226313604602,55.17347537401429,9.13419929558271,4,163.22944690654887,15.604433472515,10.067439146425675,9.589074368143644,2.308163397954451,0.2714285714285714,36.39820241076966,0.5285714285714286,157.72554378000189,-7.299999999999996,0.7857142857142857,2.4108169016306165,752.1360000000002,0.0,4,0.1940360501125702,0.1940360501125702,-0.2590721964705611,2,0.0,202.23315571357784,10.584384030570376,33.62857851615511,56.0812250004088,27.199196414179628,10.584384030570376,0.0,-0.3092470595815207,65.86550569511222,4,10,0.2424242424242424,3411.8554069047545,42.72203077085789,2,348,8,104.7448082738746,9.589074368143644,0.0,0.0,0.3092470595815207,0,45.1615716450753,1,14.929583595582589,7.42455298816102,23.87125566469345,23.87125566469345,11,0,17.18019999999997,14.929583595582589,24.820826717331062,914.481129224,852.7379999999996,17.18019999999997,21.65996187758712,412.1679671976743,0.0,49.39588330978047,0.0,33.040013038268775,294.0990000000001,915.2339999999998,0.0,0.0,8,24.820826717331062,0.0,42.72203077085789,0,0.0,0.0,0,8,0.0,70,0,0.0,0,1,0,0,0,0.0,3239524124062999.5,0,0,0,0,0,0,0,0,0,0.0,0,0.0,0.0,0.0,0.0,0,0,0,0,0,0,0,0,0,0,0,0,0,0,0,0,0,0,0,0,0,0,0,0,0,0,0,0,0,0,0,0,0,0,0,0,0,0,0,0,0,0,0,0,0,0,0,0,0,0,0,0,0,0,0,0,0,0,0,0,0,0,0,0,0,0,0,0,574
4,9.589074368143644,34.124317648101375,40.620000000000005,22.253805966787983,6,32.938494763583435,9.799819461700956,0.0,0.1296443411876753,0,11.566489892729878,0.1785398231986962,0.0,0.0,0,2,2,6.286012433383068,0.0,22.39647083152344,15.266666666666667,22.253805966787983,45.69080754083125,3.285348389246963,2,-0.1301233794166558,0.0,22.74954509873425,11.566489892729878,0.0,0.0978982395407956,0,33.62857851615511,14.134127217158634,16.14428712279729,183.08757790354213,-2.299712329924284,17.181456903500774,-2.4157855199869163,14.134127217158634,136.8895560310715,9.733463477536144,81.79163510048211,0,0.8818651556181816,44.45855945494866,9.799819461700956,4,117.30401675511531,13.105316705602988,7.826235100857073,9.589074368143644,2.379268393673049,0.3166666666666666,36.39820241076966,0.6,181.9910120538483,-7.299999999999996,0.9166666666666666,2.530712747778888,620.4480000000001,0.0,4,0.1940360501125702,0.1940360501125702,-0.2602467588333113,2,0.0,226.49862398742425,10.01002568420252,22.253805966787983,62.81397131605665,9.159657109025794,10.01002568420252,9.799819461700956,-0.3098816773982928,45.00335106552223,4,8,0.1071428571428571,2773.2154773133643,34.03143184761641,2,288,6,38.52492973755606,9.589074368143644,0.0,0.0,0.3098816773982928,4,35.83080947983995,3,13.208501738943845,5.232871972318339,17.26213890829691,17.26213890829691,11,2,14.01419999999997,13.208501738943845,20.67809230723924,774.3246285840002,732.6279999999998,14.01419999999997,10.82998093879356,350.5758175570245,0.0,40.91490935776817,0.0,29.107360047891213,244.2429999999993,774.964,0.0,0.0,8,20.67809230723924,0.0,34.03143184761641,0,0.0,0.0,0,8,0.0,60,0,0.0,0,1,0,0,0,0.0,71791622574311.53,0,0,0,0,0,0,0,0,0,0.0,0,0.0,0.0,0.0,0.0,0,0,0,0,0,0,0,0,0,0,0,0,0,0,0,0,0,0,0,0,0,0,0,0,0,0,0,0,0,0,0,0,0,0,0,0,0,0,0,0,0,0,0,0,0,0,0,0,0,0,0,0,0,0,0,0,0,0,0,0,0,0,0,0,0,0,0,0,584
5,16.835593968657875,17.062158824050687,71.52000000000001,5.563451491696996,3,1.5235114428364236,4.899909730850478,0.0,0.1555508358261552,0,0.0,0.2189423245952749,0.0,0.0,0,0,0,7.969671175368536,16.835593968657875,24.99692437146788,17.2,11.126902983393991,36.73666509688569,2.9681941078762555,1,-3.993588311948928,53.34084702690986,30.956706451438222,16.835593968657875,0.0,0.5698476053965009,0,22.62561031574768,13.442533500552845,32.2332997413886,55.145586541001386,-2.299580757274307,6.93324627726552,-2.415688432998612,13.442533500552845,80.57751215245898,9.733594836926564,24.97437738277524,0,1.3322551062259258,11.102376744080342,4.899909730850478,5,70.78474251448087,8.399158328826395,5.210323967385715,16.835593968657875,2.3926057343751066,0.5,36.39820241076966,0.95,134.84290820284173,-4.199999999999998,1.525,2.5140487031157384,424.2400000000001,6.06636706846161,7,0.2087280521584668,0.2087280521584668,0.0,2,0.0,126.38787728416465,10.158580519499402,11.126902983393991,35.06968958992829,4.487781075027717,6.001001240863997,4.899909730850478,-0.3098816773982591,47.52510539416365,2,5,0.0909090909090909,2012.965868460274,21.86635845288604,0,198,4,38.844398770849125,0.0,0.0,0.0,0.3098816773982591,2,24.81355280327832,2,12.02665728336291,3.374968165398853,10.656705208351068,14.429757981633951,7,2,7.441700000000007,8.046366838402525,12.945435525171712,563.12250028,538.5000000000005,7.441700000000007,25.089496742231784,233.75357441366103,19.674506272835004,27.86323207281991,0.0,19.114193540729627,156.03459999999964,563.7000000000004,0.0,0.0,5,15.9117620203605,0.0,23.499351614741485,0,19.674506272835004,-7.938408745301142,0,5,0.0,40,0,0.0,0,0,2,0,0,0.0,1433589313.176391,0,0,0,0,0,0,0,0,0,0.0,0,0.0,0.0,0.0,0.0,0,0,0,0,0,0,0,0,0,0,0,0,0,0,0,0,0,0,0,0,0,0,0,0,0,0,0,0,0,0,0,0,0,0,0,0,0,0,0,0,0,0,0,0,0,0,0,0,0,0,0,0,0,0,0,0,0,0,0,0,0,0,0,0,0,0,0,0,578
6,10.523783109476971,34.124317648101375,79.84,11.033401435232523,6,13.967827772964572,9.799819461700956,23.543658973220964,0.0170933838571092,1,11.387855989696922,0.1432978353142327,10.523783109476971,12.138442625584547,2,0,0,6.239255290287162,9.967957041894415,11.387855989696922,10.966666666666669,54.832104259879685,66.70261594119307,3.326505545251828,6,0.0170933838571092,0.0,11.033401435232523,9.967957041894415,9.967957041894415,1.2073903523008231,2,77.92302047274853,9.929677306507642,15.144939195237528,203.9292741411338,-2.0895591001176714,11.83038634123724,-2.252421987341769,9.929677306507642,121.32734136923226,9.926875818251816,11.387855989696922,0,1.095973369373564,44.89676607703096,9.799819461700956,6,117.95539335418016,15.40064792011102,9.191027279950513,0.0,2.183955289933498,0.3,24.26546827384644,0.5833333333333334,206.2564803276947,-8.579999999999997,0.8833333333333333,2.407391680777444,617.2800000000002,0.0,6,0.1772373803742398,0.1772373803742398,0.0,1,9.967957041894415,217.6443363173916,8.081768499838322,34.39224859237253,75.65812691257723,0.0,8.081768499838322,9.799819461700956,-0.3105059437185672,0.0,8,10,0.0,2946.7066926578577,32.31319072544704,0,280,6,0.0,0.0,22.66222573506152,10.523783109476971,0.3105059437185672,4,35.80769066715054,0,10.922416858482157,6.508942554600788,14.469131806344588,14.469131806344588,10,0,13.953159999999972,10.922416858482157,19.694818136608585,766.2844950880001,732.6359999999997,13.953159999999972,0.0,347.29296884511706,0.0,40.41706306888129,0.0,29.661662276288983,244.21799999999945,766.908,0.0,0.0,9,19.694818136608585,0.0,32.31319072544704,0,0.0,0.0,0,9,0.0,60,0,0.0,0,0,0,0,0,0.0,110703966044675.16,0,0,0,0,0,0,0,0,0,0.0,0,0.0,0.0,0.0,0.0,0,0,0,0,0,0,0,0,0,0,0,0,0,0,0,0,0,0,0,0,0,0,0,0,0,0,0,0,0,0,0,0,0,0,0,0,0,0,0,0,0,0,0,0,0,0,0,0,0,0,0,0,0,0,0,0,0,0,0,0,0,0,0,0,0,0,0,0,648
4,10.523783109476971,0.0,83.22,11.033401435232523,0,9.483132957749383,0.0,28.51962830976075,0.0234577073642898,3,11.387855989696922,0.1671636009733632,10.523783109476971,12.138442625584547,2,0,0,6.24060289591004,9.967957041894415,11.387855989696922,11.633333333333333,109.81857653757102,76.18999802141593,3.839218267198216,6,0.0234577073642898,4.651650457140308,33.10020430569757,19.10215633747713,19.10215633747713,1.1801816252804007,4,55.17347537401429,9.93458827824928,14.987747010557296,203.2636539750156,-1.9774434911047416,12.388704481115498,-2.1394060299547344,9.93458827824928,121.32734136923226,9.927503865480352,11.387855989696922,0,1.01004132146858,43.6921178361559,9.13419929558271,6,93.68992508033372,12.975140611770543,7.255227732493533,0.0,2.182176908609298,0.3166666666666666,0.0,0.6333333333333333,181.9910120538483,-8.579999999999997,0.9666666666666668,2.396255663923909,609.2880000000001,0.0,6,0.1772373803742398,0.1772373803742398,0.0,3,9.967957041894415,193.3788680435452,9.280495398097717,45.76702114173965,68.62355046090074,0.0,9.280495398097717,0.0,-0.3092477582645274,43.61169972832423,4,12,0.0,3479.4290086668134,32.00378964868853,0,276,12,0.0,0.0,22.66222573506152,10.523783109476971,0.3092477582645274,4,33.54982246240263,0,12.025001430810644,4.92252980576298,15.195531404332929,15.195531404332929,12,0,13.207759999999974,12.025001430810644,19.861484803275253,762.2531949600001,732.6359999999997,13.207759999999974,0.0,343.2240350347424,0.0,39.89803702089361,0.0,29.66166227628897,243.52999999999955,762.876,0.0,0.0,9,19.861484803275253,0.0,32.00378964868853,0,0.0,0.0,0,9,0.0,60,0,0.0,0,0,0,0,0,0.0,205627701882674.47,0,0,0,0,0,0,0,0,0,0.0,0,0.0,0.0,0.0,0.0,0,0,0,0,0,0,0,0,0,0,0,0,0,0,0,0,0,0,0,0,0,0,0,0,0,0,0,0,0,0,0,0,0,0,0,0,0,0,0,0,0,0,0,0,0,0,0,0,0,0,0,0,0,0,0,0,0,0,0,0,0,0,0,0,0,0,0,0,644
6,10.523783109476971,34.124317648101375,79.84,11.033401435232523,6,13.886228570144516,9.799819461700956,23.327909875127933,0.014698768594803,1,11.387855989696922,0.173398368751502,10.523783109476971,12.138442625584547,2,0,0,6.240645255664449,9.967957041894415,11.387855989696922,10.875,32.578298293091706,66.70261594119307,3.160458202294686,6,0.014698768594803,0.0,11.033401435232523,9.967957041894415,9.967957041894415,1.2068204114239374,2,55.66921450596056,9.861530470863704,15.146060257812554,94.73466690882486,-2.100249040263856,7.240702909612128,-2.267662423195896,9.861530470863704,84.92913895846256,9.968733595747834,11.387855989696922,0,1.4565135319643523,44.89676607703096,9.799819461700956,6,83.56885325046893,12.05742222736696,7.1474360502050125,0.0,2.20065119138264,0.3541666666666667,84.92913895846256,0.6666666666666666,157.72554378000189,-7.019999999999997,0.9583333333333334,2.4251126886784213,489.9760000000001,0.0,6,0.177237380427759,0.177237380427759,0.0,1,9.967957041894415,169.1133997696988,6.370883686999836,12.138442625584547,57.87849197844877,0.0,6.370883686999836,9.799819461700956,-0.3104836338926634,0.0,6,8,0.0,2263.2844654779083,25.694388571930023,0,224,6,0.0,0.0,22.66222573506152,10.523783109476971,0.3104836338926634,4,28.45358849847295,0,8.488307178638843,4.9129977864727925,11.314431267965348,11.314431267965348,8,0,10.619159999999988,8.488307178638843,15.552083726516758,614.2218948320001,588.5040000000001,10.619159999999988,0.0,277.1787804329891,0.0,32.45080774263043,0.0,23.729009285911413,193.3459999999996,614.7120000000001,0.0,0.0,7,15.552083726516758,0.0,25.694388571930023,0,0.0,0.0,0,7,0.0,48,0,0.0,0,0,0,0,0,0.0,193253978864.6534,0,0,0,0,0,0,0,0,0,0.0,0,0.0,0.0,0.0,0.0,0,0,0,0,0,0,0,0,0,0,0,0,0,0,0,0,0,0,0,0,0,0,0,0,0,0,0,0,0,0,0,0,0,0,0,0,0,0,0,0,0,0,0,0,0,0,0,0,0,0,0,0,0,0,0,0,0,0,0,0,0,0,0,0,0,0,0,0,616
6,10.523783109476971,34.124317648101375,79.84,22.16030441862652,6,15.136309586159042,9.799819461700956,19.72200344719748,0.1968737664819013,1,0.0,0.1727447319837,10.523783109476971,12.138442625584547,2,0,0,5.8393188059354175,9.967957041894415,11.835812092322788,14.62962962962963,11.033401435232523,45.157719083333895,3.236253839029696,6,-0.1968737664819022,0.0,45.383972500646216,9.967957041894415,9.967957041894415,0.7089064207490343,2,45.51217363779829,9.86100172359874,15.14686330729867,155.39833759344097,-2.300315432407969,14.748465353538478,-2.416077091136492,9.86100172359874,84.92913895846256,9.63612471708077,56.60437703220168,0,1.1960038287659152,34.124317648101375,9.799819461700956,6,107.18294492525057,12.596972867536564,7.282001631045704,0.0,2.4421225721403923,0.3703703703703703,24.26546827384644,0.7037037037037037,169.8582779169251,-7.5399999999999965,1.0185185185185186,2.5666060071904315,548.9840000000002,12.13273413692322,6,0.1005931901960404,0.1005931901960404,-0.3937475329638036,1,9.967957041894415,214.626842856804,8.295057161014299,12.138442625584547,63.12030247940214,0.0,8.295057161014299,9.799819461700956,-0.3104954987602935,22.253805966787983,6,8,0.0416666666666666,2533.142173402208,29.003789648688528,0,252,1,11.835812092322788,0.0,22.66222573506152,10.523783109476971,0.3104954987602935,4,31.216078038069696,3,10.6054575579292,4.933943295588536,13.609683195384871,13.609683195384871,11,0,11.299959999999984,10.6054575579292,17.93883507246488,690.2531949600001,660.5699999999999,11.299959999999984,0.0,312.64786170338147,0.0,36.174422381762014,0.0,26.6953357811002,213.10799999999952,690.8100000000001,0.0,0.0,7,17.93883507246488,0.0,29.003789648688528,0,0.0,0.0,0,7,0.0,54,0,0.0,0,3,0,2,2,0.0,5669128944125.516,0,0,0,0,0,0,0,0,0,0.0,0,0.0,0.0,0.0,0.0,0,0,0,0,0,0,0,0,0,0,0,0,0,0,0,0,0,0,0,0,0,0,0,0,0,0,0,0,0,0,0,0,0,0,0,0,0,0,0,0,0,0,0,0,0,0,0,0,0,0,0,0,0,0,0,0,0,0,0,0,0,0,0,0,0,0,0,0,601
6,16.835593968657875,17.062158824050687,80.75,5.563451491696996,3,1.3388119265222722,4.899909730850478,0.0,0.1845587315943349,0,11.49902366656781,0.2384487948713838,0.0,0.0,0,0,0,7.969667124360051,16.835593968657875,19.5819339020711,15.842105263157896,11.126902983393991,36.73666509688569,2.9491720331811635,1,-3.996392799128415,59.18907779609295,30.956706451438222,16.835593968657875,0.0,0.4767248269914201,0,34.124633982315494,13.378199482922122,32.233299470116286,4.899909730850478,-2.191693330570728,4.0819435405606015,-2.323822186944976,13.378199482922122,54.59730361615449,10.042332839704487,0.0,0,1.3217646481861034,5.687386274683562,9.636772684650529,6,71.7905736680101,8.047806653217833,4.822564479839583,21.572456922457924,2.3869114558568447,0.4736842105263157,72.79640482153933,0.9473684210526316,134.84290820284173,-4.399999999999999,1.5526315789473684,2.4997173304630027,395.9120000000001,6.06636706846161,8,0.2087280521584668,0.2087280521584668,1.4938166640948582,2,4.736862953800049,115.26097430077064,9.19408237223294,22.6259266499618,33.506489159575366,0.0,5.036503093597536,9.636772684650529,-0.4529535242788038,36.39820241076966,2,5,0.0,1936.613488251841,19.774606743349896,0,186,4,19.5819339020711,0.0,0.0,0.0,0.4529535242788038,4,22.77110498928681,2,10.82229600345378,3.2375326062218805,9.034918551999668,12.807971325282551,7,2,6.9081000000000055,6.842005558493394,11.853683815635575,537.070464708,518.4660000000005,6.9081000000000055,19.674506272835004,219.7722932999781,19.674506272835004,26.07033885400645,0.0,18.353339852467727,143.98059999999975,537.6180000000003,0.0,11.49902366656781,5,14.820010310824362,0.0,21.40759990520535,0,19.674506272835004,-7.943472420179377,0,5,0.0,38,0,0.0,1,0,2,0,0,0.0,705479699.7389591,0,0,0,0,0,0,0,0,0,0.0,0,0.0,0.0,0.0,0.0,0,0,0,0,0,0,0,0,0,0,0,0,0,0,0,0,0,0,0,0,0,0,0,0,0,0,0,0,0,0,0,0,0,0,0,0,0,0,0,0,0,0,0,0,0,0,0,0,0,0,0,0,0,0,0,0,0,0,0,0,0,0,0,0,0,0,0,0,608
6,10.523783109476971,34.124317648101375,79.83999999999999,11.387855989696922,6,14.13471591576223,9.799819461700956,19.973613808173138,0.002045126426301,1,11.387855989696922,0.1822035190980194,10.523783109476971,12.138442625584547,2,0,0,5.889765475390123,9.967957041894415,22.21783692849048,14.48148148148148,22.51475897309092,34.124317648101375,3.210842965428076,6,-0.155546000517067,0.0,34.13740108843117,9.967957041894415,9.967957041894415,0.6315047792245427,2,45.25122063149536,9.986806904086569,15.164355273225931,170.96055225528022,-2.2998865840717166,13.98876781929648,-2.416076815447672,9.986806904086569,124.75682189414827,9.733458474563545,61.33661075524739,0,1.134393256871787,33.33165647155467,9.799819461700956,6,70.78474251448087,12.296147452328595,7.481984048354096,0.0,2.3754219823692906,0.4074074074074074,24.26546827384644,0.6851851851851852,145.59280964307868,-7.019999999999997,0.9629629629629628,2.530357973963173,560.4320000000001,0.0,6,0.1772370246797283,0.1772370246797283,0.0,3,9.967957041894415,179.23447159956353,8.425189413178899,34.65320159867546,54.956271482276414,9.113297641158413,8.425189413178899,9.799819461700956,-0.3098816623627139,22.253805966787983,4,7,0.125,2407.83165759594,30.539688033550767,0,258,4,38.52492973755606,0.0,22.66222573506152,10.523783109476971,0.3098816623627139,4,32.858026481669114,2,11.178693422304914,4.919910970116834,14.92480546216925,14.92480546216925,9,2,11.772159999999984,11.178693422304914,18.13541705985008,696.3001451519998,660.5699999999999,11.772159999999984,10.82998093879356,315.4259656292328,0.0,37.19129471863658,0.0,26.217043157624,215.95599999999945,696.858,0.0,0.0,6,18.13541705985008,0.0,30.539688033550767,0,0.0,0.0,0,6,0.0,54,0,0.0,0,0,0,0,0,0.0,2533298177898.6606,0,0,0,0,0,0,0,0,0,0.0,0,0.0,0.0,0.0,0.0,0,0,0,0,0,0,0,0,0,0,0,0,0,0,0,0,0,0,0,0,0,0,0,0,0,0,0,0,0,0,0,0,0,0,0,0,0,0,0,0,0,0,0,0,0,0,0,0,0,0,0,0,0,0,0,0,0,0,0,0,0,0,0,0,0,0,0,0,580
8,10.523783109476971,34.124317648101375,98.3,11.387855989696922,6,13.690440204100154,9.799819461700956,19.771283641392422,0.0236005120908409,1,34.38590332283254,0.1866106442702933,10.523783109476971,12.138442625584547,2,0,0,5.89086017023056,9.967957041894415,11.387855989696922,12.2,22.51475897309092,34.124317648101375,3.183379817990584,6,-0.0236005120908413,12.37993355473934,34.13740108843117,9.967957041894415,9.967957041894415,0.4765046408017666,2,68.24926796463099,9.885641820696211,16.48797504563888,31.90621912917992,-2.152045143048896,8.032909047103375,-2.324896384406002,9.885641820696211,72.79640482153933,10.01354455016675,11.387855989696922,0,1.1251181048750003,22.50167553276112,19.27354536930105,8,72.79640482153933,11.6755633973959,6.719312182757233,9.473725907600098,2.27135704951961,0.4,145.59280964307868,0.7,145.59280964307868,-7.419999999999997,1.0,2.5146525812908616,505.8480000000001,0.0,8,0.1772370246797283,0.1772370246797283,3.0618004363968394,3,9.473725907600098,156.98066563277558,6.496193118645966,57.65124893181108,51.730299782934544,0.0,6.496193118645966,19.27354536930105,-0.4529535242788036,0.0,4,7,0.0,2265.6577026490218,26.356184614478497,0,234,4,0.0,0.0,22.66222573506152,10.523783109476971,0.4529535242788036,8,28.77510897784984,2,8.769970862486648,4.677518571328381,11.68123214946645,11.68123214946645,9,2,10.704959999999987,8.769970862486648,15.951913640777814,644.1960740079999,620.5020000000001,10.704959999999987,0.0,287.46340340186686,0.0,33.60550828100968,0.0,24.6953357811002,191.8479999999996,644.6940000000001,0.0,22.99804733313562,6,15.951913640777814,0.0,26.356184614478497,0,0.0,0.0,0,6,0.0,50,0,0.0,2,0,0,0,0,0.0,616089795046.1049,0,0,0,0,0,0,0,0,0,0.0,0,0.0,0.0,0.0,0.0,0,0,0,0,0,0,0,0,0,0,0,0,0,0,0,0,0,0,0,0,0,0,0,0,0,0,0,0,0,0,0,0,0,0,0,0,0,0,0,0,0,0,0,0,0,0,0,0,0,0,0,0,0,0,0,0,0,0,0,0,0,0,0,0,0,0,0,0,606
6,10.523783109476971,34.124317648101375,72.52000000000001,34.12495031652961,6,4.178936130007559,9.799819461700956,20.00347689080734,0.2940127918451329,0,22.99804733313562,0.2416124699759728,10.523783109476971,12.138442625584547,2,0,0,5.977123678962969,0.0,0.0,12.473684210526317,0.0,34.124317648101375,2.9772295253410674,4,0.2940127918451329,12.471729371551705,45.25122063149536,0.0,0.0,0.475634291167743,0,34.124317648101375,10.00173844540367,16.48806547608911,21.9382620872855,-2.214997372712105,5.369526486520535,-2.3813051438162924,10.00173844540367,48.53093654769288,10.013212220448075,11.126902983393991,0,1.576470616462333,0.0,19.27354536930105,6,60.6636706846161,8.443828421145357,4.789376289678967,9.473725907600098,2.3273890754494886,0.4210526315789473,97.0618730953858,0.7105263157894737,109.19460723230902,-5.719999999999997,1.0,2.566778688635793,387.31200000000007,12.13273413692322,6,0.1510450837605114,0.1510450837605114,2.7881301965230545,2,9.473725907600098,120.32151021570304,5.048358655880069,35.13648995872017,39.18820092458982,0.0,5.048358655880069,19.27354536930105,-0.4529535036146077,0.0,2,5,0.0,1607.773403957572,19.997655808340827,0,178,4,0.0,0.0,22.66222573506152,10.523783109476971,0.4529535036146077,8,21.553765653508385,2,6.701890200788448,3.185040175310446,8.855956337909003,8.855956337909003,7,2,8.580960000000001,6.701890200788448,12.069452578065311,490.142975816,472.3780000000003,8.580960000000001,0.0,218.9099190278457,0.0,25.639252954758803,0.0,18.76268279072263,145.38599999999974,490.5220000000002,0.0,22.99804733313562,5,12.069452578065311,0.0,19.997655808340827,0,0.0,0.0,0,5,0.0,38,0,0.0,2,0,0,0,0,0.0,1063399696.5104616,0,0,0,0,0,0,0,0,0,0.0,0,0.0,0.0,0.0,0.0,0,0,0,0,0,0,0,0,0,0,0,0,0,0,0,0,0,0,0,0,0,0,0,0,0,0,0,0,0,0,0,0,0,0,0,0,0,0,0,0,0,0,0,0,0,0,0,0,0,0,0,0,0,0,0,0,0,0,0,0,0,0,0,0,0,0,0,0,608
6,10.523783109476971,34.124317648101375,54.06,11.126902983393991,6,8.992398064163938,9.799819461700956,20.07796248751516,0.3540680639539766,0,0.0,0.2254538316238986,10.523783109476971,12.138442625584547,2,0,0,7.996336293799951,0.0,0.0,12.894736842105264,0.0,57.6480875468836,2.9772295253410674,4,0.3540680639539766,0.0,45.25122063149536,0.0,0.0,1.1232662969328862,0,53.70625155017248,10.03898124375758,32.16780613101189,70.46919863497838,-2.209898363544929,6.5604703640715565,-2.384468655197285,10.03898124375758,72.05470644647512,10.023802477514872,11.126902983393991,0,1.576470616462333,19.5819339020711,9.799819461700956,4,60.6636706846161,9.042787730995068,5.370408695382538,0.0,2.3182032529224648,0.4210526315789473,60.6636706846161,0.7105263157894737,128.77654113438012,-4.619999999999997,1.0,2.5714883388063847,404.4880000000001,23.52376989878223,6,0.1005921080479499,0.1005921080479499,0.0,2,0.0,120.32151021570304,7.164231304759364,12.138442625584547,41.5535313443304,0.0,5.048358655880069,9.799819461700956,-0.3060616119557807,0.0,2,5,0.0,1607.773403957572,19.997655808340827,0,178,4,19.5819339020711,0.0,22.66222573506152,10.523783109476971,0.3060616119557807,4,22.56776742917972,2,8.962426958456303,3.468375987826265,8.855956337909003,11.023510250882651,7,2,9.298759999999996,6.701890200788448,12.069452578065311,522.097288576,504.5140000000004,9.298759999999996,0.0,228.92904861956248,0.0,25.639252954758803,3.482304406585611,18.76268279072263,153.48399999999972,522.6580000000002,0.0,0.0,5,13.702445739920766,23.52376989878223,21.63064897019628,0,0.0,0.0,0,5,0.0,38,0,0.0,0,0,0,0,0,0.0,1063399696.5104616,0,0,0,0,0,0,0,0,0,0.0,0,0.0,0.0,0.0,0.0,0,0,0,0,0,0,0,0,0,0,0,0,0,0,0,0,0,0,0,0,0,0,0,0,0,0,0,0,0,0,0,0,0,0,0,0,0,0,0,0,0,0,0,0,0,0,0,0,0,0,0,0,0,0,0,0,0,0,0,0,0,0,0,0,0,0,0,0,628
4,10.523783109476971,34.124317648101375,54.06,11.126902983393991,6,4.552022864701436,9.799819461700956,20.39626385132157,0.219393859791136,0,0.0,0.2227906172805442,10.523783109476971,12.138442625584547,2,0,0,5.97411132846194,0.0,10.82998093879356,15.38095238095238,0.0,34.124317648101375,3.01481162168883,4,-0.2193938597911366,0.0,45.25122063149536,0.0,0.0,0.630033380013218,0,34.124317648101375,10.198131925660784,15.227783182166014,146.69508398143378,-2.328113067149044,11.063660708863184,-2.4526033961116567,10.198131925660784,100.49135362030184,9.727721584109029,61.07565774894447,0,1.6064384733054384,10.82998093879356,9.799819461700956,4,58.65200837755764,9.097508087442405,5.552689090014147,0.0,2.404849213430289,0.4285714285714285,12.13273413692322,0.6904761904761905,109.19460723230902,-5.319999999999998,0.9523809523809524,2.5739629225467944,443.2160000000001,0.0,4,0.1005921080106834,0.1005921080106834,0.0,2,0.0,142.57531618249098,6.977354950412993,12.138442625584547,42.42608834926431,9.061964225849508,6.977354950412993,9.799819461700956,-0.3077257794689634,22.253805966787983,2,5,0.1578947368421052,1742.790076728651,24.1811592274131,0,202,4,38.52492973755606,0.0,22.66222573506152,10.523783109476971,0.3077257794689634,4,25.634815549381685,2,9.11061276060671,3.45666458734278,12.099529650611796,12.099529650611796,7,2,9.648159999999995,9.11061276060671,14.252955997137589,542.2470469600001,512.4460000000004,9.648159999999995,10.82998093879356,246.87248125521168,0.0,29.2250393923857,0.0,20.28439016724643,169.4939999999996,542.6860000000003,0.0,0.0,5,14.252955997137589,0.0,24.1811592274131,0,0.0,0.0,0,5,0.0,42,0,0.0,0,0,0,0,0,0.0,4394678841.689321,0,0,0,0,0,0,0,0,0,0.0,0,0.0,0.0,0.0,0.0,0,0,0,0,0,0,0,0,0,0,0,0,0,0,0,0,0,0,0,0,0,0,0,0,0,0,0,0,0,0,0,0,0,0,0,0,0,0,0,0,0,0,0,0,0,0,0,0,0,0,0,0,0,0,0,0,0,0,0,0,0,0,0,0,0,0,0,0,594
6,0.0,34.124317648101375,50.72,0.0,6,14.965764100042374,9.799819461700956,4.310942134888398,0.8326096166963093,1,22.99804733313562,0.138130359855883,0.0,0.0,0,0,0,6.118115779656457,9.967957041894415,0.0,13.04,43.61169972832423,77.7360173764256,3.173547910302436,4,0.8326096166963093,12.51023459015572,44.81634796919929,9.967957041894415,9.967957041894415,0.4765138454364899,2,100.7340647095612,6.255117295077861,16.487973809666403,94.72895842016354,-2.151165192232739,9.650609957405898,-2.325232358338008,6.255117295077861,72.79640482153933,10.03438458570113,0.0,0,1.0557376188387386,22.14722097829672,19.27354536930105,6,95.70158738739214,10.288300136604017,5.571074285805952,9.473725907600098,2.268324552745,0.36,72.79640482153933,0.74,157.72554378000189,-6.919999999999997,1.14,2.517389795122354,496.84000000000015,0.0,6,0.1510438422609013,0.1510438422609013,3.330438466785237,3,19.44168294949452,157.72554378000189,7.479372505833606,22.99804733313562,54.23201075072237,0.0,7.479372505833606,19.27354536930105,-0.4529535242572743,0.0,2,9,0.0,2584.5017798405893,26.61645796185784,0,234,10,0.0,0.0,0.0,0.0,0.4529535242572743,8,27.07480444697089,2,9.752675476916291,3.960663509939812,12.646917982092898,12.646917982092898,11,2,12.240399999999983,9.752675476916291,16.65940058365711,642.205576072,616.5100000000001,12.240399999999983,0.0,286.5608295249489,0.0,32.76020881938893,0.0,24.764285466321496,201.5699999999996,642.7180000000001,0.0,22.99804733313562,8,16.65940058365711,0.0,26.61645796185784,0,0.0,0.0,0,8,0.0,50,0,0.0,2,0,0,0,0,0.0,1054392617503.2416,0,0,0,0,0,0,0,0,0,0.0,0,0.0,0.0,0.0,0.0,0,0,0,0,0,0,0,0,0,0,0,0,0,0,0,0,0,0,0,0,0,0,0,0,0,0,0,0,0,0,0,0,0,0,0,0,0,0,0,0,0,0,0,0,0,0,0,0,0,0,0,0,0,0,0,0,0,0,0,0,0,0,0,0,0,0,0,0,610
8,0.0,34.124317648101375,69.18,0.0,6,14.91077289530204,38.23900962681109,4.188320243007015,0.80070909890452,1,0.0,0.1015928766683498,0.0,22.99804733313562,0,0,0,6.115891977058002,9.967957041894415,0.0,11.214285714285714,43.61169972832423,77.7360173764256,3.263305747164925,4,0.80070909890452,21.823459156364216,50.50599303557517,38.40714720700455,9.967957041894415,0.4143824227827701,2,100.7340647095612,5.455864789091054,16.472213664528535,118.99442669401,-2.096151687952889,9.454585803906427,-2.2604279473425577,5.455864789091054,24.26546827384644,10.039126820408434,0.0,0,1.14759583620103,44.89676607703097,28.747271276901152,8,144.23252393508506,14.48892761635178,8.912747348243293,18.9474518152002,2.174835514415411,0.3214285714285714,48.53093654769288,0.625,157.72554378000189,-7.319999999999998,0.9285714285714286,2.405928626269893,576.0320000000002,28.439190165110134,8,0.1185109345834528,0.1185109345834528,3.20283639561808,1,28.91540885709461,157.72554378000189,7.333364035601416,22.99804733313562,53.70754399277243,0.0,7.333364035601416,28.747271276901152,-0.4967658832525265,0.0,10,9,0.0833333333333333,2554.92391857588,31.432954542785563,0,274,6,0.0,0.0,0.0,0.0,0.4967658832525265,0,34.44794982192741,0,10.210697466005149,6.265986439047194,13.363996242558636,13.363996242558636,9,0,12.063399999999978,10.210697466005149,18.268461488937724,734.289305696,696.5519999999999,12.063399999999978,0.0,324.2593507486077,0.0,38.17442238176201,0.0,27.525365581445257,227.62999999999948,734.8560000000001,0.0,22.99804733313562,8,18.268461488937724,0.0,31.432954542785563,0,0.0,6.712481513029796,0,8,0.0,56,0,0.0,4,0,0,0,0,0.0,9616662334895.217,0,0,0,4,0,0,0,0,0,0.0,0,0.0,0.0,0.0,0.0,0,0,0,0,0,0,0,0,0,0,0,0,0,0,0,0,0,0,0,0,0,0,0,0,0,0,0,0,0,0,0,0,0,0,0,0,0,0,0,0,0,0,0,0,0,0,0,0,0,0,0,0,0,0,0,0,0,0,0,0,0,0,0,0,0,0,0,0,600
4,0.0,21.452573871725505,38.25,33.91373937133236,3,11.841878700554297,4.899909730850478,0.0,0.3856229528848578,1,11.49902366656781,0.2530183242487534,0.0,5.817220841045895,0,0,0,5.922198554127468,14.358372089569237,5.817220841045895,12.08108108108108,33.54816040832343,28.09556025928321,2.958419790893614,3,-0.3890936004031242,22.005611742241225,39.48341624898013,9.967957041894415,9.967957041894415,0.4761222621266792,2,28.19560352760957,15.89951449794794,19.142219094081728,0.0,-2.166491667958232,6.350725672385577,-2.3252208779854766,15.89951449794794,84.92913895846256,10.03145824444834,0.0,0,1.4789375696025688,17.193270051855603,9.636772684650529,4,30.33183534230805,8.570817591698303,4.926793740419745,9.127278001474869,2.276857369533824,0.5135135135135135,114.0945169631595,0.972972972972973,121.32734136923226,-5.029999999999999,1.5135135135135136,2.505699343129933,378.5360000000001,6.06636706846161,5,0.1510454396236753,0.1510454396236753,0.9371679568874044,2,14.704819995694464,127.14456221027817,4.796313496903497,34.01378263965872,38.3646159279315,0.0,4.796313496903497,9.636772684650529,-0.4529534979748857,6.06636706846161,3,6,0.0,1725.3229631368322,19.674858933765485,0,176,3,0.0,0.0,5.817220841045895,0.0,0.4529534979748857,4,21.26884237649604,1,6.500407760867651,3.600036957986502,8.818126856360582,8.818126856360582,7,1,8.678400000000002,6.500407760867651,12.043246393022752,481.15904048,461.3700000000004,8.678400000000002,0.0,212.81382358648847,0.0,24.769009466755723,0.0,18.25915283087249,145.12499999999974,481.53000000000014,4.39041504767482,11.49902366656781,5,12.043246393022752,0.0,19.674858933765485,1,0.0,0.0,0,5,0.0,37,0,0.0,1,0,0,0,0,0.0,684414561.4931583,0,0,0,0,0,0,0,0,0,0.0,0,0.0,0.0,0.0,0.0,0,0,0,0,0,0,0,0,0,0,0,0,0,0,0,0,0,0,0,0,0,0,0,0,0,0,0,0,0,0,0,0,0,0,0,0,0,0,0,0,0,0,0,0,0,0,0,0,0,0,0,0,0,0,0,0,0,0,0,0,0,0,0,0,0,0,0,0,580
3,9.589074368143644,22.74954509873425,40.620000000000005,22.200513472542347,4,30.907815851776885,9.799819461700956,1.5932416330729824,0.1685066844560654,0,0.0,0.2425936853499362,0.0,0.0,0,2,2,6.362399130971137,4.899909730850478,17.22934992809979,15.513513513513514,10.772448428929591,45.336352986366855,2.92872325000691,2,-0.2990483539094655,0.0,22.74954509873425,11.814359458703011,0.0,0.0893295371166397,0,22.448383038515484,13.675074256618265,16.177665568302114,67.2783206779246,-2.401211652182264,7.1039466207176805,-2.4214067430289226,13.675074256618265,80.57751215245898,9.732239094702669,45.69035473431288,0,1.4954015246653831,27.314341881720363,4.899909730850478,4,53.59147246262526,7.6473091181018145,4.458621140887613,9.589074368143644,2.3858432740704343,0.5135135135135135,48.53093654769288,1.0810810810810811,109.19460723230902,-4.699999999999998,1.7297297297297298,2.528190666192088,381.5760000000001,12.13273413692322,4,0.2654874734471828,0.2654874734471828,-0.598096707818931,2,0.0,131.44841319909702,6.016117739022471,0.0,35.72493588129342,4.518156720957947,6.016117739022471,9.799819461700956,-0.3092534636816189,16.026812714244468,2,5,0.0909090909090909,1682.0375702970844,20.60322861734091,0,178,2,19.26246486877803,9.589074368143644,0.0,0.0,0.3092534636816189,3,21.572160830055427,2,7.776505162098869,2.897523747289376,10.136355369098393,10.136355369098393,7,2,7.7495000000000065,7.776505162098869,12.469973756245205,480.183778008,456.37500000000034,7.7495000000000065,5.41499046939678,214.94011007484312,0.0,25.31082583001261,0.0,17.981200378874174,148.34099999999975,480.5670000000002,0.0,0.0,5,12.469973756245205,0.0,20.60322861734091,0,0.0,0.0,0,5,0.0,37,0,0.0,0,0,0,0,0,0.0,482730441.29921895,1,0,0,0,0,0,0,0,0,11.814359458703011,2,0.0,0.0,0.0,0.0,0,0,0,0,0,0,0,0,0,0,0,0,0,0,0,0,0,0,0,0,0,0,0,0,0,0,0,0,0,0,0,0,2,0,0,0,0,0,0,0,0,0,0,0,0,0,0,0,0,0,0,0,0,0,0,0,0,0,0,0,0,0,0,0,0,0,0,0,597
5,10.523783109476971,17.062158824050687,76.6,27.85423241347497,3,11.40121883309327,4.899909730850478,18.60223639897261,0.2993880123590753,1,0.0,0.2389980536115613,10.523783109476971,12.138442625584547,2,0,0,5.81646194249592,4.9839785209472085,0.0,10.512820512820513,33.41768390517197,28.09556025928321,3.015079703579205,5,0.2993880123590753,0.0,34.051075985088055,9.967957041894415,9.967957041894415,1.2813970770639445,2,33.752513299141675,9.345621121558708,15.138347970429567,76.61678024920606,-2.0892665504529058,8.892215598922462,-2.251465336545706,9.345621121558708,72.79640482153933,10.017664517784375,11.126902983393991,0,1.28742785650096,22.62561031574768,4.899909730850478,5,59.65783953108687,10.29908230762702,6.234523363170325,0.0,2.123750016125108,0.5128205128205128,54.60015786048516,0.9743589743589745,127.52418494084532,-5.779999999999998,1.5128205128205128,2.351431921738326,405.9440000000001,18.32957770853629,5,0.100593192091814,0.100593192091814,0.0,1,4.9839785209472085,138.6510879242393,4.620916630875363,34.522725095523995,44.74214096039487,0.0,4.620916630875363,4.899909730850478,-0.3105059437186062,0.0,5,6,0.0,1809.6957882021336,20.860423630481936,0,182,1,0.0,4.9839785209472085,22.66222573506152,10.523783109476971,0.3105059437186062,2,23.60855112145087,0,6.590729511811722,4.688617238219063,8.996088531324641,8.996088531324641,6,0,8.176960000000005,6.590729511811722,12.454530559858812,499.1796956720001,478.40900000000033,8.176960000000005,0.0,226.0556176993153,0.0,26.60587275993919,0.0,19.229009285911413,154.52299999999966,499.57700000000017,0.0,0.0,5,12.454530559858812,0.0,20.860423630481936,0,0.0,0.0,0,5,1.6955215419501133,39,0,0.0,0,0,0,0,0,0.0,1444027318.436895,0,0,0,0,0,0,0,0,0,0.0,0,0.0,0.0,0.0,0.0,0,0,0,0,0,0,0,0,0,0,0,0,0,0,0,0,0,0,0,0,0,0,0,0,0,0,0,0,0,0,0,0,0,0,0,0,0,0,0,0,0,0,0,0,0,0,0,0,0,0,0,0,0,0,0,0,0,0,0,0,0,0,0,0,0,0,0,0,644
6,10.523783109476971,34.124317648101375,79.83999999999999,11.033401435232523,6,14.308412233376156,9.799819461700956,23.70102504736017,0.0246377190188937,1,11.387855989696922,0.167591832673606,10.523783109476971,12.138442625584547,2,0,0,6.241975792150582,9.967957041894415,22.21783692849048,14.851851851851851,32.578298293091706,66.70261594119307,3.204427668679613,6,-0.1848598972732833,0.0,33.78294653396677,9.967957041894415,9.967957041894415,0.6315150600231739,2,55.66921450596056,9.998817958508338,15.16520973980924,183.09328639220345,-2.30085657001986,12.499838194626465,-2.418619509800332,9.998817958508338,112.62408775722506,9.732809759731952,61.33661075524739,0,1.2919364287602575,32.97720191709028,9.799819461700956,6,81.55719094341046,11.238698074811383,6.596406369507556,0.0,2.3787003478523507,0.4259259259259259,0.0,0.7407407407407407,133.46007550615548,-7.019999999999997,1.0555555555555556,2.540113469094869,551.6800000000002,0.0,6,0.177237380427759,0.177237380427759,0.0,3,9.967957041894415,167.10173746264033,9.0627958159761,12.138442625584547,51.81401526697085,9.176709257666356,9.0627958159761,9.799819461700956,-0.3098593676013656,22.253805966787983,2,8,0.125,2695.7674938759105,30.384987495171515,0,256,10,38.52492973755606,0.0,22.66222573506152,10.523783109476971,0.3098593676013656,4,31.69459145376909,2,11.703925622679913,4.255781434764258,15.290830865953694,15.290830865953694,10,2,11.89775999999998,11.703925622679913,18.21875039318342,694.2844950879999,660.5699999999999,11.89775999999998,10.82998093879356,313.3567708123104,0.0,36.93178169464274,0.0,26.217043157624,217.60199999999952,694.8419999999999,0.0,0.0,7,18.21875039318342,0.0,30.384987495171515,0,0.0,0.0,0,7,0.0,54,0,0.0,0,0,0,0,0,0.0,3077497817468.595,0,0,0,0,0,0,0,0,0,0.0,0,0.0,0.0,0.0,0.0,0,0,0,0,0,0,0,0,0,0,0,0,0,0,0,0,0,0,0,0,0,0,0,0,0,0,0,0,0,0,0,0,0,0,0,0,0,0,0,0,0,0,0,0,0,0,0,0,0,0,0,0,0,0,0,0,0,0,0,0,0,0,0,0,0,0,0,0,624
6,10.523783109476971,34.124317648101375,79.83999999999999,11.033401435232523,6,14.299504015733907,9.799819461700956,23.745560102287115,0.022026191641171,1,11.387855989696922,0.1641743543065881,10.523783109476971,12.138442625584547,2,0,0,6.239658371500577,9.967957041894415,22.21783692849048,14.212121212121213,54.832104259879685,66.70261594119307,3.3615670073153656,6,-0.1347761609365312,0.0,33.78294653396677,9.967957041894415,9.967957041894415,0.6315064007022411,2,55.17347537401429,10.012536781080245,15.164197979798384,231.6242229398963,-2.299663956668585,17.342455802534964,-2.4157687067290614,10.012536781080245,149.0222901679947,9.7335108525757,61.33661075524739,0,0.9779151912599836,32.97720191709028,9.799819461700956,6,115.94373104712167,14.473471284977093,8.562330363991329,0.0,2.375598108282996,0.3636363636363636,0.0,0.6666666666666666,181.9910120538483,-8.579999999999995,0.9848484848484848,2.5327357310600016,677.7360000000002,0.0,6,0.1772373803742398,0.1772373803742398,0.0,3,9.967957041894415,215.6326740103332,10.773680628814594,34.39224859237253,69.55310563611457,9.226041109996132,10.773680628814594,9.799819461700956,-0.309881677398293,45.00335106552223,4,10,0.1,3393.1038529514044,37.00378964868854,0,312,10,38.52492973755606,0.0,22.66222573506152,10.523783109476971,0.309881677398293,4,39.04480085644652,2,14.13803530252323,5.718132854916858,18.445531404332936,18.445531404332936,12,2,15.231759999999964,14.13803530252323,22.361484803275257,846.3470953439999,804.7019999999995,15.231759999999964,10.82998093879356,383.4709592244384,0.0,44.8980370208936,0.0,32.14969614800156,268.47399999999965,847.0379999999997,0.0,0.0,9,22.361484803275257,0.0,37.00378964868854,0,0.0,0.0,0,9,0.0,66,0,0.0,0,0,0,0,0,0.0,1756618231996920.2,0,0,0,0,0,0,0,0,0,0.0,0,0.0,0.0,0.0,0.0,0,0,0,0,0,0,0,0,0,0,0,0,0,0,0,0,0,0,0,0,0,0,0,0,0,0,0,0,0,0,0,0,0,0,0,0,0,0,0,0,0,0,0,0,0,0,0,0,0,0,0,0,0,0,0,0,0,0,0,0,0,0,0,0,0,0,0,0,596
3,9.589074368143644,0.0,38.55,21.544896857859182,0,28.09189027462837,0.0,2.6338983371126234,0.0035359977324258,2,10.85758078380108,0.3123236583941283,0.0,0.0,0,0,0,7.994599958941494,0.0,10.85758078380108,13.166666666666666,38.094999010707966,49.85688396009908,2.622257592585336,1,-0.003535997732426,2.1243055555555554,16.550102152848787,4.400694606261793,4.400694606261793,1.2148405805621607,1,26.341069103884337,12.990109914336106,32.16658060806776,4.400694606261793,-2.1563453847309173,2.5693168934240376,-2.2139556485001752,12.990109914336106,29.960986154775945,10.026992893666606,0.0,2,2.221539254294369,31.335863808894736,4.400694606261793,3,36.39820241076966,3.968725000637783,2.076619135142664,0.0,2.230149135097041,0.5833333333333334,48.53093654769288,1.0,73.97734493533369,-2.8499999999999988,1.5,2.422258748715302,239.7920000000001,17.828252017852726,4,0.1968103216174934,0.1968103216174934,0.0,3,0.0,75.04395876809922,5.058011940134447,0.0,17.121523604812296,0.0,3.932034233950822,10.85758078380108,-0.3052117002940561,0.0,0,5,0.0,1361.1349493253572,12.368110889598182,0,112,0,9.79096695103555,9.589074368143644,0.0,0.0,0.3052117002940561,3,12.55790190436846,1,6.001958765763608,1.2461554701424102,6.102093300745874,7.185870257232701,6,1,4.021700000000001,4.903268502093265,7.719367781746542,327.0353995280001,318.29200000000003,4.021700000000001,0.0,139.0348801818385,0.0,15.999271042140991,1.6257320011337866,11.754020195423491,97.764,327.36400000000003,0.0,0.0,3,8.535864362674268,11.761884949391115,13.184607470525908,0,0.0,0.0,0,3,0.0,24,0,0.0,0,0,0,0,0,0.0,794523.0724926161,0,0,0,0,0,0,0,0,0,0.0,0,0.0,0.0,0.0,0.0,0,0,0,0,0,0,0,0,0,0,0,0,0,0,0,0,0,0,0,0,0,0,0,0,0,0,0,0,0,0,0,0,0,0,0,0,0,0,0,0,0,0,0,0,0,0,0,0,0,0,0,0,0,0,0,0,0,0,0,0,0,0,0,0,0,0,0,0,560
2,9.589074368143644,0.0,38.55,10.772448428929591,0,26.42079050138574,0.0,2.658678193499622,0.0012788170823887,2,10.85758078380108,0.3137628723353077,0.0,0.0,0,0,0,6.097446943357668,0.0,16.27257125319786,15.153846153846152,38.094999010707966,38.094999010707966,2.655476825701083,1,-0.2802245134164778,2.160763888888889,16.550102152848787,4.400694606261793,4.400694606261793,0.6422412726046666,1,38.44945356517236,13.21039525069287,16.134236819412752,30.38090314256626,-2.2767425226497537,4.605022085222979,-2.3391425635004546,13.21039525069287,44.179309741689295,9.73848335371486,24.97437738277524,2,2.214090019805488,26.959887327255963,4.400694606261793,3,35.392371257240434,4.12788291521507,2.225933905470097,0.0,2.338548175651113,0.6153846153846154,42.46456947923127,1.0,64.18637798429813,-3.199999999999999,1.4615384615384617,2.434303412407777,259.00000000000006,0.0,3,0.1967789717841901,0.1967789717841901,0.0,3,0.0,86.17086175149322,4.865503222417155,0.0,17.403660674918115,4.3344179894179895,4.865503222417155,10.85758078380108,-0.3068794710864748,0.0,0,5,0.1304347826086956,1430.7251025783014,14.459862599134318,0,124,0,19.26246486877803,9.589074368143644,0.0,0.0,0.3068794710864748,3,14.020330210651624,1,6.104081272286783,1.3132314669277747,7.723879957097271,7.723879957097271,6,1,4.196400000000003,6.104081272286783,8.811119491282678,337.11027872000005,322.25800000000004,4.196400000000003,5.41499046939678,148.0065964996631,0.0,17.792164260954443,0.0,12.514873883685391,105.76900000000002,337.37800000000004,0.0,0.0,3,8.811119491282678,0.0,14.459862599134318,0,0.0,0.0,0,3,0.0,26,0,0.0,0,0,0,0,0,0.0,1625194.304958274,0,0,0,0,0,0,0,0,0,0.0,0,0.0,0.0,0.0,0.0,0,0,0,0,0,0,0,0,0,0,0,0,0,0,0,0,0,0,0,0,0,0,0,0,0,0,0,0,0,0,0,0,0,0,0,0,0,0,0,0,0,0,0,0,0,0,0,0,0,0,0,0,0,0,0,0,0,0,0,0,0,0,0,0,0,0,0,0,472
3,9.589074368143644,0.0,47.78,38.56062124204325,0,25.887627236079616,0.0,2.332972411186698,0.0702026643990925,2,22.35660445036889,0.3175812584016305,0.0,11.033401435232523,0,0,0,6.100793379475695,0.0,10.85758078380108,12.833333333333334,38.094999010707966,38.094999010707966,2.622257592585336,1,-0.0702026643990927,8.02003236016629,16.289149146545853,4.400694606261793,4.400694606261793,0.485536327488894,1,11.033401435232523,12.943813618039808,16.48329401382835,0.0,-2.161190964441129,1.998946523053668,-2.2199310124090363,12.943813618039808,18.19910120538483,10.013584003533053,0.0,2,2.221539254294369,10.772448428929591,9.137557560061843,4,36.39820241076966,3.736480856972823,1.879970144392802,4.736862953800049,2.23685721135858,0.5833333333333334,40.79889701703146,1.0,64.18637798429813,-3.399999999999999,1.5,2.402036596979834,232.10400000000004,18.19910120538483,4,0.1969120645587886,0.1969120645587886,1.2783371126228271,3,4.736862953800049,75.04395876809922,3.932034233950822,11.49902366656781,16.315417690224237,0.0,3.932034233950822,15.59444373760113,-0.4529006423546075,0.0,0,5,0.0,1358.3800618231935,12.368110889598182,0,112,0,0.0,9.589074368143644,0.0,0.0,0.4529006423546075,3,12.075341796875,1,4.903268502093265,1.155922926915392,6.102093300745874,6.102093300745874,6,1,3.6628000000000016,4.903268502093265,7.719367781746542,311.05824314800003,302.22400000000005,3.6628000000000016,0.0,134.02531538598015,0.0,15.999271042140991,0.0,11.754020195423491,93.71500000000002,311.29600000000005,0.0,11.49902366656781,3,7.719367781746542,0.0,12.368110889598182,0,0.0,0.0,0,3,0.0,24,0,0.0,1,0,0,0,0,0.0,794523.0724926161,0,0,0,0,0,0,0,0,0,0.0,0,0.0,0.0,0.0,0.0,0,0,0,0,0,0,0,0,0,0,0,0,0,0,0,0,0,0,0,0,0,0,0,0,0,0,0,0,0,0,0,0,0,0,0,0,0,0,0,0,0,0,0,0,0,0,0,0,0,0,0,0,0,0,0,0,0,0,0,0,0,0,0,0,0,0,0,0,534
9,38.356297472574575,0.0,174.42999999999995,152.3799960428318,0,109.67532128618042,7.109797541277533,14.288432819919116,0.1295118196498059,8,43.430323135204326,0.1144778973430143,0.0,0.0,0,0,0,6.155281135913551,0.0,43.430323135204326,12.170731707317072,152.3799960428318,152.3799960428318,1.7908752672602195,4,-0.2364343978332073,7.854426177878558,66.20040861139513,29.81910336116541,17.602778425047173,0.3989879000084712,4,7.109797541277533,13.952671782849452,16.235987476486063,0.0,-2.163166273038175,5.837906572076852,-2.171679609331245,13.952671782849452,72.79640482153933,9.993930004162896,0.0,8,1.3113339902642386e-07,93.28938497271425,22.70930581988788,13,121.32734136923226,16.626928422365143,9.486169031096637,5.106527394840706,2.240991622762444,0.1951219512195122,102.53191738350976,0.3658536585365853,232.48004366334607,-11.28000000000001,0.573170731707317,2.3453856242106266,613.3520000000001,109.19460723230902,13,0.1967947107610787,0.1967947107610787,0.0,8,5.106527394840706,275.9103667985504,13.311315063936208,0.0,57.34391314394506,0.0,13.311315063936208,43.430323135204326,-0.3996302435573072,0.0,0,18,0.0144927536231884,5709.232724869175,42.97726291527869,0,386,16,0.0,38.356297472574575,0.0,0.0,0.3996302435573072,8,46.78349727563658,0,16.723991243060343,5.819017097163278,20.62320459385484,20.62320459385484,18,0,10.463699999999989,16.723991243060343,26.358358227297323,1064.248228732,1028.777999999999,10.463699999999989,0.0,455.604128261234,0.0,55.72142776555447,0.0,40.08342779131642,329.82280000000054,1065.0659999999998,0.0,0.0,10,26.358358227297323,0.0,42.97726291527869,0,0.0,1.0,0,10,0.0,82,1,0.0,0,0,0,0,0,0.0,3.2237577504321745e+19,0,1,0,0,1,0,0,1,0,0.0,0,0.0,0.0,0.0,0.0,0,0,0,0,0,0,0,0,0,0,0,0,0,0,0,0,0,0,0,0,0,0,0,0,0,0,0,0,0,0,0,0,0,0,0,0,0,0,0,0,0,0,0,0,0,0,0,0,0,0,0,0,0,0,0,0,0,0,0,0,0,0,0,0,0,0,0,0,465
4,9.589074368143644,0.0,69.24,65.9437802948932,0,27.766825047180383,0.0,2.067996751424782,0.1309199945410259,4,33.18966135037005,0.1685395447311147,0.0,11.033401435232523,0,0,0,6.100264290049571,0.0,10.85758078380108,12.421052631578949,76.97718173012571,76.97718173012571,2.958610879599111,2,-0.1309199945410259,16.56913087924181,32.83925129939463,8.801389212523587,8.801389212523587,0.6552406469030342,2,11.033401435232523,13.883412523590192,16.338029709202157,8.801389212523587,-2.124882868523179,6.927239273272827,-2.167071733784691,13.883412523590192,36.39820241076966,10.029818356404622,0.0,2,1.677055902809811,10.772448428929591,17.63569108663028,6,60.6636706846161,6.688735460570783,3.4823797161206,8.834301874106695,2.199303870289236,0.4210526315789473,90.99550602692418,0.868421052631579,115.48524933763616,-5.359999999999999,1.368421052631579,2.333775911472669,362.4800000000001,6.06636706846161,6,0.1969138336787923,0.1969138336787923,0.0,4,8.834301874106695,117.50852824733052,6.072919335184406,0.0,30.335474715546862,0.0,6.072919335184406,10.85758078380108,-0.452927083261521,0.0,0,9,0.0,2435.457793813088,19.765024659889384,0,178,8,0.0,9.589074368143644,0.0,0.0,0.452927083261521,6,19.78407278814558,0,7.671695704179325,2.280686782737327,9.65978069376076,9.65978069376076,9,0,7.0176000000000025,7.671695704179325,12.363820606362552,492.111006992,476.3620000000004,7.0176000000000025,0.0,211.69038894843848,0.0,25.12022690677112,0.0,18.68667318580105,150.45999999999978,492.4900000000002,0.0,0.0,5,12.363820606362552,0.0,19.765024659889384,0,0.0,0.0,0,5,0.0,38,0,0.0,0,0,0,0,0,0.0,1553271421.8561444,0,0,0,0,0,0,0,0,0,0.0,0,0.0,0.0,0.0,0.0,0,0,0,0,0,0,0,0,0,0,0,0,0,0,0,0,0,0,0,0,0,0,0,0,0,0,0,0,0,0,0,0,0,0,0,0,0,0,0,0,0,0,0,0,0,0,0,0,0,0,0,0,0,0,0,0,0,0,0,0,0,0,0,0,0,0,0,0,523
1,5.261891554738487,0.0,43.51,5.563451491696996,0,0.0,0.0,21.352690489725127,0.5733673469387757,4,0.0,0.1760103258347465,5.261891554738487,11.63267280448927,1,0,0,6.146483979800763,0.0,0.0,11.983333333333333,109.97294455538268,87.22339945664844,4.0359885903959976,5,0.5733673469387757,9.457454648526078,66.88315083966434,18.26839859116542,18.26839859116542,1.0330050324891162,4,109.97294455538268,12.187069160997734,15.112066119470626,224.5277331631908,-2.1337420191169483,12.479688926994124,-2.2496851474279307,12.187069160997734,145.59280964307868,10.039700914596144,5.563451491696996,0,1.346726777479598,43.089793715718365,18.26839859116542,5,54.59730361615449,12.334998103646267,6.727572816294324,0.0,2.299222866774696,0.2666666666666666,0.0,0.4666666666666667,200.1901132592331,-8.329999999999998,0.6833333333333333,2.46073884733694,607.5600000000002,0.0,5,0.1043882101443524,0.1043882101443524,0.0,4,0.0,205.7535647509301,10.225050787030131,28.81876641152652,74.21016593475467,0.0,10.225050787030131,0.0,-0.3070098758758488,0.0,4,13,0.0,3511.2517547018497,32.28862686075745,0,278,12,0.0,0.0,11.33111286753076,5.261891554738487,0.3070098758758488,8,32.72431544665887,0,12.593415966928966,4.286759391560517,15.577668637735156,15.577668637735156,13,0,13.946679999999974,12.593415966928966,20.35304079345636,763.2735960560001,730.6399999999998,13.946679999999974,0.0,343.54714562393843,0.0,39.475387290083226,0.0,29.79715763333326,248.51299999999952,763.904,0.0,0.0,9,20.35304079345636,0.0,32.28862686075745,0,0.0,0.0,0,9,0.0,60,0,0.0,0,0,0,0,0,0.0,313416895848996.3,0,0,0,0,0,0,0,0,0,0.0,0,0.0,0.0,0.0,0.0,0,0,0,0,0,0,0,0,0,0,0,0,0,0,0,0,0,0,0,0,0,0,0,0,0,0,0,0,0,0,0,0,0,0,0,0,0,0,0,0,0,0,0,0,0,0,0,0,0,0,0,0,0,0,0,0,0,0,0,0,0,0,0,0,0,0,0,0,442
1,5.261891554738487,0.0,43.51,5.563451491696996,0,0.0,0.0,22.7098141091692,0.1122591751809363,4,0.0,0.1731598337739287,5.261891554738487,11.63267280448927,1,0,0,6.157102044085463,0.0,43.31992375517423,13.641304347826088,109.97294455538268,87.22339945664844,1.500529415102235,5,-0.1223419686033768,10.015703976825913,66.88315083966434,18.26839859116542,18.26839859116542,0.5902579206360101,4,66.88315083966434,13.293915741278656,15.11412232074529,342.1664894080728,-2.1476374440054102,21.82897221244218,-2.261268007520974,13.293915741278656,214.7006293402679,9.847696122925672,216.2407562178481,0,1.3503790066547343,43.089793715718365,18.26839859116542,5,190.9557758525976,20.334995367401817,13.809258098827849,0.0,2.340570250365924,0.217391304347826,0.0,0.3695652173913043,151.65917671154028,-8.329999999999998,0.5108695652173914,2.4984747137174343,1008.6720000000004,0.0,5,0.1043882101829972,0.1043882101829972,0.0,4,0.0,201.7302401368132,14.360137941199588,28.81876641152652,62.72950101677048,55.54934201812557,14.360137941199588,0.0,-0.3070091771854783,87.59740564929432,4,13,0.367816091954023,4669.898599257349,59.6698247072404,0,470,12,209.48961654774928,0.0,11.33111286753076,5.261891554738487,0.3070091771854783,0,62.47612660530871,0,20.261647423631587,10.07576729465539,35.29590215052824,35.29590215052824,13,0,24.32668000000005,20.261647423631587,33.638509613640004,1211.7743981039998,1114.9919999999988,24.32668000000005,43.31992375517423,547.22529328463,0.0,66.43733519410782,0.0,42.63853135751356,398.1130000000014,1212.767999999999,0.0,0.0,9,33.638509613640004,0.0,59.6698247072404,0,0.0,0.0,0,9,0.0,92,0,0.0,0,0,0,0,0,0.0,4.349854316825527e+23,0,0,0,0,0,0,0,0,0,0.0,0,0.0,0.0,0.0,0.0,0,0,0,0,0,0,0,0,0,0,0,0,0,0,0,0,0,0,0,0,0,0,0,0,0,0,0,0,0,0,0,0,0,0,0,0,0,0,0,0,0,0,0,0,0,0,0,0,0,0,0,0,0,0,0,0,0,0,0,0,0,0,0,0,0,0,0,0,456
1,5.261891554738487,0.0,48.44,5.563451491696996,0,0.0,0.0,24.07347543539914,0.5381981187536744,5,0.0,0.1696202391531248,5.261891554738487,11.63267280448927,1,0,0,6.176182147277997,0.0,0.0,12.095890410958903,137.46618069422834,109.02924932081054,4.245819756736706,6,0.5381981187536744,12.240058578987153,83.60393854958042,22.835498238956774,22.835498238956774,0.9923893564812942,5,137.46618069422834,12.845254759336653,15.16691090902924,271.55940229021337,-2.1842046718216226,15.086375644891165,-2.296806912823921,12.845254759336653,181.9910120538483,10.007517640802853,5.563451491696996,0,1.3134495470613676,53.86224214464796,22.835498238956774,6,60.6636706846161,14.95978283361116,8.140616829972915,0.0,2.35781442357046,0.1917808219178082,0.0,0.3287671232876712,242.65468273846432,-10.090000000000003,0.4931506849315068,2.512744894439938,736.2800000000002,0.0,6,0.1045547544712908,0.1045547544712908,0.0,5,0.0,248.21813423016133,12.67933154203679,34.506152686210086,90.4334236740559,0.0,12.67933154203679,0.0,-0.3058594133090264,0.0,5,16,0.0,4541.848244586839,39.277292340584765,0,338,15,0.0,0.0,11.33111286753076,5.261891554738487,0.3058594133090264,10,39.72417482243441,0,15.50104411098724,5.2408842258207935,19.078378955088443,19.078378955088443,16,0,17.04377999999998,15.50104411098724,24.85121145589592,928.33144528,888.7789999999994,17.04377999999998,0.0,417.3867008010824,0.0,47.88923637352679,0.0,36.28032088092769,302.85200000000054,929.0989999999998,0.0,0.0,11,24.85121145589592,0.0,39.277292340584765,0,0.0,0.0,0,11,0.0,73,0,0.0,0,0,0,0,0,0.0,3.721700776730732e+17,0,0,0,0,0,0,0,0,0,0.0,0,0.0,0.0,0.0,0.0,0,0,0,0,0,0,0,0,0,0,0,0,0,0,0,0,0,0,0,0,0,0,0,0,0,0,0,0,0,0,0,0,0,0,0,0,0,0,0,0,0,0,0,0,0,0,0,0,0,0,0,0,0,0,0,0,0,0,0,0,0,0,0,0,0,0,0,0,464
1,5.261891554738487,0.0,48.44,5.563451491696996,0,0.0,0.0,25.702712121134603,0.1883988032814421,5,0.0,0.1693886062114704,5.261891554738487,11.63267280448927,1,0,0,6.187246235631697,0.0,54.14990469396778,13.743362831858407,137.46618069422834,109.02924932081054,1.53808335696199,6,-0.1910511824237335,13.075303792060646,83.60393854958042,22.835498238956774,22.835498238956774,0.5902579206360122,5,126.69373226529876,14.1655950380326,15.16929548751885,418.60784759631576,-2.190975220255944,25.879088278397667,-2.30356560113475,14.1655950380326,268.3757866753349,9.847696122925669,268.91008239938583,0,1.3274386500094733,53.86224214464796,22.835498238956774,6,231.11176098016992,24.957907147789765,16.979293824918177,0.0,2.3926114555425064,0.168141592920354,0.0,0.2743362831858407,181.9910120538483,-10.090000000000003,0.3805309734513274,2.546158614005001,1237.0080000000005,0.0,6,0.1045547545099429,0.1045547545099429,0.0,5,0.0,243.18897846251525,17.848190484748617,34.506152686210086,76.16140243723005,70.18149337117704,17.848190484748617,0.0,-0.3058587133046068,66.40696334589956,5,16,0.3738317757009345,6061.6288836153935,73.50378964868847,0,578,15,261.8620206846866,0.0,11.33111286753076,5.261891554738487,0.3058587133046068,0,76.87584503196885,0,25.086333431865512,12.444459208652525,43.72617084607979,43.72617084607979,16,0,30.018780000000103,25.086333431865512,41.45804748112548,1488.9574478399998,1369.2189999999982,30.018780000000103,54.14990469396778,671.9843853769474,0.0,81.59167125355759,0.0,52.33203803615301,489.852000000002,1490.1789999999978,0.0,0.0,11,41.45804748112548,0.0,73.50378964868847,0,0.0,0.0,0,11,0.0,113,0,0.0,0,0,0,0,0,0.0,1.3909632296741193e+35,0,0,0,0,0,0,0,0,0,0.0,0,0.0,0.0,0.0,0.0,0,0,0,0,0,0,0,0,0,0,0,0,0,0,0,0,0,0,0,0,0,0,0,0,0,0,0,0,0,0,0,0,0,0,0,0,0,0,0,0,0,0,0,0,0,0,0,0,0,0,0,0,0,0,0,0,0,0,0,0,0,0,0,0,0,0,0,0,480
3,10.523783109476971,0.0,70.33,28.326080030761045,0,5.266870275888132,0.0,25.826165479608843,0.3553457000083986,3,11.635725555670057,0.2271850353998883,10.523783109476971,23.26534560897854,2,0,0,6.105264313764456,4.9839785209472085,0.0,11.285714285714286,66.37432826738828,43.61169972832423,3.570526581946758,5,0.3553457000083986,4.127371504157218,22.066802870465047,14.11817781652992,14.11817781652992,1.0012747275916567,3,49.17515122002123,10.768963502093012,15.14413467186427,69.80357846886014,-2.106674101227635,5.849325816746452,-2.1844959736602263,10.768963502093012,103.1282401638474,9.95402927475091,11.126902983393991,1,1.6194492512675969,27.10834834955618,0.0,5,29.82891976554344,9.198346383755974,5.1894111156026295,0.0,2.266579311453892,0.4285714285714285,78.86277189000094,0.7619047619047619,127.39370843769387,-6.169999999999997,1.119047619047619,2.400082205353596,431.8000000000001,0.0,5,0.1583189779924671,0.1583189779924671,0.9807690854119424,3,4.9839785209472085,138.52061142108786,6.291073487736941,34.9010711646486,47.28283117152075,0.0,6.291073487736941,0.0,-0.2925954400048802,0.0,3,8,0.0,2175.270769016984,22.360423630481936,0,194,6,0.0,9.13419929558271,22.66222573506152,10.523783109476971,0.2925954400048802,4,23.69504884488949,0,8.028849324863314,3.2555635021209723,10.213065822894793,10.213065822894793,8,0,8.686160000000001,8.028849324863314,13.706152656781256,535.1796956720001,514.4420000000005,8.686160000000001,0.0,240.9022992525262,0.0,28.208167055511147,0.0,20.79635629553384,167.78099999999972,535.6100000000001,0.0,0.0,5,13.706152656781256,0.0,22.360423630481936,0,0.0,0.0,0,5,0.0,42,0,0.0,0,0,0,0,0,0.0,12668754808.314764,0,0,0,0,0,0,0,0,0,0.0,0,0.0,0.0,0.0,0.0,0,0,0,0,0,0,0,0,0,0,0,0,0,0,0,0,0,0,0,0,0,0,0,0,0,0,0,0,0,0,0,0,0,0,0,0,0,0,0,0,0,0,0,0,0,0,0,0,0,0,0,0,0,0,0,0,0,0,0,0,0,0,0,0,0,0,0,0,490
3,5.261891554738487,17.062158824050687,36.26,5.563451491696996,3,2.216469198790627,4.899909730850478,10.255086580954185,0.6629441977408248,0,11.49902366656781,0.2790649058904004,5.261891554738487,6.069221312792274,1,0,0,5.921569147504238,0.0,0.0,11.676470588235292,22.253805966787983,17.062158824050687,2.91623559777148,2,0.6629441977408248,6.209804647563036,16.93822404106412,0.0,0.0,0.4767325137166918,0,50.81498845740648,10.255086580954185,16.4849974329518,59.50006759133563,-2.157079915228787,7.380910992483413,-2.331502770506895,10.255086580954185,84.92913895846256,9.907734608237282,5.563451491696996,0,1.6714823554354052,16.814289258077554,9.636772684650529,3,47.52510539416365,8.273306229712231,4.828655566422456,4.736862953800049,2.266798358989703,0.5588235294117647,72.79640482153933,1.0,121.32734136923226,-4.809999999999998,1.4705882352941178,2.5111557866494327,352.4320000000001,0.0,3,0.1510438450001049,0.1510438450001049,1.598299897119342,1,4.736862953800049,126.89079286092928,4.549973043592764,39.82205094614807,43.00609534975606,0.0,4.549973043592764,9.636772684650529,-0.452953524235583,0.0,3,5,0.0,1429.3328647384365,18.3496808652563,0,160,2,0.0,0.0,11.33111286753076,5.261891554738487,0.452953524235583,4,19.84385500789978,1,6.094938195947097,3.298830754613914,8.132666823783453,8.132666823783453,6,1,8.467780000000003,6.094938195947097,11.183443763268205,436.15756326,416.3540000000002,8.467780000000003,0.0,198.28484948579936,0.0,22.907202147189928,0.0,16.83083113814449,136.78599999999986,436.5140000000001,0.0,11.49902366656781,5,11.183443763268205,0.0,18.3496808652563,0,0.0,0.0,0,5,0.0,34,0,0.0,1,0,0,0,0,0.0,133842615.79992852,0,0,0,0,0,0,0,0,0,0.0,0,0.0,0.0,0.0,0.0,0,0,0,0,0,0,0,0,0,0,0,0,0,0,0,0,0,0,0,0,0,0,0,0,0,0,0,0,0,0,0,0,0,0,0,0,0,0,0,0,0,0,0,0,0,0,0,0,0,0,0,0,0,0,0,0,0,0,0,0,0,0,0,0,0,0,0,0,455
3,5.261891554738487,17.062158824050687,36.26,5.563451491696996,3,2.2638766061980347,4.899909730850478,9.91348164268258,0.6215609777861761,0,11.49902366656781,0.2790649058904004,5.261891554738487,0.0,1,0,0,6.003507042183385,0.0,0.0,11.676470588235292,22.253805966787983,17.062158824050687,2.9183580595288108,2,0.6215609777861761,6.271212600781055,28.694831628539955,0.0,0.0,0.4767784716682539,0,50.81498845740648,9.91348164268258,16.48500576809957,47.36733345441241,-2.172721293186482,7.632328173553372,-2.3523770189094813,9.91348164268258,84.92913895846256,9.91484973352649,5.563451491696996,0,1.7497877494448018,11.126902983393991,9.636772684650529,3,47.52510539416365,8.273306229712231,4.828655566422456,4.736862953800049,2.2944301893904586,0.5588235294117647,84.92913895846256,1.0,121.32734136923226,-4.809999999999998,1.4705882352941178,2.5431009393795003,355.9840000000001,0.0,3,0.1510445390508096,0.1510445390508096,1.5899686633912824,1,4.736862953800049,126.89079286092928,4.560987882193348,39.82205094614807,42.99579898006035,0.0,4.560987882193348,9.636772684650529,-0.4529535127226513,0.0,3,5,0.0,1429.3328647384365,18.3496808652563,0,160,2,0.0,0.0,11.33111286753076,5.261891554738487,0.4529535127226513,4,19.84385500789978,1,6.0644455488234925,3.298830754613914,8.136749866381082,8.136749866381082,6,1,8.467780000000003,6.0644455488234925,11.183443763268205,436.15756326,416.3540000000002,8.467780000000003,0.0,198.28484948579936,0.0,22.907202147189928,0.0,16.830831138144493,136.78599999999986,436.5140000000001,0.0,11.49902366656781,5,11.183443763268205,0.0,18.3496808652563,0,0.0,0.0,0,5,0.0,34,0,0.0,1,0,0,0,0,0.0,133940027.62555525,0,0,0,0,0,0,0,0,0,0.0,0,0.0,0.0,0.0,0.0,0,0,0,0,0,0,0,0,0,0,0,0,0,0,0,0,0,0,0,0,0,0,0,0,0,0,0,0,0,0,0,0,0,0,0,0,0,0,0,0,0,0,0,0,0,0,0,0,0,0,0,0,0,0,0,0,0,0,0,0,0,0,0,0,0,0,0,0,455
2,0.0,0.0,35.64,0.0,0,10.698345861294715,0.0,9.662980202787978,0.0485557619572556,3,0.0,0.1284494783139332,0.0,0.0,0,0,0,6.138934430120189,9.967957041894415,21.65996187758712,13.3125,98.59817200601556,87.22339945664844,3.752359721383616,4,0.0485557619572556,4.877981167049245,44.133605740930086,19.10215633747713,19.10215633747713,0.5902579206360108,4,54.98647227769135,5.473070160569604,14.99009556274601,225.67912119802563,-2.1045193611185264,16.370059014015954,-2.1946817539653267,5.473070160569604,131.61578294398038,9.847696122925653,105.33865236307544,0,1.06301369015267,43.6921178361559,9.13419929558271,4,139.61535523176724,13.499849863994458,8.493857142071722,0.0,2.234628538776076,0.296875,0.0,0.609375,133.46007550615548,-6.519999999999997,0.90625,2.409713288612584,681.6000000000001,0.0,4,0.09726730339499,0.09726730339499,0.0,3,9.967957041894415,155.71388147294346,9.982727146734396,11.374772549367124,50.50216826881644,27.55513215270232,9.982727146734396,0.0,-0.3092251190853406,65.86550569511222,2,11,0.2666666666666666,3365.718613624018,39.4905603041716,0,318,12,104.7448082738746,0.0,0.0,0.0,0.3092251190853406,0,40.26762242315359,0,13.882479893373304,6.3149972931213645,22.49960805119223,22.49960805119223,11,0,16.473599999999962,13.882479893373304,22.985638412821213,834.466147856,776.6879999999996,16.473599999999962,21.65996187758712,376.1155413929644,0.0,44.826969209028135,0.0,30.21864583322286,275.5339999999997,835.1519999999998,0.0,0.0,8,22.985638412821213,0.0,39.4905603041716,0,0.0,0.0,0,8,0.0,64,0,0.0,0,0,0,0,0,0.0,196611042602847.7,0,0,0,0,0,0,0,0,0,0.0,0,0.0,0.0,0.0,0.0,0,0,0,0,0,0,0,0,0,0,0,0,0,0,0,0,0,0,0,0,0,0,0,0,0,0,0,0,0,0,0,0,0,0,0,0,0,0,0,0,0,0,0,0,0,0,0,0,0,0,0,0,0,0,0,0,0,0,0,0,0,0,0,0,0,0,0,0,509
6,0.0,34.124317648101375,50.72,0.0,6,14.965764100042373,9.799819461700956,4.310942134888398,0.8326096166963092,1,22.99804733313562,0.138130359855883,0.0,0.0,0,0,0,6.118115779656441,9.967957041894415,0.0,13.04,43.61169972832423,77.73601737642561,3.173547910302436,4,0.8326096166963092,12.51023459015572,44.81634796919929,9.967957041894415,9.967957041894415,0.4765138454364875,2,100.7340647095612,6.255117295077861,16.487973809666435,94.72895842016352,-2.1511651922327304,9.650609957405898,-2.3252323583380123,6.255117295077861,72.79640482153933,10.034384585701089,0.0,0,1.0557376188387386,22.14722097829672,19.27354536930105,6,95.70158738739217,10.288300136604017,5.571074285805952,9.473725907600098,2.2683245527449984,0.36,72.79640482153933,0.74,157.72554378000189,-6.919999999999997,1.14,2.517389795122352,498.5120000000001,0.0,6,0.1510438422609013,0.1510438422609013,3.330438466785237,3,19.44168294949452,157.72554378000189,7.479372505833607,22.99804733313562,54.23201075072237,0.0,7.479372505833607,19.27354536930105,-0.4529535242572743,0.0,2,9,0.0,2584.501779840589,26.61645796185784,0,234,10,0.0,0.0,0.0,0.0,0.4529535242572743,8,27.07480444697089,2,9.752675476916291,3.960663509939812,12.646917982092903,12.646917982092903,11,2,12.24039999999998,9.752675476916291,16.65940058365711,642.2055760720001,616.5100000000002,12.24039999999998,0.0,286.5608295249489,0.0,32.76020881938893,0.0,24.764285466321493,201.5699999999996,642.7180000000002,0.0,22.99804733313562,8,16.65940058365711,0.0,26.61645796185784,0,0.0,0.0,0,8,0.0,50,0,0.0,2,0,0,0,0,0.0,1054392617503.2416,0,0,0,0,0,0,0,0,0,0.0,0,0.0,0.0,0.0,0.0,0,0,0,0,0,0,0,0,0,0,0,0,0,0,0,0,0,0,0,0,0,0,0,0,0,0,0,0,0,0,0,0,0,0,0,0,0,0,0,0,0,0,0,0,0,0,0,0,0,0,0,0,0,0,0,0,0,0,0,0,0,0,0,0,0,0,0,0,595
8,0.0,34.124317648101375,69.18,0.0,6,14.910772895302037,38.23900962681109,4.188320243007015,0.80070909890452,1,0.0,0.1015928766683498,0.0,22.99804733313562,0,0,0,6.115891977057989,9.967957041894415,0.0,11.214285714285714,43.61169972832423,77.73601737642561,3.263305747164925,4,0.80070909890452,21.823459156364216,50.50599303557517,38.40714720700455,9.967957041894415,0.4143824227827747,2,100.7340647095612,5.455864789091054,16.472213664528546,118.99442669401,-2.0961516879528825,9.45458580390643,-2.2604279473425604,5.455864789091054,24.26546827384644,10.03912682040847,0.0,0,1.147595836201029,44.89676607703097,28.747271276901152,8,144.23252393508506,14.48892761635178,8.912747348243293,18.9474518152002,2.1748355144154057,0.3214285714285714,48.53093654769288,0.625,157.72554378000189,-7.319999999999998,0.9285714285714286,2.405928626269885,577.9280000000001,28.439190165110134,8,0.1185109345834528,0.1185109345834528,3.20283639561808,1,28.91540885709461,157.72554378000189,7.333364035601421,22.99804733313562,53.70754399277244,0.0,7.333364035601421,28.747271276901152,-0.4967658832525265,0.0,10,9,0.0833333333333333,2554.92391857588,31.43295454278556,0,274,6,0.0,0.0,0.0,0.0,0.4967658832525265,0,34.44794982192741,0,10.210697466005149,6.265986439047194,13.363996242558636,13.363996242558636,9,0,12.06339999999998,10.210697466005149,18.268461488937724,734.2893056960003,696.552,12.06339999999998,0.0,324.2593507486075,0.0,38.174422381762014,0.0,27.525365581445254,227.6299999999995,734.8560000000002,0.0,22.99804733313562,8,18.268461488937724,0.0,31.43295454278556,0,0.0,6.712481513029796,0,8,0.0,56,0,0.0,4,0,0,0,0,0.0,9616662334895.217,0,0,0,4,0,0,0,0,0,0.0,0,0.0,0.0,0.0,0.0,0,0,0,0,0,0,0,0,0,0,0,0,0,0,0,0,0,0,0,0,0,0,0,0,0,0,0,0,0,0,0,0,0,0,0,0,0,0,0,0,0,0,0,0,0,0,0,0,0,0,0,0,0,0,0,0,0,0,0,0,0,0,0,0,0,0,0,0,592
4,10.523783109476971,34.124317648101375,54.06,11.126902983393991,6,4.552022864701436,9.799819461700956,20.39626385132157,0.2193938597911366,0,0.0,0.2227906172805442,10.523783109476971,12.138442625584547,2,0,0,5.974111328461943,0.0,10.82998093879356,15.38095238095238,0.0,34.124317648101375,3.01481162168883,4,-0.2193938597911371,0.0,45.25122063149536,0.0,0.0,0.630033380013219,0,34.124317648101375,10.198131925660784,15.227783182166034,146.69508398143384,-2.3281130671490406,11.063660708863182,-2.452603396111667,10.198131925660784,100.49135362030182,9.727721584109018,61.07565774894447,0,1.6064384733054389,10.82998093879356,9.799819461700956,4,58.65200837755764,9.097508087442405,5.552689090014147,0.0,2.404849213430288,0.4285714285714285,12.13273413692322,0.6904761904761905,109.19460723230902,-5.319999999999998,0.9523809523809524,2.573962922546792,443.1920000000001,0.0,4,0.1005921080106834,0.1005921080106834,0.0,2,0.0,142.57531618249098,6.977354950412996,12.138442625584547,42.4260883492643,9.061964225849508,6.977354950412996,9.799819461700956,-0.3077257794689634,22.253805966787983,2,5,0.1578947368421052,1742.790076728651,24.1811592274131,0,202,4,38.52492973755606,0.0,22.66222573506152,10.523783109476971,0.3077257794689634,4,25.634815549381685,2,9.110612760606704,3.45666458734278,12.099529650611798,12.099529650611798,7,2,9.648159999999995,9.110612760606704,14.25295599713759,542.2470469600001,512.4460000000004,9.648159999999995,10.82998093879356,246.8724812552117,0.0,29.225039392385707,0.0,20.28439016724642,169.49399999999957,542.6860000000001,0.0,0.0,5,14.25295599713759,0.0,24.1811592274131,0,0.0,0.0,0,5,0.0,42,0,0.0,0,0,0,0,0,0.0,4394678841.689321,0,0,0,0,0,0,0,0,0,0.0,0,0.0,0.0,0.0,0.0,0,0,0,0,0,0,0,0,0,0,0,0,0,0,0,0,0,0,0,0,0,0,0,0,0,0,0,0,0,0,0,0,0,0,0,0,0,0,0,0,0,0,0,0,0,0,0,0,0,0,0,0,0,0,0,0,0,0,0,0,0,0,0,0,0,0,0,0,557
6,10.523783109476971,34.124317648101375,72.52000000000001,34.12495031652961,6,4.178936130007559,9.799819461700956,20.00347689080733,0.2940127918451332,0,22.99804733313562,0.2416124699759728,10.523783109476971,12.138442625584547,2,0,0,5.977123678962947,0.0,0.0,12.473684210526317,0.0,34.124317648101375,2.9772295253410674,4,0.2940127918451332,12.471729371551705,45.25122063149536,0.0,0.0,0.4756342911677443,0,34.124317648101375,10.001738445403667,16.488065476089073,21.9382620872855,-2.214997372712106,5.369526486520535,-2.3813051438163004,10.001738445403667,48.53093654769288,10.013212220448109,11.126902983393991,0,1.5764706164623337,0.0,19.27354536930105,6,60.6636706846161,8.443828421145357,4.789376289678967,9.473725907600098,2.327389075449488,0.4210526315789473,97.0618730953858,0.7105263157894737,109.19460723230902,-5.719999999999999,1.0,2.566778688635801,388.3760000000001,12.13273413692322,6,0.1510450837605114,0.1510450837605114,2.7881301965230545,2,9.473725907600098,120.32151021570304,5.048358655880064,35.13648995872017,39.18820092458982,0.0,5.048358655880064,19.27354536930105,-0.4529535036146077,0.0,2,5,0.0,1607.773403957572,19.997655808340827,0,178,4,0.0,0.0,22.66222573506152,10.523783109476971,0.4529535036146077,8,21.553765653508385,2,6.701890200788447,3.185040175310446,8.855956337909001,8.855956337909001,7,2,8.580960000000001,6.701890200788447,12.069452578065317,490.142975816,472.3780000000003,8.580960000000001,0.0,218.9099190278457,0.0,25.639252954758803,0.0,18.762682790722625,145.38599999999974,490.5220000000002,0.0,22.99804733313562,5,12.069452578065317,0.0,19.997655808340827,0,0.0,0.0,0,5,0.0,38,0,0.0,2,0,0,0,0,0.0,1063399696.5104616,0,0,0,0,0,0,0,0,0,0.0,0,0.0,0.0,0.0,0.0,0,0,0,0,0,0,0,0,0,0,0,0,0,0,0,0,0,0,0,0,0,0,0,0,0,0,0,0,0,0,0,0,0,0,0,0,0,0,0,0,0,0,0,0,0,0,0,0,0,0,0,0,0,0,0,0,0,0,0,0,0,0,0,0,0,0,0,0,612
6,10.523783109476971,34.124317648101375,54.06,11.126902983393991,6,8.992398064163938,9.799819461700956,20.07796248751516,0.3540680639539768,0,0.0,0.2254538316238986,10.523783109476971,12.138442625584547,2,0,0,7.996336293799904,0.0,0.0,12.894736842105264,0.0,57.6480875468836,2.9772295253410674,4,0.3540680639539768,0.0,45.25122063149536,0.0,0.0,1.1232662969328884,0,53.70625155017247,10.03898124375758,32.16780613101195,70.46919863497838,-2.2098983635449185,6.560470364071556,-2.3844686551972867,10.03898124375758,72.05470644647512,10.0238024775149,11.126902983393991,0,1.5764706164623337,19.5819339020711,9.799819461700956,4,60.6636706846161,9.042787730995068,5.370408695382538,0.0,2.3182032529224665,0.4210526315789473,60.6636706846161,0.7105263157894737,128.77654113438015,-4.619999999999998,1.0,2.571488338806381,404.5760000000001,23.52376989878223,6,0.1005921080479499,0.1005921080479499,0.0,2,0.0,120.32151021570304,7.16423130475936,12.138442625584547,41.55353134433041,0.0,5.048358655880064,9.799819461700956,-0.3060616119557807,0.0,2,5,0.0,1607.773403957572,19.997655808340827,0,178,4,19.5819339020711,0.0,22.66222573506152,10.523783109476971,0.3060616119557807,4,22.56776742917972,2,8.962426958456298,3.468375987826265,8.855956337909001,11.023510250882648,7,2,9.298759999999996,6.701890200788447,12.069452578065317,522.0972885760001,504.5140000000003,9.298759999999996,0.0,228.92904861956248,0.0,25.639252954758803,3.482304406585611,18.762682790722625,153.48399999999972,522.6580000000002,0.0,0.0,5,13.702445739920767,23.52376989878223,21.63064897019628,0,0.0,0.0,0,5,0.0,38,0,0.0,0,0,0,0,0,0.0,1063399696.5104616,0,0,0,0,0,0,0,0,0,0.0,0,0.0,0.0,0.0,0.0,0,0,0,0,0,0,0,0,0,0,0,0,0,0,0,0,0,0,0,0,0,0,0,0,0,0,0,0,0,0,0,0,0,0,0,0,0,0,0,0,0,0,0,0,0,0,0,0,0,0,0,0,0,0,0,0,0,0,0,0,0,0,0,0,0,0,0,0,605
4,0.0,17.062158824050687,41.91,17.47321349399978,3,17.354920475252946,4.899909730850478,0.0,0.5525405737232449,1,17.47321349399978,0.1779717866080678,0.0,0.0,0,0,0,5.986421767572514,14.951935562841626,0.0,13.107142857142858,56.41737393587875,17.062158824050687,3.582077656008538,4,-0.5525405737232449,0.0,16.789763018763903,14.951935562841626,14.951935562841626,0.7541539162307633,3,27.941192241471544,5.010286016427912,15.15886539196421,150.49271937392916,-2.3611940175170325,15.810851418638611,-2.451736715883377,5.010286016427912,181.9910120538483,9.63064824639338,22.253805966787983,0,1.112547327428952,22.37774074977455,4.899909730850478,4,68.77308020742241,12.859393287859437,7.357265186490066,0.0,2.522305783503387,0.3035714285714285,60.6636706846161,0.7142857142857143,206.2564803276947,-7.429999999999996,1.2857142857142858,2.644192743190028,576.5520000000001,0.0,4,0.1635947655234289,0.1635947655234289,1.9436497827815404,2,14.951935562841626,228.51028629448268,8.9985927153769,56.41737393587875,73.47391165666022,0.0,8.9985927153769,4.899909730850478,-0.309832378888499,50.31893299124609,5,9,0.0192307692307692,2799.5819767728503,30.41876353444712,0,262,9,5.41499046939678,0.0,0.0,0.0,0.309832378888499,3,32.03936929376129,2,11.32650221724056,4.825272349706844,14.34460661329846,14.34460661329846,11,1,12.685899999999975,11.32650221724056,19.04194693578977,714.2783470880001,680.5999999999999,12.685899999999975,5.41499046939678,325.66021418839,5.41499046939678,37.05525574931549,0.0,27.78599284284529,227.11599999999945,714.8720000000002,0.0,0.0,8,19.04194693578977,0.0,30.41876353444712,0,0.0,0.0,0,8,0.0,56,0,0.0,0,1,0,0,0,0.0,25592647748046.95,0,0,1,0,0,0,0,0,0,0.0,0,0.0,0.0,0.0,0.0,0,0,0,0,0,0,0,0,0,0,0,0,0,0,0,0,0,0,0,0,0,0,0,0,0,0,0,0,0,0,0,0,0,0,0,0,0,0,0,0,0,0,0,0,0,0,0,0,0,0,0,0,0,0,0,0,0,0,0,0,0,0,0,0,0,0,0,0,493
4,0.0,17.062158824050687,41.91,17.47321349399978,3,17.560081105933598,4.899909730850478,0.0,0.5782574348480491,1,17.47321349399978,0.1779717866080678,0.0,0.0,0,0,0,5.987775903298108,14.951935562841626,0.0,13.107142857142858,56.41737393587875,17.062158824050687,3.5815496492359853,4,-0.5782574348480491,0.0,16.789763018763903,14.951935562841626,14.951935562841626,0.754154780644682,3,27.941192241471544,5.091311769093588,15.158876220008718,150.49271937392916,-2.361223484368477,15.63606806571955,-2.451785077734237,5.091311769093588,175.9246449853867,9.630505813515716,22.253805966787983,0,1.1593506876222792,22.37774074977455,4.899909730850478,4,74.83944727588403,12.859393287859437,7.357265186490066,0.0,2.522545321812388,0.3214285714285714,60.6636706846161,0.75,206.2564803276947,-7.429999999999996,1.375,2.644562705885296,574.9120000000001,0.0,4,0.1636161246161332,0.1636161246161332,1.9291622609364936,2,14.951935562841626,228.51028629448268,9.025554811311531,56.41737393587875,73.45802190074372,0.0,9.025554811311531,4.899909730850478,-0.309832378888499,50.31893299124609,5,9,0.0192307692307692,2816.8319767728503,30.41876353444712,0,262,9,5.41499046939678,0.0,0.0,0.0,0.309832378888499,3,32.03936929376129,2,11.3041731178713,4.825272349706844,14.348060936992407,14.348060936992407,11,1,12.685899999999975,11.3041731178713,19.04194693578977,714.2783470880001,680.5999999999999,12.685899999999975,5.41499046939678,325.66021418839,5.41499046939678,37.05525574931549,0.0,27.78599284284529,227.11599999999945,714.8720000000002,0.0,0.0,8,19.04194693578977,0.0,30.41876353444712,0,0.0,0.0,0,8,0.0,56,0,0.0,0,1,0,0,0,0.0,25429036434013.773,0,0,1,0,0,0,0,0,0,0.0,0,0.0,0.0,0.0,0.0,0,0,0,0,0,0,0,0,0,0,0,0,0,0,0,0,0,0,0,0,0,0,0,0,0,0,0,0,0,0,0,0,0,0,0,0,0,0,0,0,0,0,0,0,0,0,0,0,0,0,0,0,0,0,0,0,0,0,0,0,0,0,0,0,0,0,0,0,495
4,0.0,17.062158824050687,41.91,17.47321349399978,3,17.94791688554967,4.899909730850478,0.0,0.6315104166666676,1,17.47321349399978,0.1923485865240705,0.0,0.0,0,0,0,5.981557880411425,14.951935562841626,0.0,13.32,45.29047095248476,17.062158824050687,3.4985582191801057,4,-0.6315104166666676,0.0,16.789763018763903,14.951935562841626,14.951935562841626,0.7528370266987644,3,33.752513299141675,5.25955193729364,15.15930176026178,150.49271937392916,-2.36218107055124,13.011166678636414,-2.45034203477966,5.25955193729364,157.72554378000189,9.633758711261798,22.253805966787983,0,1.3223363475306658,22.37774074977455,4.899909730850478,4,57.64617722402841,11.215862597867371,6.36392767072745,0.0,2.52553480308832,0.34,36.39820241076966,0.78,181.9910120538483,-6.649999999999997,1.38,2.64278899341509,512.3440000000002,0.0,4,0.1639522737362523,0.1639522737362523,1.953534533999833,2,14.951935562841626,204.24481802063627,8.136863634134329,45.29047095248476,64.33738190181407,0.0,8.136863634134329,4.899909730850478,-0.3098323787641826,33.380708950181976,4,8,0.0217391304347826,2439.9715364875938,27.10936245768861,0,234,9,5.41499046939678,0.0,0.0,0.0,0.3098323787641826,3,28.370210562036988,2,10.11330175781815,4.08668200978862,12.76725634410883,12.76725634410883,10,1,11.018899999999988,10.11330175781815,16.97057973074386,638.2470469600001,608.5340000000001,11.018899999999988,5.41499046939678,290.60311998232606,5.41499046939678,33.07212808619006,0.0,24.819666347656508,201.6799999999995,638.7740000000002,0.0,0.0,7,16.97057973074386,0.0,27.10936245768861,0,0.0,0.0,0,7,0.0,50,0,0.0,0,1,0,0,0,0.0,1071835035369.615,0,0,1,0,0,0,0,0,0,0.0,0,0.0,0.0,0.0,0.0,0,0,0,0,0,0,0,0,0,0,0,0,0,0,0,0,0,0,0,0,0,0,0,0,0,0,0,0,0,0,0,0,0,0,0,0,0,0,0,0,0,0,0,0,0,0,0,0,0,0,0,0,0,0,0,0,0,0,0,0,0,0,0,0,0,0,0,0,504
4,0.0,17.062158824050687,41.91,17.47321349399978,3,17.833977392703247,4.899909730850478,0.0,0.6287624588147676,1,17.47321349399978,0.1813512536978896,0.0,0.0,0,0,0,5.903979110997774,14.951935562841626,0.0,12.92,34.16356796909077,17.062158824050687,3.2092812796574144,4,-0.7055844907407418,0.0,16.789763018763903,14.951935562841626,14.951935562841626,0.7315763304421288,3,39.31596479083867,5.221527245935615,15.15868330892499,162.62545351085237,-2.3781132550207325,10.120587187580734,-2.465731449982092,5.221527245935615,169.8582779169251,9.611092704147984,22.253805966787983,0,1.3814016515188985,22.37774074977455,4.899909730850478,4,46.51927424063442,12.421852260704394,7.325400784058486,0.0,2.47216306626516,0.34,36.39820241076966,0.74,194.1237461907715,-6.649999999999997,1.28,2.5830024145187904,515.0480000000001,0.0,4,0.1639299591256476,0.1639299591256476,1.9023076821479807,2,14.951935562841626,216.37755215755948,7.4805308174334675,34.16356796909077,68.0597944042347,0.0,7.4805308174334675,4.899909730850478,-0.3098323909526039,16.690354475090988,6,8,0.0217391304347826,2322.308533368596,27.264062996067864,0,236,2,5.41499046939678,0.0,0.0,0.0,0.3098323909526039,3,29.48594392493238,1,9.590474069770249,4.806468135211503,12.405148055640431,12.405148055640431,9,1,11.038499999999988,9.590474069770249,16.887246397410525,640.2626970240001,608.5340000000001,11.038499999999988,5.41499046939678,291.60895113585536,5.41499046939678,33.3316411101839,0.0,24.81966634765651,202.6859999999995,640.7900000000003,0.0,0.0,7,16.887246397410525,0.0,27.264062996067864,0,0.0,0.0,0,7,0.0,50,0,0.0,0,0,0,0,0,0.0,785439808474.3584,0,0,0,0,0,0,0,0,0,0.0,0,0.0,0.0,0.0,0.0,0,0,0,0,0,0,0,0,0,0,0,0,0,0,0,0,0,0,0,0,0,0,0,0,0,0,0,0,0,0,0,0,0,0,0,0,0,0,0,0,0,0,0,0,0,0,0,0,0,0,0,0,0,0,0,0,0,0,0,0,0,0,0,0,0,0,0,0,501
4,0.0,17.062158824050687,41.91,17.47321349399978,3,17.300490295262655,4.899909730850478,0.0,0.5070423434649141,1,17.47321349399978,0.1779717866080678,0.0,0.0,0,0,0,5.997575782922834,14.951935562841626,0.0,13.107142857142858,56.41737393587875,17.062158824050687,3.581510164297911,4,-0.5070423434649141,0.0,16.789763018763903,14.951935562841626,14.951935562841626,0.7525497070733257,3,27.941192241471544,4.990884910266756,15.158770332437356,150.49271937392916,-2.356865076854666,15.891680747311463,-2.446302566959414,4.990884910266756,181.9910120538483,9.643047973111251,22.253805966787983,0,1.084365842877258,22.37774074977455,4.899909730850478,4,68.77308020742241,12.859393287859437,7.357265186490066,0.0,2.516254001932136,0.3035714285714285,60.6636706846161,0.7142857142857143,206.2564803276947,-7.429999999999996,1.2857142857142858,2.639663070244828,574.5040000000001,0.0,4,0.163594765534568,0.163594765534568,1.9496400430732663,2,14.951935562841626,228.51028629448268,8.987196769881228,56.41737393587875,73.44152224768594,0.0,8.987196769881228,4.899909730850478,-0.3098323849645146,50.31893299124609,5,9,0.0192307692307692,2799.5819767728503,30.41876353444712,0,262,9,5.41499046939678,0.0,0.0,0.0,0.3098323849645146,3,32.03936929376129,2,11.334675234853336,4.825272349706844,14.344606613298458,14.344606613298458,11,1,12.685899999999975,11.334675234853336,19.04194693578977,714.278347088,680.5999999999999,12.685899999999975,5.41499046939678,325.66021418839,5.41499046939678,37.0552557493155,0.0,27.78599284284529,227.11599999999945,714.8720000000002,0.0,0.0,8,19.04194693578977,0.0,30.41876353444712,0,0.0,0.0,0,8,0.0,56,0,0.0,0,1,0,0,0,0.0,25597792991404.37,0,0,1,0,0,0,0,0,0,0.0,0,0.0,0.0,0.0,0.0,0,0,0,0,0,0,0,0,0,0,0,0,0,0,0,0,0,0,0,0,0,0,0,0,0,0,0,0,0,0,0,0,0,0,0,0,0,0,0,0,0,0,0,0,0,0,0,0,0,0,0,0,0,0,0,0,0,0,0,0,0,0,0,0,0,0,0,0,488
5,0.0,17.062158824050687,56.07000000000001,17.47321349399978,3,17.298034954841903,4.899909730850478,2.4710731356904634,0.0227361860047778,2,28.972237160567587,0.1668727142856625,0.0,0.0,0,0,0,6.142486025429286,14.951935562841626,10.82998093879356,12.553846153846154,72.78370709133043,38.8680086882128,3.666086962763902,5,-0.0993185134667962,8.814620740380473,22.40817398459965,19.519035210632985,19.519035210632985,0.4767266403987368,4,62.06582622378704,6.354274496817239,16.485044362428663,154.13767274063298,-2.1519414107021912,14.047974731277344,-2.3241620815184705,6.354274496817239,156.80339749891442,9.830715752688162,52.66932618153773,0,1.0938075408318455,44.4010269450847,14.203872332441884,6,100.3167402354239,15.457051145426773,9.506915431652727,4.736862953800049,2.2716676612277777,0.4,84.92913895846256,0.8615384615384616,188.0573791223099,-7.8299999999999965,1.4,2.5042910096500943,683.7280000000002,0.0,6,0.1635947655904742,0.1635947655904742,3.5886220306760057,3,19.688798516641675,199.18428210570391,9.00577518757344,62.47688089373613,66.33148571084202,13.781522029625126,9.00577518757344,9.636772684650529,-0.4529535242785993,32.93275284755611,6,10,0.135593220338983,3293.322815206064,37.54217461284205,0,316,5,52.372404136937305,0.0,0.0,0.0,0.4529535242785993,4,39.978486015442726,1,12.545034357131632,7.212583747193053,18.99226355022291,18.99226355022291,11,1,15.807199999999966,12.545034357131632,22.35306642707244,843.3937111880001,794.6829999999997,15.807199999999966,10.82998093879356,380.0595521372184,0.0,44.4504432637009,0.0,31.47462889736657,268.06699999999955,844.0749999999999,0.0,11.49902366656781,8,22.35306642707244,0.0,37.54217461284205,0,0.0,0.0,0,8,0.0,65,0,0.0,1,0,0,0,0,0.0,816962593432435.1,0,0,0,0,0,0,0,0,0,0.0,0,0.0,0.0,0.0,0.0,0,0,0,0,0,0,0,0,0,0,0,0,0,0,0,0,0,0,0,0,0,0,0,0,0,0,0,0,0,0,0,0,0,0,0,0,0,0,0,0,0,0,0,0,0,0,0,0,0,0,0,0,0,0,0,0,0,0,0,0,0,0,0,0,0,0,0,0,525
6,0.0,17.062158824050687,65.3,17.47321349399978,3,17.29791925576597,4.899909730850478,2.3792376434076408,0.0549549057857965,2,40.4712608271354,0.1717697272834804,0.0,5.687386274683562,0,0,0,6.144720113522941,14.951935562841626,10.82998093879356,12.909090909090908,72.78370709133043,38.8680086882128,3.671270193492392,5,-0.1315372332478139,16.052004626037274,28.09556025928321,19.519035210632985,19.519035210632985,0.4453768285285434,4,84.59825132558737,6.8216856727185,16.499861100200665,142.00493860370975,-2.2007708109359148,13.317559382254595,-2.3768137794321573,6.8216856727185,156.80339749891442,9.830705917405504,52.66932618153773,0,1.087446099456789,45.1589885326408,14.040825555391454,7,76.05127196157743,14.75735019030089,8.843816746094316,9.473725907600098,2.355854774581908,0.4090909090909091,84.92913895846256,0.8787878787878788,175.9246449853867,-8.029999999999998,1.4090909090909092,2.6016211487353367,687.4480000000002,0.0,7,0.1635947655904742,0.1635947655904742,4.938078716446691,4,24.425661470441725,187.0515479687807,9.409720299297293,73.97590456030395,61.46173572919541,13.720131313559085,9.409720299297293,14.373635638450576,-0.4527200842859296,21.899351412323583,5,10,0.135593220338983,3417.6388311816427,37.79572236492666,0,320,7,52.372404136937305,4.899909730850478,0.0,0.0,0.4527200842859296,4,39.552622775452605,2,12.905387211561674,6.527049295739072,19.36857687232544,19.36857687232544,12,2,15.912899999999969,12.905387211561674,22.59464805086964,857.372975744,810.6819999999997,15.912899999999969,10.82998093879356,384.16726621319606,0.0,44.89803702089359,0.0,31.95779214496096,268.1409999999996,858.0579999999999,0.0,22.99804733313562,8,22.59464805086964,0.0,37.79572236492666,0,0.0,0.0,0,8,0.0,66,0,0.0,2,0,0,0,0,0.0,1590555628198876.5,0,0,0,0,0,0,0,0,0,0.0,0,0.0,0.0,0.0,0.0,0,0,0,0,0,0,0,0,0,0,0,0,0,0,0,0,0,0,0,0,0,0,0,0,0,0,0,0,0,0,0,0,0,0,0,0,0,0,0,0,0,0,0,0,0,0,0,0,0,0,0,0,0,0,0,0,0,0,0,0,0,0,0,0,0,0,0,0,524
2,4.794537184071822,17.062158824050687,25.24,11.126902983393991,3,15.311381983312364,4.899909730850478,2.385695945753597,0.0284169110670919,1,5.783244946364939,0.1725583490467142,0.0,0.0,0,1,1,6.110053053970624,0.0,5.783244946364939,11.130434782608695,38.62013912223967,44.65125363457774,3.467027053147757,2,0.0284169110670919,2.2836460322318906,11.033401435232523,10.350344594156294,4.567099647791355,0.1034014782953116,1,44.90984951736076,13.034309455354643,16.138303878219823,124.72798367941247,-2.0892895099861835,10.323887046979603,-2.2515135749294646,13.034309455354643,103.1282401638474,10.016738023174929,15.921440167465814,0,1.1631808435504167,44.64889651105784,9.467009378641832,3,89.98967487339495,11.718010471621064,6.9710505323644725,4.794537184071822,2.156785621668556,0.4130434782608695,66.73003775307771,0.9130434782608696,181.9910120538483,-6.189999999999997,1.565217391304348,2.375132532623472,479.4560000000001,0.0,3,0.1925222380014392,0.1925222380014392,0.0284169110670919,1,0.0,193.11791503724228,6.353011475685822,16.814289258077554,62.33363874732212,0.0,6.353011475685822,4.899909730850478,-0.3105059437185671,10.772448428929591,7,8,0.0,2249.033945110261,25.12318355715256,1,218,3,0.0,4.794537184071822,0.0,0.0,0.3105059437185671,3,27.365423957024728,0,8.583872772936873,4.942622448909008,11.379893614790712,11.379893614790712,8,0,11.151499999999986,8.583872772936873,15.485934290294736,590.2358135800001,560.4860000000003,11.151499999999986,0.0,267.78563300554083,0.0,30.8734574734408,0.0,22.74231607846689,190.7744999999996,590.7260000000003,0.0,0.0,7,15.485934290294736,0.0,25.12318355715256,0,0.0,0.0,0,7,0.0,46,0,0.0,0,0,0,0,0,0.0,90229914921.87172,0,0,0,0,0,0,0,0,0,0.0,0,0.0,0.0,0.0,0.0,0,0,0,0,0,0,0,0,0,0,0,0,0,0,0,0,0,0,0,0,0,0,0,0,0,0,0,0,0,0,0,0,0,0,0,0,0,0,0,0,0,0,0,0,0,0,0,0,0,0,0,0,0,0,0,0,0,0,0,0,0,0,0,0,0,0,0,0,487
2,4.794537184071822,17.062158824050687,25.24,11.126902983393991,3,15.362659839927812,4.899909730850478,2.3934623989464985,0.0261107384865642,1,5.783244946364939,0.1725583490467142,0.0,0.0,0,1,1,6.108297193505898,0.0,5.783244946364939,11.130434782608695,38.62013912223967,44.65125363457774,3.466396199415012,2,0.0261107384865642,2.297470238095238,11.033401435232523,10.350344594156294,4.567099647791355,0.1034014868163075,1,44.90984951736076,13.0878113615453,16.138303892368256,124.72798367941247,-2.089347801642681,10.263682514087307,-2.251565456674204,13.0878113615453,109.19460723230902,10.02092077808074,15.921440167465814,0,1.1889238694451858,44.64889651105784,9.467009378641832,3,83.92330780493333,11.718010471621064,6.9710505323644725,4.794537184071822,2.1575574002066435,0.4130434782608695,66.73003775307771,0.9130434782608696,181.9910120538483,-6.189999999999997,1.565217391304348,2.3746116884137947,478.7600000000001,0.0,3,0.1925222380014393,0.1925222380014393,0.0261107384865642,1,0.0,193.11791503724228,6.350654862439066,16.814289258077554,62.32328093712323,0.0,6.350654862439066,4.899909730850478,-0.3105059437184648,10.772448428929591,7,8,0.0,2249.033945110261,25.12318355715256,1,218,3,0.0,4.794537184071822,0.0,0.0,0.3105059437184648,3,27.365423957024728,0,8.585051445808299,4.942622448909008,11.379893614790712,11.379893614790712,8,0,11.151499999999986,8.585051445808299,15.485934290294736,590.2358135800001,560.4860000000003,11.151499999999986,0.0,267.78563300554083,0.0,30.8734574734408,0.0,22.74231607846689,190.7744999999996,590.7260000000003,0.0,0.0,7,15.485934290294736,0.0,25.12318355715256,0,0.0,0.0,0,7,0.0,46,0,0.0,0,0,0,0,0,0.0,90108180529.32994,0,0,0,0,0,0,0,0,0,0.0,0,0.0,0.0,0.0,0.0,0,0,0,0,0,0,0,0,0,0,0,0,0,0,0,0,0,0,0,0,0,0,0,0,0,0,0,0,0,0,0,0,0,0,0,0,0,0,0,0,0,0,0,0,0,0,0,0,0,0,0,0,0,0,0,0,0,0,0,0,0,0,0,0,0,0,0,0,471
2,4.794537184071822,17.062158824050687,25.24,11.126902983393991,3,15.43168548207728,4.899909730850478,2.385695945753597,0.0233335944475192,1,5.783244946364939,0.1725583490467146,0.0,0.0,0,1,1,6.137963250590009,0.0,5.783244946364939,11.130434782608695,38.62013912223967,44.65125363457774,3.4776914967059613,2,0.0233335944475192,2.3243321155622745,11.033401435232523,10.350344594156294,4.567099647791355,0.1034014666724418,1,44.90984951736076,13.154258478457512,16.138304032431353,136.8607178163357,-2.089850759012465,10.237929139500723,-2.2523225896420715,13.154258478457512,115.26097430077064,10.006725534169396,15.921440167465814,0,1.244578219743194,50.21234800275483,9.467009378641832,3,72.29348924477472,11.718010471621064,6.9710505323644725,4.794537184071822,2.1791857533617054,0.4347826086956521,54.59730361615449,0.9565217391304348,181.9910120538483,-6.189999999999997,1.608695652173913,2.3979205229249643,478.2560000000001,0.0,3,0.1925222380014863,0.1925222380014863,0.0233335944475192,1,0.0,193.11791503724228,6.429197380024209,16.814289258077554,62.26369038932528,0.0,6.429197380024209,4.899909730850478,-0.3105059436404068,10.772448428929591,7,8,0.0,2249.033945110261,25.12318355715256,1,218,3,0.0,4.794537184071822,0.0,0.0,0.3105059436404068,4,27.365423957024728,0,8.58371759442751,4.846939445412336,11.349705857260515,11.349705857260515,8,0,11.151499999999986,8.58371759442751,15.491917354438442,590.2358135800001,560.4860000000003,11.151499999999986,0.0,267.78563300554083,0.0,30.8734574734408,0.0,22.75915283087249,190.7744999999996,590.7260000000002,0.0,0.0,7,15.491917354438442,0.0,25.12318355715256,0,0.0,0.0,0,7,0.0,46,0,0.0,0,0,0,0,0,0.0,91654150975.59624,0,0,0,0,0,0,0,0,0,0.0,0,0.0,0.0,0.0,0.0,0,0,0,0,0,0,0,0,0,0,0,0,0,0,0,0,0,0,0,0,0,0,0,0,0,0,0,0,0,0,0,0,0,0,0,0,0,0,0,0,0,0,0,0,0,0,0,0,0,0,0,0,0,0,0,0,0,0,0,0,0,0,0,0,0,0,0,0,489
2,4.794537184071822,17.062158824050687,30.17,11.126902983393991,3,16.252107676623204,4.899909730850478,4.792519142340995,0.0061365701615345,2,5.783244946364939,0.1446019915166323,0.0,0.0,0,1,1,6.142349181474095,0.0,5.783244946364939,11.457627118644067,66.11337526108535,66.45710349873985,3.832960131753144,3,-0.0061365701615345,4.606249350733551,22.066802870465047,14.91744424194765,9.13419929558271,0.1034010585269316,2,61.63063722727684,13.970013881730951,16.13832283345784,189.95875401181985,-2.089858094068992,13.416959039942563,-2.252323413576651,13.970013881730951,121.32734136923226,10.006054072408798,15.921440167465814,0,0.9464419244078186,66.67218270636798,14.034109026433187,4,108.6916916555444,14.211323301313762,8.264471406239108,4.794537184071822,2.1892017956730867,0.3389830508474576,48.53093654769288,0.7457627118644068,224.4555815330795,-7.949999999999996,1.271186440677966,2.4031643026433724,608.3680000000002,0.0,4,0.1925248106674928,0.1925248106674928,-0.0061365701615345,2,0.0,235.5824845164735,8.802253509565714,22.50167553276112,77.93830136052122,0.0,8.802253509565714,4.899909730850478,-0.3105059436404068,21.544896857859182,8,11,0.0,3214.338358883597,32.111849036979905,1,278,6,0.0,4.794537184071822,0.0,0.0,0.3105059436404068,6,34.31093661228797,0,11.51550939314159,5.808241758241759,14.900262791310755,14.900262791310755,11,0,14.248599999999971,11.51550939314159,19.97812188859058,755.2936628040001,718.6249999999999,14.248599999999971,0.0,341.6251881826848,0.0,39.28730655688437,0.0,29.208642573655663,245.11349999999945,755.9210000000002,0.0,0.0,9,19.97812188859058,0.0,32.111849036979905,0,0.0,0.0,0,9,0.0,59,0,0.0,0,0,0,0,0,0.0,113019487818930.8,0,0,0,0,0,0,0,0,0,0.0,0,0.0,0.0,0.0,0.0,0,0,0,0,0,0,0,0,0,0,0,0,0,0,0,0,0,0,0,0,0,0,0,0,0,0,0,0,0,0,0,0,0,0,0,0,0,0,0,0,0,0,0,0,0,0,0,0,0,0,0,0,0,0,0,0,0,0,0,0,0,0,0,0,0,0,0,0,505
3,9.589074368143644,22.74954509873425,40.620000000000005,22.20051347254235,4,32.17330956218412,9.799819461700956,1.538368752459662,0.0450565458975462,0,0.0,0.176440234868146,0.0,0.0,0,2,2,6.362874502378576,4.899909730850478,17.22934992809979,14.72549019607843,10.772448428929591,45.33635298636685,3.16415726317928,2,-0.5897617333506231,0.0,28.16453556813103,11.814359458703011,0.0,0.0893248114732753,0,39.13873751360647,14.270668047083593,16.17769886320425,134.86572856223137,-2.4039414122480407,9.768542540253865,-2.4637622539139974,14.270668047083593,142.09855296830412,9.62181728257884,69.3044464090945,0,1.2642109555462335,21.899351412323583,4.899909730850478,4,75.69681740711303,11.394149180230707,6.875194855940548,9.589074368143644,2.464356917869864,0.4509803921568627,54.59730361615449,0.9607843137254902,163.7919108484635,-6.259999999999997,1.5098039215686274,2.5801948148063203,530.2080000000001,0.0,4,0.2654874759174033,0.2654874759174033,-0.6289346856087057,2,0.0,202.73607129034244,8.291726975037763,0.0,56.201742598667,6.446971232044026,8.291726975037763,9.799819461700956,-0.309203456961282,16.026812714244468,4,7,0.1063829787234042,2384.564340865177,28.79938104004755,0,246,2,31.60119253786544,9.589074368143644,0.0,0.0,0.309203456961282,2,30.77324441752379,2,10.62857008288131,4.458273494268478,14.454731042072448,14.454731042072448,9,2,11.103799999999987,10.62857008288131,17.452024563814078,660.277678392,624.5290000000003,11.103799999999987,10.82998093879356,297.7841827157644,5.41499046939678,34.9068376682604,0.0,24.796715525441787,206.78099999999944,660.8170000000002,0.0,0.0,7,17.452024563814078,0.0,28.79938104004755,0,0.0,0.0,0,7,0.0,51,0,0.0,0,0,0,0,0,0.0,642269207286.6731,1,0,0,0,0,0,0,0,0,11.814359458703011,2,0.0,0.0,0.0,0.0,0,0,0,0,0,0,0,0,0,0,0,0,0,0,0,0,0,0,0,0,0,0,0,0,0,0,0,0,0,0,0,0,2,0,0,0,0,0,0,0,0,0,0,0,0,0,0,0,0,0,0,0,0,0,0,0,0,0,0,0,0,0,0,0,0,0,0,0,584
3,9.589074368143644,22.74954509873425,40.620000000000005,22.20051347254235,4,31.513608985260767,9.799819461700956,1.5936114295223245,0.0238657058138442,0,0.0,0.2113645511857193,0.0,0.0,0,2,2,6.362574048446013,4.899909730850478,22.64434039749657,15.634146341463415,10.772448428929591,45.33635298636685,2.962223582042269,2,-0.2969106932896614,0.0,22.74954509873425,11.814359458703011,0.0,0.0893273824731533,0,28.011834530212475,13.956905912891887,16.17767737037326,88.0495322769965,-2.402094062289737,8.23182441673361,-2.421440990341769,13.956905912891887,95.28235668306924,9.732236393162353,72.02501782508175,0,1.4159016980204375,27.314341881720363,4.899909730850478,4,64.56991442371904,8.647617590041834,5.331972742434571,9.589074368143644,2.3877071577243942,0.5609756097560976,54.59730361615449,1.1219512195121952,103.1282401638474,-4.6999999999999975,1.7073170731707317,2.528891078848962,425.5760000000001,0.0,4,0.2654874759174033,0.2654874759174033,-0.5938213865793227,2,0.0,130.9454976223324,6.549553768176658,0.0,34.45441334598926,10.96702987574002,6.549553768176658,9.799819461700956,-0.3092534636816189,16.026812714244468,2,5,0.1891891891891892,1821.8164391312296,24.025878348151288,0,202,2,45.448666937246685,9.589074368143644,0.0,0.0,0.3092534636816189,2,25.2798970541388,2,8.753641676994416,3.598276690974576,12.597680234503573,12.597680234503573,7,2,9.047,8.753641676994416,14.13065735876816,536.246378264,504.4190000000005,9.047,10.82998093879356,240.3998785324296,0.0,28.68106931801569,0.0,19.58637209439671,167.0409999999996,536.6750000000003,0.0,0.0,5,14.13065735876816,0.0,24.025878348151288,0,0.0,0.0,0,5,0.0,41,0,0.0,0,0,0,0,0,0.0,2156915848.807123,1,0,0,0,0,0,0,0,0,11.814359458703011,2,0.0,0.0,0.0,0.0,0,0,0,0,0,0,0,0,0,0,0,0,0,0,0,0,0,0,0,0,0,0,0,0,0,0,0,0,0,0,0,0,2,0,0,0,0,0,0,0,0,0,0,0,0,0,0,0,0,0,0,0,0,0,0,0,0,0,0,0,0,0,0,0,0,0,0,0,597
6,0.0,34.124317648101375,32.260000000000005,0.0,6,20.26568107454791,9.799819461700956,4.473924693131945,0.9007543230224716,1,0.0,0.1340267017906934,0.0,0.0,0,0,0,7.996341716488541,9.967957041894415,0.0,13.36,43.61169972832423,101.2597872752078,3.173547910302436,4,0.9007543230224716,0.0,44.81634796919929,9.967957041894415,9.967957041894415,1.1680043690794149,2,54.98647227769135,5.365767181885508,32.1678077730958,167.52536324170282,-2.1415259249736143,10.68774885126686,-2.3259954836481698,5.365767181885508,96.32017472032156,10.038740442710573,0.0,0,1.0557376188387386,41.729154880367815,9.799819461700956,4,95.70158738739214,10.84121471706338,6.084444413062649,0.0,2.259362967541031,0.36,23.52376989878223,0.74,177.30747768207297,-5.819999999999997,1.14,2.5268062797908435,511.16000000000014,0.0,6,0.097267303395071,0.097267303395071,0.0,3,9.967957041894415,157.72554378000189,9.595245154712906,0.0,56.58384486387965,0.0,7.479372505833606,9.799819461700956,-0.3081955468264523,42.33147900080535,2,9,0.0,2584.5017798405893,26.61645796185784,0,234,10,19.5819339020711,0.0,0.0,0.0,0.3081955468264523,4,28.061635950656537,2,12.01321223458415,4.220760655660937,12.646917982092898,14.814471895066546,11,2,12.958199999999982,9.752675476916291,16.65940058365711,674.1598888320001,648.646,12.958199999999982,0.0,296.5799591166657,0.0,32.76020881938893,3.6554671838403054,24.764285466321496,209.6679999999996,674.8540000000002,0.0,0.0,8,18.292393745512555,23.52376989878223,28.24945112371329,0,0.0,0.0,0,8,0.0,50,0,0.0,0,0,0,0,0,0.0,1054392617503.2416,0,0,0,0,0,0,0,0,0,0.0,0,0.0,0.0,0.0,0.0,0,0,0,0,0,0,0,0,0,0,0,0,0,0,0,0,0,0,0,0,0,0,0,0,0,0,0,0,0,0,0,0,0,0,0,0,0,0,0,0,0,0,0,0,0,0,0,0,0,0,0,0,0,0,0,0,0,0,0,0,0,0,0,0,0,0,0,0,613
5,10.523783109476971,17.062158824050687,76.6,22.16030441862652,3,12.27252394033906,4.899909730850478,23.31971374164276,0.2988887644656024,1,0.0,0.1481296506827527,10.523783109476971,12.138442625584547,2,0,0,6.239753610378297,9.967957041894415,0.0,11.148936170212766,54.738602711718215,60.67385855237491,3.1190440728282254,5,0.2988887644656024,0.0,33.19370585385904,9.967957041894415,9.967957041894415,1.267760167945576,2,60.76736010053638,9.6054766934426,15.13863916969429,134.0140669196637,-2.093593306500819,11.297746049669552,-2.256647860798998,9.6054766934426,83.92330780493333,9.949293866225316,22.253805966787983,0,1.2670299228378037,27.83460725298028,4.899909730850478,5,90.34412942785931,11.10572156595028,6.604569608881291,0.0,2.161359803581569,0.4680851063829787,12.13273413692322,0.9148936170212766,127.39370843769387,-6.559999999999997,1.425531914893617,2.386945627258559,484.7040000000001,12.13273413692322,5,0.1005931921344492,0.1005931921344492,0.0,1,9.967957041894415,149.64751440448188,6.378758945362412,23.26534560897854,48.23097701906308,4.212372582618893,6.378758945362412,4.899909730850478,-0.3105052719532737,11.126902983393991,4,8,0.0476190476190476,2544.4917500622346,25.86042363048193,0,220,7,13.847474399381248,0.0,36.50970013444277,10.523783109476971,0.3105052719532737,0,27.950887276801584,0,8.834654889103145,4.789350123000652,11.890262708781378,11.890262708781378,8,0,10.586399999999983,8.834654889103145,15.446647474169028,601.2266458639999,574.4970000000002,10.586399999999983,0.0,271.77340131725003,0.0,32.069974375076946,0.0,22.99986623374051,191.07899999999964,601.7130000000001,0.0,0.0,7,15.446647474169028,0.0,25.86042363048193,0,0.0,0.0,2,7,0.0,47,0,0.0,0,0,0,0,0,0.0,86118051474.13412,0,0,0,0,0,0,0,0,0,0.0,0,0.0,0.0,0.0,0.0,0,0,0,0,0,0,0,0,0,0,0,0,0,0,0,0,0,0,0,0,0,0,0,0,0,0,0,0,0,0,0,0,0,0,0,0,0,0,0,0,0,0,0,0,0,0,0,0,0,0,0,0,0,0,0,0,0,0,0,0,0,0,0,0,0,0,0,0,670
5,10.523783109476971,17.062158824050687,76.6,22.16030441862652,3,12.387260174706922,4.899909730850478,23.3648246741952,0.1012695450603453,1,0.0,0.1431806797561035,10.523783109476971,12.138442625584547,2,0,0,6.2399033580994345,9.967957041894415,5.41499046939678,13.291666666666666,54.738602711718215,60.67385855237491,3.136798096345102,5,-0.1012695450603453,0.0,44.56847840322616,9.967957041894415,9.967957041894415,0.6316867203918536,2,49.39258755116926,9.620884945112335,15.15639636425731,134.0140669196637,-2.299560780475974,11.632809540309736,-2.4156757552876464,9.620884945112335,98.7766133578438,9.733585571001322,36.10128036616923,0,1.1938673568106974,21.87482517300993,4.899909730850478,5,75.49082387494886,10.22373983655271,5.905459133751234,0.0,2.358800655971913,0.5208333333333334,12.13273413692322,1.0208333333333333,127.39370843769387,-6.559999999999997,1.6041666666666667,2.5134149565666,489.4720000000001,12.13273413692322,5,0.1005931921344492,0.1005931921344492,0.0,2,9.967957041894415,149.64751440448188,7.491176284875496,23.26534560897854,48.58755371932965,4.610885224791825,7.491176284875496,4.899909730850478,-0.309881677398293,22.50167553276112,2,8,0.0697674418604651,2679.072784571189,26.36042363048193,0,224,9,19.26246486877803,0.0,22.66222573506152,10.523783109476971,0.309881677398293,2,27.725865774342545,1,9.886908555568132,3.951665243255724,12.87846250777555,12.87846250777555,9,1,10.608859999999986,9.886908555568132,15.958613602456444,613.2266458639999,586.5080000000002,10.608859999999986,5.41499046939678,277.1325122781174,0.0,32.569974375076946,0.0,23.45618946936209,193.73299999999963,613.724,0.0,0.0,7,15.958613602456444,0.0,26.36042363048193,0,0.0,0.0,0,7,0.0,48,0,0.0,0,0,0,0,0,0.0,170693405477.38528,0,0,0,0,0,0,0,0,0,0.0,0,0.0,0.0,0.0,0.0,0,0,0,0,0,0,0,0,0,0,0,0,0,0,0,0,0,0,0,0,0,0,0,0,0,0,0,0,0,0,0,0,0,0,0,0,0,0,0,0,0,0,0,0,0,0,0,0,0,0,0,0,0,0,0,0,0,0,0,0,0,0,0,0,0,0,0,0,630
5,10.523783109476971,17.062158824050687,76.6,11.033401435232523,3,11.418680838960896,4.899909730850478,23.00917486075005,0.0397721715774184,1,11.387855989696922,0.2036652290676356,10.523783109476971,12.138442625584547,2,0,0,6.23244448938664,9.967957041894415,11.387855989696922,10.976744186046512,43.705201276485695,49.64045711714239,3.058685688805572,5,0.0397721715774184,0.0,11.033401435232523,9.967957041894415,9.967957041894415,1.2073881660671262,2,49.73395866530386,9.61120925467411,15.138624466694264,119.71084719905032,-2.0936048747345537,9.21113722116148,-2.256641503141989,9.61120925467411,83.92330780493333,9.94996869922832,22.51475897309092,0,1.3603674828900238,27.83460725298028,4.899909730850478,5,78.21139529093608,10.415269176636173,6.272560028729109,0.0,2.1651982422216287,0.4883720930232558,36.40391089943099,0.9302325581395348,115.26097430077064,-6.039999999999997,1.441860465116279,2.3824098367862727,446.4320000000001,0.0,5,0.1772373803741432,0.1772373803741432,0.0,1,0.0,137.77573327386156,5.682343524131004,23.26534560897854,44.16072796403405,4.200279115093514,5.682343524131004,4.899909730850478,-0.3105052719532737,11.126902983393991,4,7,0.0526315789473684,2208.858782471913,23.70572309210268,0,202,6,13.847474399381248,0.0,36.50970013444277,10.523783109476971,0.3105052719532737,0,25.896602061941472,0,7.8978469715025135,4.503753033126037,10.700970078404955,10.700970078404955,7,0,9.433199999999994,7.8978469715025135,14.041946935789776,551.2109958,526.4530000000003,9.433199999999994,0.0,249.09173678551485,0.0,29.5010602743246,0.0,21.033539738551728,173.57299999999967,551.6530000000002,0.0,0.0,6,14.041946935789776,0.0,23.70572309210268,0,0.0,0.0,2,6,0.0,43,0,0.0,0,0,0,0,0,0.0,9936130770.168636,0,0,0,0,0,0,0,0,0,0.0,0,0.0,0.0,0.0,0.0,0,0,0,0,0,0,0,0,0,0,0,0,0,0,0,0,0,0,0,0,0,0,0,0,0,0,0,0,0,0,0,0,0,0,0,0,0,0,0,0,0,0,0,0,0,0,0,0,0,0,0,0,0,0,0,0,0,0,0,0,0,0,0,0,0,0,0,0,617
5,10.523783109476971,17.062158824050687,76.6,11.033401435232523,3,11.53341707332876,4.899909730850478,23.061850345928136,0.0421238557151255,1,11.387855989696922,0.195842620966,10.523783109476971,12.138442625584547,2,0,0,6.232586255998993,9.967957041894415,16.8028464590937,13.318181818181818,43.705201276485695,49.64045711714239,3.077966224014371,5,-0.1009679691442779,0.0,22.40817398459965,9.967957041894415,9.967957041894415,0.6316868755613829,2,38.35918611593674,9.63072248753597,15.156378149741364,125.77721426751197,-2.299560735385067,9.539833454494572,-2.415675640071022,9.63072248753597,98.7766133578438,9.733585621236712,36.36223337247216,0,1.2764401487678478,21.87482517300993,4.899909730850478,5,63.35808973802562,9.491702443792269,5.533870123040443,0.0,2.3585854014452456,0.5454545454545454,30.337543830969377,1.0454545454545454,115.26097430077064,-6.039999999999997,1.6363636363636365,2.51292559806591,451.1200000000001,0.0,5,0.1772373803741432,0.1772373803741432,0.0,2,0.0,137.77573327386153,6.794760863644081,23.26534560897854,44.51790621423229,4.596992912016246,6.794760863644081,4.899909730850478,-0.309881677398293,22.50167553276112,2,7,0.0769230769230769,2341.515486672247,24.205723092102687,0,206,8,19.26246486877803,0.0,22.66222573506152,10.523783109476971,0.309881677398293,2,25.65296234850116,1,8.950100637967493,3.634905031771201,11.689169877399118,11.689169877399118,8,1,9.455659999999996,8.950100637967493,14.553913064077197,563.2109958000001,538.4640000000004,9.455659999999996,5.41499046939678,254.4508477463823,0.0,30.0010602743246,0.0,21.48986297417331,176.2269999999996,563.6640000000002,0.0,0.0,6,14.553913064077197,0.0,24.205723092102687,0,0.0,0.0,0,6,0.0,44,0,0.0,0,0,0,0,0,0.0,19706240939.336308,0,0,0,0,0,0,0,0,0,0.0,0,0.0,0.0,0.0,0.0,0,0,0,0,0,0,0,0,0,0,0,0,0,0,0,0,0,0,0,0,0,0,0,0,0,0,0,0,0,0,0,0,0,0,0,0,0,0,0,0,0,0,0,0,0,0,0,0,0,0,0,0,0,0,0,0,0,0,0,0,0,0,0,0,0,0,0,0,585
4,0.0,17.062158824050687,38.25,0.0,3,12.48456388573948,4.899909730850478,0.0,0.8257233712378569,1,11.49902366656781,0.2631053285681275,0.0,0.0,0,0,0,5.919056941631814,9.967957041894415,0.0,12.055555555555555,33.54816040832344,28.09556025928321,2.956091897483647,3,0.8257233712378569,6.188674719727902,33.79602997429657,9.967957041894415,9.967957041894415,0.4767357576328775,2,62.109342898941925,6.188674719727902,16.48500252580467,59.497213347004966,-2.152352501924544,8.52212542673176,-2.32356854096949,6.188674719727902,84.92913895846256,10.032397744350734,0.0,0,1.445448826179036,16.814289258077554,9.636772684650529,4,42.46456947923127,8.362503295700382,4.742566337732252,4.736862953800049,2.253582880643605,0.4722222222222222,72.79640482153933,0.9722222222222222,127.39370843769387,-4.959999999999998,1.5555555555555556,2.4987921447945167,369.77600000000007,0.0,4,0.1510438494209917,0.1510438494209917,1.6514467424757138,2,14.704819995694464,127.39370843769387,4.759190395425104,34.01378263965872,42.98652255865848,0.0,4.759190395425104,9.636772684650529,-0.452953524200306,0.0,3,6,0.0,1669.580600942334,19.37424472994588,0,170,3,0.0,0.0,0.0,0.0,0.452953524200306,4,20.416421031025948,1,6.432694263223718,3.3923552625979982,8.698810137096652,8.698810137096652,7,1,8.539300000000003,6.432694263223718,11.937597489851472,463.168462292,442.3720000000003,8.539300000000003,0.0,208.64828818356224,0.0,23.898765978752643,0.0,17.848469228349536,145.16699999999975,463.5400000000001,0.0,11.49902366656781,5,11.937597489851472,0.0,19.37424472994588,0,0.0,0.0,0,5,0.0,36,0,0.0,1,0,0,0,0,0.0,475089846.4718711,0,0,0,0,0,0,0,0,0,0.0,0,0.0,0.0,0.0,0.0,0,0,0,0,0,0,0,0,0,0,0,0,0,0,0,0,0,0,0,0,0,0,0,0,0,0,0,0,0,0,0,0,0,0,0,0,0,0,0,0,0,0,0,0,0,0,0,0,0,0,0,0,0,0,0,0,0,0,0,0,0,0,0,0,0,0,0,0,572
8,0.0,51.18647647215206,63.19,0.0,9,17.633860403941537,14.699729192551434,0.0,0.7740421560875415,1,34.49707099970343,0.1700228984160505,0.0,0.0,0,0,0,5.940492217841312,9.967957041894415,0.0,12.96875,33.54816040832344,62.21987790738458,3.3579202505312584,5,0.7740421560875415,18.97876547909288,56.54557507303082,9.967957041894415,9.967957041894415,0.4765045233659532,2,119.23170788017892,6.343245717618281,16.490977704506296,117.82796935639888,-2.1544181629027195,13.800233465659836,-2.326511739382428,6.343245717618281,97.0618730953858,10.013281845065242,0.0,0,0.9518507818017216,28.18906180744468,28.91031805395158,8,115.26097430077064,14.361113413553,8.041351145625718,14.210588861400147,2.288177611611135,0.265625,109.19460723230902,0.546875,212.3228473961563,-8.88,0.890625,2.5322960400572803,639.9200000000002,0.0,8,0.1510438494209917,0.1510438494209917,4.81887254429181,4,24.17854590329456,212.3228473961563,9.069491590692044,57.01182997279434,72.26826810701394,0.0,9.069491590692044,28.91031805395158,-0.4529535242788036,0.0,5,10,0.0,3326.7220036295644,34.168072270528285,0,302,7,0.0,0.0,0.0,0.0,0.4529535242788036,12,35.83611231942219,3,12.000589172546189,5.771560720837663,15.806350692494338,15.806350692494338,13,3,15.690299999999969,12.000589172546189,21.226503139083484,825.2739899799999,790.6479999999997,15.690299999999969,0.0,368.6117605001803,0.0,42.14067770801289,0.0,31.71377520910467,254.6809999999994,825.928,0.0,34.49707099970343,9,21.226503139083484,0.0,34.168072270528285,0,0.0,0.0,0,9,0.0,64,0,0.0,3,0,0,0,0,0.0,1631363515591933.8,0,0,0,0,0,0,0,0,0,0.0,0,0.0,0.0,0.0,0.0,0,0,0,0,0,0,0,0,0,0,0,0,0,0,0,0,0,0,0,0,0,0,0,0,0,0,0,0,0,0,0,0,0,0,0,0,0,0,0,0,0,0,0,0,0,0,0,0,0,0,0,0,0,0,0,0,0,0,0,0,0,0,0,0,0,0,0,0,572
4,10.523783109476971,17.062158824050687,63.71,28.078210464787908,3,6.7701736459565085,4.899909730850478,19.95547333495552,0.4343236848754948,1,0.0,0.2136980727049572,10.523783109476971,12.138442625584547,2,0,0,5.898804075591463,0.0,0.0,12.863636363636363,11.126902983393991,17.062158824050687,3.076607746721593,4,-0.5261574964454203,0.0,39.30452199185482,4.9839785209472085,4.9839785209472085,0.7310079771883514,1,22.62561031574768,9.97773666747776,15.157850504068383,143.3496722466145,-2.372132746524416,11.02488750550786,-2.460878550895698,9.97773666747776,109.19460723230902,9.62217685767046,44.76856493987889,1,1.4729208305818415,11.250837766380558,4.899909730850478,4,65.93020013171267,10.69901502728376,6.540749242910518,0.0,2.456650162189064,0.5454545454545454,25.980208536304467,0.9772727272727272,133.46007550615548,-5.969999999999997,1.431818181818182,2.570654749433262,458.8960000000001,0.0,4,0.1017391468182013,0.1017391468182013,0.0,2,0.0,178.22864044603435,6.879087848543869,23.26534560897854,51.53141458219752,3.6347175980492654,6.879087848543869,4.899909730850478,-0.3098316705314551,22.253805966787983,4,6,0.075,1973.7259366336564,24.49056030417161,0,208,2,19.26246486877803,4.9839785209472085,36.50970013444277,10.523783109476971,0.3098316705314551,2,26.899015091964685,1,8.708325135525644,3.932665551325613,11.029863735278472,11.029863735278472,7,1,9.2747,8.708325135525644,14.612682532720946,564.231396896,536.4680000000004,9.2747,5.41499046939678,257.3003945823582,5.41499046939678,30.26057329831844,0.0,21.588920619886736,175.12799999999956,564.6920000000001,0.0,0.0,5,14.612682532720946,0.0,24.49056030417161,0,0.0,0.0,2,5,0.0,44,0,0.0,0,0,0,0,0,0.0,17162371441.705526,0,0,0,0,0,0,0,0,0,0.0,0,0.0,0.0,0.0,0.0,0,0,0,0,0,0,0,0,0,0,0,0,0,0,0,0,0,0,0,0,0,0,0,0,0,0,0,0,0,0,0,0,0,0,0,0,0,0,0,0,0,0,0,0,0,0,0,0,0,0,0,0,0,0,0,0,0,0,0,0,0,0,0,0,0,0,0,0,516
4,10.523783109476971,17.062158824050687,73.57,28.078210464787908,3,6.910293165548775,4.899909730850478,25.35404226978508,0.4176531957053042,3,0.0,0.1666483017205392,10.523783109476971,12.138442625584547,2,0,0,6.11247115980673,0.0,0.0,12.771428571428572,66.11337526108535,60.67385855237492,3.927043940947639,6,-0.7982198074809466,4.76488502147803,61.37132486231986,14.11817781652992,14.11817781652992,0.7333181217779571,3,78.32099170236783,10.303264022819782,15.158860260598376,237.4130105006596,-2.373251479483783,17.19403807319631,-2.4623022934980545,10.303264022819782,133.46007550615548,9.618460253361969,44.76856493987889,1,1.100351534224074,44.17050717360687,14.034109026433187,6,126.59387081632882,15.81182136158878,9.2065115498267,0.0,2.4669172014686445,0.4,25.980208536304467,0.8142857142857143,218.3892144646179,-9.490000000000002,1.2857142857142858,2.5849081687386,718.1280000000002,0.0,6,0.1017391468182013,0.1017391468182013,0.0,4,0.0,263.15777940449675,11.625593486914749,34.640118158345665,83.7002857761959,3.65978902712925,11.625593486914749,4.899909730850478,-0.3098316704853074,21.544896857859182,6,12,0.046875,3921.98293497177,38.46789126382627,0,328,8,19.26246486877803,4.9839785209472085,36.50970013444277,10.523783109476971,0.3098316704853074,6,40.757847799458936,1,14.534693567338358,5.809563501242683,18.13788625076685,18.13788625076685,13,1,15.468899999999964,14.534693567338358,23.58509160102522,894.3470953440001,852.7459999999994,15.468899999999964,5.41499046939678,404.9795049366462,5.41499046939678,47.088271465205565,0.0,34.48790010545308,283.8060000000001,895.082,0.0,0.0,9,23.58509160102522,0.0,38.46789126382627,0,0.0,0.0,2,9,0.0,70,0,0.0,0,0,0,0,0,0.0,2.748338772303032e+16,0,0,0,0,0,0,0,0,0,0.0,0,0.0,0.0,0.0,0.0,0,0,0,0,0,0,0,0,0,0,0,0,0,0,0,0,0,0,0,0,0,0,0,0,0,0,0,0,0,0,0,0,0,0,0,0,0,0,0,0,0,0,0,0,0,0,0,0,0,0,0,0,0,0,0,0,0,0,0,0,0,0,0,0,0,0,0,0,522
4,10.523783109476971,17.062158824050687,73.57,28.078210464787908,3,6.885852820685621,4.899909730850478,25.45604410445145,0.418224575495252,3,0.0,0.1666483017205392,10.523783109476971,12.138442625584547,2,0,0,6.099806296907368,0.0,0.0,12.771428571428572,66.11337526108535,60.67385855237492,3.933730499581252,6,-0.7521618426283387,4.756997436243903,61.37132486231986,14.11817781652992,14.11817781652992,0.7303429257747611,3,56.25418883190279,10.27013771998567,15.15881895588131,237.4130105006596,-2.373384498272672,17.235388518972094,-2.4620959340651742,10.27013771998567,145.59280964307868,9.6211615400891,44.76856493987889,1,1.0274198683508355,44.17050717360687,14.034109026433187,6,114.46113667940558,15.81182136158878,9.2065115498267,0.0,2.461984494960788,0.3857142857142857,25.980208536304467,0.7285714285714285,218.3892144646179,-9.490000000000002,1.1142857142857143,2.577357385450883,716.4000000000002,0.0,6,0.1017391468182013,0.1017391468182013,0.0,4,0.0,263.1577794044968,11.625200107626872,34.640118158345665,83.59350718064947,3.655543272330811,11.625200107626872,4.899909730850478,-0.3098316705308579,43.61169972832423,6,12,0.046875,3809.482934971768,38.46789126382627,0,328,8,19.26246486877803,4.9839785209472085,36.50970013444277,10.523783109476971,0.3098316705308579,6,40.757847799458936,1,14.571908732953794,5.809563501242683,18.130977603378955,18.130977603378955,13,1,15.468899999999966,14.571908732953794,23.585091601025223,894.3470953440001,852.7459999999994,15.468899999999966,5.41499046939678,404.97950493664615,5.41499046939678,47.088271465205565,0.0,34.48790010545308,283.8060000000001,895.0819999999999,0.0,0.0,9,23.585091601025223,0.0,38.46789126382627,0,0.0,0.0,2,9,0.0,70,0,0.0,0,0,0,0,0,0.0,2.770819514423515e+16,0,0,0,0,0,0,0,0,0,0.0,0,0.0,0.0,0.0,0.0,0,0,0,0,0,0,0,0,0,0,0,0,0,0,0,0,0,0,0,0,0,0,0,0,0,0,0,0,0,0,0,0,0,0,0,0,0,0,0,0,0,0,0,0,0,0,0,0,0,0,0,0,0,0,0,0,0,0,0,0,0,0,0,0,0,0,0,0,509
3,9.589074368143644,22.74954509873425,40.620000000000005,22.20051347254235,4,32.17330956218412,9.799819461700956,1.538368752459662,0.0450565458975462,0,0.0,0.176440234868146,0.0,0.0,0,2,2,6.362874502378576,4.899909730850478,17.22934992809979,14.72549019607843,10.772448428929591,45.33635298636685,3.16415726317928,2,-0.5897617333506231,0.0,28.16453556813103,11.814359458703011,0.0,0.0893248114732753,0,39.13873751360647,14.270668047083593,16.17769886320425,134.86572856223137,-2.4039414122480407,9.768542540253865,-2.4637622539139974,14.270668047083593,142.09855296830412,9.62181728257884,69.3044464090945,0,1.2642109555462335,21.899351412323583,4.899909730850478,4,75.69681740711303,11.394149180230707,6.875194855940548,9.589074368143644,2.464356917869864,0.4509803921568627,54.59730361615449,0.9607843137254902,163.7919108484635,-6.259999999999997,1.5098039215686274,2.5801948148063203,525.8000000000001,0.0,4,0.2654874759174033,0.2654874759174033,-0.6289346856087057,2,0.0,202.73607129034244,8.291726975037763,0.0,56.201742598667,6.446971232044026,8.291726975037763,9.799819461700956,-0.309203456961282,16.026812714244468,4,7,0.1063829787234042,2384.564340865177,28.79938104004755,0,246,2,31.60119253786544,9.589074368143644,0.0,0.0,0.309203456961282,2,30.77324441752379,2,10.62857008288131,4.458273494268478,14.454731042072448,14.454731042072448,9,2,11.103799999999987,10.62857008288131,17.452024563814078,660.277678392,624.5290000000003,11.103799999999987,10.82998093879356,297.7841827157644,5.41499046939678,34.9068376682604,0.0,24.796715525441787,206.78099999999944,660.8170000000002,0.0,0.0,7,17.452024563814078,0.0,28.79938104004755,0,0.0,0.0,0,7,0.0,51,0,0.0,0,0,0,0,0,0.0,642269207286.6731,1,0,0,0,0,0,0,0,0,11.814359458703011,2,0.0,0.0,0.0,0.0,0,0,0,0,0,0,0,0,0,0,0,0,0,0,0,0,0,0,0,0,0,0,0,0,0,0,0,0,0,0,0,0,2,0,0,0,0,0,0,0,0,0,0,0,0,0,0,0,0,0,0,0,0,0,0,0,0,0,0,0,0,0,0,0,0,0,0,0,584
3,9.589074368143644,22.74954509873425,40.620000000000005,22.20051347254235,4,31.513608985260767,9.799819461700956,1.5936114295223245,0.0238657058138442,0,0.0,0.2113645511857193,0.0,0.0,0,2,2,6.362574048446013,4.899909730850478,22.64434039749657,15.634146341463415,10.772448428929591,45.33635298636685,2.962223582042269,2,-0.2969106932896614,0.0,22.74954509873425,11.814359458703011,0.0,0.0893273824731533,0,28.011834530212475,13.956905912891887,16.17767737037326,88.0495322769965,-2.402094062289737,8.23182441673361,-2.421440990341769,13.956905912891887,95.28235668306924,9.732236393162353,72.02501782508175,0,1.4159016980204375,27.314341881720363,4.899909730850478,4,64.56991442371904,8.647617590041834,5.331972742434571,9.589074368143644,2.3877071577243942,0.5609756097560976,54.59730361615449,1.1219512195121952,103.1282401638474,-4.6999999999999975,1.7073170731707317,2.528891078848962,431.0720000000001,0.0,4,0.2654874759174033,0.2654874759174033,-0.5938213865793227,2,0.0,130.9454976223324,6.549553768176658,0.0,34.45441334598926,10.96702987574002,6.549553768176658,9.799819461700956,-0.3092534636816189,16.026812714244468,2,5,0.1891891891891892,1821.8164391312296,24.025878348151288,0,202,2,45.448666937246685,9.589074368143644,0.0,0.0,0.3092534636816189,2,25.2798970541388,2,8.753641676994416,3.598276690974576,12.597680234503573,12.597680234503573,7,2,9.047,8.753641676994416,14.13065735876816,536.246378264,504.4190000000005,9.047,10.82998093879356,240.3998785324296,0.0,28.68106931801569,0.0,19.58637209439671,167.0409999999996,536.6750000000003,0.0,0.0,5,14.13065735876816,0.0,24.025878348151288,0,0.0,0.0,0,5,0.0,41,0,0.0,0,0,0,0,0,0.0,2156915848.807123,1,0,0,0,0,0,0,0,0,11.814359458703011,2,0.0,0.0,0.0,0.0,0,0,0,0,0,0,0,0,0,0,0,0,0,0,0,0,0,0,0,0,0,0,0,0,0,0,0,0,0,0,0,0,2,0,0,0,0,0,0,0,0,0,0,0,0,0,0,0,0,0,0,0,0,0,0,0,0,0,0,0,0,0,0,0,0,0,0,0,597
6,0.0,34.124317648101375,32.260000000000005,0.0,6,20.26568107454791,9.799819461700956,4.473924693131945,0.9007543230224716,1,0.0,0.1340267017906934,0.0,0.0,0,0,0,7.996341716488541,9.967957041894415,0.0,13.36,43.61169972832423,101.2597872752078,3.173547910302436,4,0.9007543230224716,0.0,44.81634796919929,9.967957041894415,9.967957041894415,1.1680043690794149,2,54.98647227769135,5.365767181885508,32.1678077730958,167.52536324170282,-2.1415259249736143,10.68774885126686,-2.3259954836481698,5.365767181885508,96.32017472032156,10.038740442710573,0.0,0,1.0557376188387386,41.729154880367815,9.799819461700956,4,95.70158738739214,10.84121471706338,6.084444413062649,0.0,2.259362967541031,0.36,23.52376989878223,0.74,177.30747768207297,-5.819999999999997,1.14,2.5268062797908435,513.0240000000001,0.0,6,0.097267303395071,0.097267303395071,0.0,3,9.967957041894415,157.72554378000189,9.595245154712906,0.0,56.58384486387965,0.0,7.479372505833606,9.799819461700956,-0.3081955468264523,42.33147900080535,2,9,0.0,2584.5017798405893,26.61645796185784,0,234,10,19.5819339020711,0.0,0.0,0.0,0.3081955468264523,4,28.061635950656537,2,12.01321223458415,4.220760655660937,12.646917982092898,14.814471895066546,11,2,12.958199999999982,9.752675476916291,16.65940058365711,674.1598888320001,648.646,12.958199999999982,0.0,296.5799591166657,0.0,32.76020881938893,3.6554671838403054,24.764285466321496,209.6679999999996,674.8540000000002,0.0,0.0,8,18.292393745512555,23.52376989878223,28.24945112371329,0,0.0,0.0,0,8,0.0,50,0,0.0,0,0,0,0,0,0.0,1054392617503.2416,0,0,0,0,0,0,0,0,0,0.0,0,0.0,0.0,0.0,0.0,0,0,0,0,0,0,0,0,0,0,0,0,0,0,0,0,0,0,0,0,0,0,0,0,0,0,0,0,0,0,0,0,0,0,0,0,0,0,0,0,0,0,0,0,0,0,0,0,0,0,0,0,0,0,0,0,0,0,0,0,0,0,0,0,0,0,0,0,613
5,10.523783109476971,17.062158824050687,76.6,22.16030441862652,3,12.27252394033906,4.899909730850478,23.31971374164276,0.2988887644656024,1,0.0,0.1481296506827527,10.523783109476971,12.138442625584547,2,0,0,6.239753610378297,9.967957041894415,0.0,11.148936170212766,54.738602711718215,60.67385855237491,3.1190440728282254,5,0.2988887644656024,0.0,33.19370585385904,9.967957041894415,9.967957041894415,1.267760167945576,2,60.76736010053638,9.6054766934426,15.13863916969429,134.0140669196637,-2.093593306500819,11.297746049669552,-2.256647860798998,9.6054766934426,83.92330780493333,9.949293866225316,22.253805966787983,0,1.2670299228378037,27.83460725298028,4.899909730850478,5,90.34412942785931,11.10572156595028,6.604569608881291,0.0,2.161359803581569,0.4680851063829787,12.13273413692322,0.9148936170212766,127.39370843769387,-6.559999999999997,1.425531914893617,2.386945627258559,485.11200000000014,12.13273413692322,5,0.1005931921344492,0.1005931921344492,0.0,1,9.967957041894415,149.64751440448188,6.378758945362412,23.26534560897854,48.23097701906308,4.212372582618893,6.378758945362412,4.899909730850478,-0.3105052719532737,11.126902983393991,4,8,0.0476190476190476,2544.4917500622346,25.86042363048193,0,220,7,13.847474399381248,0.0,36.50970013444277,10.523783109476971,0.3105052719532737,0,27.950887276801584,0,8.834654889103145,4.789350123000652,11.890262708781378,11.890262708781378,8,0,10.586399999999983,8.834654889103145,15.446647474169028,601.2266458639999,574.4970000000002,10.586399999999983,0.0,271.77340131725003,0.0,32.069974375076946,0.0,22.99986623374051,191.07899999999964,601.7130000000001,0.0,0.0,7,15.446647474169028,0.0,25.86042363048193,0,0.0,0.0,2,7,0.0,47,0,0.0,0,0,0,0,0,0.0,86118051474.13412,0,0,0,0,0,0,0,0,0,0.0,0,0.0,0.0,0.0,0.0,0,0,0,0,0,0,0,0,0,0,0,0,0,0,0,0,0,0,0,0,0,0,0,0,0,0,0,0,0,0,0,0,0,0,0,0,0,0,0,0,0,0,0,0,0,0,0,0,0,0,0,0,0,0,0,0,0,0,0,0,0,0,0,0,0,0,0,0,670
5,10.523783109476971,17.062158824050687,76.6,22.16030441862652,3,12.387260174706922,4.899909730850478,23.3648246741952,0.1012695450603453,1,0.0,0.1431806797561035,10.523783109476971,12.138442625584547,2,0,0,6.2399033580994345,9.967957041894415,5.41499046939678,13.291666666666666,54.738602711718215,60.67385855237491,3.136798096345102,5,-0.1012695450603453,0.0,44.56847840322616,9.967957041894415,9.967957041894415,0.6316867203918536,2,49.39258755116926,9.620884945112335,15.15639636425731,134.0140669196637,-2.299560780475974,11.632809540309736,-2.4156757552876464,9.620884945112335,98.7766133578438,9.733585571001322,36.10128036616923,0,1.1938673568106974,21.87482517300993,4.899909730850478,5,75.49082387494886,10.22373983655271,5.905459133751234,0.0,2.358800655971913,0.5208333333333334,12.13273413692322,1.0208333333333333,127.39370843769387,-6.559999999999997,1.6041666666666667,2.5134149565666,489.2640000000001,12.13273413692322,5,0.1005931921344492,0.1005931921344492,0.0,2,9.967957041894415,149.64751440448188,7.491176284875496,23.26534560897854,48.58755371932965,4.610885224791825,7.491176284875496,4.899909730850478,-0.309881677398293,22.50167553276112,2,8,0.0697674418604651,2679.072784571189,26.36042363048193,0,224,9,19.26246486877803,0.0,22.66222573506152,10.523783109476971,0.309881677398293,2,27.725865774342545,1,9.886908555568132,3.951665243255724,12.87846250777555,12.87846250777555,9,1,10.608859999999986,9.886908555568132,15.958613602456444,613.2266458639999,586.5080000000002,10.608859999999986,5.41499046939678,277.1325122781174,0.0,32.569974375076946,0.0,23.45618946936209,193.73299999999963,613.724,0.0,0.0,7,15.958613602456444,0.0,26.36042363048193,0,0.0,0.0,0,7,0.0,48,0,0.0,0,0,0,0,0,0.0,170693405477.38528,0,0,0,0,0,0,0,0,0,0.0,0,0.0,0.0,0.0,0.0,0,0,0,0,0,0,0,0,0,0,0,0,0,0,0,0,0,0,0,0,0,0,0,0,0,0,0,0,0,0,0,0,0,0,0,0,0,0,0,0,0,0,0,0,0,0,0,0,0,0,0,0,0,0,0,0,0,0,0,0,0,0,0,0,0,0,0,0,630
5,10.523783109476971,17.062158824050687,76.6,11.033401435232523,3,11.418680838960896,4.899909730850478,23.00917486075005,0.0397721715774184,1,11.387855989696922,0.2036652290676356,10.523783109476971,12.138442625584547,2,0,0,6.23244448938664,9.967957041894415,11.387855989696922,10.976744186046512,43.705201276485695,49.64045711714239,3.058685688805572,5,0.0397721715774184,0.0,11.033401435232523,9.967957041894415,9.967957041894415,1.2073881660671262,2,49.73395866530386,9.61120925467411,15.138624466694264,119.71084719905032,-2.0936048747345537,9.21113722116148,-2.256641503141989,9.61120925467411,83.92330780493333,9.94996869922832,22.51475897309092,0,1.3603674828900238,27.83460725298028,4.899909730850478,5,78.21139529093608,10.415269176636173,6.272560028729109,0.0,2.1651982422216287,0.4883720930232558,36.40391089943099,0.9302325581395348,115.26097430077064,-6.039999999999997,1.441860465116279,2.3824098367862727,445.7920000000001,0.0,5,0.1772373803741432,0.1772373803741432,0.0,1,0.0,137.77573327386156,5.682343524131004,23.26534560897854,44.16072796403405,4.200279115093514,5.682343524131004,4.899909730850478,-0.3105052719532737,11.126902983393991,4,7,0.0526315789473684,2208.858782471913,23.70572309210268,0,202,6,13.847474399381248,0.0,36.50970013444277,10.523783109476971,0.3105052719532737,0,25.896602061941472,0,7.8978469715025135,4.503753033126037,10.700970078404955,10.700970078404955,7,0,9.433199999999994,7.8978469715025135,14.041946935789776,551.2109958,526.4530000000003,9.433199999999994,0.0,249.09173678551485,0.0,29.5010602743246,0.0,21.033539738551728,173.57299999999967,551.6530000000002,0.0,0.0,6,14.041946935789776,0.0,23.70572309210268,0,0.0,0.0,2,6,0.0,43,0,0.0,0,0,0,0,0,0.0,9936130770.168636,0,0,0,0,0,0,0,0,0,0.0,0,0.0,0.0,0.0,0.0,0,0,0,0,0,0,0,0,0,0,0,0,0,0,0,0,0,0,0,0,0,0,0,0,0,0,0,0,0,0,0,0,0,0,0,0,0,0,0,0,0,0,0,0,0,0,0,0,0,0,0,0,0,0,0,0,0,0,0,0,0,0,0,0,0,0,0,0,617
5,10.523783109476971,17.062158824050687,76.6,11.033401435232523,3,11.53341707332876,4.899909730850478,23.061850345928136,0.0421238557151255,1,11.387855989696922,0.195842620966,10.523783109476971,12.138442625584547,2,0,0,6.232586255998993,9.967957041894415,16.8028464590937,13.318181818181818,43.705201276485695,49.64045711714239,3.077966224014371,5,-0.1009679691442779,0.0,22.40817398459965,9.967957041894415,9.967957041894415,0.6316868755613829,2,38.35918611593674,9.63072248753597,15.156378149741364,125.77721426751197,-2.299560735385067,9.539833454494572,-2.415675640071022,9.63072248753597,98.7766133578438,9.733585621236712,36.36223337247216,0,1.2764401487678478,21.87482517300993,4.899909730850478,5,63.35808973802562,9.491702443792269,5.533870123040443,0.0,2.3585854014452456,0.5454545454545454,30.337543830969377,1.0454545454545454,115.26097430077064,-6.039999999999997,1.6363636363636365,2.51292559806591,450.5680000000001,0.0,5,0.1772373803741432,0.1772373803741432,0.0,2,0.0,137.77573327386153,6.794760863644081,23.26534560897854,44.51790621423229,4.596992912016246,6.794760863644081,4.899909730850478,-0.309881677398293,22.50167553276112,2,7,0.0769230769230769,2341.515486672247,24.205723092102687,0,206,8,19.26246486877803,0.0,22.66222573506152,10.523783109476971,0.309881677398293,2,25.65296234850116,1,8.950100637967493,3.634905031771201,11.689169877399118,11.689169877399118,8,1,9.455659999999996,8.950100637967493,14.553913064077197,563.2109958000001,538.4640000000004,9.455659999999996,5.41499046939678,254.4508477463823,0.0,30.0010602743246,0.0,21.48986297417331,176.2269999999996,563.6640000000002,0.0,0.0,6,14.553913064077197,0.0,24.205723092102687,0,0.0,0.0,0,6,0.0,44,0,0.0,0,0,0,0,0,0.0,19706240939.336308,0,0,0,0,0,0,0,0,0,0.0,0,0.0,0.0,0.0,0.0,0,0,0,0,0,0,0,0,0,0,0,0,0,0,0,0,0,0,0,0,0,0,0,0,0,0,0,0,0,0,0,0,0,0,0,0,0,0,0,0,0,0,0,0,0,0,0,0,0,0,0,0,0,0,0,0,0,0,0,0,0,0,0,0,0,0,0,0,585
4,0.0,17.062158824050687,38.25,0.0,3,12.48456388573948,4.899909730850478,0.0,0.8257233712378569,1,11.49902366656781,0.2631053285681275,0.0,0.0,0,0,0,5.919056941631814,9.967957041894415,0.0,12.055555555555555,33.54816040832344,28.09556025928321,2.956091897483647,3,0.8257233712378569,6.188674719727902,33.79602997429657,9.967957041894415,9.967957041894415,0.4767357576328775,2,62.109342898941925,6.188674719727902,16.48500252580467,59.497213347004966,-2.152352501924544,8.52212542673176,-2.32356854096949,6.188674719727902,84.92913895846256,10.032397744350734,0.0,0,1.445448826179036,16.814289258077554,9.636772684650529,4,42.46456947923127,8.362503295700382,4.742566337732252,4.736862953800049,2.253582880643605,0.4722222222222222,72.79640482153933,0.9722222222222222,127.39370843769387,-4.959999999999998,1.5555555555555556,2.4987921447945167,369.3200000000001,0.0,4,0.1510438494209917,0.1510438494209917,1.6514467424757138,2,14.704819995694464,127.39370843769387,4.759190395425104,34.01378263965872,42.98652255865848,0.0,4.759190395425104,9.636772684650529,-0.452953524200306,0.0,3,6,0.0,1669.580600942334,19.37424472994588,0,170,3,0.0,0.0,0.0,0.0,0.452953524200306,4,20.416421031025948,1,6.432694263223718,3.3923552625979982,8.698810137096652,8.698810137096652,7,1,8.539300000000003,6.432694263223718,11.937597489851472,463.168462292,442.3720000000003,8.539300000000003,0.0,208.64828818356224,0.0,23.898765978752643,0.0,17.848469228349536,145.16699999999975,463.5400000000001,0.0,11.49902366656781,5,11.937597489851472,0.0,19.37424472994588,0,0.0,0.0,0,5,0.0,36,0,0.0,1,0,0,0,0,0.0,475089846.4718711,0,0,0,0,0,0,0,0,0,0.0,0,0.0,0.0,0.0,0.0,0,0,0,0,0,0,0,0,0,0,0,0,0,0,0,0,0,0,0,0,0,0,0,0,0,0,0,0,0,0,0,0,0,0,0,0,0,0,0,0,0,0,0,0,0,0,0,0,0,0,0,0,0,0,0,0,0,0,0,0,0,0,0,0,0,0,0,0,572
8,0.0,51.18647647215206,63.19,0.0,9,17.633860403941537,14.699729192551434,0.0,0.7740421560875415,1,34.49707099970343,0.1700228984160505,0.0,0.0,0,0,0,5.940492217841312,9.967957041894415,0.0,12.96875,33.54816040832344,62.21987790738458,3.3579202505312584,5,0.7740421560875415,18.97876547909288,56.54557507303082,9.967957041894415,9.967957041894415,0.4765045233659532,2,119.23170788017892,6.343245717618281,16.490977704506296,117.82796935639888,-2.1544181629027195,13.800233465659836,-2.326511739382428,6.343245717618281,97.0618730953858,10.013281845065242,0.0,0,0.9518507818017216,28.18906180744468,28.91031805395158,8,115.26097430077064,14.361113413553,8.041351145625718,14.210588861400147,2.288177611611135,0.265625,109.19460723230902,0.546875,212.3228473961563,-8.88,0.890625,2.5322960400572803,640.9680000000002,0.0,8,0.1510438494209917,0.1510438494209917,4.81887254429181,4,24.17854590329456,212.3228473961563,9.069491590692044,57.01182997279434,72.26826810701394,0.0,9.069491590692044,28.91031805395158,-0.4529535242788036,0.0,5,10,0.0,3326.7220036295644,34.168072270528285,0,302,7,0.0,0.0,0.0,0.0,0.4529535242788036,12,35.83611231942219,3,12.000589172546189,5.771560720837663,15.806350692494338,15.806350692494338,13,3,15.690299999999969,12.000589172546189,21.226503139083484,825.2739899799999,790.6479999999997,15.690299999999969,0.0,368.6117605001803,0.0,42.14067770801289,0.0,31.71377520910467,254.6809999999994,825.928,0.0,34.49707099970343,9,21.226503139083484,0.0,34.168072270528285,0,0.0,0.0,0,9,0.0,64,0,0.0,3,0,0,0,0,0.0,1631363515591933.8,0,0,0,0,0,0,0,0,0,0.0,0,0.0,0.0,0.0,0.0,0,0,0,0,0,0,0,0,0,0,0,0,0,0,0,0,0,0,0,0,0,0,0,0,0,0,0,0,0,0,0,0,0,0,0,0,0,0,0,0,0,0,0,0,0,0,0,0,0,0,0,0,0,0,0,0,0,0,0,0,0,0,0,0,0,0,0,0,572
4,10.523783109476971,17.062158824050687,63.71,28.078210464787908,3,6.7701736459565085,4.899909730850478,19.95547333495552,0.4343236848754948,1,0.0,0.2136980727049572,10.523783109476971,12.138442625584547,2,0,0,5.898804075591463,0.0,0.0,12.863636363636363,11.126902983393991,17.062158824050687,3.076607746721593,4,-0.5261574964454203,0.0,39.30452199185482,4.9839785209472085,4.9839785209472085,0.7310079771883514,1,22.62561031574768,9.97773666747776,15.157850504068383,143.3496722466145,-2.372132746524416,11.02488750550786,-2.460878550895698,9.97773666747776,109.19460723230902,9.62217685767046,44.76856493987889,1,1.4729208305818415,11.250837766380558,4.899909730850478,4,65.93020013171267,10.69901502728376,6.540749242910518,0.0,2.456650162189064,0.5454545454545454,25.980208536304467,0.9772727272727272,133.46007550615548,-5.969999999999997,1.431818181818182,2.570654749433262,458.9280000000001,0.0,4,0.1017391468182013,0.1017391468182013,0.0,2,0.0,178.22864044603435,6.879087848543869,23.26534560897854,51.53141458219752,3.6347175980492654,6.879087848543869,4.899909730850478,-0.3098316705314551,22.253805966787983,4,6,0.075,1973.7259366336564,24.49056030417161,0,208,2,19.26246486877803,4.9839785209472085,36.50970013444277,10.523783109476971,0.3098316705314551,2,26.899015091964685,1,8.708325135525644,3.932665551325613,11.029863735278472,11.029863735278472,7,1,9.2747,8.708325135525644,14.612682532720946,564.231396896,536.4680000000004,9.2747,5.41499046939678,257.3003945823582,5.41499046939678,30.26057329831844,0.0,21.588920619886736,175.12799999999956,564.6920000000001,0.0,0.0,5,14.612682532720946,0.0,24.49056030417161,0,0.0,0.0,2,5,0.0,44,0,0.0,0,0,0,0,0,0.0,17162371441.705526,0,0,0,0,0,0,0,0,0,0.0,0,0.0,0.0,0.0,0.0,0,0,0,0,0,0,0,0,0,0,0,0,0,0,0,0,0,0,0,0,0,0,0,0,0,0,0,0,0,0,0,0,0,0,0,0,0,0,0,0,0,0,0,0,0,0,0,0,0,0,0,0,0,0,0,0,0,0,0,0,0,0,0,0,0,0,0,0,516
4,10.523783109476971,17.062158824050687,73.57,28.078210464787908,3,6.910293165548775,4.899909730850478,25.35404226978508,0.4176531957053042,3,0.0,0.1666483017205392,10.523783109476971,12.138442625584547,2,0,0,6.11247115980673,0.0,0.0,12.771428571428572,66.11337526108535,60.67385855237492,3.927043940947639,6,-0.7982198074809466,4.76488502147803,61.37132486231986,14.11817781652992,14.11817781652992,0.7333181217779571,3,78.32099170236783,10.303264022819782,15.158860260598376,237.4130105006596,-2.373251479483783,17.19403807319631,-2.4623022934980545,10.303264022819782,133.46007550615548,9.618460253361969,44.76856493987889,1,1.100351534224074,44.17050717360687,14.034109026433187,6,126.59387081632882,15.81182136158878,9.2065115498267,0.0,2.4669172014686445,0.4,25.980208536304467,0.8142857142857143,218.3892144646179,-9.490000000000002,1.2857142857142858,2.5849081687386,718.5360000000002,0.0,6,0.1017391468182013,0.1017391468182013,0.0,4,0.0,263.15777940449675,11.625593486914749,34.640118158345665,83.7002857761959,3.65978902712925,11.625593486914749,4.899909730850478,-0.3098316704853074,21.544896857859182,6,12,0.046875,3921.98293497177,38.46789126382627,0,328,8,19.26246486877803,4.9839785209472085,36.50970013444277,10.523783109476971,0.3098316704853074,6,40.757847799458936,1,14.534693567338358,5.809563501242683,18.13788625076685,18.13788625076685,13,1,15.468899999999964,14.534693567338358,23.58509160102522,894.3470953440001,852.7459999999994,15.468899999999964,5.41499046939678,404.9795049366462,5.41499046939678,47.088271465205565,0.0,34.48790010545308,283.8060000000001,895.082,0.0,0.0,9,23.58509160102522,0.0,38.46789126382627,0,0.0,0.0,2,9,0.0,70,0,0.0,0,0,0,0,0,0.0,2.748338772303032e+16,0,0,0,0,0,0,0,0,0,0.0,0,0.0,0.0,0.0,0.0,0,0,0,0,0,0,0,0,0,0,0,0,0,0,0,0,0,0,0,0,0,0,0,0,0,0,0,0,0,0,0,0,0,0,0,0,0,0,0,0,0,0,0,0,0,0,0,0,0,0,0,0,0,0,0,0,0,0,0,0,0,0,0,0,0,0,0,0,522
4,10.523783109476971,17.062158824050687,73.57,28.078210464787908,3,6.885852820685621,4.899909730850478,25.45604410445145,0.418224575495252,3,0.0,0.1666483017205392,10.523783109476971,12.138442625584547,2,0,0,6.099806296907368,0.0,0.0,12.771428571428572,66.11337526108535,60.67385855237492,3.933730499581252,6,-0.7521618426283387,4.756997436243903,61.37132486231986,14.11817781652992,14.11817781652992,0.7303429257747611,3,56.25418883190279,10.27013771998567,15.15881895588131,237.4130105006596,-2.373384498272672,17.235388518972094,-2.4620959340651742,10.27013771998567,145.59280964307868,9.6211615400891,44.76856493987889,1,1.0274198683508355,44.17050717360687,14.034109026433187,6,114.46113667940558,15.81182136158878,9.2065115498267,0.0,2.461984494960788,0.3857142857142857,25.980208536304467,0.7285714285714285,218.3892144646179,-9.490000000000002,1.1142857142857143,2.577357385450883,718.4240000000002,0.0,6,0.1017391468182013,0.1017391468182013,0.0,4,0.0,263.1577794044968,11.625200107626872,34.640118158345665,83.59350718064947,3.655543272330811,11.625200107626872,4.899909730850478,-0.3098316705308579,43.61169972832423,6,12,0.046875,3809.482934971768,38.46789126382627,0,328,8,19.26246486877803,4.9839785209472085,36.50970013444277,10.523783109476971,0.3098316705308579,6,40.757847799458936,1,14.571908732953794,5.809563501242683,18.130977603378955,18.130977603378955,13,1,15.468899999999966,14.571908732953794,23.585091601025223,894.3470953440001,852.7459999999994,15.468899999999966,5.41499046939678,404.97950493664615,5.41499046939678,47.088271465205565,0.0,34.48790010545308,283.8060000000001,895.0819999999999,0.0,0.0,9,23.585091601025223,0.0,38.46789126382627,0,0.0,0.0,2,9,0.0,70,0,0.0,0,0,0,0,0,0.0,2.770819514423515e+16,0,0,0,0,0,0,0,0,0,0.0,0,0.0,0.0,0.0,0.0,0,0,0,0,0,0,0,0,0,0,0,0,0,0,0,0,0,0,0,0,0,0,0,0,0,0,0,0,0,0,0,0,0,0,0,0,0,0,0,0,0,0,0,0,0,0,0,0,0,0,0,0,0,0,0,0,0,0,0,0,0,0,0,0,0,0,0,0,509
11,0.0,17.062158824050687,117.5,40.21030782083247,3,30.19665184521328,4.899909730850478,0.0,0.010660674296032,2,11.648808995999854,0.1607457395304132,0.0,22.99804733313562,0,0,0,5.815978040864506,0.0,24.041859358347345,11.59322033898305,33.90261496278784,17.062158824050687,3.2797273786186625,7,0.010660674296032,25.72182063565933,5.563451491696996,29.90387112568325,29.90387112568325,0.3824952348898357,6,33.752513299141675,6.61682820005872,16.52825710808392,61.234026225408975,-2.090854005703576,5.852712050042291,-2.253749220243586,6.61682820005872,121.32734136923226,10.021118559140676,0.0,0,1.1404892929174857,34.25542887590629,23.847361546050674,11,66.2271221763131,15.597469975844009,9.254701788943,18.9474518152002,2.219469865526735,0.3050847457627119,127.39370843769387,0.6949152542372882,188.0573791223099,-8.44,1.152542372881356,2.438175508864536,600.5120000000002,24.26546827384644,11,0.3282855544733586,0.3282855544733586,2.3334254811489448,3,28.91540885709461,188.0573791223099,6.644078204826146,80.9425216542708,60.22872332126949,0.0,6.644078204826146,23.847361546050674,-0.4239919408612094,0.0,6,9,0.0,2718.771440896433,31.161346675233563,0,282,8,0.0,0.0,0.0,19.93591408378884,0.4239919408612094,2,35.00743430782533,1,9.309958175507694,7.586362779100389,13.24615617673382,13.24615617673382,10,1,12.00999999999998,9.309958175507694,18.7665808841451,769.243752472,738.5729999999998,12.00999999999998,0.0,338.41422808838973,0.0,39.38368287406168,0.0,29.180101704293463,223.82499999999945,769.8210000000001,0.0,47.03990669148297,7,18.7665808841451,0.0,31.161346675233563,0,0.0,0.0,0,7,0.0,59,0,9.967957041894415,4,0,0,0,8,24.041859358347345,61948589542021.92,0,0,0,0,0,0,0,0,0,0.0,0,0.0,0.0,0.0,0.0,0,0,0,0,0,0,0,0,0,0,0,0,0,0,0,0,0,0,0,0,0,0,0,0,0,0,0,0,0,0,0,0,0,0,0,0,0,0,0,0,0,0,0,0,0,0,0,0,0,0,0,0,0,0,0,0,0,0,0,0,0,0,0,0,0,0,0,0,485
1,5.261891554738487,0.0,43.51,5.563451491696996,0,0.0,0.0,21.37144776885301,0.5835779898379108,4,0.0,0.1750410029359562,5.261891554738487,11.63267280448927,1,0,0,6.229084930281164,0.0,0.0,12.016129032258064,109.97294455538268,87.22339945664844,4.038387883916615,5,0.5835779898379108,9.609836598219534,61.19576456498077,18.26839859116542,18.26839859116542,1.0693397711249386,4,115.53639604707968,12.314853538650436,15.110995810900304,226.2424734256488,-2.11870877239656,14.971404338310249,-2.2401733417645047,12.314853538650436,138.52061142108786,9.996826683913769,16.690354475090988,0,1.4135802494232104,48.77717999040193,18.26839859116542,5,74.51114508399735,12.834997638832494,7.147074399589035,0.0,2.3277080896028512,0.3387096774193548,0.0,0.6935483870967742,188.0573791223099,-8.329999999999998,1.1129032258064515,2.498846160822469,634.0080000000002,0.0,5,0.1044356163276932,0.1044356163276932,0.0,4,0.0,204.74773359740087,10.547653650126357,28.81876641152652,70.56644806785476,4.3141965600958,10.547653650126357,0.0,-0.3070911534423128,5.563451491696996,4,13,0.0350877192982456,3907.534211046898,34.13392632237819,0,290,12,13.847474399381248,0.0,25.178587266912007,5.261891554738487,0.3070911534423128,6,34.524245757074205,0,13.096749444177904,4.554344654168346,16.556918268042622,16.556918268042622,13,0,14.56351999999997,13.096749444177904,21.180391062645977,791.3048961840001,754.6619999999997,14.56351999999997,0.0,356.2770298527317,0.0,41.21587426608938,0.0,30.60168808597357,257.9869999999995,791.9580000000001,0.0,0.0,9,21.180391062645977,0.0,34.13392632237819,0,0.0,0.0,2,9,0.0,62,0,0.0,0,0,0,0,0,0.0,637069867062704.5,0,0,0,0,0,0,0,0,0,0.0,0,0.0,0.0,0.0,0.0,0,0,0,0,0,0,0,0,0,0,0,0,0,0,0,0,0,0,0,0,0,0,0,0,0,0,0,0,0,0,0,0,0,0,0,0,0,0,0,0,0,0,0,0,0,0,0,0,0,0,0,0,0,0,0,0,0,0,0,0,0,0,0,0,0,0,0,0,451
1,5.261891554738487,0.0,43.51,5.563451491696996,0,0.0,0.0,21.78667582903749,0.592141754850088,4,0.0,0.1736870755241708,5.261891554738487,11.63267280448927,1,0,0,6.231192788401334,0.0,0.0,12.102941176470589,109.97294455538268,87.22339945664844,4.021216142785344,5,0.592141754850088,9.765777956244223,61.19576456498077,18.26839859116542,18.26839859116542,1.068449318179448,4,104.7639476181501,12.564096813146236,15.111522039765896,231.3866942130229,-2.119814719649848,22.279124706268576,-2.241723758711511,12.564096813146236,99.10491554973048,9.995603435801607,50.07106342527296,0,1.4087073222280342,48.77717999040193,18.26839859116542,5,152.45177069291077,14.334996633935209,8.429505297680478,0.0,2.3323263633985363,0.2941176470588235,0.0,0.5735294117647058,151.65917671154028,-8.329999999999998,0.9117647058823528,2.504273563291432,709.5680000000002,0.0,5,0.1044356163660652,0.1044356163660652,0.0,4,0.0,201.7302401368132,11.532943611969005,28.81876641152652,59.6221294043872,17.379625437395863,11.532943611969005,0.0,-0.3070911534422842,49.71660887080856,4,13,0.1269841269841269,4223.391602684312,39.669824707240416,0,326,12,55.38989759752498,0.0,66.72101046505574,5.261891554738487,0.3070911534422842,0,39.98650120958677,0,14.584783315890483,5.550369795803589,19.5776442102063,19.5776442102063,13,0,16.414039999999968,14.584783315890483,23.644492677783724,875.3987965680001,826.7279999999995,16.414039999999968,0.0,394.4666825391113,0.0,46.43733519410784,0.0,32.96476918667769,286.4090000000001,876.1199999999999,0.0,0.0,9,23.644492677783724,0.0,39.669824707240416,0,0.0,0.0,8,9,0.0,68,0,0.0,0,0,0,0,0,0.0,4949009497920135.0,0,0,0,0,0,0,0,0,0,0.0,0,0.0,0.0,0.0,0.0,0,0,0,0,0,0,0,0,0,0,0,0,0,0,0,0,0,0,0,0,0,0,0,0,0,0,0,0,0,0,0,0,0,0,0,0,0,0,0,0,0,0,0,0,0,0,0,0,0,0,0,0,0,0,0,0,0,0,0,0,0,0,0,0,0,0,0,0,466
1,5.261891554738487,0.0,43.51,5.563451491696996,0,0.0,0.0,22.022486627375905,0.5216155330359873,4,0.0,0.1345554620639615,5.261891554738487,11.63267280448927,1,0,0,6.240282043938893,0.0,0.0,11.76530612244898,176.7343624557467,87.22339945664844,1.5059268123477565,5,0.5216155330359873,9.882553795444306,61.19576456498077,18.26839859116542,18.26839859116542,1.0694231969396475,4,187.86126543914068,13.41090137056018,15.112449266614911,371.8352830687273,-2.119829422498251,27.62624191536553,-2.242852992832595,13.41090137056018,247.7152186533967,9.992209827271102,16.690354475090988,0,1.066884742056482,48.77717999040193,18.26839859116542,5,177.670765395131,22.59921915001398,13.034675787750857,0.0,2.341155799618367,0.2244897959183673,0.0,0.4897959183673469,333.65018876538835,-13.010000000000025,0.7959183673469388,2.520478938307573,1009.3040000000002,0.0,5,0.104435616409327,0.104435616409327,0.0,4,0.0,350.3405432404793,15.710898832961684,95.58018431189046,124.94128877108204,4.360762224065622,15.710898832961684,0.0,-0.3070911534422521,0.0,10,19,0.021505376344086,6157.629982284955,53.99033278292913,0,458,12,13.847474399381248,0.0,25.178587266912007,5.261891554738487,0.3070911534422521,0,56.52399840544021,0,20.29450502409007,8.926932775522944,26.04174582534405,26.04174582534405,19,0,24.565520000000056,20.29450502409007,33.608594292921445,1247.4926969519995,1187.0579999999986,24.565520000000056,0.0,566.6195950891158,0.0,65.11464024484196,0.0,48.39964705710625,410.6030000000012,1248.5459999999998,0.0,0.0,15,33.608594292921445,0.0,53.99033278292913,0,0.0,0.0,2,15,0.0,98,0,0.0,0,0,0,0,0,0.0,1.2256876179608913e+28,0,0,0,0,0,0,0,0,0,0.0,0,0.0,0.0,0.0,0.0,0,0,0,0,0,0,0,0,0,0,0,0,0,0,0,0,0,0,0,0,0,0,0,0,0,0,0,0,0,0,0,0,0,0,0,0,0,0,0,0,0,0,0,0,0,0,0,0,0,0,0,0,0,0,0,0,0,0,0,0,0,0,0,0,0,0,0,0,469
2,9.589074368143644,0.0,39.07,22.253805966787983,0,26.3401205553223,0.0,2.4546636555034755,0.0865167194425433,1,11.566489892729878,0.2657203910535931,0.0,0.0,0,2,2,6.283097283929735,0.0,11.566489892729878,12.694444444444445,38.62013912223967,33.372339756892,3.258577948998233,1,-0.0941195280075843,2.280177012816387,11.033401435232523,16.133589540521232,4.567099647791355,0.0978868830397792,1,22.37774074977455,13.251289499336314,16.14422582865414,77.36350446933069,-2.205821655490875,8.215533522145282,-2.185779968321012,13.251289499336314,72.29348924477472,9.81962683754554,37.40633182662862,0,1.313588768902333,38.71364067040113,4.567099647791355,3,60.51520966231588,7.622436073541845,4.361607131648647,9.589074368143644,2.294356144773482,0.5,25.12283840507545,1.0277777777777777,109.19460723230902,-4.759999999999998,1.6666666666666667,2.340620881601684,371.58400000000006,18.19910120538483,3,0.1940356570602549,0.1940356570602549,-0.1806362474501277,1,0.0,137.01186469079403,5.4474584537787045,16.814289258077554,36.29326189138297,1.9302129436130504,5.4474584537787045,0.0,-0.3092477582645272,21.80584986416212,2,6,0.0303030303030303,1819.414666141036,19.65601502184096,2,170,5,6.923737199690624,9.589074368143644,6.923737199690624,0.0,0.3092477582645272,2,20.59943241562553,1,7.21205578381725,2.928111631846676,9.384231705057054,9.384231705057054,7,0,7.534520000000006,7.21205578381725,12.03120417056414,463.157228912,442.36800000000034,7.534520000000006,0.0,207.7971860985172,0.0,24.38817609920224,0.0,17.59735678832402,144.2609999999998,463.5360000000002,0.0,0.0,5,12.03120417056414,0.0,19.65601502184096,0,0.0,0.0,1,5,0.0,36,0,0.0,0,1,0,0,0,0.0,394686051.848283,0,0,0,0,0,0,0,0,0,0.0,0,0.0,0.0,0.0,0.0,0,0,0,0,0,0,0,0,0,0,0,0,0,0,0,0,0,0,0,0,0,0,0,0,0,0,0,0,0,0,0,0,0,0,0,0,0,0,0,0,0,0,0,0,0,0,0,0,0,0,0,0,0,0,0,0,0,0,0,0,0,0,0,0,0,0,0,0,598
2,9.589074368143644,0.0,39.07,22.253805966787983,0,26.495080384307894,0.0,2.426472140676548,0.0889986432339215,1,11.566489892729878,0.2657203910535931,0.0,0.0,0,2,2,6.283171565564542,0.0,11.566489892729878,12.694444444444445,38.62013912223967,33.372339756892,3.2583428239829377,1,-0.0972201529831395,2.27761033425716,11.033401435232523,16.133589540521232,4.567099647791355,0.0978868829959846,1,33.41114218500707,13.338600660733736,16.144225957780556,65.23077033240746,-2.2058965076414543,8.129841941338398,-2.1871926556637704,13.338600660733736,72.29348924477472,9.819463885821529,37.40633182662862,0,1.3804277177889253,38.71364067040113,4.567099647791355,3,60.51520966231588,7.622436073541845,4.361607131648647,9.589074368143644,2.294905268500832,0.5,43.32193961046029,1.0833333333333333,109.19460723230902,-4.759999999999998,1.7777777777777777,2.3469009137621897,371.2320000000001,12.13273413692322,3,0.1940356570989478,0.1940356570989478,-0.1862187962170611,1,0.0,137.01186469079403,5.469066931084291,16.814289258077554,36.25919476325276,1.931352565717645,5.469066931084291,0.0,-0.3092261992202978,10.772448428929591,2,6,0.0303030303030303,1836.664666141036,19.65601502184096,2,170,5,6.923737199690624,9.589074368143644,6.923737199690624,0.0,0.3092261992202978,2,20.59943241562553,1,7.190905357319416,2.928111631846676,9.387686028751002,9.387686028751002,7,0,7.534520000000006,7.190905357319416,12.03120417056414,463.157228912,442.36800000000034,7.534520000000006,0.0,207.7971860985172,0.0,24.38817609920224,0.0,17.59735678832402,144.26099999999985,463.5360000000002,0.0,0.0,5,12.03120417056414,0.0,19.65601502184096,0,0.0,0.0,1,5,0.0,36,0,0.0,0,1,0,0,0,0.0,391813743.51151127,0,0,0,0,0,0,0,0,0,0.0,0,0.0,0.0,0.0,0.0,0,0,0,0,0,0,0,0,0,0,0,0,0,0,0,0,0,0,0,0,0,0,0,0,0,0,0,0,0,0,0,0,0,0,0,0,0,0,0,0,0,0,0,0,0,0,0,0,0,0,0,0,0,0,0,0,0,0,0,0,0,0,0,0,0,0,0,0,597
2,9.589074368143644,0.0,39.07,22.253805966787983,0,26.697944097246182,0.0,2.390775808486848,0.092099268209477,1,11.566489892729878,0.2657203910535931,0.0,0.0,0,2,2,6.283667724400552,0.0,11.566489892729878,12.694444444444445,38.62013912223967,33.372339756892,3.2559484287000138,1,-0.101115850406074,2.2822424647596,16.720787709916088,16.133589540521232,4.567099647791355,0.0978868815066739,1,33.41114218500707,13.454153212274605,16.144226762953924,65.23077033240746,-2.206472283562769,8.054143345184805,-2.196302553404605,13.454153212274605,78.35985631323634,9.818417317113784,37.40633182662862,0,1.456976349317323,38.58970588741457,4.567099647791355,3,48.88539110215728,7.622436073541845,4.361607131648647,9.589074368143644,2.2980548554275977,0.5,43.32193961046029,1.0555555555555556,109.19460723230902,-4.759999999999998,1.75,2.373510265450922,371.7360000000001,12.13273413692322,3,0.194035667428192,0.194035667428192,-0.193215118615551,1,0.0,137.01186469079403,5.526581461319567,16.814289258077554,36.168668354219406,1.9327743820520489,5.526581461319567,0.0,-0.30862073369589,10.772448428929591,2,6,0.0303030303030303,1836.664666141036,19.65601502184096,2,170,5,6.923737199690624,9.589074368143644,6.923737199690624,0.0,0.30862073369589,3,20.59943241562553,1,7.209176266103628,2.863575115688346,9.354506739148952,9.354506739148952,7,0,7.534520000000006,7.209176266103628,12.037187234707847,463.157228912,442.36800000000034,7.534520000000006,0.0,207.7971860985172,0.0,24.38817609920224,0.0,17.614193540729627,144.2609999999998,463.5360000000002,0.0,0.0,5,12.037187234707847,0.0,19.65601502184096,0,0.0,0.0,1,5,0.0,36,0,0.0,0,1,0,0,0,0.0,397209298.321321,0,0,0,0,0,0,0,0,0,0.0,0,0.0,0.0,0.0,0.0,0,0,0,0,0,0,0,0,0,0,0,0,0,0,0,0,0,0,0,0,0,0,0,0,0,0,0,0,0,0,0,0,0,0,0,0,0,0,0,0,0,0,0,0,0,0,0,0,0,0,0,0,0,0,0,0,0,0,0,0,0,0,0,0,0,0,0,0,575
2,10.056428738810308,0.0,50.72,22.253805966787983,0,14.097772400302508,0.0,15.23489770547496,0.0846905877553008,2,5.783244946364939,0.1756180262366393,5.261891554738487,6.069221312792274,1,1,1,6.12484674677573,0.0,5.783244946364939,11.46,66.11337526108535,49.39494467468917,3.678565140144404,3,-0.0846905877553008,4.522785976420703,27.63025436216204,14.91744424194765,9.13419929558271,0.1032881759614176,2,50.131929894923154,14.097772400302508,16.138391139328366,136.53076197760723,-2.089670531154485,11.585833281875962,-2.1605639360817825,14.097772400302508,84.92913895846256,9.865158338527475,32.6117946425568,0,1.0733704136009008,49.61002388231729,9.13419929558271,4,97.26786662754998,11.473451814346532,6.755507688560798,4.794537184071822,2.214956142746617,0.54,44.179309741689295,0.94,151.65917671154028,-6.699999999999997,1.36,2.35896653029897,517.3680000000002,0.0,4,0.1931031806073528,0.1931031806073528,-0.0846905877553008,2,0.0,179.4764341700252,7.802412819818827,28.57089684555339,54.29118975369373,3.852211469987444,7.802412819818827,0.0,-0.3092477582207907,21.544896857859182,5,9,0.0434782608695652,2738.296555823658,27.68364580670439,1,236,6,13.847474399381248,4.794537184071822,25.178587266912007,5.261891554738487,0.3092477582207907,4,29.43973530317021,0,10.097739189913948,4.411984629238258,12.890117623560728,12.890117623560728,9,0,11.267319999999986,10.097739189913948,16.79885748552175,641.246712612,610.5260000000001,11.267319999999986,0.0,289.23857212501207,0.0,33.931781694642744,0.0,24.52920844090215,204.6194999999996,641.7740000000002,0.0,0.0,7,16.79885748552175,0.0,27.68364580670439,0,0.0,0.0,1,7,0.0,50,0,0.0,0,0,0,0,0,0.0,619953027481.5103,0,0,0,0,0,0,0,0,0,0.0,0,0.0,0.0,0.0,0.0,0,0,0,0,0,0,0,0,0,0,0,0,0,0,0,0,0,0,0,0,0,0,0,0,0,0,0,0,0,0,0,0,0,0,0,0,0,0,0,0,0,0,0,0,0,0,0,0,0,0,0,0,0,0,0,0,0,0,0,0,0,0,0,0,0,0,0,0,456
2,10.056428738810308,0.0,50.72,22.253805966787983,0,14.512349012522971,0.0,15.646110599623285,0.0135157146030095,2,5.783244946364939,0.1618621276151732,5.261891554738487,6.069221312792274,1,1,1,6.128836198950893,0.0,27.44320682395206,12.742424242424242,66.11337526108535,49.39494467468917,3.763277573034992,3,-0.0857331933880041,4.670646087224027,27.63025436216204,14.91744424194765,9.13419929558271,0.1032836157895125,2,50.131929894923154,14.512349012522971,16.138407692494752,207.4828742369715,-2.104519361118524,16.921978387953292,-2.1946817618386016,14.512349012522971,119.48304880705712,9.847696122925642,137.95044700563227,0,1.0724533327110932,49.61002388231729,9.13419929558271,4,165.4471027457715,15.452098575279177,10.418500308340748,4.794537184071822,2.249876566699494,0.4545454545454545,32.04657560476608,0.7878787878787878,127.39370843769387,-6.699999999999997,1.106060606060606,2.4061100955285606,716.1040000000002,0.0,4,0.1931031806073528,0.1931031806073528,-0.0857331933880041,2,0.0,177.46477186296678,9.869956396903548,28.57089684555339,48.45271685666264,31.04859891606845,9.869956396903548,0.0,-0.3092470595377842,43.798702824647165,5,9,0.2903225806451613,3321.004254134763,41.37424472994587,1,332,6,118.59228267325584,4.794537184071822,25.178587266912007,5.261891554738487,0.3092470595377842,0,44.50017044614058,0,13.931854918265271,7.530581277373126,22.749234379957265,22.749234379957265,9,0,16.457319999999964,13.931854918265271,23.441591895613577,865.497113636,802.7019999999995,16.457319999999964,21.65996187758712,391.07764595535775,0.0,47.41275564665504,0.0,30.949895302992303,279.41949999999974,866.2059999999999,0.0,0.0,7,23.441591895613577,0.0,41.37424472994587,0,0.0,0.0,1,7,0.0,66,0,0.0,0,0,0,0,0,0.0,239374689467952.0,0,0,0,0,0,0,0,0,0,0.0,0,0.0,0.0,0.0,0.0,0,0,0,0,0,0,0,0,0,0,0,0,0,0,0,0,0,0,0,0,0,0,0,0,0,0,0,0,0,0,0,0,0,0,0,0,0,0,0,0,0,0,0,0,0,0,0,0,0,0,0,0,0,0,0,0,0,0,0,0,0,0,0,0,0,0,0,0,465
2,4.794537184071822,21.452573871725505,20.31,16.690354475090988,3,16.95835736586666,4.899909730850478,0.0,0.0422830032742345,0,5.783244946364939,0.1694478749329425,0.0,5.817220841045895,0,1,1,6.15152655377,4.39041504767482,11.600465787410831,17.12727272727273,22.253805966787983,22.845403770415626,3.715854766979567,1,-1.0443903167072346,16.91609990381982,22.204753488160684,5.783244946364939,0.0,0.1027598084134144,0,50.44286777423266,16.91609990381982,19.14220523654028,133.15098829977336,-2.37974206093495,16.255376047895965,-2.453755933484755,16.91609990381982,139.52644257461708,9.606556605684991,65.99250359273877,0,1.1823995394152784,22.37774074977455,4.899909730850478,2,110.08335751082424,10.644625445823175,5.923050499282818,9.184952231746642,2.547721604927589,0.4363636363636363,48.53093654769288,0.8909090909090909,175.9246449853867,-6.839999999999996,1.490909090909091,2.6469536850033104,555.9760000000001,6.06636706846161,3,0.1931938786036238,0.1931938786036238,-0.3140657053979849,1,0.0,242.93983223509952,10.935195343408306,22.253805966787983,60.95998567621848,2.0575800449304027,10.935195343408306,4.899909730850478,-0.3098204242680409,33.380708950181976,1,8,0.0576923076923076,2916.6773707150323,29.976584165472204,1,258,18,17.753718138484185,4.794537184071822,12.74095804073652,0.0,0.3098204242680409,2,30.60396808873931,4,12.874149855183036,3.5259156175556754,15.225337978782935,15.225337978782935,12,1,12.18791999999998,12.874149855183036,18.92674586435978,705.246792864,673.576,12.18791999999998,10.82998093879356,318.3543975785879,10.82998093879356,36.630452307392,0.0,27.056587779343573,217.41849999999948,705.8320000000001,4.39041504767482,0.0,8,18.92674586435978,0.0,29.976584165472204,1,0.0,0.0,1,8,0.0,55,0,0.0,0,3,0,1,0,0.0,14458221697911.12,0,0,2,0,0,1,0,0,0,0.0,0,0.0,0.0,0.0,0.0,0,0,0,0,0,0,0,0,0,0,0,0,0,0,0,0,0,0,0,0,0,0,0,0,0,0,0,0,0,0,0,0,0,0,0,0,0,0,0,0,0,0,0,0,0,0,0,0,0,0,0,0,0,0,0,0,0,0,0,0,0,0,0,0,0,0,0,0,510
2,4.794537184071822,21.452573871725505,20.31,16.690354475090988,3,16.59478041686014,4.899909730850478,0.0,0.0302359956328213,0,5.783244946364939,0.1916445412636457,0.0,5.817220841045895,0,1,1,6.150273623431034,4.39041504767482,17.015456256807614,18.044444444444444,11.126902983393991,22.845403770415626,3.384401307834252,1,-0.9940773809523796,16.58973135376995,16.789763018763903,5.783244946364939,0.0,0.1027610429419619,0,50.44286777423266,16.58973135376995,19.142202387143907,98.46752615146168,-2.373510206692756,11.886001208487684,-2.4320649548124686,16.58973135376995,104.84298042630542,9.60732340570504,68.71307500872602,0,1.415378980228731,27.79273121917133,4.899909730850478,2,87.82955154403626,8.890138888888888,5.166246204724646,9.184952231746642,2.5341745314856365,0.5777777777777777,48.53093654769288,1.1111111111111112,127.39370843769387,-5.279999999999998,1.7777777777777777,2.6131317277339976,460.0400000000001,6.06636706846161,3,0.1931938786036237,0.1931938786036237,-0.2916078031049174,1,0.0,183.28199270401268,8.542600936816903,11.126902983393991,42.78800503922618,6.599756451427627,8.542600936816903,4.899909730850478,-0.309870443222033,11.126902983393991,1,6,0.119047619047619,2212.955691535372,25.357782011955194,1,216,11,31.60119253786544,4.794537184071822,12.74095804073652,0.0,0.309870443222033,2,26.150444005230288,3,10.460510517644767,3.151001656700327,13.009170414817522,13.009170414817522,9,1,10.150719999999993,10.460510517644767,15.522045325980532,583.2311428,553.4660000000003,10.150719999999993,10.82998093879356,261.9759245487825,5.41499046939678,30.664196981141128,0.0,21.84624434829849,178.6844999999996,583.7060000000002,4.39041504767482,0.0,6,15.522045325980532,0.0,25.357782011955194,1,0.0,0.0,1,6,0.0,45,0,0.0,0,2,0,1,0,0.0,37971722052.101166,0,0,1,0,0,1,0,0,0,0.0,0,0.0,0.0,0.0,0.0,0,0,0,0,0,0,0,0,0,0,0,0,0,0,0,0,0,0,0,0,0,0,0,0,0,0,0,0,0,0,0,0,0,0,0,0,0,0,0,0,0,0,0,0,0,0,0,0,0,0,0,0,0,0,0,0,0,0,0,0,0,0,0,0,0,0,0,0,526
2,4.794537184071822,17.062158824050687,20.31,0.0,3,16.618404912954876,4.899909730850478,0.0,0.0881620580330899,0,5.783244946364939,0.2023902074849731,0.0,0.0,0,1,1,6.1492658471827335,0.0,11.19823541576172,16.046511627906977,11.126902983393991,22.845403770415626,3.348834312931,1,-0.6000727513227517,0.0,16.789763018763903,5.783244946364939,0.0,0.1027753268150552,0,27.941192241471544,14.227884788238324,16.138495675217108,146.14109256792557,-2.3663976017908563,13.832548117400211,-2.431823959893613,14.227884788238324,123.04208163169028,9.60956953022585,63.14962351702903,0,1.3923569857238884,22.22927972747433,4.899909730850478,2,74.83944727588403,8.424926450298303,4.7796142042043,4.794537184071822,2.5146656434027617,0.4418604651162791,12.13273413692322,0.8604651162790697,139.52644257461708,-5.209999999999997,1.4186046511627908,2.6008212955822376,441.5840000000001,0.0,2,0.1931938498367837,0.1931938498367837,0.0881620580330899,1,0.0,184.034054508193,8.240577214051147,11.126902983393991,49.67150164289774,4.62271660204741,8.240577214051147,4.899909730850478,-0.3098704432765781,44.7554814995491,1,6,0.0975609756097561,2057.0773714806123,24.13451807732522,1,204,11,24.67745533817481,4.794537184071822,0.0,0.0,0.3098704432765781,2,24.394683086344084,3,10.074588638380616,2.953334553505208,12.440470530906964,12.440470530906964,9,1,9.703199999999995,10.074588638380616,14.999729756142589,551.224914548,522.4570000000004,9.703199999999995,10.82998093879356,251.4454470314596,5.41499046939678,28.923710005134968,0.0,21.02487714325258,173.98949999999954,551.6890000000002,0.0,0.0,6,14.999729756142589,0.0,24.13451807732522,0,0.0,0.0,0,6,0.0,43,0,0.0,0,2,0,0,0,0.0,17939138523.69887,0,0,1,0,0,0,0,0,0,0.0,0,0.0,0.0,0.0,0.0,0,0,0,0,0,0,0,0,0,0,0,0,0,0,0,0,0,0,0,0,0,0,0,0,0,0,0,0,0,0,0,0,0,0,0,0,0,0,0,0,0,0,0,0,0,0,0,0,0,0,0,0,0,0,0,0,0,0,0,0,0,0,0,0,0,0,0,0,515
7,0.0,68.24863529620275,65.67,22.76262853906405,12,35.32351527439571,19.599638923401912,4.210710561442845,0.0240442683985526,4,5.783244946364939,0.0893215901984354,0.0,11.635725555670057,0,1,1,6.141193721725227,9.967957041894415,49.10316870153917,12.709677419354838,55.24742528399428,117.64357997089188,1.5808825452988955,8,-0.1798709917705454,4.499192835523575,22.066802870465047,24.885401283842064,19.10215633747713,0.1033218124345735,4,111.86033502452696,15.26010616678506,16.13847533203723,461.8236820238701,-2.1412872174695323,27.32347928455985,-2.2819611004879947,15.26010616678506,263.2315658879608,9.864109676273198,226.5987448936169,2,0.8146020397828444,113.31412228068204,19.599638923401912,9,281.9512818795217,31.631382181716106,21.68076567711736,4.794537184071822,2.293555881948884,0.2016129032258064,24.26546827384644,0.3548387096774194,303.5793064293833,-12.59000000000002,0.4919354838709677,2.485205479574144,1348.0800000000004,12.393687143226153,9,0.1956266617092129,0.1956266617092129,1.1867931636472442,4,9.967957041894415,359.21382134635326,17.193322597138373,11.635725555670057,107.5921420804245,54.4099690449952,17.193322597138373,19.599638923401912,-0.3104810633778637,44.507611933575966,16,16,0.2782608695652174,5605.921828012188,77.35347051394474,1,628,6,209.48961654774928,13.928736479654532,0.0,0.0,0.3104810633778637,0,84.9920161097651,0,24.90784250704922,16.95259928001873,42.33253135863722,42.33253135863722,16,0,32.16100000000012,24.90784250704922,44.11444848117902,1630.974160524,1509.319999999998,32.16100000000012,43.31992375517423,736.3076038462009,0.0,88.28621312009584,0.0,58.41532227859104,528.9165000000022,1632.2959999999975,4.794537184071822,0.0,12,44.11444848117902,0.0,77.35347051394474,0,0.0,0.0,0,12,3.4541977550109566,124,0,0.0,0,0,0,0,0,0.0,1.0104944318239183e+39,0,0,0,0,0,0,0,0,0,0.0,0,0.0,0.0,0.0,0.0,0,0,0,0,0,0,0,0,0,0,0,0,0,0,0,0,0,0,0,0,0,0,0,0,0,0,0,0,0,0,0,0,0,0,0,0,0,0,0,0,0,0,0,0,0,0,0,0,0,0,0,0,0,0,0,0,0,0,0,0,0,0,0,0,0,0,0,0,596
15,4.794537184071822,68.24863529620275,139.51,22.76262853906405,12,34.07655161886936,76.47801925362216,3.85636439600199,0.2317290511707765,4,5.783244946364939,0.0529778970139718,0.0,57.6318202219413,0,1,1,6.140464069419994,9.967957041894415,5.783244946364939,11.185185185185183,55.24742528399428,117.64357997089188,1.5763493980817849,8,-0.2317290511707765,49.2595860252672,78.94518320068529,81.76378161406232,19.10215633747713,0.103325489924313,4,157.85642969079825,14.950908849513926,16.481925017544153,198.5921161359097,-2.097410645972108,15.468621896431,-2.2612257044021646,14.950908849513926,0.0,10.072965563461045,15.921440167465814,2,0.7935101974619523,113.31412228068204,57.494542553802304,17,291.18561928615713,29.51294815130653,18.65047512681729,42.68944081447221,2.253337931026801,0.2314814814814814,121.32734136923226,0.4074074074074074,303.5793064293833,-14.19000000000002,0.5648148148148148,2.470468266449793,1121.8960000000002,69.2720674734464,17,0.1956266617092129,0.1956266617092129,6.973207328326923,4,47.86286067229481,314.7062094127773,14.15964909232716,57.6318202219413,97.71724241370003,0.0,14.15964909232716,57.494542553802304,-0.4967658832525265,0.0,24,16,0.0879120879120879,5032.566286544582,60.61945683765565,1,532,6,0.0,13.928736479654532,0.0,0.0,0.4967658832525265,0,68.24974934288619,0,19.620586134508176,12.94818287700579,25.54174152689832,25.54174152689832,16,0,21.849800000000023,19.620586134508176,35.01342796674537,1422.557875948,1349.0479999999986,21.849800000000023,0.0,624.4573549367366,0.0,73.94306736958819,0.0,53.02876177503582,431.7325000000015,1423.6399999999994,0.0,45.99609466627124,12,35.01342796674537,0.0,60.61945683765565,0,0.0,13.341620856641985,0,12,3.306805464761524,108,0,0.0,8,0,0,0,0,0.0,1.965370237892544e+31,0,0,0,8,0,0,0,0,0,0.0,0,0.0,0.0,0.0,0.0,0,0,0,0,0,0,0,0,0,0,0,0,0,0,0,0,0,0,0,0,0,0,0,0,0,0,0,0,0,0,0,0,0,0,0,0,0,0,0,0,0,0,0,0,0,0,0,0,0,0,0,0,0,0,0,0,0,0,0,0,0,0,0,0,0,0,0,0,645
4,0.0,34.124317648101375,42.120000000000005,0.0,6,16.99822635147996,9.799819461700956,9.270424966123826,0.0631455755068746,3,0.0,0.1300846543152041,0.0,0.0,0,0,0,6.25386829103728,9.967957041894415,32.48994281638068,14.791666666666666,98.59817200601556,121.3477171047498,1.0293478896518409,6,-0.2079607858449099,5.073037705768863,78.25792338903146,19.10215633747713,19.10215633747713,0.5902579206360102,4,88.42804769752352,6.015528771272821,15.1679167765462,348.1030284169516,-2.300841023574181,26.71537016325427,-2.418632275532476,6.015528771272821,219.9744024273589,9.73281073902667,155.28740712862597,0,1.0004897789165952,54.52209877494945,18.934018757283667,6,186.13462947240168,20.25370549343094,12.592124771537542,0.0,2.3898816086218617,0.2604166666666667,0.0,0.53125,218.3892144646179,-10.040000000000006,0.8020833333333334,2.553943738201472,1011.1520000000004,0.0,6,0.097906263803612,0.097906263803612,0.0,5,9.967957041894415,262.8968263981939,16.342047242501426,11.374772549367124,83.46036598242226,37.31590816428413,16.342047242501426,9.799819461700956,-0.3098593676014167,88.80205389016939,4,15,0.2444444444444444,5237.575675337213,58.46789126382623,0,474,17,143.26973801143066,0.0,0.0,0.0,0.3098593676014167,4,59.68507730398662,2,21.83293039957774,8.819941684414522,32.79818063486442,32.79818063486442,17,2,24.691800000000047,21.83293039957774,34.4700136094129,1248.675746688,1165.0319999999986,24.691800000000047,32.48994281638068,564.0415759369487,0.0,66.65466737591528,0.0,45.63933269531303,409.1560000000015,1249.7039999999993,0.0,0.0,12,34.4700136094129,0.0,58.46789126382623,0,0.0,0.0,0,12,0.0,96,0,0.0,0,0,0,0,0,0.0,8.32663677027843e+25,0,0,0,0,0,0,0,0,0,0.0,0,0.0,0.0,0.0,0.0,0,0,0,0,0,0,0,0,0,0,0,0,0,0,0,0,0,0,0,0,0,0,0,0,0,0,0,0,0,0,0,0,0,0,0,0,0,0,0,0,0,0,0,0,0,0,0,0,0,0,0,0,0,0,0,0,0,0,0,0,0,0,0,0,0,0,0,0,583
4,0.0,34.124317648101375,42.120000000000005,0.0,6,17.372405255419103,9.799819461700956,9.117696611229714,0.0873882650040953,3,0.0,0.1300833623346695,0.0,0.0,0,0,0,6.256491782420369,9.967957041894415,21.65996187758712,14.482758620689657,120.85197797280354,121.3477171047498,1.4729231567455243,6,-0.5692152512748732,5.093993908511399,89.08790432782502,19.10215633747713,19.10215633747713,0.5902579206360103,4,111.17759279625776,6.148858635252035,15.171239209979973,417.4699527135747,-2.357203538571856,35.62174303784985,-2.448055549508825,6.148858635252035,289.34132672398204,9.64431786816158,149.84626429665144,0,0.8237055812332643,43.69211783615589,18.934018757283667,6,230.64224140597776,23.744153738598047,14.008448428539149,0.0,2.5350662563745354,0.2155172413793103,0.0,0.4655172413793103,315.45108756000354,-13.160000000000023,0.7327586206896551,2.660308145001618,1199.1680000000003,0.0,6,0.097906263803612,0.097906263803612,0.0,5,9.967957041894415,382.2125054603675,21.127236055684303,33.62857851615511,121.0225790022882,27.93824885136837,21.127236055684303,9.799819461700956,-0.3098093486493992,110.5601207250111,4,19,0.1636363636363636,6757.541471863575,67.7054955708602,0,558,31,115.57478921266816,0.0,0.0,0.0,0.3098093486493992,4,68.43705762690563,4,26.66020907465424,9.29549887437036,37.23051576279524,37.23051576279524,23,2,28.76620000000008,26.66020907465424,41.2794146861714,1492.707046816,1405.251999999998,28.76620000000008,32.48994281638068,676.7985219965608,10.82998093879356,78.58717802841709,0.0,56.06001955740316,486.624000000002,1493.9559999999994,0.0,0.0,16,41.2794146861714,0.0,67.7054955708602,0,0.0,0.0,0,16,0.0,116,0,0.0,0,2,0,0,0,0.0,4.05098021394458e+37,0,0,2,0,0,0,0,0,0,0.0,0,0.0,0.0,0.0,0.0,0,0,0,0,0,0,0,0,0,0,0,0,0,0,0,0,0,0,0,0,0,0,0,0,0,0,0,0,0,0,0,0,0,0,0,0,0,0,0,0,0,0,0,0,0,0,0,0,0,0,0,0,0,0,0,0,0,0,0,0,0,0,0,0,0,0,0,0,606
1,4.794537184071822,0.0,22.0,0.0,0,13.669649961096573,0.0,2.4939810090702954,0.1042577370454356,1,5.783244946364939,0.2517390846127539,0.0,0.0,0,1,1,6.163455287159291,0.0,5.783244946364939,14.764705882352942,27.49323613884568,27.58909481052705,3.245695929985532,1,-0.567880763416478,2.4188860544217685,22.135778179312865,10.350344594156294,4.567099647791355,0.1027610487395735,1,22.253805966787983,13.669649961096573,16.138481459431542,95.56260567471554,-2.4041080364594443,9.186671180818008,-2.447235258081774,13.669649961096573,103.1282401638474,9.577824913215377,38.1752461342538,0,1.7056044099203294,21.899351412323583,4.567099647791355,2,34.386540103711205,6.119678013903514,3.24841524483476,4.794537184071822,2.500193461004727,0.5,24.26546827384644,1.0588235294117647,115.26097430077064,-4.429999999999998,1.8235294117647056,2.56631039785177,343.1600000000001,0.0,2,0.1931912900741748,0.1931912900741748,0.1042577370454356,2,0.0,148.64168325095258,6.588995057838448,5.687386274683562,40.37655405754793,0.0,6.588995057838448,0.0,-0.3085735841447511,38.62013912223967,0,6,0.03125,1788.207404752895,18.32511700056672,1,158,11,5.41499046939678,4.794537184071822,0.0,0.0,0.3085735841447511,3,18.047700887768176,2,7.79911494138733,1.886639704750025,9.241740512692877,9.241740512692877,8,1,7.024200000000006,7.79911494138733,11.678362551096669,433.146664228,414.3580000000003,7.024200000000006,5.41499046939678,196.2648907305476,5.41499046939678,22.44058234200953,0.0,16.814533712207506,136.0814999999999,433.5100000000001,0.0,0.0,5,11.678362551096669,0.0,18.32511700056672,0,0.0,0.0,0,5,0.0,34,0,0.0,0,1,0,0,0,0.0,235827592.4706096,0,0,1,0,0,0,0,0,0,0.0,0,0.0,0.0,0.0,0.0,0,0,0,0,0,0,0,0,0,0,0,0,0,0,0,0,0,0,0,0,0,0,0,0,0,0,0,0,0,0,0,0,0,0,0,0,0,0,0,0,0,0,0,0,0,0,0,0,0,0,0,0,0,0,0,0,0,0,0,0,0,0,0,0,0,0,0,0,479
3,4.794537184071822,17.062158824050687,29.540000000000003,0.0,3,16.010207826217925,4.899909730850478,0.0,0.0769723091129119,0,17.28226861293275,0.239997521887998,0.0,0.0,0,1,1,6.146052710930467,0.0,5.783244946364939,15.314285714285717,0.0,22.845403770415626,2.924443192412756,1,-0.6436735874905524,6.461707923910305,22.477149293447464,5.783244946364939,0.0,0.1027612949616425,0,61.94189144080047,13.685071771796158,16.485090980134853,59.497213347004966,-2.424041371842187,8.326750322814313,-2.4969923153873737,13.685071771796158,90.99550602692418,9.571529764255176,38.1752461342538,0,1.6023621548527245,11.126902983393991,9.636772684650529,3,46.51927424063442,6.4860496138754975,3.476311709769208,9.53140013787187,2.5256314171262253,0.5142857142857142,60.6636706846161,1.0571428571428572,115.26097430077064,-4.629999999999998,1.8,2.639797357860472,351.4800000000001,0.0,3,0.1931912902022225,0.1931912902022225,1.7338848920473204,2,4.736862953800049,148.64168325095258,6.372848812875394,11.49902366656781,39.21744903501013,0.0,6.372848812875394,9.636772684650529,-0.4529413327284846,0.0,0,5,0.03125,1667.4497347183683,18.73336529103058,1,164,10,5.41499046939678,4.794537184071822,0.0,0.0,0.4529413327284846,4,18.75886203238929,3,7.653044852192299,2.1410886454858176,9.244953856341478,9.244953856341478,8,2,7.502600000000005,7.653044852192299,11.836610841560528,449.141578848,430.3570000000003,7.502600000000005,5.41499046939678,202.40707171171263,5.41499046939678,23.147689123196084,0.0,17.2976969598019,136.49949999999987,449.5090000000002,0.0,11.49902366656781,5,11.836610841560528,0.0,18.73336529103058,0,0.0,0.0,0,5,0.0,35,0,0.0,1,1,0,0,0,0.0,327155822.2470273,0,0,1,0,0,0,0,0,0,0.0,0,0.0,0.0,0.0,0.0,0,0,0,0,0,0,0,0,0,0,0,0,0,0,0,0,0,0,0,0,0,0,0,0,0,0,0,0,0,0,0,0,0,0,0,0,0,0,0,0,0,0,0,0,0,0,0,0,0,0,0,0,0,0,0,0,0,0,0,0,0,0,0,0,0,0,0,0,522
2,0.0,0.0,30.19,0.0,0,10.217998866213152,0.0,5.169092655580752,0.933580771814899,3,0.0,0.3091777294334358,0.0,0.0,0,0,0,6.274403530587144,9.967957041894415,0.0,12.827586206896552,71.6431594190314,49.128400445940485,3.2574315841151944,3,0.933580771814899,2.452407407407408,38.97135957777823,14.36865164815621,14.36865164815621,1.303995592753847,3,33.54816040832343,5.108999433106576,14.944448391259476,58.99799822241628,-1.9435287130081924,9.897755731922398,-2.094144950289939,5.108999433106576,66.73003775307771,10.015424463120416,0.0,0,1.7833512778931448,32.671799841253176,4.400694606261793,3,12.13273413692322,4.527976819491618,2.1983500786191863,0.0,2.2707786460533166,0.4482758620689655,24.26546827384644,0.896551724137931,78.86277189000094,-3.979999999999999,1.4137931034482758,2.4781534660150584,282.4560000000001,0.0,3,0.0994666592002605,0.0994666592002605,0.0,4,9.967957041894415,78.86277189000094,5.315823800898125,22.51475897309092,27.92941200554296,0.0,5.315823800898125,0.0,-0.3066119210785882,38.094999010707966,0,7,0.0,1679.9432865867286,15.347194285965012,0,132,6,0.0,0.0,0.0,0.0,0.3066119210785882,5,14.07961100982717,1,6.440018992473036,1.469712718449342,7.850166394768383,7.850166394768383,8,1,6.427300000000003,6.440018992473036,9.874648661008356,367.110947416,354.30700000000013,6.427300000000003,0.0,164.74580553621354,0.0,18.689505486452976,0.0,14.39897948556636,118.62700000000002,367.41100000000006,0.0,0.0,4,9.874648661008356,0.0,15.347194285965012,0,0.0,0.0,0,4,0.0,29,0,0.0,0,0,0,0,0,0.0,21726221.73383648,0,0,0,0,0,0,0,0,0,0.0,0,0.0,0.0,0.0,0.0,0,0,0,0,0,0,0,0,0,0,0,0,0,0,0,0,0,0,0,0,0,0,0,0,0,0,0,0,0,0,0,0,0,0,0,0,0,0,0,0,0,0,0,0,0,0,0,0,0,0,0,0,0,0,0,0,0,0,0,0,0,0,0,0,0,0,0,0,502
2,0.0,0.0,30.19,0.0,0,10.518259637188208,0.0,7.53035669951074,0.93469188292601,3,0.0,0.2380732991085031,0.0,0.0,0,0,0,6.275185946836992,9.967957041894415,0.0,12.848484848484848,82.415607847961,59.90084887487008,3.3449536743086026,3,0.93469188292601,2.462824074074074,38.97135957777823,14.36865164815621,14.36865164815621,1.3089235038014126,3,33.54816040832344,5.259129818594104,14.9447323755694,95.39620063318596,-1.949901589855389,9.86500381659653,-2.1055287398412474,5.259129818594104,78.86277189000094,10.009621911290724,0.0,0,1.5899442254050715,32.671799841253176,4.400694606261793,3,22.90518256585281,5.27610818933133,2.5865702091627134,0.0,2.272955792665591,0.4545454545454545,0.0,0.9090909090909092,90.99550602692418,-4.499999999999998,1.4242424242424243,2.480176104247493,320.9440000000001,0.0,3,0.099467101479642,0.099467101479642,0.0,4,9.967957041894415,90.99550602692418,6.057934390199138,22.51475897309092,32.623555772630446,0.0,6.057934390199138,0.0,-0.3066119210785377,48.86744743963755,0,8,0.0,1985.304898797284,17.501894824344266,0,150,7,0.0,0.0,0.0,0.0,0.3066119210785377,3,16.17798836554701,1,7.401172463171319,1.7704388505235018,9.049525131886156,9.049525131886156,9,1,7.580500000000002,7.401172463171319,11.279349199387603,417.12659748,402.3510000000002,7.580500000000002,0.0,187.42747006794872,0.0,21.258419587205324,0.0,16.365305980755146,136.1329999999999,417.4710000000001,0.0,0.0,5,11.279349199387603,0.0,17.501894824344266,0,0.0,0.0,0,5,0.0,33,0,0.0,0,0,0,0,0,0.0,189314704.3598408,0,0,0,0,0,0,0,0,0,0.0,0,0.0,0.0,0.0,0.0,0,0,0,0,0,0,0,0,0,0,0,0,0,0,0,0,0,0,0,0,0,0,0,0,0,0,0,0,0,0,0,0,0,0,0,0,0,0,0,0,0,0,0,0,0,0,0,0,0,0,0,0,0,0,0,0,0,0,0,0,0,0,0,0,0,0,0,0,519
2,0.0,0.0,30.19,0.0,0,10.319943310657596,0.0,5.172328060981561,0.9410807718148988,3,0.0,0.2912402760499735,0.0,0.0,0,0,0,6.274463500709516,9.967957041894415,0.0,12.833333333333334,71.64315941903139,49.128400445940485,3.2572116598201486,3,0.9410807718148988,2.4576157407407404,38.97135957777822,14.36865164815621,14.36865164815621,1.293568587584663,3,33.54816040832343,5.169832766439909,14.944588806980406,84.12083662749176,-1.9500496653438268,11.135638842211716,-2.1000650668084804,5.169832766439909,60.6636706846161,10.013415019848011,5.563451491696996,0,1.7490631767469091,32.671799841253176,4.400694606261793,3,24.61992282831084,4.768613669580648,2.374644760719536,0.0,2.2716611914026474,0.5666666666666667,0.0,1.1,72.79640482153933,-3.979999999999998,1.7333333333333334,2.478691344963861,295.00000000000006,0.0,3,0.0994668604355322,0.0994668604355322,0.0,4,9.967957041894415,78.35985631323634,5.480135432627774,22.51475897309092,26.14381851480516,2.103988863936555,5.480135432627774,0.0,-0.3066119210785764,43.65845050240496,0,7,0.037037037037037,1856.3056770744267,16.269844016775387,0,138,6,6.923737199690624,0.0,6.923737199690624,0.0,0.3066119210785764,3,14.939214572156954,1,6.689203310629895,1.5364200971233477,8.35362071846233,8.35362071846233,8,1,6.735720000000003,6.689203310629895,10.285332263531316,381.12659748,366.3180000000001,6.735720000000003,0.0,171.11074765061014,0.0,19.559748974456056,0.0,14.792826335683715,123.36400000000002,381.43800000000016,0.0,0.0,4,10.285332263531316,0.0,16.269844016775387,0,0.0,0.0,1,4,0.0,30,0,0.0,0,0,0,0,0,0.0,30589161.96903124,0,0,0,0,0,0,0,0,0,0.0,0,0.0,0.0,0.0,0.0,0,0,0,0,0,0,0,0,0,0,0,0,0,0,0,0,0,0,0,0,0,0,0,0,0,0,0,0,0,0,0,0,0,0,0,0,0,0,0,0,0,0,0,0,0,0,0,0,0,0,0,0,0,0,0,0,0,0,0,0,0,0,0,0,0,0,0,0,505
4,9.589074368143644,0.0,64.33,32.578298293091706,0,37.589053176425246,0.0,8.32524145349251,0.1546377282930311,4,10.85758078380108,0.1673419713615797,0.0,5.516700717616262,0,0,0,6.321701388805154,9.967957041894415,10.85758078380108,12.82051282051282,92.47914716796176,92.47914716796176,3.467030000941302,3,-0.1857048526736473,2.369462186109012,38.48642852016236,14.36865164815621,14.36865164815621,1.3945534889413445,3,38.22547551385944,13.7902395992322,16.136235870833055,58.997998222416285,-2.131849659141751,5.658670645290831,-2.062360114555664,13.7902395992322,78.86277189000094,10.00466804194147,0.0,0,1.5634048339595112,48.47601793018316,4.400694606261793,5,12.13273413692322,6.341499217635143,3.1966778641709457,0.0,2.2329164794909544,0.4102564102564102,6.06636706846161,0.8974358974358975,100.58458039506785,-5.419999999999998,1.5128205128205128,2.442941958649829,372.6400000000001,30.33183534230805,5,0.1962740518452984,0.1962740518452984,0.0,4,9.967957041894415,111.44216117886891,7.015431895248746,0.0,29.724239205349072,0.0,7.015431895248746,10.85758078380108,-0.3066119210644312,21.67537336101065,0,10,0.0,2815.542423545133,20.31839140527199,0,178,9,0.0,9.589074368143644,0.0,0.0,0.3066119210644312,3,19.659457870146785,0,8.59427289212562,2.095441221358337,10.421139809054017,10.421139809054017,10,0,6.988700000000002,8.59427289212562,12.94358055399518,497.1164267200001,482.3930000000004,6.988700000000002,0.0,217.7232696908426,0.0,25.567820663963825,0.0,19.20350993820666,159.1329999999998,497.51300000000026,0.0,0.0,6,12.94358055399518,0.0,20.31839140527199,0,0.0,0.0,0,6,0.0,39,0,0.0,0,0,0,0,0,0.0,3873955811.404103,0,0,0,0,0,0,0,0,0,0.0,0,0.0,0.0,0.0,0.0,0,0,0,0,0,0,0,0,0,0,0,0,0,0,0,0,0,0,0,0,0,0,0,0,0,0,0,0,0,0,0,0,0,0,0,0,0,0,0,0,0,0,0,0,0,0,0,0,0,0,0,0,0,0,0,0,0,0,0,0,0,0,0,0,0,0,0,0,456
3,0.0,0.0,43.08,5.647177220767728,0,14.51188072142437,0.0,5.1050888133031,0.6835807718148988,4,5.647177220767728,0.3385342294911528,0.0,11.210628712464722,0,0,0,6.274215554289486,14.951935562841626,0.0,12.827586206896552,71.77363592218288,49.25887694909196,3.2574315841151944,4,0.6835807718148988,2.431999244142101,22.244030147697245,19.35263016910342,19.35263016910342,1.2334047388709162,4,28.031459690707173,5.046499433106575,14.96369153298183,63.98197674336349,-1.9579330765654488,9.302555901990427,-2.08881645003309,5.046499433106575,54.59730361615449,10.018538976740686,0.0,1,1.783351277893145,38.86864341286625,4.400694606261793,4,12.13273413692322,4.499238016515662,2.175108027347051,0.0,2.2724979700212,0.5517241379310345,12.13273413692322,1.137931034482759,72.9268813246908,-4.049999999999999,1.827586206896552,2.4774395877708093,280.80800000000005,6.196843571613076,4,0.1782855056016143,0.1782855056016143,0.0,5,9.967957041894415,72.9268813246908,5.209919847002905,22.51475897309092,23.53821864239523,0.0,5.209919847002905,0.0,-0.3066119117665593,38.094999010707966,0,7,0.0,1682.8132020161922,15.217057612275346,0,132,6,0.0,0.0,0.0,0.0,0.3066119117665593,3,14.01973680021356,1,6.309817493331671,1.4584201702392003,7.707586668449409,7.707586668449409,8,1,5.822300000000003,6.309817493331671,9.73444588057735,368.106196384,356.30300000000017,5.822300000000003,0.0,163.96545351716009,0.0,18.68950548645298,0.0,14.398979485566365,116.42200000000004,368.3990000000001,0.0,0.0,3,9.73444588057735,0.0,15.217057612275346,0,0.0,0.0,0,3,1.7769233434114386,29,0,0.0,0,0,0,0,0,0.0,21726221.73383648,0,0,0,0,0,0,0,0,0,0.0,0,0.0,0.0,0.0,0.0,0,0,0,0,0,0,0,0,0,0,0,0,0,0,0,0,0,0,0,0,0,0,0,0,0,0,0,0,0,0,0,0,0,0,0,0,0,0,0,0,0,0,0,0,0,0,0,0,0,0,0,0,0,0,0,0,0,0,0,0,0,0,0,0,0,0,0,0,519
4,10.523783109476971,0.0,77.77,11.387855989696922,0,9.22438775510204,0.0,23.74059245308164,0.0585807718148987,3,11.387855989696922,0.3770834498655216,10.523783109476971,23.52629861528147,2,0,0,6.273139760076552,9.967957041894415,11.387855989696922,12.06896551724138,60.60975798379888,38.094999010707966,3.2547259473722265,5,0.0585807718148987,2.306999244142101,16.550102152848787,14.36865164815621,14.36865164815621,1.1428383446739772,3,32.9327528475561,9.519017251988032,14.948329588917703,44.70048699046426,-2.0041018095694776,6.598926524313431,-2.0873826009096543,9.519017251988032,54.59730361615449,10.013636181504422,11.387855989696922,0,1.889582232874397,32.671799841253176,4.400694606261793,5,0.0,4.673555516688203,2.346796599135212,0.0,2.280363391308259,0.5862068965517241,36.40391089943099,1.0,54.59730361615449,-4.479999999999999,1.4482758620689655,2.476542531299294,283.14400000000006,0.0,5,0.1772383008433788,0.1772383008433788,0.0,4,0.0,65.98515960585141,4.907082735414371,34.65320159867546,22.795760690027464,0.0,4.907082735414371,0.0,-0.3066119133866064,16.289149146545853,0,6,0.0,1650.7265764158144,14.932220400206424,0,130,5,0.0,0.0,22.66222573506152,10.523783109476971,0.3066119133866064,3,14.562168167662657,1,5.9770979000098725,1.4893146685964966,7.282272453133283,7.282272453133283,7,1,5.0174600000000025,5.9770979000098725,9.244511987318688,367.085795288,358.2990000000001,5.0174600000000025,0.0,163.57918459620902,0.0,19.275291924079887,0.0,14.31319304793946,110.55100000000002,367.37100000000015,0.0,0.0,3,9.244511987318688,0.0,14.932220400206424,0,0.0,0.0,0,3,0.0,29,0,0.0,0,0,0,0,0,0.0,14991834.035911318,0,0,0,0,0,0,0,0,0,0.0,0,0.0,0.0,0.0,0.0,0,0,0,0,0,0,0,0,0,0,0,0,0,0,0,0,0,0,0,0,0,0,0,0,0,0,0,0,0,0,0,0,0,0,0,0,0,0,0,0,0,0,0,0,0,0,0,0,0,0,0,0,0,0,0,0,0,0,0,0,0,0,0,0,0,0,0,0,617
3,0.0,0.0,30.19,0.0,0,10.158832199546485,0.0,9.368893560510624,0.9729326236667508,4,0.0,0.3040744118668799,0.0,11.033401435232523,0,0,0,7.088364154448054,9.967957041894415,0.0,13.0,71.6431594190314,60.46518632387522,3.400731741725851,3,0.9729326236667508,2.455011574074074,27.937958142545703,14.36865164815621,14.36865164815621,1.3167519969537296,3,22.421257424929443,5.079416099773242,32.13338778302864,69.75812376334811,-1.9290994057097688,10.05456821617536,-2.079406841715319,5.079416099773242,54.59730361615449,10.018435949923834,0.0,0,1.812193186871237,43.43192538218501,4.400694606261793,3,0.0,4.316326530612245,2.1020205701328147,0.0,2.272043227131036,0.5714285714285714,0.0,1.0357142857142858,65.35742915708632,-3.4999999999999982,1.5714285714285714,2.47939394028792,278.48800000000006,11.336785877934735,4,0.1001450070603914,0.1001450070603914,0.0,5,9.967957041894415,65.35742915708632,5.786237419906486,22.51475897309092,19.804155450696754,0.0,5.113495876618672,0.0,-0.306611921041707,49.22190199410196,0,7,0.0,1647.7884890767652,14.600742038049624,0,128,6,0.0,0.0,0.0,0.0,0.306611921041707,3,13.635802469135802,1,6.898749373539375,1.3279230106291295,7.503717905858768,8.247287953625712,8,1,6.488800000000002,6.1800630754900565,9.346053181799387,373.067368352,362.35200000000015,6.488800000000002,0.0,162.38616880662505,0.0,17.982398705266434,1.6585389989967008,13.898979485566365,116.50400000000002,373.44000000000017,0.0,0.0,3,10.288862223381452,11.336785877934735,15.41723861897735,0,0.0,0.0,0,3,0.0,28,0,11.336785877934735,0,0,0,0,0,0.0,14186057.24012062,0,0,0,0,0,0,1,0,0,0.0,0,0.0,0.0,0.0,0.0,0,0,0,0,0,0,0,0,0,0,0,0,0,0,0,0,0,0,0,0,0,0,0,0,0,0,0,0,0,0,0,0,0,0,0,0,0,0,0,0,0,0,0,0,0,0,0,0,0,0,0,0,0,0,0,0,0,0,0,0,0,0,0,0,0,0,0,0,511
2,13.17124514302446,13.17124514302446,30.19,16.904556707313183,0,9.64798752834467,0.0,4.566791636126954,0.2366594755186026,3,0.0,0.2476810775567981,0.0,0.0,0,0,0,6.274511510535905,9.967957041894415,5.516700717616262,13.303030303030305,71.6431594190314,49.128400445940485,3.2991716641652182,3,-4.436670968580016,42.397473368513374,44.534811069475225,14.36865164815621,14.36865164815621,-0.1370479210176656,3,55.96841191656038,13.370199456171123,19.413184792127893,34.73252994856984,-2.0495899082075555,6.295101592914995,-2.115916916566232,13.370199456171123,54.59730361615449,10.01252601991752,5.563451491696996,0,1.637614469844915,32.671799841253176,4.400694606261793,3,18.19910120538483,5.405608763683368,2.8462121228772737,13.17124514302446,2.316649217006115,0.5757575757575758,24.26546827384644,1.0909090909090908,72.79640482153933,-4.189999999999999,1.6666666666666667,2.4810889565404657,316.53600000000006,0.0,6,0.3066119210785761,0.4159895130659946,0.0,4,9.967957041894415,78.35985631323634,5.546432340009164,22.51475897309092,22.11265017601336,0.0,5.546432340009164,0.0,-0.3066119210785761,11.452591282926406,0,7,0.037037037037037,1964.284952983122,16.90373743580307,0,156,6,6.176298517443475,0.0,0.0,13.17124514302446,0.4159895130659946,3,17.375471322669267,1,6.861028029001849,1.9766808629428128,8.562704652910156,8.562704652910156,8,1,7.446100000000002,6.861028029001849,10.602278973045154,435.098332044,423.3120000000003,7.446100000000002,6.176298517443475,183.60735385938884,11.73975000914047,22.059748974456056,0.0,16.004151201088902,123.629,435.4080000000002,0.0,0.0,4,10.602278973045154,0.0,16.90373743580307,3,0.0,0.0,0,4,-4.436670968580016,33,0,0.0,0,0,0,0,0,6.176298517443475,96997068.86944468,0,0,0,0,0,0,0,0,3,0.0,0,0.0,0.0,0.0,0.0,0,0,0,0,0,0,0,0,0,0,0,0,0,0,0,0,0,0,0,0,0,0,0,0,0,0,0,0,0,0,0,0,0,0,0,0,0,0,0,0,0,0,0,0,0,0,0,0,0,0,0,0,0,0,0,0,0,0,0,0,0,0,0,0,0,0,0,0,507
2,0.0,0.0,30.19,0.0,0,10.320221088435376,0.0,5.114648253648976,0.8804094755186025,3,0.0,0.201268844250287,0.0,0.0,0,0,0,9.128082535115366,9.967957041894415,0.0,12.838709677419354,71.6431594190314,80.98828824183919,3.268551053034733,3,0.8804094755186025,4.395488442800852,38.97135957777823,14.36865164815621,14.36865164815621,1.2974887386308591,3,42.493599439988266,5.160110544217687,79.91993839799254,90.857886018315,-1.951158300058392,9.636230316200557,-2.104743758622894,5.160110544217687,54.59730361615449,10.01536107528845,0.0,0,1.7244187400613002,41.617238872918,4.400694606261793,3,43.99262193282192,5.417062131188913,2.908667735237366,0.0,2.273633468146418,0.5483870967741935,12.13273413692322,0.967741935483871,75.67547678474254,-3.0199999999999987,1.4516129032258065,2.481245657981185,325.5920000000001,0.0,5,0.0994674712612626,0.0994674712612626,0.0,4,9.967957041894415,75.67547678474254,6.030102708532901,22.51475897309092,23.795040431933923,0.0,5.367513671365927,0.0,-0.3066119210784959,38.094999010707966,0,7,0.0,1783.745418518431,15.948422693604217,0,144,6,0.0,0.0,0.0,0.0,0.3066119210784959,3,16.645313937458663,1,8.420006972580522,1.866218468220704,8.116483277905532,9.825157076254577,8,1,7.952300000000002,6.575760015217404,10.07996340320721,522.931971552,514.1150000000005,7.952300000000002,0.0,192.48090074749624,0.0,20.429992462459136,7.238371466980324,15.203509938206675,134.0269999999999,525.2030000000002,0.0,0.0,4,11.665959942321912,31.859887795898697,19.120415771833624,2,0.0,0.0,0,4,0.0,31,0,0.0,0,0,0,0,0,0.0,44881631.57629269,0,0,0,0,0,0,0,0,0,0.0,0,0.0,0.0,0.0,0.0,0,0,0,0,0,0,0,0,0,0,0,0,0,0,0,0,0,0,0,0,0,0,0,0,0,0,0,0,0,0,0,0,0,0,0,0,0,0,0,0,0,0,0,0,0,0,0,0,0,0,0,0,0,0,0,0,0,0,0,0,0,0,0,0,0,0,0,0,517
2,8.78083009534964,8.78083009534964,30.19,22.421257424929447,0,9.608554421768703,0.0,4.6882417645152135,0.3422844755186025,3,11.63444168209179,0.2818131537445603,0.0,0.0,0,0,0,6.274452296060312,18.74878713724405,0.0,12.838709677419354,71.6431594190314,49.128400445940485,3.268551053034733,3,-0.9202418897106848,30.247285048138224,38.97135957777823,14.36865164815621,14.36865164815621,0.5102010361201197,3,45.06548698447933,13.96630456110615,19.15974964663673,34.73252994856984,-1.9665533713116443,7.27698759133283,-2.099523081589572,13.96630456110615,54.59730361615449,10.01484996323525,0.0,0,1.7244187400613002,44.8045339781764,4.400694606261793,3,0.0,4.951603355745855,2.505273587781047,8.78083009534964,2.2749854289215823,0.5483870967741935,24.26546827384644,0.967741935483871,66.73003775307771,-4.119999999999998,1.4516129032258065,2.479217213268255,296.5280000000001,0.0,5,0.1606357989635441,0.1606357989635441,-1.840483779421369,4,9.967957041894415,78.36447943516951,5.367513671365927,22.51475897309092,21.019414953666395,0.0,5.367513671365927,0.0,-0.3066119210783439,16.289149146545853,0,7,0.0,1783.745418518431,15.948422693604217,0,144,6,0.0,0.0,11.63444168209179,0.0,0.3066119210783439,3,15.68451179173944,1,6.575760015217404,1.6745061813674338,8.116483277905532,8.116483277905532,8,1,6.7055000000000025,6.575760015217404,10.07996340320721,403.0921037920001,392.3030000000002,6.7055000000000025,0.0,173.07687634206602,11.63444168209179,20.429992462459136,0.0,15.203509938206675,118.54300000000002,403.3910000000002,0.0,0.0,4,10.07996340320721,0.0,15.948422693604217,2,0.0,0.0,0,4,0.0,31,0,0.0,0,0,0,0,0,0.0,44881631.57629269,0,0,0,0,0,0,0,0,0,0.0,0,0.0,0.0,0.0,0.0,0,0,0,0,0,0,0,0,0,0,0,0,0,0,0,0,0,0,0,0,0,0,0,0,0,0,0,0,0,0,0,0,0,0,0,0,0,0,0,0,0,0,0,0,0,0,0,0,0,0,0,0,0,0,0,0,0,0,0,0,0,0,0,0,0,0,0,0,500
2,4.39041504767482,4.39041504767482,30.19,11.033401435232523,0,9.913276643990928,0.0,4.928667210047983,0.2998715193403138,3,0.0,0.2956065428468447,0.0,5.817220841045895,0,0,0,6.274427513766649,14.358372089569237,5.817220841045895,12.833333333333334,71.6431594190314,49.128400445940485,3.2572116598201486,3,-0.2998715193403138,16.312809190735777,38.97135957777823,14.36865164815621,14.36865164815621,0.6290232859907279,3,28.031459690707173,13.929267524069113,19.14214605801502,58.997998222416285,-1.9514984647214089,8.587371661627614,-2.0964904372730464,13.929267524069113,54.59730361615449,10.015155337678245,0.0,0,1.7490631767469094,38.73816690971479,4.400694606261793,3,12.13273413692322,4.739649122661763,2.3506748535648465,4.39041504767482,2.2722740356315456,0.5666666666666667,0.0,1.1,72.79640482153933,-4.049999999999999,1.7333333333333334,2.4786249557725992,289.68000000000006,6.06636706846161,4,0.125016463646938,0.125016463646938,-0.2998715193403138,4,9.967957041894415,78.61362566258522,5.343255370729595,22.51475897309092,23.891080146271342,0.0,5.343255370729595,0.0,-0.3066119210784661,44.71103243001493,0,7,0.0,1862.476206961172,15.647808489784614,0,138,6,0.0,0.0,5.817220841045895,0.0,0.3066119210784661,3,14.878790345421514,1,6.495747628059692,1.5249847148222555,7.994488339508697,7.994488339508697,8,1,6.5664000000000025,6.495747628059692,9.974314500035929,385.101525604,373.3050000000002,6.5664000000000025,0.0,168.9113409391398,0.0,19.55974897445606,0.0,14.792826335683715,118.58500000000002,385.4010000000002,0.0,0.0,4,9.974314500035929,0.0,15.647808489784614,1,0.0,0.0,0,4,0.0,30,0,0.0,0,0,0,0,0,0.0,30589161.96903124,0,0,0,0,0,0,0,0,0,0.0,0,0.0,0.0,0.0,0.0,0,0,0,0,0,0,0,0,0,0,0,0,0,0,0,0,0,0,0,0,0,0,0,0,0,0,0,0,0,0,0,0,0,0,0,0,0,0,0,0,0,0,0,0,0,0,0,0,0,0,0,0,0,0,0,0,0,0,0,0,0,0,0,0,0,0,0,0,508
2,0.0,0.0,30.19,0.0,0,10.42188775510204,0.0,5.17556346638237,0.9572844755186024,3,0.0,0.275463418959266,0.0,0.0,0,0,0,6.274532172087347,9.967957041894415,0.0,12.838709677419354,71.6431594190314,49.128400445940485,3.268551053034733,3,0.9572844755186024,2.462824074074074,38.97135957777823,14.36865164815621,14.36865164815621,1.2691995692757123,3,33.54816040832344,5.210943877551021,14.944744891362314,84.97820675872076,-1.961058132733608,12.466114545093625,-2.110450817408752,5.210943877551021,54.59730361615449,10.00812959189769,11.126902983393991,0,1.7244187400613002,32.671799841253176,4.400694606261793,3,37.10711151969846,5.0098817708863255,2.5544481612510763,0.0,2.272896345479073,0.5483870967741935,0.0,0.967741935483871,66.73003775307771,-3.979999999999998,1.4516129032258065,2.4794082996019458,307.3520000000001,0.0,3,0.0994668653050553,0.0994668653050553,0.0,4,9.967957041894415,77.85694073647171,5.627384302068898,22.51475897309092,24.19155835740071,4.282051801947184,5.627384302068898,0.0,-0.3066119210785644,49.22190199410196,0,7,0.0714285714285714,1773.3509133724865,17.19249374758576,0,144,6,13.847474399381248,0.0,13.847474399381248,0.0,0.3066119210785644,3,15.80633967431407,1,7.14917810845675,1.698293723888716,8.786633420354553,8.786633420354553,8,1,7.044140000000003,7.14917810845675,10.70199893019798,395.142247544,378.3290000000002,7.044140000000003,0.0,177.4756897650068,0.0,20.429992462459136,0.0,15.203509938206675,128.101,395.46500000000015,0.0,0.0,4,10.70199893019798,0.0,17.19249374758576,0,0.0,0.0,2,4,0.0,31,0,0.0,0,0,0,0,0,0.0,44881631.57629269,0,0,0,0,0,0,0,0,0,0.0,0,0.0,0.0,0.0,0.0,0,0,0,0,0,0,0,0,0,0,0,0,0,0,0,0,0,0,0,0,0,0,0,0,0,0,0,0,0,0,0,0,0,0,0,0,0,0,0,0,0,0,0,0,0,0,0,0,0,0,0,0,0,0,0,0,0,0,0,0,0,0,0,0,0,0,0,0,500
3,0.0,0.0,43.08,5.647177220767728,0,14.61565386957252,0.0,5.077866612337212,0.6610807718148988,4,5.647177220767728,0.2636513238719906,0.0,11.210628712464722,0,0,0,9.103010424396306,14.951935562841626,0.0,12.833333333333334,71.77363592218288,65.1888208470413,3.2572116598201486,4,0.6610807718148988,3.32946568776475,22.244030147697245,19.35263016910342,19.35263016910342,1.2260522919810517,4,32.50417920653959,5.077332766439909,79.91873127998626,79.91192064131285,-1.962393916252664,9.171793194129505,-2.092781159914146,5.077332766439909,54.59730361615449,10.018524976134085,0.0,1,1.7490631767469094,43.341362928698665,4.400694606261793,4,21.99631096641096,4.939733701213633,2.518253304518644,0.0,2.273742056793592,0.6666666666666666,6.06636706846161,1.2333333333333334,71.33323377206159,-3.5699999999999985,1.9,2.478368675015117,302.73600000000005,6.196843571613076,5,0.178365519043737,0.178365519043737,0.0,5,9.967957041894415,71.33323377206159,5.55702332553527,22.51475897309092,21.591981929664787,0.0,5.237812611665181,0.0,-0.306611911766513,38.094999010707966,0,7,0.0,1865.346122390636,15.517671816094946,0,138,6,0.0,0.0,0.0,0.0,0.306611911766513,3,15.293860702854928,1,6.791278412332115,1.6043185483524152,7.857720282626527,8.773395811418219,8,1,6.584800000000002,6.357608257363063,9.834111719604923,446.0167084520001,436.2070000000003,6.584800000000002,0.0,177.83300112280142,0.0,19.55974897445606,3.5196486964531246,14.792826335683715,124.122,447.2950000000002,0.0,0.0,3,10.627109989162271,15.929943897949348,17.103668355209653,1,0.0,0.0,0,3,1.7769233434114386,30,0,0.0,0,0,0,0,0,0.0,30589161.96903124,0,0,0,0,0,0,0,0,0,0.0,0,0.0,0.0,0.0,0.0,0,0,0,0,0,0,0,0,0,0,0,0,0,0,0,0,0,0,0,0,0,0,0,0,0,0,0,0,0,0,0,0,0,0,0,0,0,0,0,0,0,0,0,0,0,0,0,0,0,0,0,0,0,0,0,0,0,0,0,0,0,0,0,0,0,0,0,0,532
3,4.794537184071822,34.124317648101375,23.550000000000004,0.0,6,19.458776889419585,9.799819461700956,0.0,0.0753402648938366,0,5.783244946364939,0.1753872261026828,0.0,0.0,0,1,1,6.14799614500753,0.0,16.6132258851585,16.508474576271187,11.126902983393991,39.90756259446631,3.551558184251768,2,-0.7639186507936517,0.0,28.164535568131026,5.783244946364939,0.0,0.1027701945618219,0,33.62857851615511,14.555114622553852,16.13851206310229,195.22031204046533,-2.366071993213569,19.35390400441048,-2.432102515843233,14.555114622553852,161.1550243049179,9.609534341115204,88.12400089980426,0,1.1602115270932023,33.33165647155467,9.799819461700956,3,104.16545146466284,11.802374120779367,6.822251316277463,4.794537184071822,2.5234997163689465,0.3220338983050847,24.26546827384644,0.6271186440677966,181.9910120538483,-6.969999999999996,0.9830508474576272,2.6229195408029176,605.2560000000002,0.0,3,0.1931912593470428,0.1931912593470428,0.0753402648938366,2,0.0,237.6255269708182,11.35933587888358,11.126902983393991,66.19159096411519,9.33705454382758,11.35933587888358,9.799819461700956,-0.3098704745148041,67.25715703231022,2,8,0.125,2806.3779814892023,33.62318355715255,1,282,13,43.939920206952834,4.794537184071822,0.0,0.0,0.3098704745148041,4,34.10439489049094,4,14.045468463014688,4.293601874575474,17.619481788651157,17.619481788651157,12,2,13.812299999999972,14.045468463014688,20.735934290294725,758.329713964,716.6289999999998,13.812299999999972,16.244971408190338,345.4084643034514,5.41499046939678,39.83755908857854,0.0,28.718383821892044,240.8004999999993,758.965,0.0,0.0,8,20.735934290294725,0.0,33.62318355715255,0,0.0,0.0,0,8,0.0,59,0,0.0,0,2,0,0,0,0.0,66479866761236.47,0,0,1,0,0,0,0,0,0,0.0,0,0.0,0.0,0.0,0.0,0,0,0,0,0,0,0,0,0,0,0,0,0,0,0,0,0,0,0,0,0,0,0,0,0,0,0,0,0,0,0,0,0,0,0,0,0,0,0,0,0,0,0,0,0,0,0,0,0,0,0,0,0,0,0,0,0,0,0,0,0,0,0,0,0,0,0,0,505
4,0.0,0.0,52.83,17.47321349399978,0,14.957404289548538,0.0,2.5346754343337725,0.6245402055585796,2,17.47321349399978,0.1794196636988627,0.0,11.49902366656781,0,0,0,6.126896496610533,14.951935562841626,0.0,14.813559322033898,72.78370709133044,21.80584986416212,3.608996283459717,4,-0.6913628526348097,9.4373810711967,22.135778179312865,19.51903521063298,19.51903521063298,0.4343338616988469,4,50.44318410844678,6.940612977462448,16.48287833075212,139.74191541640485,-2.380382723845269,15.157861738360696,-2.456671807299293,6.940612977462448,156.71971262647267,9.59926175997056,33.380708950181976,0,1.10675498496737,38.58970588741457,9.303962601591405,5,72.49948277693889,12.687406727523843,7.2048149405884425,4.736862953800049,2.511789883876814,0.4406779661016949,60.6636706846161,1.0169491525423728,181.9910120538483,-7.629999999999996,1.728813559322034,2.619374368939169,603.7600000000001,0.0,5,0.1635947655236404,0.1635947655236404,3.630182134411156,4,19.688798516641672,215.37172100403023,9.731140292472778,62.47688089373613,64.62018791555029,4.412307416598868,9.731140292472778,4.736862953800049,-0.4566566788914435,49.74704210563366,4,10,0.0555555555555555,3257.6412155374646,32.51761074815247,0,278,11,19.26246486877803,0.0,13.847474399381248,0.0,0.4566566788914435,2,33.504410367214604,2,12.179658707258262,4.881910285524755,15.72437425909492,15.72437425909492,12,2,13.055339999999978,12.179658707258262,20.10489576463289,756.288911772,720.6209999999998,13.055339999999978,5.41499046939678,341.4691767415028,5.41499046939678,39.24333648251435,0.0,29.056849790674388,237.3259999999994,756.9090000000001,0.0,11.49902366656781,8,20.10489576463289,0.0,32.51761074815247,0,0.0,0.0,2,8,0.0,59,0,0.0,1,0,0,1,0,0.0,99747781114099.3,0,0,1,0,0,1,0,0,0,0.0,0,0.0,0.0,0.0,0.0,0,0,0,0,0,0,0,0,0,0,0,0,0,0,0,0,0,0,0,0,0,0,0,0,0,0,0,0,0,0,0,0,0,0,0,0,0,0,0,0,0,0,0,0,0,0,0,0,0,0,0,0,0,0,0,0,0,0,0,0,0,0,0,0,0,0,0,0,464
4,0.0,0.0,57.760000000000005,17.47321349399978,0,15.07715650142659,0.0,4.890996467435079,0.614035619091877,3,17.47321349399978,0.1665836863151958,0.0,11.49902366656781,0,0,0,6.1448639622387216,14.951935562841626,0.0,14.210526315789474,111.40384621357008,43.61169972832423,3.7792594368329375,5,-0.7597874442298642,11.932068610455282,33.169179614545385,24.086134858424334,24.086134858424334,0.4343786768146193,5,61.8179566578139,7.041739267498762,16.48290191664316,209.3243125548158,-2.379050777882573,18.210302852470363,-2.455083846026378,7.041739267498762,200.1901132592331,9.60121116926085,22.253805966787983,0,0.8847078757385772,55.04954059102772,13.87106224938276,6,94.04437963479808,16.420324126443834,9.149531864601114,4.736862953800049,2.5111705864038747,0.3157894736842105,60.6636706846161,0.8026315789473685,260.8537839438491,-10.170000000000003,1.513157894736842,2.619882786059229,769.5840000000002,0.0,6,0.1635947655236404,0.1635947655236404,3.561430846248662,5,19.688798516641672,283.1075899106372,12.598053620686107,79.29117015181369,93.4113780552974,0.0,12.598053620686107,4.736862953800049,-0.4566566789029579,65.86550569511222,6,14,0.0142857142857142,4598.935277843396,40.97037784311755,0,354,14,5.41499046939678,0.0,0.0,0.0,0.4566566789029579,5,42.34778901774824,2,15.82622969507147,6.124837665919903,19.84882713864085,19.84882713864085,16,2,17.20259999999998,15.82622969507147,25.84110029878503,969.346760996,926.8039999999992,17.20259999999998,5.41499046939678,437.6359418959176,5.41499046939678,49.8998262530772,0.0,37.68497232841164,307.6270000000005,970.1479999999998,0.0,11.49902366656781,11,25.84110029878503,0.0,40.97037784311755,0,0.0,0.0,0,11,0.0,76,0,0.0,1,0,0,1,0,0.0,2.3817322291676805e+18,0,0,1,0,0,1,0,0,0,0.0,0,0.0,0.0,0.0,0.0,0,0,0,0,0,0,0,0,0,0,0,0,0,0,0,0,0,0,0,0,0,0,0,0,0,0,0,0,0,0,0,0,0,0,0,0,0,0,0,0,0,0,0,0,0,0,0,0,0,0,0,0,0,0,0,0,0,0,0,0,0,0,0,0,0,0,0,0,477
4,0.0,0.0,60.440000000000005,59.23988273271797,0,0.0,0.0,5.2712102220173,0.3125797850004199,0,21.42567820229793,0.12414659090188,0.0,11.49902366656781,0,0,0,7.867011268212247,0.0,0.0,11.854545454545455,0.0,69.1665372684481,3.274237701090357,0,-3.71768862957896,54.69894235241377,10.609079792477814,0.0,0.0,0.4889883951785262,0,0.0,16.281610813370598,31.16724934725653,0.0,-2.312756803978384,0.0,-2.2682454512736965,16.281610813370598,194.1237461907715,10.290830843528276,0.0,0,1.4029016204996128,37.13177927367235,18.43200780859404,4,30.33183534230805,15.54291453615778,10.240604322405945,18.43200780859404,2.380565716460972,0.2545454545454545,212.3228473961563,0.5454545454545454,224.4555815330795,-5.749999999999997,0.9272727272727272,2.4988590357713765,609.5520000000001,12.13273413692322,7,0.1742113129044368,0.1742113129044368,0.6825003522478275,0,4.736862953800049,224.4555815330795,15.415846852587354,11.49902366656781,69.2885259475398,0.0,7.085335397004718,52.47772201995021,-0.4557504103431514,0.0,11,8,0.0,2559.5018401802886,29.83659390837149,0,268,0,0.0,0.0,0.0,0.0,0.4557504103431514,1,36.2372987654321,0,19.02210013984208,6.685409236100709,13.062923784521209,21.29694846824105,8,0,8.397100000000007,9.788613292800177,17.9979177837588,770.190469554,733.4459999999998,8.397100000000007,13.695144854793988,321.81340749173194,21.42567820229793,37.720910646174666,0.0,26.929708687297243,231.13549999999933,770.7420000000002,13.695144854793988,11.49902366656781,8,23.11828525826873,21.42567820229793,32.51987548137124,0,0.0,-10.691178874218693,0,8,0.0,55,0,0.0,1,0,0,0,0,0.0,5124641967118.658,0,0,0,0,0,0,0,0,0,0.0,0,0.0,0.0,0.0,0.0,0,0,0,0,0,0,0,0,0,0,0,0,0,0,0,0,0,0,0,0,0,0,0,0,0,0,0,0,0,0,0,0,0,0,0,0,0,0,0,0,0,0,0,0,0,0,0,0,0,0,0,0,0,0,0,0,0,0,0,0,0,0,0,0,0,0,0,0,463
5,0.0,0.0,77.51,63.65447875486689,0,0.0,0.0,6.247079751924632,0.2207755265150643,0,28.56757093639725,0.1015429580153039,0.0,11.49902366656781,0,0,0,7.873423200526735,0.0,11.49902366656781,12.0,0.0,92.22204969126412,3.4390343911468126,0,-3.8784471792288295,72.96290001310129,10.609079792477814,0.0,0.0,0.4890991365455119,0,0.0,16.744077246443368,31.16875604381235,0.0,-2.3234601299361746,0.0,-2.2786623727060324,16.744077246443368,242.65468273846432,10.287342464189951,0.0,0,1.2801631656225243,53.04539896238907,22.99705609352537,5,36.39820241076966,19.496091743412347,12.909569271943196,22.99705609352537,2.3990019321472986,0.2028985507246377,242.65468273846432,0.391304347826087,279.052885149234,-7.0799999999999965,0.5942028985507246,2.5134475158305247,763.3200000000002,36.39820241076966,9,0.1742113129045057,0.1742113129045057,0.4415510530301296,0,4.736862953800049,279.052885149234,20.169823810863104,11.49902366656781,85.3822713674428,0.0,9.038800059054608,68.39134170866694,-0.455749562320341,0.0,14,10,0.0,3149.9537281089097,37.38820821704192,0,336,0,0.0,0.0,0.0,0.0,0.455749562320341,0,45.68917152665046,0,24.73870973560765,8.37390940826415,16.527596522023806,27.52935749498174,10,0,10.0365,12.46909033430198,22.58336317041265,970.229571092,924.5509999999996,10.0365,18.26019313972532,403.2171958039533,28.56757093639725,47.31692248442245,0.0,33.74522383386484,290.52800000000013,970.9190000000002,18.26019313972532,11.49902366656781,10,29.410519803092576,28.56757093639725,40.965916981041566,0,0.0,-14.978246629943246,0,10,0.0,69,0,0.0,1,0,0,0,0,0.0,6924855472683525.0,0,0,0,0,0,0,0,0,0,0.0,0,0.0,0.0,0.0,0.0,0,0,0,0,0,0,0,0,0,0,0,0,0,0,0,0,0,0,0,0,0,0,0,0,0,0,0,0,0,0,0,0,0,0,0,0,0,0,0,0,0,0,0,0,0,0,0,0,0,0,0,0,0,0,0,0,0,0,0,0,0,0,0,0,0,0,0,0,371
3,0.0,0.0,43.370000000000005,22.108103459045623,0,0.0,0.0,4.0389138052170175,0.4617248257327622,0,14.283785468198625,0.1901284770862315,0.0,11.49902366656781,0,0,0,7.855804504043016,0.0,0.0,11.609756097560975,0.0,46.11102484563207,3.060152850887237,0,-3.316963653374488,37.112745436265,10.609079792477814,0.0,0.0,0.488877750588098,0,21.21815958495563,15.219108923725852,31.165712563526675,0.0,-2.274339123860836,0.0,-2.248168369240416,15.219108923725852,145.59280964307868,10.294923422494438,0.0,0,1.5391652309492607,21.21815958495563,13.866959523662707,3,24.26546827384644,11.59304131592035,7.573561311054744,13.866959523662707,2.350442460031823,0.3170731707317073,169.8582779169251,0.5609756097560976,169.8582779169251,-4.419999999999998,0.8536585365853658,2.4789522875426733,452.6640000000001,0.0,5,0.1741858118317873,0.1741858118317873,0.9234496514655248,0,4.736862953800049,169.8582779169251,10.661869894311632,11.49902366656781,53.00326285824587,0.0,5.131870734954841,36.56410233123349,-0.4557512583659615,0.0,8,6,0.0,1630.2172717417272,22.284979599701035,0,200,0,0.0,0.0,0.0,0.0,0.4557512583659615,2,26.7846896505771,0,13.30549054407653,4.999714565867925,9.598251047018602,15.064539441500376,6,0,6.757700000000007,7.108136251298383,13.412472397104942,570.151368016,542.3410000000002,6.757700000000007,9.130096569862658,240.40961917951063,14.283785468198625,28.124898807926872,0.0,20.114193540729627,171.74299999999957,570.565,9.130096569862658,11.49902366656781,6,16.826050713444907,14.283785468198625,24.073833981700865,0,0.0,-6.633927306748975,0,6,0.0,41,0,0.0,1,0,0,0,0,0.0,3722712664.938535,0,0,0,0,0,0,0,0,0,0.0,0,0.0,0.0,0.0,0.0,0,0,0,0,0,0,0,0,0,0,0,0,0,0,0,0,0,0,0,0,0,0,0,0,0,0,0,0,0,0,0,0,0,0,0,0,0,0,0,0,0,0,0,0,0,0,0,0,0,0,0,0,0,0,0,0,0,0,0,0,0,0,0,0,0,0,0,0,473
5,0.0,0.0,77.74,60.42735585482722,0,16.34248535859529,0.0,6.312196870976046,0.0670729835756012,2,31.7569989621984,0.1276057746967363,0.0,0.0,0,0,0,7.856160463521911,14.951935562841626,10.82998093879356,12.356164383561644,61.656804107936445,67.91687470979417,3.7581379783211752,4,-3.555322671373337,35.015584865172606,16.720787709916088,19.51903521063298,19.51903521063298,0.5902579206360178,4,22.284239201613083,16.340174417273186,31.16571758524909,100.70682646208958,-2.270508163454605,7.359920070853757,-2.235555756189945,16.340174417273186,235.6661693889153,9.847696122925669,52.66932618153773,0,1.221446024366054,59.29004228145402,13.697196217654014,6,58.35508633295721,18.69685194193516,12.183144641243508,9.130096569862658,2.355628026859888,0.3424657534246575,175.9246449853867,0.6438356164383562,230.5219486015411,-7.749999999999996,1.0,2.475108445936146,790.8960000000002,0.0,8,0.1712415888949466,0.1712415888949466,1.09551373263314,2,14.951935562841626,241.6488515849352,15.788154985708555,39.85095424377433,76.22306887734825,13.539653344945346,10.091658813686816,31.827239377433443,-0.3086101661976914,21.899351412323583,10,11,0.123076923076923,3617.446843593337,41.93908838313324,0,358,3,52.372404136937305,0.0,0.0,0.0,0.3086101661976914,1,47.567877286122666,0,20.204403640178228,8.489667536895945,20.71768404336976,26.183972437851537,11,0,13.843499999999972,13.966016735485171,24.820103299005662,986.387850292,930.6889999999992,13.843499999999972,19.96007750865622,427.8282983972881,14.283785468198625,50.53838341244092,0.0,35.240353209746644,306.6590000000004,987.1369999999994,9.130096569862658,0.0,9,28.233681615345628,14.283785468198625,43.727942765133065,0,0.0,-7.110645342746672,0,9,0.0,73,0,0.0,0,0,0,0,0,0.0,3.4445538466133576e+16,0,0,0,0,0,0,0,0,0,0.0,0,0.0,0.0,0.0,0.0,0,0,0,0,0,0,0,0,0,0,0,0,0,0,0,0,0,0,0,0,0,0,0,0,0,0,0,0,0,0,0,0,0,0,0,0,0,0,0,0,0,0,0,0,0,0,0,0,0,0,0,0,0,0,0,0,0,0,0,0,0,0,0,0,0,0,0,0,504
5,0.0,0.0,77.74,39.20919626987158,0,15.80564482673488,0.0,6.678435289418646,0.0304017017579172,2,31.75699896219841,0.1276057746967363,0.0,0.0,0,0,0,7.853649714740273,14.951935562841626,10.82998093879356,12.356164383561644,61.656804107936445,67.91687470979419,3.761471084941794,4,-3.3528440527693864,33.811898328454284,11.033401435232523,19.51903521063298,19.51903521063298,0.5902579206360158,4,43.50239878656871,15.73312916811575,31.16571669821785,100.7068264620896,-2.247858114575782,7.851861580611999,-2.207703008970344,15.73312916811575,223.533435251992,9.847696122925656,52.66932618153773,0,1.1189286652365344,64.97742855613758,13.697196217654014,6,70.48782046988043,18.69685194193516,12.183144641243508,9.130096569862658,2.320110610860221,0.3287671232876712,175.9246449853867,0.6438356164383562,230.5219486015411,-7.7499999999999964,0.9863013698630136,2.4495816092533103,795.6560000000002,0.0,8,0.1705357352605396,0.1705357352605396,1.2998997962792502,2,14.951935562841626,241.6488515849351,15.300244969367386,39.85095424377433,76.4671332147395,13.568592847077989,9.909656228633972,31.827239377433443,-0.309223540951936,21.899351412323583,10,11,0.123076923076923,3617.446843593336,41.93908838313322,0,358,3,52.372404136937305,0.0,0.0,0.0,0.309223540951936,0,47.567877286122666,0,20.022435627222244,8.795118550589606,20.81722191217592,26.35269449065205,11,0,13.843499999999976,13.910227011441934,24.80215410657453,986.387850292,930.6889999999994,13.843499999999976,19.96007750865622,427.8282983972881,14.283785468198625,50.53838341244091,0.0,35.189842952529816,306.65900000000045,987.1370000000002,9.130096569862658,0.0,9,28.2157324229145,14.283785468198625,43.72794276513304,0,0.0,-6.70568810553877,0,9,0.0,73,0,0.0,0,0,0,0,0,0.0,3.3289614637561736e+16,0,0,0,0,0,0,0,0,0,0.0,0,0.0,0.0,0.0,0.0,0,0,0,0,0,0,0,0,0,0,0,0,0,0,0,0,0,0,0,0,0,0,0,0,0,0,0,0,0,0,0,0,0,0,0,0,0,0,0,0,0,0,0,0,0,0,0,0,0,0,0,0,0,0,0,0,0,0,0,0,0,0,0,0,0,0,0,0,484
5,0.0,0.0,77.74,28.0822932864776,0,15.443766035938491,0.0,6.942285700732955,0.0030851880976148,2,31.75699896219841,0.1276057746967363,0.0,0.0,0,0,0,7.853532175246235,14.951935562841626,10.82998093879356,12.356164383561644,61.656804107936445,67.91687470979419,3.764179181479619,4,-3.2209771479942733,33.008313573468264,11.033401435232523,19.51903521063298,19.51903521063298,0.5902579206360146,4,54.6293017699627,15.32664053995125,31.1657166720944,106.7731935305512,-2.244668660582517,8.227008760961432,-2.20178257263247,15.32664053995125,223.533435251992,9.847696122925637,52.66932618153773,0,1.0335115157843526,64.97742855613758,13.697196217654014,6,70.48782046988043,18.69685194193516,12.183144641243508,9.130096569862658,2.3132443939964507,0.3287671232876712,169.8582779169251,0.6027397260273972,230.5219486015411,-7.7499999999999964,0.8904109589041096,2.4442136045738168,796.3440000000002,0.0,8,0.1705126820532126,0.1705126820532126,1.4489397936770707,2,14.951935562841626,241.6488515849351,15.1389450038365,39.85095424377433,76.55923161836182,13.590186590626292,9.84426672683754,31.827239377433443,-0.3092470291097725,21.899351412323583,10,11,0.123076923076923,3565.6968435933363,41.93908838313321,0,358,3,52.372404136937305,0.0,0.0,0.0,0.3092470291097725,0,47.567877286122666,0,20.12583041396855,8.795118550589606,20.806858941094056,26.342331519570205,11,0,13.843499999999974,13.973678290935432,24.80215410657453,986.387850292,930.6889999999996,13.843499999999974,19.96007750865622,427.82829839728817,14.283785468198625,50.53838341244092,0.0,35.189842952529816,306.65900000000045,987.1370000000004,9.130096569862658,0.0,9,28.21573242291449,14.283785468198625,43.72794276513304,0,0.0,-6.441954295988545,0,9,0.0,73,0,0.0,0,0,0,0,0,0.0,3.391323459437266e+16,0,0,0,0,0,0,0,0,0,0.0,0,0.0,0.0,0.0,0.0,0,0,0,0,0,0,0,0,0,0,0,0,0,0,0,0,0,0,0,0,0,0,0,0,0,0,0,0,0,0,0,0,0,0,0,0,0,0,0,0,0,0,0,0,0,0,0,0,0,0,0,0,0,0,0,0,0,0,0,0,0,0,0,0,0,0,0,0,494
4,0.0,0.0,65.6,28.34120488193568,0,16.793669560134553,0.0,6.898490282884714,0.0541997524930448,3,24.61510622809909,0.1422634876700194,0.0,0.0,0,0,0,7.851548431286608,14.951935562841626,21.65996187758712,12.8,89.1500402467821,66.66721215114026,4.189274651213541,5,-3.535057038833401,21.279754132494425,33.44157541983217,24.086134858424334,24.086134858424334,0.5902579206360105,5,55.17755819570397,16.5045595741137,31.164244718111465,213.54638706110248,-2.2630052692909635,13.495059782856604,-2.2262257377197,16.5045595741137,216.5449219024428,9.847696122925663,105.33865236307544,0,1.1629620942065542,54.14887102166689,13.699247580514038,6,116.71017266591446,19.278514227582853,12.655239442304264,4.565048284931329,2.3386747959557352,0.3125,84.92913895846256,0.5875,206.2564803276947,-8.179999999999996,0.9125,2.4663621952465946,866.9440000000002,0.0,7,0.1712415888950149,0.1712415888950149,1.4249095829281615,3,14.951935562841626,228.51028629448265,14.373060749256998,45.53834051845789,72.43724227451725,27.344820311906584,11.524812663246149,15.913619688716722,-0.3086101661976913,43.798702824647165,8,12,0.2191780821917808,4025.160962140943,48.221439015910846,0,398,6,104.7448082738746,0.0,0.0,0.0,0.3086101661976913,2,52.5154139698077,0,19.24439365336549,9.081579686523495,25.736580941809628,28.46972513905051,12,0,17.896199999999972,16.12520020101895,28.042229651549857,1063.53179849,993.8109999999992,17.896199999999972,26.225010162518448,471.1836021773836,7.141892734099312,56.09670763364284,0.0,38.0846712370073,339.0055000000009,1064.371,4.565048284931329,0.0,9,29.74901880971984,7.141892734099312,49.11586620691076,0,0.0,-3.535057038833401,0,9,0.0,80,0,0.0,0,0,0,0,0,0.0,7.471066659325394e+17,0,0,0,0,0,0,0,0,0,0.0,0,0.0,0.0,0.0,0.0,0,0,0,0,0,0,0,0,0,0,0,0,0,0,0,0,0,0,0,0,0,0,0,0,0,0,0,0,0,0,0,0,0,0,0,0,0,0,0,0,0,0,0,0,0,0,0,0,0,0,0,0,0,0,0,0,0,0,0,0,0,0,0,0,0,0,0,0,500
4,0.0,0.0,65.6,17.47321349399978,0,16.071621960643313,0.0,7.218360648680335,0.0165535178432165,3,24.61510622809909,0.1422634876700194,0.0,0.0,0,0,0,7.849092434181281,14.951935562841626,21.65996187758712,12.8,89.15004024678211,66.66721215114026,3.688860071544737,5,-3.235432914325316,20.297579375357373,22.066802870465047,24.086134858424334,24.086134858424334,0.5902579206360115,5,66.04554958363987,15.526470875666256,31.16424413206634,213.5463870611024,-2.243906687893644,14.220347974133457,-2.1990439292037656,15.526470875666256,216.54492190244284,9.847696122925637,105.33865236307544,0,1.044126968341207,65.52364357103401,13.69924758051404,6,116.71017266591446,19.278514227582853,12.655239442304264,4.565048284931329,2.3025638626077107,0.3,84.92913895846256,0.6,206.2564803276947,-8.179999999999998,0.9125,2.439655647667734,868.4880000000002,0.0,7,0.1705126820532126,0.1705126820532126,1.6152755550713491,3,14.951935562841626,228.51028629448268,13.991195541222003,45.53834051845789,72.59156267176898,27.359573617559395,11.343856402722515,15.913619688716722,-0.309223540951936,43.798702824647165,8,12,0.2191780821917808,4007.9109621409416,48.22143901591084,0,398,6,104.7448082738746,0.0,0.0,0.0,0.309223540951936,0,52.5154139698077,0,19.159575883779407,9.374012075239394,25.83266448692181,28.600400776159887,12,0,17.89619999999997,16.08349982226284,28.024280459118724,1063.5317984899998,993.8109999999992,17.89619999999997,26.22501016251845,471.1836021773836,7.141892734099312,56.09670763364285,0.0,38.03416097979044,339.0055000000009,1064.371,4.565048284931329,0.0,9,29.731069617288703,7.141892734099312,49.11586620691075,0,0.0,-3.235432914325316,0,9,0.0,80,0,0.0,0,0,0,0,0,0.0,1.1679725031502548e+18,0,0,0,0,0,0,0,0,0,0.0,0,0.0,0.0,0.0,0.0,0,0,0,0,0,0,0,0,0,0,0,0,0,0,0,0,0,0,0,0,0,0,0,0,0,0,0,0,0,0,0,0,0,0,0,0,0,0,0,0,0,0,0,0,0,0,0,0,0,0,0,0,0,0,0,0,0,0,0,0,0,0,0,0,0,0,0,0,484
4,0.0,0.0,65.6,17.47321349399978,0,15.746342415702038,0.0,7.2973303473714815,0.004387809949409,3,24.61510622809909,0.1422634876700194,0.0,0.0,0,0,0,7.849092367727454,14.951935562841626,21.65996187758712,12.8,89.15004024678211,66.66721215114026,3.718033199043,5,-3.2137665366319954,20.198812924574487,22.066802870465047,24.086134858424334,24.086134858424334,0.5902579206360126,5,66.04554958363987,15.432064171156922,31.16424413206417,213.5463870611024,-2.243905100167999,14.544041229266863,-2.198764109330575,15.432064171156922,192.2794536285964,9.847696122925656,105.33865236307544,0,0.9859836784760948,65.52364357103401,13.69924758051404,6,140.9756409397609,19.278514227582853,12.655239442304264,4.565048284931329,2.301725085197574,0.3,84.92913895846256,0.55,206.2564803276947,-8.179999999999998,0.8125,2.4381377573445,866.6720000000003,0.0,7,0.1705126820532126,0.1705126820532126,1.6410930317080077,3,14.951935562841626,228.51028629448268,13.942166917174026,45.53834051845789,72.5698533571994,27.355182119698625,11.29482777867454,15.913619688716722,-0.3092470291097725,43.798702824647165,8,12,0.2191780821917808,3973.4109621409416,48.22143901591084,0,398,6,104.7448082738746,0.0,0.0,0.0,0.3092470291097725,0,52.5154139698077,0,19.20187673677508,9.374012075239394,25.82575583953391,28.593492128771995,12,0,17.89619999999997,16.125800675258507,28.024280459118724,1063.5317984899998,993.8109999999992,17.89619999999997,26.22501016251845,471.1836021773836,7.141892734099312,56.09670763364285,0.0,38.03416097979044,339.005500000001,1064.371,4.565048284931329,0.0,9,29.731069617288703,7.141892734099312,49.11586620691075,0,0.0,-3.2137665366319954,0,9,0.0,80,0,0.0,0,0,0,0,0,0.0,1.1658014961420475e+18,0,0,0,0,0,0,0,0,0,0.0,0,0.0,0.0,0.0,0.0,0,0,0,0,0,0,0,0,0,0,0,0,0,0,0,0,0,0,0,0,0,0,0,0,0,0,0,0,0,0,0,0,0,0,0,0,0,0,0,0,0,0,0,0,0,0,0,0,0,0,0,0,0,0,0,0,0,0,0,0,0,0,0,0,0,0,0,0,492
3,0.0,0.0,43.6,17.47321349399978,0,14.704003733031232,0.0,2.564952663983772,0.06314107273625,2,17.47321349399978,0.2060342499128243,0.0,0.0,0,0,0,6.095096138695373,14.951935562841626,10.82998093879356,12.22222222222222,61.656804107936445,21.80584986416212,3.376753212318281,4,0.06314107273625,2.380485113798606,11.033401435232523,19.51903521063298,19.51903521063298,0.5902579206360098,4,22.37774074977455,4.927976406815414,15.034301712005202,106.7731935305512,-2.1045193611185216,9.18067367026134,-2.1946817618361645,4.927976406815414,114.33882801968308,9.847696122925678,52.66932618153773,0,1.3760548410144589,33.15018917870414,4.567099647791355,4,70.48782046988043,10.814096038093329,6.889176512040661,0.0,2.208466485580553,0.4222222222222222,60.6636706846161,0.8,121.32734136923226,-5.089999999999998,1.1777777777777778,2.375995977232324,483.1680000000001,0.0,4,0.1635966181304171,0.1635966181304171,1.9783156500036845,2,14.951935562841626,132.45424435262626,5.931732994343813,39.85095424377433,42.69009944844315,13.668136387144878,5.931732994343813,0.0,-0.3092470291097725,32.9327528475561,4,7,0.1951219512195122,2016.203589332044,26.83585976579236,0,222,3,52.372404136937305,0.0,0.0,0.0,0.3092470291097725,0,28.66748565481478,0,8.580223733802105,5.418373236736604,13.884422113476738,13.884422113476738,7,0,10.564699999999991,8.580223733802105,15.63126333326682,586.3096472160001,548.4790000000003,10.564699999999991,10.82998093879356,265.02072177284543,0.0,31.346359735945345,0.0,21.55881265939461,187.8739999999994,586.7830000000001,0.0,0.0,5,15.63126333326682,0.0,26.83585976579236,0,0.0,0.0,0,5,0.0,45,0,0.0,0,0,0,0,0,0.0,18406727792.246742,0,0,0,0,0,0,0,0,0,0.0,0,0.0,0.0,0.0,0.0,0,0,0,0,0,0,0,0,0,0,0,0,0,0,0,0,0,0,0,0,0,0,0,0,0,0,0,0,0,0,0,0,0,0,0,0,0,0,0,0,0,0,0,0,0,0,0,0,0,0,0,0,0,0,0,0,0,0,0,0,0,0,0,0,0,0,0,0,446
3,0.0,0.0,48.53,17.47321349399978,0,15.376461264248404,0.0,5.095286741244547,0.0375009403663417,3,17.47321349399978,0.1731628453335535,0.0,0.0,0,0,0,6.1069605993063565,14.951935562841626,21.65996187758712,12.848484848484848,89.15004024678211,43.61169972832423,3.79428651321056,5,0.0375009403663417,4.792201373650403,22.066802870465047,24.086134858424334,24.086134858424334,0.5902579206360109,5,28.06512702445811,5.178770746359476,15.037956849937466,225.67912119802563,-2.104519361118523,15.225126468215194,-2.1946817618361747,5.178770746359476,137.68215001244198,9.847696122925646,105.33865236307544,0,1.0663078567361397,49.61002388231729,9.13419929558271,5,140.9756409397609,15.373163795505585,10.03094353332058,0.0,2.2346869595597987,0.2878787878787879,18.19910120538483,0.5454545454545454,151.65917671154028,-6.849999999999997,0.803030303030303,2.401045275570412,712.8160000000001,0.0,5,0.1635966182253813,0.1635966182253813,1.905780959871314,3,14.951935562841626,173.91298267832826,9.338560912427674,45.53834051845789,55.505344609886265,27.433131916217192,9.338560912427674,0.0,-0.3092470291097725,65.8655056951122,5,10,0.2622950819672131,3112.4122581339498,40.66982470724042,0,330,6,104.7448082738746,0.0,0.0,0.0,0.3092470291097725,0,43.064803185972,0,13.429073396691834,7.682131794509235,22.36453742572525,22.36453742572525,10,0,16.256799999999963,13.429073396691834,23.43883507246487,863.492696952,802.7059999999997,16.256799999999963,21.65996187758712,389.7798138651624,0.0,46.50069579539507,0.0,31.218645833222865,279.6129999999997,864.1939999999998,0.0,0.0,7,23.43883507246487,0.0,40.66982470724042,0,0.0,0.0,0,7,0.0,66,0,0.0,0,0,0,0,0,0.0,449631381642627.75,0,0,0,0,0,0,0,0,0,0.0,0,0.0,0.0,0.0,0.0,0,0,0,0,0,0,0,0,0,0,0,0,0,0,0,0,0,0,0,0,0,0,0,0,0,0,0,0,0,0,0,0,0,0,0,0,0,0,0,0,0,0,0,0,0,0,0,0,0,0,0,0,0,0,0,0,0,0,0,0,0,0,0,0,0,0,0,0,484
0,0.0,0.0,9.86,0.0,0,0.0,0.0,5.140093117493912,1.1741212127331566,2,0.0,0.2362347873711945,0.0,0.0,0,0,0,6.0974458831699,0.0,0.0,11.68421052631579,66.11337526108535,43.61169972832423,3.507122180169911,2,1.1741212127331566,4.721842329014046,22.066802870465047,9.13419929558271,9.13419929558271,1.1765975197679903,2,0.0,2.360921164507023,14.987011807574682,154.72700893866138,-1.9424791365654623,9.704254790598174,-2.1089766677229327,2.360921164507023,97.0618730953858,10.046820728192529,0.0,0,1.1965452862866823,32.91966940722631,9.13419929558271,2,59.65783953108687,8.222844241223111,4.55452398917294,0.0,2.128120530170343,0.2631578947368421,0.0,0.5263157894736842,145.59280964307868,-5.079999999999997,0.8157894736842105,2.341219635524173,393.1920000000001,0.0,2,0.0540563833531986,0.0540563833531986,0.0,2,0.0,145.59280964307868,6.007318143648096,22.50167553276112,52.43380976289388,0.0,6.007318143648096,0.0,-0.3092477582645662,66.11337526108535,3,8,0.0,1844.624130161813,20.75083365155094,0,178,6,0.0,0.0,0.0,0.0,0.3092477582645662,4,21.04769426628809,0,7.744495067458757,3.0721838693448515,9.833164675669378,9.833164675669378,8,0,9.547799999999995,7.744495067458757,13.043776273350216,484.193948768,460.4100000000003,9.547799999999995,0.0,220.1676076798491,0.0,25.05346651713189,0.0,18.865305980755146,160.55599999999967,484.6020000000002,0.0,0.0,6,13.043776273350216,0.0,20.75083365155094,0,0.0,0.0,0,6,0.0,38,0,0.0,0,0,0,0,0,0.0,2054106534.613518,0,0,0,0,0,0,0,0,0,0.0,0,0.0,0.0,0.0,0.0,0,0,0,0,0,0,0,0,0,0,0,0,0,0,0,0,0,0,0,0,0,0,0,0,0,0,0,0,0,0,0,0,0,0,0,0,0,0,0,0,0,0,0,0,0,0,0,0,0,0,0,0,0,0,0,0,0,0,0,0,0,0,0,0,0,0,0,0,534
0,0.0,0.0,9.86,0.0,0,0.0,0.0,5.02396462524734,1.0930321559754497,2,0.0,0.1815687003144793,0.0,0.0,0,0,0,9.104533700981962,0.0,0.0,11.75,66.11337526108534,75.47158752422293,3.495516961936936,2,1.0930321559754497,6.889641334842497,22.066802870465047,9.13419929558271,9.13419929558271,1.1762004362877596,2,20.320211581031952,3.650333282646058,79.91976216297594,174.4541625976368,-1.9435277937120503,9.557250414109513,-2.1102937845387086,3.650333282646058,92.5235584805148,10.046816980171537,0.0,0,1.194257799010769,41.865108438891134,9.13419929558271,2,83.92330780493333,9.22478172121379,5.475098550449862,0.0,2.139028222893572,0.35,0.0,0.725,142.4055145378203,-4.119999999999997,1.15,2.358397278105281,437.8160000000001,0.0,4,0.0541359888455406,0.0541359888455406,0.0,2,0.0,142.4055145378203,6.774679874535329,22.50167553276112,48.061810393841874,0.0,6.052509353620368,0.0,-0.3092464156156156,54.738602711718215,3,8,0.0,2058.054277139839,21.352062059190143,0,190,6,0.0,0.0,0.0,0.0,0.3092464156156156,2,23.74082646469147,0,8.840098270323288,3.671554270410838,10.121808565150005,11.953159622733386,8,0,11.072799999999985,7.853594992889208,13.243107951405364,640.014972904,620.2180000000001,11.072799999999985,0.0,247.90270289113167,0.0,26.79395349313805,7.300666565292115,19.652999680989847,175.95599999999965,642.3940000000002,0.0,0.0,6,14.829104490520066,31.859887795898697,24.524055137419555,2,0.0,0.0,0,6,0.0,40,0,0.0,0,0,0,0,0,0.0,4056541785.5724034,0,0,0,0,0,0,0,0,0,0.0,0,0.0,0.0,0.0,0.0,0,0,0,0,0,0,0,0,0,0,0,0,0,0,0,0,0,0,0,0,0,0,0,0,0,0,0,0,0,0,0,0,0,0,0,0,0,0,0,0,0,0,0,0,0,0,0,0,0,0,0,0,0,0,0,0,0,0,0,0,0,0,0,0,0,0,0,0,528
0,0.0,0.0,9.86,0.0,0,0.0,0.0,4.907836133000768,1.0782104549206215,2,0.0,0.1684602078566314,0.0,0.0,0,0,0,9.10755328049668,0.0,0.0,11.80952380952381,66.11337526108534,107.3314753201216,3.4835106147937984,2,1.0782104549206215,8.998153536451635,22.066802870465047,9.13419929558271,9.13419929558271,1.175807005331386,2,29.265650612696778,3.6580593647686577,79.92182364801825,194.1813162566123,-1.944530470524483,9.410246037620851,-2.1115010659047786,3.6580593647686577,87.98524386564385,10.046813257878703,0.0,0,1.1959104906717462,50.81054747055597,9.13419929558271,2,108.1887760787798,10.233713766654626,6.448760293799895,0.0,2.1493600902289574,0.3095238095238095,0.0,0.5714285714285714,139.21821943256188,-3.159999999999998,0.8333333333333334,2.373772304468252,482.4480000000001,0.0,6,0.0541366668755913,0.0541366668755913,0.0,2,0.0,139.21821943256188,7.542041605422562,22.50167553276112,43.71819350051877,0.0,6.0977005635926425,0.0,-0.309245072963449,54.738602711718215,3,8,0.0,2043.27308263612,21.953290466829348,0,202,6,0.0,0.0,0.0,0.0,0.309245072963449,0,26.466240752416027,0,9.935701473187825,4.30528195578197,10.410452454630631,14.073154569797392,8,0,12.597799999999982,7.962694918319659,13.442439629460509,795.83599704,780.0259999999998,12.597799999999982,0.0,275.6377981024145,0.0,28.534440469144208,14.63223745907463,20.440693381224552,191.35599999999968,800.1860000000001,0.0,0.0,6,16.614432707689915,63.719775591797394,28.29727662328817,4,0.0,0.0,0,6,0.0,42,0,0.0,0,0,0,0,0,0.0,8011677683.968839,0,0,0,0,0,0,0,0,0,0.0,0,0.0,0.0,0.0,0.0,0,0,0,0,0,0,0,0,0,0,0,0,0,0,0,0,0,0,0,0,0,0,0,0,0,0,0,0,0,0,0,0,0,0,0,0,0,0,0,0,0,0,0,0,0,0,0,0,0,0,0,0,0,0,0,0,0,0,0,0,0,0,0,0,0,0,0,0,524
4,0.0,17.062158824050687,41.91,17.47321349399978,3,17.218079867205013,4.899909730850478,0.0,0.4272113485669548,1,17.47321349399978,0.1923485865240705,0.0,0.0,0,0,0,5.953883019120663,14.951935562841626,0.0,13.32,45.29047095248476,17.062158824050687,3.494848603119624,4,-0.4272113485669548,0.0,16.789763018763903,14.951935562841626,14.951935562841626,0.7524445170094438,3,22.37774074977455,4.968476946393126,15.159347307124197,126.22725110008274,-2.356590679162905,13.62814639337416,-2.446028314561992,4.968476946393126,145.59280964307868,9.644590104183084,22.253805966787983,0,1.1322575134470705,22.37774074977455,4.899909730850478,4,69.77891136095164,11.215862597867371,6.36392767072745,0.0,2.508916387292753,0.32,60.6636706846161,0.68,181.9910120538483,-6.649999999999997,1.14,2.6269594688550058,514.0160000000001,0.0,4,0.1635966181303677,0.1635966181303677,1.9458342874529475,2,14.951935562841626,204.24481802063625,8.03714822775131,45.29047095248476,64.45793945196789,0.0,8.03714822775131,4.899909730850478,-0.3098316279708993,44.7554814995491,4,8,0.0217391304347826,2389.471536487594,27.10936245768861,0,234,9,5.41499046939678,0.0,0.0,0.0,0.3098316279708993,2,28.370210562036988,2,10.133322143020996,4.15111431587914,12.796031299243891,12.796031299243891,10,1,11.018899999999988,10.133322143020996,16.96459666660015,638.24704696,608.5340000000001,11.018899999999988,5.41499046939678,290.6031199823261,5.41499046939678,33.07212808619006,0.0,24.802829595250905,201.6799999999995,638.7740000000001,0.0,0.0,7,16.96459666660015,0.0,27.10936245768861,0,0.0,0.0,0,7,0.0,50,0,0.0,0,1,0,0,0,0.0,1064647202018.5616,0,0,1,0,0,0,0,0,0,0.0,0,0.0,0.0,0.0,0.0,0,0,0,0,0,0,0,0,0,0,0,0,0,0,0,0,0,0,0,0,0,0,0,0,0,0,0,0,0,0,0,0,0,0,0,0,0,0,0,0,0,0,0,0,0,0,0,0,0,0,0,0,0,0,0,0,0,0,0,0,0,0,0,0,0,0,0,0,479
4,0.0,17.062158824050687,41.91,17.47321349399978,3,17.186900728883018,4.899909730850478,0.0,0.5012854226410288,1,17.47321349399978,0.1813512536978896,0.0,0.0,0,0,0,5.89335213829625,14.951935562841626,0.0,12.92,34.16356796909077,17.062158824050687,3.210136307952788,4,-0.5012854226410288,0.0,16.789763018763903,14.951935562841626,14.951935562841626,0.7310057921977877,3,33.752513299141675,4.9638473167634976,15.158790911713885,138.35998523700596,-2.3721320830382147,10.607730923991056,-2.46077849082728,4.9638473167634976,157.72554378000189,9.622194551493376,22.253805966787983,0,1.2006846872957977,22.37774074977455,4.899909730850478,4,58.65200837755764,12.421852260704394,7.325400784058486,0.0,2.456679848992474,0.32,60.6636706846161,0.66,194.1237461907715,-6.649999999999996,1.08,2.570341448238573,520.4000000000001,0.0,4,0.1635966181303677,0.1635966181303677,1.932435099228584,2,14.951935562841626,216.3775521575596,7.386727028020986,34.16356796909077,68.18959991456401,0.0,7.386727028020986,4.899909730850478,-0.3098316401477127,22.253805966787983,6,8,0.0217391304347826,2263.558533368596,27.264062996067867,0,236,2,5.41499046939678,0.0,0.0,0.0,0.3098316401477127,2,29.48594392493238,1,9.594611211369632,4.888733961112909,12.436914542847344,12.436914542847344,9,1,11.038499999999988,9.594611211369632,16.88126333326682,640.2626970240001,608.5340000000001,11.038499999999988,5.41499046939678,291.60895113585525,5.41499046939678,33.3316411101839,0.0,24.8028295952509,202.68599999999944,640.7900000000003,0.0,0.0,7,16.88126333326682,0.0,27.264062996067867,0,0.0,0.0,0,7,0.0,50,0,0.0,0,0,0,0,0,0.0,781570335759.4012,0,0,0,0,0,0,0,0,0,0.0,0,0.0,0.0,0.0,0.0,0,0,0,0,0,0,0,0,0,0,0,0,0,0,0,0,0,0,0,0,0,0,0,0,0,0,0,0,0,0,0,0,0,0,0,0,0,0,0,0,0,0,0,0,0,0,0,0,0,0,0,0,0,0,0,0,0,0,0,0,0,0,0,0,0,0,0,0,476
4,0.0,17.062158824050687,41.91,17.47321349399978,3,16.9759705673238,4.899909730850478,0.0,0.0871187559743624,1,17.47321349399978,0.2344414650947445,0.0,0.0,0,0,0,5.8591222766845386,14.951935562841626,5.41499046939678,13.4,34.16356796909077,17.062158824050687,3.0219914424398726,4,-0.0871187559743624,0.0,11.374772549367124,14.951935562841626,14.951935562841626,0.6316869266473422,3,22.37774074977455,4.896687176426534,15.157167182484518,91.54378895177106,-2.2996153587141075,8.918958574638037,-2.415528552128442,4.896687176426534,110.90934749476703,9.733639891265986,24.97437738277524,0,1.3366947194141092,27.792731219171326,4.899909730850478,4,47.52510539416365,9.582127523133517,5.745772473386436,0.0,2.358461559813049,0.425,60.6636706846161,0.8,133.46007550615548,-5.089999999999998,1.25,2.511194910135778,419.3680000000001,0.0,4,0.1635966181303677,0.1635966181303677,1.9760429502889825,2,14.951935562841626,144.58697848954947,5.64455382115989,34.16356796909077,46.10020748689691,4.612153754185611,5.64455382115989,4.899909730850478,-0.3098816469267181,22.50167553276112,4,6,0.0833333333333333,1703.11784181433,22.49056030417161,0,192,2,19.26246486877803,0.0,0.0,0.0,0.3098816469267181,2,23.985372599205284,1,7.719682805482738,4.054694847188589,10.579863735278472,10.579863735278472,7,1,8.981700000000002,7.719682805482738,13.559896128220906,516.2313968960001,488.4240000000003,8.981700000000002,5.41499046939678,234.2246469525205,0.0,27.10587275993919,0.0,19.592486164205823,162.94599999999957,516.6480000000001,0.0,0.0,5,13.559896128220906,0.0,22.49056030417161,0,0.0,0.0,0,5,0.0,40,0,0.0,0,0,0,0,0,0.0,2638387101.516017,0,0,0,0,0,0,0,0,0,0.0,0,0.0,0.0,0.0,0.0,0,0,0,0,0,0,0,0,0,0,0,0,0,0,0,0,0,0,0,0,0,0,0,0,0,0,0,0,0,0,0,0,0,0,0,0,0,0,0,0,0,0,0,0,0,0,0,0,0,0,0,0,0,0,0,0,0,0,0,0,0,0,0,0,0,0,0,0,500
2,4.794537184071822,0.0,35.14,21.93848871221408,0,13.026902905229022,0.0,3.726227046629284,0.0085490001020305,2,0.0,0.2635772143174507,0.0,11.166040283284485,0,0,0,6.115727393077608,0.0,5.428790391900541,11.875,49.43172485105976,43.744338576376194,3.0824867039712305,1,0.0085490001020305,8.497490184345342,21.80584986416212,4.567099647791355,4.567099647791355,0.6594097473493492,1,5.687386274683562,13.026902905229022,16.334818076799262,56.5275167204003,-2.0311008116540545,9.58459018603312,-2.1228700288411115,13.026902905229022,35.392371257240434,10.032994231749337,22.253805966787983,0,1.7767696663741166,22.526201772074764,8.984250584844702,3,75.22005419292616,6.572138129453111,3.8779991169312336,4.417150937053347,2.17761336971635,0.625,42.46456947923127,1.21875,75.94172587420289,-3.8499999999999983,1.875,2.3718500015758086,333.5920000000001,0.0,3,0.2000248949929443,0.2000248949929443,0.0,2,4.417150937053347,99.20717129583808,5.223107391280167,5.687386274683562,22.36788052881133,8.630242482285231,5.223107391280167,5.428790391900541,-0.4557361763239149,44.05965583095009,1,6,0.1379310344827586,1718.1691530884812,18.61456313751357,0,156,5,27.694948798762496,4.794537184071822,27.694948798762496,0.0,0.4557361763239149,1,18.88213079175284,0,6.446661086775042,2.574782914443404,8.89919160309864,8.89919160309864,6,0,7.276980000000005,6.446661086775042,10.907978046606448,417.172878976,394.3240000000002,7.276980000000005,0.0,185.06039474175063,0.0,22.14553541208296,0.0,15.418723993369944,133.27699999999996,417.50800000000015,0.0,0.0,4,10.907978046606448,0.0,18.61456313751357,0,5.428790391900541,0.0,4,4,0.0,32,0,0.0,0,0,0,0,0,0.0,30300449.741739087,0,0,0,0,0,0,0,0,0,0.0,0,0.0,0.0,0.0,0.0,0,0,0,0,0,0,0,0,0,0,0,0,0,0,0,0,0,0,0,0,0,0,0,0,0,0,0,0,0,0,0,0,0,0,0,0,0,0,0,0,0,0,0,0,0,0,0,0,0,0,0,0,0,0,0,0,0,0,0,0,0,0,0,0,0,0,0,0,478
3,4.794537184071822,17.062158824050687,33.45,21.93848871221408,3,15.592687959215114,4.899909730850478,1.1720992933142067,0.0138735219426748,1,0.0,0.2148922935229656,0.0,11.166040283284485,0,0,0,5.946971242677986,0.0,5.428790391900541,13.609756097560975,21.93848871221408,39.00064753626476,3.0418952379580704,1,-0.5220035431272807,6.2873612346364425,27.562211447693496,0.0,0.0,0.6596543018863152,0,17.062158824050687,13.297625128527285,16.334840905141476,114.0945169631595,-2.372283268468528,8.535420522492828,-2.4605159238303926,13.297625128527285,109.19460723230902,9.62219040411183,22.253805966787983,0,1.4503324578381864,11.753753343145172,9.317060667903824,3,58.65200837755764,9.07183845271279,5.194279118471269,4.417150937053347,2.4569756487071865,0.4878048780487805,42.46456947923127,1.0,160.87086483266543,-5.4099999999999975,1.6341463414634143,2.5706369400912163,415.1680000000001,0.0,3,0.2000248949928455,0.2000248949928455,0.0,2,4.417150937053347,184.13631025430053,6.618382633232809,0.0,52.16243099034143,0.0,6.618382633232809,10.32870012275102,-0.4557361763511163,22.253805966787983,3,7,0.0263157894736842,2041.4024335095344,22.197466906168337,0,194,4,5.41499046939678,4.794537184071822,0.0,0.0,0.4557361763511163,3,23.475444913113297,1,8.331143538433087,3.35845054104746,10.459567118159027,10.459567118159027,8,1,9.1121,8.331143538433087,13.824644713273116,527.18852904,502.42300000000046,9.1121,5.41499046939678,237.1083925623469,5.41499046939678,27.39032981031536,0.0,20.26402345499068,166.5409999999996,527.6230000000002,0.0,0.0,6,13.824644713273116,0.0,22.197466906168337,0,5.428790391900541,0.0,0,6,0.0,41,0,0.0,0,0,0,0,0,0.0,6401899712.320844,0,0,0,0,0,0,0,0,0,0.0,0,0.0,0.0,0.0,0.0,0,0,0,0,0,0,0,0,0,0,0,0,0,0,0,0,0,0,0,0,0,0,0,0,0,0,0,0,0,0,0,0,0,0,0,0,0,0,0,0,0,0,0,0,0,0,0,0,0,0,0,0,0,0,0,0,0,0,0,0,0,0,0,0,0,0,0,0,482
4,4.794537184071822,17.062158824050687,42.68000000000001,21.93848871221408,3,15.6059339216369,4.899909730850478,1.1573959482262464,0.0210953615508782,1,0.0,0.1943418000243517,0.0,22.665063949852293,0,0,0,5.952576584450596,0.0,5.428790391900541,14.142857142857142,21.93848871221408,39.00064753626476,3.0452228755493413,1,-0.5885544690532065,12.779465662692107,27.562211447693496,0.0,0.0,0.4337439041222041,0,50.81498845740648,13.32296481732851,16.482875517009674,89.82904868931304,-2.3920086753127743,8.11835671960967,-2.481121075018767,13.32296481732851,84.92913895846256,9.6095702906522,22.253805966787983,0,1.372626870714315,22.880656326539164,14.053923621703872,4,59.65783953108687,8.447398532612763,4.652073677623293,9.154013890853395,2.504503698486843,0.5,54.59730361615449,1.0238095238095235,148.73813069574223,-5.609999999999998,1.6904761904761905,2.620805779806565,419.3600000000001,0.0,4,0.2000248949928455,0.2000248949928455,1.7103973857056889,3,9.154013890853395,172.00357611737735,7.028177844011308,11.49902366656781,47.21178369546273,0.0,7.028177844011308,15.065563076551069,-0.4566800710641637,0.0,1,7,0.0263157894736842,2187.0319311324342,22.451014658252948,0,198,10,5.41499046939678,4.794537184071822,0.0,0.0,0.4566800710641637,5,23.12985396697573,2,8.719588504605033,2.930143527371164,10.82189721820417,10.82189721820417,9,2,9.2178,8.719588504605033,14.066226337070312,541.1677935959999,518.4220000000005,9.2178,5.41499046939678,241.21610663832465,5.41499046939678,27.837923567508064,0.0,20.74718670258508,166.6149999999996,541.6060000000002,0.0,11.49902366656781,6,14.066226337070312,0.0,22.451014658252948,0,5.428790391900541,0.0,0,6,0.0,42,0,0.0,1,0,0,0,0,0.0,12370952388.484451,0,0,1,0,0,0,0,0,0,0.0,0,0.0,0.0,0.0,0.0,0,0,0,0,0,0,0,0,0,0,0,0,0,0,0,0,0,0,0,0,0,0,0,0,0,0,0,0,0,0,0,0,0,0,0,0,0,0,0,0,0,0,0,0,0,0,0,0,0,0,0,0,0,0,0,0,0,0,0,0,0,0,0,0,0,0,0,0,481
3,4.794537184071822,17.062158824050687,33.45,21.93848871221408,3,15.61583610736326,4.899909730850478,1.183395589610503,0.0083638800693968,1,0.0,0.2004625061421764,0.0,11.166040283284485,0,0,0,5.975604836939225,0.0,5.428790391900541,14.097560975609756,33.065391695608064,39.00064753626476,3.32373495497673,1,-0.4479294690532065,6.29402790130311,27.562211447693496,0.0,0.0,0.6596837167745363,0,17.062158824050687,13.302254758156913,16.334842194843937,101.96178282623627,-2.356779996178639,11.520710123833878,-2.445729758525512,13.302254758156913,97.0618730953858,9.64458524587397,22.253805966787983,0,1.3689095909401283,11.753753343145172,9.317060667903824,3,69.77891136095164,8.058920966915595,4.405025369838741,4.417150937053347,2.5089895140719283,0.4878048780487805,42.46456947923127,1.0,148.73813069574223,-5.4099999999999975,1.6585365853658536,2.6269464219123826,411.6960000000001,0.0,3,0.2000248949928455,0.2000248949928455,0.0,2,4.417150937053347,172.00357611737735,7.26880383296313,11.126902983393991,48.46936361122258,0.0,7.26880383296313,10.32870012275102,-0.4557361763511163,33.380708950181976,1,7,0.0263157894736842,2165.4040335607274,22.042766367789085,0,192,11,5.41499046939678,4.794537184071822,0.0,0.0,0.4557361763511163,3,22.410697524499,2,8.869854470084444,2.797859128521747,10.81868387455557,10.81868387455557,9,1,9.0925,8.869854470084444,13.90797804660645,525.172878976,502.42300000000046,9.0925,5.41499046939678,236.10256140881776,5.41499046939678,27.13081678632152,0.0,20.264023454990685,165.53499999999963,525.6070000000002,0.0,0.0,6,13.90797804660645,0.0,22.042766367789085,0,5.428790391900541,0.0,0,6,0.0,41,0,0.0,0,1,0,0,0,0.0,8752163115.772913,0,0,1,0,0,0,0,0,0,0.0,0,0.0,0.0,0.0,0.0,0,0,0,0,0,0,0,0,0,0,0,0,0,0,0,0,0,0,0,0,0,0,0,0,0,0,0,0,0,0,0,0,0,0,0,0,0,0,0,0,0,0,0,0,0,0,0,0,0,0,0,0,0,0,0,0,0,0,0,0,0,0,0,0,0,0,0,0,488
4,4.794537184071822,34.124317648101375,23.550000000000004,0.0,6,18.76205810172173,9.799819461700956,1.5049482582831186,0.0619315894034921,1,5.428790391900541,0.1476236059367199,0.0,0.0,0,0,0,7.242045984998115,0.0,5.428790391900541,11.09433962264151,42.42609422865577,65.63339178790389,3.2279703734304346,2,0.0619315894034921,1.9595113269551336,0.0,0.0,0.0,1.2832688643713026,0,76.55041187675714,14.25710160880116,32.133501797918555,185.72446444708763,-2.0912768769389825,10.717152790792298,-2.2522574029926967,14.25710160880116,115.26097430077064,9.989431497640556,0.0,0,1.0543488659076512,54.29660590996916,9.799819461700956,3,113.24931199371215,14.107387375732667,8.564857493460789,0.0,2.1614856028879164,0.3396226415094339,30.33183534230805,0.7547169811320755,211.05101751176653,-6.7499999999999964,1.2264150943396226,2.3888135662175083,552.7040000000002,11.336785877934735,4,0.1959941550553792,0.1959941550553792,0.0,1,0.0,216.47980790366705,8.258546593632785,22.253805966787983,71.21783369212856,0.0,7.11370966844255,15.228609853601498,-0.3105059437185152,0.0,8,9,0.0,2633.756786637437,28.84083292437493,0,252,2,0.0,4.794537184071822,0.0,0.0,0.3105059437185152,4,32.17728662745015,0,10.770155277939834,6.263324083709099,12.927599229896238,14.011376186383062,9,0,13.688299999999977,9.652357630581015,17.72153284994822,698.239184708,664.6189999999999,13.688299999999977,0.0,312.46933769014566,0.0,35.563691917752784,1.6718291634524705,26.208642573655663,225.8389999999995,698.8910000000002,0.0,0.0,8,18.53802943087594,11.336785877934735,29.657329505302656,0,0.0,0.0,0,8,0.0,53,0,11.336785877934735,0,0,0,0,0,0.0,2979668901193.1523,0,0,0,0,0,0,0,0,0,0.0,0,0.0,0.0,0.0,0.0,0,0,0,0,0,0,0,0,0,0,0,0,0,0,0,0,0,0,0,0,0,0,0,0,0,0,0,0,0,0,0,0,0,0,0,0,0,0,0,0,0,0,0,0,0,0,0,0,0,0,0,0,0,0,0,0,0,0,0,0,0,0,0,0,0,0,0,0,541
4,4.794537184071822,34.124317648101375,23.550000000000004,0.0,6,18.276804831994404,9.799819461700956,1.502256948506533,0.069698042596394,1,5.428790391900541,0.1476236059367199,0.0,0.0,0,0,0,7.241642939663033,0.0,5.428790391900541,11.09433962264151,42.42609422865577,65.63339178790389,3.228307728603261,2,0.069698042596394,1.9595113269551336,0.0,0.0,0.0,1.2832173505612976,0,76.55041187675714,13.75736515821348,32.133501797876505,179.65809737862602,-2.0897102911615923,11.005674208601928,-2.251785428055845,13.75736515821348,109.19460723230902,10.01714847979962,0.0,0,1.0372186612947754,54.29660590996916,9.799819461700956,3,119.3156790621738,14.107387375732667,8.564857493460789,0.0,2.147795218758338,0.3018867924528302,36.39820241076966,0.5849056603773585,211.05101751176653,-6.7499999999999964,0.9056603773584906,2.3812014431885893,554.6800000000002,11.336785877934735,4,0.1953667107243519,0.1953667107243519,0.0,1,0.0,216.47980790366705,8.170091801060632,22.253805966787983,71.41725685382288,0.0,7.01999185667647,15.228609853601498,-0.3105059437185152,0.0,8,9,0.0,2447.006786637437,28.84083292437493,0,252,2,0.0,4.794537184071822,0.0,0.0,0.3105059437185152,4,32.17728662745015,0,10.762989997672449,6.372486718959538,12.959828508725248,14.04360546521207,9,0,13.688299999999971,9.647634926022034,17.715549785804512,698.239184708,664.6189999999999,13.688299999999971,0.0,312.46933769014566,0.0,35.563691917752784,1.6718291634524702,26.191805821250064,225.8389999999995,698.8910000000002,0.0,0.0,8,18.53204636673223,11.336785877934735,29.657329505302656,0,0.0,0.0,0,8,0.0,53,0,11.336785877934735,0,0,0,0,0,0.0,2950867231002.3,0,0,0,0,0,0,0,0,0,0.0,0,0.0,0.0,0.0,0.0,0,0,0,0,0,0,0,0,0,0,0,0,0,0,0,0,0,0,0,0,0,0,0,0,0,0,0,0,0,0,0,0,0,0,0,0,0,0,0,0,0,0,0,0,0,0,0,0,0,0,0,0,0,0,0,0,0,0,0,0,0,0,0,0,0,0,0,0,506
5,13.212334168400758,34.124317648101375,57.690000000000005,11.126902983393991,6,18.66883280316247,9.799819461700956,0.0,0.0237371449590479,0,5.783244946364939,0.1557710913120055,0.0,0.0,0,1,1,7.914378634134419,8.417796984328938,26.70111488079448,12.690909090909091,22.253805966787983,49.744815730883815,3.247630281106942,2,-4.019892844966346,28.713846583890984,9.79096695103555,14.201041930693876,0.0,0.1027049223697597,0,45.25122063149536,14.356923291945492,32.22792016519119,58.33075600939383,-2.2092181330716727,9.22185150529652,-2.258298166079064,14.356923291945492,115.26097430077064,9.919702449558184,15.921440167465814,0,1.04862159888594,45.25122063149536,9.799819461700956,5,113.24931199371215,14.08313056653222,8.652806592296894,13.212334168400758,2.3656983811546097,0.3272727272727272,133.46007550615548,0.7272727272727273,216.04744727873023,-7.019999999999997,1.181818181818182,2.425480930085131,571.4320000000001,24.26546827384644,6,0.2076048330337941,0.2076048330337941,-0.3074434105965078,1,0.0,217.38338331108872,9.088888394894273,22.253805966787983,66.63947202987953,0.0,7.390490268863044,9.799819461700956,-0.3105059437185335,0.0,8,8,0.0,2669.0082865433565,29.657329505302656,1,264,2,9.79096695103555,4.794537184071822,0.0,0.0,0.3105059437185335,4,33.79251227758191,1,11.847505547129463,6.183703400584387,13.328973944973546,15.215500331614992,9,1,12.33739999999998,10.01147438697756,18.05486618328155,730.229013948,696.6169999999998,12.33739999999998,9.837253136417502,320.4967613450495,9.837253136417502,37.35658513656624,0.0,26.96949626191757,222.00629999999944,730.8890000000001,0.0,0.0,8,19.538029430875937,0.0,30.473826086230385,0,9.837253136417502,-4.019892844966346,0,8,0.0,55,0,0.0,0,0,1,0,0,0.0,6119213035187.33,0,0,0,0,0,0,0,0,0,0.0,0,0.0,0.0,0.0,0.0,0,0,0,0,0,0,0,0,0,0,0,0,0,0,0,0,0,0,0,0,0,0,0,0,0,0,0,0,0,0,0,0,0,0,0,0,0,0,0,0,0,0,0,0,0,0,0,0,0,0,0,0,0,0,0,0,0,0,0,0,0,0,0,0,0,0,0,0,623
5,13.212334168400758,34.124317648101375,57.690000000000005,11.126902983393991,6,18.183579533435136,9.799819461700956,0.0,0.0237371449590479,0,5.783244946364939,0.1557710913120055,0.0,0.0,0,1,1,7.9143485446635164,8.417796984328938,26.70111488079448,12.690909090909091,22.253805966787983,49.744815730883815,3.248385266020274,2,-4.019892844966346,28.713846583890984,9.79096695103555,14.201041930693876,0.0,0.1026441253191234,0,45.25122063149536,14.356923291945492,32.227920165115094,58.33075600939383,-2.200179150467147,9.499915160136664,-2.254527256858704,14.356923291945492,109.19460723230902,9.961938153938316,15.921440167465814,0,1.0334757290105332,45.25122063149536,9.799819461700956,5,119.3156790621738,14.08313056653222,8.652806592296894,13.212334168400758,2.3512931243041937,0.3090909090909091,133.46007550615548,0.5818181818181818,216.04744727873023,-7.019999999999997,0.8909090909090909,2.409537936322927,572.7200000000001,24.26546827384644,6,0.2076043288858417,0.2076043288858417,-0.299676957403606,1,0.0,217.38338331108872,8.997442070250262,22.253805966787983,66.83889519157384,0.0,7.295775279739677,9.799819461700956,-0.3105059437185335,0.0,8,8,0.0,2491.0082865433565,29.657329505302656,1,264,2,9.79096695103555,4.794537184071822,0.0,0.0,0.3105059437185335,4,33.79251227758191,1,11.84034026686208,6.2846766400421945,13.361203223802557,15.247729610444,9,1,12.33739999999998,10.006751682418576,18.048883119137844,730.2290139480001,696.6169999999998,12.33739999999998,9.837253136417502,320.4967613450495,9.837253136417502,37.35658513656624,0.0,26.95265950951196,222.00629999999944,730.8890000000001,0.0,0.0,8,19.532046366732228,0.0,30.473826086230385,0,9.837253136417502,-4.019892844966346,0,8,0.0,55,0,0.0,0,0,1,0,0,0.0,6071694715412.437,0,0,0,0,0,0,0,0,0,0.0,0,0.0,0.0,0.0,0.0,0,0,0,0,0,0,0,0,0,0,0,0,0,0,0,0,0,0,0,0,0,0,0,0,0,0,0,0,0,0,0,0,0,0,0,0,0,0,0,0,0,0,0,0,0,0,0,0,0,0,0,0,0,0,0,0,0,0,0,0,0,0,0,0,0,0,0,0,618
3,0.0,17.062158824050687,39.92,5.693927994848461,3,6.533733879456282,4.899909730850478,8.958726815296911,0.0577534395373673,1,0.0,0.3827453443728505,5.261891554738487,11.763149307640736,1,0,0,5.859025253853088,4.9839785209472085,5.41499046939678,13.833333333333334,11.126902983393991,17.062158824050687,2.799094815202075,3,-0.0577534395373673,0.0,11.374772549367124,4.9839785209472085,4.9839785209472085,0.6316873473573269,1,16.814289258077554,8.958726815296911,15.156187707040116,102.59698878551056,-2.299564483586787,8.652583641422096,-2.4156435669809224,8.958726815296911,62.37841094707412,9.733601260251628,30.6683053776237,1,1.6142493852963982,22.862671807390413,4.899909730850478,3,53.08855688586065,6.859713157758528,4.149919384192142,0.0,2.3572994063823742,0.7333333333333333,6.06636706846161,1.3,91.12598253007565,-3.899999999999999,1.8333333333333333,2.510491119702216,316.3280000000001,12.263210640074686,3,0.1399798808767698,0.1399798808767698,0.0,2,5.261891554738487,107.9468135083181,4.381012918041856,17.196124296186266,31.59742980389348,4.589295407256335,4.381012918041856,4.899909730850478,-0.3098816773424034,22.50167553276112,2,4,0.1111111111111111,1213.2551499638537,17.001894824344266,0,144,2,19.26246486877803,0.0,11.33111286753076,5.261891554738487,0.3098816773424034,2,18.149094380856727,1,5.973461868614415,2.77298026354092,8.085500172097634,8.085500172097634,5,1,6.729380000000006,5.973461868614415,10.05165935904,387.173547672,366.31800000000015,6.729380000000006,5.41499046939678,176.42868437436482,0.0,20.716967702877938,0.0,14.591684826406397,121.199,387.4860000000001,0.0,0.0,3,10.05165935904,0.0,17.001894824344266,0,0.0,0.0,0,3,1.7515637860082305,30,0,0.0,0,0,0,0,0,0.0,11002905.827181531,0,0,0,0,0,0,0,0,0,0.0,0,0.0,0.0,0.0,0.0,0,0,0,0,0,0,0,0,0,0,0,0,0,0,0,0,0,0,0,0,0,0,0,0,0,0,0,0,0,0,0,0,0,0,0,0,0,0,0,0,0,0,0,0,0,0,0,0,0,0,0,0,0,0,0,0,0,0,0,0,0,0,0,0,0,0,0,0,488
3,0.0,17.062158824050687,39.92,5.563451491696996,3,6.755964506172839,4.899909730850478,8.98122681529691,0.05948897672745,1,0.0,0.3827453443728505,5.261891554738487,6.069221312792274,1,0,0,5.858149491508218,0.0,5.41499046939678,13.833333333333334,11.257379486545457,17.062158824050687,2.799094815202075,3,-0.05948897672745,0.0,22.63215203591258,4.9839785209472085,4.9839785209472085,0.6316873133962941,1,16.944765761229018,8.98122681529691,15.156246520922936,102.59698878551056,-2.299578918660007,8.58361737860843,-2.4155876013606656,8.98122681529691,62.37841094707412,9.733621032661704,30.53782887447224,1,1.6142493852963982,22.862671807390413,4.899909730850478,3,47.52510539416365,6.859713157758528,4.149919384192142,0.0,2.357370255910845,0.7666666666666667,6.06636706846161,1.3666666666666667,91.12598253007565,-3.899999999999999,1.9,2.5103461915416547,316.21600000000007,12.263210640074686,3,0.1007418022867228,0.1007418022867228,0.0,2,5.261891554738487,107.81633700516664,4.35932347242691,17.32660079933773,31.56232292704417,4.586655370525389,4.35932347242691,4.899909730850478,-0.3098816624439561,22.50167553276112,2,4,0.1111111111111111,1213.2551499638537,17.001894824344266,0,144,2,19.26246486877803,4.9839785209472085,11.33111286753076,5.261891554738487,0.3098816624439561,2,18.149094380856727,1,5.950444369258118,2.77298026354092,8.085500172097634,8.085500172097634,5,1,6.729380000000006,5.950444369258118,10.05165935904,387.173547672,366.31800000000015,6.729380000000006,5.41499046939678,176.42868437436482,0.0,20.716967702877938,0.0,14.591684826406397,121.199,387.4860000000001,0.0,0.0,3,10.05165935904,0.0,17.001894824344266,0,0.0,0.0,0,3,1.6135463356855853,30,0,0.0,0,0,0,0,0,0.0,11002905.827181531,0,0,0,0,0,0,0,0,0,0.0,0,0.0,0.0,0.0,0.0,0,0,0,0,0,0,0,0,0,0,0,0,0,0,0,0,0,0,0,0,0,0,0,0,0,0,0,0,0,0,0,0,0,0,0,0,0,0,0,0,0,0,0,0,0,0,0,0,0,0,0,0,0,0,0,0,0,0,0,0,0,0,0,0,0,0,0,0,504
4,5.261891554738487,17.062158824050687,63.71,5.693927994848461,3,6.666388888888889,4.899909730850478,18.43523283001249,0.093521220222106,1,5.693927994848461,0.3719385239983173,10.523783109476971,12.138442625584547,2,0,0,5.858590148772408,4.9839785209472085,16.672369955942237,13.4375,11.257379486545457,17.062158824050687,2.8413018713655305,4,-0.093521220222106,0.0,22.63215203591258,4.9839785209472085,4.9839785209472085,0.631687160613701,1,11.250837766380558,9.293172681382249,15.156295951606912,84.39503333579505,-2.29958590783605,7.889499326545374,-2.4155917148401267,9.293172681382249,62.37841094707412,9.733619828268475,36.2317568693207,1,1.615024008229046,16.665828235777337,4.899909730850478,4,47.52510539416365,7.37505241089525,4.505098138050799,0.0,2.3576641965644813,0.71875,24.271176762507768,1.3125,84.92913895846256,-4.409999999999999,1.875,2.5105514473008244,336.2480000000001,12.13273413692322,4,0.1584078140824338,0.1584078140824338,0.0,2,5.261891554738487,107.31342142840202,4.523928567503232,23.39582211213,32.71432744069215,4.5445515138610935,4.523928567503232,4.899909730850478,-0.3098816624438572,22.50167553276112,2,4,0.1071428571428571,1369.7502343996107,17.871758150654596,0,152,2,19.26246486877803,0.0,22.66222573506152,10.523783109476971,0.3098816624438572,2,19.547405548556057,1,6.179460994626621,2.9365253246436662,8.357848211183763,8.357848211183763,5,1,6.601060000000006,6.179460994626621,10.451998930197984,412.16879664,392.3360000000002,6.601060000000006,5.41499046939678,187.1862061702301,0.0,22.29431797206756,0.0,15.54037323139014,125.914,412.4960000000001,0.0,0.0,3,10.451998930197984,0.0,17.871758150654596,0,0.0,0.0,0,3,0.0,32,0,0.0,0,0,0,0,0,0.0,27161936.67365564,0,0,0,0,0,0,0,0,0,0.0,0,0.0,0.0,0.0,0.0,0,0,0,0,0,0,0,0,0,0,0,0,0,0,0,0,0,0,0,0,0,0,0,0,0,0,0,0,0,0,0,0,0,0,0,0,0,0,0,0,0,0,0,0,0,0,0,0,0,0,0,0,0,0,0,0,0,0,0,0,0,0,0,0,0,0,0,0,562
4,0.0,17.062158824050687,52.81,0.0,3,10.485646494925897,4.899909730850478,8.896226815296913,0.0660179023472846,1,0.0,0.4147435712639934,5.261891554738487,6.069221312792274,1,0,0,5.858697240893251,9.967957041894415,11.239394967396706,13.833333333333334,11.126902983393991,17.062158824050687,2.799094815202075,4,-0.0660179023472846,0.0,11.374772549367124,9.967957041894415,9.967957041894415,0.6316871515670882,2,16.814289258077554,8.896226815296913,15.156291431593909,101.5117459936655,-2.2995696628307574,7.975501551097901,-2.4156240475512,8.896226815296913,62.37841094707412,9.733607425253316,30.798781880775167,0,1.6142493852963982,29.05951537900349,4.899909730850478,4,40.95582274893743,6.821603007210488,4.111974281043847,0.0,2.357348352740777,0.7333333333333333,6.069221312792274,1.2666666666666666,85.1900919647655,-3.969999999999999,1.8,2.510398650191558,314.32000000000005,12.393687143226153,4,0.2316589913185325,0.2316589913185325,0.1801069951131697,2,5.261891554738487,102.14139944615944,4.285094650310628,17.196124296186266,27.592317386515543,4.575406518367446,4.285094650310628,4.899909730850478,-0.3098816772862345,22.50167553276112,2,4,0.1153846153846153,1216.1805673527624,16.871758150654596,0,144,2,19.26246486877803,0.0,11.33111286753076,5.261891554738487,0.3098816772862345,2,18.083612942723835,1,5.847270723210989,2.753852688054784,7.948732115215463,7.948732115215463,5,1,6.124380000000006,5.847270723210989,9.911456578608997,388.16879664,368.3140000000002,6.124380000000006,5.41499046939678,175.6483323553113,0.0,20.716967702877938,0.0,14.591684826406397,118.994,388.4740000000001,0.0,0.0,3,9.911456578608997,0.0,16.871758150654596,0,5.824404497999927,0.0,0,3,3.378127572016461,30,0,0.0,0,0,0,0,0,0.0,11002905.827181531,0,0,0,0,0,0,0,0,0,0.0,0,0.0,0.0,0.0,0.0,0,0,0,0,0,0,0,0,0,0,0,0,0,0,0,0,0,0,0,0,0,0,0,0,0,0,0,0,0,0,0,0,0,0,0,0,0,0,0,0,0,0,0,0,0,0,0,0,0,0,0,0,0,0,0,0,0,0,0,0,0,0,0,0,0,0,0,0,524
4,0.0,17.062158824050687,52.81,11.387855989696924,3,10.93010774835901,4.899909730850478,8.941226815296911,0.06948897672745,1,5.824404497999927,0.4147435712639934,5.261891554738487,6.069221312792274,1,0,0,5.857222216749356,9.967957041894415,5.41499046939678,13.833333333333334,11.387855989696924,17.062158824050687,2.799094815202075,4,-0.06948897672745,0.0,16.93822404106412,9.967957041894415,9.967957041894415,0.6316870819782012,2,11.250837766380558,8.941226815296911,15.156460106059466,95.44823316953456,-2.2996009867277256,7.4055206707895005,-2.415515810041076,8.941226815296911,50.2456768101509,9.733640527120388,30.53782887447224,0,1.6142493852963982,29.05951537900349,4.899909730850478,4,47.52510539416365,6.821603007210488,4.111974281043847,0.0,2.357501740553212,0.7666666666666667,12.13273413692322,1.3,85.1900919647655,-3.969999999999999,1.8333333333333333,2.5101313204370874,314.4240000000001,12.393687143226153,4,0.158670815517848,0.158670815517848,0.6121553497942389,2,5.261891554738487,101.8804464398565,4.241715759080738,17.457077302489196,27.522103632816943,4.570126444905554,4.241715759080738,4.899909730850478,-0.309881646927053,22.50167553276112,2,4,0.1153846153846153,1216.1805673527624,16.871758150654596,0,144,2,19.26246486877803,0.0,11.33111286753076,5.261891554738487,0.309881646927053,2,18.083612942723835,1,5.8012357244983965,2.753852688054784,7.948732115215463,7.948732115215463,5,1,6.124380000000006,5.8012357244983965,9.911456578608997,388.16879664,368.3140000000002,6.124380000000006,5.41499046939678,175.6483323553113,0.0,20.716967702877938,0.0,14.591684826406397,118.994,388.4740000000001,0.0,0.0,3,9.911456578608997,0.0,16.871758150654596,0,0.0,0.0,0,3,3.1020926713711705,30,0,0.0,0,0,0,0,0,0.0,11002905.827181531,0,0,0,0,0,0,0,0,0,0.0,0,0.0,0.0,0.0,0.0,0,0,0,0,0,0,0,0,0,0,0,0,0,0,0,0,0,0,0,0,0,0,0,0,0,0,0,0,0,0,0,0,0,0,0,0,0,0,0,0,0,0,0,0,0,0,0,0,0,0,0,0,0,0,0,0,0,0,0,0,0,0,0,0,0,0,0,0,543
2,0.0,17.062158824050687,27.03,5.563451491696996,3,2.359599041764445,4.899909730850478,9.021226815296911,0.04948897672745,0,0.0,0.3603638301802116,5.261891554738487,0.0,1,0,0,5.859432686575149,0.0,5.41499046939678,13.833333333333334,11.126902983393991,17.062158824050687,2.799094815202075,2,-0.04948897672745,0.0,23.0074453538564,0.0,0.0,0.6316874919346755,0,16.814289258077554,9.021226815296911,15.156131520142011,97.61301026456334,-2.2995601023646204,9.149558736633123,-2.4156638686991045,9.021226815296911,74.51114508399735,9.733592574268483,30.53782887447224,0,1.6142493852963982,11.102376744080342,4.899909730850478,2,58.65200837755764,6.897897986408679,4.188080742756152,0.0,2.357254184075083,0.6333333333333333,24.26546827384644,1.1,97.0618730953858,-3.8299999999999983,1.6,2.510595606527651,319.12000000000006,0.0,2,0.0991095704311447,0.0991095704311447,0.0,1,5.261891554738487,113.7522275704768,4.487465243670001,17.196124296186266,35.949764443493635,4.6031842961452245,4.487465243670001,4.899909730850478,-0.3098816773983318,22.50167553276112,2,4,0.1071428571428571,1209.786062206818,17.132031498033932,0,144,2,19.26246486877803,0.0,11.33111286753076,5.261891554738487,0.3098816773983318,2,18.214595595679288,1,6.10943076058567,2.792171757827687,8.230736005899312,8.230736005899312,5,1,7.334380000000007,6.10943076058567,10.191862139471008,386.178298704,364.3220000000002,7.334380000000007,5.41499046939678,177.20903639341833,0.0,20.716967702877938,0.0,14.591684826406397,123.404,386.4980000000001,0.0,0.0,4,10.191862139471008,0.0,17.132031498033932,0,0.0,0.0,0,4,0.0,30,0,0.0,0,0,0,0,0,0.0,11002905.827181531,0,0,0,0,0,0,0,0,0,0.0,0,0.0,0.0,0.0,0.0,0,0,0,0,0,0,0,0,0,0,0,0,0,0,0,0,0,0,0,0,0,0,0,0,0,0,0,0,0,0,0,0,0,0,0,0,0,0,0,0,0,0,0,0,0,0,0,0,0,0,0,0,0,0,0,0,0,0,0,0,0,0,0,0,0,0,0,0,462
2,5.261891554738487,17.062158824050687,27.03,5.563451491696996,3,2.352577160493828,4.899909730850478,9.194839348048916,0.0542048914552277,0,0.0,0.3603638301802116,5.261891554738487,0.0,1,0,0,5.859692858841248,0.0,5.41499046939678,13.833333333333334,11.126902983393991,17.062158824050687,2.798051627700689,2,-0.0542048914552277,0.0,23.0074453538564,0.0,0.0,0.6316875131780055,0,16.814289258077554,9.194839348048916,15.15613290207924,97.61301026456334,-2.2995612452413603,9.019007935271986,-2.4156650520498912,9.194839348048916,74.51114508399735,9.7335910483202,30.53782887447224,0,1.6358971751511424,11.102376744080342,4.899909730850478,2,58.65200837755764,6.897897986408679,4.188080742756152,0.0,2.3572916923315623,0.6666666666666666,24.26546827384644,1.2666666666666666,97.0618730953858,-3.8299999999999983,1.8666666666666667,2.5106490773160903,317.9200000000001,0.0,2,0.0991315912892564,0.0991315912892564,0.0,1,0.0,113.7522275704768,4.518556697087751,17.196124296186266,35.91911562684133,4.597793262677268,4.518556697087751,4.899909730850478,-0.3098816773982532,22.50167553276112,2,4,0.1071428571428571,1227.0360622068176,17.132031498033932,0,144,2,19.26246486877803,0.0,11.33111286753076,5.261891554738487,0.3098816773982532,2,18.214595595679288,1,6.087101661216409,2.792171757827687,8.23419032959326,8.23419032959326,5,1,7.334380000000007,6.087101661216409,10.191862139471008,386.178298704,364.3220000000002,7.334380000000007,5.41499046939678,177.20903639341833,0.0,20.716967702877938,0.0,14.591684826406397,123.404,386.4980000000001,0.0,0.0,4,10.191862139471008,0.0,17.132031498033932,0,0.0,0.0,0,4,0.0,30,0,0.0,0,0,0,0,0,0.0,10917325.91889744,0,0,0,0,0,0,0,0,0,0.0,0,0.0,0.0,0.0,0.0,0,0,0,0,0,0,0,0,0,0,0,0,0,0,0,0,0,0,0,0,0,0,0,0,0,0,0,0,0,0,0,0,0,0,0,0,0,0,0,0,0,0,0,0,0,0,0,0,0,0,0,0,0,0,0,0,0,0,0,0,0,0,0,0,0,0,0,0,431
5,10.523783109476971,17.062158824050687,76.6,11.033401435232523,3,12.091726655630806,4.899909730850478,26.178136025205266,0.0353023248839414,1,11.387855989696922,0.1361140732886121,10.523783109476971,12.138442625584547,2,0,0,6.338513841865728,9.967957041894415,16.8028464590937,13.537037037037036,43.3507467220213,60.41290554607198,3.2143214661194253,5,-0.5721375266151849,0.0,33.51055072867999,9.967957041894415,9.967957041894415,0.591525099744611,2,54.94295560253646,10.040832989643308,15.160533713791738,183.4023735985856,-2.372748240479679,9.840919073320151,-2.4631429370860825,10.040832989643308,136.03218589984252,9.621834178091545,59.976325047253766,0,1.3440986461594069,21.544896857859182,4.899909730850478,5,74.33653169911939,11.459582040501006,6.714326484887164,0.0,2.460741236413628,0.5185185185185185,0.0,1.037037037037037,145.59280964307868,-7.0799999999999965,1.5925925925925926,2.5845027665567826,549.5600000000002,0.0,5,0.1772373844005092,0.1772373844005092,0.0,2,9.967957041894415,184.7979230912605,8.944510860072468,12.138442625584547,56.77452495104642,6.614693294797357,8.944510860072468,4.899909730850478,-0.3092035081701613,22.253805966787983,3,9,0.1020408163265306,2965.9692194582103,30.09247443805081,0,254,5,31.60119253786544,0.0,22.66222573506152,10.523783109476971,0.3092035081701613,2,31.63934154862557,1,11.307227662838056,4.242075515992107,15.18569112617632,15.18569112617632,10,1,11.73395999999998,11.307227662838056,18.214596666600148,691.2735960559999,658.574,11.73395999999998,10.82998093879356,312.8985155931103,5.41499046939678,36.76864498782619,0.0,26.33905162555213,217.92299999999952,691.8379999999996,0.0,0.0,8,18.214596666600148,0.0,30.09247443805081,0,0.0,0.0,0,8,0.0,54,0,0.0,0,0,0,0,0,0.0,3561554647136.3047,0,0,0,0,0,0,0,0,0,0.0,0,0.0,0.0,0.0,0.0,0,0,0,0,0,0,0,0,0,0,0,0,0,0,0,0,0,0,0,0,0,0,0,0,0,0,0,0,0,0,0,0,0,0,0,0,0,0,0,0,0,0,0,0,0,0,0,0,0,0,0,0,0,0,0,0,0,0,0,0,0,0,0,0,0,0,0,0,601
5,10.523783109476971,17.062158824050687,76.6,11.033401435232523,3,12.340904310974638,4.899909730850478,26.607620523155443,0.0216857735347753,1,11.387855989696922,0.1361140732886121,10.523783109476971,17.65514334320081,2,0,0,6.348943657831578,9.967957041894415,16.8028464590937,13.537037037037036,43.3507467220213,60.41290554607198,3.213944269648999,5,-0.6141892450752344,0.0,27.993850011063728,9.967957041894415,9.967957041894415,0.5915251195981082,2,66.06985858593045,10.282300208912623,15.16199939891619,183.4023735985855,-2.3729351819424465,9.385386454974238,-2.463226702933098,10.282300208912623,142.09855296830412,9.621797424717386,59.976325047253766,0,1.3951557124468508,16.158672643394386,4.899909730850478,5,73.65638884512258,11.459582040501006,6.714326484887164,0.0,2.462086817951948,0.5185185185185185,0.0,1.037037037037037,145.59280964307868,-7.079999999999997,1.6111111111111112,2.5873628718067714,551.5600000000002,0.0,5,0.1772386379864846,0.1772386379864846,0.0,2,9.967957041894415,184.7979230912605,8.940629264965276,12.138442625584547,56.55139541609833,6.614693294797357,8.940629264965276,4.899909730850478,-0.3091215255083435,11.126902983393991,3,9,0.1020408163265306,2965.9692194582094,30.09247443805081,0,254,5,31.60119253786544,0.0,22.66222573506152,10.523783109476971,0.3091215255083435,2,31.63934154862557,1,11.294881706569328,4.242075515992107,15.18868265824816,15.18868265824816,10,1,11.733959999999984,11.294881706569328,18.21459666660016,691.2735960560001,658.5740000000001,11.733959999999984,10.82998093879356,312.8985155931102,5.41499046939678,36.76864498782619,0.0,26.33905162555214,217.9229999999995,691.8380000000001,0.0,0.0,8,18.21459666660016,0.0,30.09247443805081,0,0.0,0.0,0,8,0.0,54,0,0.0,0,0,0,0,0,0.0,3548431184544.6875,0,0,0,0,0,0,0,0,0,0.0,0,0.0,0.0,0.0,0.0,0,0,0,0,0,0,0,0,0,0,0,0,0,0,0,0,0,0,0,0,0,0,0,0,0,0,0,0,0,0,0,0,0,0,0,0,0,0,0,0,0,0,0,0,0,0,0,0,0,0,0,0,0,0,0,0,0,0,0,0,0,0,0,0,0,0,0,0,649
5,10.523783109476971,17.062158824050687,76.6,22.16030441862652,3,12.963601206152129,4.899909730850478,26.31881764157185,0.1179427311785665,1,0.0,0.1330750388625849,10.523783109476971,12.138442625584547,2,0,0,6.342052690088078,9.967957041894415,5.41499046939678,13.5,54.38414815725382,71.44630698130449,3.263315893348669,5,-0.5695557605199397,0.0,55.6708551473065,9.967957041894415,9.967957041894415,0.591526932448314,2,60.41290554607198,9.91084403577163,15.16054521796996,183.4023735985856,-2.3727456179893074,12.001594106683624,-2.463145687581811,9.91084403577163,136.03218589984252,9.621834283605205,59.71537204095084,0,1.2664870038686424,21.544896857859182,4.899909730850478,5,86.46926583604262,12.19831259565964,7.09058915267808,0.0,2.4609212048289546,0.5,0.0,1.0172413793103448,157.72554378000189,-7.599999999999996,1.5689655172413792,2.58512068252574,591.4080000000001,12.13273413692322,5,0.1005931921344492,0.1005931921344492,0.0,2,9.967957041894415,196.6697042218809,9.640926281303871,12.138442625584547,60.84082316045556,6.7084972184701614,9.640926281303871,4.899909730850478,-0.309203508170213,27.817257458484978,3,10,0.0943396226415094,3314.72409338238,32.24717497643006,0,272,6,31.60119253786544,0.0,22.66222573506152,10.523783109476971,0.309203508170213,2,33.71402131485462,1,12.244035580438691,4.561497624097293,16.374983756552744,16.374983756552744,11,1,12.887159999999978,12.244035580438691,19.6192972049794,741.2892461199998,706.6179999999998,12.887159999999978,10.82998093879356,335.58018012484547,5.41499046939678,39.33755908857853,0.0,28.305378120740915,235.4289999999995,741.8979999999996,0.0,0.0,9,19.6192972049794,0.0,32.24717497643006,0,0.0,0.0,0,9,0.0,58,0,0.0,0,0,0,0,0,0.0,30731128404253.08,0,0,0,0,0,0,0,0,0,0.0,0,0.0,0.0,0.0,0.0,0,0,0,0,0,0,0,0,0,0,0,0,0,0,0,0,0,0,0,0,0,0,0,0,0,0,0,0,0,0,0,0,0,0,0,0,0,0,0,0,0,0,0,0,0,0,0,0,0,0,0,0,0,0,0,0,0,0,0,0,0,0,0,0,0,0,0,0,640
5,10.523783109476971,17.062158824050687,76.6,16.59685292692952,3,13.236503053545334,4.899909730850478,26.589312773451265,0.1179427311785665,1,0.0,0.1330750388625849,10.523783109476971,17.65514334320081,2,0,0,6.352592608926518,9.967957041894415,10.978441961093775,13.5,54.38414815725382,71.44630698130449,3.2628866597515183,5,-0.6075699569143633,0.0,50.15415442969024,9.967957041894415,9.967957041894415,0.5915269547270339,2,60.41290554607198,10.060351442747963,15.161950887622778,183.4023735985856,-2.3729137295973115,11.618581673433155,-2.46324019462091,10.060351442747963,142.09855296830412,9.621797857666104,59.71537204095084,0,1.3264221815081123,16.158672643394386,4.899909730850478,5,85.78912298204581,12.19831259565964,7.09058915267808,0.0,2.462207981388755,0.5,0.0,1.0172413793103448,157.72554378000189,-7.599999999999996,1.5862068965517242,2.5881322209009845,592.0560000000002,12.13273413692322,5,0.1005931921345413,0.1005931921345413,0.0,2,9.967957041894415,196.6697042218809,9.637044686196688,12.138442625584547,60.68043861443344,6.7084972184701614,9.637044686196688,4.899909730850478,-0.3091215293549615,27.817257458484978,3,10,0.0943396226415094,3314.7240933823805,32.24717497643006,0,272,6,31.60119253786544,0.0,22.66222573506152,10.523783109476971,0.3091215293549615,2,33.71402131485462,1,12.231689624169976,4.561497624097293,16.377975288624597,16.377975288624597,11,1,12.887159999999977,12.231689624169976,19.6192972049794,741.2892461199998,706.6179999999998,12.887159999999977,10.82998093879356,335.58018012484547,5.41499046939678,39.33755908857853,0.0,28.305378120740915,235.4289999999995,741.8979999999997,0.0,0.0,9,19.6192972049794,0.0,32.24717497643006,0,0.0,0.0,0,9,0.0,58,0,0.0,0,0,0,0,0,0.0,30614562390844.094,0,0,0,0,0,0,0,0,0,0.0,0,0.0,0.0,0.0,0.0,0,0,0,0,0,0,0,0,0,0,0,0,0,0,0,0,0,0,0,0,0,0,0,0,0,0,0,0,0,0,0,0,0,0,0,0,0,0,0,0,0,0,0,0,0,0,0,0,0,0,0,0,0,0,0,0,0,0,0,0,0,0,0,0,0,0,0,0,689
