max_features,random_state,dataset,index,experimental,predicted
20,1,test,0,584,588.628827
20,1,test,1,510,520.473953
20,1,test,2,525,521.935960
20,1,test,3,557,585.306320
20,1,test,4,596,628.430133
20,1,test,5,528,515.550781
20,1,test,6,645,581.900060
20,1,test,7,460,553.787786
20,1,test,8,572,543.894917
20,1,test,9,509,515.417114
20,1,test,10,577,571.924992
20,1,test,11,555,569.879370
20,1,test,12,485,539.916001
20,1,test,13,580,605.515685
20,1,test,14,456,490.344865
20,1,test,15,597,581.472190
20,1,test,16,484,498.021574
20,1,test,17,584,605.773695
20,1,test,18,502,508.641459
20,1,test,19,612,573.781849
20,1,test,20,644,587.421280
20,1,test,21,501,489.231807
20,1,test,22,462,462.388423
20,1,test,23,495,491.981319
20,1,test,24,601,606.758850
20,1,test,25,613,571.770348
20,1,test,26,610,588.813166
20,1,test,27,580,580.145847
20,1,test,28,545,561.229048
20,1,test,29,469,471.365140
20,1,test,30,479,492.760755
20,1,test,31,478,498.208661
20,1,test,32,446,500.952047
20,1,test,33,463,481.894177
20,1,test,34,613,571.770348
20,1,test,35,572,571.870998
20,1,train,0,572,543.894917
20,1,train,1,524,523.650729
20,1,train,2,575,576.434687
20,1,train,3,600,592.320433
20,1,train,4,560,544.709055
20,1,train,5,442,454.424868
20,1,train,6,451,457.195016
20,1,train,7,616,620.804479
20,1,train,8,534,525.574653
20,1,train,9,608,604.416896
20,1,train,10,489,487.755278
20,1,train,11,637,619.953785
20,1,train,12,648,617.240070
20,1,train,13,523,515.087356
20,1,train,14,519,512.692922
20,1,train,15,524,523.980343
20,1,train,16,500,498.095111
20,1,train,17,495,512.616382
20,1,train,18,585,589.716546
20,1,train,19,509,515.417114
20,1,train,20,577,571.924992
20,1,train,21,479,494.069523
20,1,train,22,504,502.481033
20,1,train,23,509,503.741523
20,1,train,24,606,592.029550
20,1,train,25,605,586.903939
20,1,train,26,484,493.885133
20,1,train,27,488,488.349040
20,1,train,28,630,630.179236
20,1,train,29,507,533.556832
20,1,train,30,522,521.743835
20,1,train,31,628,612.895365
20,1,train,32,522,521.743835
20,1,train,33,578,576.589000
20,1,train,34,640,646.095450
20,1,train,35,618,615.133831
20,1,train,36,431,456.271165
20,1,train,37,649,637.517311
20,1,train,38,526,522.097487
20,1,train,39,535,529.819916
20,1,train,40,507,516.831227
20,1,train,41,541,564.258826
20,1,train,42,612,604.416896
20,1,train,43,617,598.031479
20,1,train,44,459,478.123877
20,1,train,45,597,596.241983
20,1,train,46,538,543.445329
20,1,train,47,508,505.288609
20,1,train,48,525,521.635948
20,1,train,49,455,463.046227
20,1,train,50,472,496.387143
20,1,train,51,596,587.518992
20,1,train,52,617,614.309447
20,1,train,53,623,615.780410
20,1,train,54,594,585.306320
20,1,train,55,480,476.453831
20,1,train,56,504,494.453549
20,1,train,57,516,518.695944
20,1,train,58,541,535.308930
20,1,train,59,505,507.328898
20,1,train,60,515,511.832611
20,1,train,61,522,513.240711
20,1,train,62,506,522.235877
20,1,train,63,577,562.873433
20,1,train,64,574,560.972501
20,1,train,65,624,613.789355
20,1,train,66,543,529.882633
20,1,train,67,644,607.872355
20,1,train,68,584,588.628827
20,1,train,69,500,506.463200
20,1,train,70,689,666.501060
20,1,train,71,586,564.258826
20,1,train,72,617,614.309447
20,1,train,73,473,494.515382
20,1,train,74,572,571.870998
20,1,train,75,595,588.813166
20,1,train,76,528,523.343187
20,1,train,77,492,494.491444
20,1,train,78,516,518.695944
20,1,train,79,473,479.527042
20,1,train,80,505,523.729088
20,1,train,81,534,520.147877
20,1,train,82,630,630.179236
20,1,train,83,670,662.497070
20,1,train,84,598,583.655305
20,1,train,85,488,495.535205
20,1,train,86,481,491.429524
20,1,train,87,455,465.471730
20,1,train,88,550,553.754531
20,1,train,89,505,504.195808
20,1,train,90,608,593.023467
20,1,train,91,482,487.613581
20,1,train,92,466,462.596613
20,1,train,93,471,483.928744
20,1,train,94,624,622.365277
20,1,train,95,591,592.503420
20,1,train,96,488,490.376039
20,1,train,97,606,605.332122
20,1,train,98,693,665.037362
20,1,train,99,475,478.666407
20,1,train,100,484,493.756593
20,1,train,101,580,551.985765
20,1,train,102,511,511.855620
20,1,train,103,562,548.428233
20,1,train,104,630,597.500150
20,1,train,105,583,582.143105
20,1,train,106,465,485.179931
20,1,train,107,524,516.414905
20,1,train,108,472,483.819596
20,1,train,109,456,465.439417
20,1,train,110,456,488.143346
20,1,train,111,475,483.029494
20,1,train,112,465,488.517837
20,1,train,113,561,541.401647
20,1,train,114,464,469.404037
20,1,train,115,490,502.879097
20,1,train,116,450,468.521340
20,1,train,117,601,614.916255
20,1,train,118,463,471.047501
20,1,train,119,670,662.497070
20,1,train,120,597,596.241983
20,1,train,121,592,592.320433
20,1,train,122,597,594.702283
20,1,train,123,371,426.884712
20,1,train,124,500,499.327628
20,1,train,125,476,483.819596
20,1,train,126,464,478.120735
20,1,train,127,494,497.636888
20,1,train,128,585,589.716546
20,1,train,129,507,513.799479
20,1,train,130,568,573.008422
20,1,train,131,500,501.936059
20,1,train,132,605,612.895365
20,1,train,133,519,514.345219
20,1,train,134,504,499.887984
20,1,train,135,487,486.272115
20,1,train,136,517,512.917951
20,1,train,137,532,520.770142
20,1,train,138,493,491.401139
20,1,train,139,477,480.263899
20,1,train,140,648,647.246383
20,2,test,0,495,537.841649
20,2,test,1,473,518.956269
20,2,test,2,618,608.197465
20,2,test,3,568,587.575111
20,2,test,4,584,603.142614
20,2,test,5,507,561.499174
20,2,test,6,455,493.914134
20,2,test,7,543,509.561499
20,2,test,8,597,582.744692
20,2,test,9,600,593.482687
20,2,test,10,524,527.973759
20,2,test,11,475,475.230409
20,2,test,12,459,494.508059
20,2,test,13,500,495.357517
20,2,test,14,689,633.624239
20,2,test,15,606,569.959567
20,2,test,16,580,599.606581
20,2,test,17,541,581.415696
20,2,test,18,580,583.357414
20,2,test,19,476,485.995302
20,2,test,20,617,568.915778
20,2,test,21,628,599.750039
20,2,test,22,509,534.684979
20,2,test,23,509,534.684979
20,2,test,24,463,479.552496
20,2,test,25,596,623.317985
20,2,test,26,522,536.539138
20,2,test,27,608,574.962522
20,2,test,28,560,518.938542
20,2,test,29,693,624.971510
20,2,test,30,517,513.882574
20,2,test,31,455,506.307141
20,2,test,32,446,493.020744
20,2,test,33,534,499.059665
20,2,test,34,577,575.857351
20,2,test,35,575,582.744692
20,2,train,0,528,519.399546
20,2,train,1,645,623.814888
20,2,train,2,585,589.172889
20,2,train,3,516,521.574885
20,2,train,4,479,487.451457
20,2,train,5,473,478.606656
20,2,train,6,487,484.770763
20,2,train,7,460,501.465506
20,2,train,8,500,495.107024
20,2,train,9,596,598.541197
20,2,train,10,519,514.273585
20,2,train,11,608,603.465406
20,2,train,12,492,491.279932
20,2,train,13,509,501.468620
20,2,train,14,479,495.727442
20,2,train,15,505,505.053850
20,2,train,16,466,461.621340
20,2,train,17,613,608.293227
20,2,train,18,630,629.501577
20,2,train,19,511,511.235710
20,2,train,20,478,484.075265
20,2,train,21,465,485.761237
20,2,train,22,605,599.750039
20,2,train,23,524,518.435051
20,2,train,24,515,512.345611
20,2,train,25,477,476.990076
20,2,train,26,494,499.468375
20,2,train,27,577,575.857351
20,2,train,28,488,491.307736
20,2,train,29,578,572.411781
20,2,train,30,484,486.638609
20,2,train,31,465,477.604872
20,2,train,32,480,473.565440
20,2,train,33,538,544.983939
20,2,train,34,586,581.415696
20,2,train,35,532,521.882894
20,2,train,36,598,583.806003
20,2,train,37,670,663.300625
20,2,train,38,507,515.341567
20,2,train,39,505,513.211221
20,2,train,40,500,504.378190
20,2,train,41,519,513.348362
20,2,train,42,525,523.017204
20,2,train,43,630,593.963564
20,2,train,44,508,502.354545
20,2,train,45,605,595.597687
20,2,train,46,442,451.977769
20,2,train,47,482,486.160817
20,2,train,48,484,492.484660
20,2,train,49,464,477.992873
20,2,train,50,451,455.657909
20,2,train,51,371,418.123257
20,2,train,52,524,515.490060
20,2,train,53,535,530.095167
20,2,train,54,472,493.754943
20,2,train,55,545,546.862376
20,2,train,56,572,574.141565
20,2,train,57,617,615.399639
20,2,train,58,649,635.464905
20,2,train,59,504,496.195915
20,2,train,60,463,467.133321
20,2,train,61,456,486.948186
20,2,train,62,601,611.300927
20,2,train,63,630,629.501577
20,2,train,64,572,562.593141
20,2,train,65,597,594.939978
20,2,train,66,648,623.136335
20,2,train,67,613,608.293227
20,2,train,68,500,500.837911
20,2,train,69,502,505.003666
20,2,train,70,464,465.145681
20,2,train,71,489,486.999342
20,2,train,72,504,500.085360
20,2,train,73,592,593.482687
20,2,train,74,475,480.633763
20,2,train,75,505,502.054635
20,2,train,76,534,519.664205
20,2,train,77,525,528.371985
20,2,train,78,481,492.367734
20,2,train,79,670,663.300625
20,2,train,80,612,603.465406
20,2,train,81,585,589.172889
20,2,train,82,528,536.250308
20,2,train,83,456,463.338216
20,2,train,84,574,562.171646
20,2,train,85,601,602.160276
20,2,train,86,577,569.093235
20,2,train,87,488,489.345317
20,2,train,88,472,485.995302
20,2,train,89,456,472.852504
20,2,train,90,591,591.367576
20,2,train,91,624,614.710545
20,2,train,92,431,452.181569
20,2,train,93,597,594.939978
20,2,train,94,584,586.766156
20,2,train,95,469,467.879192
20,2,train,96,522,536.539138
20,2,train,97,495,492.133061
20,2,train,98,526,518.741966
20,2,train,99,640,636.623700
20,2,train,100,616,616.783486
20,2,train,101,580,555.867566
20,2,train,102,623,608.250498
20,2,train,103,507,525.836912
20,2,train,104,597,593.674198
20,2,train,105,624,617.540814
20,2,train,106,471,482.817076
20,2,train,107,506,523.821469
20,2,train,108,583,574.531839
20,2,train,109,504,497.935072
20,2,train,110,594,572.737136
20,2,train,111,617,615.399639
20,2,train,112,557,572.737136
20,2,train,113,595,600.563429
20,2,train,114,488,486.614801
20,2,train,115,523,510.509251
20,2,train,116,637,626.331645
20,2,train,117,644,601.922820
20,2,train,118,572,574.141565
20,2,train,119,644,623.041377
20,2,train,120,485,507.653641
20,2,train,121,555,568.473068
20,2,train,122,572,562.593141
20,2,train,123,648,639.588812
20,2,train,124,510,512.288210
20,2,train,125,522,518.046524
20,2,train,126,484,490.347840
20,2,train,127,612,598.838053
20,2,train,128,490,503.952622
20,2,train,129,610,600.563429
20,2,train,130,462,464.499770
20,2,train,131,584,586.766156
20,2,train,132,541,537.758447
20,2,train,133,450,466.161679
20,2,train,134,516,521.574885
20,2,train,135,501,494.633879
20,2,train,136,606,603.614175
20,2,train,137,561,542.798702
20,2,train,138,493,491.299095
20,2,train,139,550,555.860637
20,2,train,140,562,543.766731
20,3,test,0,601,598.567797
20,3,test,1,596,626.198234
20,3,test,2,574,545.450181
20,3,test,3,466,456.181956
20,3,test,4,482,488.663525
20,3,test,5,473,521.534786
20,3,test,6,594,555.913136
20,3,test,7,493,490.481941
20,3,test,8,524,526.106506
20,3,test,9,644,550.028047
20,3,test,10,455,486.179379
20,3,test,11,475,475.144362
20,3,test,12,505,501.970043
20,3,test,13,612,588.344103
20,3,test,14,644,577.139831
20,3,test,15,459,487.419624
20,3,test,16,597,593.697740
20,3,test,17,550,573.204308
20,3,test,18,524,510.059463
20,3,test,19,506,556.364985
20,3,test,20,523,486.659769
20,3,test,21,500,509.652696
20,3,test,22,568,591.198340
20,3,test,23,640,660.620056
20,3,test,24,605,614.192797
20,3,test,25,465,485.991748
20,3,test,26,610,593.379767
20,3,test,27,608,573.883475
20,3,test,28,585,593.799788
20,3,test,29,584,587.284428
20,3,test,30,597,569.548286
20,3,test,31,555,567.237429
20,3,test,32,507,554.663065
20,3,test,33,670,655.400424
20,3,test,34,598,569.880207
20,3,test,35,617,549.394421
20,3,train,0,580,588.033898
20,3,train,1,595,593.379767
20,3,train,2,612,592.979742
20,3,train,3,463,466.527292
20,3,train,4,463,468.760590
20,3,train,5,541,555.925578
20,3,train,6,617,614.345339
20,3,train,7,572,563.801460
20,3,train,8,525,523.967005
20,3,train,9,495,511.553778
20,3,train,10,460,492.609758
20,3,train,11,693,668.932203
20,3,train,12,484,482.906412
20,3,train,13,495,493.742156
20,3,train,14,472,478.265976
20,3,train,15,623,618.542196
20,3,train,16,586,565.656568
20,3,train,17,488,487.334066
20,3,train,18,519,515.617432
20,3,train,19,585,593.799788
20,3,train,20,670,655.400424
20,3,train,21,630,630.512712
20,3,train,22,465,485.419391
20,3,train,23,618,616.495586
20,3,train,24,606,601.296131
20,3,train,25,572,573.159393
20,3,train,26,561,543.484463
20,3,train,27,605,596.047669
20,3,train,28,504,500.509941
20,3,train,29,473,474.854451
20,3,train,30,528,519.746822
20,3,train,31,490,499.955815
20,3,train,32,500,502.932726
20,3,train,33,649,640.180085
20,3,train,34,522,522.009579
20,3,train,35,628,614.192797
20,3,train,36,584,591.151483
20,3,train,37,455,469.185728
20,3,train,38,597,594.573799
20,3,train,39,516,518.761939
20,3,train,40,515,513.618541
20,3,train,41,525,527.536188
20,3,train,42,484,488.994994
20,3,train,43,502,504.804215
20,3,train,44,592,596.366475
20,3,train,45,488,486.853209
20,3,train,46,645,629.505014
20,3,train,47,577,564.266546
20,3,train,48,577,574.756356
20,3,train,49,476,478.265976
20,3,train,50,500,499.457766
20,3,train,51,481,490.115214
20,3,train,52,528,524.003460
20,3,train,53,494,496.544435
20,3,train,54,456,484.686690
20,3,train,55,580,581.486229
20,3,train,56,616,618.166314
20,3,train,57,534,524.058509
20,3,train,58,431,445.311636
20,3,train,59,606,594.075272
20,3,train,60,532,524.335515
20,3,train,61,477,474.742185
20,3,train,62,442,448.863053
20,3,train,63,451,455.401306
20,3,train,64,608,588.344103
20,3,train,65,479,482.941541
20,3,train,66,578,575.212571
20,3,train,67,464,470.322196
20,3,train,68,478,483.872664
20,3,train,69,624,616.743644
20,3,train,70,517,514.896948
20,3,train,71,464,465.593044
20,3,train,72,600,596.366475
20,3,train,73,630,597.913665
20,3,train,74,504,494.515789
20,3,train,75,507,525.129328
20,3,train,76,584,587.284428
20,3,train,77,597,593.697740
20,3,train,78,472,496.527030
20,3,train,79,501,495.470094
20,3,train,80,508,504.926567
20,3,train,81,456,473.962372
20,3,train,82,583,583.400272
20,3,train,83,624,614.326801
20,3,train,84,471,479.557752
20,3,train,85,545,548.027542
20,3,train,86,572,573.159393
20,3,train,87,630,630.512712
20,3,train,88,617,614.345339
20,3,train,89,522,517.781777
20,3,train,90,543,531.561955
20,3,train,91,504,498.610976
20,3,train,92,562,543.438670
20,3,train,93,526,519.534597
20,3,train,94,613,609.125000
20,3,train,95,475,479.381816
20,3,train,96,575,572.589635
20,3,train,97,462,461.916488
20,3,train,98,510,513.199316
20,3,train,99,648,629.615290
20,3,train,100,601,612.885291
20,3,train,101,560,543.657494
20,3,train,102,488,492.805250
20,3,train,103,577,574.756356
20,3,train,104,505,506.383356
20,3,train,105,580,553.010227
20,3,train,106,509,511.162757
20,3,train,107,507,515.231622
20,3,train,108,648,650.069209
20,3,train,109,487,484.802275
20,3,train,110,479,492.897147
20,3,train,111,637,625.869174
20,3,train,112,450,459.595295
20,3,train,113,480,475.783560
20,3,train,114,689,666.469633
20,3,train,115,613,609.125000
20,3,train,116,469,467.382945
20,3,train,117,516,518.761939
20,3,train,118,557,555.913136
20,3,train,119,572,563.801460
20,3,train,120,519,516.603214
20,3,train,121,456,461.683883
20,3,train,122,541,565.656568
20,3,train,123,509,501.808389
20,3,train,124,446,464.918818
20,3,train,125,489,487.310813
20,3,train,126,591,591.880297
20,3,train,127,371,418.769068
20,3,train,128,522,522.009579
20,3,train,129,484,487.856781
20,3,train,130,596,600.444209
20,3,train,131,492,490.601374
20,3,train,132,505,516.230614
20,3,train,133,524,525.184609
20,3,train,134,485,500.021983
20,3,train,135,500,495.968066
20,3,train,136,535,531.217776
20,3,train,137,538,545.064195
20,3,train,138,511,512.037024
20,3,train,139,534,517.528955
20,3,train,140,509,511.162757
20,4,test,0,541,531.911246
20,4,test,1,463,529.148916
20,4,test,2,460,557.847944
20,4,test,3,628,599.340812
20,4,test,4,489,485.414297
20,4,test,5,476,482.029156
20,4,test,6,591,593.895269
20,4,test,7,504,490.924839
20,4,test,8,475,489.233446
20,4,test,9,488,489.962081
20,4,test,10,572,514.975656
20,4,test,11,648,569.864357
20,4,test,12,524,526.281304
20,4,test,13,618,585.711666
20,4,test,14,637,594.442668
20,4,test,15,522,515.935958
20,4,test,16,600,590.385775
20,4,test,17,572,514.975656
20,4,test,18,522,515.935958
20,4,test,19,484,499.895849
20,4,test,20,572,571.386806
20,4,test,21,623,584.963044
20,4,test,22,479,514.718885
20,4,test,23,504,496.832986
20,4,test,24,459,506.872158
20,4,test,25,517,513.041497
20,4,test,26,557,584.378847
20,4,test,27,516,525.446245
20,4,test,28,371,540.684859
20,4,test,29,473,520.189640
20,4,test,30,610,590.682745
20,4,test,31,525,516.606261
20,4,test,32,495,539.704788
20,4,test,33,575,593.226565
20,4,test,34,488,488.646781
20,4,test,35,464,482.157054
20,4,train,0,545,551.279503
20,4,train,1,525,525.729426
20,4,train,2,541,564.423619
20,4,train,3,617,598.530574
20,4,train,4,500,501.308913
20,4,train,5,580,581.409337
20,4,train,6,693,665.949283
20,4,train,7,464,468.510441
20,4,train,8,451,456.059777
20,4,train,9,463,470.234146
20,4,train,10,585,588.244135
20,4,train,11,477,478.346716
20,4,train,12,568,569.602444
20,4,train,13,500,501.602795
20,4,train,14,522,516.695336
20,4,train,15,585,588.244135
20,4,train,16,613,606.767365
20,4,train,17,577,575.141012
20,4,train,18,577,575.141012
20,4,train,19,505,503.816836
20,4,train,20,584,585.008613
20,4,train,21,509,514.017861
20,4,train,22,488,487.260469
20,4,train,23,508,505.168093
20,4,train,24,574,561.232476
20,4,train,25,479,485.022412
20,4,train,26,630,630.839581
20,4,train,27,605,599.340812
20,4,train,28,617,615.548855
20,4,train,29,608,594.402236
20,4,train,30,507,515.108380
20,4,train,31,505,505.140881
20,4,train,32,597,595.700653
20,4,train,33,507,515.162300
20,4,train,34,645,619.141308
20,4,train,35,455,460.696420
20,4,train,36,515,515.913000
20,4,train,37,584,589.067927
20,4,train,38,597,593.226565
20,4,train,39,446,468.593071
20,4,train,40,580,586.413705
20,4,train,41,594,584.378847
20,4,train,42,455,461.151617
20,4,train,43,471,479.206772
20,4,train,44,482,485.827340
20,4,train,45,506,531.518643
20,4,train,46,478,485.671062
20,4,train,47,490,500.608226
20,4,train,48,450,461.706791
20,4,train,49,577,566.575104
20,4,train,50,500,497.856888
20,4,train,51,507,531.864082
20,4,train,52,550,553.177269
20,4,train,53,670,664.291069
20,4,train,54,606,604.031431
20,4,train,55,456,465.194065
20,4,train,56,586,564.423619
20,4,train,57,469,472.304009
20,4,train,58,543,528.676545
20,4,train,59,456,481.972810
20,4,train,60,595,590.682745
20,4,train,61,596,591.013690
20,4,train,62,598,591.209944
20,4,train,63,612,605.215888
20,4,train,64,510,514.698591
20,4,train,65,616,618.213763
20,4,train,66,528,526.192898
20,4,train,67,484,494.080724
20,4,train,68,689,668.686145
20,4,train,69,480,479.538132
20,4,train,70,592,590.385775
20,4,train,71,596,606.005935
20,4,train,72,528,537.933013
20,4,train,73,524,522.635005
20,4,train,74,605,592.932745
20,4,train,75,601,598.409096
20,4,train,76,612,600.064735
20,4,train,77,617,615.548855
20,4,train,78,494,500.119545
20,4,train,79,484,486.396084
20,4,train,80,502,504.579653
20,4,train,81,555,559.420259
20,4,train,82,534,523.717062
20,4,train,83,597,595.700653
20,4,train,84,562,548.182010
20,4,train,85,560,546.275880
20,4,train,86,640,645.213341
20,4,train,87,493,491.859198
20,4,train,88,648,644.780044
20,4,train,89,583,581.323002
20,4,train,90,472,482.029156
20,4,train,91,644,620.309120
20,4,train,92,485,507.711485
20,4,train,93,442,452.279714
20,4,train,94,578,579.353210
20,4,train,95,487,485.272189
20,4,train,96,613,606.767365
20,4,train,97,505,518.664244
20,4,train,98,524,523.067732
20,4,train,99,473,490.564794
20,4,train,100,501,493.377558
20,4,train,101,561,543.790518
20,4,train,102,504,504.043799
20,4,train,103,495,493.826434
20,4,train,104,462,464.024894
20,4,train,105,584,585.008613
20,4,train,106,670,664.291069
20,4,train,107,465,475.887518
20,4,train,108,456,468.296075
20,4,train,109,475,477.512089
20,4,train,110,481,490.045860
20,4,train,111,624,607.241718
20,4,train,112,431,447.825340
20,4,train,113,509,504.762897
20,4,train,114,580,555.102739
20,4,train,115,500,503.474752
20,4,train,116,630,604.272626
20,4,train,117,526,522.331998
20,4,train,118,534,524.816316
20,4,train,119,492,498.163811
20,4,train,120,535,531.058425
20,4,train,121,538,542.115491
20,4,train,122,511,511.619543
20,4,train,123,624,615.611999
20,4,train,124,519,514.316474
20,4,train,125,644,607.172783
20,4,train,126,608,605.215888
20,4,train,127,601,613.411810
20,4,train,128,465,493.851378
20,4,train,129,472,490.723624
20,4,train,130,509,514.017861
20,4,train,131,466,463.502472
20,4,train,132,572,571.386806
20,4,train,133,523,516.540187
20,4,train,134,532,523.661134
20,4,train,135,597,594.117430
20,4,train,136,630,630.839581
20,4,train,137,516,525.446245
20,4,train,138,519,515.612371
20,4,train,139,649,639.442393
20,4,train,140,606,590.078653
20,5,test,0,482,486.956990
20,5,test,1,601,592.410994
20,5,test,2,475,479.347555
20,5,test,3,605,575.633056
20,5,test,4,617,573.566546
20,5,test,5,465,551.529187
20,5,test,6,689,639.762479
20,5,test,7,616,621.185338
20,5,test,8,522,521.076096
20,5,test,9,500,492.167946
20,5,test,10,598,592.823266
20,5,test,11,560,559.986155
20,5,test,12,500,495.101606
20,5,test,13,594,558.712104
20,5,test,14,509,496.716411
20,5,test,15,568,582.819842
20,5,test,16,600,594.316278
20,5,test,17,580,591.231816
20,5,test,18,577,560.182548
20,5,test,19,535,528.081042
20,5,test,20,618,617.171400
20,5,test,21,534,527.677561
20,5,test,22,489,488.424367
20,5,test,23,617,616.306981
20,5,test,24,591,595.347321
20,5,test,25,456,556.019378
20,5,test,26,606,595.437063
20,5,test,27,605,615.952619
20,5,test,28,472,537.381213
20,5,test,29,516,532.742225
20,5,test,30,473,535.600884
20,5,test,31,504,491.203719
20,5,test,32,475,479.329693
20,5,test,33,505,505.521877
20,5,test,34,465,521.734160
20,5,test,35,596,624.024234
20,5,train,0,644,615.213126
20,5,train,1,541,537.184028
20,5,train,2,525,518.834773
20,5,train,3,670,664.917804
20,5,train,4,517,514.289404
20,5,train,5,480,473.795364
20,5,train,6,524,525.493501
20,5,train,7,463,461.759261
20,5,train,8,464,465.634746
20,5,train,9,511,510.522372
20,5,train,10,490,504.439334
20,5,train,11,495,512.808221
20,5,train,12,584,586.130094
20,5,train,13,597,594.964633
20,5,train,14,528,523.792338
20,5,train,15,597,595.486839
20,5,train,16,525,532.133936
20,5,train,17,371,417.231362
20,5,train,18,500,504.821893
20,5,train,19,488,486.802529
20,5,train,20,510,515.469007
20,5,train,21,459,467.132797
20,5,train,22,584,586.130094
20,5,train,23,550,555.171389
20,5,train,24,464,466.756920
20,5,train,25,577,562.748408
20,5,train,26,601,612.081894
20,5,train,27,534,521.749611
20,5,train,28,524,521.581412
20,5,train,29,578,585.376562
20,5,train,30,555,560.042700
20,5,train,31,630,629.027852
20,5,train,32,492,493.103718
20,5,train,33,479,490.799853
20,5,train,34,597,595.486839
20,5,train,35,505,510.202800
20,5,train,36,485,504.093996
20,5,train,37,462,462.616359
20,5,train,38,493,490.487773
20,5,train,39,580,545.576061
20,5,train,40,507,516.834916
20,5,train,41,584,587.962450
20,5,train,42,612,603.441381
20,5,train,43,487,483.299166
20,5,train,44,519,514.322109
20,5,train,45,456,460.677549
20,5,train,46,613,606.427038
20,5,train,47,557,558.712104
20,5,train,48,624,614.527551
20,5,train,49,561,542.973124
20,5,train,50,585,589.206165
20,5,train,51,501,491.577846
20,5,train,52,648,655.103577
20,5,train,53,572,563.154348
20,5,train,54,640,639.804077
20,5,train,55,431,447.097018
20,5,train,56,455,471.480451
20,5,train,57,476,480.569711
20,5,train,58,481,486.207884
20,5,train,59,606,591.896068
20,5,train,60,484,491.848071
20,5,train,61,505,501.197987
20,5,train,62,645,627.435108
20,5,train,63,456,492.373408
20,5,train,64,596,596.660704
20,5,train,65,543,528.548747
20,5,train,66,506,522.658728
20,5,train,67,488,487.533792
20,5,train,68,624,617.260530
20,5,train,69,526,520.229061
20,5,train,70,516,532.742225
20,5,train,71,507,524.807512
20,5,train,72,693,672.791597
20,5,train,73,442,449.257593
20,5,train,74,628,615.952619
20,5,train,75,574,567.164790
20,5,train,76,446,465.440003
20,5,train,77,500,495.466110
20,5,train,78,610,598.989791
20,5,train,79,477,476.312143
20,5,train,80,528,523.686623
20,5,train,81,504,503.612984
20,5,train,82,572,563.154348
20,5,train,83,460,490.152393
20,5,train,84,509,512.833254
20,5,train,85,545,543.172984
20,5,train,86,562,538.962200
20,5,train,87,613,606.427038
20,5,train,88,585,589.206165
20,5,train,89,637,622.829689
20,5,train,90,580,586.097191
20,5,train,91,484,482.107885
20,5,train,92,524,523.860995
20,5,train,93,572,571.685732
20,5,train,94,522,516.711238
20,5,train,95,595,598.989791
20,5,train,96,577,560.182548
20,5,train,97,466,462.306716
20,5,train,98,451,456.213176
20,5,train,99,617,616.306981
20,5,train,100,508,501.315898
20,5,train,101,488,495.632974
20,5,train,102,648,616.691733
20,5,train,103,484,489.042611
20,5,train,104,644,607.359221
20,5,train,105,592,594.316278
20,5,train,106,541,564.424630
20,5,train,107,612,605.013269
20,5,train,108,623,617.410446
20,5,train,109,522,521.076096
20,5,train,110,469,465.792548
20,5,train,111,507,536.311214
20,5,train,112,538,535.480031
20,5,train,113,523,526.512640
20,5,train,114,463,465.133821
20,5,train,115,649,637.052157
20,5,train,116,572,571.685732
20,5,train,117,519,514.408309
20,5,train,118,608,602.731281
20,5,train,119,509,512.833254
20,5,train,120,532,516.795666
20,5,train,121,583,582.353334
20,5,train,122,494,497.453186
20,5,train,123,502,504.453462
20,5,train,124,670,664.917804
20,5,train,125,630,608.575566
20,5,train,126,455,456.809423
20,5,train,127,608,603.441381
20,5,train,128,586,564.424630
20,5,train,129,471,480.823516
20,5,train,130,575,583.003452
20,5,train,131,473,468.133927
20,5,train,132,450,461.813491
20,5,train,133,478,483.579931
20,5,train,134,597,590.620113
20,5,train,135,479,484.118169
20,5,train,136,472,480.569711
20,5,train,137,495,491.709708
20,5,train,138,504,496.674843
20,5,train,139,515,512.230702
20,5,train,140,630,629.027852
20,6,test,0,493,490.350441
20,6,test,1,596,619.616566
20,6,test,2,509,513.052213
20,6,test,3,585,594.310126
20,6,test,4,525,522.824887
20,6,test,5,577,575.358356
20,6,test,6,500,510.208594
20,6,test,7,516,543.078239
20,6,test,8,617,610.079839
20,6,test,9,459,482.712979
20,6,test,10,630,555.425134
20,6,test,11,451,466.301728
20,6,test,12,516,543.078239
20,6,test,13,555,589.406922
20,6,test,14,644,586.797384
20,6,test,15,580,506.483698
20,6,test,16,541,588.613762
20,6,test,17,597,592.750328
20,6,test,18,489,488.080810
20,6,test,19,522,519.050962
20,6,test,20,464,472.561498
20,6,test,21,463,471.600679
20,6,test,22,584,587.587306
20,6,test,23,538,555.087391
20,6,test,24,644,544.393062
20,6,test,25,455,490.155454
20,6,test,26,484,489.214013
20,6,test,27,484,499.720875
20,6,test,28,476,489.307907
20,6,test,29,624,601.641185
20,6,test,30,481,493.455882
20,6,test,31,528,515.487098
20,6,test,32,463,484.091290
20,6,test,33,670,655.579276
20,6,test,34,613,603.293060
20,6,test,35,446,491.678915
20,6,train,0,560,536.986493
20,6,train,1,689,670.301593
20,6,train,2,371,426.580528
20,6,train,3,601,615.438318
20,6,train,4,492,498.652064
20,6,train,5,482,487.926943
20,6,train,6,648,653.947140
20,6,train,7,586,588.613762
20,6,train,8,442,457.946218
20,6,train,9,630,629.763630
20,6,train,10,473,493.449111
20,6,train,11,572,572.498904
20,6,train,12,630,629.763630
20,6,train,13,605,612.666857
20,6,train,14,624,613.085678
20,6,train,15,648,618.807857
20,6,train,16,506,522.681963
20,6,train,17,572,560.735115
20,6,train,18,628,612.666857
20,6,train,19,495,511.970722
20,6,train,20,572,560.735115
20,6,train,21,545,545.584865
20,6,train,22,465,476.868638
20,6,train,23,616,613.308459
20,6,train,24,507,530.751772
20,6,train,25,617,610.079839
20,6,train,26,478,490.009367
20,6,train,27,584,587.587306
20,6,train,28,510,505.882802
20,6,train,29,515,508.911223
20,6,train,30,605,591.313994
20,6,train,31,504,493.097323
20,6,train,32,608,603.212778
20,6,train,33,597,592.750328
20,6,train,34,594,569.585470
20,6,train,35,472,494.780428
20,6,train,36,572,572.498904
20,6,train,37,574,566.402015
20,6,train,38,649,641.248576
20,6,train,39,464,481.462209
20,6,train,40,473,475.103898
20,6,train,41,431,456.089826
20,6,train,42,507,511.797051
20,6,train,43,523,511.361966
20,6,train,44,504,494.459703
20,6,train,45,532,521.322714
20,6,train,46,456,465.373921
20,6,train,47,606,588.359376
20,6,train,48,526,508.700607
20,6,train,49,598,592.477573
20,6,train,50,475,479.970128
20,6,train,51,519,513.099039
20,6,train,52,460,494.598795
20,6,train,53,580,568.422353
20,6,train,54,597,590.381327
20,6,train,55,575,582.642421
20,6,train,56,485,505.544032
20,6,train,57,524,521.878715
20,6,train,58,500,497.702562
20,6,train,59,456,492.692227
20,6,train,60,477,482.253726
20,6,train,61,455,464.805919
20,6,train,62,495,491.199149
20,6,train,63,488,495.602884
20,6,train,64,508,498.769099
20,6,train,65,645,629.756976
20,6,train,66,585,594.310126
20,6,train,67,583,579.891448
20,6,train,68,528,520.936379
20,6,train,69,562,541.135316
20,6,train,70,500,497.244576
20,6,train,71,535,528.693444
20,6,train,72,610,601.273001
20,6,train,73,557,569.585470
20,6,train,74,479,489.871083
20,6,train,75,534,514.974286
20,6,train,76,541,531.913869
20,6,train,77,488,489.939102
20,6,train,78,637,625.746112
20,6,train,79,534,520.380329
20,6,train,80,504,497.466151
20,6,train,81,578,577.952826
20,6,train,82,450,472.466652
20,6,train,83,511,511.296425
20,6,train,84,580,588.298597
20,6,train,85,600,597.077337
20,6,train,86,693,672.914064
20,6,train,87,522,519.050962
20,6,train,88,479,493.639623
20,6,train,89,608,594.946232
20,6,train,90,561,541.616743
20,6,train,91,584,592.100016
20,6,train,92,505,499.633164
20,6,train,93,519,514.562531
20,6,train,94,484,493.213878
20,6,train,95,595,601.273001
20,6,train,96,577,566.188034
20,6,train,97,494,506.457099
20,6,train,98,612,603.212778
20,6,train,99,601,599.266582
20,6,train,100,596,602.660042
20,6,train,101,524,526.163552
20,6,train,102,618,616.848024
20,6,train,103,597,594.877736
20,6,train,104,500,495.350325
20,6,train,105,465,487.815056
20,6,train,106,606,605.672234
20,6,train,107,577,575.358356
20,6,train,108,522,512.279295
20,6,train,109,613,603.293060
20,6,train,110,490,497.694236
20,6,train,111,509,501.937555
20,6,train,112,505,508.553769
20,6,train,113,462,466.331990
20,6,train,114,543,523.156200
20,6,train,115,507,523.625293
20,6,train,116,456,474.251042
20,6,train,117,670,655.579276
20,6,train,118,550,552.400065
20,6,train,119,524,516.057131
20,6,train,120,502,508.036484
20,6,train,121,517,512.717276
20,6,train,122,612,602.229221
20,6,train,123,617,582.453559
20,6,train,124,472,489.307907
20,6,train,125,623,618.134993
20,6,train,126,592,597.077337
20,6,train,127,469,471.505093
20,6,train,128,488,487.670692
20,6,train,129,591,593.150247
20,6,train,130,525,522.741674
20,6,train,131,501,493.381936
20,6,train,132,475,482.895340
20,6,train,133,568,576.445776
20,6,train,134,480,476.528668
20,6,train,135,471,485.474183
20,6,train,136,640,646.780052
20,6,train,137,487,486.073868
20,6,train,138,466,467.572467
20,6,train,139,509,513.052213
20,6,train,140,505,512.480046
20,7,test,0,623,603.398410
20,7,test,1,456,497.158912
20,7,test,2,606,534.908129
20,7,test,3,597,585.187160
20,7,test,4,624,598.469939
20,7,test,5,524,536.505528
20,7,test,6,543,507.685872
20,7,test,7,507,588.707159
20,7,test,8,502,507.703400
20,7,test,9,561,522.824943
20,7,test,10,597,585.187160
20,7,test,11,644,561.178629
20,7,test,12,481,491.115997
20,7,test,13,572,541.641781
20,7,test,14,526,510.855363
20,7,test,15,451,459.659035
20,7,test,16,463,466.505528
20,7,test,17,670,647.197032
20,7,test,18,578,586.957211
20,7,test,19,504,501.973065
20,7,test,20,517,508.905716
20,7,test,21,488,497.145271
20,7,test,22,507,581.989441
20,7,test,23,478,482.193330
20,7,test,24,617,609.911682
20,7,test,25,689,637.641952
20,7,test,26,613,603.231458
20,7,test,27,630,624.269920
20,7,test,28,541,515.069178
20,7,test,29,693,633.520054
20,7,test,30,628,600.178982
20,7,test,31,583,535.036668
20,7,test,32,522,499.544125
20,7,test,33,500,503.037777
20,7,test,34,466,460.167091
20,7,test,35,519,506.455031
20,7,train,0,490,495.121347
20,7,train,1,577,577.584605
20,7,train,2,584,584.939117
20,7,train,3,586,563.763218
20,7,train,4,509,511.548864
20,7,train,5,504,497.406458
20,7,train,6,494,506.279599
20,7,train,7,516,518.584353
20,7,train,8,648,639.985473
20,7,train,9,577,577.584605
20,7,train,10,455,456.637698
20,7,train,11,505,509.190729
20,7,train,12,509,499.220850
20,7,train,13,492,490.717721
20,7,train,14,670,647.197032
20,7,train,15,463,464.880126
20,7,train,16,605,593.296543
20,7,train,17,456,458.438796
20,7,train,18,596,598.851158
20,7,train,19,506,515.069178
20,7,train,20,580,540.140280
20,7,train,21,598,595.631295
20,7,train,22,594,567.637916
20,7,train,23,618,604.555944
20,7,train,24,613,603.231458
20,7,train,25,446,460.677117
20,7,train,26,601,598.373581
20,7,train,27,500,493.566023
20,7,train,28,505,503.177030
20,7,train,29,480,469.069243
20,7,train,30,455,474.024440
20,7,train,31,591,593.142134
20,7,train,32,471,480.581295
20,7,train,33,608,596.268904
20,7,train,34,624,611.918675
20,7,train,35,524,522.930830
20,7,train,36,450,459.827933
20,7,train,37,479,482.252980
20,7,train,38,575,584.371151
20,7,train,39,612,602.323475
20,7,train,40,484,487.968162
20,7,train,41,572,572.777267
20,7,train,42,472,476.350402
20,7,train,43,510,512.580069
20,7,train,44,487,483.444700
20,7,train,45,431,448.402191
20,7,train,46,485,512.602283
20,7,train,47,580,586.918249
20,7,train,48,475,475.916822
20,7,train,49,616,613.418852
20,7,train,50,465,488.781246
20,7,train,51,525,521.975253
20,7,train,52,484,490.802691
20,7,train,53,509,511.548864
20,7,train,54,560,546.961489
20,7,train,55,572,541.641781
20,7,train,56,504,492.331847
20,7,train,57,606,603.691205
20,7,train,58,456,493.900033
20,7,train,59,600,598.191670
20,7,train,60,488,487.490948
20,7,train,61,442,451.664375
20,7,train,62,550,542.408657
20,7,train,63,596,609.399527
20,7,train,64,507,511.523744
20,7,train,65,460,499.579126
20,7,train,66,601,617.097334
20,7,train,67,488,489.472794
20,7,train,68,528,523.376277
20,7,train,69,522,519.986111
20,7,train,70,645,626.122766
20,7,train,71,495,511.529996
20,7,train,72,545,543.606499
20,7,train,73,610,600.247680
20,7,train,74,523,519.000082
20,7,train,75,482,484.590116
20,7,train,76,511,511.329892
20,7,train,77,535,523.903710
20,7,train,78,648,621.841977
20,7,train,79,597,593.589052
20,7,train,80,473,468.012582
20,7,train,81,541,563.763218
20,7,train,82,612,602.244097
20,7,train,83,489,488.828439
20,7,train,84,477,474.788315
20,7,train,85,495,493.901704
20,7,train,86,585,591.419705
20,7,train,87,465,500.364408
20,7,train,88,630,608.897358
20,7,train,89,617,599.218923
20,7,train,90,637,622.485024
20,7,train,91,519,515.283823
20,7,train,92,500,497.643276
20,7,train,93,476,476.350402
20,7,train,94,479,486.101468
20,7,train,95,649,636.178775
20,7,train,96,617,609.911682
20,7,train,97,464,465.244396
20,7,train,98,464,464.980952
20,7,train,99,584,587.368357
20,7,train,100,577,565.187565
20,7,train,101,524,524.065862
20,7,train,102,605,600.178982
20,7,train,103,462,461.883067
20,7,train,104,522,519.986111
20,7,train,105,515,509.610426
20,7,train,106,475,473.594724
20,7,train,107,584,584.939117
20,7,train,108,562,533.877544
20,7,train,109,630,624.269920
20,7,train,110,532,516.882322
20,7,train,111,555,558.892922
20,7,train,112,644,617.909170
20,7,train,113,528,522.025848
20,7,train,114,574,574.507290
20,7,train,115,597,592.915183
20,7,train,116,534,517.223565
20,7,train,117,534,528.498899
20,7,train,118,557,567.637916
20,7,train,119,608,602.323475
20,7,train,120,525,521.746116
20,7,train,121,459,475.253441
20,7,train,122,472,499.026133
20,7,train,123,501,493.380822
20,7,train,124,538,546.848383
20,7,train,125,508,501.030912
20,7,train,126,505,507.098492
20,7,train,127,592,598.191670
20,7,train,128,500,506.415729
20,7,train,129,580,587.527340
20,7,train,130,469,466.522652
20,7,train,131,585,591.419705
20,7,train,132,493,492.656651
20,7,train,133,473,494.845776
20,7,train,134,371,432.458562
20,7,train,135,516,518.584353
20,7,train,136,572,572.777267
20,7,train,137,484,481.544640
20,7,train,138,595,600.247680
20,7,train,139,568,579.310551
20,7,train,140,640,636.310478
20,8,test,0,511,509.096819
20,8,test,1,601,630.704933
20,8,test,2,572,572.886215
20,8,test,3,475,487.219456
20,8,test,4,562,517.226256
20,8,test,5,617,611.988553
20,8,test,6,689,638.194329
20,8,test,7,591,592.257179
20,8,test,8,534,510.629737
20,8,test,9,624,602.388658
20,8,test,10,601,596.169281
20,8,test,11,568,587.205509
20,8,test,12,462,490.165791
20,8,test,13,473,527.545758
20,8,test,14,519,507.573997
20,8,test,15,595,600.232128
20,8,test,16,455,476.686768
20,8,test,17,555,562.193348
20,8,test,18,586,558.493717
20,8,test,19,525,516.705855
20,8,test,20,597,592.078756
20,8,test,21,617,611.988553
20,8,test,22,605,578.315174
20,8,test,23,528,517.218534
20,8,test,24,446,492.587367
20,8,test,25,476,480.562932
20,8,test,26,475,478.911480
20,8,test,27,612,592.962955
20,8,test,28,465,537.251775
20,8,test,29,583,547.738359
20,8,test,30,488,486.786999
20,8,test,31,431,485.320701
20,8,test,32,507,566.363762
20,8,test,33,606,545.777086
20,8,test,34,481,494.228907
20,8,test,35,526,509.950115
20,8,train,0,630,600.405763
20,8,train,1,510,511.311664
20,8,train,2,617,596.584404
20,8,train,3,577,565.840687
20,8,train,4,488,488.883817
20,8,train,5,506,520.177040
20,8,train,6,471,477.697095
20,8,train,7,505,510.534578
20,8,train,8,504,499.792531
20,8,train,9,484,483.734440
20,8,train,10,515,512.033656
20,8,train,11,557,571.878884
20,8,train,12,456,489.280314
20,8,train,13,487,484.121715
20,8,train,14,572,563.774550
20,8,train,15,630,630.902720
20,8,train,16,538,541.680060
20,8,train,17,608,592.962955
20,8,train,18,371,420.038451
20,8,train,19,580,582.885546
20,8,train,20,584,590.245274
20,8,train,21,580,552.809359
20,8,train,22,500,497.640387
20,8,train,23,623,616.855210
20,8,train,24,495,507.874136
20,8,train,25,561,546.710927
20,8,train,26,628,613.053351
20,8,train,27,492,491.185339
20,8,train,28,574,569.066390
20,8,train,29,472,480.562932
20,8,train,30,509,511.127248
20,8,train,31,480,472.767635
20,8,train,32,516,520.444675
20,8,train,33,637,624.849239
20,8,train,34,613,608.283310
20,8,train,35,608,598.843592
20,8,train,36,524,523.930152
20,8,train,37,519,515.240664
20,8,train,38,597,594.868603
20,8,train,39,606,596.793453
20,8,train,40,523,512.051176
20,8,train,41,488,495.313970
20,8,train,42,477,475.468880
20,8,train,43,456,469.039765
20,8,train,44,618,615.817865
20,8,train,45,509,511.127248
20,8,train,46,493,492.450899
20,8,train,47,575,582.147994
20,8,train,48,577,573.316206
20,8,train,49,501,496.842324
20,8,train,50,585,589.877248
20,8,train,51,596,596.880775
20,8,train,52,463,467.704011
20,8,train,53,649,639.177962
20,8,train,54,598,593.399723
20,8,train,55,693,668.340941
20,8,train,56,630,630.902720
20,8,train,57,508,503.384509
20,8,train,58,469,466.438451
20,8,train,59,472,495.260028
20,8,train,60,524,525.640848
20,8,train,61,545,545.565191
20,8,train,62,597,593.255878
20,8,train,63,543,528.764177
20,8,train,64,484,488.011065
20,8,train,65,525,533.029507
20,8,train,66,580,586.367589
20,8,train,67,522,518.904380
20,8,train,68,505,505.113416
20,8,train,69,504,497.694329
20,8,train,70,450,459.543568
20,8,train,71,478,486.496081
20,8,train,72,495,494.153527
20,8,train,73,624,615.086791
20,8,train,74,584,585.536653
20,8,train,75,459,468.424620
20,8,train,76,500,496.816044
20,8,train,77,594,571.878884
20,8,train,78,616,615.723490
20,8,train,79,541,534.681881
20,8,train,80,560,546.366528
20,8,train,81,644,609.805440
20,8,train,82,505,503.213001
20,8,train,83,494,499.414938
20,8,train,84,463,466.660212
20,8,train,85,648,650.229829
20,8,train,86,592,595.335704
20,8,train,87,464,472.067773
20,8,train,88,484,490.398340
20,8,train,89,504,502.655602
20,8,train,90,585,589.877248
20,8,train,91,645,627.595666
20,8,train,92,479,494.982019
20,8,train,93,578,579.727893
20,8,train,94,541,558.493717
20,8,train,95,455,477.332688
20,8,train,96,610,600.232128
20,8,train,97,577,573.316206
20,8,train,98,535,530.470263
20,8,train,99,507,515.329184
20,8,train,100,612,601.910788
20,8,train,101,670,664.598893
20,8,train,102,490,502.814003
20,8,train,103,572,572.886215
20,8,train,104,550,549.255187
20,8,train,105,485,508.494698
20,8,train,106,489,487.629322
20,8,train,107,502,504.185339
20,8,train,108,534,519.452282
20,8,train,109,524,515.690180
20,8,train,110,509,502.298755
20,8,train,111,640,639.145228
20,8,train,112,500,499.814661
20,8,train,113,605,613.053351
20,8,train,114,596,605.096358
20,8,train,115,644,617.948133
20,8,train,116,528,522.047026
20,8,train,117,482,486.659751
20,8,train,118,572,563.774550
20,8,train,119,460,484.037091
20,8,train,120,648,623.839557
20,8,train,121,442,448.612725
20,8,train,122,670,664.598893
20,8,train,123,522,521.265560
20,8,train,124,473,474.956662
20,8,train,125,464,463.493776
20,8,train,126,532,518.336100
20,8,train,127,507,527.634209
20,8,train,128,451,453.775934
20,8,train,129,479,483.853389
20,8,train,130,465,474.671508
20,8,train,131,456,462.286307
20,8,train,132,613,608.283310
20,8,train,133,466,461.200553
20,8,train,134,600,595.335704
20,8,train,135,516,520.444675
20,8,train,136,584,585.536653
20,8,train,137,500,503.742739
20,8,train,138,517,515.114799
20,8,train,139,522,521.265560
20,8,train,140,597,594.868603
20,9,test,0,507,559.943152
20,9,test,1,510,521.159881
20,9,test,2,648,642.985955
20,9,test,3,500,497.481522
20,9,test,4,606,566.555727
20,9,test,5,482,488.528599
20,9,test,6,605,572.138663
20,9,test,7,488,497.291873
20,9,test,8,585,608.699084
20,9,test,9,585,608.699084
20,9,test,10,640,653.288793
20,9,test,11,630,559.350956
20,9,test,12,586,553.078412
20,9,test,13,644,547.144325
20,9,test,14,505,534.788998
20,9,test,15,495,493.057999
20,9,test,16,560,528.856965
20,9,test,17,472,524.358393
20,9,test,18,543,513.068790
20,9,test,19,572,573.238649
20,9,test,20,577,573.552820
20,9,test,21,612,579.297055
20,9,test,22,550,554.994248
20,9,test,23,595,600.816569
20,9,test,24,459,499.759681
20,9,test,25,597,591.751473
20,9,test,26,509,513.941855
20,9,test,27,492,494.651215
20,9,test,28,616,618.762356
20,9,test,29,591,592.539332
20,9,test,30,477,479.044753
20,9,test,31,500,504.805067
20,9,test,32,608,598.168912
20,9,test,33,371,517.075848
20,9,test,34,644,585.612464
20,9,test,35,504,497.957020
20,9,train,0,475,478.769114
20,9,train,1,528,525.871300
20,9,train,2,592,595.701796
20,9,train,3,541,553.078412
20,9,train,4,568,573.562464
20,9,train,5,535,531.876854
20,9,train,6,617,588.592134
20,9,train,7,524,525.556406
20,9,train,8,485,506.577936
20,9,train,9,456,465.620353
20,9,train,10,613,607.431501
20,9,train,11,472,479.612600
20,9,train,12,596,605.808872
20,9,train,13,471,479.334034
20,9,train,14,507,515.059597
20,9,train,15,525,522.821482
20,9,train,16,484,484.929002
20,9,train,17,606,601.167457
20,9,train,18,557,572.352154
20,9,train,19,562,547.030140
20,9,train,20,473,481.462902
20,9,train,21,473,488.583585
20,9,train,22,572,564.341548
20,9,train,23,598,591.805101
20,9,train,24,522,522.397405
20,9,train,25,584,588.500934
20,9,train,26,484,494.532180
20,9,train,27,610,600.816569
20,9,train,28,509,513.941855
20,9,train,29,628,612.358349
20,9,train,30,538,545.268848
20,9,train,31,511,510.724683
20,9,train,32,450,461.108418
20,9,train,33,500,503.510307
20,9,train,34,528,523.199099
20,9,train,35,612,598.168912
20,9,train,36,597,591.551329
20,9,train,37,541,537.423002
20,9,train,38,431,446.952934
20,9,train,39,584,584.788344
20,9,train,40,577,565.944134
20,9,train,41,478,482.730909
20,9,train,42,617,616.725305
20,9,train,43,500,497.142983
20,9,train,44,522,522.397405
20,9,train,45,649,638.054239
20,9,train,46,524,520.268065
20,9,train,47,494,501.562070
20,9,train,48,577,573.552820
20,9,train,49,487,484.065074
20,9,train,50,488,488.502591
20,9,train,51,584,584.788344
20,9,train,52,479,489.530924
20,9,train,53,465,492.174030
20,9,train,54,583,571.774477
20,9,train,55,613,607.431501
20,9,train,56,466,463.104530
20,9,train,57,670,662.859914
20,9,train,58,637,621.598420
20,9,train,59,630,629.968391
20,9,train,60,517,514.037561
20,9,train,61,455,466.948643
20,9,train,62,505,505.217222
20,9,train,63,578,576.679643
20,9,train,64,505,506.252715
20,9,train,65,624,611.636315
20,9,train,66,618,613.949084
20,9,train,67,605,612.358349
20,9,train,68,462,462.470601
20,9,train,69,501,495.235119
20,9,train,70,460,501.529167
20,9,train,71,534,522.237346
20,9,train,72,515,513.387471
20,9,train,73,617,616.725305
20,9,train,74,545,548.676591
20,9,train,75,508,506.784909
20,9,train,76,597,591.751473
20,9,train,77,489,486.694405
20,9,train,78,600,595.701796
20,9,train,79,481,491.723225
20,9,train,80,575,580.976958
20,9,train,81,623,616.041218
20,9,train,82,580,587.139736
20,9,train,83,608,596.387033
20,9,train,84,479,485.075259
20,9,train,85,469,471.233169
20,9,train,86,464,466.803825
20,9,train,87,670,662.859914
20,9,train,88,597,592.857220
20,9,train,89,580,571.779616
20,9,train,90,509,504.030952
20,9,train,91,572,564.341548
20,9,train,92,594,572.352154
20,9,train,93,456,469.031666
20,9,train,94,465,476.400531
20,9,train,95,451,455.266431
20,9,train,96,574,560.653287
20,9,train,97,475,479.137924
20,9,train,98,493,491.632726
20,9,train,99,476,479.612600
20,9,train,100,484,496.120336
20,9,train,101,693,661.329382
20,9,train,102,463,468.940975
20,9,train,103,507,513.525299
20,9,train,104,504,497.969813
20,9,train,105,506,523.308329
20,9,train,106,624,614.891972
20,9,train,107,630,629.968391
20,9,train,108,555,558.419109
20,9,train,109,504,499.485338
20,9,train,110,524,520.912060
20,9,train,111,490,498.595214
20,9,train,112,523,515.105815
20,9,train,113,463,482.748864
20,9,train,114,516,518.352664
20,9,train,115,580,555.626519
20,9,train,116,601,614.361710
20,9,train,117,532,522.506225
20,9,train,118,596,593.140086
20,9,train,119,525,522.053559
20,9,train,120,464,471.553753
20,9,train,121,519,515.354914
20,9,train,122,648,619.862392
20,9,train,123,495,512.618239
20,9,train,124,645,620.178305
20,9,train,125,522,517.778922
20,9,train,126,480,478.134708
20,9,train,127,456,484.229517
20,9,train,128,488,488.335930
20,9,train,129,572,573.238649
20,9,train,130,526,523.195405
20,9,train,131,601,599.270061
20,9,train,132,442,450.993341
20,9,train,133,561,541.849452
20,9,train,134,455,464.121377
20,9,train,135,502,504.492150
20,9,train,136,446,465.108476
20,9,train,137,534,524.701438
20,9,train,138,689,663.647629
20,9,train,139,516,518.352664
20,9,train,140,519,514.091100
20,10,test,0,557,583.659737
20,10,test,1,572,570.852632
20,10,test,2,507,529.736842
20,10,test,3,510,514.449950
20,10,test,4,534,518.126316
20,10,test,5,613,602.085000
20,10,test,6,526,515.358070
20,10,test,7,616,620.992719
20,10,test,8,462,454.330827
20,10,test,9,577,542.875877
20,10,test,10,525,534.578947
20,10,test,11,509,495.705978
20,10,test,12,472,534.983459
20,10,test,13,464,477.045175
20,10,test,14,572,543.728421
20,10,test,15,442,470.975439
20,10,test,16,584,587.576228
20,10,test,17,524,529.420000
20,10,test,18,469,476.942544
20,10,test,19,506,554.381053
20,10,test,20,475,487.452615
20,10,test,21,481,502.685360
20,10,test,22,610,587.163158
20,10,test,23,580,520.358096
20,10,test,24,595,587.163158
20,10,test,25,500,507.677193
20,10,test,26,592,592.465789
20,10,test,27,517,513.235965
20,10,test,28,456,485.963215
20,10,test,29,488,489.650818
20,10,test,30,543,504.462927
20,10,test,31,524,511.554678
20,10,test,32,612,593.062281
20,10,test,33,504,488.732288
20,10,test,34,522,506.039825
20,10,test,35,591,592.726197
20,10,train,0,584,587.576228
20,10,train,1,572,570.852632
20,10,train,2,693,664.824561
20,10,train,3,466,468.475439
20,10,train,4,583,578.873684
20,10,train,5,535,533.173684
20,10,train,6,640,646.442105
20,10,train,7,490,502.750000
20,10,train,8,523,510.375439
20,10,train,9,630,630.733333
20,10,train,10,504,495.225934
20,10,train,11,489,487.382199
20,10,train,12,630,630.733333
20,10,train,13,606,604.066667
20,10,train,14,446,462.761566
20,10,train,15,645,627.226316
20,10,train,16,505,519.907644
20,10,train,17,584,590.014662
20,10,train,18,601,611.407368
20,10,train,19,505,503.653478
20,10,train,20,541,564.121241
20,10,train,21,456,467.514464
20,10,train,22,528,523.903509
20,10,train,23,644,599.757895
20,10,train,24,624,616.798860
20,10,train,25,371,426.557895
20,10,train,26,689,668.821053
20,10,train,27,494,494.254575
20,10,train,28,484,487.940139
20,10,train,29,585,589.689561
20,10,train,30,471,480.359200
20,10,train,31,493,492.030643
20,10,train,32,484,489.130671
20,10,train,33,670,665.291228
20,10,train,34,608,591.507895
20,10,train,35,624,611.445088
20,10,train,36,522,520.891228
20,10,train,37,600,592.465789
20,10,train,38,568,573.442105
20,10,train,39,596,607.980877
20,10,train,40,572,543.728421
20,10,train,41,492,491.300665
20,10,train,42,644,624.809123
20,10,train,43,460,496.033772
20,10,train,44,541,553.991579
20,10,train,45,580,581.432368
20,10,train,46,475,479.808819
20,10,train,47,473,488.982869
20,10,train,48,511,512.334211
20,10,train,49,618,613.200000
20,10,train,50,648,645.650000
20,10,train,51,488,485.460797
20,10,train,52,623,613.978947
20,10,train,53,628,611.937669
20,10,train,54,598,590.692337
20,10,train,55,500,503.010010
20,10,train,56,580,584.604825
20,10,train,57,487,484.990429
20,10,train,58,473,476.699561
20,10,train,59,479,484.598547
20,10,train,60,596,593.778947
20,10,train,61,500,496.066329
20,10,train,62,495,508.611842
20,10,train,63,505,505.358772
20,10,train,64,561,545.805263
20,10,train,65,613,602.085000
20,10,train,66,459,476.290868
20,10,train,67,509,511.878180
20,10,train,68,597,593.283816
20,10,train,69,508,504.217992
20,10,train,70,507,520.165789
20,10,train,71,516,517.152982
20,10,train,72,574,562.172932
20,10,train,73,534,521.196491
20,10,train,74,451,461.643860
20,10,train,75,597,592.873565
20,10,train,76,562,541.154887
20,10,train,77,617,594.057895
20,10,train,78,519,516.112368
20,10,train,79,555,559.712030
20,10,train,80,463,468.099937
20,10,train,81,608,593.062281
20,10,train,82,456,488.892632
20,10,train,83,597,595.860934
20,10,train,84,597,595.860934
20,10,train,85,524,522.354386
20,10,train,86,577,575.210526
20,10,train,87,501,495.780309
20,10,train,88,450,458.222697
20,10,train,89,594,583.659737
20,10,train,90,605,593.184211
20,10,train,91,577,575.210526
20,10,train,92,478,485.495456
20,10,train,93,605,611.937669
20,10,train,94,515,510.197368
20,10,train,95,532,526.194386
20,10,train,96,649,638.907368
20,10,train,97,504,499.751641
20,10,train,98,509,511.878180
20,10,train,99,484,484.658211
20,10,train,100,522,520.891228
20,10,train,101,648,617.676316
20,10,train,102,586,564.121241
20,10,train,103,578,574.768421
20,10,train,104,465,484.934211
20,10,train,105,612,599.901974
20,10,train,106,455,463.259759
20,10,train,107,477,476.773136
20,10,train,108,585,589.689561
20,10,train,109,630,600.643421
20,10,train,110,670,665.291228
20,10,train,111,516,517.152982
20,10,train,112,463,472.764386
20,10,train,113,519,515.621930
20,10,train,114,507,525.893609
20,10,train,115,525,523.465614
20,10,train,116,482,486.901563
20,10,train,117,488,488.203124
20,10,train,118,637,622.158246
20,10,train,119,480,485.289531
20,10,train,120,606,592.136842
20,10,train,121,485,514.257018
20,10,train,122,617,616.727368
20,10,train,123,560,556.305263
20,10,train,124,464,467.359276
20,10,train,125,617,616.727368
20,10,train,126,545,548.565789
20,10,train,127,465,478.635251
20,10,train,128,601,596.470614
20,10,train,129,538,543.037030
20,10,train,130,495,495.522309
20,10,train,131,472,478.044131
20,10,train,132,431,448.507143
20,10,train,133,500,494.645697
20,10,train,134,476,478.044131
20,10,train,135,479,491.580383
20,10,train,136,575,581.196272
20,10,train,137,455,465.040461
20,10,train,138,550,554.452632
20,10,train,139,502,504.844737
20,10,train,140,528,522.043421
21,1,test,0,584,589.410596
21,1,test,1,510,519.810861
21,1,test,2,525,531.832671
21,1,test,3,557,586.560640
21,1,test,4,596,632.074393
21,1,test,5,528,515.969536
21,1,test,6,645,592.379719
21,1,test,7,460,551.495364
21,1,test,8,572,544.402561
21,1,test,9,509,515.069316
21,1,test,10,577,572.775055
21,1,test,11,555,571.159202
21,1,test,12,485,534.210155
21,1,test,13,580,605.036777
21,1,test,14,456,488.408389
21,1,test,15,597,579.483444
21,1,test,16,484,492.505793
21,1,test,17,584,606.202009
21,1,test,18,502,508.652119
21,1,test,19,612,578.429801
21,1,test,20,644,588.350546
21,1,test,21,501,485.782870
21,1,test,22,462,460.878146
21,1,test,23,495,492.340191
21,1,test,24,601,606.771788
21,1,test,25,613,581.073775
21,1,test,26,610,587.412772
21,1,test,27,580,587.983223
21,1,test,28,545,558.133333
21,1,test,29,469,466.011921
21,1,test,30,479,490.061711
21,1,test,31,478,496.336761
21,1,test,32,446,497.379470
21,1,test,33,463,476.686976
21,1,test,34,613,581.073775
21,1,test,35,572,570.836578
21,1,train,0,572,544.402561
21,1,train,1,524,524.570861
21,1,train,2,575,574.829139
21,1,train,3,600,593.957786
21,1,train,4,560,546.429139
21,1,train,5,442,450.128477
21,1,train,6,451,454.777483
21,1,train,7,616,620.091611
21,1,train,8,534,526.774834
21,1,train,9,608,604.278721
21,1,train,10,489,487.227663
21,1,train,11,637,623.911258
21,1,train,12,648,621.393068
21,1,train,13,523,516.645033
21,1,train,14,519,514.739956
21,1,train,15,524,526.747020
21,1,train,16,500,498.776380
21,1,train,17,495,510.610066
21,1,train,18,585,588.839073
21,1,train,19,509,515.069316
21,1,train,20,577,572.775055
21,1,train,21,479,492.902781
21,1,train,22,504,504.230022
21,1,train,23,509,502.747903
21,1,train,24,606,592.721854
21,1,train,25,605,588.578366
21,1,train,26,484,492.389215
21,1,train,27,488,487.308019
21,1,train,28,630,631.416556
21,1,train,29,507,531.737086
21,1,train,30,522,522.634437
21,1,train,31,628,612.945192
21,1,train,32,522,522.634437
21,1,train,33,578,578.612583
21,1,train,34,640,648.184768
21,1,train,35,618,614.837969
21,1,train,36,431,451.558940
21,1,train,37,649,640.357086
21,1,train,38,526,523.294415
21,1,train,39,535,531.543046
21,1,train,40,507,524.408720
21,1,train,41,541,567.081056
21,1,train,42,612,604.278721
21,1,train,43,617,599.354967
21,1,train,44,459,473.629581
21,1,train,45,597,595.803974
21,1,train,46,538,544.071523
21,1,train,47,508,506.103885
21,1,train,48,525,522.353642
21,1,train,49,455,460.598234
21,1,train,50,472,496.728477
21,1,train,51,596,592.088675
21,1,train,52,617,614.900883
21,1,train,53,623,616.555850
21,1,train,54,594,586.560640
21,1,train,55,480,475.078146
21,1,train,56,504,496.543311
21,1,train,57,516,520.087086
21,1,train,58,541,537.505519
21,1,train,59,505,506.466490
21,1,train,60,515,512.888742
21,1,train,61,522,515.006843
21,1,train,62,506,522.685651
21,1,train,63,577,568.318477
21,1,train,64,574,561.368874
21,1,train,65,624,615.670419
21,1,train,66,543,533.278146
21,1,train,67,644,608.135099
21,1,train,68,584,589.410596
21,1,train,69,500,504.479603
21,1,train,70,689,668.935762
21,1,train,71,586,567.081056
21,1,train,72,617,614.900883
21,1,train,73,473,492.890397
21,1,train,74,572,570.836578
21,1,train,75,595,587.412772
21,1,train,76,528,523.560265
21,1,train,77,492,492.232324
21,1,train,78,516,520.087086
21,1,train,79,473,476.292539
21,1,train,80,505,521.674503
21,1,train,81,534,519.094371
21,1,train,82,630,631.416556
21,1,train,83,670,665.488742
21,1,train,84,598,582.843709
21,1,train,85,488,495.143046
21,1,train,86,481,486.004560
21,1,train,87,455,463.602208
21,1,train,88,550,555.255982
21,1,train,89,505,501.727594
21,1,train,90,608,593.965077
21,1,train,91,482,484.753626
21,1,train,92,466,462.849007
21,1,train,93,471,478.049994
21,1,train,94,624,621.910817
21,1,train,95,591,592.825166
21,1,train,96,488,488.967653
21,1,train,97,606,602.483444
21,1,train,98,693,668.975188
21,1,train,99,475,476.490949
21,1,train,100,484,489.940161
21,1,train,101,580,554.971391
21,1,train,102,511,512.306843
21,1,train,103,562,546.459603
21,1,train,104,630,598.835762
21,1,train,105,583,582.652980
21,1,train,106,465,487.453027
21,1,train,107,524,515.806623
21,1,train,108,472,477.718827
21,1,train,109,456,463.619205
21,1,train,110,456,490.850331
21,1,train,111,475,479.858631
21,1,train,112,465,493.842494
21,1,train,113,561,543.875497
21,1,train,114,464,465.678146
21,1,train,115,490,503.237528
21,1,train,116,450,462.241060
21,1,train,117,601,613.913245
21,1,train,118,463,467.180486
21,1,train,119,670,665.488742
21,1,train,120,597,595.803974
21,1,train,121,592,593.957786
21,1,train,122,597,595.737748
21,1,train,123,371,423.567241
21,1,train,124,500,498.750765
21,1,train,125,476,477.718827
21,1,train,126,464,473.009272
21,1,train,127,494,498.098817
21,1,train,128,585,588.839073
21,1,train,129,507,513.108609
21,1,train,130,568,573.861479
21,1,train,131,500,502.751766
21,1,train,132,605,612.945192
21,1,train,133,519,515.934570
21,1,train,134,504,499.340397
21,1,train,135,487,484.606228
21,1,train,136,517,514.169536
21,1,train,137,532,522.246358
21,1,train,138,493,491.376659
21,1,train,139,477,477.431567
21,1,train,140,648,651.887682
21,2,test,0,495,533.331095
21,2,test,1,473,524.881038
21,2,test,2,618,613.658633
21,2,test,3,568,589.222902
21,2,test,4,584,608.239928
21,2,test,5,507,568.033453
21,2,test,6,455,480.760072
21,2,test,7,543,513.076259
21,2,test,8,597,586.020144
21,2,test,9,600,593.844604
21,2,test,10,524,536.675899
21,2,test,11,475,479.848595
21,2,test,12,459,480.189414
21,2,test,13,500,489.088969
21,2,test,14,689,636.354565
21,2,test,15,606,566.529916
21,2,test,16,580,602.445763
21,2,test,17,541,580.823461
21,2,test,18,580,580.141247
21,2,test,19,476,479.395923
21,2,test,20,617,567.194125
21,2,test,21,628,597.202278
21,2,test,22,509,533.997405
21,2,test,23,509,533.997405
21,2,test,24,463,478.165108
21,2,test,25,596,625.275679
21,2,test,26,522,536.369347
21,2,test,27,608,581.399580
21,2,test,28,560,518.663121
21,2,test,29,693,631.792566
21,2,test,30,517,515.647773
21,2,test,31,455,504.199400
21,2,test,32,446,483.501559
21,2,test,33,534,502.349649
21,2,test,34,577,577.282494
21,2,test,35,575,586.020144
21,2,train,0,528,521.639157
21,2,train,1,645,623.448321
21,2,train,2,585,590.919265
21,2,train,3,516,520.633453
21,2,train,4,479,483.720384
21,2,train,5,473,475.371189
21,2,train,6,487,483.735432
21,2,train,7,460,500.376259
21,2,train,8,500,497.782614
21,2,train,9,596,600.265468
21,2,train,10,519,514.658393
21,2,train,11,608,604.445564
21,2,train,12,492,491.841590
21,2,train,13,509,503.979496
21,2,train,14,479,492.263583
21,2,train,15,505,504.476156
21,2,train,16,466,460.924169
21,2,train,17,613,609.839089
21,2,train,18,630,630.217026
21,2,train,19,511,511.911648
21,2,train,20,478,481.101473
21,2,train,21,465,493.702038
21,2,train,22,605,597.202278
21,2,train,23,524,519.629496
21,2,train,24,515,517.380396
21,2,train,25,477,477.901953
21,2,train,26,494,495.376499
21,2,train,27,577,577.282494
21,2,train,28,488,489.736571
21,2,train,29,578,570.780995
21,2,train,30,484,482.551542
21,2,train,31,465,476.096985
21,2,train,32,480,472.008393
21,2,train,33,538,546.964988
21,2,train,34,586,580.823461
21,2,train,35,532,521.654077
21,2,train,36,598,586.840887
21,2,train,37,670,661.990408
21,2,train,38,507,516.493645
21,2,train,39,505,515.988703
21,2,train,40,500,503.670932
21,2,train,41,519,513.139697
21,2,train,42,525,524.842086
21,2,train,43,630,585.938010
21,2,train,44,508,502.224041
21,2,train,45,605,598.274460
21,2,train,46,442,448.968260
21,2,train,47,482,484.719527
21,2,train,48,484,490.556954
21,2,train,49,464,471.318345
21,2,train,50,451,453.407674
21,2,train,51,371,411.434053
21,2,train,52,524,519.774392
21,2,train,53,535,531.739192
21,2,train,54,472,489.997825
21,2,train,55,545,541.563172
21,2,train,56,572,573.472662
21,2,train,57,617,616.288609
21,2,train,58,649,635.204205
21,2,train,59,504,499.386571
21,2,train,60,463,465.943885
21,2,train,61,456,493.091487
21,2,train,62,601,612.463369
21,2,train,63,630,630.217026
21,2,train,64,572,566.652998
21,2,train,65,597,596.282854
21,2,train,66,648,619.182734
21,2,train,67,613,609.839089
21,2,train,68,500,502.125300
21,2,train,69,502,504.914697
21,2,train,70,464,463.513070
21,2,train,71,489,487.625180
21,2,train,72,504,496.626619
21,2,train,73,592,593.844604
21,2,train,74,475,478.126139
21,2,train,75,505,503.871463
21,2,train,76,534,519.026739
21,2,train,77,525,526.889311
21,2,train,78,481,488.642532
21,2,train,79,670,661.990408
21,2,train,80,612,604.445564
21,2,train,81,585,590.919265
21,2,train,82,528,533.331095
21,2,train,83,456,461.630815
21,2,train,84,574,562.605755
21,2,train,85,601,603.775140
21,2,train,86,577,568.436990
21,2,train,87,488,488.622431
21,2,train,88,472,479.395923
21,2,train,89,456,471.320264
21,2,train,90,591,593.864988
21,2,train,91,624,617.670264
21,2,train,92,431,451.146882
21,2,train,93,597,596.282854
21,2,train,94,584,585.486930
21,2,train,95,469,466.339363
21,2,train,96,522,536.369347
21,2,train,97,495,493.831518
21,2,train,98,526,520.411910
21,2,train,99,640,638.258582
21,2,train,100,616,617.489209
21,2,train,101,580,546.879376
21,2,train,102,623,614.274940
21,2,train,103,507,528.627980
21,2,train,104,597,596.220144
21,2,train,105,624,616.626459
21,2,train,106,471,479.566667
21,2,train,107,506,524.696377
21,2,train,108,583,568.091127
21,2,train,109,504,498.303649
21,2,train,110,594,571.148082
21,2,train,111,617,616.288609
21,2,train,112,557,571.148082
21,2,train,113,595,600.771617
21,2,train,114,488,488.092926
21,2,train,115,523,512.084652
21,2,train,116,637,624.688129
21,2,train,117,644,597.475608
21,2,train,118,572,573.472662
21,2,train,119,644,625.906235
21,2,train,120,485,512.659592
21,2,train,121,555,569.535332
21,2,train,122,572,566.652998
21,2,train,123,648,643.699460
21,2,train,124,510,514.503837
21,2,train,125,522,519.000120
21,2,train,126,484,489.805259
21,2,train,127,612,605.999221
21,2,train,128,490,505.869544
21,2,train,129,610,600.771617
21,2,train,130,462,461.206475
21,2,train,131,584,585.486930
21,2,train,132,541,534.519544
21,2,train,133,450,464.968739
21,2,train,134,516,520.633453
21,2,train,135,501,496.362402
21,2,train,136,606,606.820983
21,2,train,137,561,541.927098
21,2,train,138,493,492.506817
21,2,train,139,550,552.243945
21,2,train,140,562,537.947842
21,3,test,0,601,599.673469
21,3,test,1,596,628.153061
21,3,test,2,574,550.326531
21,3,test,3,466,457.244898
21,3,test,4,482,486.008503
21,3,test,5,473,521.387755
21,3,test,6,594,551.642857
21,3,test,7,493,493.087755
21,3,test,8,524,536.380952
21,3,test,9,644,553.602041
21,3,test,10,455,483.785714
21,3,test,11,475,472.505102
21,3,test,12,505,503.979592
21,3,test,13,612,586.102041
21,3,test,14,644,576.204082
21,3,test,15,459,481.020408
21,3,test,16,597,594.780612
21,3,test,17,550,574.418367
21,3,test,18,524,511.040816
21,3,test,19,506,556.346939
21,3,test,20,523,489.122449
21,3,test,21,500,509.336735
21,3,test,22,568,593.059524
21,3,test,23,640,666.326531
21,3,test,24,605,613.385204
21,3,test,25,465,478.000000
21,3,test,26,610,596.289966
21,3,test,27,608,571.928571
21,3,test,28,585,592.877551
21,3,test,29,584,589.586735
21,3,test,30,597,569.989796
21,3,test,31,555,567.546769
21,3,test,32,507,575.928571
21,3,test,33,670,658.979592
21,3,test,34,598,570.367347
21,3,test,35,617,552.142857
21,3,train,0,580,589.642857
21,3,train,1,595,596.289966
21,3,train,2,612,588.377551
21,3,train,3,463,469.285714
21,3,train,4,463,467.428571
21,3,train,5,541,557.061224
21,3,train,6,617,615.663265
21,3,train,7,572,564.091837
21,3,train,8,525,527.377551
21,3,train,9,495,513.224490
21,3,train,10,460,489.000000
21,3,train,11,693,669.908163
21,3,train,12,484,483.253401
21,3,train,13,495,494.577551
21,3,train,14,472,477.120408
21,3,train,15,623,618.000000
21,3,train,16,586,567.574830
21,3,train,17,488,486.238095
21,3,train,18,519,514.908163
21,3,train,19,585,592.877551
21,3,train,20,670,658.979592
21,3,train,21,630,630.836735
21,3,train,22,465,485.051020
21,3,train,23,618,615.908163
21,3,train,24,606,597.897959
21,3,train,25,572,572.734694
21,3,train,26,561,548.979592
21,3,train,27,605,603.591837
21,3,train,28,504,503.948980
21,3,train,29,473,472.438776
21,3,train,30,528,516.724490
21,3,train,31,490,500.704082
21,3,train,32,500,499.887755
21,3,train,33,649,640.724490
21,3,train,34,522,520.500000
21,3,train,35,628,613.385204
21,3,train,36,584,591.673469
21,3,train,37,455,458.642857
21,3,train,38,597,596.622449
21,3,train,39,516,518.602041
21,3,train,40,515,516.010204
21,3,train,41,525,524.989796
21,3,train,42,484,491.785714
21,3,train,43,502,506.010204
21,3,train,44,592,597.626725
21,3,train,45,488,488.108163
21,3,train,46,645,630.755102
21,3,train,47,577,562.989796
21,3,train,48,577,579.397959
21,3,train,49,476,477.120408
21,3,train,50,500,500.863265
21,3,train,51,481,484.644558
21,3,train,52,528,524.510204
21,3,train,53,494,505.724490
21,3,train,54,456,488.295918
21,3,train,55,580,581.214286
21,3,train,56,616,616.421769
21,3,train,57,534,522.387755
21,3,train,58,431,441.489796
21,3,train,59,606,592.928571
21,3,train,60,532,525.653061
21,3,train,61,477,473.510204
21,3,train,62,442,447.908163
21,3,train,63,451,456.591837
21,3,train,64,608,586.102041
21,3,train,65,479,483.058503
21,3,train,66,578,570.826531
21,3,train,67,464,470.428571
21,3,train,68,478,481.321429
21,3,train,69,624,614.574830
21,3,train,70,517,512.755102
21,3,train,71,464,465.173469
21,3,train,72,600,597.626725
21,3,train,73,630,600.214286
21,3,train,74,504,499.214286
21,3,train,75,507,527.744898
21,3,train,76,584,589.586735
21,3,train,77,597,594.780612
21,3,train,78,472,492.418367
21,3,train,79,501,495.540136
21,3,train,80,508,503.234694
21,3,train,81,456,472.795918
21,3,train,82,583,584.020408
21,3,train,83,624,617.895408
21,3,train,84,471,478.306122
21,3,train,85,545,544.091837
21,3,train,86,572,572.734694
21,3,train,87,630,630.836735
21,3,train,88,617,615.663265
21,3,train,89,522,519.678571
21,3,train,90,543,533.459184
21,3,train,91,504,500.544218
21,3,train,92,562,541.295918
21,3,train,93,526,518.163265
21,3,train,94,613,607.520408
21,3,train,95,475,478.821429
21,3,train,96,575,572.489796
21,3,train,97,462,461.979592
21,3,train,98,510,513.346939
21,3,train,99,648,626.520408
21,3,train,100,601,609.316327
21,3,train,101,560,543.724490
21,3,train,102,488,495.326531
21,3,train,103,577,579.397959
21,3,train,104,505,506.673469
21,3,train,105,580,554.508163
21,3,train,106,509,509.846939
21,3,train,107,507,514.428571
21,3,train,108,648,651.897959
21,3,train,109,487,483.877551
21,3,train,110,479,495.025510
21,3,train,111,637,630.265306
21,3,train,112,450,457.938776
21,3,train,113,480,474.112245
21,3,train,114,689,672.704082
21,3,train,115,613,607.520408
21,3,train,116,469,466.081633
21,3,train,117,516,518.602041
21,3,train,118,557,551.642857
21,3,train,119,572,564.091837
21,3,train,120,519,518.683673
21,3,train,121,456,456.653061
21,3,train,122,541,567.574830
21,3,train,123,509,503.377551
21,3,train,124,446,464.780612
21,3,train,125,489,489.069728
21,3,train,126,591,594.295918
21,3,train,127,371,398.387755
21,3,train,128,522,520.500000
21,3,train,129,484,488.641156
21,3,train,130,596,597.545578
21,3,train,131,492,492.112245
21,3,train,132,505,513.489796
21,3,train,133,524,525.969388
21,3,train,134,485,506.979592
21,3,train,135,500,494.357143
21,3,train,136,535,532.397959
21,3,train,137,538,542.540816
21,3,train,138,511,511.714286
21,3,train,139,534,515.928571
21,3,train,140,509,509.846939
21,4,test,0,541,533.440728
21,4,test,1,463,526.976917
21,4,test,2,460,560.017801
21,4,test,3,628,599.674296
21,4,test,4,489,484.257512
21,4,test,5,476,480.917899
21,4,test,6,591,593.488850
21,4,test,7,504,491.013978
21,4,test,8,475,487.651017
21,4,test,9,488,490.410356
21,4,test,10,572,515.916334
21,4,test,11,648,567.652602
21,4,test,12,524,524.434272
21,4,test,13,618,587.639085
21,4,test,14,637,594.892606
21,4,test,15,522,518.068075
21,4,test,16,600,589.561033
21,4,test,17,572,515.916334
21,4,test,18,522,518.068075
21,4,test,19,484,497.737821
21,4,test,20,572,570.489926
21,4,test,21,623,586.540493
21,4,test,22,479,514.656103
21,4,test,23,504,493.657277
21,4,test,24,459,506.072183
21,4,test,25,517,514.376761
21,4,test,26,557,585.052504
21,4,test,27,516,526.107199
21,4,test,28,371,537.699503
21,4,test,29,473,518.118153
21,4,test,30,610,587.305067
21,4,test,31,525,515.752012
21,4,test,32,495,538.102113
21,4,test,33,575,592.319249
21,4,test,34,488,486.980340
21,4,test,35,464,481.133654
21,4,train,0,545,551.899061
21,4,train,1,525,524.301643
21,4,train,2,541,564.916688
21,4,train,3,617,597.180751
21,4,train,4,500,503.256064
21,4,train,5,580,581.467136
21,4,train,6,693,665.805751
21,4,train,7,464,467.468897
21,4,train,8,451,456.250587
21,4,train,9,463,469.132238
21,4,train,10,585,588.410798
21,4,train,11,477,478.536581
21,4,train,12,568,570.256866
21,4,train,13,500,500.231952
21,4,train,14,522,516.743545
21,4,train,15,585,588.410798
21,4,train,16,613,607.153756
21,4,train,17,577,575.686620
21,4,train,18,577,575.686620
21,4,train,19,505,504.143192
21,4,train,20,584,585.315728
21,4,train,21,509,513.869718
21,4,train,22,488,486.739280
21,4,train,23,508,506.180849
21,4,train,24,574,559.697183
21,4,train,25,479,484.308001
21,4,train,26,630,630.112676
21,4,train,27,605,599.674296
21,4,train,28,617,615.247653
21,4,train,29,608,594.813478
21,4,train,30,507,518.852113
21,4,train,31,505,504.889847
21,4,train,32,597,596.032864
21,4,train,33,507,515.008216
21,4,train,34,645,619.666834
21,4,train,35,455,461.577465
21,4,train,36,515,515.600939
21,4,train,37,584,589.516725
21,4,train,38,597,592.383803
21,4,train,39,446,468.022594
21,4,train,40,580,588.307512
21,4,train,41,594,585.052504
21,4,train,42,455,461.969484
21,4,train,43,471,478.728169
21,4,train,44,482,484.742527
21,4,train,45,506,533.042547
21,4,train,46,478,486.309468
21,4,train,47,490,500.598983
21,4,train,48,450,462.569444
21,4,train,49,577,567.290856
21,4,train,50,500,499.422242
21,4,train,51,507,530.692390
21,4,train,52,550,551.604460
21,4,train,53,670,663.184272
21,4,train,54,606,602.848885
21,4,train,55,456,465.349765
21,4,train,56,586,564.916688
21,4,train,57,469,472.256455
21,4,train,58,543,528.246479
21,4,train,59,456,484.759390
21,4,train,60,595,587.305067
21,4,train,61,596,592.850939
21,4,train,62,598,591.228873
21,4,train,63,612,604.172792
21,4,train,64,510,514.231221
21,4,train,65,616,618.469484
21,4,train,66,528,525.396714
21,4,train,67,484,493.715856
21,4,train,68,689,668.145540
21,4,train,69,480,478.611502
21,4,train,70,592,589.561033
21,4,train,71,596,606.306338
21,4,train,72,528,536.815728
21,4,train,73,524,522.147552
21,4,train,74,605,593.258216
21,4,train,75,601,601.343505
21,4,train,76,612,600.295775
21,4,train,77,617,615.247653
21,4,train,78,494,499.188860
21,4,train,79,484,485.409624
21,4,train,80,502,504.257218
21,4,train,81,555,559.764231
21,4,train,82,534,523.760563
21,4,train,83,597,596.032864
21,4,train,84,562,549.111502
21,4,train,85,560,548.857981
21,4,train,86,640,647.295775
21,4,train,87,493,491.988603
21,4,train,88,648,646.764085
21,4,train,89,583,579.498826
21,4,train,90,472,480.917899
21,4,train,91,644,621.790141
21,4,train,92,485,509.351526
21,4,train,93,442,452.302230
21,4,train,94,578,578.111894
21,4,train,95,487,486.006338
21,4,train,96,613,607.153756
21,4,train,97,505,520.580692
21,4,train,98,524,522.041080
21,4,train,99,473,491.215962
21,4,train,100,501,493.798709
21,4,train,101,561,542.827465
21,4,train,102,504,502.742851
21,4,train,103,495,493.963955
21,4,train,104,462,462.931925
21,4,train,105,584,585.315728
21,4,train,106,670,663.184272
21,4,train,107,465,476.678697
21,4,train,108,456,467.009390
21,4,train,109,475,479.438380
21,4,train,110,481,490.404499
21,4,train,111,624,607.765258
21,4,train,112,431,447.811033
21,4,train,113,509,506.288341
21,4,train,114,580,553.274648
21,4,train,115,500,503.181221
21,4,train,116,630,602.197183
21,4,train,117,526,521.598592
21,4,train,118,534,525.321596
21,4,train,119,492,496.785943
21,4,train,120,535,531.957746
21,4,train,121,538,540.503521
21,4,train,122,511,511.701878
21,4,train,123,624,615.927230
21,4,train,124,519,514.710563
21,4,train,125,644,609.661385
21,4,train,126,608,604.172792
21,4,train,127,601,612.235915
21,4,train,128,465,490.697477
21,4,train,129,472,492.147300
21,4,train,130,509,513.869718
21,4,train,131,466,464.079225
21,4,train,132,572,570.489926
21,4,train,133,523,515.426014
21,4,train,134,532,524.376761
21,4,train,135,597,593.671948
21,4,train,136,630,630.112676
21,4,train,137,516,526.107199
21,4,train,138,519,516.111502
21,4,train,139,649,637.835681
21,4,train,140,606,587.954812
21,5,test,0,482,487.326547
21,5,test,1,601,592.358683
21,5,test,2,475,478.568862
21,5,test,3,605,572.154491
21,5,test,4,617,573.298922
21,5,test,5,465,547.529391
21,5,test,6,689,639.962475
21,5,test,7,616,622.045509
21,5,test,8,522,520.268263
21,5,test,9,500,493.748902
21,5,test,10,598,592.597605
21,5,test,11,560,563.159601
21,5,test,12,500,493.631138
21,5,test,13,594,560.555649
21,5,test,14,509,496.620758
21,5,test,15,568,582.796370
21,5,test,16,600,593.036527
21,5,test,17,580,591.800399
21,5,test,18,577,562.437126
21,5,test,19,535,527.047904
21,5,test,20,618,617.030539
21,5,test,21,534,527.767924
21,5,test,22,489,487.964072
21,5,test,23,617,616.692216
21,5,test,24,591,595.558483
21,5,test,25,456,558.194212
21,5,test,26,606,591.491530
21,5,test,27,605,615.562475
21,5,test,28,472,538.650818
21,5,test,29,516,533.184711
21,5,test,30,473,536.657126
21,5,test,31,504,492.836647
21,5,test,32,475,478.814371
21,5,test,33,505,505.273054
21,5,test,34,465,518.185329
21,5,test,35,596,625.875050
21,5,train,0,644,613.786347
21,5,train,1,541,536.855090
21,5,train,2,525,518.665269
21,5,train,3,670,665.016766
21,5,train,4,517,513.579641
21,5,train,5,480,474.141317
21,5,train,6,524,525.504192
21,5,train,7,463,462.688623
21,5,train,8,464,465.213174
21,5,train,9,511,510.364072
21,5,train,10,490,503.949701
21,5,train,11,495,512.770060
21,5,train,12,584,586.241916
21,5,train,13,597,595.082236
21,5,train,14,528,522.928144
21,5,train,15,597,595.637126
21,5,train,16,525,529.809581
21,5,train,17,371,413.263253
21,5,train,18,500,504.508982
21,5,train,19,488,487.882635
21,5,train,20,510,515.630339
21,5,train,21,459,467.137725
21,5,train,22,584,586.241916
21,5,train,23,550,554.987725
21,5,train,24,464,466.551297
21,5,train,25,577,564.879954
21,5,train,26,601,612.021158
21,5,train,27,534,523.123353
21,5,train,28,524,520.005988
21,5,train,29,578,585.487146
21,5,train,30,555,559.623353
21,5,train,31,630,629.547305
21,5,train,32,492,493.922156
21,5,train,33,479,491.172455
21,5,train,34,597,595.637126
21,5,train,35,505,509.511377
21,5,train,36,485,504.203792
21,5,train,37,462,462.275449
21,5,train,38,493,491.951936
21,5,train,39,580,544.735409
21,5,train,40,507,516.396407
21,5,train,41,584,588.319361
21,5,train,42,612,602.987026
21,5,train,43,487,485.285030
21,5,train,44,519,514.493812
21,5,train,45,456,460.292216
21,5,train,46,613,604.446906
21,5,train,47,557,560.555649
21,5,train,48,624,615.480240
21,5,train,49,561,543.233533
21,5,train,50,585,589.184431
21,5,train,51,501,492.953533
21,5,train,52,648,654.478144
21,5,train,53,572,562.715768
21,5,train,54,640,640.397206
21,5,train,55,431,445.544910
21,5,train,56,455,471.747305
21,5,train,57,476,476.404232
21,5,train,58,481,486.348503
21,5,train,59,606,591.847305
21,5,train,60,484,490.644311
21,5,train,61,505,502.617964
21,5,train,62,645,626.874251
21,5,train,63,456,490.980739
21,5,train,64,596,598.762575
21,5,train,65,543,530.534930
21,5,train,66,506,521.791617
21,5,train,67,488,487.879441
21,5,train,68,624,616.682036
21,5,train,69,526,521.234731
21,5,train,70,516,533.184711
21,5,train,71,507,526.611691
21,5,train,72,693,673.232934
21,5,train,73,442,447.855090
21,5,train,74,628,615.562475
21,5,train,75,574,565.573653
21,5,train,76,446,462.758084
21,5,train,77,500,496.516989
21,5,train,78,610,599.549273
21,5,train,79,477,475.534132
21,5,train,80,528,523.833533
21,5,train,81,504,504.924551
21,5,train,82,572,562.715768
21,5,train,83,460,489.107186
21,5,train,84,509,512.148503
21,5,train,85,545,543.928144
21,5,train,86,562,539.789222
21,5,train,87,613,604.446906
21,5,train,88,585,589.184431
21,5,train,89,637,624.038922
21,5,train,90,580,585.453094
21,5,train,91,484,482.410938
21,5,train,92,524,524.591018
21,5,train,93,572,570.921257
21,5,train,94,522,517.392814
21,5,train,95,595,599.549273
21,5,train,96,577,562.437126
21,5,train,97,466,462.621557
21,5,train,98,451,455.195210
21,5,train,99,617,616.692216
21,5,train,100,508,501.131737
21,5,train,101,488,495.125749
21,5,train,102,648,615.954491
21,5,train,103,484,489.190419
21,5,train,104,644,608.067066
21,5,train,105,592,593.036527
21,5,train,106,541,563.627395
21,5,train,107,612,604.198802
21,5,train,108,623,617.193413
21,5,train,109,522,520.268263
21,5,train,110,469,466.911377
21,5,train,111,507,537.006267
21,5,train,112,538,536.639564
21,5,train,113,523,522.871856
21,5,train,114,463,464.719760
21,5,train,115,649,638.041517
21,5,train,116,572,570.921257
21,5,train,117,519,515.014371
21,5,train,118,608,602.509281
21,5,train,119,509,512.148503
21,5,train,120,532,518.197605
21,5,train,121,583,582.877545
21,5,train,122,494,498.151796
21,5,train,123,502,504.255090
21,5,train,124,670,665.016766
21,5,train,125,630,608.486228
21,5,train,126,455,457.134132
21,5,train,127,608,602.987026
21,5,train,128,586,563.627395
21,5,train,129,471,478.190419
21,5,train,130,575,582.098204
21,5,train,131,473,469.780838
21,5,train,132,450,460.129341
21,5,train,133,478,483.280240
21,5,train,134,597,590.937725
21,5,train,135,479,482.270898
21,5,train,136,472,476.404232
21,5,train,137,495,494.199601
21,5,train,138,504,496.804790
21,5,train,139,515,513.175250
21,5,train,140,630,629.547305
21,6,test,0,493,491.281716
21,6,test,1,596,620.594265
21,6,test,2,509,515.305635
21,6,test,3,585,594.114954
21,6,test,4,525,525.009529
21,6,test,5,577,574.550205
21,6,test,6,500,509.611371
21,6,test,7,516,542.910713
21,6,test,8,617,610.146400
21,6,test,9,459,481.240641
21,6,test,10,630,554.199313
21,6,test,11,451,463.473808
21,6,test,12,516,542.910713
21,6,test,13,555,587.070146
21,6,test,14,644,588.638437
21,6,test,15,580,508.650330
21,6,test,16,541,585.828429
21,6,test,17,597,593.743611
21,6,test,18,489,484.275626
21,6,test,19,522,521.277232
21,6,test,20,464,470.747296
21,6,test,21,463,472.542260
21,6,test,22,584,587.086730
21,6,test,23,538,555.921540
21,6,test,24,644,545.326427
21,6,test,25,455,489.600117
21,6,test,26,484,487.245733
21,6,test,27,484,499.001108
21,6,test,28,476,480.635165
21,6,test,29,624,601.877331
21,6,test,30,481,493.205428
21,6,test,31,528,517.817503
21,6,test,32,463,479.377362
21,6,test,33,670,656.885623
21,6,test,34,613,603.939876
21,6,test,35,446,490.608356
21,6,train,0,560,540.457318
21,6,train,1,689,669.400191
21,6,train,2,371,427.010320
21,6,train,3,601,614.612009
21,6,train,4,492,497.926466
21,6,train,5,482,484.816940
21,6,train,6,648,653.132392
21,6,train,7,586,585.828429
21,6,train,8,442,452.784905
21,6,train,9,630,630.284229
21,6,train,10,473,493.673590
21,6,train,11,572,571.676455
21,6,train,12,630,630.284229
21,6,train,13,605,612.913502
21,6,train,14,624,613.399701
21,6,train,15,648,619.472340
21,6,train,16,506,523.191093
21,6,train,17,572,562.259000
21,6,train,18,628,612.913502
21,6,train,19,495,510.976136
21,6,train,20,572,562.259000
21,6,train,21,545,547.243358
21,6,train,22,465,471.705154
21,6,train,23,616,613.581718
21,6,train,24,507,532.912111
21,6,train,25,617,610.146400
21,6,train,26,478,487.298339
21,6,train,27,584,587.086730
21,6,train,28,510,511.492364
21,6,train,29,515,513.471990
21,6,train,30,605,593.210367
21,6,train,31,504,494.712353
21,6,train,32,608,603.379638
21,6,train,33,597,593.743611
21,6,train,34,594,570.700970
21,6,train,35,472,491.230335
21,6,train,36,572,571.676455
21,6,train,37,574,566.709559
21,6,train,38,649,640.792867
21,6,train,39,464,474.451408
21,6,train,40,473,473.382699
21,6,train,41,431,447.992164
21,6,train,42,507,513.657079
21,6,train,43,523,515.523737
21,6,train,44,504,499.073325
21,6,train,45,532,525.504142
21,6,train,46,456,463.330770
21,6,train,47,606,587.387852
21,6,train,48,526,518.176732
21,6,train,49,598,593.362804
21,6,train,50,475,476.322797
21,6,train,51,519,515.938548
21,6,train,52,460,493.782473
21,6,train,53,580,568.986066
21,6,train,54,597,591.119526
21,6,train,55,575,582.079870
21,6,train,56,485,507.271568
21,6,train,57,524,526.911016
21,6,train,58,500,499.472709
21,6,train,59,456,486.175036
21,6,train,60,477,479.547130
21,6,train,61,455,462.346406
21,6,train,62,495,494.010208
21,6,train,63,488,495.198046
21,6,train,64,508,502.669045
21,6,train,65,645,629.676300
21,6,train,66,585,594.114954
21,6,train,67,583,581.214890
21,6,train,68,528,522.638286
21,6,train,69,562,543.902444
21,6,train,70,500,499.367358
21,6,train,71,535,532.248316
21,6,train,72,610,601.226264
21,6,train,73,557,570.700970
21,6,train,74,479,484.049844
21,6,train,75,534,516.956847
21,6,train,76,541,534.333171
21,6,train,77,488,488.496602
21,6,train,78,637,625.273051
21,6,train,79,534,526.066186
21,6,train,80,504,500.377203
21,6,train,81,578,578.433175
21,6,train,82,450,463.414589
21,6,train,83,511,511.627215
21,6,train,84,580,589.076267
21,6,train,85,600,596.154442
21,6,train,86,693,671.371990
21,6,train,87,522,521.277232
21,6,train,88,479,490.959419
21,6,train,89,608,595.095611
21,6,train,90,561,542.317715
21,6,train,91,584,591.371383
21,6,train,92,505,503.721675
21,6,train,93,519,516.842462
21,6,train,94,484,491.761640
21,6,train,95,595,601.226264
21,6,train,96,577,566.777869
21,6,train,97,494,504.634079
21,6,train,98,612,603.379638
21,6,train,99,601,600.218336
21,6,train,100,596,602.216864
21,6,train,101,524,528.841082
21,6,train,102,618,617.283840
21,6,train,103,597,595.626205
21,6,train,104,500,498.092260
21,6,train,105,465,488.718528
21,6,train,106,606,603.651513
21,6,train,107,577,574.550205
21,6,train,108,522,517.482196
21,6,train,109,613,603.939876
21,6,train,110,490,497.591273
21,6,train,111,509,505.473074
21,6,train,112,505,507.074576
21,6,train,113,462,462.643996
21,6,train,114,543,529.135413
21,6,train,115,507,525.521705
21,6,train,116,456,466.458707
21,6,train,117,670,656.885623
21,6,train,118,550,554.315443
21,6,train,119,524,518.195446
21,6,train,120,502,506.063314
21,6,train,121,517,515.551044
21,6,train,122,612,602.873747
21,6,train,123,617,579.380989
21,6,train,124,472,480.635165
21,6,train,125,623,618.502267
21,6,train,126,592,596.154442
21,6,train,127,469,470.726346
21,6,train,128,488,486.836920
21,6,train,129,591,593.333126
21,6,train,130,525,526.576538
21,6,train,131,501,496.714701
21,6,train,132,475,477.312550
21,6,train,133,568,576.007969
21,6,train,134,480,476.530716
21,6,train,135,471,478.414017
21,6,train,136,640,646.837593
21,6,train,137,487,483.930530
21,6,train,138,466,465.836359
21,6,train,139,509,515.305635
21,6,train,140,505,514.655864
21,7,test,0,623,608.032459
21,7,test,1,456,491.301669
21,7,test,2,606,539.818309
21,7,test,3,597,584.743906
21,7,test,4,624,599.416004
21,7,test,5,524,536.593762
21,7,test,6,543,510.071542
21,7,test,7,507,585.864997
21,7,test,8,502,506.484897
21,7,test,9,561,521.672496
21,7,test,10,597,584.743906
21,7,test,11,644,563.096957
21,7,test,12,481,490.832432
21,7,test,13,572,545.278219
21,7,test,14,526,508.038792
21,7,test,15,451,458.906200
21,7,test,16,463,468.598039
21,7,test,17,670,651.014573
21,7,test,18,578,588.595730
21,7,test,19,504,497.682035
21,7,test,20,517,508.162162
21,7,test,21,488,493.260731
21,7,test,22,507,579.960614
21,7,test,23,478,487.360890
21,7,test,24,617,611.109698
21,7,test,25,689,638.140964
21,7,test,26,613,603.723370
21,7,test,27,630,626.462109
21,7,test,28,541,519.761526
21,7,test,29,693,632.842210
21,7,test,30,628,599.729650
21,7,test,31,583,540.492395
21,7,test,32,522,498.508744
21,7,test,33,500,499.780604
21,7,test,34,466,459.653418
21,7,test,35,519,505.147854
21,7,train,0,490,497.583466
21,7,train,1,577,578.973026
21,7,train,2,584,585.571145
21,7,train,3,586,563.720721
21,7,train,4,509,510.511924
21,7,train,5,504,499.502809
21,7,train,6,494,503.798092
21,7,train,7,516,518.539825
21,7,train,8,648,640.849364
21,7,train,9,577,578.973026
21,7,train,10,455,459.785374
21,7,train,11,505,510.271330
21,7,train,12,509,500.104928
21,7,train,13,492,491.947536
21,7,train,14,670,651.014573
21,7,train,15,463,467.145204
21,7,train,16,605,594.127848
21,7,train,17,456,459.677266
21,7,train,18,596,599.205697
21,7,train,19,506,519.645469
21,7,train,20,580,546.970959
21,7,train,21,598,595.868045
21,7,train,22,594,571.797661
21,7,train,23,618,608.636592
21,7,train,24,613,603.723370
21,7,train,25,446,461.069952
21,7,train,26,601,598.945685
21,7,train,27,500,495.008630
21,7,train,28,505,500.537361
21,7,train,29,480,472.567568
21,7,train,30,455,475.190779
21,7,train,31,591,591.751987
21,7,train,32,471,477.500795
21,7,train,33,608,596.344538
21,7,train,34,624,614.956015
21,7,train,35,524,520.518283
21,7,train,36,450,459.540541
21,7,train,37,479,483.162268
21,7,train,38,575,582.791733
21,7,train,39,612,603.801109
21,7,train,40,484,488.529412
21,7,train,41,572,572.248013
21,7,train,42,472,476.359285
21,7,train,43,510,510.623211
21,7,train,44,487,483.691574
21,7,train,45,431,446.942766
21,7,train,46,485,511.407885
21,7,train,47,580,583.245363
21,7,train,48,475,475.254372
21,7,train,49,616,613.584791
21,7,train,50,465,485.523052
21,7,train,51,525,524.251590
21,7,train,52,484,492.488076
21,7,train,53,509,510.511924
21,7,train,54,560,549.158453
21,7,train,55,572,545.278219
21,7,train,56,504,496.551669
21,7,train,57,606,598.170509
21,7,train,58,456,496.727345
21,7,train,59,600,596.685495
21,7,train,60,488,488.717011
21,7,train,61,442,451.171701
21,7,train,62,550,544.357446
21,7,train,63,596,606.687334
21,7,train,64,507,510.662957
21,7,train,65,460,493.357858
21,7,train,66,601,614.325914
21,7,train,67,488,489.138421
21,7,train,68,528,522.168362
21,7,train,69,522,520.491256
21,7,train,70,645,625.281301
21,7,train,71,495,509.093641
21,7,train,72,545,542.977901
21,7,train,73,610,600.651775
21,7,train,74,523,517.147059
21,7,train,75,482,485.689878
21,7,train,76,511,511.356121
21,7,train,77,535,524.036566
21,7,train,78,648,619.185215
21,7,train,79,597,594.082671
21,7,train,80,473,467.910970
21,7,train,81,541,563.720721
21,7,train,82,612,603.969396
21,7,train,83,489,487.919979
21,7,train,84,477,474.696343
21,7,train,85,495,494.368415
21,7,train,86,585,588.976153
21,7,train,87,465,487.369952
21,7,train,88,630,608.456810
21,7,train,89,617,594.825384
21,7,train,90,637,619.755167
21,7,train,91,519,516.103339
21,7,train,92,500,499.031797
21,7,train,93,476,476.359285
21,7,train,94,479,490.386328
21,7,train,95,649,637.947536
21,7,train,96,617,611.109698
21,7,train,97,464,467.185056
21,7,train,98,464,464.073132
21,7,train,99,584,586.274510
21,7,train,100,577,568.815156
21,7,train,101,524,517.670906
21,7,train,102,605,599.729650
21,7,train,103,462,464.942766
21,7,train,104,522,520.491256
21,7,train,105,515,508.330154
21,7,train,106,475,475.893482
21,7,train,107,584,585.571145
21,7,train,108,562,534.951643
21,7,train,109,630,626.462109
21,7,train,110,532,521.381558
21,7,train,111,555,559.746555
21,7,train,112,644,612.972178
21,7,train,113,528,522.613672
21,7,train,114,574,572.055644
21,7,train,115,597,592.650238
21,7,train,116,534,521.702703
21,7,train,117,534,527.052464
21,7,train,118,557,571.797661
21,7,train,119,608,603.801109
21,7,train,120,525,521.766561
21,7,train,121,459,474.435612
21,7,train,122,472,493.336884
21,7,train,123,501,494.878310
21,7,train,124,538,545.817780
21,7,train,125,508,501.610493
21,7,train,126,505,505.677266
21,7,train,127,592,596.685495
21,7,train,128,500,504.004769
21,7,train,129,580,586.376630
21,7,train,130,469,467.120827
21,7,train,131,585,588.976153
21,7,train,132,493,492.672072
21,7,train,133,473,495.771039
21,7,train,134,371,423.527292
21,7,train,135,516,518.539825
21,7,train,136,572,572.248013
21,7,train,137,484,482.451828
21,7,train,138,595,600.651775
21,7,train,139,568,574.608638
21,7,train,140,640,638.319025
21,8,test,0,511,512.029630
21,8,test,1,601,627.602963
21,8,test,2,572,572.987654
21,8,test,3,475,492.144198
21,8,test,4,562,527.197531
21,8,test,5,617,606.345432
21,8,test,6,689,631.767407
21,8,test,7,591,587.675802
21,8,test,8,534,512.906173
21,8,test,9,624,602.197111
21,8,test,10,601,595.353841
21,8,test,11,568,580.833086
21,8,test,12,462,495.816296
21,8,test,13,473,529.830815
21,8,test,14,519,509.973333
21,8,test,15,595,596.530469
21,8,test,16,455,485.626667
21,8,test,17,555,563.501160
21,8,test,18,586,556.935235
21,8,test,19,525,517.881975
21,8,test,20,597,587.643210
21,8,test,21,617,606.345432
21,8,test,22,605,571.904808
21,8,test,23,528,517.613333
21,8,test,24,446,493.165062
21,8,test,25,476,481.342222
21,8,test,26,475,483.088889
21,8,test,27,612,593.562321
21,8,test,28,465,531.751111
21,8,test,29,583,549.547654
21,8,test,30,488,492.020741
21,8,test,31,431,492.816296
21,8,test,32,507,538.505679
21,8,test,33,606,548.925926
21,8,test,34,481,508.597037
21,8,test,35,526,513.543704
21,8,train,0,630,598.404815
21,8,train,1,510,511.656296
21,8,train,2,617,596.556543
21,8,train,3,577,561.744222
21,8,train,4,488,488.847407
21,8,train,5,506,525.062716
21,8,train,6,471,479.130370
21,8,train,7,505,515.296049
21,8,train,8,504,499.733333
21,8,train,9,484,486.000000
21,8,train,10,515,513.822222
21,8,train,11,557,571.716889
21,8,train,12,456,485.485630
21,8,train,13,487,485.332346
21,8,train,14,572,565.207407
21,8,train,15,630,629.757037
21,8,train,16,538,539.667407
21,8,train,17,608,593.562321
21,8,train,18,371,422.125432
21,8,train,19,580,580.565432
21,8,train,20,584,587.621728
21,8,train,21,580,558.695802
21,8,train,22,500,500.517037
21,8,train,23,623,614.198296
21,8,train,24,495,508.604444
21,8,train,25,561,543.625185
21,8,train,26,628,611.360468
21,8,train,27,492,491.875556
21,8,train,28,574,562.254815
21,8,train,29,472,481.342222
21,8,train,30,509,511.805926
21,8,train,31,480,477.088889
21,8,train,32,516,520.560247
21,8,train,33,637,620.356049
21,8,train,34,613,608.318469
21,8,train,35,608,592.858765
21,8,train,36,524,523.402469
21,8,train,37,519,512.754074
21,8,train,38,597,595.315556
21,8,train,39,606,599.468607
21,8,train,40,523,513.573333
21,8,train,41,488,497.017778
21,8,train,42,477,476.875062
21,8,train,43,456,466.922963
21,8,train,44,618,613.398296
21,8,train,45,509,511.805926
21,8,train,46,493,492.582222
21,8,train,47,575,582.017778
21,8,train,48,577,572.206667
21,8,train,49,501,497.074074
21,8,train,50,585,588.097037
21,8,train,51,596,590.813968
21,8,train,52,463,469.171852
21,8,train,53,649,635.548148
21,8,train,54,598,591.848889
21,8,train,55,693,663.105309
21,8,train,56,630,629.757037
21,8,train,57,508,505.831111
21,8,train,58,469,470.014815
21,8,train,59,472,495.484444
21,8,train,60,524,524.776790
21,8,train,61,545,549.033693
21,8,train,62,597,593.703704
21,8,train,63,543,531.151111
21,8,train,64,484,488.696296
21,8,train,65,525,525.260000
21,8,train,66,580,586.129841
21,8,train,67,522,517.421481
21,8,train,68,505,505.330370
21,8,train,69,504,498.610370
21,8,train,70,450,461.362963
21,8,train,71,478,486.837037
21,8,train,72,495,494.662222
21,8,train,73,624,611.463210
21,8,train,74,584,584.490370
21,8,train,75,459,474.357086
21,8,train,76,500,498.025185
21,8,train,77,594,571.716889
21,8,train,78,616,615.831358
21,8,train,79,541,539.409383
21,8,train,80,560,544.577481
21,8,train,81,644,608.504938
21,8,train,82,505,508.550123
21,8,train,83,494,496.653827
21,8,train,84,463,465.941235
21,8,train,85,648,643.971481
21,8,train,86,592,594.301305
21,8,train,87,464,471.578272
21,8,train,88,484,490.120000
21,8,train,89,504,503.968889
21,8,train,90,585,588.097037
21,8,train,91,645,622.748586
21,8,train,92,479,495.583704
21,8,train,93,578,573.256593
21,8,train,94,541,556.935235
21,8,train,95,455,480.490370
21,8,train,96,610,596.530469
21,8,train,97,577,572.206667
21,8,train,98,535,531.903704
21,8,train,99,507,515.871111
21,8,train,100,612,598.109630
21,8,train,101,670,663.300741
21,8,train,102,490,503.496296
21,8,train,103,572,572.987654
21,8,train,104,550,550.198519
21,8,train,105,485,510.690370
21,8,train,106,489,488.207407
21,8,train,107,502,504.472593
21,8,train,108,534,522.885926
21,8,train,109,524,518.007407
21,8,train,110,509,506.028642
21,8,train,111,640,636.496296
21,8,train,112,500,500.469630
21,8,train,113,605,611.360468
21,8,train,114,596,603.541679
21,8,train,115,644,620.363704
21,8,train,116,528,523.897778
21,8,train,117,482,490.694815
21,8,train,118,572,565.207407
21,8,train,119,460,488.379580
21,8,train,120,648,619.132049
21,8,train,121,442,452.019259
21,8,train,122,670,663.300741
21,8,train,123,522,521.656296
21,8,train,124,473,479.366420
21,8,train,125,464,466.721481
21,8,train,126,532,520.685926
21,8,train,127,507,524.459086
21,8,train,128,451,455.160000
21,8,train,129,479,483.988148
21,8,train,130,465,474.697778
21,8,train,131,456,464.598519
21,8,train,132,613,608.318469
21,8,train,133,466,462.397037
21,8,train,134,600,594.301305
21,8,train,135,516,520.560247
21,8,train,136,584,584.490370
21,8,train,137,500,503.565926
21,8,train,138,517,514.727407
21,8,train,139,522,521.656296
21,8,train,140,597,595.315556
21,9,test,0,507,558.969116
21,9,test,1,510,521.849344
21,9,test,2,648,639.726420
21,9,test,3,500,497.203417
21,9,test,4,606,567.070799
21,9,test,5,482,490.226957
21,9,test,6,605,572.955602
21,9,test,7,488,496.627652
21,9,test,8,585,608.016687
21,9,test,9,585,608.016687
21,9,test,10,640,655.874851
21,9,test,11,630,556.702126
21,9,test,12,586,551.711561
21,9,test,13,644,553.746246
21,9,test,14,505,533.561959
21,9,test,15,495,493.092627
21,9,test,16,560,529.339452
21,9,test,17,472,524.295193
21,9,test,18,543,514.748570
21,9,test,19,572,572.346047
21,9,test,20,577,573.407807
21,9,test,21,612,579.582837
21,9,test,22,550,556.212038
21,9,test,23,595,599.646433
21,9,test,24,459,498.520620
21,9,test,25,597,593.128725
21,9,test,26,509,513.284863
21,9,test,27,492,493.598331
21,9,test,28,616,617.638200
21,9,test,29,591,592.509138
21,9,test,30,477,479.943186
21,9,test,31,500,503.509416
21,9,test,32,608,596.070049
21,9,test,33,371,514.883589
21,9,test,34,644,583.386810
21,9,test,35,504,496.162098
21,9,train,0,475,477.811681
21,9,train,1,528,525.494398
21,9,train,2,592,596.302900
21,9,train,3,541,551.711561
21,9,train,4,568,574.057410
21,9,train,5,535,530.396901
21,9,train,6,617,589.758760
21,9,train,7,524,526.208582
21,9,train,8,485,508.207390
21,9,train,9,456,465.163290
21,9,train,10,613,606.432102
21,9,train,11,472,477.495312
21,9,train,12,596,606.223083
21,9,train,13,471,477.945173
21,9,train,14,507,514.951132
21,9,train,15,525,523.418951
21,9,train,16,484,484.230036
21,9,train,17,606,599.990266
21,9,train,18,557,572.435209
21,9,train,19,562,547.695570
21,9,train,20,473,481.771553
21,9,train,21,473,489.586611
21,9,train,22,572,564.755264
21,9,train,23,598,591.411204
21,9,train,24,522,520.961859
21,9,train,25,584,590.042670
21,9,train,26,484,493.339690
21,9,train,27,610,599.646433
21,9,train,28,509,513.284863
21,9,train,29,628,611.947202
21,9,train,30,538,545.293802
21,9,train,31,511,510.742551
21,9,train,32,450,462.970600
21,9,train,33,500,503.205006
21,9,train,34,528,524.162098
21,9,train,35,612,596.070049
21,9,train,36,597,592.140644
21,9,train,37,541,536.904648
21,9,train,38,431,447.898689
21,9,train,39,584,584.894716
21,9,train,40,577,567.154569
21,9,train,41,478,483.151371
21,9,train,42,617,615.663091
21,9,train,43,500,498.042670
21,9,train,44,522,520.961859
21,9,train,45,649,639.283671
21,9,train,46,524,521.455304
21,9,train,47,494,501.742551
21,9,train,48,577,573.407807
21,9,train,49,487,484.847437
21,9,train,50,488,488.320200
21,9,train,51,584,584.894716
21,9,train,52,479,488.547080
21,9,train,53,465,493.255122
21,9,train,54,583,571.965197
21,9,train,55,613,606.432102
21,9,train,56,466,462.502980
21,9,train,57,670,662.678983
21,9,train,58,637,622.172030
21,9,train,59,630,630.346841
21,9,train,60,517,515.092968
21,9,train,61,455,467.270560
21,9,train,62,505,505.270560
21,9,train,63,578,577.907827
21,9,train,64,505,505.466031
21,9,train,65,624,611.733373
21,9,train,66,618,613.567938
21,9,train,67,605,611.947202
21,9,train,68,462,463.576877
21,9,train,69,501,496.354924
21,9,train,70,460,503.052801
21,9,train,71,534,523.724672
21,9,train,72,515,514.104410
21,9,train,73,617,615.663091
21,9,train,74,545,547.599543
21,9,train,75,508,503.976162
21,9,train,76,597,593.128725
21,9,train,77,489,487.568534
21,9,train,78,600,596.302900
21,9,train,79,481,493.780691
21,9,train,80,575,581.307509
21,9,train,81,623,615.126937
21,9,train,82,580,586.508741
21,9,train,83,608,596.719706
21,9,train,84,479,483.609138
21,9,train,85,469,470.336114
21,9,train,86,464,466.405244
21,9,train,87,670,662.678983
21,9,train,88,597,592.833333
21,9,train,89,580,572.795093
21,9,train,90,509,505.476758
21,9,train,91,572,564.755264
21,9,train,92,594,572.435209
21,9,train,93,456,468.357569
21,9,train,94,465,476.075089
21,9,train,95,451,454.408820
21,9,train,96,574,558.471395
21,9,train,97,475,479.225665
21,9,train,98,493,491.563505
21,9,train,99,476,477.495312
21,9,train,100,484,494.557807
21,9,train,101,693,660.963449
21,9,train,102,463,467.974970
21,9,train,103,507,515.916567
21,9,train,104,504,499.463170
21,9,train,105,506,522.485101
21,9,train,106,624,615.589591
21,9,train,107,630,630.346841
21,9,train,108,555,557.334327
21,9,train,109,504,499.622884
21,9,train,110,524,521.426996
21,9,train,111,490,499.243345
21,9,train,112,523,515.150179
21,9,train,113,463,481.397060
21,9,train,114,516,518.263369
21,9,train,115,580,558.872706
21,9,train,116,601,613.861740
21,9,train,117,532,523.100119
21,9,train,118,596,597.002940
21,9,train,119,525,523.076281
21,9,train,120,464,471.769170
21,9,train,121,519,515.986889
21,9,train,122,648,618.557012
21,9,train,123,495,511.915137
21,9,train,124,645,622.743084
21,9,train,125,522,516.863031
21,9,train,126,480,476.284863
21,9,train,127,456,483.226460
21,9,train,128,488,489.459197
21,9,train,129,572,572.346047
21,9,train,130,526,524.234327
21,9,train,131,601,599.749560
21,9,train,132,442,451.296782
21,9,train,133,561,540.637664
21,9,train,134,455,463.990465
21,9,train,135,502,504.148987
21,9,train,136,446,461.723480
21,9,train,137,534,524.854390
21,9,train,138,689,665.703814
21,9,train,139,516,518.263369
21,9,train,140,519,513.891538
21,10,test,0,557,580.660883
21,10,test,1,572,569.857588
21,10,test,2,507,529.210101
21,10,test,3,510,514.293335
21,10,test,4,534,511.539574
21,10,test,5,613,601.886768
21,10,test,6,526,514.815284
21,10,test,7,616,625.468092
21,10,test,8,462,458.454693
21,10,test,9,577,540.686148
21,10,test,10,525,539.265755
21,10,test,11,509,506.018245
21,10,test,12,472,533.003586
21,10,test,13,464,478.479460
21,10,test,14,572,546.529416
21,10,test,15,442,471.752147
21,10,test,16,584,587.997384
21,10,test,17,524,531.690061
21,10,test,18,469,483.159792
21,10,test,19,506,553.635087
21,10,test,20,475,485.345008
21,10,test,21,481,500.027797
21,10,test,22,610,573.600073
21,10,test,23,580,519.488382
21,10,test,24,595,573.600073
21,10,test,25,500,509.212205
21,10,test,26,592,591.026588
21,10,test,27,517,512.081908
21,10,test,28,456,483.921429
21,10,test,29,488,490.448413
21,10,test,30,543,507.431232
21,10,test,31,524,513.936847
21,10,test,32,612,591.339281
21,10,test,33,504,490.100732
21,10,test,34,522,504.046955
21,10,test,35,591,593.538040
21,10,train,0,584,587.997384
21,10,train,1,572,569.857588
21,10,train,2,693,663.502545
21,10,train,3,466,468.276902
21,10,train,4,583,580.659689
21,10,train,5,535,531.497228
21,10,train,6,640,645.604962
21,10,train,7,490,501.244040
21,10,train,8,523,512.751513
21,10,train,9,630,630.519120
21,10,train,10,504,499.409758
21,10,train,11,489,486.594546
21,10,train,12,630,630.519120
21,10,train,13,606,600.811260
21,10,train,14,446,463.965760
21,10,train,15,645,622.280989
21,10,train,16,505,518.416822
21,10,train,17,584,590.904377
21,10,train,18,601,612.220982
21,10,train,19,505,506.266281
21,10,train,20,541,563.810142
21,10,train,21,456,469.955874
21,10,train,22,528,523.608146
21,10,train,23,644,606.292776
21,10,train,24,624,616.665942
21,10,train,25,371,421.309524
21,10,train,26,689,665.053435
21,10,train,27,494,497.437540
21,10,train,28,484,489.741214
21,10,train,29,585,588.726276
21,10,train,30,471,479.757009
21,10,train,31,493,492.649524
21,10,train,32,484,491.624025
21,10,train,33,670,663.614504
21,10,train,34,608,590.246580
21,10,train,35,624,613.975553
21,10,train,36,522,521.429794
21,10,train,37,600,591.026588
21,10,train,38,568,571.927420
21,10,train,39,596,607.494522
21,10,train,40,572,546.529416
21,10,train,41,492,492.551194
21,10,train,42,644,624.560150
21,10,train,43,460,493.069526
21,10,train,44,541,553.037668
21,10,train,45,580,581.881703
21,10,train,46,475,479.974016
21,10,train,47,473,493.423366
21,10,train,48,511,512.341125
21,10,train,49,618,615.232869
21,10,train,50,648,646.644511
21,10,train,51,488,488.378156
21,10,train,52,623,616.918983
21,10,train,53,628,612.143870
21,10,train,54,598,591.097480
21,10,train,55,500,500.811468
21,10,train,56,580,587.947117
21,10,train,57,487,483.692378
21,10,train,58,473,475.408219
21,10,train,59,479,484.110556
21,10,train,60,596,594.760087
21,10,train,61,500,496.700956
21,10,train,62,495,508.053667
21,10,train,63,505,507.044721
21,10,train,64,561,543.692475
21,10,train,65,613,601.886768
21,10,train,66,459,475.377994
21,10,train,67,509,511.639227
21,10,train,68,597,592.622206
21,10,train,69,508,505.038201
21,10,train,70,507,517.853725
21,10,train,71,516,519.365394
21,10,train,72,574,562.811562
21,10,train,73,534,521.964951
21,10,train,74,451,461.725647
21,10,train,75,597,593.616557
21,10,train,76,562,545.730924
21,10,train,77,617,596.724834
21,10,train,78,519,516.905760
21,10,train,79,555,560.248749
21,10,train,80,463,468.833659
21,10,train,81,608,591.339281
21,10,train,82,456,486.830237
21,10,train,83,597,595.823792
21,10,train,84,597,595.823792
21,10,train,85,524,522.363613
21,10,train,86,577,575.468766
21,10,train,87,501,495.160544
21,10,train,88,450,462.184335
21,10,train,89,594,580.660883
21,10,train,90,605,591.359003
21,10,train,91,577,575.468766
21,10,train,92,478,486.127375
21,10,train,93,605,612.143870
21,10,train,94,515,509.148617
21,10,train,95,532,524.384335
21,10,train,96,649,638.865353
21,10,train,97,504,498.760420
21,10,train,98,509,511.639227
21,10,train,99,484,484.510106
21,10,train,100,522,521.429794
21,10,train,101,648,616.043621
21,10,train,102,586,563.810142
21,10,train,103,578,575.180887
21,10,train,104,465,487.981461
21,10,train,105,612,598.358264
21,10,train,106,455,462.166941
21,10,train,107,477,477.983856
21,10,train,108,585,588.726276
21,10,train,109,630,602.868524
21,10,train,110,670,663.614504
21,10,train,111,516,519.365394
21,10,train,112,463,467.590801
21,10,train,113,519,514.054561
21,10,train,114,507,524.559996
21,10,train,115,525,522.461484
21,10,train,116,482,486.328227
21,10,train,117,488,488.020736
21,10,train,118,637,621.857639
21,10,train,119,480,484.986634
21,10,train,120,606,589.893058
21,10,train,121,485,506.467256
21,10,train,122,617,615.825744
21,10,train,123,560,550.351991
21,10,train,124,464,469.005882
21,10,train,125,617,615.825744
21,10,train,126,545,547.913389
21,10,train,127,465,479.858521
21,10,train,128,601,601.156122
21,10,train,129,538,538.619110
21,10,train,130,495,494.745927
21,10,train,131,472,479.013996
21,10,train,132,431,453.284528
21,10,train,133,500,493.855147
21,10,train,134,476,479.013996
21,10,train,135,479,493.382029
21,10,train,136,575,581.739436
21,10,train,137,455,464.209362
21,10,train,138,550,555.243602
21,10,train,139,502,506.381541
21,10,train,140,528,521.489163
50,1,test,0,584,588.108094
50,1,test,1,510,515.024246
50,1,test,2,525,529.510152
50,1,test,3,557,582.840121
50,1,test,4,596,632.303890
50,1,test,5,528,518.859476
50,1,test,6,645,582.030022
50,1,test,7,460,552.694431
50,1,test,8,572,546.213117
50,1,test,9,509,516.668099
50,1,test,10,577,571.014774
50,1,test,11,555,567.586890
50,1,test,12,485,541.817992
50,1,test,13,580,606.649365
50,1,test,14,456,487.432937
50,1,test,15,597,582.371323
50,1,test,16,484,493.329932
50,1,test,17,584,593.267126
50,1,test,18,502,510.843007
50,1,test,19,612,579.954736
50,1,test,20,644,582.942204
50,1,test,21,501,487.362828
50,1,test,22,462,466.703587
50,1,test,23,495,491.986351
50,1,test,24,601,613.234825
50,1,test,25,613,583.407994
50,1,test,26,610,586.550242
50,1,test,27,580,592.731401
50,1,test,28,545,552.284892
50,1,test,29,469,469.329636
50,1,test,30,479,491.260916
50,1,test,31,478,508.157159
50,1,test,32,446,504.500940
50,1,test,33,463,476.583802
50,1,test,34,613,583.407994
50,1,test,35,572,571.884093
50,1,train,0,572,546.213117
50,1,train,1,524,523.737233
50,1,train,2,575,575.347342
50,1,train,3,600,592.699228
50,1,train,4,560,544.111656
50,1,train,5,442,452.403869
50,1,train,6,451,455.427958
50,1,train,7,616,620.823918
50,1,train,8,534,528.376177
50,1,train,9,608,604.534194
50,1,train,10,489,487.193782
50,1,train,11,637,620.566547
50,1,train,12,648,615.920064
50,1,train,13,523,517.663407
50,1,train,14,519,514.385948
50,1,train,15,524,525.289813
50,1,train,16,500,496.715202
50,1,train,17,495,509.751749
50,1,train,18,585,588.549189
50,1,train,19,509,516.668099
50,1,train,20,577,571.014774
50,1,train,21,479,492.500080
50,1,train,22,504,504.244397
50,1,train,23,509,504.156089
50,1,train,24,606,592.758793
50,1,train,25,605,586.754157
50,1,train,26,484,490.939764
50,1,train,27,488,489.177216
50,1,train,28,630,629.357314
50,1,train,29,507,532.636357
50,1,train,30,522,524.066286
50,1,train,31,628,612.683438
50,1,train,32,522,524.066286
50,1,train,33,578,575.109432
50,1,train,34,640,645.256795
50,1,train,35,618,614.602858
50,1,train,36,431,455.227469
50,1,train,37,649,638.339329
50,1,train,38,526,525.525430
50,1,train,39,535,529.001491
50,1,train,40,507,525.703776
50,1,train,41,541,565.019402
50,1,train,42,612,604.534194
50,1,train,43,617,597.979988
50,1,train,44,459,475.869666
50,1,train,45,597,596.095512
50,1,train,46,538,545.842486
50,1,train,47,508,510.870484
50,1,train,48,525,521.898873
50,1,train,49,455,463.634512
50,1,train,50,472,496.940252
50,1,train,51,596,588.518945
50,1,train,52,617,615.274398
50,1,train,53,623,616.012730
50,1,train,54,594,582.840121
50,1,train,55,480,481.418558
50,1,train,56,504,497.961979
50,1,train,57,516,520.251132
50,1,train,58,541,534.996262
50,1,train,59,505,507.516903
50,1,train,60,515,511.510912
50,1,train,61,522,517.665843
50,1,train,62,506,520.058581
50,1,train,63,577,564.856575
50,1,train,64,574,555.816041
50,1,train,65,624,613.846523
50,1,train,66,543,531.817543
50,1,train,67,644,607.807286
50,1,train,68,584,588.108094
50,1,train,69,500,504.562447
50,1,train,70,689,668.118305
50,1,train,71,586,565.019402
50,1,train,72,617,615.274398
50,1,train,73,473,498.327831
50,1,train,74,572,571.884093
50,1,train,75,595,586.550242
50,1,train,76,528,523.982455
50,1,train,77,492,491.421758
50,1,train,78,516,520.251132
50,1,train,79,473,480.778120
50,1,train,80,505,524.677152
50,1,train,81,534,521.752314
50,1,train,82,630,629.357314
50,1,train,83,670,664.875899
50,1,train,84,598,584.341004
50,1,train,85,488,497.364979
50,1,train,86,481,491.538514
50,1,train,87,455,465.792886
50,1,train,88,550,555.053277
50,1,train,89,505,498.666082
50,1,train,90,608,593.867706
50,1,train,91,482,485.615032
50,1,train,92,466,465.806355
50,1,train,93,471,478.784329
50,1,train,94,624,620.600333
50,1,train,95,591,591.841060
50,1,train,96,488,490.346968
50,1,train,97,606,603.351665
50,1,train,98,693,665.436451
50,1,train,99,475,477.262746
50,1,train,100,484,488.598569
50,1,train,101,580,558.692541
50,1,train,102,511,512.124023
50,1,train,103,562,548.109214
50,1,train,104,630,600.437588
50,1,train,105,583,580.038169
50,1,train,106,465,483.622815
50,1,train,107,524,518.424058
50,1,train,108,472,477.412251
50,1,train,109,456,466.393705
50,1,train,110,456,485.636890
50,1,train,111,475,481.162390
50,1,train,112,465,493.583333
50,1,train,113,561,545.951139
50,1,train,114,464,468.532074
50,1,train,115,490,506.560653
50,1,train,116,450,466.223155
50,1,train,117,601,614.341127
50,1,train,118,463,464.668445
50,1,train,119,670,664.875899
50,1,train,120,597,596.095512
50,1,train,121,592,592.699228
50,1,train,122,597,594.812239
50,1,train,123,371,422.894684
50,1,train,124,500,502.950758
50,1,train,125,476,477.412251
50,1,train,126,464,476.449448
50,1,train,127,494,496.156656
50,1,train,128,585,588.549189
50,1,train,129,507,514.570617
50,1,train,130,568,571.383493
50,1,train,131,500,505.890395
50,1,train,132,605,612.683438
50,1,train,133,519,518.977045
50,1,train,134,504,500.104661
50,1,train,135,487,485.153022
50,1,train,136,517,515.542677
50,1,train,137,532,525.676895
50,1,train,138,493,491.761378
50,1,train,139,477,478.686560
50,1,train,140,648,649.766986
50,2,test,0,495,538.987730
50,2,test,1,473,526.428524
50,2,test,2,618,606.834446
50,2,test,3,568,586.327129
50,2,test,4,584,594.439288
50,2,test,5,507,564.081080
50,2,test,6,455,509.369250
50,2,test,7,543,512.092387
50,2,test,8,597,581.352183
50,2,test,9,600,593.386950
50,2,test,10,524,531.420673
50,2,test,11,475,478.779889
50,2,test,12,459,499.155431
50,2,test,13,500,506.509144
50,2,test,14,689,632.765164
50,2,test,15,606,568.610323
50,2,test,16,580,601.314775
50,2,test,17,541,580.066834
50,2,test,18,580,588.413745
50,2,test,19,476,479.921889
50,2,test,20,617,562.659257
50,2,test,21,628,600.037062
50,2,test,22,509,537.664679
50,2,test,23,509,537.664679
50,2,test,24,463,483.868730
50,2,test,25,596,620.478019
50,2,test,26,522,535.397329
50,2,test,27,608,574.942376
50,2,test,28,560,507.559015
50,2,test,29,693,625.663606
50,2,test,30,517,515.878470
50,2,test,31,455,517.201164
50,2,test,32,446,496.952432
50,2,test,33,534,507.984474
50,2,test,34,577,570.992487
50,2,test,35,575,577.795700
50,2,train,0,528,522.485309
50,2,train,1,645,622.524207
50,2,train,2,585,588.693712
50,2,train,3,516,522.134544
50,2,train,4,479,483.495407
50,2,train,5,473,482.199375
50,2,train,6,487,485.812045
50,2,train,7,460,500.074903
50,2,train,8,500,496.529360
50,2,train,9,596,591.959516
50,2,train,10,519,515.694133
50,2,train,11,608,603.050835
50,2,train,12,492,491.579498
50,2,train,13,509,501.504727
50,2,train,14,479,491.822090
50,2,train,15,505,506.195799
50,2,train,16,466,465.454434
50,2,train,17,613,609.073456
50,2,train,18,630,628.734558
50,2,train,19,511,512.266613
50,2,train,20,478,485.428773
50,2,train,21,465,491.705064
50,2,train,22,605,600.037062
50,2,train,23,524,517.518962
50,2,train,24,515,511.553408
50,2,train,25,477,479.848699
50,2,train,26,494,496.309537
50,2,train,27,577,570.992487
50,2,train,28,488,494.192866
50,2,train,29,578,569.268086
50,2,train,30,484,486.258472
50,2,train,31,465,477.851190
50,2,train,32,480,478.208008
50,2,train,33,538,547.254983
50,2,train,34,586,580.066834
50,2,train,35,532,524.889347
50,2,train,36,598,582.625973
50,2,train,37,670,663.682805
50,2,train,38,507,516.230370
50,2,train,39,505,515.099002
50,2,train,40,500,503.621083
50,2,train,41,519,514.999042
50,2,train,42,525,525.863988
50,2,train,43,630,597.849917
50,2,train,44,508,509.403827
50,2,train,45,605,594.444908
50,2,train,46,442,454.012865
50,2,train,47,482,487.137953
50,2,train,48,484,490.216066
50,2,train,49,464,476.566161
50,2,train,50,451,456.762447
50,2,train,51,371,416.460351
50,2,train,52,524,520.392821
50,2,train,53,535,531.708959
50,2,train,54,472,490.717075
50,2,train,55,545,549.731608
50,2,train,56,572,573.783806
50,2,train,57,617,617.641764
50,2,train,58,649,632.664441
50,2,train,59,504,499.103513
50,2,train,60,463,464.302003
50,2,train,61,456,479.512966
50,2,train,62,601,611.305509
50,2,train,63,630,628.734558
50,2,train,64,572,566.789937
50,2,train,65,597,595.286867
50,2,train,66,648,617.909015
50,2,train,67,613,609.073456
50,2,train,68,500,506.546397
50,2,train,69,502,505.891465
50,2,train,70,464,468.007457
50,2,train,71,489,487.781160
50,2,train,72,504,499.454068
50,2,train,73,592,593.386950
50,2,train,74,475,480.259444
50,2,train,75,505,501.132392
50,2,train,76,534,520.694908
50,2,train,77,525,524.965568
50,2,train,78,481,495.992584
50,2,train,79,670,663.682805
50,2,train,80,612,603.050835
50,2,train,81,585,588.693712
50,2,train,82,528,537.382972
50,2,train,83,456,463.972149
50,2,train,84,574,558.930254
50,2,train,85,601,603.452699
50,2,train,86,577,568.296733
50,2,train,87,488,488.883624
50,2,train,88,472,479.921889
50,2,train,89,456,470.643725
50,2,train,90,591,592.453033
50,2,train,91,624,614.811352
50,2,train,92,431,449.388834
50,2,train,93,597,595.286867
50,2,train,94,584,585.044407
50,2,train,95,469,468.308848
50,2,train,96,522,535.397329
50,2,train,97,495,493.408761
50,2,train,98,526,522.457256
50,2,train,99,640,633.175849
50,2,train,100,616,616.576099
50,2,train,101,580,562.771194
50,2,train,102,623,607.387034
50,2,train,103,507,522.232740
50,2,train,104,597,595.107457
50,2,train,105,624,618.945326
50,2,train,106,471,479.369579
50,2,train,107,506,521.472315
50,2,train,108,583,572.735893
50,2,train,109,504,499.233499
50,2,train,110,594,571.958884
50,2,train,111,617,617.641764
50,2,train,112,557,571.958884
50,2,train,113,595,600.918581
50,2,train,114,488,488.424694
50,2,train,115,523,514.150354
50,2,train,116,637,622.021703
50,2,train,117,644,599.464663
50,2,train,118,572,573.783806
50,2,train,119,644,623.521425
50,2,train,120,485,512.079817
50,2,train,121,555,567.314190
50,2,train,122,572,566.789937
50,2,train,123,648,637.389816
50,2,train,124,510,511.733485
50,2,train,125,522,522.011533
50,2,train,126,484,488.327475
50,2,train,127,612,597.216110
50,2,train,128,490,510.259895
50,2,train,129,610,600.918581
50,2,train,130,462,464.607532
50,2,train,131,584,585.044407
50,2,train,132,541,536.547858
50,2,train,133,450,468.246984
50,2,train,134,516,522.134544
50,2,train,135,501,497.611256
50,2,train,136,606,603.745353
50,2,train,137,561,544.438509
50,2,train,138,493,492.339642
50,2,train,139,550,554.672371
50,2,train,140,562,544.729271
50,3,test,0,601,597.667107
50,3,test,1,596,618.129315
50,3,test,2,574,539.443070
50,3,test,3,466,462.037985
50,3,test,4,482,488.772846
50,3,test,5,473,518.659961
50,3,test,6,594,554.861238
50,3,test,7,493,488.161453
50,3,test,8,524,528.583011
50,3,test,9,644,541.514610
50,3,test,10,455,492.202318
50,3,test,11,475,475.030913
50,3,test,12,505,495.580686
50,3,test,13,612,590.063089
50,3,test,14,644,574.683918
50,3,test,15,459,491.920888
50,3,test,16,597,590.937192
50,3,test,17,550,565.703235
50,3,test,18,524,512.777094
50,3,test,19,506,556.066817
50,3,test,20,523,501.136538
50,3,test,21,500,510.962726
50,3,test,22,568,583.680549
50,3,test,23,640,651.128749
50,3,test,24,605,610.080407
50,3,test,25,465,490.180950
50,3,test,26,610,591.958129
50,3,test,27,608,572.883390
50,3,test,28,585,593.181216
50,3,test,29,584,585.520233
50,3,test,30,597,566.434572
50,3,test,31,555,566.469297
50,3,test,32,507,558.972922
50,3,test,33,670,652.810831
50,3,test,34,598,565.042068
50,3,test,35,617,548.877890
50,3,train,0,580,587.570669
50,3,train,1,595,591.958129
50,3,train,2,612,591.323506
50,3,train,3,463,466.064124
50,3,train,4,463,465.326017
50,3,train,5,541,554.626618
50,3,train,6,617,616.064361
50,3,train,7,572,564.957033
50,3,train,8,525,523.149123
50,3,train,9,495,513.491426
50,3,train,10,460,496.443319
50,3,train,11,693,666.554584
50,3,train,12,484,483.245936
50,3,train,13,495,490.978976
50,3,train,14,472,477.943092
50,3,train,15,623,616.184273
50,3,train,16,586,565.049348
50,3,train,17,488,488.266764
50,3,train,18,519,514.461589
50,3,train,19,585,593.181216
50,3,train,20,670,652.810831
50,3,train,21,630,628.487095
50,3,train,22,465,488.559653
50,3,train,23,618,613.798141
50,3,train,24,606,597.297344
50,3,train,25,572,574.556473
50,3,train,26,561,541.109163
50,3,train,27,605,596.634663
50,3,train,28,504,503.511929
50,3,train,29,473,480.110088
50,3,train,30,528,523.250240
50,3,train,31,490,504.181328
50,3,train,32,500,505.954700
50,3,train,33,649,638.795416
50,3,train,34,522,520.952840
50,3,train,35,628,610.080407
50,3,train,36,584,587.557939
50,3,train,37,455,480.046322
50,3,train,38,597,594.544258
50,3,train,39,516,520.953712
50,3,train,40,515,511.134530
50,3,train,41,525,524.735548
50,3,train,42,484,489.532278
50,3,train,43,502,505.530652
50,3,train,44,592,598.270588
50,3,train,45,488,486.670764
50,3,train,46,645,625.003344
50,3,train,47,577,564.090820
50,3,train,48,577,574.342484
50,3,train,49,476,477.943092
50,3,train,50,500,500.735517
50,3,train,51,481,490.162879
50,3,train,52,528,526.388939
50,3,train,53,494,497.010476
50,3,train,54,456,485.031637
50,3,train,55,580,583.109798
50,3,train,56,616,617.455853
50,3,train,57,534,525.471754
50,3,train,58,431,448.021079
50,3,train,59,606,594.540619
50,3,train,60,532,525.450904
50,3,train,61,477,479.256900
50,3,train,62,442,454.111087
50,3,train,63,451,456.963013
50,3,train,64,608,590.063089
50,3,train,65,479,482.363211
50,3,train,66,578,572.653056
50,3,train,67,464,474.083864
50,3,train,68,478,489.244792
50,3,train,69,624,614.135297
50,3,train,70,517,518.242667
50,3,train,71,464,466.608387
50,3,train,72,600,598.270588
50,3,train,73,630,599.010843
50,3,train,74,504,498.288337
50,3,train,75,507,527.492874
50,3,train,76,584,585.520233
50,3,train,77,597,590.937192
50,3,train,78,472,496.595803
50,3,train,79,501,497.979901
50,3,train,80,508,506.889456
50,3,train,81,456,473.224785
50,3,train,82,583,582.662623
50,3,train,83,624,615.880366
50,3,train,84,471,480.136855
50,3,train,85,545,546.126302
50,3,train,86,572,574.556473
50,3,train,87,630,628.487095
50,3,train,88,617,616.064361
50,3,train,89,522,520.747738
50,3,train,90,543,531.669727
50,3,train,91,504,497.812594
50,3,train,92,562,542.013425
50,3,train,93,526,519.567983
50,3,train,94,613,610.176399
50,3,train,95,475,480.693936
50,3,train,96,575,567.727739
50,3,train,97,462,463.575836
50,3,train,98,510,508.941902
50,3,train,99,648,619.396010
50,3,train,100,601,614.453028
50,3,train,101,560,539.916401
50,3,train,102,488,494.315159
50,3,train,103,577,574.342484
50,3,train,104,505,507.900881
50,3,train,105,580,561.642037
50,3,train,106,509,511.138949
50,3,train,107,507,515.926393
50,3,train,108,648,648.498019
50,3,train,109,487,485.651848
50,3,train,110,479,491.702734
50,3,train,111,637,623.789474
50,3,train,112,450,458.929447
50,3,train,113,480,479.790799
50,3,train,114,689,661.514714
50,3,train,115,613,610.176399
50,3,train,116,469,467.263067
50,3,train,117,516,520.953712
50,3,train,118,557,554.861238
50,3,train,119,572,564.957033
50,3,train,120,519,515.291025
50,3,train,121,456,466.917805
50,3,train,122,541,565.049348
50,3,train,123,509,502.241385
50,3,train,124,446,466.340619
50,3,train,125,489,486.978691
50,3,train,126,591,591.607153
50,3,train,127,371,420.000896
50,3,train,128,522,520.952840
50,3,train,129,484,487.180824
50,3,train,130,596,600.573235
50,3,train,131,492,490.036240
50,3,train,132,505,515.691565
50,3,train,133,524,522.636906
50,3,train,134,485,504.291594
50,3,train,135,500,494.587551
50,3,train,136,535,529.327132
50,3,train,137,538,545.838213
50,3,train,138,511,513.825501
50,3,train,139,534,518.536425
50,3,train,140,509,511.138949
50,4,test,0,541,527.627586
50,4,test,1,463,538.310345
50,4,test,2,460,554.389655
50,4,test,3,628,599.320000
50,4,test,4,489,487.972414
50,4,test,5,476,479.420690
50,4,test,6,591,590.537931
50,4,test,7,504,490.475862
50,4,test,8,475,492.413793
50,4,test,9,488,488.289655
50,4,test,10,572,531.427586
50,4,test,11,648,549.675862
50,4,test,12,524,533.544828
50,4,test,13,618,582.134483
50,4,test,14,637,588.175862
50,4,test,15,522,514.475862
50,4,test,16,600,584.027586
50,4,test,17,572,531.427586
50,4,test,18,522,514.475862
50,4,test,19,484,494.703448
50,4,test,20,572,570.462069
50,4,test,21,623,579.548276
50,4,test,22,479,511.220690
50,4,test,23,504,500.993103
50,4,test,24,459,509.534483
50,4,test,25,517,514.158621
50,4,test,26,557,583.726897
50,4,test,27,516,531.220690
50,4,test,28,371,542.958621
50,4,test,29,473,533.358621
50,4,test,30,610,587.777586
50,4,test,31,525,513.013793
50,4,test,32,495,535.586207
50,4,test,33,575,582.082759
50,4,test,34,488,506.696552
50,4,test,35,464,488.082759
50,4,train,0,545,547.913103
50,4,train,1,525,524.606897
50,4,train,2,541,564.558621
50,4,train,3,617,588.993103
50,4,train,4,500,510.220690
50,4,train,5,580,582.393103
50,4,train,6,693,668.751724
50,4,train,7,464,470.179310
50,4,train,8,451,460.531034
50,4,train,9,463,466.303448
50,4,train,10,585,589.917241
50,4,train,11,477,486.027586
50,4,train,12,568,570.248276
50,4,train,13,500,498.186207
50,4,train,14,522,518.413793
50,4,train,15,585,589.917241
50,4,train,16,613,606.496552
50,4,train,17,577,572.582759
50,4,train,18,577,572.582759
50,4,train,19,505,501.889655
50,4,train,20,584,583.979310
50,4,train,21,509,512.406897
50,4,train,22,488,492.593103
50,4,train,23,508,508.641379
50,4,train,24,574,557.275862
50,4,train,25,479,482.627586
50,4,train,26,630,626.420690
50,4,train,27,605,599.320000
50,4,train,28,617,617.627586
50,4,train,29,608,592.234483
50,4,train,30,507,521.972414
50,4,train,31,505,506.255172
50,4,train,32,597,595.528736
50,4,train,33,507,514.420690
50,4,train,34,645,619.324138
50,4,train,35,455,464.158621
50,4,train,36,515,513.468966
50,4,train,37,584,582.527586
50,4,train,38,597,588.565517
50,4,train,39,446,464.606897
50,4,train,40,580,584.013793
50,4,train,41,594,583.726897
50,4,train,42,455,464.862069
50,4,train,43,471,480.937931
50,4,train,44,482,488.800000
50,4,train,45,506,524.917241
50,4,train,46,478,492.475862
50,4,train,47,490,503.655172
50,4,train,48,450,461.510345
50,4,train,49,577,569.068966
50,4,train,50,500,497.758621
50,4,train,51,507,528.334483
50,4,train,52,550,548.227586
50,4,train,53,670,660.875862
50,4,train,54,606,602.696552
50,4,train,55,456,475.413793
50,4,train,56,586,564.558621
50,4,train,57,469,475.075862
50,4,train,58,543,537.944828
50,4,train,59,456,482.737931
50,4,train,60,595,587.777586
50,4,train,61,596,585.664368
50,4,train,62,598,588.324138
50,4,train,63,612,604.632972
50,4,train,64,510,517.979310
50,4,train,65,616,617.882759
50,4,train,66,528,527.268966
50,4,train,67,484,488.586207
50,4,train,68,689,670.613793
50,4,train,69,480,489.262069
50,4,train,70,592,584.027586
50,4,train,71,596,604.779310
50,4,train,72,528,534.206897
50,4,train,73,524,522.941379
50,4,train,74,605,592.806897
50,4,train,75,601,601.910345
50,4,train,76,612,599.205172
50,4,train,77,617,617.627586
50,4,train,78,494,492.620690
50,4,train,79,484,483.386207
50,4,train,80,502,504.703448
50,4,train,81,555,559.208621
50,4,train,82,534,525.068966
50,4,train,83,597,595.528736
50,4,train,84,562,546.800000
50,4,train,85,560,547.068966
50,4,train,86,640,641.489655
50,4,train,87,493,490.510345
50,4,train,88,648,646.358621
50,4,train,89,583,577.241379
50,4,train,90,472,479.420690
50,4,train,91,644,616.006897
50,4,train,92,485,517.972414
50,4,train,93,442,457.855172
50,4,train,94,578,575.868966
50,4,train,95,487,487.882759
50,4,train,96,613,606.496552
50,4,train,97,505,516.103448
50,4,train,98,524,524.310345
50,4,train,99,473,499.255172
50,4,train,100,501,495.055172
50,4,train,101,561,544.475862
50,4,train,102,504,500.234483
50,4,train,103,495,493.558621
50,4,train,104,462,464.944828
50,4,train,105,584,583.979310
50,4,train,106,670,660.875862
50,4,train,107,465,473.682759
50,4,train,108,456,464.965517
50,4,train,109,475,481.827586
50,4,train,110,481,500.586207
50,4,train,111,624,607.644828
50,4,train,112,431,447.365517
50,4,train,113,509,507.151724
50,4,train,114,580,562.039080
50,4,train,115,500,506.282759
50,4,train,116,630,600.027586
50,4,train,117,526,522.834483
50,4,train,118,534,530.565517
50,4,train,119,492,494.386207
50,4,train,120,535,528.882759
50,4,train,121,538,539.810345
50,4,train,122,511,514.944828
50,4,train,123,624,614.951724
50,4,train,124,519,512.524138
50,4,train,125,644,607.365517
50,4,train,126,608,604.632972
50,4,train,127,601,611.751724
50,4,train,128,465,497.234483
50,4,train,129,472,496.255172
50,4,train,130,509,512.406897
50,4,train,131,466,467.841379
50,4,train,132,572,570.462069
50,4,train,133,523,519.296552
50,4,train,134,532,526.386207
50,4,train,135,597,592.324138
50,4,train,136,630,626.420690
50,4,train,137,516,531.220690
50,4,train,138,519,516.986207
50,4,train,139,649,638.386207
50,4,train,140,606,586.710345
50,5,test,0,482,488.692368
50,5,test,1,601,591.376465
50,5,test,2,475,481.438768
50,5,test,3,605,576.327611
50,5,test,4,617,564.910122
50,5,test,5,465,556.202924
50,5,test,6,689,634.751024
50,5,test,7,616,624.021627
50,5,test,8,522,519.318360
50,5,test,9,500,510.206675
50,5,test,10,598,587.457848
50,5,test,11,560,551.679176
50,5,test,12,500,492.159209
50,5,test,13,594,558.806195
50,5,test,14,509,498.483574
50,5,test,15,568,585.081161
50,5,test,16,600,594.763576
50,5,test,17,580,590.876616
50,5,test,18,577,559.400701
50,5,test,19,535,522.780706
50,5,test,20,618,611.640143
50,5,test,21,534,533.439061
50,5,test,22,489,486.992338
50,5,test,23,617,620.821718
50,5,test,24,591,595.220025
50,5,test,25,456,549.807606
50,5,test,26,606,594.676677
50,5,test,27,605,615.066352
50,5,test,28,472,534.640835
50,5,test,29,516,534.316356
50,5,test,30,473,535.539353
50,5,test,31,504,491.706842
50,5,test,32,475,485.050916
50,5,test,33,505,508.114012
50,5,test,34,465,526.527020
50,5,test,35,596,623.243142
50,5,train,0,644,615.469089
50,5,train,1,541,533.820162
50,5,train,2,525,520.668653
50,5,train,3,670,664.945609
50,5,train,4,517,516.334605
50,5,train,5,480,476.237290
50,5,train,6,524,523.514989
50,5,train,7,463,460.924978
50,5,train,8,464,464.891758
50,5,train,9,511,511.798698
50,5,train,10,490,504.564019
50,5,train,11,495,513.412443
50,5,train,12,584,585.671765
50,5,train,13,597,595.052355
50,5,train,14,528,522.315195
50,5,train,15,597,595.691749
50,5,train,16,525,529.182349
50,5,train,17,371,414.428977
50,5,train,18,500,506.051047
50,5,train,19,488,488.205106
50,5,train,20,510,512.407361
50,5,train,21,459,472.377593
50,5,train,22,584,585.671765
50,5,train,23,550,554.740530
50,5,train,24,464,473.730350
50,5,train,25,577,560.860929
50,5,train,26,601,612.710251
50,5,train,27,534,521.365515
50,5,train,28,524,520.926177
50,5,train,29,578,584.986848
50,5,train,30,555,559.572751
50,5,train,31,630,627.927550
50,5,train,32,492,491.952740
50,5,train,33,479,491.353435
50,5,train,34,597,595.691749
50,5,train,35,505,509.850446
50,5,train,36,485,504.817565
50,5,train,37,462,463.356107
50,5,train,38,493,489.121941
50,5,train,39,580,554.705084
50,5,train,40,507,516.479173
50,5,train,41,584,586.315300
50,5,train,42,612,604.778146
50,5,train,43,487,484.430845
50,5,train,44,519,513.798274
50,5,train,45,456,463.021120
50,5,train,46,613,606.016110
50,5,train,47,557,558.806195
50,5,train,48,624,615.364995
50,5,train,49,561,544.020088
50,5,train,50,585,589.761151
50,5,train,51,501,494.304731
50,5,train,52,648,652.438024
50,5,train,53,572,562.046214
50,5,train,54,640,635.108723
50,5,train,55,431,449.082284
50,5,train,56,455,471.951578
50,5,train,57,476,480.504695
50,5,train,58,481,487.850374
50,5,train,59,606,591.176412
50,5,train,60,484,490.360906
50,5,train,61,505,499.934918
50,5,train,62,645,625.517545
50,5,train,63,456,494.828010
50,5,train,64,596,593.435702
50,5,train,65,543,530.272866
50,5,train,66,506,519.640715
50,5,train,67,488,487.913419
50,5,train,68,624,616.986309
50,5,train,69,526,519.870202
50,5,train,70,516,534.316356
50,5,train,71,507,528.519178
50,5,train,72,693,668.511178
50,5,train,73,442,453.108753
50,5,train,74,628,615.066352
50,5,train,75,574,569.936099
50,5,train,76,446,465.333887
50,5,train,77,500,498.059337
50,5,train,78,610,598.465082
50,5,train,79,477,480.777040
50,5,train,80,528,524.207012
50,5,train,81,504,505.637501
50,5,train,82,572,562.046214
50,5,train,83,460,490.255350
50,5,train,84,509,512.662169
50,5,train,85,545,540.220547
50,5,train,86,562,540.453367
50,5,train,87,613,606.016110
50,5,train,88,585,589.761151
50,5,train,89,637,624.669920
50,5,train,90,580,589.280110
50,5,train,91,484,483.346177
50,5,train,92,524,525.177011
50,5,train,93,572,573.573793
50,5,train,94,522,517.463425
50,5,train,95,595,598.465082
50,5,train,96,577,559.400701
50,5,train,97,466,463.169670
50,5,train,98,451,455.465990
50,5,train,99,617,620.821718
50,5,train,100,508,510.775793
50,5,train,101,488,496.546735
50,5,train,102,648,615.741939
50,5,train,103,484,491.779876
50,5,train,104,644,601.751908
50,5,train,105,592,594.763576
50,5,train,106,541,563.640155
50,5,train,107,612,605.231170
50,5,train,108,623,612.770233
50,5,train,109,522,519.318360
50,5,train,110,469,466.592452
50,5,train,111,507,536.463445
50,5,train,112,538,536.715425
50,5,train,113,523,527.307974
50,5,train,114,463,465.904108
50,5,train,115,649,633.324581
50,5,train,116,572,573.573793
50,5,train,117,519,514.695826
50,5,train,118,608,601.909542
50,5,train,119,509,512.662169
50,5,train,120,532,519.472329
50,5,train,121,583,579.587875
50,5,train,122,494,496.753676
50,5,train,123,502,506.776497
50,5,train,124,670,664.945609
50,5,train,125,630,609.439396
50,5,train,126,455,463.135847
50,5,train,127,608,604.778146
50,5,train,128,586,563.640155
50,5,train,129,471,481.206158
50,5,train,130,575,581.666850
50,5,train,131,473,473.187596
50,5,train,132,450,463.157065
50,5,train,133,478,488.100673
50,5,train,134,597,591.360379
50,5,train,135,479,483.192106
50,5,train,136,472,480.504695
50,5,train,137,495,489.759791
50,5,train,138,504,498.965393
50,5,train,139,515,510.078668
50,5,train,140,630,627.927550
50,6,test,0,493,488.381406
50,6,test,1,596,613.767700
50,6,test,2,509,515.308999
50,6,test,3,585,594.068872
50,6,test,4,525,521.996106
50,6,test,5,577,571.350099
50,6,test,6,500,509.746126
50,6,test,7,516,542.765878
50,6,test,8,617,613.330989
50,6,test,9,459,489.659118
50,6,test,10,630,557.837306
50,6,test,11,451,465.344458
50,6,test,12,516,542.765878
50,6,test,13,555,589.688379
50,6,test,14,644,590.961215
50,6,test,15,580,528.432420
50,6,test,16,541,588.788896
50,6,test,17,597,592.998014
50,6,test,18,489,484.654350
50,6,test,19,522,521.578367
50,6,test,20,464,472.862932
50,6,test,21,463,465.034565
50,6,test,22,584,586.404847
50,6,test,23,538,564.831804
50,6,test,24,644,534.724275
50,6,test,25,455,488.901073
50,6,test,26,484,490.816051
50,6,test,27,484,494.992849
50,6,test,28,476,479.913389
50,6,test,29,624,598.268395
50,6,test,30,481,502.921454
50,6,test,31,528,519.383790
50,6,test,32,463,482.314064
50,6,test,33,670,655.690306
50,6,test,34,613,602.804217
50,6,test,35,446,495.406436
50,6,train,0,560,539.873659
50,6,train,1,689,669.045689
50,6,train,2,371,430.466031
50,6,train,3,601,614.664084
50,6,train,4,492,494.172825
50,6,train,5,482,484.721097
50,6,train,6,648,646.864839
50,6,train,7,586,588.788896
50,6,train,8,442,458.309893
50,6,train,9,630,628.718713
50,6,train,10,473,493.250795
50,6,train,11,572,573.669825
50,6,train,12,630,628.718713
50,6,train,13,605,614.201257
50,6,train,14,624,615.807310
50,6,train,15,648,612.243464
50,6,train,16,506,522.408522
50,6,train,17,572,563.802145
50,6,train,18,628,614.201257
50,6,train,19,495,509.970600
50,6,train,20,572,563.802145
50,6,train,21,545,544.901391
50,6,train,22,465,476.085816
50,6,train,23,616,616.098907
50,6,train,24,507,533.141359
50,6,train,25,617,613.330989
50,6,train,26,478,488.870679
50,6,train,27,584,586.404847
50,6,train,28,510,510.292014
50,6,train,29,515,510.480334
50,6,train,30,605,589.732289
50,6,train,31,504,497.063170
50,6,train,32,608,606.059124
50,6,train,33,597,592.998014
50,6,train,34,594,570.267521
50,6,train,35,472,494.088598
50,6,train,36,572,573.669825
50,6,train,37,574,563.437426
50,6,train,38,649,640.360548
50,6,train,39,464,477.002980
50,6,train,40,473,480.546782
50,6,train,41,431,445.833135
50,6,train,42,507,513.807390
50,6,train,43,523,516.653953
50,6,train,44,504,499.321812
50,6,train,45,532,524.753278
50,6,train,46,456,466.225387
50,6,train,47,606,587.551251
50,6,train,48,526,520.278903
50,6,train,49,598,591.257733
50,6,train,50,475,475.069130
50,6,train,51,519,515.101311
50,6,train,52,460,494.390028
50,6,train,53,580,570.727851
50,6,train,54,597,591.535161
50,6,train,55,575,580.278903
50,6,train,56,485,515.058204
50,6,train,57,524,523.723878
50,6,train,58,500,496.646007
50,6,train,59,456,483.806913
50,6,train,60,477,480.563170
50,6,train,61,455,473.226857
50,6,train,62,495,492.209774
50,6,train,63,488,497.372269
50,6,train,64,508,507.253874
50,6,train,65,645,625.124911
50,6,train,66,585,594.068872
50,6,train,67,583,576.396106
50,6,train,68,528,523.506555
50,6,train,69,562,544.200219
50,6,train,70,500,504.381009
50,6,train,71,535,528.397378
50,6,train,72,610,601.030791
50,6,train,73,557,570.267521
50,6,train,74,479,482.491061
50,6,train,75,534,519.095352
50,6,train,76,541,535.273838
50,6,train,77,488,487.045292
50,6,train,78,637,624.828367
50,6,train,79,534,526.918355
50,6,train,80,504,501.699642
50,6,train,81,578,577.959992
50,6,train,82,450,465.433254
50,6,train,83,511,511.289631
50,6,train,84,580,587.712342
50,6,train,85,600,595.845827
50,6,train,86,693,667.010608
50,6,train,87,522,521.578367
50,6,train,88,479,490.067938
50,6,train,89,608,592.048987
50,6,train,90,561,543.743743
50,6,train,91,584,588.665773
50,6,train,92,505,500.019070
50,6,train,93,519,517.134684
50,6,train,94,484,490.787843
50,6,train,95,595,601.030791
50,6,train,96,577,568.840346
50,6,train,97,494,503.609654
50,6,train,98,612,606.059124
50,6,train,99,601,598.550814
50,6,train,100,596,598.657290
50,6,train,101,524,529.591379
50,6,train,102,618,613.282082
50,6,train,103,597,594.589491
50,6,train,104,500,500.580056
50,6,train,105,465,493.972884
50,6,train,106,606,605.193385
50,6,train,107,577,571.350099
50,6,train,108,522,519.929678
50,6,train,109,613,602.804217
50,6,train,110,490,498.240763
50,6,train,111,509,503.992849
50,6,train,112,505,507.812872
50,6,train,113,462,465.548272
50,6,train,114,543,530.839491
50,6,train,115,507,525.044270
50,6,train,116,456,465.176400
50,6,train,117,670,655.690306
50,6,train,118,550,552.779599
50,6,train,119,524,518.444577
50,6,train,120,502,506.302145
50,6,train,121,517,515.733015
50,6,train,122,612,603.610449
50,6,train,123,617,579.088995
50,6,train,124,472,479.913389
50,6,train,125,623,616.655542
50,6,train,126,592,595.845827
50,6,train,127,469,470.648391
50,6,train,128,488,487.278903
50,6,train,129,591,591.850159
50,6,train,130,525,528.799166
50,6,train,131,501,499.501788
50,6,train,132,475,479.382598
50,6,train,133,568,573.442153
50,6,train,134,480,480.350735
50,6,train,135,471,478.617402
50,6,train,136,640,643.915375
50,6,train,137,487,485.083433
50,6,train,138,466,469.791418
50,6,train,139,509,515.308999
50,6,train,140,505,511.301291
50,7,test,0,623,602.944841
50,7,test,1,456,497.385937
50,7,test,2,606,537.372333
50,7,test,3,597,580.209651
50,7,test,4,624,603.293571
50,7,test,5,524,532.171619
50,7,test,6,543,508.337492
50,7,test,7,507,575.552095
50,7,test,8,502,507.758429
50,7,test,9,561,521.300127
50,7,test,10,597,580.209651
50,7,test,11,644,574.963164
50,7,test,12,481,516.320190
50,7,test,13,572,546.311894
50,7,test,14,526,520.421164
50,7,test,15,451,461.758974
50,7,test,16,463,476.950571
50,7,test,17,670,647.626095
50,7,test,18,578,589.498286
50,7,test,19,504,499.666571
50,7,test,20,517,512.974810
50,7,test,21,488,509.146476
50,7,test,22,507,578.758889
50,7,test,23,478,504.873000
50,7,test,24,617,614.062794
50,7,test,25,689,636.925905
50,7,test,26,613,604.327825
50,7,test,27,630,626.392444
50,7,test,28,541,514.401556
50,7,test,29,693,614.287228
50,7,test,30,628,601.289016
50,7,test,31,583,537.857730
50,7,test,32,522,511.231556
50,7,test,33,500,514.811667
50,7,test,34,466,465.419714
50,7,test,35,519,510.787206
50,7,train,0,490,490.759778
50,7,train,1,577,578.255524
50,7,train,2,584,586.024317
50,7,train,3,586,560.602206
50,7,train,4,509,510.857376
50,7,train,5,504,498.905159
50,7,train,6,494,501.999698
50,7,train,7,516,519.814794
50,7,train,8,648,631.138831
50,7,train,9,577,578.255524
50,7,train,10,455,463.198730
50,7,train,11,505,511.966063
50,7,train,12,509,500.626540
50,7,train,13,492,491.449413
50,7,train,14,670,647.626095
50,7,train,15,463,463.756307
50,7,train,16,605,588.808074
50,7,train,17,456,466.597270
50,7,train,18,596,598.291635
50,7,train,19,506,514.496143
50,7,train,20,580,552.439968
50,7,train,21,598,594.674635
50,7,train,22,594,571.699683
50,7,train,23,618,604.198175
50,7,train,24,613,604.327825
50,7,train,25,446,462.793683
50,7,train,26,601,598.821524
50,7,train,27,500,491.925175
50,7,train,28,505,497.264587
50,7,train,29,480,478.999190
50,7,train,30,455,474.231619
50,7,train,31,591,590.451333
50,7,train,32,471,479.548587
50,7,train,33,608,597.911333
50,7,train,34,624,614.724868
50,7,train,35,524,526.372032
50,7,train,36,450,459.512587
50,7,train,37,479,482.896524
50,7,train,38,575,581.284497
50,7,train,39,612,606.933270
50,7,train,40,484,488.748810
50,7,train,41,572,574.486619
50,7,train,42,472,476.100270
50,7,train,43,510,515.168381
50,7,train,44,487,483.885127
50,7,train,45,431,451.492159
50,7,train,46,485,519.028286
50,7,train,47,580,592.598910
50,7,train,48,475,481.805095
50,7,train,49,616,613.586910
50,7,train,50,465,492.295905
50,7,train,51,525,523.013238
50,7,train,52,484,490.859238
50,7,train,53,509,510.857376
50,7,train,54,560,550.944762
50,7,train,55,572,546.311894
50,7,train,56,504,494.121444
50,7,train,57,606,595.626032
50,7,train,58,456,487.378222
50,7,train,59,600,599.068201
50,7,train,60,488,492.917825
50,7,train,61,442,463.206085
50,7,train,62,550,545.779984
50,7,train,63,596,607.521556
50,7,train,64,507,511.741968
50,7,train,65,460,503.296460
50,7,train,66,601,617.266222
50,7,train,67,488,487.344937
50,7,train,68,528,527.794651
50,7,train,69,522,519.793185
50,7,train,70,645,624.461243
50,7,train,71,495,518.908651
50,7,train,72,545,544.259556
50,7,train,73,610,598.898429
50,7,train,74,523,520.632286
50,7,train,75,482,485.483397
50,7,train,76,511,514.903063
50,7,train,77,535,522.506730
50,7,train,78,648,608.619762
50,7,train,79,597,592.279143
50,7,train,80,473,496.904762
50,7,train,81,541,560.602206
50,7,train,82,612,603.616476
50,7,train,83,489,486.536206
50,7,train,84,477,476.868794
50,7,train,85,495,492.788222
50,7,train,86,585,587.478095
50,7,train,87,465,505.154175
50,7,train,88,630,610.337683
50,7,train,89,617,592.586730
50,7,train,90,637,611.188333
50,7,train,91,519,517.335333
50,7,train,92,500,496.234222
50,7,train,93,476,476.100270
50,7,train,94,479,489.266444
50,7,train,95,649,639.080444
50,7,train,96,617,614.062794
50,7,train,97,464,469.619053
50,7,train,98,464,464.315243
50,7,train,99,584,585.658032
50,7,train,100,577,568.828984
50,7,train,101,524,517.614730
50,7,train,102,605,601.289016
50,7,train,103,462,463.524000
50,7,train,104,522,519.793185
50,7,train,105,515,507.408984
50,7,train,106,475,479.371683
50,7,train,107,584,586.024317
50,7,train,108,562,543.522762
50,7,train,109,630,626.392444
50,7,train,110,532,522.673778
50,7,train,111,555,555.268095
50,7,train,112,644,605.314667
50,7,train,113,528,527.370921
50,7,train,114,574,572.815079
50,7,train,115,597,595.522815
50,7,train,116,534,528.413063
50,7,train,117,534,533.745048
50,7,train,118,557,571.699683
50,7,train,119,608,606.933270
50,7,train,120,525,527.811725
50,7,train,121,459,482.867889
50,7,train,122,472,500.161333
50,7,train,123,501,496.256429
50,7,train,124,538,547.813397
50,7,train,125,508,509.321413
50,7,train,126,505,507.108841
50,7,train,127,592,599.068201
50,7,train,128,500,506.651587
50,7,train,129,580,589.367587
50,7,train,130,469,472.403365
50,7,train,131,585,587.478095
50,7,train,132,493,490.307222
50,7,train,133,473,490.738190
50,7,train,134,371,443.182995
50,7,train,135,516,519.814794
50,7,train,136,572,574.486619
50,7,train,137,484,486.862952
50,7,train,138,595,598.898429
50,7,train,139,568,577.816571
50,7,train,140,640,636.034984
50,8,test,0,511,514.790353
50,8,test,1,601,629.734694
50,8,test,2,572,572.866729
50,8,test,3,475,491.413729
50,8,test,4,562,517.599876
50,8,test,5,617,628.957836
50,8,test,6,689,634.518553
50,8,test,7,591,588.625974
50,8,test,8,534,513.274119
50,8,test,9,624,602.334570
50,8,test,10,601,596.477118
50,8,test,11,568,581.828139
50,8,test,12,462,499.995516
50,8,test,13,473,534.264811
50,8,test,14,519,512.745826
50,8,test,15,595,598.312369
50,8,test,16,455,487.170068
50,8,test,17,555,559.810761
50,8,test,18,586,555.684601
50,8,test,19,525,517.729499
50,8,test,20,597,587.777613
50,8,test,21,617,628.957836
50,8,test,22,605,569.985622
50,8,test,23,528,518.883117
50,8,test,24,446,495.152134
50,8,test,25,476,481.046382
50,8,test,26,475,477.901670
50,8,test,27,612,592.478602
50,8,test,28,465,550.724799
50,8,test,29,583,544.653525
50,8,test,30,488,493.038961
50,8,test,31,431,496.800711
50,8,test,32,507,566.167965
50,8,test,33,606,545.260823
50,8,test,34,481,506.155040
50,8,test,35,526,514.307978
50,8,train,0,630,606.762523
50,8,train,1,510,510.475881
50,8,train,2,617,592.117192
50,8,train,3,577,563.826469
50,8,train,4,488,488.326531
50,8,train,5,506,518.220779
50,8,train,6,471,478.677180
50,8,train,7,505,509.610451
50,8,train,8,504,499.625232
50,8,train,9,484,483.838590
50,8,train,10,515,512.560915
50,8,train,11,557,571.073840
50,8,train,12,456,487.840445
50,8,train,13,487,484.935065
50,8,train,14,572,564.519481
50,8,train,15,630,628.949907
50,8,train,16,538,543.330983
50,8,train,17,608,592.478602
50,8,train,18,371,417.132096
50,8,train,19,580,585.556851
50,8,train,20,584,587.460111
50,8,train,21,580,558.790353
50,8,train,22,500,504.146568
50,8,train,23,623,613.989703
50,8,train,24,495,506.715213
50,8,train,25,561,544.233766
50,8,train,26,628,612.537683
50,8,train,27,492,491.011132
50,8,train,28,574,561.884972
50,8,train,29,472,481.046382
50,8,train,30,509,511.081633
50,8,train,31,480,476.816327
50,8,train,32,516,519.949753
50,8,train,33,637,621.860853
50,8,train,34,613,607.607297
50,8,train,35,608,596.558442
50,8,train,36,524,522.693878
50,8,train,37,519,514.237477
50,8,train,38,597,593.194805
50,8,train,39,606,597.541435
50,8,train,40,523,519.370130
50,8,train,41,488,496.932900
50,8,train,42,477,477.155844
50,8,train,43,456,469.930118
50,8,train,44,618,614.046382
50,8,train,45,509,511.081633
50,8,train,46,493,491.207792
50,8,train,47,575,580.012987
50,8,train,48,577,571.708967
50,8,train,49,501,497.552876
50,8,train,50,585,589.526345
50,8,train,51,596,591.698136
50,8,train,52,463,468.128015
50,8,train,53,649,635.272727
50,8,train,54,598,591.810761
50,8,train,55,693,661.181818
50,8,train,56,630,628.949907
50,8,train,57,508,507.612245
50,8,train,58,469,471.040816
50,8,train,59,472,493.600649
50,8,train,60,524,527.739023
50,8,train,61,545,548.475974
50,8,train,62,597,594.211503
50,8,train,63,543,529.152134
50,8,train,64,484,487.593692
50,8,train,65,525,528.488404
50,8,train,66,580,585.643630
50,8,train,67,522,521.290353
50,8,train,68,505,506.489796
50,8,train,69,504,498.223871
50,8,train,70,450,460.868275
50,8,train,71,478,489.649351
50,8,train,72,495,492.868275
50,8,train,73,624,616.241187
50,8,train,74,584,585.314780
50,8,train,75,459,471.665584
50,8,train,76,500,495.766234
50,8,train,77,594,571.073840
50,8,train,78,616,619.938930
50,8,train,79,541,532.391466
50,8,train,80,560,541.045455
50,8,train,81,644,602.628633
50,8,train,82,505,499.688312
50,8,train,83,494,498.398887
50,8,train,84,463,467.504638
50,8,train,85,648,648.054051
50,8,train,86,592,595.933369
50,8,train,87,464,471.664193
50,8,train,88,484,489.301793
50,8,train,89,504,504.567718
50,8,train,90,585,589.526345
50,8,train,91,645,621.094620
50,8,train,92,479,493.135065
50,8,train,93,578,579.923315
50,8,train,94,541,555.684601
50,8,train,95,455,480.476190
50,8,train,96,610,598.312369
50,8,train,97,577,571.708967
50,8,train,98,535,530.076067
50,8,train,99,507,515.949907
50,8,train,100,612,603.340754
50,8,train,101,670,665.485158
50,8,train,102,490,506.482684
50,8,train,103,572,572.866729
50,8,train,104,550,545.532962
50,8,train,105,485,515.674459
50,8,train,106,489,488.413729
50,8,train,107,502,506.122449
50,8,train,108,534,525.099258
50,8,train,109,524,518.473098
50,8,train,110,509,502.489796
50,8,train,111,640,634.481756
50,8,train,112,500,502.157699
50,8,train,113,605,612.537683
50,8,train,114,596,603.495424
50,8,train,115,644,619.419913
50,8,train,116,528,521.324675
50,8,train,117,482,489.608534
50,8,train,118,572,564.519481
50,8,train,119,460,486.609338
50,8,train,120,648,614.271490
50,8,train,121,442,455.239332
50,8,train,122,670,665.485158
50,8,train,123,522,520.858998
50,8,train,124,473,482.599258
50,8,train,125,464,465.727273
50,8,train,126,532,519.217069
50,8,train,127,507,529.583117
50,8,train,128,451,455.760668
50,8,train,129,479,483.035250
50,8,train,130,465,475.480519
50,8,train,131,456,465.944341
50,8,train,132,613,607.607297
50,8,train,133,466,464.302412
50,8,train,134,600,595.933369
50,8,train,135,516,519.949753
50,8,train,136,584,585.314780
50,8,train,137,500,503.857143
50,8,train,138,517,514.925788
50,8,train,139,522,520.858998
50,8,train,140,597,593.194805
50,9,test,0,507,559.364710
50,9,test,1,510,521.013074
50,9,test,2,648,630.892903
50,9,test,3,500,493.234265
50,9,test,4,606,567.279685
50,9,test,5,482,492.606628
50,9,test,6,605,569.836727
50,9,test,7,488,503.407090
50,9,test,8,585,607.130186
50,9,test,9,585,607.130186
50,9,test,10,640,644.924402
50,9,test,11,630,561.260145
50,9,test,12,586,550.612240
50,9,test,13,644,536.675052
50,9,test,14,505,537.430045
50,9,test,15,495,491.919542
50,9,test,16,560,531.210765
50,9,test,17,472,525.151869
50,9,test,18,543,515.459526
50,9,test,19,572,573.376877
50,9,test,20,577,572.504272
50,9,test,21,612,577.630708
50,9,test,22,550,553.435193
50,9,test,23,595,597.924579
50,9,test,24,459,501.345985
50,9,test,25,597,589.471970
50,9,test,26,509,515.077857
50,9,test,27,492,493.103844
50,9,test,28,616,617.458302
50,9,test,29,591,589.005716
50,9,test,30,477,490.117424
50,9,test,31,500,513.683980
50,9,test,32,608,595.429199
50,9,test,33,371,510.532080
50,9,test,34,644,578.283815
50,9,test,35,504,495.093427
50,9,train,0,475,479.034843
50,9,train,1,528,524.450916
50,9,train,2,592,594.192834
50,9,train,3,541,550.612240
50,9,train,4,568,572.871513
50,9,train,5,535,527.218508
50,9,train,6,617,586.415465
50,9,train,7,524,526.006354
50,9,train,8,485,511.057282
50,9,train,9,456,468.405289
50,9,train,10,613,608.070677
50,9,train,11,472,479.465386
50,9,train,12,596,602.765015
50,9,train,13,471,480.558582
50,9,train,14,507,515.129072
50,9,train,15,525,521.472739
50,9,train,16,484,481.919156
50,9,train,17,606,598.112943
50,9,train,18,557,572.412000
50,9,train,19,562,546.401963
50,9,train,20,473,485.254208
50,9,train,21,473,492.472115
50,9,train,22,572,564.655209
50,9,train,23,598,589.959416
50,9,train,24,522,521.419943
50,9,train,25,584,587.157970
50,9,train,26,484,491.923723
50,9,train,27,610,597.924579
50,9,train,28,509,515.077857
50,9,train,29,628,611.565655
50,9,train,30,538,544.414647
50,9,train,31,511,512.494234
50,9,train,32,450,463.294483
50,9,train,33,500,504.290034
50,9,train,34,528,524.742043
50,9,train,35,612,595.429199
50,9,train,36,597,591.090498
50,9,train,37,541,538.028894
50,9,train,38,431,448.897179
50,9,train,39,584,583.482641
50,9,train,40,577,563.052994
50,9,train,41,478,486.404571
50,9,train,42,617,615.592995
50,9,train,43,500,497.862709
50,9,train,44,522,521.419943
50,9,train,45,649,639.512257
50,9,train,46,524,522.009119
50,9,train,47,494,497.561163
50,9,train,48,577,572.504272
50,9,train,49,487,485.324144
50,9,train,50,488,488.190697
50,9,train,51,584,583.482641
50,9,train,52,479,492.562368
50,9,train,53,465,492.478368
50,9,train,54,583,571.248240
50,9,train,55,613,608.070677
50,9,train,56,466,465.399091
50,9,train,57,670,661.879849
50,9,train,58,637,621.571419
50,9,train,59,630,629.567195
50,9,train,60,517,515.561356
50,9,train,61,455,466.872141
50,9,train,62,505,506.365499
50,9,train,63,578,575.710923
50,9,train,64,505,501.525488
50,9,train,65,624,612.179322
50,9,train,66,618,611.835043
50,9,train,67,605,611.565655
50,9,train,68,462,464.609360
50,9,train,69,501,496.600982
50,9,train,70,460,501.472704
50,9,train,71,534,523.531271
50,9,train,72,515,513.302641
50,9,train,73,617,615.592995
50,9,train,74,545,548.554066
50,9,train,75,508,510.788951
50,9,train,76,597,589.471970
50,9,train,77,489,487.564381
50,9,train,78,600,594.192834
50,9,train,79,481,495.851199
50,9,train,80,575,579.138454
50,9,train,81,623,614.427989
50,9,train,82,580,585.808258
50,9,train,83,608,595.228927
50,9,train,84,479,484.405106
50,9,train,85,469,473.653279
50,9,train,86,464,469.035986
50,9,train,87,670,661.879849
50,9,train,88,597,590.414245
50,9,train,89,580,572.194213
50,9,train,90,509,503.106250
50,9,train,91,572,564.655209
50,9,train,92,594,572.412000
50,9,train,93,456,469.043374
50,9,train,94,465,479.960686
50,9,train,95,451,456.621664
50,9,train,96,574,557.069110
50,9,train,97,475,480.420194
50,9,train,98,493,489.615892
50,9,train,99,476,479.465386
50,9,train,100,484,492.402195
50,9,train,101,693,657.290837
50,9,train,102,463,467.871398
50,9,train,103,507,518.079415
50,9,train,104,504,497.616753
50,9,train,105,506,523.708118
50,9,train,106,624,615.615223
50,9,train,107,630,629.567195
50,9,train,108,555,555.652373
50,9,train,109,504,501.226731
50,9,train,110,524,520.403977
50,9,train,111,490,500.725402
50,9,train,112,523,517.789912
50,9,train,113,463,483.358215
50,9,train,114,516,518.962862
50,9,train,115,580,560.896340
50,9,train,116,601,613.069684
50,9,train,117,532,523.323748
50,9,train,118,596,592.200934
50,9,train,119,525,522.681319
50,9,train,120,464,477.970897
50,9,train,121,519,515.525927
50,9,train,122,648,617.202042
50,9,train,123,495,511.331881
50,9,train,124,645,622.063019
50,9,train,125,522,518.505933
50,9,train,126,480,481.399495
50,9,train,127,456,483.200730
50,9,train,128,488,490.604401
50,9,train,129,572,573.376877
50,9,train,130,526,525.850950
50,9,train,131,601,600.121699
50,9,train,132,442,455.013630
50,9,train,133,561,541.493069
50,9,train,134,455,466.772950
50,9,train,135,502,506.228991
50,9,train,136,446,464.728486
50,9,train,137,534,526.996171
50,9,train,138,689,661.455199
50,9,train,139,516,518.962862
50,9,train,140,519,513.227375
50,10,test,0,557,579.763138
50,10,test,1,572,569.236593
50,10,test,2,507,530.707317
50,10,test,3,510,515.388067
50,10,test,4,534,521.869030
50,10,test,5,613,599.885429
50,10,test,6,526,519.390909
50,10,test,7,616,623.375661
50,10,test,8,462,465.390496
50,10,test,9,577,531.867360
50,10,test,10,525,542.592881
50,10,test,11,509,508.044515
50,10,test,12,472,533.466486
50,10,test,13,464,486.101008
50,10,test,14,572,547.794734
50,10,test,15,442,481.283497
50,10,test,16,584,585.860044
50,10,test,17,524,528.893412
50,10,test,18,469,492.428174
50,10,test,19,506,552.806453
50,10,test,20,475,486.049767
50,10,test,21,481,513.257812
50,10,test,22,610,572.758588
50,10,test,23,580,520.814074
50,10,test,24,595,572.758588
50,10,test,25,500,509.080468
50,10,test,26,592,591.842723
50,10,test,27,517,516.505969
50,10,test,28,456,500.938736
50,10,test,29,488,489.870442
50,10,test,30,543,504.290931
50,10,test,31,524,513.000445
50,10,test,32,612,591.613808
50,10,test,33,504,493.878775
50,10,test,34,522,511.261874
50,10,test,35,591,590.777680
50,10,train,0,584,585.860044
50,10,train,1,572,569.236593
50,10,train,2,693,663.930903
50,10,train,3,466,471.587715
50,10,train,4,583,578.259093
50,10,train,5,535,532.708733
50,10,train,6,640,642.247410
50,10,train,7,490,505.015965
50,10,train,8,523,516.753009
50,10,train,9,630,627.812354
50,10,train,10,504,497.387073
50,10,train,11,489,487.028683
50,10,train,12,630,627.812354
50,10,train,13,606,598.950659
50,10,train,14,446,466.142400
50,10,train,15,645,617.074528
50,10,train,16,505,518.588942
50,10,train,17,584,587.469531
50,10,train,18,601,612.995173
50,10,train,19,505,501.285876
50,10,train,20,541,563.391424
50,10,train,21,456,471.418209
50,10,train,22,528,525.248111
50,10,train,23,644,603.488484
50,10,train,24,624,616.284150
50,10,train,25,371,421.291977
50,10,train,26,689,665.992115
50,10,train,27,494,495.233888
50,10,train,28,484,489.173702
50,10,train,29,585,589.070216
50,10,train,30,471,481.251198
50,10,train,31,493,490.969844
50,10,train,32,484,490.945727
50,10,train,33,670,663.642024
50,10,train,34,608,589.081913
50,10,train,35,624,613.675603
50,10,train,36,522,521.609479
50,10,train,37,600,591.842723
50,10,train,38,568,571.155367
50,10,train,39,596,605.218860
50,10,train,40,572,547.794734
50,10,train,41,492,490.911417
50,10,train,42,644,621.645562
50,10,train,43,460,493.425350
50,10,train,44,541,551.089184
50,10,train,45,580,581.398712
50,10,train,46,475,481.449831
50,10,train,47,473,499.003426
50,10,train,48,511,512.264487
50,10,train,49,618,613.828121
50,10,train,50,648,646.403668
50,10,train,51,488,493.878853
50,10,train,52,623,614.790840
50,10,train,53,628,611.803654
50,10,train,54,598,591.911331
50,10,train,55,500,504.375389
50,10,train,56,580,587.764338
50,10,train,57,487,485.974977
50,10,train,58,473,478.719006
50,10,train,59,479,484.752732
50,10,train,60,596,588.276051
50,10,train,61,500,495.418822
50,10,train,62,495,508.555439
50,10,train,63,505,507.392599
50,10,train,64,561,546.378329
50,10,train,65,613,599.885429
50,10,train,66,459,476.339289
50,10,train,67,509,511.844034
50,10,train,68,597,592.516591
50,10,train,69,508,507.124273
50,10,train,70,507,518.413640
50,10,train,71,516,521.140386
50,10,train,72,574,557.974363
50,10,train,73,534,522.532453
50,10,train,74,451,465.243555
50,10,train,75,597,592.654607
50,10,train,76,562,544.808762
50,10,train,77,617,595.404165
50,10,train,78,519,516.272483
50,10,train,79,555,560.181575
50,10,train,80,463,470.645529
50,10,train,81,608,591.613808
50,10,train,82,456,482.137715
50,10,train,83,597,595.068591
50,10,train,84,597,595.068591
50,10,train,85,524,521.986124
50,10,train,86,577,574.037641
50,10,train,87,501,496.492582
50,10,train,88,450,464.218526
50,10,train,89,594,579.763138
50,10,train,90,605,588.203434
50,10,train,91,577,574.037641
50,10,train,92,478,488.483173
50,10,train,93,605,611.803654
50,10,train,94,515,510.730411
50,10,train,95,532,524.811039
50,10,train,96,649,640.298546
50,10,train,97,504,497.624480
50,10,train,98,509,511.844034
50,10,train,99,484,483.622062
50,10,train,100,522,521.609479
50,10,train,101,648,613.922456
50,10,train,102,586,563.391424
50,10,train,103,578,574.604530
50,10,train,104,465,490.895707
50,10,train,105,612,598.939165
50,10,train,106,455,464.424166
50,10,train,107,477,481.497464
50,10,train,108,585,589.070216
50,10,train,109,630,605.041160
50,10,train,110,670,663.642024
50,10,train,111,516,521.140386
50,10,train,112,463,468.521948
50,10,train,113,519,513.764856
50,10,train,114,507,524.652374
50,10,train,115,525,518.117740
50,10,train,116,482,486.915869
50,10,train,117,488,489.470981
50,10,train,118,637,619.789372
50,10,train,119,480,494.713733
50,10,train,120,606,590.640884
50,10,train,121,485,511.093343
50,10,train,122,617,617.390983
50,10,train,123,560,547.588167
50,10,train,124,464,475.220480
50,10,train,125,617,617.390983
50,10,train,126,545,546.286055
50,10,train,127,465,481.043626
50,10,train,128,601,601.286553
50,10,train,129,538,539.120197
50,10,train,130,495,492.986989
50,10,train,131,472,480.410298
50,10,train,132,431,457.726032
50,10,train,133,500,496.466599
50,10,train,134,476,480.410298
50,10,train,135,479,491.870554
50,10,train,136,575,580.553586
50,10,train,137,455,467.798983
50,10,train,138,550,554.067723
50,10,train,139,502,506.303407
50,10,train,140,528,521.908255
100,1,test,0,584,587.882051
100,1,test,1,510,521.401481
100,1,test,2,525,526.535043
100,1,test,3,557,581.121368
100,1,test,4,596,619.596581
100,1,test,5,528,515.335043
100,1,test,6,645,579.307692
100,1,test,7,460,550.892308
100,1,test,8,572,545.893447
100,1,test,9,509,515.150427
100,1,test,10,577,571.345299
100,1,test,11,555,555.256410
100,1,test,12,485,546.025641
100,1,test,13,580,606.415385
100,1,test,14,456,489.055912
100,1,test,15,597,580.797863
100,1,test,16,484,493.297346
100,1,test,17,584,593.748718
100,1,test,18,502,511.269801
100,1,test,19,612,583.408120
100,1,test,20,644,587.051282
100,1,test,21,501,486.988034
100,1,test,22,462,464.400342
100,1,test,23,495,491.444029
100,1,test,24,601,617.352137
100,1,test,25,613,590.411966
100,1,test,26,610,588.010256
100,1,test,27,580,595.151795
100,1,test,28,545,557.694017
100,1,test,29,469,467.528205
100,1,test,30,479,488.432515
100,1,test,31,478,504.532308
100,1,test,32,446,499.667475
100,1,test,33,463,477.176923
100,1,test,34,613,590.695726
100,1,test,35,572,573.107692
100,1,train,0,572,545.893447
100,1,train,1,524,523.948718
100,1,train,2,575,574.081624
100,1,train,3,600,595.145299
100,1,train,4,560,543.349744
100,1,train,5,442,450.263248
100,1,train,6,451,455.570940
100,1,train,7,616,618.981197
100,1,train,8,534,529.842735
100,1,train,9,608,604.167521
100,1,train,10,489,487.522507
100,1,train,11,637,622.774359
100,1,train,12,648,619.357265
100,1,train,13,523,517.857664
100,1,train,14,519,515.186553
100,1,train,15,524,525.158405
100,1,train,16,500,497.889744
100,1,train,17,495,512.500855
100,1,train,18,585,589.379487
100,1,train,19,509,514.883761
100,1,train,20,577,571.345299
100,1,train,21,479,491.176311
100,1,train,22,504,503.153205
100,1,train,23,509,501.831795
100,1,train,24,606,594.258120
100,1,train,25,605,593.441026
100,1,train,26,484,490.868718
100,1,train,27,488,488.902865
100,1,train,28,630,630.352137
100,1,train,29,507,533.687179
100,1,train,30,522,523.070313
100,1,train,31,628,618.006838
100,1,train,32,522,523.070313
100,1,train,33,578,579.251282
100,1,train,34,640,646.087179
100,1,train,35,618,614.764103
100,1,train,36,431,452.977778
100,1,train,37,649,640.244444
100,1,train,38,526,528.678746
100,1,train,39,535,526.133333
100,1,train,40,507,524.923006
100,1,train,41,541,554.524786
100,1,train,42,612,605.856410
100,1,train,43,617,594.570085
100,1,train,44,459,476.273618
100,1,train,45,597,596.071795
100,1,train,46,538,542.943590
100,1,train,47,508,510.492707
100,1,train,48,525,524.978917
100,1,train,49,455,463.825641
100,1,train,50,472,498.718889
100,1,train,51,596,585.060969
100,1,train,52,617,615.268376
100,1,train,53,623,617.234188
100,1,train,54,594,581.121368
100,1,train,55,480,478.255171
100,1,train,56,504,498.225869
100,1,train,57,516,521.089003
100,1,train,58,541,537.274530
100,1,train,59,505,506.942593
100,1,train,60,515,509.555670
100,1,train,61,522,516.816752
100,1,train,62,506,519.937778
100,1,train,63,577,568.794872
100,1,train,64,574,560.398291
100,1,train,65,624,614.090598
100,1,train,66,543,531.170940
100,1,train,67,644,603.634839
100,1,train,68,584,587.882051
100,1,train,69,500,505.055983
100,1,train,70,689,667.570940
100,1,train,71,586,574.370940
100,1,train,72,617,615.268376
100,1,train,73,473,496.876435
100,1,train,74,572,573.107692
100,1,train,75,595,588.010256
100,1,train,76,528,527.451282
100,1,train,77,492,492.423134
100,1,train,78,516,521.089003
100,1,train,79,473,478.852137
100,1,train,80,505,522.974359
100,1,train,81,534,517.646154
100,1,train,82,630,630.352137
100,1,train,83,670,663.974359
100,1,train,84,598,585.233761
100,1,train,85,488,497.053875
100,1,train,86,481,492.462293
100,1,train,87,455,465.978803
100,1,train,88,550,555.075214
100,1,train,89,505,499.053022
100,1,train,90,608,593.444444
100,1,train,91,482,484.492409
100,1,train,92,466,466.962393
100,1,train,93,471,477.999259
100,1,train,94,624,621.309402
100,1,train,95,591,591.794872
100,1,train,96,488,489.689756
100,1,train,97,606,602.170940
100,1,train,98,693,667.205128
100,1,train,99,475,476.288258
100,1,train,100,484,488.781538
100,1,train,101,580,559.222222
100,1,train,102,511,512.623077
100,1,train,103,562,541.963077
100,1,train,104,630,601.270769
100,1,train,105,583,581.066667
100,1,train,106,465,487.993276
100,1,train,107,524,515.305983
100,1,train,108,472,476.156150
100,1,train,109,456,465.979957
100,1,train,110,456,487.417094
100,1,train,111,475,482.523059
100,1,train,112,465,495.165812
100,1,train,113,561,543.757265
100,1,train,114,464,467.752137
100,1,train,115,490,503.377778
100,1,train,116,450,464.680057
100,1,train,117,601,613.882051
100,1,train,118,463,468.290598
100,1,train,119,670,663.974359
100,1,train,120,597,596.071795
100,1,train,121,592,591.990883
100,1,train,122,597,594.964103
100,1,train,123,371,422.205128
100,1,train,124,500,503.157265
100,1,train,125,476,477.815295
100,1,train,126,464,475.211966
100,1,train,127,494,496.134530
100,1,train,128,585,589.379487
100,1,train,129,507,512.363419
100,1,train,130,568,572.603419
100,1,train,131,500,503.510342
100,1,train,132,605,608.767521
100,1,train,133,519,518.944160
100,1,train,134,504,500.308989
100,1,train,135,487,484.682422
100,1,train,136,517,514.559088
100,1,train,137,532,524.858803
100,1,train,138,493,491.386724
100,1,train,139,477,479.959259
100,1,train,140,648,652.979487
100,2,test,0,495,539.943589
100,2,test,1,473,527.554708
100,2,test,2,618,602.158599
100,2,test,3,568,587.846823
100,2,test,4,584,593.346170
100,2,test,5,507,568.473290
100,2,test,6,455,501.237190
100,2,test,7,543,509.413194
100,2,test,8,597,580.141344
100,2,test,9,600,596.713748
100,2,test,10,524,532.376789
100,2,test,11,475,474.500736
100,2,test,12,459,494.756133
100,2,test,13,500,503.519279
100,2,test,14,689,632.582354
100,2,test,15,606,565.013889
100,2,test,16,580,603.338870
100,2,test,17,541,576.725714
100,2,test,18,580,582.059640
100,2,test,19,476,483.501128
100,2,test,20,617,553.595866
100,2,test,21,628,598.238518
100,2,test,22,509,532.372435
100,2,test,23,509,532.372435
100,2,test,24,463,485.199098
100,2,test,25,596,614.997665
100,2,test,26,522,531.506162
100,2,test,27,608,577.613938
100,2,test,28,560,511.316622
100,2,test,29,693,629.755304
100,2,test,30,517,514.539423
100,2,test,31,455,512.417505
100,2,test,32,446,494.206515
100,2,test,33,534,503.493514
100,2,test,34,577,572.935294
100,2,test,35,575,577.550574
100,2,train,0,528,519.308105
100,2,train,1,645,614.909143
100,2,train,2,585,596.300161
100,2,train,3,516,528.033608
100,2,train,4,479,485.370490
100,2,train,5,473,480.941117
100,2,train,6,487,483.274308
100,2,train,7,460,517.932651
100,2,train,8,500,494.325980
100,2,train,9,596,593.356867
100,2,train,10,519,516.370247
100,2,train,11,608,598.094188
100,2,train,12,492,490.472623
100,2,train,13,509,498.953574
100,2,train,14,479,494.339807
100,2,train,15,505,507.679350
100,2,train,16,466,463.406475
100,2,train,17,613,608.087726
100,2,train,18,630,629.336603
100,2,train,19,511,511.822810
100,2,train,20,478,484.719919
100,2,train,21,465,501.215235
100,2,train,22,605,598.238518
100,2,train,23,524,516.239972
100,2,train,24,515,510.302629
100,2,train,25,477,479.031637
100,2,train,26,494,498.421759
100,2,train,27,577,572.935294
100,2,train,28,488,496.660764
100,2,train,29,578,571.730784
100,2,train,30,484,486.014454
100,2,train,31,465,485.205034
100,2,train,32,480,468.049100
100,2,train,33,538,551.304138
100,2,train,34,586,576.679659
100,2,train,35,532,522.661943
100,2,train,36,598,580.770760
100,2,train,37,670,647.954184
100,2,train,38,507,523.713508
100,2,train,39,505,519.188280
100,2,train,40,500,506.667918
100,2,train,41,519,513.168059
100,2,train,42,525,526.756791
100,2,train,43,630,581.446711
100,2,train,44,508,509.746270
100,2,train,45,605,594.577249
100,2,train,46,442,457.134612
100,2,train,47,482,486.336972
100,2,train,48,484,489.450226
100,2,train,49,464,476.750999
100,2,train,50,451,459.278741
100,2,train,51,371,456.958596
100,2,train,52,524,516.596505
100,2,train,53,535,528.976333
100,2,train,54,472,493.969794
100,2,train,55,545,548.849073
100,2,train,56,572,573.356088
100,2,train,57,617,617.399735
100,2,train,58,649,629.197300
100,2,train,59,504,498.425791
100,2,train,60,463,464.212345
100,2,train,61,456,487.019055
100,2,train,62,601,615.501986
100,2,train,63,630,629.336603
100,2,train,64,572,557.014788
100,2,train,65,597,593.105399
100,2,train,66,648,612.666686
100,2,train,67,613,608.080689
100,2,train,68,500,507.475368
100,2,train,69,502,507.783020
100,2,train,70,464,462.038463
100,2,train,71,489,486.105961
100,2,train,72,504,493.714149
100,2,train,73,592,596.713748
100,2,train,74,475,481.918141
100,2,train,75,505,500.383474
100,2,train,76,534,520.187561
100,2,train,77,525,531.849290
100,2,train,78,481,493.951308
100,2,train,79,670,647.954184
100,2,train,80,612,598.094188
100,2,train,81,585,596.300161
100,2,train,82,528,540.472966
100,2,train,83,456,462.151007
100,2,train,84,574,560.843408
100,2,train,85,601,604.660075
100,2,train,86,577,569.269943
100,2,train,87,488,490.591261
100,2,train,88,472,483.501128
100,2,train,89,456,477.979739
100,2,train,90,591,593.650789
100,2,train,91,624,612.299934
100,2,train,92,431,463.658898
100,2,train,93,597,593.105399
100,2,train,94,584,586.763625
100,2,train,95,469,461.772988
100,2,train,96,522,531.506162
100,2,train,97,495,492.855382
100,2,train,98,526,518.757865
100,2,train,99,640,633.688017
100,2,train,100,616,617.733856
100,2,train,101,580,554.723839
100,2,train,102,623,606.809647
100,2,train,103,507,537.100373
100,2,train,104,597,594.542122
100,2,train,105,624,616.192287
100,2,train,106,471,481.333127
100,2,train,107,506,526.879463
100,2,train,108,583,566.326943
100,2,train,109,504,501.583082
100,2,train,110,594,569.653292
100,2,train,111,617,617.399735
100,2,train,112,557,569.529868
100,2,train,113,595,600.338791
100,2,train,114,488,487.384923
100,2,train,115,523,516.283336
100,2,train,116,637,616.208815
100,2,train,117,644,579.883359
100,2,train,118,572,573.312591
100,2,train,119,644,621.455392
100,2,train,120,485,520.071516
100,2,train,121,555,570.088099
100,2,train,122,572,557.014788
100,2,train,123,648,637.107189
100,2,train,124,510,513.901132
100,2,train,125,522,520.937781
100,2,train,126,484,489.715039
100,2,train,127,612,594.001581
100,2,train,128,490,514.897958
100,2,train,129,610,600.420284
100,2,train,130,462,468.596856
100,2,train,131,584,586.763625
100,2,train,132,541,531.372444
100,2,train,133,450,470.162616
100,2,train,134,516,528.033608
100,2,train,135,501,497.155614
100,2,train,136,606,603.673522
100,2,train,137,561,536.262679
100,2,train,138,493,491.835959
100,2,train,139,550,555.582910
100,2,train,140,562,537.255124
100,3,test,0,601,601.499994
100,3,test,1,596,621.691888
100,3,test,2,574,540.192909
100,3,test,3,466,464.814833
100,3,test,4,482,486.117736
100,3,test,5,473,519.024653
100,3,test,6,594,550.846341
100,3,test,7,493,489.234291
100,3,test,8,524,527.069513
100,3,test,9,644,536.486584
100,3,test,10,455,492.350051
100,3,test,11,475,471.750167
100,3,test,12,505,495.114338
100,3,test,13,612,577.297819
100,3,test,14,644,572.852878
100,3,test,15,459,492.118342
100,3,test,16,597,589.943792
100,3,test,17,550,565.450433
100,3,test,18,524,512.495209
100,3,test,19,506,555.469315
100,3,test,20,523,505.849964
100,3,test,21,500,511.957191
100,3,test,22,568,584.593538
100,3,test,23,640,638.740353
100,3,test,24,605,607.563081
100,3,test,25,465,495.458981
100,3,test,26,610,591.734147
100,3,test,27,608,574.859140
100,3,test,28,585,602.070380
100,3,test,29,584,588.601985
100,3,test,30,597,567.569071
100,3,test,31,555,563.782201
100,3,test,32,507,560.227416
100,3,test,33,670,642.364869
100,3,test,34,598,564.911708
100,3,test,35,617,544.297052
100,3,train,0,580,589.054561
100,3,train,1,595,591.734147
100,3,train,2,612,582.911693
100,3,train,3,463,465.315733
100,3,train,4,463,463.992561
100,3,train,5,541,555.254528
100,3,train,6,617,614.975847
100,3,train,7,572,556.552754
100,3,train,8,525,522.413871
100,3,train,9,495,523.045818
100,3,train,10,460,512.791459
100,3,train,11,693,649.417143
100,3,train,12,484,483.064391
100,3,train,13,495,491.332449
100,3,train,14,472,479.911470
100,3,train,15,623,615.293987
100,3,train,16,586,565.414996
100,3,train,17,488,486.592923
100,3,train,18,519,514.891355
100,3,train,19,585,602.070380
100,3,train,20,670,642.364869
100,3,train,21,630,630.973788
100,3,train,22,465,492.975701
100,3,train,23,618,613.831722
100,3,train,24,606,593.755052
100,3,train,25,572,575.159240
100,3,train,26,561,537.005777
100,3,train,27,605,595.830648
100,3,train,28,504,505.904625
100,3,train,29,473,476.632611
100,3,train,30,528,518.967163
100,3,train,31,490,504.463460
100,3,train,32,500,508.881122
100,3,train,33,649,636.385950
100,3,train,34,522,518.058323
100,3,train,35,628,607.563081
100,3,train,36,584,590.064811
100,3,train,37,455,480.144843
100,3,train,38,597,592.243290
100,3,train,39,516,523.294906
100,3,train,40,515,510.867504
100,3,train,41,525,524.353014
100,3,train,42,484,490.791328
100,3,train,43,502,509.614366
100,3,train,44,592,598.398338
100,3,train,45,488,487.988296
100,3,train,46,645,618.367844
100,3,train,47,577,563.896225
100,3,train,48,577,572.911141
100,3,train,49,476,479.930812
100,3,train,50,500,500.441084
100,3,train,51,481,490.761064
100,3,train,52,528,528.075447
100,3,train,53,494,499.154225
100,3,train,54,456,493.038407
100,3,train,55,580,585.227508
100,3,train,56,616,616.877179
100,3,train,57,534,529.294956
100,3,train,58,431,461.231211
100,3,train,59,606,585.022531
100,3,train,60,532,520.963953
100,3,train,61,477,477.756773
100,3,train,62,442,457.067073
100,3,train,63,451,460.199139
100,3,train,64,608,577.297819
100,3,train,65,479,482.906102
100,3,train,66,578,573.581247
100,3,train,67,464,475.356308
100,3,train,68,478,489.124909
100,3,train,69,624,613.315414
100,3,train,70,517,516.209616
100,3,train,71,464,464.333971
100,3,train,72,600,598.421795
100,3,train,73,630,587.786941
100,3,train,74,504,494.076995
100,3,train,75,507,538.240930
100,3,train,76,584,588.601985
100,3,train,77,597,589.943792
100,3,train,78,472,498.296973
100,3,train,79,501,496.686451
100,3,train,80,508,507.647819
100,3,train,81,456,478.248082
100,3,train,82,583,580.607166
100,3,train,83,624,612.794212
100,3,train,84,471,481.543031
100,3,train,85,545,547.447045
100,3,train,86,572,575.159240
100,3,train,87,630,630.973788
100,3,train,88,617,614.975847
100,3,train,89,522,520.421524
100,3,train,90,543,529.570434
100,3,train,91,504,497.309544
100,3,train,92,562,536.608679
100,3,train,93,526,519.132272
100,3,train,94,613,608.076586
100,3,train,95,475,480.531929
100,3,train,96,575,568.405599
100,3,train,97,462,466.003898
100,3,train,98,510,513.106111
100,3,train,99,648,614.431092
100,3,train,100,601,619.036546
100,3,train,101,560,538.399334
100,3,train,102,488,499.244673
100,3,train,103,577,572.911141
100,3,train,104,505,509.851230
100,3,train,105,580,554.309889
100,3,train,106,509,514.290920
100,3,train,107,507,516.910791
100,3,train,108,648,648.574369
100,3,train,109,487,484.027222
100,3,train,110,479,493.680255
100,3,train,111,637,622.867754
100,3,train,112,450,460.300676
100,3,train,113,480,474.755860
100,3,train,114,689,642.190776
100,3,train,115,613,608.088716
100,3,train,116,469,464.513609
100,3,train,117,516,523.326483
100,3,train,118,557,550.846341
100,3,train,119,572,556.552754
100,3,train,120,519,517.215562
100,3,train,121,456,466.160590
100,3,train,122,541,564.573823
100,3,train,123,509,499.880305
100,3,train,124,446,470.638784
100,3,train,125,489,485.811522
100,3,train,126,591,592.113624
100,3,train,127,371,457.366353
100,3,train,128,522,517.878153
100,3,train,129,484,490.139694
100,3,train,130,596,597.614927
100,3,train,131,492,490.403744
100,3,train,132,505,523.881286
100,3,train,133,524,526.468458
100,3,train,134,485,509.548185
100,3,train,135,500,493.506974
100,3,train,136,535,524.022249
100,3,train,137,538,545.465271
100,3,train,138,511,513.536487
100,3,train,139,534,515.936183
100,3,train,140,509,514.338274
100,4,test,0,541,530.049569
100,4,test,1,463,537.193966
100,4,test,2,460,558.416487
100,4,test,3,628,599.678879
100,4,test,4,489,484.757184
100,4,test,5,476,480.149425
100,4,test,6,591,594.290948
100,4,test,7,504,492.608836
100,4,test,8,475,490.228448
100,4,test,9,488,491.280172
100,4,test,10,572,517.001293
100,4,test,11,648,561.872845
100,4,test,12,524,531.646552
100,4,test,13,618,587.887931
100,4,test,14,637,588.239224
100,4,test,15,522,515.074353
100,4,test,16,600,593.678879
100,4,test,17,572,517.001293
100,4,test,18,522,515.074353
100,4,test,19,484,495.446121
100,4,test,20,572,571.334052
100,4,test,21,623,588.676724
100,4,test,22,479,510.715517
100,4,test,23,504,507.458333
100,4,test,24,459,521.750431
100,4,test,25,517,512.017241
100,4,test,26,557,579.698276
100,4,test,27,516,525.550431
100,4,test,28,371,541.732759
100,4,test,29,473,528.482759
100,4,test,30,610,586.706897
100,4,test,31,525,510.275862
100,4,test,32,495,536.290948
100,4,test,33,575,588.726293
100,4,test,34,488,510.850575
100,4,test,35,464,491.966595
100,4,train,0,545,550.648707
100,4,train,1,525,524.502586
100,4,train,2,541,555.853448
100,4,train,3,617,589.515086
100,4,train,4,500,505.351293
100,4,train,5,580,583.618534
100,4,train,6,693,666.984914
100,4,train,7,464,468.324713
100,4,train,8,451,457.706897
100,4,train,9,463,470.193966
100,4,train,10,585,589.461207
100,4,train,11,477,484.990302
100,4,train,12,568,567.265086
100,4,train,13,500,500.209052
100,4,train,14,522,519.403017
100,4,train,15,585,589.461207
100,4,train,16,613,606.655172
100,4,train,17,577,575.411638
100,4,train,18,577,575.411638
100,4,train,19,505,499.647270
100,4,train,20,584,584.385776
100,4,train,21,509,513.411638
100,4,train,22,488,490.308190
100,4,train,23,508,511.569325
100,4,train,24,574,559.553879
100,4,train,25,479,482.707974
100,4,train,26,630,631.517241
100,4,train,27,605,599.678879
100,4,train,28,617,617.905172
100,4,train,29,608,593.459052
100,4,train,30,507,523.325431
100,4,train,31,505,506.234914
100,4,train,32,597,595.032328
100,4,train,33,507,513.875359
100,4,train,34,645,615.517241
100,4,train,35,455,463.186782
100,4,train,36,515,512.398707
100,4,train,37,584,584.553879
100,4,train,38,597,592.448276
100,4,train,39,446,466.385560
100,4,train,40,580,587.502155
100,4,train,41,594,579.698276
100,4,train,42,455,462.366379
100,4,train,43,471,478.132184
100,4,train,44,482,486.032220
100,4,train,45,506,527.588362
100,4,train,46,478,487.221983
100,4,train,47,490,504.359914
100,4,train,48,450,464.415948
100,4,train,49,577,566.362069
100,4,train,50,500,497.767241
100,4,train,51,507,530.418103
100,4,train,52,550,551.168103
100,4,train,53,670,664.120690
100,4,train,54,606,601.062500
100,4,train,55,456,468.594828
100,4,train,56,586,572.989224
100,4,train,57,469,476.706897
100,4,train,58,543,530.990661
100,4,train,59,456,483.644397
100,4,train,60,595,586.706897
100,4,train,61,596,588.405172
100,4,train,62,598,593.346983
100,4,train,63,612,601.784483
100,4,train,64,510,515.104526
100,4,train,65,616,618.489224
100,4,train,66,528,527.543103
100,4,train,67,484,493.258621
100,4,train,68,689,668.756466
100,4,train,69,480,482.344828
100,4,train,70,592,593.678879
100,4,train,71,596,606.838362
100,4,train,72,528,536.338362
100,4,train,73,524,524.342672
100,4,train,74,605,593.140086
100,4,train,75,601,606.368534
100,4,train,76,612,597.689655
100,4,train,77,617,617.905172
100,4,train,78,494,498.346983
100,4,train,79,484,483.289655
100,4,train,80,502,505.883621
100,4,train,81,555,555.094828
100,4,train,82,534,524.396552
100,4,train,83,597,595.032328
100,4,train,84,562,544.878592
100,4,train,85,560,548.150862
100,4,train,86,640,645.497845
100,4,train,87,493,492.463362
100,4,train,88,648,648.713362
100,4,train,89,583,575.491379
100,4,train,90,472,480.149425
100,4,train,91,644,620.243534
100,4,train,92,485,516.620690
100,4,train,93,442,455.443966
100,4,train,94,578,575.754310
100,4,train,95,487,485.353448
100,4,train,96,613,606.588362
100,4,train,97,505,519.933190
100,4,train,98,524,523.784483
100,4,train,99,473,496.170977
100,4,train,100,501,495.576149
100,4,train,101,561,544.081897
100,4,train,102,504,504.107759
100,4,train,103,495,494.297414
100,4,train,104,462,463.941092
100,4,train,105,584,584.385776
100,4,train,106,670,664.120690
100,4,train,107,465,474.065733
100,4,train,108,456,464.931034
100,4,train,109,475,477.681753
100,4,train,110,481,495.520869
100,4,train,111,624,609.586207
100,4,train,112,431,449.189655
100,4,train,113,509,503.730603
100,4,train,114,580,554.744828
100,4,train,115,500,503.230603
100,4,train,116,630,604.834052
100,4,train,117,526,521.726724
100,4,train,118,534,529.159483
100,4,train,119,492,495.495690
100,4,train,120,535,530.403448
100,4,train,121,538,541.739224
100,4,train,122,511,512.812500
100,4,train,123,624,616.150862
100,4,train,124,519,513.424569
100,4,train,125,644,598.420259
100,4,train,126,608,600.241379
100,4,train,127,601,613.775862
100,4,train,128,465,497.316810
100,4,train,129,472,495.593391
100,4,train,130,509,513.411638
100,4,train,131,466,467.846983
100,4,train,132,572,571.334052
100,4,train,133,523,517.730603
100,4,train,134,532,524.148707
100,4,train,135,597,595.159483
100,4,train,136,630,631.517241
100,4,train,137,516,525.550431
100,4,train,138,519,516.446121
100,4,train,139,649,637.525862
100,4,train,140,606,586.213362
100,5,test,0,482,486.818265
100,5,test,1,601,599.548441
100,5,test,2,475,478.735542
100,5,test,3,605,578.501681
100,5,test,4,617,558.542556
100,5,test,5,465,555.251927
100,5,test,6,689,634.684807
100,5,test,7,616,620.568740
100,5,test,8,522,519.481563
100,5,test,9,500,509.699589
100,5,test,10,598,587.257190
100,5,test,11,560,554.821276
100,5,test,12,500,491.922088
100,5,test,13,594,559.334574
100,5,test,14,509,493.468603
100,5,test,15,568,582.618764
100,5,test,16,600,595.224209
100,5,test,17,580,592.838587
100,5,test,18,577,561.390533
100,5,test,19,535,520.667465
100,5,test,20,618,611.607748
100,5,test,21,534,539.159204
100,5,test,22,489,487.718551
100,5,test,23,617,618.846835
100,5,test,24,591,594.577220
100,5,test,25,456,546.070336
100,5,test,26,606,590.164361
100,5,test,27,605,614.713859
100,5,test,28,472,541.580278
100,5,test,29,516,534.082790
100,5,test,30,473,538.539799
100,5,test,31,504,492.118473
100,5,test,32,475,487.693079
100,5,test,33,505,507.534995
100,5,test,34,465,531.082674
100,5,test,35,596,623.346466
100,5,train,0,644,616.302721
100,5,train,1,541,534.840535
100,5,train,2,525,522.304822
100,5,train,3,670,664.042177
100,5,train,4,517,515.682660
100,5,train,5,480,476.085948
100,5,train,6,524,525.363830
100,5,train,7,463,463.188700
100,5,train,8,464,466.936074
100,5,train,9,511,511.040496
100,5,train,10,490,508.666052
100,5,train,11,495,512.960166
100,5,train,12,584,585.362763
100,5,train,13,597,594.926237
100,5,train,14,528,522.981601
100,5,train,15,597,595.669763
100,5,train,16,525,529.458207
100,5,train,17,371,415.713957
100,5,train,18,500,504.866731
100,5,train,19,488,487.982098
100,5,train,20,510,512.718855
100,5,train,21,459,473.316513
100,5,train,22,584,585.362763
100,5,train,23,550,554.324353
100,5,train,24,464,471.565525
100,5,train,25,577,563.798945
100,5,train,26,601,613.540220
100,5,train,27,534,522.555570
100,5,train,28,524,519.745236
100,5,train,29,578,585.084674
100,5,train,30,555,556.597553
100,5,train,31,630,627.459562
100,5,train,32,492,492.882662
100,5,train,33,479,490.477142
100,5,train,34,597,595.669763
100,5,train,35,505,509.191681
100,5,train,36,485,507.348709
100,5,train,37,462,464.596893
100,5,train,38,493,491.433786
100,5,train,39,580,557.034847
100,5,train,40,507,515.736136
100,5,train,41,584,587.903665
100,5,train,42,612,605.324088
100,5,train,43,487,484.756483
100,5,train,44,519,514.403238
100,5,train,45,456,463.196834
100,5,train,46,613,606.022122
100,5,train,47,557,559.334574
100,5,train,48,624,616.746815
100,5,train,49,561,544.991780
100,5,train,50,585,589.655035
100,5,train,51,501,495.004440
100,5,train,52,648,653.327098
100,5,train,53,572,562.365559
100,5,train,54,640,634.874858
100,5,train,55,431,448.209152
100,5,train,56,455,471.599271
100,5,train,57,476,477.543483
100,5,train,58,481,488.775137
100,5,train,59,606,589.455028
100,5,train,60,484,489.592043
100,5,train,61,505,501.766767
100,5,train,62,645,626.334816
100,5,train,63,456,498.005254
100,5,train,64,596,592.872889
100,5,train,65,543,532.364949
100,5,train,66,506,518.514267
100,5,train,67,488,489.198471
100,5,train,68,624,617.995985
100,5,train,69,526,521.179371
100,5,train,70,516,534.082790
100,5,train,71,507,527.791242
100,5,train,72,693,670.615646
100,5,train,73,442,451.519313
100,5,train,74,628,614.713859
100,5,train,75,574,570.771229
100,5,train,76,446,463.809345
100,5,train,77,500,499.054211
100,5,train,78,610,601.266704
100,5,train,79,477,479.347347
100,5,train,80,528,526.308311
100,5,train,81,504,505.597768
100,5,train,82,572,562.365559
100,5,train,83,460,489.334135
100,5,train,84,509,512.386821
100,5,train,85,545,543.850217
100,5,train,86,562,539.299375
100,5,train,87,613,605.980172
100,5,train,88,585,589.655035
100,5,train,89,637,622.303855
100,5,train,90,580,589.329699
100,5,train,91,484,482.460413
100,5,train,92,524,526.927790
100,5,train,93,572,573.717120
100,5,train,94,522,518.020231
100,5,train,95,595,595.301304
100,5,train,96,577,561.390533
100,5,train,97,466,464.557274
100,5,train,98,451,455.707287
100,5,train,99,617,618.846835
100,5,train,100,508,510.251253
100,5,train,101,488,495.784428
100,5,train,102,648,613.775491
100,5,train,103,484,489.517631
100,5,train,104,644,601.642347
100,5,train,105,592,595.224209
100,5,train,106,541,554.925539
100,5,train,107,612,604.503347
100,5,train,108,623,613.706009
100,5,train,109,522,519.614216
100,5,train,110,469,467.614786
100,5,train,111,507,536.833376
100,5,train,112,538,537.236487
100,5,train,113,523,526.458362
100,5,train,114,463,466.468359
100,5,train,115,649,634.023998
100,5,train,116,572,573.717120
100,5,train,117,519,515.681013
100,5,train,118,608,600.798791
100,5,train,119,509,512.386821
100,5,train,120,532,521.254837
100,5,train,121,583,578.362827
100,5,train,122,494,496.282296
100,5,train,123,502,506.863484
100,5,train,124,670,664.042177
100,5,train,125,630,610.848295
100,5,train,126,455,464.165220
100,5,train,127,608,603.738473
100,5,train,128,586,573.191978
100,5,train,129,471,478.901125
100,5,train,130,575,581.908447
100,5,train,131,473,473.792456
100,5,train,132,450,462.133531
100,5,train,133,478,489.529493
100,5,train,134,597,592.600246
100,5,train,135,479,481.788524
100,5,train,136,472,476.472608
100,5,train,137,495,492.416659
100,5,train,138,504,498.382017
100,5,train,139,515,509.953793
100,5,train,140,630,627.459562
100,6,test,0,493,489.323096
100,6,test,1,596,611.339066
100,6,test,2,509,515.302211
100,6,test,3,585,593.450860
100,6,test,4,525,522.099509
100,6,test,5,577,569.444717
100,6,test,6,500,510.466830
100,6,test,7,516,541.490172
100,6,test,8,617,612.318182
100,6,test,9,459,492.009828
100,6,test,10,630,557.379607
100,6,test,11,451,466.950860
100,6,test,12,516,541.490172
100,6,test,13,555,588.871007
100,6,test,14,644,591.605651
100,6,test,15,580,529.875921
100,6,test,16,541,588.610565
100,6,test,17,597,592.218673
100,6,test,18,489,485.083538
100,6,test,19,522,520.938575
100,6,test,20,464,477.371007
100,6,test,21,463,471.742015
100,6,test,22,584,585.314496
100,6,test,23,538,564.437346
100,6,test,24,644,526.797297
100,6,test,25,455,486.933661
100,6,test,26,484,491.065111
100,6,test,27,484,494.615479
100,6,test,28,476,479.550369
100,6,test,29,624,600.775184
100,6,test,30,481,504.549140
100,6,test,31,528,518.617936
100,6,test,32,463,481.885749
100,6,test,33,670,653.012285
100,6,test,34,613,601.648649
100,6,test,35,446,495.273956
100,6,train,0,560,541.175676
100,6,train,1,689,668.954545
100,6,train,2,371,429.798526
100,6,train,3,601,614.793612
100,6,train,4,492,493.729730
100,6,train,5,482,483.861179
100,6,train,6,648,647.894349
100,6,train,7,586,588.585995
100,6,train,8,442,459.384521
100,6,train,9,630,628.954545
100,6,train,10,473,494.291155
100,6,train,11,572,573.868550
100,6,train,12,630,628.954545
100,6,train,13,605,608.628993
100,6,train,14,624,616.512285
100,6,train,15,648,613.761671
100,6,train,16,506,522.890663
100,6,train,17,572,562.769042
100,6,train,18,628,617.925061
100,6,train,19,495,509.663391
100,6,train,20,572,562.769042
100,6,train,21,545,547.246929
100,6,train,22,465,477.546683
100,6,train,23,616,615.857494
100,6,train,24,507,533.180590
100,6,train,25,617,612.318182
100,6,train,26,478,487.968059
100,6,train,27,584,585.314496
100,6,train,28,510,510.012285
100,6,train,29,515,510.283784
100,6,train,30,605,590.273956
100,6,train,31,504,498.900491
100,6,train,32,608,604.323096
100,6,train,33,597,592.218673
100,6,train,34,594,577.533170
100,6,train,35,472,494.954545
100,6,train,36,572,573.868550
100,6,train,37,574,562.512285
100,6,train,38,649,639.296069
100,6,train,39,464,476.861179
100,6,train,40,473,479.159705
100,6,train,41,431,446.895577
100,6,train,42,507,512.418919
100,6,train,43,523,516.743243
100,6,train,44,504,499.386978
100,6,train,45,532,525.055283
100,6,train,46,456,467.153563
100,6,train,47,606,588.239558
100,6,train,48,526,519.436118
100,6,train,49,598,591.291155
100,6,train,50,475,474.353808
100,6,train,51,519,514.889435
100,6,train,52,460,494.707617
100,6,train,53,580,570.441032
100,6,train,54,597,591.173219
100,6,train,55,575,580.136364
100,6,train,56,485,516.721130
100,6,train,57,524,524.342752
100,6,train,58,500,497.000000
100,6,train,59,456,483.995086
100,6,train,60,477,481.554054
100,6,train,61,455,472.292383
100,6,train,62,495,492.561425
100,6,train,63,488,496.738329
100,6,train,64,508,507.149877
100,6,train,65,645,621.587224
100,6,train,66,585,593.450860
100,6,train,67,583,576.558968
100,6,train,68,528,524.078624
100,6,train,69,562,543.808354
100,6,train,70,500,502.889435
100,6,train,71,535,527.185504
100,6,train,72,610,603.673219
100,6,train,73,557,562.896806
100,6,train,74,479,482.323096
100,6,train,75,534,519.872236
100,6,train,76,541,536.556511
100,6,train,77,488,488.132678
100,6,train,78,637,624.681818
100,6,train,79,534,531.090909
100,6,train,80,504,501.845209
100,6,train,81,578,579.714988
100,6,train,82,450,465.775184
100,6,train,83,511,511.960688
100,6,train,84,580,588.730958
100,6,train,85,600,597.635135
100,6,train,86,693,668.367322
100,6,train,87,522,521.084767
100,6,train,88,479,490.926290
100,6,train,89,608,591.443489
100,6,train,90,561,542.775184
100,6,train,91,584,588.888206
100,6,train,92,505,500.030713
100,6,train,93,519,517.357494
100,6,train,94,484,490.480344
100,6,train,95,595,597.555283
100,6,train,96,577,569.757985
100,6,train,97,494,502.226044
100,6,train,98,612,605.856265
100,6,train,99,601,600.217445
100,6,train,100,596,594.119165
100,6,train,101,524,529.246929
100,6,train,102,618,613.126536
100,6,train,103,597,594.840295
100,6,train,104,500,500.337838
100,6,train,105,465,495.825553
100,6,train,106,606,605.093366
100,6,train,107,577,569.444717
100,6,train,108,522,518.916462
100,6,train,109,613,601.681818
100,6,train,110,490,501.151106
100,6,train,111,509,503.987715
100,6,train,112,505,507.500000
100,6,train,113,462,464.744472
100,6,train,114,543,530.753071
100,6,train,115,507,523.206388
100,6,train,116,456,465.653563
100,6,train,117,670,653.012285
100,6,train,118,550,554.020885
100,6,train,119,524,517.906634
100,6,train,120,502,506.390663
100,6,train,121,517,515.460688
100,6,train,122,612,603.056511
100,6,train,123,617,580.337838
100,6,train,124,472,479.550369
100,6,train,125,623,617.219902
100,6,train,126,592,594.647420
100,6,train,127,469,471.308354
100,6,train,128,488,486.988943
100,6,train,129,591,592.038084
100,6,train,130,525,529.400491
100,6,train,131,501,499.171990
100,6,train,132,475,480.291155
100,6,train,133,568,571.246929
100,6,train,134,480,482.764128
100,6,train,135,471,478.149877
100,6,train,136,640,644.189189
100,6,train,137,487,484.416462
100,6,train,138,466,470.001229
100,6,train,139,509,515.302211
100,6,train,140,505,513.330467
100,7,test,0,623,606.442226
100,7,test,1,456,504.429615
100,7,test,2,606,537.818214
100,7,test,3,597,579.068742
100,7,test,4,624,601.080634
100,7,test,5,524,536.071928
100,7,test,6,543,516.460286
100,7,test,7,507,572.822039
100,7,test,8,502,508.248982
100,7,test,9,561,520.070453
100,7,test,10,597,579.068742
100,7,test,11,644,572.318430
100,7,test,12,481,515.838535
100,7,test,13,572,542.143969
100,7,test,14,526,523.611783
100,7,test,15,451,461.478593
100,7,test,16,463,478.207758
100,7,test,17,670,653.584746
100,7,test,18,578,585.060895
100,7,test,19,504,502.059283
100,7,test,20,517,512.712824
100,7,test,21,488,505.972839
100,7,test,22,507,576.619209
100,7,test,23,478,507.774672
100,7,test,24,617,610.852189
100,7,test,25,689,634.443705
100,7,test,26,613,603.925565
100,7,test,27,630,625.316243
100,7,test,28,541,513.667436
100,7,test,29,693,616.298023
100,7,test,30,628,602.204693
100,7,test,31,583,538.985593
100,7,test,32,522,517.868196
100,7,test,33,500,522.451237
100,7,test,34,466,463.419321
100,7,test,35,519,511.831468
100,7,train,0,490,493.605407
100,7,train,1,577,574.641313
100,7,train,2,584,585.737482
100,7,train,3,586,571.581659
100,7,train,4,509,511.024823
100,7,train,5,504,498.304696
100,7,train,6,494,500.694867
100,7,train,7,516,520.883904
100,7,train,8,648,629.755085
100,7,train,9,577,574.641313
100,7,train,10,455,463.172360
100,7,train,11,505,512.830540
100,7,train,12,509,503.210770
100,7,train,13,492,489.963690
100,7,train,14,670,653.584746
100,7,train,15,463,465.465561
100,7,train,16,605,595.160381
100,7,train,17,456,464.593839
100,7,train,18,596,589.698295
100,7,train,19,506,513.261006
100,7,train,20,580,556.843967
100,7,train,21,598,594.896511
100,7,train,22,594,575.301921
100,7,train,23,618,603.817932
100,7,train,24,613,604.154379
100,7,train,25,446,460.904004
100,7,train,26,601,596.148491
100,7,train,27,500,492.848570
100,7,train,28,505,495.162567
100,7,train,29,480,476.893300
100,7,train,30,455,472.700457
100,7,train,31,591,591.006820
100,7,train,32,471,479.538415
100,7,train,33,608,593.753349
100,7,train,34,624,613.292841
100,7,train,35,524,521.080332
100,7,train,36,450,460.728860
100,7,train,37,479,483.363757
100,7,train,38,575,580.260719
100,7,train,39,612,603.499677
100,7,train,40,484,488.168105
100,7,train,41,572,573.566228
100,7,train,42,472,477.984857
100,7,train,43,510,516.910631
100,7,train,44,487,483.441905
100,7,train,45,431,446.694171
100,7,train,46,485,512.295300
100,7,train,47,580,594.193683
100,7,train,48,475,478.121981
100,7,train,49,616,611.712207
100,7,train,50,465,487.754776
100,7,train,51,525,523.825020
100,7,train,52,484,491.878765
100,7,train,53,509,511.024823
100,7,train,54,560,546.156998
100,7,train,55,572,542.143969
100,7,train,56,504,499.054417
100,7,train,57,606,597.094381
100,7,train,58,456,485.171254
100,7,train,59,600,599.443392
100,7,train,60,488,491.686487
100,7,train,61,442,459.923024
100,7,train,62,550,547.097138
100,7,train,63,596,605.295584
100,7,train,64,507,511.702927
100,7,train,65,460,498.378893
100,7,train,66,601,617.329933
100,7,train,67,488,488.861170
100,7,train,68,528,526.722292
100,7,train,69,522,519.780171
100,7,train,70,645,618.758475
100,7,train,71,495,509.754717
100,7,train,72,545,546.429399
100,7,train,73,610,602.640607
100,7,train,74,523,518.407827
100,7,train,75,482,487.200555
100,7,train,76,511,511.653301
100,7,train,77,535,524.351224
100,7,train,78,648,613.549218
100,7,train,79,597,592.808656
100,7,train,80,473,488.975683
100,7,train,81,541,554.869794
100,7,train,82,612,601.005757
100,7,train,83,489,486.411958
100,7,train,84,477,477.662396
100,7,train,85,495,492.597231
100,7,train,86,585,590.170876
100,7,train,87,465,498.036489
100,7,train,88,630,616.053013
100,7,train,89,617,592.688440
100,7,train,90,637,611.890395
100,7,train,91,519,515.574099
100,7,train,92,500,495.347925
100,7,train,93,476,478.776383
100,7,train,94,479,488.622363
100,7,train,95,649,639.035230
100,7,train,96,617,610.852189
100,7,train,97,464,472.461458
100,7,train,98,464,469.314012
100,7,train,99,584,585.276475
100,7,train,100,577,567.561059
100,7,train,101,524,517.283635
100,7,train,102,605,602.204693
100,7,train,103,462,463.841667
100,7,train,104,522,519.780171
100,7,train,105,515,508.931017
100,7,train,106,475,481.060651
100,7,train,107,584,585.737482
100,7,train,108,562,539.901695
100,7,train,109,630,625.316243
100,7,train,110,532,521.210464
100,7,train,111,555,556.411017
100,7,train,112,644,606.360936
100,7,train,113,528,522.447866
100,7,train,114,574,564.033980
100,7,train,115,597,593.881615
100,7,train,116,534,524.698524
100,7,train,117,534,529.570863
100,7,train,118,557,561.644930
100,7,train,119,608,602.231316
100,7,train,120,525,530.712772
100,7,train,121,459,479.147592
100,7,train,122,472,496.984243
100,7,train,123,501,495.169795
100,7,train,124,538,547.503087
100,7,train,125,508,512.140708
100,7,train,126,505,507.808868
100,7,train,127,592,596.235059
100,7,train,128,500,506.763766
100,7,train,129,580,586.273058
100,7,train,130,469,469.267343
100,7,train,131,585,590.170876
100,7,train,132,493,490.488834
100,7,train,133,473,493.342735
100,7,train,134,371,431.231620
100,7,train,135,516,520.883904
100,7,train,136,572,573.566228
100,7,train,137,484,485.698299
100,7,train,138,595,595.837520
100,7,train,139,568,576.883004
100,7,train,140,640,634.253027
100,8,test,0,511,513.141414
100,8,test,1,601,622.636364
100,8,test,2,572,574.030303
100,8,test,3,475,501.010101
100,8,test,4,562,520.444444
100,8,test,5,617,616.919192
100,8,test,6,689,630.686869
100,8,test,7,591,592.040404
100,8,test,8,534,529.040404
100,8,test,9,624,599.646465
100,8,test,10,601,600.949495
100,8,test,11,568,581.525253
100,8,test,12,462,494.363636
100,8,test,13,473,543.626263
100,8,test,14,519,517.626263
100,8,test,15,595,597.888889
100,8,test,16,455,488.606061
100,8,test,17,555,558.474747
100,8,test,18,586,555.606061
100,8,test,19,525,520.373737
100,8,test,20,597,591.464646
100,8,test,21,617,616.919192
100,8,test,22,605,567.191919
100,8,test,23,528,513.868687
100,8,test,24,446,490.454545
100,8,test,25,476,482.141414
100,8,test,26,475,481.565657
100,8,test,27,612,588.969697
100,8,test,28,465,550.797980
100,8,test,29,583,543.222222
100,8,test,30,488,490.414141
100,8,test,31,431,490.474747
100,8,test,32,507,558.434343
100,8,test,33,606,541.616162
100,8,test,34,481,511.030303
100,8,test,35,526,510.828283
100,8,train,0,630,610.909091
100,8,train,1,510,507.747475
100,8,train,2,617,596.909091
100,8,train,3,577,564.737374
100,8,train,4,488,489.282828
100,8,train,5,506,521.464646
100,8,train,6,471,477.080808
100,8,train,7,505,506.414141
100,8,train,8,504,498.595960
100,8,train,9,484,484.888889
100,8,train,10,515,508.343434
100,8,train,11,557,563.555556
100,8,train,12,456,488.383838
100,8,train,13,487,483.555556
100,8,train,14,572,563.868687
100,8,train,15,630,629.070707
100,8,train,16,538,541.535354
100,8,train,17,608,588.969697
100,8,train,18,371,418.777778
100,8,train,19,580,588.242424
100,8,train,20,584,581.282828
100,8,train,21,580,553.646465
100,8,train,22,500,507.878788
100,8,train,23,623,609.949495
100,8,train,24,495,507.151515
100,8,train,25,561,542.979798
100,8,train,26,628,618.868687
100,8,train,27,492,491.131313
100,8,train,28,574,557.727273
100,8,train,29,472,482.141414
100,8,train,30,509,515.131313
100,8,train,31,480,475.949495
100,8,train,32,516,521.323232
100,8,train,33,637,627.797980
100,8,train,34,613,605.202020
100,8,train,35,608,595.646465
100,8,train,36,524,522.626263
100,8,train,37,519,513.020202
100,8,train,38,597,594.818182
100,8,train,39,606,602.111111
100,8,train,40,523,521.727273
100,8,train,41,488,494.515152
100,8,train,42,477,481.353535
100,8,train,43,456,475.111111
100,8,train,44,618,603.888889
100,8,train,45,509,515.131313
100,8,train,46,493,491.898990
100,8,train,47,575,581.707071
100,8,train,48,577,572.060606
100,8,train,49,501,500.292929
100,8,train,50,585,587.181818
100,8,train,51,596,593.989899
100,8,train,52,463,468.636364
100,8,train,53,649,631.555556
100,8,train,54,598,590.929293
100,8,train,55,693,665.707071
100,8,train,56,630,629.070707
100,8,train,57,508,511.040404
100,8,train,58,469,471.000000
100,8,train,59,472,489.606061
100,8,train,60,524,528.404040
100,8,train,61,545,545.242424
100,8,train,62,597,592.606061
100,8,train,63,543,528.606061
100,8,train,64,484,487.797980
100,8,train,65,525,532.030303
100,8,train,66,580,586.929293
100,8,train,67,522,518.525253
100,8,train,68,505,505.929293
100,8,train,69,504,496.525253
100,8,train,70,450,463.858586
100,8,train,71,478,492.454545
100,8,train,72,495,493.898990
100,8,train,73,624,615.626263
100,8,train,74,584,586.262626
100,8,train,75,459,475.181818
100,8,train,76,500,494.939394
100,8,train,77,594,577.757576
100,8,train,78,616,617.363636
100,8,train,79,541,533.070707
100,8,train,80,560,541.262626
100,8,train,81,644,603.878788
100,8,train,82,505,501.767677
100,8,train,83,494,497.000000
100,8,train,84,463,458.929293
100,8,train,85,648,648.363636
100,8,train,86,592,595.686869
100,8,train,87,464,473.676768
100,8,train,88,484,488.090909
100,8,train,89,504,502.808081
100,8,train,90,585,587.181818
100,8,train,91,645,620.565657
100,8,train,92,479,489.353535
100,8,train,93,578,578.808081
100,8,train,94,541,555.606061
100,8,train,95,455,478.636364
100,8,train,96,610,597.888889
100,8,train,97,577,572.060606
100,8,train,98,535,526.050505
100,8,train,99,507,515.909091
100,8,train,100,612,604.838384
100,8,train,101,670,664.151515
100,8,train,102,490,513.797980
100,8,train,103,572,574.030303
100,8,train,104,550,551.686869
100,8,train,105,485,516.646465
100,8,train,106,489,489.222222
100,8,train,107,502,505.555556
100,8,train,108,534,523.848485
100,8,train,109,524,512.838384
100,8,train,110,509,502.808081
100,8,train,111,640,630.606061
100,8,train,112,500,503.080808
100,8,train,113,605,609.575758
100,8,train,114,596,600.252525
100,8,train,115,644,623.242424
100,8,train,116,528,523.363636
100,8,train,117,482,485.626263
100,8,train,118,572,563.868687
100,8,train,119,460,488.151515
100,8,train,120,648,613.676768
100,8,train,121,442,452.020202
100,8,train,122,670,664.151515
100,8,train,123,522,521.616162
100,8,train,124,473,475.595960
100,8,train,125,464,467.373737
100,8,train,126,532,523.202020
100,8,train,127,507,519.868687
100,8,train,128,451,455.676768
100,8,train,129,479,482.464646
100,8,train,130,465,479.070707
100,8,train,131,456,463.101010
100,8,train,132,613,605.202020
100,8,train,133,466,461.898990
100,8,train,134,600,598.434343
100,8,train,135,516,521.323232
100,8,train,136,584,586.262626
100,8,train,137,500,503.808081
100,8,train,138,517,512.595960
100,8,train,139,522,521.616162
100,8,train,140,597,594.818182
100,9,test,0,507,560.763375
100,9,test,1,510,516.989841
100,9,test,2,648,645.546296
100,9,test,3,500,493.913680
100,9,test,4,606,561.931746
100,9,test,5,482,488.269731
100,9,test,6,605,569.375384
100,9,test,7,488,505.781338
100,9,test,8,585,613.209447
100,9,test,9,585,613.209447
100,9,test,10,640,638.959259
100,9,test,11,630,569.500968
100,9,test,12,586,550.050201
100,9,test,13,644,531.537545
100,9,test,14,505,533.263533
100,9,test,15,495,493.925373
100,9,test,16,560,535.689694
100,9,test,17,472,541.359458
100,9,test,18,543,519.594620
100,9,test,19,572,575.948296
100,9,test,20,577,578.296232
100,9,test,21,612,589.071987
100,9,test,22,550,549.003601
100,9,test,23,595,598.761584
100,9,test,24,459,517.994126
100,9,test,25,597,595.237595
100,9,test,26,509,512.777866
100,9,test,27,492,488.595162
100,9,test,28,616,610.066235
100,9,test,29,591,593.108706
100,9,test,30,477,486.859819
100,9,test,31,500,517.608985
100,9,test,32,608,598.976920
100,9,test,33,371,521.656215
100,9,test,34,644,583.236508
100,9,test,35,504,498.345902
100,9,train,0,475,474.618943
100,9,train,1,528,517.201040
100,9,train,2,592,590.758548
100,9,train,3,541,550.050201
100,9,train,4,568,577.840370
100,9,train,5,535,525.286981
100,9,train,6,617,592.784157
100,9,train,7,524,529.635566
100,9,train,8,485,513.073536
100,9,train,9,456,467.832647
100,9,train,10,613,607.255785
100,9,train,11,472,480.486878
100,9,train,12,596,594.897926
100,9,train,13,471,483.711177
100,9,train,14,507,515.779714
100,9,train,15,525,522.368503
100,9,train,16,484,480.518971
100,9,train,17,606,592.358402
100,9,train,18,557,566.533003
100,9,train,19,562,546.475344
100,9,train,20,473,480.110536
100,9,train,21,473,488.664887
100,9,train,22,572,567.479090
100,9,train,23,598,588.007912
100,9,train,24,522,516.334634
100,9,train,25,584,584.474444
100,9,train,26,484,489.849976
100,9,train,27,610,598.761584
100,9,train,28,509,512.777866
100,9,train,29,628,618.763404
100,9,train,30,538,546.648349
100,9,train,31,511,510.883561
100,9,train,32,450,463.003166
100,9,train,33,500,506.864232
100,9,train,34,528,527.935050
100,9,train,35,612,598.976920
100,9,train,36,597,587.736801
100,9,train,37,541,531.992189
100,9,train,38,431,456.634801
100,9,train,39,584,584.304145
100,9,train,40,577,568.999725
100,9,train,41,478,495.739479
100,9,train,42,617,614.853827
100,9,train,43,500,495.880918
100,9,train,44,522,516.334634
100,9,train,45,649,633.673521
100,9,train,46,524,520.952617
100,9,train,47,494,503.168125
100,9,train,48,577,578.296232
100,9,train,49,487,484.422288
100,9,train,50,488,489.806855
100,9,train,51,584,584.304145
100,9,train,52,479,491.918516
100,9,train,53,465,496.761111
100,9,train,54,583,557.303175
100,9,train,55,613,607.255785
100,9,train,56,466,467.186368
100,9,train,57,670,661.444444
100,9,train,58,637,630.442963
100,9,train,59,630,628.454497
100,9,train,60,517,516.346831
100,9,train,61,455,470.789222
100,9,train,62,505,508.473561
100,9,train,63,578,584.476788
100,9,train,64,505,497.483102
100,9,train,65,624,601.898086
100,9,train,66,618,610.752213
100,9,train,67,605,610.551552
100,9,train,68,462,466.369986
100,9,train,69,501,497.475037
100,9,train,70,460,509.867968
100,9,train,71,534,525.571347
100,9,train,72,515,508.895929
100,9,train,73,617,614.853827
100,9,train,74,545,544.968799
100,9,train,75,508,507.979795
100,9,train,76,597,595.237595
100,9,train,77,489,487.556583
100,9,train,78,600,593.247437
100,9,train,79,481,500.308905
100,9,train,80,575,578.884949
100,9,train,81,623,615.063325
100,9,train,82,580,583.540256
100,9,train,83,608,595.965573
100,9,train,84,479,485.095865
100,9,train,85,469,471.808073
100,9,train,86,464,483.164781
100,9,train,87,670,661.444444
100,9,train,88,597,594.848706
100,9,train,89,580,580.549700
100,9,train,90,509,491.072851
100,9,train,91,572,567.479090
100,9,train,92,594,573.933003
100,9,train,93,456,473.526598
100,9,train,94,465,498.923611
100,9,train,95,451,453.006659
100,9,train,96,574,564.240899
100,9,train,97,475,480.363068
100,9,train,98,493,491.095744
100,9,train,99,476,480.664656
100,9,train,100,484,497.990347
100,9,train,101,693,663.187037
100,9,train,102,463,473.082782
100,9,train,103,507,522.892235
100,9,train,104,504,500.121008
100,9,train,105,506,522.323199
100,9,train,106,624,613.751861
100,9,train,107,630,628.454497
100,9,train,108,555,554.283534
100,9,train,109,504,501.577594
100,9,train,110,524,523.371075
100,9,train,111,490,498.387536
100,9,train,112,523,523.937747
100,9,train,113,463,497.884549
100,9,train,114,516,519.123689
100,9,train,115,580,567.304751
100,9,train,116,601,611.377225
100,9,train,117,532,517.645372
100,9,train,118,596,589.085185
100,9,train,119,525,521.863166
100,9,train,120,464,479.787844
100,9,train,121,519,513.150414
100,9,train,122,648,622.135450
100,9,train,123,495,507.827974
100,9,train,124,645,624.555556
100,9,train,125,522,521.072580
100,9,train,126,480,488.921959
100,9,train,127,456,478.274010
100,9,train,128,488,485.418649
100,9,train,129,572,575.948296
100,9,train,130,526,525.877050
100,9,train,131,601,596.696987
100,9,train,132,442,458.883431
100,9,train,133,561,546.866593
100,9,train,134,455,474.546589
100,9,train,135,502,507.607688
100,9,train,136,446,473.188498
100,9,train,137,534,530.070689
100,9,train,138,689,648.016667
100,9,train,139,516,519.123689
100,9,train,140,519,512.017532
100,10,test,0,557,577.900113
100,10,test,1,572,572.449036
100,10,test,2,507,529.887852
100,10,test,3,510,513.699611
100,10,test,4,534,528.441832
100,10,test,5,613,600.743900
100,10,test,6,526,515.388603
100,10,test,7,616,619.689313
100,10,test,8,462,462.801905
100,10,test,9,577,537.479882
100,10,test,10,525,538.739556
100,10,test,11,509,498.463415
100,10,test,12,472,540.806655
100,10,test,13,464,493.057046
100,10,test,14,572,548.674465
100,10,test,15,442,483.649825
100,10,test,16,584,583.462288
100,10,test,17,524,525.381137
100,10,test,18,469,496.497829
100,10,test,19,506,550.756637
100,10,test,20,475,489.830650
100,10,test,21,481,513.337006
100,10,test,22,610,575.114814
100,10,test,23,580,528.134464
100,10,test,24,595,575.156532
100,10,test,25,500,508.868264
100,10,test,26,592,593.196605
100,10,test,27,517,516.271612
100,10,test,28,456,500.239051
100,10,test,29,488,491.800609
100,10,test,30,543,506.831367
100,10,test,31,524,510.358828
100,10,test,32,612,590.167609
100,10,test,33,504,493.597449
100,10,test,34,522,507.698637
100,10,test,35,591,589.962616
100,10,train,0,584,583.462288
100,10,train,1,572,572.449036
100,10,train,2,693,660.479141
100,10,train,3,466,473.893681
100,10,train,4,583,576.383022
100,10,train,5,535,531.051393
100,10,train,6,640,642.131970
100,10,train,7,490,505.309628
100,10,train,8,523,520.818069
100,10,train,9,630,627.747178
100,10,train,10,504,498.680716
100,10,train,11,489,488.504400
100,10,train,12,630,627.747178
100,10,train,13,606,597.377048
100,10,train,14,446,463.880846
100,10,train,15,645,617.176687
100,10,train,16,505,518.409962
100,10,train,17,584,586.159162
100,10,train,18,601,613.570106
100,10,train,19,505,504.259415
100,10,train,20,541,553.463129
100,10,train,21,456,470.879313
100,10,train,22,528,525.363368
100,10,train,23,644,598.756728
100,10,train,24,624,617.073429
100,10,train,25,371,421.842477
100,10,train,26,689,666.221950
100,10,train,27,494,495.295735
100,10,train,28,484,487.865476
100,10,train,29,585,588.376462
100,10,train,30,471,480.574860
100,10,train,31,493,492.470981
100,10,train,32,484,489.678909
100,10,train,33,670,662.604294
100,10,train,34,608,590.186698
100,10,train,35,624,613.993933
100,10,train,36,522,521.571387
100,10,train,37,600,593.196605
100,10,train,38,568,571.993690
100,10,train,39,596,605.776445
100,10,train,40,572,548.674465
100,10,train,41,492,490.705240
100,10,train,42,644,623.020450
100,10,train,43,460,495.792162
100,10,train,44,541,549.970012
100,10,train,45,580,583.404484
100,10,train,46,475,479.663290
100,10,train,47,473,498.183696
100,10,train,48,511,513.326982
100,10,train,49,618,613.572699
100,10,train,50,648,647.817178
100,10,train,51,488,493.309566
100,10,train,52,623,615.103749
100,10,train,53,628,615.480300
100,10,train,54,598,591.016270
100,10,train,55,500,505.735300
100,10,train,56,580,586.685416
100,10,train,57,487,487.703791
100,10,train,58,473,479.478763
100,10,train,59,479,482.222696
100,10,train,60,596,586.101865
100,10,train,61,500,496.712487
100,10,train,62,495,507.767091
100,10,train,63,505,507.376871
100,10,train,64,561,543.848978
100,10,train,65,613,600.559851
100,10,train,66,459,481.162471
100,10,train,67,509,511.958156
100,10,train,68,597,592.371976
100,10,train,69,508,508.055878
100,10,train,70,507,516.392486
100,10,train,71,516,520.125484
100,10,train,72,574,558.376319
100,10,train,73,534,523.777436
100,10,train,74,451,464.810772
100,10,train,75,597,592.418829
100,10,train,76,562,543.907046
100,10,train,77,617,593.156953
100,10,train,78,519,518.508458
100,10,train,79,555,555.846757
100,10,train,80,463,470.174932
100,10,train,81,608,590.167609
100,10,train,82,456,482.273489
100,10,train,83,597,594.244512
100,10,train,84,597,594.244512
100,10,train,85,524,521.162021
100,10,train,86,577,575.275869
100,10,train,87,501,498.769716
100,10,train,88,450,464.602796
100,10,train,89,594,577.900113
100,10,train,90,605,587.940746
100,10,train,91,577,575.275869
100,10,train,92,478,489.786581
100,10,train,93,605,606.865678
100,10,train,94,515,510.348357
100,10,train,95,532,525.682600
100,10,train,96,649,642.412025
100,10,train,97,504,499.322882
100,10,train,98,509,511.711530
100,10,train,99,484,483.668349
100,10,train,100,522,521.539486
100,10,train,101,648,611.275869
100,10,train,102,586,572.369334
100,10,train,103,578,573.115770
100,10,train,104,465,493.286624
100,10,train,105,612,599.259675
100,10,train,106,455,466.848607
100,10,train,107,477,483.291993
100,10,train,108,585,588.376462
100,10,train,109,630,603.759300
100,10,train,110,670,662.604294
100,10,train,111,516,520.125484
100,10,train,112,463,467.469469
100,10,train,113,519,514.490921
100,10,train,114,507,525.369629
100,10,train,115,525,520.014598
100,10,train,116,482,486.470229
100,10,train,117,488,489.772862
100,10,train,118,637,617.882822
100,10,train,119,480,495.366513
100,10,train,120,606,589.153548
100,10,train,121,485,512.405702
100,10,train,122,617,616.861229
100,10,train,123,560,553.341493
100,10,train,124,464,475.239994
100,10,train,125,617,616.861229
100,10,train,126,545,545.993143
100,10,train,127,465,481.559671
100,10,train,128,601,603.850881
100,10,train,129,538,538.658779
100,10,train,130,495,493.765368
100,10,train,131,472,477.181544
100,10,train,132,431,457.308606
100,10,train,133,500,496.851921
100,10,train,134,476,478.356901
100,10,train,135,479,490.178508
100,10,train,136,575,578.582058
100,10,train,137,455,469.377142
100,10,train,138,550,552.978583
100,10,train,139,502,506.940807
100,10,train,140,528,522.472476
219,1,test,0,584,587.013559
219,1,test,1,510,521.315254
219,1,test,2,525,536.681356
219,1,test,3,557,581.247458
219,1,test,4,596,623.379661
219,1,test,5,528,512.410169
219,1,test,6,645,577.810169
219,1,test,7,460,551.806780
219,1,test,8,572,544.959322
219,1,test,9,509,514.749153
219,1,test,10,577,571.552542
219,1,test,11,555,556.400000
219,1,test,12,485,534.264407
219,1,test,13,580,604.691525
219,1,test,14,456,492.647458
219,1,test,15,597,581.355932
219,1,test,16,484,495.037288
219,1,test,17,584,593.423729
219,1,test,18,502,511.267797
219,1,test,19,612,589.857627
219,1,test,20,644,586.705085
219,1,test,21,501,485.464407
219,1,test,22,462,462.525424
219,1,test,23,495,491.235028
219,1,test,24,601,609.505085
219,1,test,25,613,590.240678
219,1,test,26,610,589.345763
219,1,test,27,580,600.698305
219,1,test,28,545,557.457627
219,1,test,29,469,462.844068
219,1,test,30,479,487.922034
219,1,test,31,478,507.833898
219,1,test,32,446,502.576271
219,1,test,33,463,476.803390
219,1,test,34,613,590.491525
219,1,test,35,572,572.698305
219,1,train,0,572,544.959322
219,1,train,1,524,527.288136
219,1,train,2,575,576.769492
219,1,train,3,600,595.467797
219,1,train,4,560,545.681356
219,1,train,5,442,450.827119
219,1,train,6,451,455.366102
219,1,train,7,616,617.406780
219,1,train,8,534,527.166102
219,1,train,9,608,604.657627
219,1,train,10,489,487.705085
219,1,train,11,637,623.806780
219,1,train,12,648,619.006780
219,1,train,13,523,519.376271
219,1,train,14,519,514.392090
219,1,train,15,524,526.064407
219,1,train,16,500,498.193220
219,1,train,17,495,512.715254
219,1,train,18,585,589.901695
219,1,train,19,509,514.467797
219,1,train,20,577,571.552542
219,1,train,21,479,491.440678
219,1,train,22,504,505.301695
219,1,train,23,509,504.972881
219,1,train,24,606,593.145763
219,1,train,25,605,594.498305
219,1,train,26,484,489.369492
219,1,train,27,488,488.640678
219,1,train,28,630,630.664407
219,1,train,29,507,538.186441
219,1,train,30,522,522.196610
219,1,train,31,628,619.342373
219,1,train,32,522,522.196610
219,1,train,33,578,582.545763
219,1,train,34,640,648.715254
219,1,train,35,618,614.949153
219,1,train,36,431,454.535593
219,1,train,37,649,639.420339
219,1,train,38,526,527.359322
219,1,train,39,535,530.650847
219,1,train,40,507,529.484746
219,1,train,41,541,556.281356
219,1,train,42,612,606.379661
219,1,train,43,617,590.816949
219,1,train,44,459,473.715254
219,1,train,45,597,595.952542
219,1,train,46,538,542.101695
219,1,train,47,508,510.450847
219,1,train,48,525,527.003390
219,1,train,49,455,462.789831
219,1,train,50,472,499.911864
219,1,train,51,596,581.074576
219,1,train,52,617,612.745763
219,1,train,53,623,617.616949
219,1,train,54,594,581.247458
219,1,train,55,480,475.400000
219,1,train,56,504,497.641808
219,1,train,57,516,522.266344
219,1,train,58,541,535.566102
219,1,train,59,505,507.518644
219,1,train,60,515,507.944310
219,1,train,61,522,514.772881
219,1,train,62,506,519.030508
219,1,train,63,577,567.305085
219,1,train,64,574,560.291525
219,1,train,65,624,615.908475
219,1,train,66,543,533.250847
219,1,train,67,644,597.800000
219,1,train,68,584,587.013559
219,1,train,69,500,505.135593
219,1,train,70,689,669.050847
219,1,train,71,586,575.501695
219,1,train,72,617,612.745763
219,1,train,73,473,501.416949
219,1,train,74,572,572.698305
219,1,train,75,595,589.345763
219,1,train,76,528,525.932203
219,1,train,77,492,492.018079
219,1,train,78,516,522.266344
219,1,train,79,473,476.871186
219,1,train,80,505,519.023729
219,1,train,81,534,519.149153
219,1,train,82,630,630.664407
219,1,train,83,670,665.003390
219,1,train,84,598,586.508475
219,1,train,85,488,499.433898
219,1,train,86,481,488.827119
219,1,train,87,455,463.376271
219,1,train,88,550,553.681356
219,1,train,89,505,498.057627
219,1,train,90,608,595.810169
219,1,train,91,482,483.654237
219,1,train,92,466,465.532203
219,1,train,93,471,478.928814
219,1,train,94,624,622.491525
219,1,train,95,591,592.155932
219,1,train,96,488,489.718644
219,1,train,97,606,603.728814
219,1,train,98,693,670.694915
219,1,train,99,475,475.291525
219,1,train,100,484,488.786441
219,1,train,101,580,560.498305
219,1,train,102,511,511.128814
219,1,train,103,562,540.206780
219,1,train,104,630,605.955932
219,1,train,105,583,581.471186
219,1,train,106,465,490.057627
219,1,train,107,524,512.240678
219,1,train,108,472,475.522034
219,1,train,109,456,465.952542
219,1,train,110,456,491.030508
219,1,train,111,475,481.579661
219,1,train,112,465,495.796610
219,1,train,113,561,545.718644
219,1,train,114,464,465.274576
219,1,train,115,490,504.413559
219,1,train,116,450,464.908475
219,1,train,117,601,612.454237
219,1,train,118,463,464.298305
219,1,train,119,670,665.003390
219,1,train,120,597,595.952542
219,1,train,121,592,592.322034
219,1,train,122,597,595.064407
219,1,train,123,371,417.864407
219,1,train,124,500,506.501695
219,1,train,125,476,477.203390
219,1,train,126,464,476.094915
219,1,train,127,494,494.857627
219,1,train,128,585,589.901695
219,1,train,129,507,515.433898
219,1,train,130,568,571.488136
219,1,train,131,500,506.084746
219,1,train,132,605,609.596610
219,1,train,133,519,518.386441
219,1,train,134,504,498.386441
219,1,train,135,487,485.905085
219,1,train,136,517,513.612429
219,1,train,137,532,523.033898
219,1,train,138,493,491.326554
219,1,train,139,477,477.616949
219,1,train,140,648,656.413559
219,2,test,0,495,529.674797
219,2,test,1,473,532.528455
219,2,test,2,618,599.796748
219,2,test,3,568,583.544715
219,2,test,4,584,592.065041
219,2,test,5,507,564.959350
219,2,test,6,455,510.888889
219,2,test,7,543,515.975610
219,2,test,8,597,587.333333
219,2,test,9,600,597.951220
219,2,test,10,524,526.081301
219,2,test,11,475,472.617886
219,2,test,12,459,501.731707
219,2,test,13,500,506.408537
219,2,test,14,689,629.772358
219,2,test,15,606,571.674797
219,2,test,16,580,596.365854
219,2,test,17,541,578.926829
219,2,test,18,580,589.276423
219,2,test,19,476,479.845528
219,2,test,20,617,551.260163
219,2,test,21,628,599.121951
219,2,test,22,509,536.764228
219,2,test,23,509,536.764228
219,2,test,24,463,481.879404
219,2,test,25,596,619.000000
219,2,test,26,522,535.333333
219,2,test,27,608,581.162602
219,2,test,28,560,508.138211
219,2,test,29,693,625.731707
219,2,test,30,517,511.406504
219,2,test,31,455,519.279133
219,2,test,32,446,497.590650
219,2,test,33,534,502.934959
219,2,test,34,577,574.609756
219,2,test,35,575,585.203252
219,2,train,0,528,521.052846
219,2,train,1,645,618.105691
219,2,train,2,585,589.333333
219,2,train,3,516,522.138211
219,2,train,4,479,483.684824
219,2,train,5,473,480.934959
219,2,train,6,487,486.189799
219,2,train,7,460,500.195122
219,2,train,8,500,495.590447
219,2,train,9,596,595.910569
219,2,train,10,519,518.378049
219,2,train,11,608,603.813008
219,2,train,12,492,489.942728
219,2,train,13,509,498.406504
219,2,train,14,479,490.266125
219,2,train,15,505,505.775068
219,2,train,16,466,466.325203
219,2,train,17,613,608.878049
219,2,train,18,630,628.739837
219,2,train,19,511,508.254743
219,2,train,20,478,488.620596
219,2,train,21,465,494.739837
219,2,train,22,605,599.121951
219,2,train,23,524,521.845528
219,2,train,24,515,514.115176
219,2,train,25,477,476.227642
219,2,train,26,494,496.243541
219,2,train,27,577,574.609756
219,2,train,28,488,492.373984
219,2,train,29,578,574.455285
219,2,train,30,484,487.035818
219,2,train,31,465,480.783198
219,2,train,32,480,477.227642
219,2,train,33,538,549.430894
219,2,train,34,586,579.178862
219,2,train,35,532,524.097561
219,2,train,36,598,586.739837
219,2,train,37,670,660.430894
219,2,train,38,507,514.325203
219,2,train,39,505,510.534262
219,2,train,40,500,501.926829
219,2,train,41,519,514.040650
219,2,train,42,525,521.369338
219,2,train,43,630,593.886179
219,2,train,44,508,507.563008
219,2,train,45,605,596.447154
219,2,train,46,442,453.121951
219,2,train,47,482,487.069919
219,2,train,48,484,492.455285
219,2,train,49,464,472.555556
219,2,train,50,451,457.349593
219,2,train,51,371,414.642276
219,2,train,52,524,519.878049
219,2,train,53,535,525.560976
219,2,train,54,472,492.886179
219,2,train,55,545,551.666667
219,2,train,56,572,575.455285
219,2,train,57,617,615.552846
219,2,train,58,649,636.439024
219,2,train,59,504,499.526132
219,2,train,60,463,464.699187
219,2,train,61,456,487.398374
219,2,train,62,601,611.634146
219,2,train,63,630,628.739837
219,2,train,64,572,567.666667
219,2,train,65,597,589.560976
219,2,train,66,648,607.325203
219,2,train,67,613,608.878049
219,2,train,68,500,502.824187
219,2,train,69,502,505.779472
219,2,train,70,464,464.894309
219,2,train,71,489,491.016628
219,2,train,72,504,502.059959
219,2,train,73,592,597.951220
219,2,train,74,475,481.373984
219,2,train,75,505,502.662021
219,2,train,76,534,522.357724
219,2,train,77,525,526.894309
219,2,train,78,481,493.281301
219,2,train,79,670,660.430894
219,2,train,80,612,605.373984
219,2,train,81,585,589.333333
219,2,train,82,528,531.991870
219,2,train,83,456,467.398374
219,2,train,84,574,562.292683
219,2,train,85,601,602.658537
219,2,train,86,577,568.918699
219,2,train,87,488,489.260395
219,2,train,88,472,479.845528
219,2,train,89,456,469.856369
219,2,train,90,591,591.398374
219,2,train,91,624,609.959350
219,2,train,92,431,449.178862
219,2,train,93,597,589.560976
219,2,train,94,584,585.585366
219,2,train,95,469,463.000000
219,2,train,96,522,535.333333
219,2,train,97,495,494.305330
219,2,train,98,526,521.968835
219,2,train,99,640,630.821138
219,2,train,100,616,619.634146
219,2,train,101,580,565.674797
219,2,train,102,623,605.520325
219,2,train,103,507,528.292683
219,2,train,104,597,595.203252
219,2,train,105,624,617.658537
219,2,train,106,471,480.304975
219,2,train,107,506,520.973287
219,2,train,108,583,572.463415
219,2,train,109,504,499.018970
219,2,train,110,594,574.495935
219,2,train,111,617,615.552846
219,2,train,112,557,558.552846
219,2,train,113,595,598.707317
219,2,train,114,488,490.320151
219,2,train,115,523,517.821138
219,2,train,116,637,619.162602
219,2,train,117,644,600.731707
219,2,train,118,572,575.455285
219,2,train,119,644,624.804878
219,2,train,120,485,508.278455
219,2,train,121,555,568.016260
219,2,train,122,572,567.666667
219,2,train,123,648,638.512195
219,2,train,124,510,507.821138
219,2,train,125,522,523.073171
219,2,train,126,484,487.057588
219,2,train,127,612,604.373984
219,2,train,128,490,509.853659
219,2,train,129,610,604.560976
219,2,train,130,462,463.772358
219,2,train,131,584,585.585366
219,2,train,132,541,538.168409
219,2,train,133,450,469.074526
219,2,train,134,516,522.138211
219,2,train,135,501,500.234756
219,2,train,136,606,603.065041
219,2,train,137,561,546.325203
219,2,train,138,493,492.365725
219,2,train,139,550,553.073171
219,2,train,140,562,541.693767
219,3,test,0,601,602.391657
219,3,test,1,596,615.208575
219,3,test,2,574,530.698725
219,3,test,3,466,471.264195
219,3,test,4,482,490.989571
219,3,test,5,473,527.853998
219,3,test,6,594,554.659328
219,3,test,7,493,490.517961
219,3,test,8,524,526.297798
219,3,test,9,644,522.930475
219,3,test,10,455,493.655852
219,3,test,11,475,476.607184
219,3,test,12,505,503.982619
219,3,test,13,612,589.061414
219,3,test,14,644,576.937428
219,3,test,15,459,511.633835
219,3,test,16,597,589.954809
219,3,test,17,550,559.492468
219,3,test,18,524,514.687138
219,3,test,19,506,553.826188
219,3,test,20,523,512.254925
219,3,test,21,500,509.580533
219,3,test,22,568,576.522596
219,3,test,23,640,643.410197
219,3,test,24,605,609.047509
219,3,test,25,465,498.130939
219,3,test,26,610,591.697567
219,3,test,27,608,562.263036
219,3,test,28,585,590.973349
219,3,test,29,584,582.530707
219,3,test,30,597,566.542294
219,3,test,31,555,558.983778
219,3,test,32,507,531.151796
219,3,test,33,670,649.813441
219,3,test,34,598,563.740440
219,3,test,35,617,534.727694
219,3,train,0,580,586.099652
219,3,train,1,595,591.695249
219,3,train,2,612,592.499421
219,3,train,3,463,467.316338
219,3,train,4,463,467.382387
219,3,train,5,541,553.174971
219,3,train,6,617,614.317497
219,3,train,7,572,566.902665
219,3,train,8,525,518.719583
219,3,train,9,495,511.318656
219,3,train,10,460,497.803013
219,3,train,11,693,661.625724
219,3,train,12,484,482.342990
219,3,train,13,495,493.012746
219,3,train,14,472,476.003476
219,3,train,15,623,614.509849
219,3,train,16,586,572.658169
219,3,train,17,488,490.453071
219,3,train,18,519,515.090382
219,3,train,19,585,590.973349
219,3,train,20,670,649.813441
219,3,train,21,630,627.415991
219,3,train,22,465,489.991889
219,3,train,23,618,614.112399
219,3,train,24,606,597.122827
219,3,train,25,572,573.258401
219,3,train,26,561,540.931634
219,3,train,27,605,591.710313
219,3,train,28,504,502.286211
219,3,train,29,473,481.546929
219,3,train,30,528,522.285052
219,3,train,31,490,502.047509
219,3,train,32,500,505.636153
219,3,train,33,649,638.278100
219,3,train,34,522,520.915411
219,3,train,35,628,609.047509
219,3,train,36,584,582.629200
219,3,train,37,455,482.253766
219,3,train,38,597,592.994206
219,3,train,39,516,521.088065
219,3,train,40,515,511.612978
219,3,train,41,525,523.375435
219,3,train,42,484,489.005794
219,3,train,43,502,505.877173
219,3,train,44,592,593.623407
219,3,train,45,488,488.581692
219,3,train,46,645,615.238702
219,3,train,47,577,563.368482
219,3,train,48,577,574.851680
219,3,train,49,476,477.561993
219,3,train,50,500,500.205098
219,3,train,51,481,493.965238
219,3,train,52,528,526.719583
219,3,train,53,494,494.535342
219,3,train,54,456,481.990730
219,3,train,55,580,583.002317
219,3,train,56,616,615.220162
219,3,train,57,534,528.454229
219,3,train,58,431,448.263036
219,3,train,59,606,588.976825
219,3,train,60,532,525.812283
219,3,train,61,477,482.098494
219,3,train,62,442,454.872538
219,3,train,63,451,460.089224
219,3,train,64,608,589.061414
219,3,train,65,479,481.676709
219,3,train,66,578,568.899189
219,3,train,67,464,477.185400
219,3,train,68,478,490.538818
219,3,train,69,624,613.633835
219,3,train,70,517,516.723059
219,3,train,71,464,470.636153
219,3,train,72,600,596.691773
219,3,train,73,630,599.052144
219,3,train,74,504,499.494786
219,3,train,75,507,527.098494
219,3,train,76,584,582.530707
219,3,train,77,597,589.954809
219,3,train,78,472,498.314021
219,3,train,79,501,496.640788
219,3,train,80,508,508.661645
219,3,train,81,456,475.644264
219,3,train,82,583,574.710313
219,3,train,83,624,613.616454
219,3,train,84,471,478.384705
219,3,train,85,545,547.844728
219,3,train,86,572,573.258401
219,3,train,87,630,627.415991
219,3,train,88,617,614.317497
219,3,train,89,522,516.712630
219,3,train,90,543,533.384705
219,3,train,91,504,498.785632
219,3,train,92,562,545.923523
219,3,train,93,526,521.597914
219,3,train,94,613,608.424102
219,3,train,95,475,481.872538
219,3,train,96,575,567.073001
219,3,train,97,462,463.234067
219,3,train,98,510,513.617613
219,3,train,99,648,613.641947
219,3,train,100,601,613.336037
219,3,train,101,560,545.120510
219,3,train,102,488,493.904983
219,3,train,103,577,574.834299
219,3,train,104,505,506.989571
219,3,train,105,580,563.994206
219,3,train,106,509,511.308227
219,3,train,107,507,514.339513
219,3,train,108,648,646.220162
219,3,train,109,487,485.129780
219,3,train,110,479,491.996524
219,3,train,111,637,619.378911
219,3,train,112,450,461.779838
219,3,train,113,480,487.057937
219,3,train,114,689,657.125145
219,3,train,115,613,608.465817
219,3,train,116,469,475.819235
219,3,train,117,516,521.088065
219,3,train,118,557,554.659328
219,3,train,119,572,566.902665
219,3,train,120,519,516.777520
219,3,train,121,456,470.792584
219,3,train,122,541,554.720742
219,3,train,123,509,502.107764
219,3,train,124,446,464.585168
219,3,train,125,489,489.297798
219,3,train,126,591,590.000000
219,3,train,127,371,420.959444
219,3,train,128,522,520.840093
219,3,train,129,484,487.499421
219,3,train,130,596,588.855156
219,3,train,131,492,491.241020
219,3,train,132,505,518.396292
219,3,train,133,524,524.706837
219,3,train,134,485,510.473928
219,3,train,135,500,496.228273
219,3,train,136,535,528.207416
219,3,train,137,538,543.851680
219,3,train,138,511,512.549247
219,3,train,139,534,521.285052
219,3,train,140,509,511.338355
219,4,test,0,541,533.515711
219,4,test,1,463,536.379052
219,4,test,2,460,563.058933
219,4,test,3,628,600.725484
219,4,test,4,489,488.010144
219,4,test,5,476,485.359608
219,4,test,6,591,591.167764
219,4,test,7,504,493.264435
219,4,test,8,475,496.171188
219,4,test,9,488,490.791606
219,4,test,10,572,527.807864
219,4,test,11,648,554.092773
219,4,test,12,524,529.204238
219,4,test,13,618,583.014768
219,4,test,14,637,588.409349
219,4,test,15,522,513.839025
219,4,test,16,600,591.514138
219,4,test,17,572,527.807864
219,4,test,18,522,513.839025
219,4,test,19,484,493.669753
219,4,test,20,572,571.764579
219,4,test,21,623,582.801532
219,4,test,22,479,509.797972
219,4,test,23,504,508.088546
219,4,test,24,459,526.552148
219,4,test,25,517,512.296264
219,4,test,26,557,582.597762
219,4,test,27,516,525.900268
219,4,test,28,371,541.471023
219,4,test,29,473,522.945336
219,4,test,30,610,589.210962
219,4,test,31,525,509.363551
219,4,test,32,495,534.358628
219,4,test,33,575,587.050442
219,4,test,34,488,513.064915
219,4,test,35,464,492.694536
219,4,train,0,545,546.275324
219,4,train,1,525,523.026006
219,4,train,2,541,559.434390
219,4,train,3,617,588.424953
219,4,train,4,500,505.650411
219,4,train,5,580,584.357696
219,4,train,6,693,666.555248
219,4,train,7,464,473.163646
219,4,train,8,451,463.578730
219,4,train,9,463,472.772109
219,4,train,10,585,589.978829
219,4,train,11,477,488.358412
219,4,train,12,568,565.429743
219,4,train,13,500,498.795438
219,4,train,14,522,516.138795
219,4,train,15,585,589.978829
219,4,train,16,613,606.180350
219,4,train,17,577,576.255868
219,4,train,18,577,576.255868
219,4,train,19,505,499.193932
219,4,train,20,584,584.994168
219,4,train,21,509,512.290763
219,4,train,22,488,490.080301
219,4,train,23,508,509.618282
219,4,train,24,574,558.914097
219,4,train,25,479,485.793699
219,4,train,26,630,628.303041
219,4,train,27,605,600.725484
219,4,train,28,617,615.210735
219,4,train,29,608,589.078912
219,4,train,30,507,518.427114
219,4,train,31,505,506.740461
219,4,train,32,597,593.905631
219,4,train,33,507,515.418419
219,4,train,34,645,611.262617
219,4,train,35,455,469.558244
219,4,train,36,515,512.693743
219,4,train,37,584,582.621557
219,4,train,38,597,593.319593
219,4,train,39,446,469.444102
219,4,train,40,580,588.647360
219,4,train,41,594,582.597762
219,4,train,42,455,468.132583
219,4,train,43,471,483.262043
219,4,train,44,482,489.222965
219,4,train,45,506,529.335140
219,4,train,46,478,491.386978
219,4,train,47,490,502.383195
219,4,train,48,450,466.992352
219,4,train,49,577,567.645225
219,4,train,50,500,497.270759
219,4,train,51,507,531.956166
219,4,train,52,550,550.428883
219,4,train,53,670,662.049398
219,4,train,54,606,601.064244
219,4,train,55,456,472.899477
219,4,train,56,586,568.979638
219,4,train,57,469,476.264965
219,4,train,58,543,531.536914
219,4,train,59,456,484.073438
219,4,train,60,595,589.210962
219,4,train,61,596,585.554900
219,4,train,62,598,594.262091
219,4,train,63,612,603.304539
219,4,train,64,510,514.366700
219,4,train,65,616,618.056539
219,4,train,66,528,524.986475
219,4,train,67,484,492.423174
219,4,train,68,689,667.795460
219,4,train,69,480,487.879084
219,4,train,70,592,591.672901
219,4,train,71,596,603.379255
219,4,train,72,528,535.152846
219,4,train,73,524,519.122008
219,4,train,74,605,590.565429
219,4,train,75,601,603.184312
219,4,train,76,612,596.063304
219,4,train,77,617,615.210735
219,4,train,78,494,495.640584
219,4,train,79,484,486.129220
219,4,train,80,502,506.483611
219,4,train,81,555,558.037005
219,4,train,82,534,521.418054
219,4,train,83,597,593.948518
219,4,train,84,562,546.583266
219,4,train,85,560,547.303755
219,4,train,86,640,642.126854
219,4,train,87,493,491.161886
219,4,train,88,648,645.442035
219,4,train,89,583,574.157020
219,4,train,90,472,485.359608
219,4,train,91,644,620.707079
219,4,train,92,485,513.716577
219,4,train,93,442,462.943050
219,4,train,94,578,579.428681
219,4,train,95,487,486.635356
219,4,train,96,613,606.203031
219,4,train,97,505,520.680812
219,4,train,98,524,521.962583
219,4,train,99,473,494.876099
219,4,train,100,501,496.163851
219,4,train,101,561,541.122639
219,4,train,102,504,499.101863
219,4,train,103,495,492.315901
219,4,train,104,462,464.535778
219,4,train,105,584,584.994168
219,4,train,106,670,662.049398
219,4,train,107,465,481.149930
219,4,train,108,456,473.583440
219,4,train,109,475,480.840414
219,4,train,110,481,498.373009
219,4,train,111,624,604.902977
219,4,train,112,431,454.011565
219,4,train,113,509,501.564068
219,4,train,114,580,557.470253
219,4,train,115,500,505.413625
219,4,train,116,630,605.859985
219,4,train,117,526,521.460595
219,4,train,118,534,533.721386
219,4,train,119,492,494.208717
219,4,train,120,535,527.247768
219,4,train,121,538,543.649575
219,4,train,122,511,512.555929
219,4,train,123,624,615.593608
219,4,train,124,519,512.148598
219,4,train,125,644,599.312119
219,4,train,126,608,602.479797
219,4,train,127,601,614.267596
219,4,train,128,465,495.248344
219,4,train,129,472,494.851439
219,4,train,130,509,512.290763
219,4,train,131,466,470.749562
219,4,train,132,572,571.764579
219,4,train,133,523,514.759346
219,4,train,134,532,522.114127
219,4,train,135,597,592.966754
219,4,train,136,630,628.303041
219,4,train,137,516,525.900268
219,4,train,138,519,516.343895
219,4,train,139,649,640.002583
219,4,train,140,606,587.062474
219,5,test,0,482,487.000000
219,5,test,1,601,597.522565
219,5,test,2,475,478.258907
219,5,test,3,605,577.717340
219,5,test,4,617,556.536817
219,5,test,5,465,557.271971
219,5,test,6,689,633.973872
219,5,test,7,616,622.223278
219,5,test,8,522,519.695962
219,5,test,9,500,511.353919
219,5,test,10,598,586.205463
219,5,test,11,560,554.975059
219,5,test,12,500,492.236342
219,5,test,13,594,558.010689
219,5,test,14,509,493.551069
219,5,test,15,568,584.535629
219,5,test,16,600,595.071259
219,5,test,17,580,590.614014
219,5,test,18,577,561.019002
219,5,test,19,535,519.902613
219,5,test,20,618,611.346793
219,5,test,21,534,540.758907
219,5,test,22,489,486.944181
219,5,test,23,617,618.716152
219,5,test,24,591,594.862233
219,5,test,25,456,545.667458
219,5,test,26,606,589.770784
219,5,test,27,605,615.261283
219,5,test,28,472,538.317102
219,5,test,29,516,532.888361
219,5,test,30,473,539.353919
219,5,test,31,504,492.477435
219,5,test,32,475,488.394299
219,5,test,33,505,507.831354
219,5,test,34,465,529.935867
219,5,test,35,596,622.555819
219,5,train,0,644,616.716152
219,5,train,1,541,534.610451
219,5,train,2,525,522.118765
219,5,train,3,670,664.730404
219,5,train,4,517,515.716152
219,5,train,5,480,476.129454
219,5,train,6,524,525.779097
219,5,train,7,463,461.217340
219,5,train,8,464,466.864608
219,5,train,9,511,510.939430
219,5,train,10,490,508.238717
219,5,train,11,495,512.375297
219,5,train,12,584,585.365796
219,5,train,13,597,595.225653
219,5,train,14,528,523.150831
219,5,train,15,597,595.660333
219,5,train,16,525,528.771971
219,5,train,17,371,414.882423
219,5,train,18,500,505.204276
219,5,train,19,488,488.187648
219,5,train,20,510,512.450119
219,5,train,21,459,473.635392
219,5,train,22,584,585.365796
219,5,train,23,550,555.160333
219,5,train,24,464,471.862233
219,5,train,25,577,563.744656
219,5,train,26,601,613.268409
219,5,train,27,534,522.711401
219,5,train,28,524,520.008314
219,5,train,29,578,583.954869
219,5,train,30,555,556.294537
219,5,train,31,630,627.192399
219,5,train,32,492,492.789786
219,5,train,33,479,490.382423
219,5,train,34,597,595.660333
219,5,train,35,505,509.560570
219,5,train,36,485,506.653207
219,5,train,37,462,463.776722
219,5,train,38,493,491.825416
219,5,train,39,580,555.643705
219,5,train,40,507,515.523753
219,5,train,41,584,586.994062
219,5,train,42,612,604.674584
219,5,train,43,487,484.749406
219,5,train,44,519,514.950119
219,5,train,45,456,463.440618
219,5,train,46,613,605.935867
219,5,train,47,557,558.010689
219,5,train,48,624,616.489311
219,5,train,49,561,544.279097
219,5,train,50,585,589.433492
219,5,train,51,501,495.488124
219,5,train,52,648,652.494062
219,5,train,53,572,562.154394
219,5,train,54,640,634.185273
219,5,train,55,431,448.118765
219,5,train,56,455,470.730404
219,5,train,57,476,477.325416
219,5,train,58,481,488.994062
219,5,train,59,606,589.958432
219,5,train,60,484,489.233967
219,5,train,61,505,501.545131
219,5,train,62,645,626.180523
219,5,train,63,456,497.960808
219,5,train,64,596,592.229216
219,5,train,65,543,532.244656
219,5,train,66,506,517.951306
219,5,train,67,488,489.188836
219,5,train,68,624,617.472684
219,5,train,69,526,521.510689
219,5,train,70,516,532.888361
219,5,train,71,507,527.019002
219,5,train,72,693,669.874109
219,5,train,73,442,451.320665
219,5,train,74,628,615.261283
219,5,train,75,574,570.780285
219,5,train,76,446,463.801663
219,5,train,77,500,499.687648
219,5,train,78,610,601.492874
219,5,train,79,477,479.503563
219,5,train,80,528,526.258907
219,5,train,81,504,505.748219
219,5,train,82,572,562.154394
219,5,train,83,460,489.156770
219,5,train,84,509,512.923990
219,5,train,85,545,544.377672
219,5,train,86,562,539.970309
219,5,train,87,613,605.845606
219,5,train,88,585,589.433492
219,5,train,89,637,622.268409
219,5,train,90,580,589.642518
219,5,train,91,484,482.451306
219,5,train,92,524,526.460808
219,5,train,93,572,573.020190
219,5,train,94,522,518.229216
219,5,train,95,595,595.453682
219,5,train,96,577,561.019002
219,5,train,97,466,464.572447
219,5,train,98,451,455.591449
219,5,train,99,617,618.716152
219,5,train,100,508,511.030879
219,5,train,101,488,495.351544
219,5,train,102,648,614.602138
219,5,train,103,484,489.250594
219,5,train,104,644,599.969121
219,5,train,105,592,595.071259
219,5,train,106,541,554.802850
219,5,train,107,612,604.736342
219,5,train,108,623,613.501188
219,5,train,109,522,519.865796
219,5,train,110,469,467.859857
219,5,train,111,507,536.718527
219,5,train,112,538,536.358670
219,5,train,113,523,527.957245
219,5,train,114,463,466.154394
219,5,train,115,649,633.427553
219,5,train,116,572,573.020190
219,5,train,117,519,516.213777
219,5,train,118,608,600.925178
219,5,train,119,509,513.001188
219,5,train,120,532,521.251781
219,5,train,121,583,578.438242
219,5,train,122,494,497.555819
219,5,train,123,502,507.089074
219,5,train,124,670,664.730404
219,5,train,125,630,611.119952
219,5,train,126,455,463.965558
219,5,train,127,608,602.992874
219,5,train,128,586,573.491686
219,5,train,129,471,478.155582
219,5,train,130,575,581.650831
219,5,train,131,473,472.969121
219,5,train,132,450,462.048694
219,5,train,133,478,488.888361
219,5,train,134,597,592.015439
219,5,train,135,479,481.413302
219,5,train,136,472,475.719715
219,5,train,137,495,492.852732
219,5,train,138,504,498.337292
219,5,train,139,515,509.819477
219,5,train,140,630,627.192399
219,6,test,0,493,489.460784
219,6,test,1,596,612.550245
219,6,test,2,509,514.648284
219,6,test,3,585,593.129902
219,6,test,4,525,522.631127
219,6,test,5,577,569.987745
219,6,test,6,500,510.013480
219,6,test,7,516,541.675245
219,6,test,8,617,611.964461
219,6,test,9,459,491.702206
219,6,test,10,630,557.692402
219,6,test,11,451,467.270833
219,6,test,12,516,541.675245
219,6,test,13,555,588.658088
219,6,test,14,644,591.182598
219,6,test,15,580,531.950980
219,6,test,16,541,587.984069
219,6,test,17,597,591.825980
219,6,test,18,489,484.960784
219,6,test,19,522,520.338235
219,6,test,20,464,477.626225
219,6,test,21,463,472.713235
219,6,test,22,584,585.921569
219,6,test,23,538,564.750000
219,6,test,24,644,526.821078
219,6,test,25,455,487.416667
219,6,test,26,484,491.432598
219,6,test,27,484,494.884804
219,6,test,28,476,479.732843
219,6,test,29,624,600.072304
219,6,test,30,481,504.705882
219,6,test,31,528,517.854167
219,6,test,32,463,481.349265
219,6,test,33,670,652.709559
219,6,test,34,613,601.656863
219,6,test,35,446,494.952206
219,6,train,0,560,543.041667
219,6,train,1,689,669.258578
219,6,train,2,371,431.036765
219,6,train,3,601,614.876225
219,6,train,4,492,493.594363
219,6,train,5,482,484.232843
219,6,train,6,648,647.432598
219,6,train,7,586,587.984069
219,6,train,8,442,459.248775
219,6,train,9,630,628.459559
219,6,train,10,473,493.899510
219,6,train,11,572,573.618873
219,6,train,12,630,628.459559
219,6,train,13,605,608.778186
219,6,train,14,624,616.115196
219,6,train,15,648,612.066176
219,6,train,16,506,521.634804
219,6,train,17,572,563.156863
219,6,train,18,628,618.079657
219,6,train,19,495,508.878676
219,6,train,20,572,563.156863
219,6,train,21,545,546.738971
219,6,train,22,465,477.213235
219,6,train,23,616,615.600490
219,6,train,24,507,532.427696
219,6,train,25,617,611.964461
219,6,train,26,478,487.982843
219,6,train,27,584,585.921569
219,6,train,28,510,510.754902
219,6,train,29,515,510.161765
219,6,train,30,605,589.187500
219,6,train,31,504,498.738971
219,6,train,32,608,604.042892
219,6,train,33,597,591.825980
219,6,train,34,594,577.169118
219,6,train,35,472,495.747549
219,6,train,36,572,573.618873
219,6,train,37,574,563.030637
219,6,train,38,649,639.234069
219,6,train,39,464,476.785539
219,6,train,40,473,479.794118
219,6,train,41,431,446.819853
219,6,train,42,507,512.404412
219,6,train,43,523,516.360294
219,6,train,44,504,499.281863
219,6,train,45,532,524.611520
219,6,train,46,456,469.252451
219,6,train,47,606,587.810049
219,6,train,48,526,519.654412
219,6,train,49,598,590.933824
219,6,train,50,475,474.654412
219,6,train,51,519,515.089461
219,6,train,52,460,494.172794
219,6,train,53,580,571.328431
219,6,train,54,597,590.852941
219,6,train,55,575,579.692402
219,6,train,56,485,516.817402
219,6,train,57,524,524.372549
219,6,train,58,500,497.087010
219,6,train,59,456,482.791667
219,6,train,60,477,481.573529
219,6,train,61,455,472.442402
219,6,train,62,495,492.573529
219,6,train,63,488,497.000000
219,6,train,64,508,507.069853
219,6,train,65,645,622.127451
219,6,train,66,585,593.129902
219,6,train,67,583,575.948529
219,6,train,68,528,523.247549
219,6,train,69,562,543.187500
219,6,train,70,500,502.915441
219,6,train,71,535,527.448529
219,6,train,72,610,603.715686
219,6,train,73,557,562.523284
219,6,train,74,479,482.365196
219,6,train,75,534,520.274510
219,6,train,76,541,535.275735
219,6,train,77,488,487.980392
219,6,train,78,637,624.301471
219,6,train,79,534,531.219363
219,6,train,80,504,502.480392
219,6,train,81,578,578.735294
219,6,train,82,450,464.789216
219,6,train,83,511,512.334559
219,6,train,84,580,588.352941
219,6,train,85,600,597.333333
219,6,train,86,693,668.133578
219,6,train,87,522,520.433824
219,6,train,88,479,490.325980
219,6,train,89,608,590.878676
219,6,train,90,561,542.414216
219,6,train,91,584,588.496324
219,6,train,92,505,499.223039
219,6,train,93,519,517.568627
219,6,train,94,484,490.431373
219,6,train,95,595,597.612745
219,6,train,96,577,569.564951
219,6,train,97,494,501.310049
219,6,train,98,612,605.577206
219,6,train,99,601,600.088235
219,6,train,100,596,593.015931
219,6,train,101,524,530.246324
219,6,train,102,618,612.476716
219,6,train,103,597,594.835784
219,6,train,104,500,500.330882
219,6,train,105,465,495.915441
219,6,train,106,606,604.906863
219,6,train,107,577,569.987745
219,6,train,108,522,518.976716
219,6,train,109,613,601.656863
219,6,train,110,490,500.833333
219,6,train,111,509,503.993873
219,6,train,112,505,507.939951
219,6,train,113,462,465.350490
219,6,train,114,543,530.854167
219,6,train,115,507,524.654412
219,6,train,116,456,466.105392
219,6,train,117,670,652.709559
219,6,train,118,550,552.988971
219,6,train,119,524,517.091912
219,6,train,120,502,506.341912
219,6,train,121,517,515.642157
219,6,train,122,612,603.412990
219,6,train,123,617,579.177696
219,6,train,124,472,479.732843
219,6,train,125,623,616.941176
219,6,train,126,592,594.343137
219,6,train,127,469,471.392157
219,6,train,128,488,487.438725
219,6,train,129,591,591.969363
219,6,train,130,525,528.939951
219,6,train,131,501,499.719363
219,6,train,132,475,480.452206
219,6,train,133,568,572.227941
219,6,train,134,480,483.627451
219,6,train,135,471,478.069853
219,6,train,136,640,644.028186
219,6,train,137,487,484.455882
219,6,train,138,466,470.234069
219,6,train,139,509,514.648284
219,6,train,140,505,512.867647
219,7,test,0,623,602.354365
219,7,test,1,456,495.300065
219,7,test,2,606,541.034668
219,7,test,3,597,580.914618
219,7,test,4,624,596.446816
219,7,test,5,524,530.109708
219,7,test,6,543,512.135982
219,7,test,7,507,565.205322
219,7,test,8,502,510.635868
219,7,test,9,561,520.811752
219,7,test,10,597,580.914618
219,7,test,11,644,566.388042
219,7,test,12,481,509.161086
219,7,test,13,572,539.626731
219,7,test,14,526,515.561822
219,7,test,15,451,465.189102
219,7,test,16,463,480.882575
219,7,test,17,670,635.508058
219,7,test,18,578,578.468061
219,7,test,19,504,503.454118
219,7,test,20,517,512.715968
219,7,test,21,488,506.139756
219,7,test,22,507,574.261515
219,7,test,23,478,504.926915
219,7,test,24,617,610.101919
219,7,test,25,689,630.147435
219,7,test,26,613,603.208338
219,7,test,27,630,622.642953
219,7,test,28,541,523.467016
219,7,test,29,693,617.942574
219,7,test,30,628,600.504015
219,7,test,31,583,542.177740
219,7,test,32,522,510.453729
219,7,test,33,500,513.354453
219,7,test,34,466,467.917406
219,7,test,35,519,507.128503
219,7,train,0,490,499.869863
219,7,train,1,577,577.359667
219,7,train,2,584,583.778898
219,7,train,3,586,565.911756
219,7,train,4,509,511.567747
219,7,train,5,504,499.708281
219,7,train,6,494,495.935453
219,7,train,7,516,520.588188
219,7,train,8,648,635.653812
219,7,train,9,577,577.427126
219,7,train,10,455,461.920750
219,7,train,11,505,511.416308
219,7,train,12,509,497.692483
219,7,train,13,492,489.731278
219,7,train,14,670,635.508058
219,7,train,15,463,465.086336
219,7,train,16,605,588.703781
219,7,train,17,456,462.066775
219,7,train,18,596,591.187246
219,7,train,19,506,520.611023
219,7,train,20,580,548.390907
219,7,train,21,598,593.963401
219,7,train,22,594,570.559721
219,7,train,23,618,601.344616
219,7,train,24,613,603.283890
219,7,train,25,446,463.852962
219,7,train,26,601,597.998295
219,7,train,27,500,493.984510
219,7,train,28,505,499.599929
219,7,train,29,480,473.110345
219,7,train,30,455,468.848537
219,7,train,31,591,590.927017
219,7,train,32,471,479.303582
219,7,train,33,608,591.713045
219,7,train,34,624,611.957592
219,7,train,35,524,519.301446
219,7,train,36,450,459.379389
219,7,train,37,479,482.310095
219,7,train,38,575,579.592386
219,7,train,39,612,601.954272
219,7,train,40,484,488.238928
219,7,train,41,572,572.144062
219,7,train,42,472,477.678198
219,7,train,43,510,515.462223
219,7,train,44,487,483.366744
219,7,train,45,431,452.670661
219,7,train,46,485,514.143610
219,7,train,47,580,585.843214
219,7,train,48,475,475.743067
219,7,train,49,616,613.295535
219,7,train,50,465,492.071277
219,7,train,51,525,520.331294
219,7,train,52,484,488.705802
219,7,train,53,509,511.572978
219,7,train,54,560,543.656188
219,7,train,55,572,539.626731
219,7,train,56,504,495.851703
219,7,train,57,606,597.012500
219,7,train,58,456,496.966656
219,7,train,59,600,597.729365
219,7,train,60,488,487.933934
219,7,train,61,442,456.347484
219,7,train,62,550,548.104767
219,7,train,63,596,602.588641
219,7,train,64,507,512.969102
219,7,train,65,460,502.131610
219,7,train,66,601,614.773127
219,7,train,67,488,490.065095
219,7,train,68,528,525.230663
219,7,train,69,522,519.773386
219,7,train,70,645,617.885324
219,7,train,71,495,511.013452
219,7,train,72,545,545.392282
219,7,train,73,610,600.846792
219,7,train,74,523,520.754628
219,7,train,75,482,485.425509
219,7,train,76,511,512.045488
219,7,train,77,535,524.122525
219,7,train,78,648,607.046691
219,7,train,79,597,592.503807
219,7,train,80,473,487.375937
219,7,train,81,541,561.633889
219,7,train,82,612,598.781481
219,7,train,83,489,487.792738
219,7,train,84,477,477.243678
219,7,train,85,495,494.076794
219,7,train,86,585,590.078148
219,7,train,87,465,498.426062
219,7,train,88,630,604.974189
219,7,train,89,617,587.322631
219,7,train,90,637,610.728883
219,7,train,91,519,517.995901
219,7,train,92,500,494.756296
219,7,train,93,476,477.721350
219,7,train,94,479,488.928516
219,7,train,95,649,634.962601
219,7,train,96,617,610.101919
219,7,train,97,464,472.074073
219,7,train,98,464,463.150889
219,7,train,99,584,583.951252
219,7,train,100,577,565.775377
219,7,train,101,524,516.779506
219,7,train,102,605,600.504015
219,7,train,103,462,462.519325
219,7,train,104,522,519.771377
219,7,train,105,515,507.261122
219,7,train,106,475,481.574754
219,7,train,107,584,583.640034
219,7,train,108,562,538.871295
219,7,train,109,630,622.642953
219,7,train,110,532,523.331204
219,7,train,111,555,557.935177
219,7,train,112,644,594.048624
219,7,train,113,528,522.759350
219,7,train,114,574,566.394543
219,7,train,115,597,593.329222
219,7,train,116,534,522.450857
219,7,train,117,534,528.011499
219,7,train,118,557,568.757110
219,7,train,119,608,601.935172
219,7,train,120,525,525.928701
219,7,train,121,459,479.927813
219,7,train,122,472,497.791532
219,7,train,123,501,496.488784
219,7,train,124,538,547.573744
219,7,train,125,508,511.602113
219,7,train,126,505,506.724072
219,7,train,127,592,597.351071
219,7,train,128,500,505.169448
219,7,train,129,580,587.339928
219,7,train,130,469,469.441933
219,7,train,131,585,590.120962
219,7,train,132,493,492.225134
219,7,train,133,473,501.355149
219,7,train,134,371,456.147131
219,7,train,135,516,520.453468
219,7,train,136,572,572.045336
219,7,train,137,484,483.017979
219,7,train,138,595,599.693171
219,7,train,139,568,571.846836
219,7,train,140,640,630.719882
219,8,test,0,511,513.329398
219,8,test,1,601,627.970484
219,8,test,2,572,574.145218
219,8,test,3,475,497.278630
219,8,test,4,562,520.857143
219,8,test,5,617,625.299882
219,8,test,6,689,630.715466
219,8,test,7,591,587.453365
219,8,test,8,534,521.049587
219,8,test,9,624,598.053129
219,8,test,10,601,602.063754
219,8,test,11,568,583.634002
219,8,test,12,462,497.760331
219,8,test,13,473,541.255018
219,8,test,14,519,516.014168
219,8,test,15,595,599.225502
219,8,test,16,455,491.365998
219,8,test,17,555,559.409681
219,8,test,18,586,555.556080
219,8,test,19,525,516.706021
219,8,test,20,597,588.101535
219,8,test,21,617,625.331759
219,8,test,22,605,574.632822
219,8,test,23,528,518.918536
219,8,test,24,446,495.913813
219,8,test,25,476,481.573790
219,8,test,26,475,477.735537
219,8,test,27,612,593.966942
219,8,test,28,465,542.277450
219,8,test,29,583,537.197166
219,8,test,30,488,497.651712
219,8,test,31,431,495.127509
219,8,test,32,507,551.618654
219,8,test,33,606,537.624557
219,8,test,34,481,515.739079
219,8,test,35,526,514.046045
219,8,train,0,630,604.146399
219,8,train,1,510,511.796930
219,8,train,2,617,590.661157
219,8,train,3,577,566.147580
219,8,train,4,488,489.471074
219,8,train,5,506,522.157025
219,8,train,6,471,479.096812
219,8,train,7,505,513.396694
219,8,train,8,504,500.270366
219,8,train,9,484,484.341204
219,8,train,10,515,510.390791
219,8,train,11,557,564.788666
219,8,train,12,456,486.191263
219,8,train,13,487,485.500590
219,8,train,14,572,564.179457
219,8,train,15,630,628.472255
219,8,train,16,538,544.353011
219,8,train,17,608,593.985832
219,8,train,18,371,422.283353
219,8,train,19,580,585.494687
219,8,train,20,584,586.086187
219,8,train,21,580,562.617473
219,8,train,22,500,503.441558
219,8,train,23,623,615.128689
219,8,train,24,495,507.558442
219,8,train,25,561,545.126328
219,8,train,26,628,616.448642
219,8,train,27,492,490.695396
219,8,train,28,574,562.809917
219,8,train,29,472,481.573790
219,8,train,30,509,511.434475
219,8,train,31,480,476.432113
219,8,train,32,516,521.198347
219,8,train,33,637,620.909091
219,8,train,34,613,607.723731
219,8,train,35,608,595.171192
219,8,train,36,524,526.262102
219,8,train,37,519,514.319953
219,8,train,38,597,593.504132
219,8,train,39,606,598.638725
219,8,train,40,523,519.907910
219,8,train,41,488,497.239669
219,8,train,42,477,479.161747
219,8,train,43,456,473.765053
219,8,train,44,618,614.160567
219,8,train,45,509,511.434475
219,8,train,46,493,492.178276
219,8,train,47,575,581.229044
219,8,train,48,577,573.167651
219,8,train,49,501,498.747344
219,8,train,50,585,589.311688
219,8,train,51,596,584.840614
219,8,train,52,463,471.327037
219,8,train,53,649,632.890201
219,8,train,54,598,591.714286
219,8,train,55,693,664.812279
219,8,train,56,630,628.472255
219,8,train,57,508,508.246753
219,8,train,58,469,469.014168
219,8,train,59,472,497.251476
219,8,train,60,524,525.272727
219,8,train,61,545,549.277450
219,8,train,62,597,593.266824
219,8,train,63,543,532.628099
219,8,train,64,484,487.530106
219,8,train,65,525,529.844156
219,8,train,66,580,585.348288
219,8,train,67,522,520.303424
219,8,train,68,505,506.433294
219,8,train,69,504,500.746163
219,8,train,70,450,462.545455
219,8,train,71,478,490.622196
219,8,train,72,495,493.958678
219,8,train,73,624,614.726092
219,8,train,74,584,583.539551
219,8,train,75,459,477.212515
219,8,train,76,500,495.671783
219,8,train,77,594,579.247934
219,8,train,78,616,620.425030
219,8,train,79,541,536.357733
219,8,train,80,560,541.604486
219,8,train,81,644,603.069658
219,8,train,82,505,501.469894
219,8,train,83,494,496.867769
219,8,train,84,463,469.694215
219,8,train,85,648,649.323495
219,8,train,86,592,595.012987
219,8,train,87,464,474.282172
219,8,train,88,484,490.458087
219,8,train,89,504,503.504132
219,8,train,90,585,589.311688
219,8,train,91,645,621.276269
219,8,train,92,479,493.257379
219,8,train,93,578,576.717828
219,8,train,94,541,555.556080
219,8,train,95,455,482.672963
219,8,train,96,610,599.225502
219,8,train,97,577,573.167651
219,8,train,98,535,529.466352
219,8,train,99,507,515.848878
219,8,train,100,612,600.452184
219,8,train,101,670,661.306966
219,8,train,102,490,508.832349
219,8,train,103,572,574.145218
219,8,train,104,550,547.290437
219,8,train,105,485,519.049587
219,8,train,106,489,488.612751
219,8,train,107,502,506.439197
219,8,train,108,534,524.066116
219,8,train,109,524,518.498229
219,8,train,110,509,501.096812
219,8,train,111,640,631.406139
219,8,train,112,500,501.735537
219,8,train,113,605,607.731995
219,8,train,114,596,601.487603
219,8,train,115,644,623.616293
219,8,train,116,528,525.859504
219,8,train,117,482,490.572609
219,8,train,118,572,564.179457
219,8,train,119,460,488.380165
219,8,train,120,648,611.249115
219,8,train,121,442,453.877214
219,8,train,122,670,661.306966
219,8,train,123,522,521.033058
219,8,train,124,473,480.832349
219,8,train,125,464,468.063754
219,8,train,126,532,521.229044
219,8,train,127,507,529.786305
219,8,train,128,451,456.087367
219,8,train,129,479,483.225502
219,8,train,130,465,478.544274
219,8,train,131,456,464.788666
219,8,train,132,613,607.723731
219,8,train,133,466,466.302243
219,8,train,134,600,598.224321
219,8,train,135,516,521.198347
219,8,train,136,584,583.539551
219,8,train,137,500,504.429752
219,8,train,138,517,515.733176
219,8,train,139,522,521.048406
219,8,train,140,597,593.504132
219,9,test,0,507,566.006684
219,9,test,1,510,522.426471
219,9,test,2,648,638.068182
219,9,test,3,500,490.546791
219,9,test,4,606,567.125668
219,9,test,5,482,487.820856
219,9,test,6,605,583.521390
219,9,test,7,488,502.647059
219,9,test,8,585,613.370321
219,9,test,9,585,613.370321
219,9,test,10,640,653.717914
219,9,test,11,630,562.387701
219,9,test,12,586,552.803476
219,9,test,13,644,534.530749
219,9,test,14,505,532.978610
219,9,test,15,495,491.868984
219,9,test,16,560,531.405080
219,9,test,17,472,524.328877
219,9,test,18,543,514.508021
219,9,test,19,572,574.684492
219,9,test,20,577,577.391711
219,9,test,21,612,584.256684
219,9,test,22,550,555.957219
219,9,test,23,595,600.931818
219,9,test,24,459,497.564171
219,9,test,25,597,589.445187
219,9,test,26,509,513.526738
219,9,test,27,492,490.307487
219,9,test,28,616,610.537433
219,9,test,29,591,591.533422
219,9,test,30,477,485.013369
219,9,test,31,500,514.346257
219,9,test,32,608,597.390374
219,9,test,33,371,514.919786
219,9,test,34,644,586.346257
219,9,test,35,504,496.160428
219,9,train,0,475,476.831551
219,9,train,1,528,525.534759
219,9,train,2,592,595.038770
219,9,train,3,541,552.803476
219,9,train,4,568,575.239305
219,9,train,5,535,525.810160
219,9,train,6,617,587.278075
219,9,train,7,524,527.782086
219,9,train,8,485,514.689840
219,9,train,9,456,467.372995
219,9,train,10,613,607.487968
219,9,train,11,472,476.180481
219,9,train,12,596,604.024064
219,9,train,13,471,478.441176
219,9,train,14,507,513.375668
219,9,train,15,525,523.425134
219,9,train,16,484,481.877005
219,9,train,17,606,598.604278
219,9,train,18,557,564.231283
219,9,train,19,562,543.014706
219,9,train,20,473,483.926471
219,9,train,21,473,492.151070
219,9,train,22,572,563.262032
219,9,train,23,598,591.463904
219,9,train,24,522,521.556150
219,9,train,25,584,587.450535
219,9,train,26,484,490.181818
219,9,train,27,610,600.931818
219,9,train,28,509,513.422460
219,9,train,29,628,616.578877
219,9,train,30,538,547.790107
219,9,train,31,511,512.195187
219,9,train,32,450,462.288770
219,9,train,33,500,503.264706
219,9,train,34,528,524.885027
219,9,train,35,612,597.390374
219,9,train,36,597,591.643048
219,9,train,37,541,538.687166
219,9,train,38,431,447.640374
219,9,train,39,584,583.631016
219,9,train,40,577,570.026738
219,9,train,41,478,486.165775
219,9,train,42,617,616.219251
219,9,train,43,500,499.296791
219,9,train,44,522,521.556150
219,9,train,45,649,642.856952
219,9,train,46,524,520.236631
219,9,train,47,494,500.995989
219,9,train,48,577,577.391711
219,9,train,49,487,485.893048
219,9,train,50,488,489.131016
219,9,train,51,584,583.631016
219,9,train,52,479,491.104278
219,9,train,53,465,499.127005
219,9,train,54,583,569.840909
219,9,train,55,613,607.487968
219,9,train,56,466,466.256684
219,9,train,57,670,661.724599
219,9,train,58,637,623.784759
219,9,train,59,630,629.969251
219,9,train,60,517,515.969251
219,9,train,61,455,469.997326
219,9,train,62,505,505.938503
219,9,train,63,578,576.894385
219,9,train,64,505,499.879679
219,9,train,65,624,612.649733
219,9,train,66,618,610.462567
219,9,train,67,605,607.723262
219,9,train,68,462,465.572193
219,9,train,69,501,496.532086
219,9,train,70,460,502.283422
219,9,train,71,534,523.929144
219,9,train,72,515,510.479947
219,9,train,73,617,616.219251
219,9,train,74,545,546.558824
219,9,train,75,508,512.600267
219,9,train,76,597,589.445187
219,9,train,77,489,487.693850
219,9,train,78,600,597.872995
219,9,train,79,481,491.566845
219,9,train,80,575,579.847594
219,9,train,81,623,614.426471
219,9,train,82,580,586.451872
219,9,train,83,608,595.500000
219,9,train,84,479,481.810160
219,9,train,85,469,472.324866
219,9,train,86,464,468.750000
219,9,train,87,670,661.724599
219,9,train,88,597,592.819519
219,9,train,89,580,572.417112
219,9,train,90,509,500.842246
219,9,train,91,572,563.262032
219,9,train,92,594,579.268717
219,9,train,93,456,467.219251
219,9,train,94,465,478.827540
219,9,train,95,451,455.985294
219,9,train,96,574,563.012032
219,9,train,97,475,478.521390
219,9,train,98,493,490.745989
219,9,train,99,476,477.737968
219,9,train,100,484,494.771390
219,9,train,101,693,661.795455
219,9,train,102,463,466.893048
219,9,train,103,507,520.498663
219,9,train,104,504,499.207219
219,9,train,105,506,522.098930
219,9,train,106,624,614.639037
219,9,train,107,630,629.969251
219,9,train,108,555,556.907754
219,9,train,109,504,501.387701
219,9,train,110,524,521.921123
219,9,train,111,490,498.395722
219,9,train,112,523,514.609626
219,9,train,113,463,481.245989
219,9,train,114,516,519.131016
219,9,train,115,580,558.509358
219,9,train,116,601,614.437166
219,9,train,117,532,523.363636
219,9,train,118,596,590.001337
219,9,train,119,525,523.280749
219,9,train,120,464,475.819519
219,9,train,121,519,516.588235
219,9,train,122,648,620.109626
219,9,train,123,495,511.862299
219,9,train,124,645,618.520053
219,9,train,125,522,519.279412
219,9,train,126,480,480.347594
219,9,train,127,456,483.708556
219,9,train,128,488,488.196524
219,9,train,129,572,574.684492
219,9,train,130,526,527.784759
219,9,train,131,601,602.667112
219,9,train,132,442,454.187166
219,9,train,133,561,540.755348
219,9,train,134,455,467.943850
219,9,train,135,502,505.914439
219,9,train,136,446,462.925134
219,9,train,137,534,529.526738
219,9,train,138,689,665.709893
219,9,train,139,516,519.131016
219,9,train,140,519,513.766043
219,10,test,0,557,575.945198
219,10,test,1,572,571.968537
219,10,test,2,507,529.841359
219,10,test,3,510,505.938658
219,10,test,4,534,527.356434
219,10,test,5,613,597.701529
219,10,test,6,526,507.642921
219,10,test,7,616,618.007171
219,10,test,8,462,467.968114
219,10,test,9,577,536.656832
219,10,test,10,525,549.995980
219,10,test,11,509,493.506497
219,10,test,12,472,543.153728
219,10,test,13,464,482.071390
219,10,test,14,572,537.554256
219,10,test,15,442,475.079575
219,10,test,16,584,586.941540
219,10,test,17,524,533.149769
219,10,test,18,469,478.490188
219,10,test,19,506,547.463342
219,10,test,20,475,482.568058
219,10,test,21,481,500.611993
219,10,test,22,610,578.491440
219,10,test,23,580,504.397494
219,10,test,24,595,578.491440
219,10,test,25,500,511.454610
219,10,test,26,592,594.840526
219,10,test,27,517,518.641998
219,10,test,28,456,488.069990
219,10,test,29,488,492.188819
219,10,test,30,543,500.158158
219,10,test,31,524,505.701646
219,10,test,32,612,586.228520
219,10,test,33,504,499.062131
219,10,test,34,522,504.037416
219,10,test,35,591,592.060924
219,10,train,0,584,586.941540
219,10,train,1,572,571.968537
219,10,train,2,693,658.040000
219,10,train,3,466,471.891278
219,10,train,4,583,576.200423
219,10,train,5,535,533.665324
219,10,train,6,640,645.631142
219,10,train,7,490,505.250158
219,10,train,8,523,514.359291
219,10,train,9,630,629.531256
219,10,train,10,504,495.809344
219,10,train,11,489,487.406208
219,10,train,12,630,629.531256
219,10,train,13,606,599.938341
219,10,train,14,446,464.872564
219,10,train,15,645,619.613687
219,10,train,16,505,519.326916
219,10,train,17,584,586.616297
219,10,train,18,601,615.133942
219,10,train,19,505,499.131666
219,10,train,20,541,560.465470
219,10,train,21,456,477.469182
219,10,train,22,528,526.849141
219,10,train,23,644,590.157865
219,10,train,24,624,614.670568
219,10,train,25,371,425.292599
219,10,train,26,689,660.475607
219,10,train,27,494,495.714573
219,10,train,28,484,488.818121
219,10,train,29,585,590.210187
219,10,train,30,471,479.209897
219,10,train,31,493,493.211794
219,10,train,32,484,490.369733
219,10,train,33,670,663.309621
219,10,train,34,608,591.419519
219,10,train,35,624,615.920683
219,10,train,36,522,519.512041
219,10,train,37,600,594.840526
219,10,train,38,568,575.670219
219,10,train,39,596,606.203307
219,10,train,40,572,537.554256
219,10,train,41,492,490.852732
219,10,train,42,644,615.699815
219,10,train,43,460,497.788799
219,10,train,44,541,546.436206
219,10,train,45,580,586.790868
219,10,train,46,475,477.093372
219,10,train,47,473,506.019702
219,10,train,48,511,512.869431
219,10,train,49,618,615.483769
219,10,train,50,648,650.088520
219,10,train,51,488,495.993671
219,10,train,52,623,616.511788
219,10,train,53,628,613.862174
219,10,train,54,598,592.111949
219,10,train,55,500,504.732233
219,10,train,56,580,590.064906
219,10,train,57,487,483.972979
219,10,train,58,473,473.959373
219,10,train,59,479,482.312019
219,10,train,60,596,594.976468
219,10,train,61,500,495.653314
219,10,train,62,495,511.648913
219,10,train,63,505,509.739311
219,10,train,64,561,544.955410
219,10,train,65,613,597.559438
219,10,train,66,459,473.562283
219,10,train,67,509,513.909805
219,10,train,68,597,592.198206
219,10,train,69,508,507.043392
219,10,train,70,507,528.429959
219,10,train,71,516,522.365654
219,10,train,72,574,563.571485
219,10,train,73,534,522.045038
219,10,train,74,451,466.000750
219,10,train,75,597,592.826689
219,10,train,76,562,536.647894
219,10,train,77,617,589.240956
219,10,train,78,519,516.301861
219,10,train,79,555,558.123962
219,10,train,80,463,466.462020
219,10,train,81,608,586.228520
219,10,train,82,456,490.543708
219,10,train,83,597,594.347290
219,10,train,84,597,594.347290
219,10,train,85,524,525.201336
219,10,train,86,577,572.617914
219,10,train,87,501,498.420623
219,10,train,88,450,462.452520
219,10,train,89,594,575.945198
219,10,train,90,605,588.579708
219,10,train,91,577,572.617914
219,10,train,92,478,486.652825
219,10,train,93,605,612.318540
219,10,train,94,515,508.710378
219,10,train,95,532,521.740175
219,10,train,96,649,641.803923
219,10,train,97,504,500.367752
219,10,train,98,509,513.832099
219,10,train,99,484,483.414496
219,10,train,100,522,519.512041
219,10,train,101,648,611.479699
219,10,train,102,586,564.459221
219,10,train,103,578,576.302855
219,10,train,104,465,500.644468
219,10,train,105,612,603.619627
219,10,train,106,455,462.848985
219,10,train,107,477,477.436946
219,10,train,108,585,590.210187
219,10,train,109,630,600.523558
219,10,train,110,670,663.309621
219,10,train,111,516,522.365654
219,10,train,112,463,465.664408
219,10,train,113,519,515.484370
219,10,train,114,507,526.460803
219,10,train,115,525,520.941855
219,10,train,116,482,484.154268
219,10,train,117,488,486.313313
219,10,train,118,637,619.997467
219,10,train,119,480,487.035049
219,10,train,120,606,584.336179
219,10,train,121,485,515.090736
219,10,train,122,617,617.443299
219,10,train,123,560,550.718050
219,10,train,124,464,472.497442
219,10,train,125,617,617.443299
219,10,train,126,545,535.590560
219,10,train,127,465,488.718793
219,10,train,128,601,602.385320
219,10,train,129,538,535.836027
219,10,train,130,495,495.351307
219,10,train,131,472,478.820842
219,10,train,132,431,460.531726
219,10,train,133,500,495.931502
219,10,train,134,476,478.839608
219,10,train,135,479,487.647200
219,10,train,136,575,582.548518
219,10,train,137,455,471.239852
219,10,train,138,550,555.472964
219,10,train,139,502,508.529034
219,10,train,140,528,522.733956
