max_features,random_state,dataset,index,experimental,predicted
20,1,test,0,584,575.405013
20,1,test,1,510,507.258993
20,1,test,2,525,511.647482
20,1,test,3,557,608.467866
20,1,test,4,596,618.438849
20,1,test,5,528,518.071942
20,1,test,6,645,571.697842
20,1,test,7,460,535.791367
20,1,test,8,572,567.998082
20,1,test,9,509,511.539568
20,1,test,10,577,560.446043
20,1,test,11,555,546.257837
20,1,test,12,485,540.010791
20,1,test,13,580,596.265588
20,1,test,14,456,480.165468
20,1,test,15,597,556.920863
20,1,test,16,484,490.035971
20,1,test,17,584,593.219767
20,1,test,18,502,509.906346
20,1,test,19,612,605.697842
20,1,test,20,644,585.654676
20,1,test,21,501,502.158273
20,1,test,22,462,515.158273
20,1,test,23,495,496.255396
20,1,test,24,601,611.258993
20,1,test,25,613,578.685851
20,1,test,26,610,576.455036
20,1,test,27,580,599.582734
20,1,test,28,545,563.424460
20,1,test,29,469,478.834532
20,1,test,30,479,491.446043
20,1,test,31,478,510.664269
20,1,test,32,446,500.230216
20,1,test,33,463,472.784173
20,1,test,34,613,578.318945
20,1,test,35,572,571.803352
20,1,train,0,572,568.956515
20,1,train,1,524,526.035971
20,1,train,2,575,563.223022
20,1,train,3,600,596.848921
20,1,train,4,560,531.043165
20,1,train,5,442,460.071942
20,1,train,6,451,461.201439
20,1,train,7,616,619.057554
20,1,train,8,534,525.690647
20,1,train,9,608,612.489448
20,1,train,10,489,484.841727
20,1,train,11,637,620.834532
20,1,train,12,648,607.913669
20,1,train,13,523,521.791367
20,1,train,14,519,513.686751
20,1,train,15,524,514.539568
20,1,train,16,500,498.100719
20,1,train,17,495,512.978417
20,1,train,18,585,590.021583
20,1,train,19,509,509.532374
20,1,train,20,577,576.771583
20,1,train,21,479,491.964029
20,1,train,22,504,504.501199
20,1,train,23,509,520.784173
20,1,train,24,606,589.158273
20,1,train,25,605,591.965870
20,1,train,26,484,484.856115
20,1,train,27,488,486.942446
20,1,train,28,630,630.942446
20,1,train,29,507,533.568345
20,1,train,30,522,512.273381
20,1,train,31,628,620.403118
20,1,train,32,522,515.237410
20,1,train,33,578,587.050360
20,1,train,34,640,640.374101
20,1,train,35,618,604.561151
20,1,train,36,431,460.971223
20,1,train,37,649,635.402878
20,1,train,38,526,530.181055
20,1,train,39,535,526.654676
20,1,train,40,507,508.338001
20,1,train,41,541,546.257837
20,1,train,42,612,608.467866
20,1,train,43,617,588.316547
20,1,train,44,459,480.640288
20,1,train,45,597,593.227672
20,1,train,46,538,542.714971
20,1,train,47,508,505.619878
20,1,train,48,525,516.395683
20,1,train,49,455,469.597122
20,1,train,50,472,498.122302
20,1,train,51,596,571.791367
20,1,train,52,617,615.546763
20,1,train,53,623,599.000000
20,1,train,54,594,603.323981
20,1,train,55,480,479.093525
20,1,train,56,504,500.356115
20,1,train,57,516,519.136691
20,1,train,58,541,533.374101
20,1,train,59,505,507.776850
20,1,train,60,515,508.345324
20,1,train,61,522,517.002398
20,1,train,62,506,522.410072
20,1,train,63,577,571.230216
20,1,train,64,574,566.079137
20,1,train,65,624,617.935252
20,1,train,66,543,533.007194
20,1,train,67,644,613.187050
20,1,train,68,584,575.702376
20,1,train,69,500,503.477021
20,1,train,70,689,660.690647
20,1,train,71,586,578.969162
20,1,train,72,617,614.410072
20,1,train,73,473,500.021583
20,1,train,74,572,563.787764
20,1,train,75,595,580.342326
20,1,train,76,528,521.129496
20,1,train,77,492,489.712230
20,1,train,78,516,515.582734
20,1,train,79,473,479.345324
20,1,train,80,505,498.942446
20,1,train,81,534,518.071942
20,1,train,82,630,630.640288
20,1,train,83,670,660.352518
20,1,train,84,598,580.402878
20,1,train,85,488,499.091127
20,1,train,86,481,492.595923
20,1,train,87,455,473.482014
20,1,train,88,550,538.410072
20,1,train,89,505,500.294964
20,1,train,90,608,599.877698
20,1,train,91,482,492.810552
20,1,train,92,466,468.467626
20,1,train,93,471,478.107914
20,1,train,94,624,620.669065
20,1,train,95,591,590.624555
20,1,train,96,488,500.730216
20,1,train,97,606,596.265588
20,1,train,98,693,655.165468
20,1,train,99,475,478.920863
20,1,train,100,484,483.964029
20,1,train,101,580,573.685532
20,1,train,102,511,510.592326
20,1,train,103,562,557.503597
20,1,train,104,630,590.705036
20,1,train,105,583,580.928058
20,1,train,106,465,475.848921
20,1,train,107,524,520.762590
20,1,train,108,472,498.446043
20,1,train,109,456,468.539568
20,1,train,110,456,491.395683
20,1,train,111,475,481.690647
20,1,train,112,465,481.079137
20,1,train,113,561,537.618705
20,1,train,114,464,468.230216
20,1,train,115,490,488.474820
20,1,train,116,450,462.323741
20,1,train,117,601,611.057554
20,1,train,118,463,445.992806
20,1,train,119,670,659.093525
20,1,train,120,597,591.698895
20,1,train,121,592,588.503597
20,1,train,122,597,591.882349
20,1,train,123,371,409.187050
20,1,train,124,500,491.925659
20,1,train,125,476,482.107914
20,1,train,126,464,476.913669
20,1,train,127,494,491.266187
20,1,train,128,585,589.697842
20,1,train,129,507,511.647482
20,1,train,130,568,567.628777
20,1,train,131,500,505.465442
20,1,train,132,605,605.194484
20,1,train,133,519,519.654676
20,1,train,134,504,500.201439
20,1,train,135,487,484.956835
20,1,train,136,517,512.860783
20,1,train,137,532,524.466187
20,1,train,138,493,494.435252
20,1,train,139,477,481.992806
20,1,train,140,648,637.755396
20,2,test,0,495,536.274251
20,2,test,1,473,561.353293
20,2,test,2,618,590.098204
20,2,test,3,568,564.102994
20,2,test,4,584,596.354491
20,2,test,5,507,509.416766
20,2,test,6,455,497.470659
20,2,test,7,543,504.859880
20,2,test,8,597,560.913772
20,2,test,9,600,589.881437
20,2,test,10,524,496.777246
20,2,test,11,475,496.565269
20,2,test,12,459,528.546108
20,2,test,13,500,493.122156
20,2,test,14,689,629.371257
20,2,test,15,606,555.262275
20,2,test,16,580,592.100599
20,2,test,17,541,551.928277
20,2,test,18,580,606.857485
20,2,test,19,476,485.997605
20,2,test,20,617,534.766467
20,2,test,21,628,601.691018
20,2,test,22,509,510.138922
20,2,test,23,509,510.330539
20,2,test,24,463,479.681437
20,2,test,25,596,617.015569
20,2,test,26,522,510.419162
20,2,test,27,608,584.885030
20,2,test,28,560,495.617964
20,2,test,29,693,598.093413
20,2,test,30,517,505.271856
20,2,test,31,455,504.986826
20,2,test,32,446,499.298204
20,2,test,33,534,515.502994
20,2,test,34,577,579.627545
20,2,test,35,575,567.299401
20,2,train,0,528,515.635928
20,2,train,1,645,615.972455
20,2,train,2,585,592.041916
20,2,train,3,516,520.177246
20,2,train,4,479,482.845509
20,2,train,5,473,475.536527
20,2,train,6,487,485.292216
20,2,train,7,460,509.540120
20,2,train,8,500,499.137725
20,2,train,9,596,578.664671
20,2,train,10,519,518.417964
20,2,train,11,608,601.691018
20,2,train,12,492,489.391617
20,2,train,13,509,523.071856
20,2,train,14,479,491.277844
20,2,train,15,505,505.417964
20,2,train,16,466,466.794012
20,2,train,17,613,609.675449
20,2,train,18,630,628.219162
20,2,train,19,511,508.379641
20,2,train,20,478,492.408383
20,2,train,21,465,489.652695
20,2,train,22,605,601.122156
20,2,train,23,524,509.752096
20,2,train,24,515,510.135329
20,2,train,25,477,479.773653
20,2,train,26,494,490.722156
20,2,train,27,577,571.114970
20,2,train,28,488,495.319760
20,2,train,29,578,584.074251
20,2,train,30,484,486.138922
20,2,train,31,465,471.705389
20,2,train,32,480,476.407186
20,2,train,33,538,543.298204
20,2,train,34,586,581.006520
20,2,train,35,532,524.748503
20,2,train,36,598,579.517365
20,2,train,37,670,658.708982
20,2,train,38,507,512.819162
20,2,train,39,505,503.221557
20,2,train,40,500,502.717365
20,2,train,41,519,513.959281
20,2,train,42,525,517.179641
20,2,train,43,630,598.504192
20,2,train,44,508,505.419162
20,2,train,45,605,590.385629
20,2,train,46,442,461.255090
20,2,train,47,482,491.589222
20,2,train,48,484,484.752096
20,2,train,49,464,473.749701
20,2,train,50,451,458.247904
20,2,train,51,371,408.925749
20,2,train,52,524,516.894611
20,2,train,53,535,528.232335
20,2,train,54,472,495.617964
20,2,train,55,545,550.152096
20,2,train,56,572,573.980971
20,2,train,57,617,613.639521
20,2,train,58,649,631.195210
20,2,train,59,504,500.730539
20,2,train,60,463,449.855090
20,2,train,61,456,493.815569
20,2,train,62,601,608.991617
20,2,train,63,630,629.168862
20,2,train,64,572,570.379641
20,2,train,65,597,593.917365
20,2,train,66,648,604.320958
20,2,train,67,613,608.891018
20,2,train,68,500,502.506587
20,2,train,69,502,504.770060
20,2,train,70,464,467.737725
20,2,train,71,489,486.785629
20,2,train,72,504,500.057485
20,2,train,73,592,585.168862
20,2,train,74,475,491.134132
20,2,train,75,505,500.331737
20,2,train,76,534,526.932934
20,2,train,77,525,519.997605
20,2,train,78,481,493.019162
20,2,train,79,670,659.967665
20,2,train,80,612,596.071856
20,2,train,81,585,590.281437
20,2,train,82,528,532.655090
20,2,train,83,456,468.172455
20,2,train,84,574,570.740120
20,2,train,85,601,607.505389
20,2,train,86,577,573.153293
20,2,train,87,488,503.097006
20,2,train,88,472,497.102994
20,2,train,89,456,465.537725
20,2,train,90,591,589.120958
20,2,train,91,624,616.825150
20,2,train,92,431,455.507784
20,2,train,93,597,591.805988
20,2,train,94,584,582.574185
20,2,train,95,469,471.401198
20,2,train,96,522,510.068263
20,2,train,97,495,496.918563
20,2,train,98,526,529.943713
20,2,train,99,640,629.371257
20,2,train,100,616,618.634731
20,2,train,101,580,576.819162
20,2,train,102,623,590.142515
20,2,train,103,507,505.555689
20,2,train,104,597,593.207186
20,2,train,105,624,619.165269
20,2,train,106,471,479.045509
20,2,train,107,506,524.590419
20,2,train,108,583,578.068263
20,2,train,109,504,501.740120
20,2,train,110,594,596.141317
20,2,train,111,617,615.361677
20,2,train,112,557,574.532934
20,2,train,113,595,598.221557
20,2,train,114,488,490.566467
20,2,train,115,523,531.249102
20,2,train,116,637,621.154491
20,2,train,117,644,620.390419
20,2,train,118,572,568.894744
20,2,train,119,644,623.240719
20,2,train,120,485,505.420359
20,2,train,121,555,554.365403
20,2,train,122,572,568.722156
20,2,train,123,648,636.276647
20,2,train,124,510,510.031138
20,2,train,125,522,517.778443
20,2,train,126,484,483.334132
20,2,train,127,612,610.790419
20,2,train,128,490,487.372455
20,2,train,129,610,598.556886
20,2,train,130,462,474.558084
20,2,train,131,584,582.085562
20,2,train,132,541,534.476647
20,2,train,133,450,469.595210
20,2,train,134,516,517.856287
20,2,train,135,501,502.035928
20,2,train,136,606,592.100599
20,2,train,137,561,537.886228
20,2,train,138,493,495.809581
20,2,train,139,550,546.816766
20,2,train,140,562,550.790419
20,3,test,0,601,599.047244
20,3,test,1,596,619.178853
20,3,test,2,574,551.559055
20,3,test,3,466,473.299213
20,3,test,4,482,508.647919
20,3,test,5,473,551.592238
20,3,test,6,594,615.617548
20,3,test,7,493,499.120360
20,3,test,8,524,492.979753
20,3,test,9,644,572.025872
20,3,test,10,455,495.151856
20,3,test,11,475,486.056243
20,3,test,12,505,489.535433
20,3,test,13,612,571.454443
20,3,test,14,644,589.930821
20,3,test,15,459,520.966254
20,3,test,16,597,586.650169
20,3,test,17,550,526.570304
20,3,test,18,524,507.203600
20,3,test,19,506,564.714848
20,3,test,20,523,541.065242
20,3,test,21,500,507.989314
20,3,test,22,568,564.248594
20,3,test,23,640,656.077615
20,3,test,24,605,571.490439
20,3,test,25,465,481.039370
20,3,test,26,610,577.861642
20,3,test,27,608,584.276715
20,3,test,28,585,599.301462
20,3,test,29,584,574.647919
20,3,test,30,597,554.413948
20,3,test,31,555,546.178853
20,3,test,32,507,511.845332
20,3,test,33,670,638.561305
20,3,test,34,598,557.543307
20,3,test,35,617,531.928009
20,3,train,0,580,585.985377
20,3,train,1,595,596.043870
20,3,train,2,612,610.113611
20,3,train,3,463,451.041620
20,3,train,4,463,466.979753
20,3,train,5,541,549.557368
20,3,train,6,617,616.406074
20,3,train,7,572,568.791901
20,3,train,8,525,511.695163
20,3,train,9,495,509.066367
20,3,train,10,460,488.566929
20,3,train,11,693,651.293588
20,3,train,12,484,479.419573
20,3,train,13,495,498.989876
20,3,train,14,472,496.650169
20,3,train,15,623,610.034871
20,3,train,16,586,577.822272
20,3,train,17,488,490.541057
20,3,train,18,519,514.650731
20,3,train,19,585,594.481440
20,3,train,20,670,644.195726
20,3,train,21,630,627.421822
20,3,train,22,465,492.589426
20,3,train,23,618,608.122610
20,3,train,24,606,596.455568
20,3,train,25,572,569.263217
20,3,train,26,561,536.716535
20,3,train,27,605,590.824522
20,3,train,28,504,503.548931
20,3,train,29,473,477.649606
20,3,train,30,528,522.973003
20,3,train,31,490,486.070304
20,3,train,32,500,505.136670
20,3,train,33,649,632.845894
20,3,train,34,522,516.155231
20,3,train,35,628,615.617548
20,3,train,36,584,589.676040
20,3,train,37,455,470.129359
20,3,train,38,597,592.174353
20,3,train,39,516,519.295838
20,3,train,40,515,510.944882
20,3,train,41,525,520.147357
20,3,train,42,484,484.474128
20,3,train,43,502,504.969066
20,3,train,44,592,591.950506
20,3,train,45,488,499.523060
20,3,train,46,645,615.337458
20,3,train,47,577,572.142857
20,3,train,48,577,571.492688
20,3,train,49,476,482.006749
20,3,train,50,500,496.614173
20,3,train,51,481,497.155231
20,3,train,52,528,522.075366
20,3,train,53,494,490.673791
20,3,train,54,456,498.073116
20,3,train,55,580,587.599550
20,3,train,56,616,619.356580
20,3,train,57,534,528.152981
20,3,train,58,431,451.566929
20,3,train,59,606,587.440945
20,3,train,60,532,524.141732
20,3,train,61,477,478.258718
20,3,train,62,442,457.348706
20,3,train,63,451,461.031496
20,3,train,64,608,607.743532
20,3,train,65,479,482.920135
20,3,train,66,578,583.489314
20,3,train,67,464,473.141170
20,3,train,68,478,491.615861
20,3,train,69,624,620.165354
20,3,train,70,517,511.611361
20,3,train,71,464,466.134983
20,3,train,72,600,595.458943
20,3,train,73,630,588.068616
20,3,train,74,504,500.137795
20,3,train,75,507,507.756655
20,3,train,76,584,575.042745
20,3,train,77,597,588.892013
20,3,train,78,472,503.191226
20,3,train,79,501,500.257593
20,3,train,80,508,506.765467
20,3,train,81,456,468.255343
20,3,train,82,583,582.265467
20,3,train,83,624,618.890889
20,3,train,84,471,479.832396
20,3,train,85,545,550.431946
20,3,train,86,572,571.344207
20,3,train,87,630,626.994376
20,3,train,88,617,614.967379
20,3,train,89,522,517.786277
20,3,train,90,543,528.753656
20,3,train,91,504,500.155231
20,3,train,92,562,554.894263
20,3,train,93,526,532.919010
20,3,train,94,613,607.561305
20,3,train,95,475,486.379078
20,3,train,96,575,564.912261
20,3,train,97,462,479.453318
20,3,train,98,510,511.048369
20,3,train,99,648,602.565804
20,3,train,100,601,612.070866
20,3,train,101,560,536.134983
20,3,train,102,488,497.253093
20,3,train,103,577,577.552306
20,3,train,104,505,505.952193
20,3,train,105,580,574.681665
20,3,train,106,509,512.364454
20,3,train,107,507,512.412823
20,3,train,108,648,638.104612
20,3,train,109,487,485.992126
20,3,train,110,479,494.212036
20,3,train,111,637,619.740157
20,3,train,112,450,460.174353
20,3,train,113,480,478.323960
20,3,train,114,689,657.825647
20,3,train,115,613,607.508436
20,3,train,116,469,473.235096
20,3,train,117,516,517.325084
20,3,train,118,557,571.383577
20,3,train,119,572,569.658043
20,3,train,120,519,518.296963
20,3,train,121,456,469.844769
20,3,train,122,541,546.178853
20,3,train,123,509,519.883015
20,3,train,124,446,464.020247
20,3,train,125,489,486.838020
20,3,train,126,591,588.564679
20,3,train,127,371,411.564679
20,3,train,128,522,517.580427
20,3,train,129,484,483.531496
20,3,train,130,596,579.557368
20,3,train,131,492,489.438695
20,3,train,132,505,503.740157
20,3,train,133,524,523.060742
20,3,train,134,485,508.910574
20,3,train,135,500,499.260405
20,3,train,136,535,528.280090
20,3,train,137,538,543.380952
20,3,train,138,511,508.253656
20,3,train,139,534,525.372328
20,3,train,140,509,510.572553
20,4,test,0,541,510.897260
20,4,test,1,463,498.657534
20,4,test,2,460,530.513699
20,4,test,3,628,603.623288
20,4,test,4,489,485.041096
20,4,test,5,476,495.198630
20,4,test,6,591,586.116438
20,4,test,7,504,490.534247
20,4,test,8,475,498.369863
20,4,test,9,488,505.273973
20,4,test,10,572,553.910959
20,4,test,11,648,534.746575
20,4,test,12,524,524.376712
20,4,test,13,618,533.431507
20,4,test,14,637,585.500000
20,4,test,15,522,504.917808
20,4,test,16,600,589.232877
20,4,test,17,572,548.000000
20,4,test,18,522,508.315068
20,4,test,19,484,487.136986
20,4,test,20,572,574.897260
20,4,test,21,623,532.876712
20,4,test,22,479,520.342466
20,4,test,23,504,525.808219
20,4,test,24,459,522.726027
20,4,test,25,517,505.136986
20,4,test,26,557,606.705479
20,4,test,27,516,521.034247
20,4,test,28,371,497.102740
20,4,test,29,473,502.027397
20,4,test,30,610,587.869863
20,4,test,31,525,501.191781
20,4,test,32,495,531.438356
20,4,test,33,575,586.178082
20,4,test,34,488,525.513699
20,4,test,35,464,489.219178
20,4,train,0,545,547.267123
20,4,train,1,525,519.315068
20,4,train,2,541,545.130137
20,4,train,3,617,588.034247
20,4,train,4,500,503.253425
20,4,train,5,580,587.835616
20,4,train,6,693,660.342466
20,4,train,7,464,467.260274
20,4,train,8,451,459.493151
20,4,train,9,463,465.465753
20,4,train,10,585,590.287671
20,4,train,11,477,481.369863
20,4,train,12,568,563.876712
20,4,train,13,500,499.383562
20,4,train,14,522,518.226027
20,4,train,15,585,590.157534
20,4,train,16,613,607.541096
20,4,train,17,577,574.308219
20,4,train,18,577,575.739726
20,4,train,19,505,502.726027
20,4,train,20,584,581.493151
20,4,train,21,509,504.191781
20,4,train,22,488,494.013699
20,4,train,23,508,505.369863
20,4,train,24,574,567.171233
20,4,train,25,479,484.760274
20,4,train,26,630,630.431507
20,4,train,27,605,604.308219
20,4,train,28,617,617.232877
20,4,train,29,608,596.821918
20,4,train,30,507,505.547945
20,4,train,31,505,505.890411
20,4,train,32,597,590.232877
20,4,train,33,507,512.534247
20,4,train,34,645,607.815068
20,4,train,35,455,468.924658
20,4,train,36,515,512.068493
20,4,train,37,584,590.924658
20,4,train,38,597,580.842466
20,4,train,39,446,462.712329
20,4,train,40,580,585.636986
20,4,train,41,594,598.061644
20,4,train,42,455,467.369863
20,4,train,43,471,483.068493
20,4,train,44,482,494.027397
20,4,train,45,506,510.897260
20,4,train,46,478,495.397260
20,4,train,47,490,486.794521
20,4,train,48,450,460.472603
20,4,train,49,577,566.520548
20,4,train,50,500,494.760274
20,4,train,51,507,530.513699
20,4,train,52,550,543.732877
20,4,train,53,670,660.013699
20,4,train,54,606,597.034247
20,4,train,55,456,468.732877
20,4,train,56,586,580.219178
20,4,train,57,469,473.027397
20,4,train,58,543,523.321918
20,4,train,59,456,492.986301
20,4,train,60,595,595.226027
20,4,train,61,596,572.636986
20,4,train,62,598,584.020548
20,4,train,63,612,606.705479
20,4,train,64,510,510.767123
20,4,train,65,616,620.253425
20,4,train,66,528,526.212329
20,4,train,67,484,485.821918
20,4,train,68,689,670.534247
20,4,train,69,480,476.068493
20,4,train,70,592,585.965753
20,4,train,71,596,599.958904
20,4,train,72,528,529.034247
20,4,train,73,524,514.760274
20,4,train,74,605,588.630137
20,4,train,75,601,598.438356
20,4,train,76,612,607.698630
20,4,train,77,617,616.205479
20,4,train,78,494,491.883562
20,4,train,79,484,480.232877
20,4,train,80,502,505.726027
20,4,train,81,555,551.452055
20,4,train,82,534,528.595890
20,4,train,83,597,589.438356
20,4,train,84,562,560.787671
20,4,train,85,560,532.349315
20,4,train,86,640,647.369863
20,4,train,87,493,494.013699
20,4,train,88,648,639.643836
20,4,train,89,583,583.657534
20,4,train,90,472,495.356164
20,4,train,91,644,619.000000
20,4,train,92,485,497.479452
20,4,train,93,442,458.589041
20,4,train,94,578,584.260274
20,4,train,95,487,489.095890
20,4,train,96,613,607.623288
20,4,train,97,505,506.506849
20,4,train,98,524,518.150685
20,4,train,99,473,515.034247
20,4,train,100,501,500.952055
20,4,train,101,561,540.294521
20,4,train,102,504,500.383562
20,4,train,103,495,494.794521
20,4,train,104,462,480.732877
20,4,train,105,584,580.520548
20,4,train,106,670,658.931507
20,4,train,107,465,471.136986
20,4,train,108,456,465.500000
20,4,train,109,475,487.972603
20,4,train,110,481,492.724315
20,4,train,111,624,616.342466
20,4,train,112,431,446.801370
20,4,train,113,509,522.993151
20,4,train,114,580,569.917808
20,4,train,115,500,503.136986
20,4,train,116,630,587.993151
20,4,train,117,526,532.395548
20,4,train,118,534,522.363014
20,4,train,119,492,490.315068
20,4,train,120,535,527.095890
20,4,train,121,538,539.547945
20,4,train,122,511,510.068493
20,4,train,123,624,616.438356
20,4,train,124,519,513.041096
20,4,train,125,644,613.308219
20,4,train,126,608,603.623288
20,4,train,127,601,608.445205
20,4,train,128,465,494.780822
20,4,train,129,472,498.595890
20,4,train,130,509,508.315068
20,4,train,131,466,467.534247
20,4,train,132,572,567.054795
20,4,train,133,523,529.493151
20,4,train,134,532,523.205479
20,4,train,135,597,589.116438
20,4,train,136,630,630.212329
20,4,train,137,516,515.486301
20,4,train,138,519,517.938356
20,4,train,139,649,630.705479
20,4,train,140,606,589.780822
20,5,test,0,482,504.629775
20,5,test,1,601,608.705618
20,5,test,2,475,498.756180
20,5,test,3,605,558.428146
20,5,test,4,617,534.827528
20,5,test,5,465,545.321676
20,5,test,6,689,629.894382
20,5,test,7,616,622.521348
20,5,test,8,522,510.549438
20,5,test,9,500,513.414470
20,5,test,10,598,566.067416
20,5,test,11,560,539.729963
20,5,test,12,500,499.324719
20,5,test,13,594,617.485393
20,5,test,14,509,558.028090
20,5,test,15,568,558.895506
20,5,test,16,600,596.389888
20,5,test,17,580,575.227715
20,5,test,18,577,570.574157
20,5,test,19,535,516.457303
20,5,test,20,618,589.126966
20,5,test,21,534,534.550562
20,5,test,22,489,481.867416
20,5,test,23,617,614.891011
20,5,test,24,591,587.938198
20,5,test,25,456,571.721348
20,5,test,26,606,575.227715
20,5,test,27,605,599.195506
20,5,test,28,472,538.787266
20,5,test,29,516,521.960899
20,5,test,30,473,562.555056
20,5,test,31,504,490.621348
20,5,test,32,475,502.160674
20,5,test,33,505,506.744021
20,5,test,34,465,480.639326
20,5,test,35,596,618.715730
20,5,train,0,644,625.707865
20,5,train,1,541,535.732584
20,5,train,2,525,516.440449
20,5,train,3,670,658.944944
20,5,train,4,517,513.300987
20,5,train,5,480,479.620225
20,5,train,6,524,524.210393
20,5,train,7,463,451.733708
20,5,train,8,464,466.333708
20,5,train,9,511,510.505243
20,5,train,10,490,486.931461
20,5,train,11,495,511.220225
20,5,train,12,584,581.261429
20,5,train,13,597,594.361151
20,5,train,14,528,525.476404
20,5,train,15,597,593.436609
20,5,train,16,525,516.305618
20,5,train,17,371,408.989139
20,5,train,18,500,503.905843
20,5,train,19,488,490.798127
20,5,train,20,510,510.917228
20,5,train,21,459,488.564045
20,5,train,22,584,581.156272
20,5,train,23,550,540.697753
20,5,train,24,464,473.615730
20,5,train,25,577,571.309363
20,5,train,26,601,610.979775
20,5,train,27,534,527.796629
20,5,train,28,524,519.539326
20,5,train,29,578,587.119061
20,5,train,30,555,551.254072
20,5,train,31,630,629.314607
20,5,train,32,492,490.210112
20,5,train,33,479,493.895131
20,5,train,34,597,594.350926
20,5,train,35,505,503.214981
20,5,train,36,485,508.474157
20,5,train,37,462,482.241573
20,5,train,38,493,493.395506
20,5,train,39,580,574.967862
20,5,train,40,507,509.166292
20,5,train,41,584,589.276404
20,5,train,42,612,599.347191
20,5,train,43,487,487.822472
20,5,train,44,519,514.089888
20,5,train,45,456,470.674157
20,5,train,46,613,608.111236
20,5,train,47,557,575.925843
20,5,train,48,624,619.941573
20,5,train,49,561,535.976404
20,5,train,50,585,589.483146
20,5,train,51,501,500.562734
20,5,train,52,648,639.428090
20,5,train,53,572,569.971910
20,5,train,54,640,629.894382
20,5,train,55,431,451.735955
20,5,train,56,455,469.920225
20,5,train,57,476,481.671723
20,5,train,58,481,495.581834
20,5,train,59,606,588.996629
20,5,train,60,484,483.753933
20,5,train,61,505,498.937079
20,5,train,62,645,623.170787
20,5,train,63,456,467.426966
20,5,train,64,596,581.687640
20,5,train,65,543,531.314888
20,5,train,66,506,525.442697
20,5,train,67,488,500.992135
20,5,train,68,624,617.543820
20,5,train,69,526,532.655807
20,5,train,70,516,514.474157
20,5,train,71,507,506.937079
20,5,train,72,693,655.134831
20,5,train,73,442,457.795506
20,5,train,74,628,617.516854
20,5,train,75,574,569.716854
20,5,train,76,446,466.303371
20,5,train,77,500,494.417416
20,5,train,78,610,594.903933
20,5,train,79,477,477.411236
20,5,train,80,528,523.047191
20,5,train,81,504,504.292884
20,5,train,82,572,571.278916
20,5,train,83,460,486.922472
20,5,train,84,509,510.549438
20,5,train,85,545,548.124719
20,5,train,86,562,553.047191
20,5,train,87,613,608.837640
20,5,train,88,585,590.766292
20,5,train,89,637,622.517978
20,5,train,90,580,592.831461
20,5,train,91,484,479.502247
20,5,train,92,524,514.077528
20,5,train,93,572,573.981998
20,5,train,94,522,522.169101
20,5,train,95,595,598.055618
20,5,train,96,577,568.022472
20,5,train,97,466,468.576404
20,5,train,98,451,458.494382
20,5,train,99,617,614.835955
20,5,train,100,508,507.043309
20,5,train,101,488,497.910861
20,5,train,102,648,599.729213
20,5,train,103,484,484.486517
20,5,train,104,644,621.257303
20,5,train,105,592,593.033708
20,5,train,106,541,545.124296
20,5,train,107,612,609.635955
20,5,train,108,623,589.126966
20,5,train,109,522,516.042697
20,5,train,110,469,472.730337
20,5,train,111,507,509.374583
20,5,train,112,538,543.632322
20,5,train,113,523,533.403371
20,5,train,114,463,468.410112
20,5,train,115,649,630.113483
20,5,train,116,572,569.852989
20,5,train,117,519,518.941573
20,5,train,118,608,598.674117
20,5,train,119,509,510.415730
20,5,train,120,532,524.469663
20,5,train,121,583,587.559551
20,5,train,122,494,491.488764
20,5,train,123,502,505.691961
20,5,train,124,670,661.003371
20,5,train,125,630,592.533708
20,5,train,126,455,472.923783
20,5,train,127,608,609.584270
20,5,train,128,586,576.217101
20,5,train,129,471,481.080899
20,5,train,130,575,571.998876
20,5,train,131,473,476.284270
20,5,train,132,450,461.476404
20,5,train,133,478,490.803371
20,5,train,134,597,580.248315
20,5,train,135,479,481.916854
20,5,train,136,472,492.650936
20,5,train,137,495,494.195506
20,5,train,138,504,499.957303
20,5,train,139,515,510.975655
20,5,train,140,630,627.865169
20,6,test,0,493,498.974803
20,6,test,1,596,614.612722
20,6,test,2,509,515.497535
20,6,test,3,585,596.708284
20,6,test,4,525,511.269231
20,6,test,5,577,553.949117
20,6,test,6,500,509.211938
20,6,test,7,516,523.483904
20,6,test,8,617,615.287475
20,6,test,9,459,495.428994
20,6,test,10,630,513.650888
20,6,test,11,451,471.360947
20,6,test,12,516,521.108686
20,6,test,13,555,550.420647
20,6,test,14,644,586.063412
20,6,test,15,580,571.639404
20,6,test,16,541,550.420647
20,6,test,17,597,577.730851
20,6,test,18,489,484.346318
20,6,test,19,522,515.435404
20,6,test,20,464,472.508876
20,6,test,21,463,438.903904
20,6,test,22,584,569.798252
20,6,test,23,538,546.016802
20,6,test,24,644,571.334320
20,6,test,25,455,493.657175
20,6,test,26,484,490.406928
20,6,test,27,484,483.033099
20,6,test,28,476,497.327879
20,6,test,29,624,616.342604
20,6,test,30,481,518.310833
20,6,test,31,528,520.601161
20,6,test,32,463,474.888560
20,6,test,33,670,641.065089
20,6,test,34,613,597.440182
20,6,test,35,446,502.961169
20,6,train,0,560,533.441434
20,6,train,1,689,667.437870
20,6,train,2,371,421.190154
20,6,train,3,601,610.738166
20,6,train,4,492,490.650025
20,6,train,5,482,509.324494
20,6,train,6,648,637.105030
20,6,train,7,586,576.159898
20,6,train,8,442,465.860947
20,6,train,9,630,628.290237
20,6,train,10,473,503.872781
20,6,train,11,572,569.595436
20,6,train,12,630,627.512130
20,6,train,13,605,599.585959
20,6,train,14,624,618.115703
20,6,train,15,648,605.217502
20,6,train,16,506,532.708413
20,6,train,17,572,565.800748
20,6,train,18,628,616.231786
20,6,train,19,495,508.910538
20,6,train,20,572,565.007495
20,6,train,21,545,549.391158
20,6,train,22,465,469.910732
20,6,train,23,616,619.738363
20,6,train,24,507,510.377426
20,6,train,25,617,614.343688
20,6,train,26,478,490.339763
20,6,train,27,584,569.409610
20,6,train,28,510,510.995591
20,6,train,29,515,512.101570
20,6,train,30,605,582.875447
20,6,train,31,504,501.812356
20,6,train,32,608,609.193324
20,6,train,33,597,577.837853
20,6,train,34,594,601.782895
20,6,train,35,472,502.331966
20,6,train,36,572,571.171198
20,6,train,37,574,572.801775
20,6,train,38,649,633.627219
20,6,train,39,464,478.517813
20,6,train,40,473,476.316817
20,6,train,41,431,452.713250
20,6,train,42,507,511.269231
20,6,train,43,523,529.794346
20,6,train,44,504,498.839448
20,6,train,45,532,524.201622
20,6,train,46,456,472.695266
20,6,train,47,606,589.236686
20,6,train,48,526,536.813385
20,6,train,49,598,585.656805
20,6,train,50,475,480.356298
20,6,train,51,519,513.967498
20,6,train,52,460,491.899615
20,6,train,53,580,582.376650
20,6,train,54,597,582.393491
20,6,train,55,575,576.786982
20,6,train,56,485,504.870849
20,6,train,57,524,521.748562
20,6,train,58,500,499.877938
20,6,train,59,456,495.806768
20,6,train,60,477,481.366864
20,6,train,61,455,471.327823
20,6,train,62,495,497.358679
20,6,train,63,488,501.179824
20,6,train,64,508,508.224787
20,6,train,65,645,623.353057
20,6,train,66,585,592.533728
20,6,train,67,583,582.454579
20,6,train,68,528,523.070301
20,6,train,69,562,557.449211
20,6,train,70,500,506.765599
20,6,train,71,535,525.594675
20,6,train,72,610,592.371014
20,6,train,73,557,576.207803
20,6,train,74,479,484.977627
20,6,train,75,534,520.601161
20,6,train,76,541,540.120395
20,6,train,77,488,506.038389
20,6,train,78,637,617.440828
20,6,train,79,534,525.995616
20,6,train,80,504,505.150731
20,6,train,81,578,585.659550
20,6,train,82,450,463.559172
20,6,train,83,511,509.973119
20,6,train,84,580,587.622174
20,6,train,85,600,593.821337
20,6,train,86,693,654.933432
20,6,train,87,522,515.175895
20,6,train,88,479,490.495374
20,6,train,89,608,596.551348
20,6,train,90,561,537.727811
20,6,train,91,584,588.220491
20,6,train,92,505,500.188527
20,6,train,93,519,518.937174
20,6,train,94,484,484.784578
20,6,train,95,595,592.607342
20,6,train,96,577,567.563373
20,6,train,97,494,491.644107
20,6,train,98,612,594.824667
20,6,train,99,601,600.071006
20,6,train,100,596,582.444162
20,6,train,101,524,514.497358
20,6,train,102,618,608.892461
20,6,train,103,597,587.098215
20,6,train,104,500,500.900354
20,6,train,105,465,493.678186
20,6,train,106,606,596.101464
20,6,train,107,577,572.982373
20,6,train,108,522,519.935006
20,6,train,109,613,598.181306
20,6,train,110,490,487.356410
20,6,train,111,509,518.903885
20,6,train,112,505,507.009111
20,6,train,113,462,482.765119
20,6,train,114,543,525.366905
20,6,train,115,507,509.322608
20,6,train,116,456,465.536841
20,6,train,117,670,645.967456
20,6,train,118,550,538.900715
20,6,train,119,524,519.944240
20,6,train,120,502,505.989479
20,6,train,121,517,511.626602
20,6,train,122,612,608.462722
20,6,train,123,617,589.291924
20,6,train,124,472,503.970283
20,6,train,125,623,606.427964
20,6,train,126,592,590.176366
20,6,train,127,469,472.961538
20,6,train,128,488,494.128237
20,6,train,129,591,583.394029
20,6,train,130,525,522.164272
20,6,train,131,501,506.894811
20,6,train,132,475,480.902402
20,6,train,133,568,568.530714
20,6,train,134,480,480.308679
20,6,train,135,471,482.961703
20,6,train,136,640,645.940828
20,6,train,137,487,488.662886
20,6,train,138,466,472.737673
20,6,train,139,509,510.675895
20,6,train,140,505,502.594696
20,7,test,0,623,570.041274
20,7,test,1,456,487.201651
20,7,test,2,606,550.965802
20,7,test,3,597,572.733464
20,7,test,4,624,603.392689
20,7,test,5,524,491.555425
20,7,test,6,543,507.708726
20,7,test,7,507,508.851415
20,7,test,8,502,507.117925
20,7,test,9,561,499.135613
20,7,test,10,597,574.930103
20,7,test,11,644,581.989387
20,7,test,12,481,517.241549
20,7,test,13,572,560.932783
20,7,test,14,526,552.387480
20,7,test,15,451,481.456368
20,7,test,16,463,436.887972
20,7,test,17,670,640.207547
20,7,test,18,578,601.050649
20,7,test,19,504,513.951651
20,7,test,20,517,507.658019
20,7,test,21,488,513.912736
20,7,test,22,507,501.022406
20,7,test,23,478,510.224057
20,7,test,24,617,612.687500
20,7,test,25,689,630.339623
20,7,test,26,613,603.049823
20,7,test,27,630,622.545991
20,7,test,28,541,524.229953
20,7,test,29,693,588.933962
20,7,test,30,628,601.116745
20,7,test,31,583,570.109670
20,7,test,32,522,506.692217
20,7,test,33,500,506.841981
20,7,test,34,466,477.655660
20,7,test,35,519,509.133255
20,7,train,0,490,486.691038
20,7,train,1,577,570.978774
20,7,train,2,584,579.300386
20,7,train,3,586,579.928766
20,7,train,4,509,513.270047
20,7,train,5,504,498.854953
20,7,train,6,494,491.252358
20,7,train,7,516,516.905660
20,7,train,8,648,635.632075
20,7,train,9,577,578.098172
20,7,train,10,455,468.300708
20,7,train,11,505,502.883844
20,7,train,12,509,518.765330
20,7,train,13,492,490.008255
20,7,train,14,670,643.887972
20,7,train,15,463,466.928066
20,7,train,16,605,588.503538
20,7,train,17,456,463.405660
20,7,train,18,596,578.793632
20,7,train,19,506,525.419811
20,7,train,20,580,574.634434
20,7,train,21,598,586.978774
20,7,train,22,594,594.965802
20,7,train,23,618,584.088443
20,7,train,24,613,604.052476
20,7,train,25,446,465.311321
20,7,train,26,601,596.510613
20,7,train,27,500,496.307783
20,7,train,28,505,500.169811
20,7,train,29,480,475.961085
20,7,train,30,455,469.875000
20,7,train,31,591,588.215814
20,7,train,32,471,479.128538
20,7,train,33,608,601.752300
20,7,train,34,624,615.713443
20,7,train,35,524,518.924528
20,7,train,36,450,459.510613
20,7,train,37,479,484.555425
20,7,train,38,575,575.772406
20,7,train,39,612,595.569575
20,7,train,40,484,483.589623
20,7,train,41,572,572.896691
20,7,train,42,472,493.599057
20,7,train,43,510,511.129127
20,7,train,44,487,485.027123
20,7,train,45,431,450.913915
20,7,train,46,485,504.586085
20,7,train,47,580,584.033019
20,7,train,48,475,480.654481
20,7,train,49,616,617.338443
20,7,train,50,465,476.890330
20,7,train,51,525,514.041274
20,7,train,52,484,484.523585
20,7,train,53,509,512.495283
20,7,train,54,560,532.377358
20,7,train,55,572,563.280660
20,7,train,56,504,501.462264
20,7,train,57,606,596.527123
20,7,train,58,456,493.278302
20,7,train,59,600,595.851415
20,7,train,60,488,493.014741
20,7,train,61,442,459.622642
20,7,train,62,550,542.541274
20,7,train,63,596,604.245283
20,7,train,64,507,511.632075
20,7,train,65,460,501.182783
20,7,train,66,601,610.580189
20,7,train,67,488,502.428066
20,7,train,68,528,521.371462
20,7,train,69,522,517.523585
20,7,train,70,645,615.892689
20,7,train,71,495,509.724057
20,7,train,72,545,552.670991
20,7,train,73,610,596.681899
20,7,train,74,523,528.271226
20,7,train,75,482,501.184355
20,7,train,76,511,509.722877
20,7,train,77,535,524.172170
20,7,train,78,648,598.602594
20,7,train,79,597,592.031852
20,7,train,80,473,477.805425
20,7,train,81,541,545.669615
20,7,train,82,612,604.969340
20,7,train,83,489,486.833726
20,7,train,84,477,476.392689
20,7,train,85,495,495.724057
20,7,train,86,585,589.216981
20,7,train,87,465,491.133255
20,7,train,88,630,587.977594
20,7,train,89,617,582.136792
20,7,train,90,637,614.530660
20,7,train,91,519,517.503538
20,7,train,92,500,499.198113
20,7,train,93,476,484.253538
20,7,train,94,479,496.882075
20,7,train,95,649,632.606132
20,7,train,96,617,613.666274
20,7,train,97,464,472.240566
20,7,train,98,464,467.295991
20,7,train,99,584,587.801887
20,7,train,100,577,570.517689
20,7,train,101,524,511.389151
20,7,train,102,605,600.488208
20,7,train,103,462,477.575472
20,7,train,104,522,518.666274
20,7,train,105,515,511.933373
20,7,train,106,475,482.805425
20,7,train,107,584,579.272772
20,7,train,108,562,556.201651
20,7,train,109,630,622.465802
20,7,train,110,532,523.176887
20,7,train,111,555,552.088247
20,7,train,112,644,615.229953
20,7,train,113,528,525.463443
20,7,train,114,574,569.558962
20,7,train,115,597,582.554245
20,7,train,116,534,527.950472
20,7,train,117,534,526.295991
20,7,train,118,557,574.746462
20,7,train,119,608,601.116745
20,7,train,120,525,518.445755
20,7,train,121,459,484.185142
20,7,train,122,472,497.613208
20,7,train,123,501,501.353774
20,7,train,124,538,539.820755
20,7,train,125,508,506.882075
20,7,train,126,505,507.003538
20,7,train,127,592,590.981132
20,7,train,128,500,503.665094
20,7,train,129,580,586.071934
20,7,train,130,469,472.636792
20,7,train,131,585,589.905660
20,7,train,132,493,494.643868
20,7,train,133,473,510.222877
20,7,train,134,371,420.459906
20,7,train,135,516,518.634112
20,7,train,136,572,570.581663
20,7,train,137,484,479.525943
20,7,train,138,595,595.780955
20,7,train,139,568,567.263829
20,7,train,140,640,630.339623
20,8,test,0,511,505.395833
20,8,test,1,601,620.673611
20,8,test,2,572,577.333333
20,8,test,3,475,489.534722
20,8,test,4,562,555.166667
20,8,test,5,617,613.993056
20,8,test,6,689,618.944444
20,8,test,7,591,583.583333
20,8,test,8,534,503.597222
20,8,test,9,624,611.305556
20,8,test,10,601,623.097222
20,8,test,11,568,593.625000
20,8,test,12,462,531.736111
20,8,test,13,473,600.743056
20,8,test,14,519,515.701389
20,8,test,15,595,574.722222
20,8,test,16,455,502.416667
20,8,test,17,555,532.715278
20,8,test,18,586,575.756944
20,8,test,19,525,509.159722
20,8,test,20,597,587.576389
20,8,test,21,617,612.083333
20,8,test,22,605,553.895833
20,8,test,23,528,521.625000
20,8,test,24,446,516.083333
20,8,test,25,476,501.437500
20,8,test,26,475,491.979167
20,8,test,27,612,569.430556
20,8,test,28,465,538.569444
20,8,test,29,583,583.430556
20,8,test,30,488,495.750000
20,8,test,31,431,529.354167
20,8,test,32,507,511.819444
20,8,test,33,606,533.388889
20,8,test,34,481,507.701389
20,8,test,35,526,554.458333
20,8,train,0,630,599.951389
20,8,train,1,510,509.854167
20,8,train,2,617,579.993056
20,8,train,3,577,557.965278
20,8,train,4,488,511.763889
20,8,train,5,506,526.402778
20,8,train,6,471,476.979167
20,8,train,7,505,502.173611
20,8,train,8,504,495.479167
20,8,train,9,484,486.958333
20,8,train,10,515,510.833333
20,8,train,11,557,569.250000
20,8,train,12,456,490.104167
20,8,train,13,487,483.076389
20,8,train,14,572,573.118056
20,8,train,15,630,627.409722
20,8,train,16,538,531.479167
20,8,train,17,608,613.423611
20,8,train,18,371,411.062500
20,8,train,19,580,591.493056
20,8,train,20,584,589.215278
20,8,train,21,580,575.868056
20,8,train,22,500,505.326389
20,8,train,23,623,598.243056
20,8,train,24,495,508.750000
20,8,train,25,561,545.069444
20,8,train,26,628,619.701389
20,8,train,27,492,486.027778
20,8,train,28,574,567.076389
20,8,train,29,472,495.784722
20,8,train,30,509,510.541667
20,8,train,31,480,475.520833
20,8,train,32,516,514.715278
20,8,train,33,637,624.347222
20,8,train,34,613,602.763889
20,8,train,35,608,597.888889
20,8,train,36,524,524.458333
20,8,train,37,519,514.451389
20,8,train,38,597,592.736111
20,8,train,39,606,600.006944
20,8,train,40,523,527.243056
20,8,train,41,488,494.250000
20,8,train,42,477,482.881944
20,8,train,43,456,461.125000
20,8,train,44,618,601.104167
20,8,train,45,509,511.222222
20,8,train,46,493,494.958333
20,8,train,47,575,579.965278
20,8,train,48,577,553.638889
20,8,train,49,501,514.375000
20,8,train,50,585,590.201389
20,8,train,51,596,575.750000
20,8,train,52,463,468.909722
20,8,train,53,649,620.673611
20,8,train,54,598,586.944444
20,8,train,55,693,655.763889
20,8,train,56,630,626.479167
20,8,train,57,508,506.243056
20,8,train,58,469,473.000000
20,8,train,59,472,500.694444
20,8,train,60,524,514.145833
20,8,train,61,545,550.534722
20,8,train,62,597,587.527778
20,8,train,63,543,530.791667
20,8,train,64,484,485.402778
20,8,train,65,525,521.090278
20,8,train,66,580,590.631944
20,8,train,67,522,519.013889
20,8,train,68,505,506.145833
20,8,train,69,504,495.305556
20,8,train,70,450,461.437500
20,8,train,71,478,490.569444
20,8,train,72,495,496.500000
20,8,train,73,624,617.902778
20,8,train,74,584,582.826389
20,8,train,75,459,482.868056
20,8,train,76,500,496.256944
20,8,train,77,594,604.576389
20,8,train,78,616,621.638889
20,8,train,79,541,536.270833
20,8,train,80,560,536.895833
20,8,train,81,644,620.423611
20,8,train,82,505,498.930556
20,8,train,83,494,486.861111
20,8,train,84,463,444.444444
20,8,train,85,648,637.743056
20,8,train,86,592,580.611111
20,8,train,87,464,476.215278
20,8,train,88,484,485.638889
20,8,train,89,504,501.472222
20,8,train,90,585,588.597222
20,8,train,91,645,611.729167
20,8,train,92,479,489.888889
20,8,train,93,578,584.388889
20,8,train,94,541,534.402778
20,8,train,95,455,470.645833
20,8,train,96,610,600.701389
20,8,train,97,577,576.736111
20,8,train,98,535,531.159722
20,8,train,99,507,513.465278
20,8,train,100,612,612.208333
20,8,train,101,670,662.090278
20,8,train,102,490,481.902778
20,8,train,103,572,576.520833
20,8,train,104,550,539.159722
20,8,train,105,485,514.187500
20,8,train,106,489,484.986111
20,8,train,107,502,505.319444
20,8,train,108,534,521.625000
20,8,train,109,524,520.340278
20,8,train,110,509,523.895833
20,8,train,111,640,618.944444
20,8,train,112,500,498.930556
20,8,train,113,605,589.097222
20,8,train,114,596,608.479167
20,8,train,115,644,624.965278
20,8,train,116,528,521.062500
20,8,train,117,482,495.347222
20,8,train,118,572,573.930556
20,8,train,119,460,480.534722
20,8,train,120,648,604.027778
20,8,train,121,442,452.833333
20,8,train,122,670,661.305556
20,8,train,123,522,516.638889
20,8,train,124,473,466.416667
20,8,train,125,464,467.055556
20,8,train,126,532,519.881944
20,8,train,127,507,503.270833
20,8,train,128,451,458.013889
20,8,train,129,479,477.493056
20,8,train,130,465,465.777778
20,8,train,131,456,459.673611
20,8,train,132,613,601.340278
20,8,train,133,466,464.916667
20,8,train,134,600,600.354167
20,8,train,135,516,514.604167
20,8,train,136,584,579.868056
20,8,train,137,500,503.243056
20,8,train,138,517,511.819444
20,8,train,139,522,515.055556
20,8,train,140,597,591.041667
20,9,test,0,507,509.438053
20,9,test,1,510,514.243363
20,9,test,2,648,619.933628
20,9,test,3,500,496.513274
20,9,test,4,606,545.721239
20,9,test,5,482,510.858407
20,9,test,6,605,552.809735
20,9,test,7,488,506.579646
20,9,test,8,585,607.146018
20,9,test,9,585,606.938053
20,9,test,10,640,659.415929
20,9,test,11,630,515.433628
20,9,test,12,586,563.305310
20,9,test,13,644,562.336283
20,9,test,14,505,506.504425
20,9,test,15,495,496.814159
20,9,test,16,560,526.933628
20,9,test,17,472,526.933628
20,9,test,18,543,508.415929
20,9,test,19,572,567.384956
20,9,test,20,577,567.053097
20,9,test,21,612,601.123894
20,9,test,22,550,519.646018
20,9,test,23,595,601.646018
20,9,test,24,459,501.367257
20,9,test,25,597,587.892330
20,9,test,26,509,514.154867
20,9,test,27,492,488.584071
20,9,test,28,616,616.185841
20,9,test,29,591,583.269912
20,9,test,30,477,483.092920
20,9,test,31,500,513.707965
20,9,test,32,608,614.323009
20,9,test,33,371,478.433628
20,9,test,34,644,582.230088
20,9,test,35,504,496.615044
20,9,train,0,475,481.327434
20,9,train,1,528,521.420354
20,9,train,2,592,590.530973
20,9,train,3,541,546.045723
20,9,train,4,568,562.986726
20,9,train,5,535,525.712389
20,9,train,6,617,586.035398
20,9,train,7,524,514.513274
20,9,train,8,485,502.646018
20,9,train,9,456,471.747788
20,9,train,10,613,607.194690
20,9,train,11,472,492.390855
20,9,train,12,596,604.207965
20,9,train,13,471,478.500000
20,9,train,14,507,511.092920
20,9,train,15,525,515.747788
20,9,train,16,484,478.230088
20,9,train,17,606,595.168142
20,9,train,18,557,575.070796
20,9,train,19,562,556.424779
20,9,train,20,473,479.991150
20,9,train,21,473,495.252212
20,9,train,22,572,568.451327
20,9,train,23,598,583.115044
20,9,train,24,522,515.411504
20,9,train,25,584,586.778761
20,9,train,26,484,482.659292
20,9,train,27,610,594.964602
20,9,train,28,509,512.132743
20,9,train,29,628,614.323009
20,9,train,30,538,545.017699
20,9,train,31,511,510.216814
20,9,train,32,450,461.924779
20,9,train,33,500,504.199115
20,9,train,34,528,526.676991
20,9,train,35,612,597.946903
20,9,train,36,597,584.030973
20,9,train,37,541,538.327434
20,9,train,38,431,449.486726
20,9,train,39,584,581.958702
20,9,train,40,577,576.097345
20,9,train,41,478,489.513274
20,9,train,42,617,614.902655
20,9,train,43,500,495.247788
20,9,train,44,522,516.849558
20,9,train,45,649,633.566372
20,9,train,46,524,519.893805
20,9,train,47,494,490.787611
20,9,train,48,577,566.597345
20,9,train,49,487,484.659292
20,9,train,50,488,499.977876
20,9,train,51,584,581.772861
20,9,train,52,479,495.535398
20,9,train,53,465,497.530973
20,9,train,54,583,569.194690
20,9,train,55,613,608.411504
20,9,train,56,466,468.323009
20,9,train,57,670,654.606195
20,9,train,58,637,620.287611
20,9,train,59,630,629.597345
20,9,train,60,517,513.570796
20,9,train,61,455,473.429204
20,9,train,62,505,506.429204
20,9,train,63,578,588.243363
20,9,train,64,505,498.132743
20,9,train,65,624,616.570796
20,9,train,66,618,609.154867
20,9,train,67,605,601.221239
20,9,train,68,462,476.650442
20,9,train,69,501,497.486726
20,9,train,70,460,509.438053
20,9,train,71,534,528.995575
20,9,train,72,515,510.022124
20,9,train,73,617,614.398230
20,9,train,74,545,547.871681
20,9,train,75,508,507.455752
20,9,train,76,597,589.140118
20,9,train,77,489,486.433628
20,9,train,78,600,595.212389
20,9,train,79,481,497.517699
20,9,train,80,575,576.637168
20,9,train,81,623,606.429204
20,9,train,82,580,584.929204
20,9,train,83,608,599.460177
20,9,train,84,479,485.075221
20,9,train,85,469,472.035398
20,9,train,86,464,465.438053
20,9,train,87,670,655.707965
20,9,train,88,597,590.803835
20,9,train,89,580,579.898230
20,9,train,90,509,517.712389
20,9,train,91,572,565.110619
20,9,train,92,594,602.588496
20,9,train,93,456,465.871681
20,9,train,94,465,472.752212
20,9,train,95,451,458.429204
20,9,train,96,574,564.703540
20,9,train,97,475,479.955752
20,9,train,98,493,495.451327
20,9,train,99,476,480.460177
20,9,train,100,484,484.265487
20,9,train,101,693,657.902655
20,9,train,102,463,466.238938
20,9,train,103,507,509.588496
20,9,train,104,504,498.022124
20,9,train,105,506,526.053097
20,9,train,106,624,617.893805
20,9,train,107,630,628.561947
20,9,train,108,555,552.983776
20,9,train,109,504,506.579646
20,9,train,110,524,510.588496
20,9,train,111,490,486.261062
20,9,train,112,523,526.314159
20,9,train,113,463,475.371681
20,9,train,114,516,517.491150
20,9,train,115,580,575.601770
20,9,train,116,601,611.769912
20,9,train,117,532,525.314159
20,9,train,118,596,580.353982
20,9,train,119,525,519.216814
20,9,train,120,464,474.884956
20,9,train,121,519,518.566372
20,9,train,122,648,606.110619
20,9,train,123,495,509.340708
20,9,train,124,645,616.964602
20,9,train,125,522,520.920354
20,9,train,126,480,479.601770
20,9,train,127,456,497.592920
20,9,train,128,488,491.991150
20,9,train,129,572,573.411504
20,9,train,130,526,535.308260
20,9,train,131,601,601.309735
20,9,train,132,442,454.504425
20,9,train,133,561,534.805310
20,9,train,134,455,471.044248
20,9,train,135,502,505.088496
20,9,train,136,446,462.150442
20,9,train,137,534,528.606195
20,9,train,138,689,661.530973
20,9,train,139,516,518.880531
20,9,train,140,519,512.836283
20,10,test,0,557,601.456522
20,10,test,1,572,562.810145
20,10,test,2,507,526.073913
20,10,test,3,510,506.584783
20,10,test,4,534,543.173913
20,10,test,5,613,590.795870
20,10,test,6,526,548.303314
20,10,test,7,616,623.586957
20,10,test,8,462,497.795652
20,10,test,9,577,551.386957
20,10,test,10,525,526.073913
20,10,test,11,509,543.182609
20,10,test,12,472,551.742391
20,10,test,13,464,500.626087
20,10,test,14,572,556.590415
20,10,test,15,442,510.721739
20,10,test,16,584,578.554069
20,10,test,17,524,500.091304
20,10,test,18,469,480.943478
20,10,test,19,506,557.917391
20,10,test,20,475,490.500000
20,10,test,21,481,515.073478
20,10,test,22,610,573.514348
20,10,test,23,580,555.414328
20,10,test,24,595,591.695870
20,10,test,25,500,507.872101
20,10,test,26,592,595.328458
20,10,test,27,517,505.376449
20,10,test,28,456,510.356522
20,10,test,29,488,518.173913
20,10,test,30,543,502.126087
20,10,test,31,524,501.634783
20,10,test,32,612,601.456522
20,10,test,33,504,497.930435
20,10,test,34,522,515.194203
20,10,test,35,591,586.773096
20,10,train,0,584,577.418562
20,10,train,1,572,570.080435
20,10,train,2,693,653.486957
20,10,train,3,466,471.404348
20,10,train,4,583,580.608696
20,10,train,5,535,525.695652
20,10,train,6,640,648.491304
20,10,train,7,490,489.200000
20,10,train,8,523,538.771304
20,10,train,9,630,629.104348
20,10,train,10,504,502.782609
20,10,train,11,489,488.239130
20,10,train,12,630,629.330435
20,10,train,13,606,599.639130
20,10,train,14,446,466.308696
20,10,train,15,645,618.947826
20,10,train,16,505,500.222174
20,10,train,17,584,589.220290
20,10,train,18,601,607.613043
20,10,train,19,505,500.291304
20,10,train,20,541,547.102444
20,10,train,21,456,465.073913
20,10,train,22,528,524.647826
20,10,train,23,644,612.869565
20,10,train,24,624,615.489855
20,10,train,25,371,414.876522
20,10,train,26,689,668.521739
20,10,train,27,494,490.156522
20,10,train,28,484,484.173913
20,10,train,29,585,590.800000
20,10,train,30,471,480.913043
20,10,train,31,493,494.946377
20,10,train,32,484,485.443478
20,10,train,33,670,661.326087
20,10,train,34,608,598.549275
20,10,train,35,624,616.986957
20,10,train,36,522,518.215217
20,10,train,37,600,593.984980
20,10,train,38,568,567.878261
20,10,train,39,596,604.937681
20,10,train,40,572,559.412154
20,10,train,41,492,489.039130
20,10,train,42,644,625.021739
20,10,train,43,460,486.831357
20,10,train,44,541,546.634783
20,10,train,45,580,588.843478
20,10,train,46,475,480.147826
20,10,train,47,473,502.560870
20,10,train,48,511,509.457971
20,10,train,49,618,611.613043
20,10,train,50,648,636.660870
20,10,train,51,488,498.173913
20,10,train,52,623,613.591304
20,10,train,53,628,618.217391
20,10,train,54,598,586.860870
20,10,train,55,500,502.843841
20,10,train,56,580,588.900000
20,10,train,57,487,485.973913
20,10,train,58,473,479.295652
20,10,train,59,479,484.136957
20,10,train,60,596,577.869565
20,10,train,61,500,502.586957
20,10,train,62,495,506.826087
20,10,train,63,505,506.325000
20,10,train,64,561,539.917391
20,10,train,65,613,593.278478
20,10,train,66,459,486.930435
20,10,train,67,509,512.776087
20,10,train,68,597,584.065217
20,10,train,69,508,506.228623
20,10,train,70,507,505.515580
20,10,train,71,516,515.943478
20,10,train,72,574,570.930435
20,10,train,73,534,526.847826
20,10,train,74,451,464.960870
20,10,train,75,597,593.028169
20,10,train,76,562,551.565217
20,10,train,77,617,585.643478
20,10,train,78,519,518.886957
20,10,train,79,555,552.915487
20,10,train,80,463,467.052174
20,10,train,81,608,610.652174
20,10,train,82,456,498.052174
20,10,train,83,597,591.069401
20,10,train,84,597,591.453096
20,10,train,85,524,519.273913
20,10,train,86,577,576.407826
20,10,train,87,501,502.317589
20,10,train,88,450,460.869565
20,10,train,89,594,603.930435
20,10,train,90,605,589.910248
20,10,train,91,577,569.521739
20,10,train,92,478,493.903261
20,10,train,93,605,601.456522
20,10,train,94,515,510.415217
20,10,train,95,532,526.343478
20,10,train,96,649,629.443478
20,10,train,97,504,499.650000
20,10,train,98,509,514.156522
20,10,train,99,484,479.156522
20,10,train,100,522,519.186957
20,10,train,101,648,597.900000
20,10,train,102,586,580.601968
20,10,train,103,578,586.314493
20,10,train,104,465,496.347826
20,10,train,105,612,608.204348
20,10,train,106,455,470.373913
20,10,train,107,477,478.117391
20,10,train,108,585,591.434783
20,10,train,109,630,584.591304
20,10,train,110,670,662.673913
20,10,train,111,516,517.095652
20,10,train,112,463,460.802609
20,10,train,113,519,515.474493
20,10,train,114,507,505.427009
20,10,train,115,525,513.682609
20,10,train,116,482,498.296087
20,10,train,117,488,494.962754
20,10,train,118,637,614.673913
20,10,train,119,480,493.913043
20,10,train,120,606,587.347826
20,10,train,121,485,508.504348
20,10,train,122,617,615.630435
20,10,train,123,560,551.742391
20,10,train,124,464,473.217391
20,10,train,125,617,614.426087
20,10,train,126,545,552.413043
20,10,train,127,465,471.786957
20,10,train,128,601,605.417391
20,10,train,129,538,538.828458
20,10,train,130,495,496.494203
20,10,train,131,472,496.226285
20,10,train,132,431,449.917391
20,10,train,133,500,489.095652
20,10,train,134,476,482.241304
20,10,train,135,479,495.043478
20,10,train,136,575,575.560870
20,10,train,137,455,468.904348
20,10,train,138,550,539.413043
20,10,train,139,502,505.505072
20,10,train,140,528,517.769565
43,1,test,0,584,572.200000
43,1,test,1,510,514.200000
43,1,test,2,525,505.300000
43,1,test,3,557,578.900000
43,1,test,4,596,614.000000
43,1,test,5,528,523.700000
43,1,test,6,645,560.500000
43,1,test,7,460,520.200000
43,1,test,8,572,556.100000
43,1,test,9,509,510.700000
43,1,test,10,577,504.200000
43,1,test,11,555,539.100000
43,1,test,12,485,556.900000
43,1,test,13,580,598.500000
43,1,test,14,456,458.500000
43,1,test,15,597,584.200000
43,1,test,16,484,495.700000
43,1,test,17,584,578.300000
43,1,test,18,502,512.400000
43,1,test,19,612,601.600000
43,1,test,20,644,595.800000
43,1,test,21,501,501.100000
43,1,test,22,462,484.200000
43,1,test,23,495,507.900000
43,1,test,24,601,619.800000
43,1,test,25,613,542.000000
43,1,test,26,610,581.400000
43,1,test,27,580,618.200000
43,1,test,28,545,592.100000
43,1,test,29,469,471.800000
43,1,test,30,479,490.500000
43,1,test,31,478,521.400000
43,1,test,32,446,493.700000
43,1,test,33,463,462.000000
43,1,test,34,613,542.000000
43,1,test,35,572,566.600000
43,1,train,0,572,556.100000
43,1,train,1,524,525.800000
43,1,train,2,575,581.700000
43,1,train,3,600,596.600000
43,1,train,4,560,537.200000
43,1,train,5,442,445.700000
43,1,train,6,451,455.700000
43,1,train,7,616,622.500000
43,1,train,8,534,531.900000
43,1,train,9,608,609.200000
43,1,train,10,489,483.000000
43,1,train,11,637,622.800000
43,1,train,12,648,612.900000
43,1,train,13,523,524.800000
43,1,train,14,519,514.700000
43,1,train,15,524,525.900000
43,1,train,16,500,496.100000
43,1,train,17,495,500.400000
43,1,train,18,585,596.900000
43,1,train,19,509,510.700000
43,1,train,20,577,566.400000
43,1,train,21,479,487.800000
43,1,train,22,504,501.200000
43,1,train,23,509,515.700000
43,1,train,24,606,595.200000
43,1,train,25,605,598.900000
43,1,train,26,484,484.900000
43,1,train,27,488,481.700000
43,1,train,28,630,630.500000
43,1,train,29,507,518.100000
43,1,train,30,522,517.800000
43,1,train,31,628,617.400000
43,1,train,32,522,517.800000
43,1,train,33,578,587.200000
43,1,train,34,640,645.900000
43,1,train,35,618,608.800000
43,1,train,36,431,474.900000
43,1,train,37,649,622.500000
43,1,train,38,526,522.900000
43,1,train,39,535,519.300000
43,1,train,40,507,509.300000
43,1,train,41,541,539.700000
43,1,train,42,612,602.100000
43,1,train,43,617,588.300000
43,1,train,44,459,489.100000
43,1,train,45,597,582.600000
43,1,train,46,538,542.400000
43,1,train,47,508,505.600000
43,1,train,48,525,518.600000
43,1,train,49,455,469.900000
43,1,train,50,472,515.600000
43,1,train,51,596,586.900000
43,1,train,52,617,620.100000
43,1,train,53,623,614.800000
43,1,train,54,594,598.600000
43,1,train,55,480,475.100000
43,1,train,56,504,497.100000
43,1,train,57,516,515.300000
43,1,train,58,541,527.500000
43,1,train,59,505,506.300000
43,1,train,60,515,516.200000
43,1,train,61,522,518.200000
43,1,train,62,506,510.000000
43,1,train,63,577,532.000000
43,1,train,64,574,576.400000
43,1,train,65,624,610.900000
43,1,train,66,543,537.200000
43,1,train,67,644,638.500000
43,1,train,68,584,568.300000
43,1,train,69,500,503.200000
43,1,train,70,689,675.300000
43,1,train,71,586,590.800000
43,1,train,72,617,616.900000
43,1,train,73,473,515.700000
43,1,train,74,572,566.600000
43,1,train,75,595,547.400000
43,1,train,76,528,508.300000
43,1,train,77,492,499.400000
43,1,train,78,516,515.300000
43,1,train,79,473,497.100000
43,1,train,80,505,508.700000
43,1,train,81,534,523.700000
43,1,train,82,630,635.000000
43,1,train,83,670,664.600000
43,1,train,84,598,591.100000
43,1,train,85,488,496.400000
43,1,train,86,481,495.900000
43,1,train,87,455,456.000000
43,1,train,88,550,539.700000
43,1,train,89,505,489.400000
43,1,train,90,608,602.000000
43,1,train,91,482,485.000000
43,1,train,92,466,463.200000
43,1,train,93,471,481.200000
43,1,train,94,624,612.400000
43,1,train,95,591,590.600000
43,1,train,96,488,499.500000
43,1,train,97,606,613.100000
43,1,train,98,693,648.600000
43,1,train,99,475,480.000000
43,1,train,100,484,484.900000
43,1,train,101,580,584.900000
43,1,train,102,511,509.000000
43,1,train,103,562,552.700000
43,1,train,104,630,610.700000
43,1,train,105,583,589.300000
43,1,train,106,465,462.500000
43,1,train,107,524,524.200000
43,1,train,108,472,491.100000
43,1,train,109,456,457.500000
43,1,train,110,456,490.900000
43,1,train,111,475,479.100000
43,1,train,112,465,500.300000
43,1,train,113,561,535.800000
43,1,train,114,464,466.600000
43,1,train,115,490,484.900000
43,1,train,116,450,462.000000
43,1,train,117,601,612.900000
43,1,train,118,463,460.800000
43,1,train,119,670,664.600000
43,1,train,120,597,583.900000
43,1,train,121,592,575.800000
43,1,train,122,597,595.100000
43,1,train,123,371,442.400000
43,1,train,124,500,492.800000
43,1,train,125,476,481.200000
43,1,train,126,464,478.000000
43,1,train,127,494,500.200000
43,1,train,128,585,593.000000
43,1,train,129,507,505.300000
43,1,train,130,568,588.200000
43,1,train,131,500,503.400000
43,1,train,132,605,600.000000
43,1,train,133,519,517.600000
43,1,train,134,504,497.300000
43,1,train,135,487,486.000000
43,1,train,136,517,514.300000
43,1,train,137,532,520.000000
43,1,train,138,493,493.800000
43,1,train,139,477,487.500000
43,1,train,140,648,638.500000
43,2,test,0,495,536.369681
43,2,test,1,473,562.787234
43,2,test,2,618,570.723404
43,2,test,3,568,565.867021
43,2,test,4,584,563.691489
43,2,test,5,507,551.510638
43,2,test,6,455,542.316489
43,2,test,7,543,512.869681
43,2,test,8,597,566.659574
43,2,test,9,600,589.860372
43,2,test,10,524,516.422872
43,2,test,11,475,497.384309
43,2,test,12,459,540.386968
43,2,test,13,500,500.595745
43,2,test,14,689,630.231383
43,2,test,15,606,558.082447
43,2,test,16,580,565.757979
43,2,test,17,541,562.982713
43,2,test,18,580,584.085106
43,2,test,19,476,491.757979
43,2,test,20,617,535.976064
43,2,test,21,628,601.446809
43,2,test,22,509,511.946809
43,2,test,23,509,514.109043
43,2,test,24,463,478.242021
43,2,test,25,596,612.928191
43,2,test,26,522,516.109043
43,2,test,27,608,570.573138
43,2,test,28,560,502.101064
43,2,test,29,693,595.380319
43,2,test,30,517,505.521277
43,2,test,31,455,530.656915
43,2,test,32,446,496.194149
43,2,test,33,534,513.406915
43,2,test,34,577,569.300532
43,2,test,35,575,566.832447
43,2,train,0,528,519.385638
43,2,train,1,645,610.779255
43,2,train,2,585,589.106383
43,2,train,3,516,518.773936
43,2,train,4,479,486.265957
43,2,train,5,473,482.210106
43,2,train,6,487,486.305851
43,2,train,7,460,498.981383
43,2,train,8,500,500.797872
43,2,train,9,596,583.763298
43,2,train,10,519,522.747340
43,2,train,11,608,607.186170
43,2,train,12,492,490.553191
43,2,train,13,509,524.662234
43,2,train,14,479,491.952128
43,2,train,15,505,506.066489
43,2,train,16,466,465.864362
43,2,train,17,613,607.047872
43,2,train,18,630,627.353723
43,2,train,19,511,509.523936
43,2,train,20,478,498.005319
43,2,train,21,465,491.029255
43,2,train,22,605,599.970745
43,2,train,23,524,518.476064
43,2,train,24,515,513.356383
43,2,train,25,477,481.138298
43,2,train,26,494,492.308511
43,2,train,27,577,568.781915
43,2,train,28,488,494.598404
43,2,train,29,578,573.530585
43,2,train,30,484,485.515957
43,2,train,31,465,469.359043
43,2,train,32,480,475.539894
43,2,train,33,538,545.587766
43,2,train,34,586,574.740691
43,2,train,35,532,521.747340
43,2,train,36,598,582.164894
43,2,train,37,670,662.531915
43,2,train,38,507,512.021277
43,2,train,39,505,507.069149
43,2,train,40,500,503.468085
43,2,train,41,519,514.542553
43,2,train,42,525,523.792553
43,2,train,43,630,599.300532
43,2,train,44,508,505.404255
43,2,train,45,605,590.930851
43,2,train,46,442,458.324468
43,2,train,47,482,492.882979
43,2,train,48,484,487.683511
43,2,train,49,464,475.627660
43,2,train,50,451,456.646277
43,2,train,51,371,408.587766
43,2,train,52,524,520.981383
43,2,train,53,535,526.031915
43,2,train,54,472,490.611702
43,2,train,55,545,544.936170
43,2,train,56,572,574.148936
43,2,train,57,617,616.577128
43,2,train,58,649,630.513298
43,2,train,59,504,499.122340
43,2,train,60,463,448.643617
43,2,train,61,456,490.340426
43,2,train,62,601,608.534574
43,2,train,63,630,627.787234
43,2,train,64,572,572.739362
43,2,train,65,597,593.497340
43,2,train,66,648,598.656915
43,2,train,67,613,606.757979
43,2,train,68,500,502.526596
43,2,train,69,502,504.678191
43,2,train,70,464,472.824468
43,2,train,71,489,489.234043
43,2,train,72,504,501.978723
43,2,train,73,592,587.539894
43,2,train,74,475,488.973404
43,2,train,75,505,500.303191
43,2,train,76,534,525.837766
43,2,train,77,525,519.010638
43,2,train,78,481,489.327128
43,2,train,79,670,663.300532
43,2,train,80,612,606.156915
43,2,train,81,585,588.593085
43,2,train,82,528,533.545213
43,2,train,83,456,467.625000
43,2,train,84,574,565.797872
43,2,train,85,601,607.952128
43,2,train,86,577,568.710106
43,2,train,87,488,494.521277
43,2,train,88,472,493.845745
43,2,train,89,456,462.827128
43,2,train,90,591,575.602394
43,2,train,91,624,615.755319
43,2,train,92,431,457.824468
43,2,train,93,597,593.566489
43,2,train,94,584,582.502660
43,2,train,95,469,471.390957
43,2,train,96,522,514.680851
43,2,train,97,495,496.276596
43,2,train,98,526,519.462766
43,2,train,99,640,630.231383
43,2,train,100,616,619.992021
43,2,train,101,580,578.849734
43,2,train,102,623,587.848404
43,2,train,103,507,505.728723
43,2,train,104,597,586.484043
43,2,train,105,624,614.069149
43,2,train,106,471,479.614362
43,2,train,107,506,519.045213
43,2,train,108,583,577.454787
43,2,train,109,504,501.236702
43,2,train,110,594,585.757979
43,2,train,111,617,616.811170
43,2,train,112,557,568.529255
43,2,train,113,595,597.938830
43,2,train,114,488,493.507979
43,2,train,115,523,526.377660
43,2,train,116,637,621.542553
43,2,train,117,644,611.361702
43,2,train,118,572,572.236702
43,2,train,119,644,629.962766
43,2,train,120,485,512.324468
43,2,train,121,555,555.417553
43,2,train,122,572,572.593085
43,2,train,123,648,636.082447
43,2,train,124,510,510.627660
43,2,train,125,522,516.691489
43,2,train,126,484,486.178191
43,2,train,127,612,606.893617
43,2,train,128,490,492.398936
43,2,train,129,610,605.357713
43,2,train,130,462,472.821809
43,2,train,131,584,582.960106
43,2,train,132,541,535.164894
43,2,train,133,450,471.015957
43,2,train,134,516,518.095745
43,2,train,135,501,497.734043
43,2,train,136,606,596.095745
43,2,train,137,561,529.351064
43,2,train,138,493,494.300532
43,2,train,139,550,547.470745
43,2,train,140,562,555.422872
43,3,test,0,601,620.097222
43,3,test,1,596,615.388889
43,3,test,2,574,561.222222
43,3,test,3,466,464.333333
43,3,test,4,482,493.208333
43,3,test,5,473,590.500000
43,3,test,6,594,609.013889
43,3,test,7,493,495.152778
43,3,test,8,524,505.486111
43,3,test,9,644,614.680556
43,3,test,10,455,492.611111
43,3,test,11,475,484.638889
43,3,test,12,505,497.444444
43,3,test,13,612,557.138889
43,3,test,14,644,600.416667
43,3,test,15,459,502.444444
43,3,test,16,597,575.861111
43,3,test,17,550,536.250000
43,3,test,18,524,514.111111
43,3,test,19,506,552.541667
43,3,test,20,523,527.152778
43,3,test,21,500,511.111111
43,3,test,22,568,600.819444
43,3,test,23,640,665.750000
43,3,test,24,605,559.916667
43,3,test,25,465,471.347222
43,3,test,26,610,595.916667
43,3,test,27,608,584.263889
43,3,test,28,585,606.555556
43,3,test,29,584,568.500000
43,3,test,30,597,545.638889
43,3,test,31,555,539.736111
43,3,test,32,507,513.277778
43,3,test,33,670,642.708333
43,3,test,34,598,540.375000
43,3,test,35,617,519.583333
43,3,train,0,580,588.652778
43,3,train,1,595,588.708333
43,3,train,2,612,610.930556
43,3,train,3,463,443.263889
43,3,train,4,463,468.888889
43,3,train,5,541,540.319444
43,3,train,6,617,617.375000
43,3,train,7,572,571.861111
43,3,train,8,525,509.041667
43,3,train,9,495,511.916667
43,3,train,10,460,486.888889
43,3,train,11,693,659.861111
43,3,train,12,484,477.722222
43,3,train,13,495,496.152778
43,3,train,14,472,491.500000
43,3,train,15,623,611.333333
43,3,train,16,586,580.958333
43,3,train,17,488,490.444444
43,3,train,18,519,512.069444
43,3,train,19,585,591.055556
43,3,train,20,670,643.888889
43,3,train,21,630,629.263889
43,3,train,22,465,489.041667
43,3,train,23,618,611.416667
43,3,train,24,606,600.041667
43,3,train,25,572,569.680556
43,3,train,26,561,544.041667
43,3,train,27,605,585.500000
43,3,train,28,504,502.902778
43,3,train,29,473,482.444444
43,3,train,30,528,516.375000
43,3,train,31,490,490.680556
43,3,train,32,500,506.111111
43,3,train,33,649,637.833333
43,3,train,34,522,517.152778
43,3,train,35,628,617.680556
43,3,train,36,584,586.027778
43,3,train,37,455,476.375000
43,3,train,38,597,592.902778
43,3,train,39,516,519.236111
43,3,train,40,515,512.458333
43,3,train,41,525,520.569444
43,3,train,42,484,484.500000
43,3,train,43,502,504.944444
43,3,train,44,592,586.013889
43,3,train,45,488,490.402778
43,3,train,46,645,599.388889
43,3,train,47,577,560.416667
43,3,train,48,577,557.402778
43,3,train,49,476,482.027778
43,3,train,50,500,491.750000
43,3,train,51,481,491.513889
43,3,train,52,528,521.027778
43,3,train,53,494,493.013889
43,3,train,54,456,490.611111
43,3,train,55,580,588.583333
43,3,train,56,616,621.500000
43,3,train,57,534,525.916667
43,3,train,58,431,448.666667
43,3,train,59,606,595.097222
43,3,train,60,532,524.736111
43,3,train,61,477,475.527778
43,3,train,62,442,454.861111
43,3,train,63,451,460.722222
43,3,train,64,608,609.875000
43,3,train,65,479,482.638889
43,3,train,66,578,580.986111
43,3,train,67,464,471.305556
43,3,train,68,478,496.013889
43,3,train,69,624,613.013889
43,3,train,70,517,512.763889
43,3,train,71,464,470.527778
43,3,train,72,600,596.597222
43,3,train,73,630,594.402778
43,3,train,74,504,500.111111
43,3,train,75,507,519.930556
43,3,train,76,584,572.722222
43,3,train,77,597,579.888889
43,3,train,78,472,500.291667
43,3,train,79,501,495.430556
43,3,train,80,508,508.416667
43,3,train,81,456,469.208333
43,3,train,82,583,593.527778
43,3,train,83,624,617.916667
43,3,train,84,471,485.013889
43,3,train,85,545,559.763889
43,3,train,86,572,573.430556
43,3,train,87,630,628.305556
43,3,train,88,617,614.708333
43,3,train,89,522,515.777778
43,3,train,90,543,530.263889
43,3,train,91,504,498.000000
43,3,train,92,562,552.847222
43,3,train,93,526,519.861111
43,3,train,94,613,599.902778
43,3,train,95,475,484.083333
43,3,train,96,575,550.847222
43,3,train,97,462,476.861111
43,3,train,98,510,509.694444
43,3,train,99,648,603.916667
43,3,train,100,601,613.166667
43,3,train,101,560,538.861111
43,3,train,102,488,496.458333
43,3,train,103,577,581.736111
43,3,train,104,505,506.722222
43,3,train,105,580,582.097222
43,3,train,106,509,511.944444
43,3,train,107,507,513.069444
43,3,train,108,648,639.986111
43,3,train,109,487,490.152778
43,3,train,110,479,487.291667
43,3,train,111,637,632.236111
43,3,train,112,450,462.569444
43,3,train,113,480,474.250000
43,3,train,114,689,667.972222
43,3,train,115,613,600.861111
43,3,train,116,469,471.416667
43,3,train,117,516,517.486111
43,3,train,118,557,558.527778
43,3,train,119,572,571.861111
43,3,train,120,519,520.986111
43,3,train,121,456,462.319444
43,3,train,122,541,541.527778
43,3,train,123,509,528.555556
43,3,train,124,446,461.736111
43,3,train,125,489,494.069444
43,3,train,126,591,587.611111
43,3,train,127,371,398.472222
43,3,train,128,522,518.750000
43,3,train,129,484,484.513889
43,3,train,130,596,580.416667
43,3,train,131,492,492.333333
43,3,train,132,505,506.083333
43,3,train,133,524,522.972222
43,3,train,134,485,515.083333
43,3,train,135,500,498.486111
43,3,train,136,535,528.263889
43,3,train,137,538,537.666667
43,3,train,138,511,511.791667
43,3,train,139,534,519.888889
43,3,train,140,509,509.361111
43,4,test,0,541,527.581312
43,4,test,1,463,520.218260
43,4,test,2,460,547.308131
43,4,test,3,628,600.529244
43,4,test,4,489,490.616262
43,4,test,5,476,492.595578
43,4,test,6,591,561.042796
43,4,test,7,504,490.000000
43,4,test,8,475,508.727532
43,4,test,9,488,497.736091
43,4,test,10,572,556.059914
43,4,test,11,648,516.509272
43,4,test,12,524,524.754636
43,4,test,13,618,536.781027
43,4,test,14,637,587.958631
43,4,test,15,522,503.435093
43,4,test,16,600,586.731812
43,4,test,17,572,554.873039
43,4,test,18,522,506.045649
43,4,test,19,484,485.383024
43,4,test,20,572,569.948645
43,4,test,21,623,541.781027
43,4,test,22,479,531.838802
43,4,test,23,504,511.988588
43,4,test,24,459,547.342368
43,4,test,25,517,505.366619
43,4,test,26,557,589.801712
43,4,test,27,516,523.122682
43,4,test,28,371,519.646220
43,4,test,29,473,518.966476
43,4,test,30,610,588.902996
43,4,test,31,525,507.592011
43,4,test,32,495,537.549215
43,4,test,33,575,578.780314
43,4,test,34,488,511.778887
43,4,test,35,464,493.601284
43,4,train,0,545,544.544936
43,4,train,1,525,520.514979
43,4,train,2,541,549.455064
43,4,train,3,617,588.049929
43,4,train,4,500,502.616262
43,4,train,5,580,579.582026
43,4,train,6,693,657.691869
43,4,train,7,464,474.670471
43,4,train,8,451,456.924394
43,4,train,9,463,468.462197
43,4,train,10,585,587.723252
43,4,train,11,477,481.168331
43,4,train,12,568,559.589158
43,4,train,13,500,500.495720
43,4,train,14,522,516.663338
43,4,train,15,585,588.221113
43,4,train,16,613,605.656205
43,4,train,17,577,571.970043
43,4,train,18,577,574.459344
43,4,train,19,505,499.945792
43,4,train,20,584,584.281027
43,4,train,21,509,507.830243
43,4,train,22,488,493.108417
43,4,train,23,508,505.368046
43,4,train,24,574,573.495007
43,4,train,25,479,484.993581
43,4,train,26,630,629.728959
43,4,train,27,605,599.316690
43,4,train,28,617,616.298146
43,4,train,29,608,590.168331
43,4,train,30,507,505.562054
43,4,train,31,505,506.399429
43,4,train,32,597,593.302425
43,4,train,33,507,513.145506
43,4,train,34,645,613.951498
43,4,train,35,455,477.841655
43,4,train,36,515,512.827389
43,4,train,37,584,576.738944
43,4,train,38,597,582.731812
43,4,train,39,446,464.858773
43,4,train,40,580,582.497860
43,4,train,41,594,592.332382
43,4,train,42,455,473.487874
43,4,train,43,471,480.037090
43,4,train,44,482,492.773894
43,4,train,45,506,521.337375
43,4,train,46,478,500.493581
43,4,train,47,490,493.316690
43,4,train,48,450,460.385164
43,4,train,49,577,565.245364
43,4,train,50,500,499.609843
43,4,train,51,507,530.077033
43,4,train,52,550,546.273894
43,4,train,53,670,662.349501
43,4,train,54,606,599.533524
43,4,train,55,456,469.560628
43,4,train,56,586,573.970043
43,4,train,57,469,470.432240
43,4,train,58,543,528.412268
43,4,train,59,456,490.365193
43,4,train,60,595,592.235378
43,4,train,61,596,591.670471
43,4,train,62,598,587.353780
43,4,train,63,612,604.228245
43,4,train,64,510,510.920114
43,4,train,65,616,620.843081
43,4,train,66,528,524.736091
43,4,train,67,484,486.645506
43,4,train,68,689,668.483595
43,4,train,69,480,478.011412
43,4,train,70,592,584.201141
43,4,train,71,596,602.373752
43,4,train,72,528,534.529244
43,4,train,73,524,515.251070
43,4,train,74,605,588.539230
43,4,train,75,601,609.753210
43,4,train,76,612,607.998573
43,4,train,77,617,615.881598
43,4,train,78,494,491.406562
43,4,train,79,484,477.379458
43,4,train,80,502,504.944365
43,4,train,81,555,551.493581
43,4,train,82,534,528.679030
43,4,train,83,597,593.814551
43,4,train,84,562,558.523538
43,4,train,85,560,538.690442
43,4,train,86,640,647.388017
43,4,train,87,493,492.410842
43,4,train,88,648,637.627675
43,4,train,89,583,582.031384
43,4,train,90,472,488.559201
43,4,train,91,644,627.165478
43,4,train,92,485,508.649073
43,4,train,93,442,456.453638
43,4,train,94,578,574.992867
43,4,train,95,487,486.815977
43,4,train,96,613,606.015692
43,4,train,97,505,507.343795
43,4,train,98,524,522.413695
43,4,train,99,473,503.748930
43,4,train,100,501,497.485021
43,4,train,101,561,533.706134
43,4,train,102,504,502.384451
43,4,train,103,495,494.330956
43,4,train,104,462,479.031384
43,4,train,105,584,584.865906
43,4,train,106,670,661.891583
43,4,train,107,465,468.265335
43,4,train,108,456,461.783167
43,4,train,109,475,489.517832
43,4,train,110,481,490.601997
43,4,train,111,624,612.226819
43,4,train,112,431,454.708987
43,4,train,113,509,523.409415
43,4,train,114,580,569.875892
43,4,train,115,500,503.416548
43,4,train,116,630,598.490728
43,4,train,117,526,520.965763
43,4,train,118,534,529.968616
43,4,train,119,492,490.797432
43,4,train,120,535,527.510699
43,4,train,121,538,543.245364
43,4,train,122,511,510.727532
43,4,train,123,624,612.697575
43,4,train,124,519,514.145506
43,4,train,125,644,618.988588
43,4,train,126,608,605.542083
43,4,train,127,601,609.691869
43,4,train,128,465,490.554922
43,4,train,129,472,496.904422
43,4,train,130,509,509.607703
43,4,train,131,466,465.980029
43,4,train,132,572,567.375178
43,4,train,133,523,524.329529
43,4,train,134,532,521.203994
43,4,train,135,597,587.955777
43,4,train,136,630,630.129815
43,4,train,137,516,518.696148
43,4,train,138,519,524.174037
43,4,train,139,649,630.743224
43,4,train,140,606,588.569187
43,5,test,0,482,514.344625
43,5,test,1,601,623.171809
43,5,test,2,475,504.298178
43,5,test,3,605,552.405564
43,5,test,4,617,542.159370
43,5,test,5,465,546.339450
43,5,test,6,689,627.946697
43,5,test,7,616,632.307987
43,5,test,8,522,516.151093
43,5,test,9,500,512.183766
43,5,test,10,598,573.250178
43,5,test,11,560,534.592141
43,5,test,12,500,500.379497
43,5,test,13,594,578.454807
43,5,test,14,509,558.734639
43,5,test,15,568,554.758636
43,5,test,16,600,593.144845
43,5,test,17,580,566.588145
43,5,test,18,577,558.579349
43,5,test,19,535,509.554467
43,5,test,20,618,584.936706
43,5,test,21,534,530.437066
43,5,test,22,489,493.300316
43,5,test,23,617,618.392652
43,5,test,24,591,550.867773
43,5,test,25,456,544.986783
43,5,test,26,606,582.886043
43,5,test,27,605,599.110143
43,5,test,28,472,532.350811
43,5,test,29,516,518.422806
43,5,test,30,473,563.075200
43,5,test,31,504,492.141090
43,5,test,32,475,510.698391
43,5,test,33,505,511.960299
43,5,test,34,465,478.177007
43,5,test,35,596,611.033880
43,5,train,0,644,630.160688
43,5,train,1,541,537.432819
43,5,train,2,525,513.984778
43,5,train,3,670,662.833333
43,5,train,4,517,512.093676
43,5,train,5,480,478.507292
43,5,train,6,524,520.479608
43,5,train,7,463,452.970875
43,5,train,8,464,472.510897
43,5,train,9,511,511.563093
43,5,train,10,490,490.711253
43,5,train,11,495,515.092486
43,5,train,12,584,578.321984
43,5,train,13,597,577.992465
43,5,train,14,528,522.262581
43,5,train,15,597,586.447011
43,5,train,16,525,511.662575
43,5,train,17,371,417.577842
43,5,train,18,500,509.776934
43,5,train,19,488,497.094643
43,5,train,20,510,511.493060
43,5,train,21,459,495.660258
43,5,train,22,584,578.345407
43,5,train,23,550,540.108264
43,5,train,24,464,476.261210
43,5,train,25,577,561.913625
43,5,train,26,601,608.233534
43,5,train,27,534,525.479252
43,5,train,28,524,521.041349
43,5,train,29,578,574.274305
43,5,train,30,555,548.766804
43,5,train,31,630,626.423969
43,5,train,32,492,489.490296
43,5,train,33,479,500.949033
43,5,train,34,597,586.049338
43,5,train,35,505,507.265210
43,5,train,36,485,514.244944
43,5,train,37,462,484.625911
43,5,train,38,493,493.460867
43,5,train,39,580,572.700830
43,5,train,40,507,506.311224
43,5,train,41,584,575.479725
43,5,train,42,612,600.260328
43,5,train,43,487,489.546803
43,5,train,44,519,516.138960
43,5,train,45,456,470.738503
43,5,train,46,613,602.035344
43,5,train,47,557,568.381492
43,5,train,48,624,611.326673
43,5,train,49,561,525.196392
43,5,train,50,585,587.896134
43,5,train,51,501,495.547369
43,5,train,52,648,639.102732
43,5,train,53,572,569.234170
43,5,train,54,640,627.946697
43,5,train,55,431,466.060565
43,5,train,56,455,481.507286
43,5,train,57,476,485.887696
43,5,train,58,481,507.636792
43,5,train,59,606,591.191430
43,5,train,60,484,482.975175
43,5,train,61,505,499.772357
43,5,train,62,645,616.875938
43,5,train,63,456,471.021614
43,5,train,64,596,589.103541
43,5,train,65,543,526.949488
43,5,train,66,506,532.174530
43,5,train,67,488,495.962041
43,5,train,68,624,613.287479
43,5,train,69,526,520.841352
43,5,train,70,516,514.096872
43,5,train,71,507,529.018812
43,5,train,72,693,653.685744
43,5,train,73,442,459.579013
43,5,train,74,628,608.188080
43,5,train,75,574,573.412728
43,5,train,76,446,468.692645
43,5,train,77,500,494.444968
43,5,train,78,610,599.588778
43,5,train,79,477,477.362355
43,5,train,80,528,524.065674
43,5,train,81,504,505.320162
43,5,train,82,572,569.418855
43,5,train,83,460,498.900602
43,5,train,84,509,509.446752
43,5,train,85,545,540.135700
43,5,train,86,562,555.183938
43,5,train,87,613,602.306966
43,5,train,88,585,589.155143
43,5,train,89,637,617.902449
43,5,train,90,580,584.019953
43,5,train,91,484,478.332170
43,5,train,92,524,515.571975
43,5,train,93,572,571.773016
43,5,train,94,522,519.207100
43,5,train,95,595,595.610994
43,5,train,96,577,556.894101
43,5,train,97,466,469.081627
43,5,train,98,451,460.331940
43,5,train,99,617,617.302562
43,5,train,100,508,511.195113
43,5,train,101,488,502.881723
43,5,train,102,648,588.977725
43,5,train,103,484,487.453338
43,5,train,104,644,615.914665
43,5,train,105,592,591.665866
43,5,train,106,541,550.727010
43,5,train,107,612,604.992058
43,5,train,108,623,593.360215
43,5,train,109,522,514.965301
43,5,train,110,469,472.297427
43,5,train,111,507,511.276108
43,5,train,112,538,544.653176
43,5,train,113,523,534.933380
43,5,train,114,463,466.551324
43,5,train,115,649,627.047211
43,5,train,116,572,568.887316
43,5,train,117,519,521.697865
43,5,train,118,608,586.652546
43,5,train,119,509,507.650658
43,5,train,120,532,520.283422
43,5,train,121,583,584.276159
43,5,train,122,494,491.034778
43,5,train,123,502,509.619227
43,5,train,124,670,662.653153
43,5,train,125,630,590.389476
43,5,train,126,455,493.371752
43,5,train,127,608,605.861634
43,5,train,128,586,560.588422
43,5,train,129,471,485.078335
43,5,train,130,575,572.898551
43,5,train,131,473,488.580499
43,5,train,132,450,460.722463
43,5,train,133,478,507.078927
43,5,train,134,597,577.349441
43,5,train,135,479,486.565531
43,5,train,136,472,491.215791
43,5,train,137,495,495.790066
43,5,train,138,504,501.756374
43,5,train,139,515,511.870462
43,5,train,140,630,625.928474
43,6,test,0,493,498.057895
43,6,test,1,596,607.591093
43,6,test,2,509,512.614035
43,6,test,3,585,598.721997
43,6,test,4,525,514.190283
43,6,test,5,577,531.943320
43,6,test,6,500,509.638586
43,6,test,7,516,525.795547
43,6,test,8,617,618.491228
43,6,test,9,459,498.109312
43,6,test,10,630,535.368421
43,6,test,11,451,465.712551
43,6,test,12,516,523.813090
43,6,test,13,555,530.504723
43,6,test,14,644,595.892038
43,6,test,15,580,593.906883
43,6,test,16,541,531.839406
43,6,test,17,597,583.782726
43,6,test,18,489,489.466262
43,6,test,19,522,512.446694
43,6,test,20,464,478.882591
43,6,test,21,463,425.971660
43,6,test,22,584,578.201080
43,6,test,23,538,528.527665
43,6,test,24,644,591.985155
43,6,test,25,455,498.730094
43,6,test,26,484,493.999550
43,6,test,27,484,488.571300
43,6,test,28,476,495.655061
43,6,test,29,624,607.688259
43,6,test,30,481,501.736842
43,6,test,31,528,520.941970
43,6,test,32,463,469.035088
43,6,test,33,670,645.234818
43,6,test,34,613,589.452092
43,6,test,35,446,503.380117
43,6,train,0,560,534.742240
43,6,train,1,689,667.561404
43,6,train,2,371,426.433198
43,6,train,3,601,611.101215
43,6,train,4,492,491.925326
43,6,train,5,482,494.833333
43,6,train,6,648,637.066127
43,6,train,7,586,585.040486
43,6,train,8,442,455.242915
43,6,train,9,630,628.360324
43,6,train,10,473,512.340081
43,6,train,11,572,571.045884
43,6,train,12,630,626.794872
43,6,train,13,605,599.941970
43,6,train,14,624,618.310391
43,6,train,15,648,605.485830
43,6,train,16,506,521.674764
43,6,train,17,572,570.383266
43,6,train,18,628,618.454791
43,6,train,19,495,510.530364
43,6,train,20,572,569.068826
43,6,train,21,545,556.595142
43,6,train,22,465,467.147773
43,6,train,23,616,622.759784
43,6,train,24,507,515.117409
43,6,train,25,617,615.962213
43,6,train,26,478,497.659919
43,6,train,27,584,576.253711
43,6,train,28,510,509.984031
43,6,train,29,515,511.919703
43,6,train,30,605,589.646424
43,6,train,31,504,500.061179
43,6,train,32,608,610.144399
43,6,train,33,597,585.636977
43,6,train,34,594,592.763833
43,6,train,35,472,497.421053
43,6,train,36,572,572.693657
43,6,train,37,574,573.910931
43,6,train,38,649,630.609987
43,6,train,39,464,475.356275
43,6,train,40,473,483.736842
43,6,train,41,431,449.952767
43,6,train,42,507,514.190283
43,6,train,43,523,523.852901
43,6,train,44,504,499.913495
43,6,train,45,532,523.448043
43,6,train,46,456,464.236167
43,6,train,47,606,590.823212
43,6,train,48,526,522.578947
43,6,train,49,598,588.107962
43,6,train,50,475,476.133603
43,6,train,51,519,513.599415
43,6,train,52,460,485.199730
43,6,train,53,580,583.503374
43,6,train,54,597,588.653171
43,6,train,55,575,579.653171
43,6,train,56,485,517.300945
43,6,train,57,524,523.596491
43,6,train,58,500,499.062528
43,6,train,59,456,493.313090
43,6,train,60,477,479.378767
43,6,train,61,455,482.037787
43,6,train,62,495,497.680027
43,6,train,63,488,497.277587
43,6,train,64,508,507.733053
43,6,train,65,645,613.902834
43,6,train,66,585,591.893387
43,6,train,67,583,585.510121
43,6,train,68,528,521.318489
43,6,train,69,562,555.995951
43,6,train,70,500,505.189193
43,6,train,71,535,527.834008
43,6,train,72,610,603.639676
43,6,train,73,557,568.183536
43,6,train,74,479,485.321727
43,6,train,75,534,524.031039
43,6,train,76,541,536.572200
43,6,train,77,488,496.396626
43,6,train,78,637,623.464238
43,6,train,79,534,524.269906
43,6,train,80,504,503.129139
43,6,train,81,578,580.809717
43,6,train,82,450,462.357625
43,6,train,83,511,509.589924
43,6,train,84,580,585.160594
43,6,train,85,600,598.777328
43,6,train,86,693,657.983806
43,6,train,87,522,511.550607
43,6,train,88,479,489.912955
43,6,train,89,608,598.492578
43,6,train,90,561,537.738192
43,6,train,91,584,583.085020
43,6,train,92,505,502.424426
43,6,train,93,519,524.856275
43,6,train,94,484,488.181287
43,6,train,95,595,591.647773
43,6,train,96,577,561.441296
43,6,train,97,494,492.816014
43,6,train,98,612,600.842105
43,6,train,99,601,606.195682
43,6,train,100,596,583.520918
43,6,train,101,524,517.570175
43,6,train,102,618,602.700405
43,6,train,103,597,588.580297
43,6,train,104,500,501.609852
43,6,train,105,465,489.901484
43,6,train,106,606,603.226721
43,6,train,107,577,568.581646
43,6,train,108,522,514.956140
43,6,train,109,613,594.407557
43,6,train,110,490,490.479082
43,6,train,111,509,522.662618
43,6,train,112,505,506.890498
43,6,train,113,462,471.445344
43,6,train,114,543,530.053981
43,6,train,115,507,509.209166
43,6,train,116,456,461.885965
43,6,train,117,670,649.483131
43,6,train,118,550,537.182186
43,6,train,119,524,520.205128
43,6,train,120,502,505.213485
43,6,train,121,517,512.898325
43,6,train,122,612,610.828610
43,6,train,123,617,581.313090
43,6,train,124,472,496.017544
43,6,train,125,623,605.796221
43,6,train,126,592,588.267206
43,6,train,127,469,471.773279
43,6,train,128,488,493.673414
43,6,train,129,591,583.662618
43,6,train,130,525,519.764507
43,6,train,131,501,502.760999
43,6,train,132,475,480.500675
43,6,train,133,568,579.149798
43,6,train,134,480,474.662618
43,6,train,135,471,482.536437
43,6,train,136,640,645.213225
43,6,train,137,487,488.749663
43,6,train,138,466,470.164642
43,6,train,139,509,509.475933
43,6,train,140,505,506.075574
43,7,test,0,623,570.601542
43,7,test,1,456,478.029563
43,7,test,2,606,550.138817
43,7,test,3,597,577.782776
43,7,test,4,624,602.650386
43,7,test,5,524,506.731362
43,7,test,6,543,514.713368
43,7,test,7,507,507.972579
43,7,test,8,502,508.757926
43,7,test,9,561,486.408740
43,7,test,10,597,578.736504
43,7,test,11,644,589.443445
43,7,test,12,481,505.699229
43,7,test,13,572,566.132391
43,7,test,14,526,516.219794
43,7,test,15,451,476.818766
43,7,test,16,463,430.080977
43,7,test,17,670,645.191517
43,7,test,18,578,574.127249
43,7,test,19,504,511.209512
43,7,test,20,517,507.800343
43,7,test,21,488,511.257069
43,7,test,22,507,551.399743
43,7,test,23,478,535.483290
43,7,test,24,617,614.646530
43,7,test,25,689,631.593830
43,7,test,26,613,595.893316
43,7,test,27,630,624.248072
43,7,test,28,541,528.071979
43,7,test,29,693,595.893316
43,7,test,30,628,597.582262
43,7,test,31,583,563.543702
43,7,test,32,522,508.224936
43,7,test,33,500,507.518852
43,7,test,34,466,474.856041
43,7,test,35,519,507.457155
43,7,train,0,490,493.523136
43,7,train,1,577,569.232648
43,7,train,2,584,578.257069
43,7,train,3,586,573.924165
43,7,train,4,509,510.546272
43,7,train,5,504,499.233933
43,7,train,6,494,492.183805
43,7,train,7,516,516.754499
43,7,train,8,648,636.098972
43,7,train,9,577,572.136247
43,7,train,10,455,478.836761
43,7,train,11,505,506.182519
43,7,train,12,509,520.319623
43,7,train,13,492,490.097686
43,7,train,14,670,646.794344
43,7,train,15,463,466.232648
43,7,train,16,605,589.003856
43,7,train,17,456,460.035990
43,7,train,18,596,585.958869
43,7,train,19,506,525.705656
43,7,train,20,580,574.161954
43,7,train,21,598,588.776350
43,7,train,22,594,585.137532
43,7,train,23,618,582.700514
43,7,train,24,613,596.277635
43,7,train,25,446,463.701799
43,7,train,26,601,598.452442
43,7,train,27,500,494.462725
43,7,train,28,505,499.664524
43,7,train,29,480,473.249357
43,7,train,30,455,474.553985
43,7,train,31,591,570.678663
43,7,train,32,471,478.623393
43,7,train,33,608,593.439589
43,7,train,34,624,613.339332
43,7,train,35,524,522.307198
43,7,train,36,450,458.555270
43,7,train,37,479,485.601542
43,7,train,38,575,577.466581
43,7,train,39,612,602.467866
43,7,train,40,484,483.795630
43,7,train,41,572,572.398458
43,7,train,42,472,489.574550
43,7,train,43,510,510.368895
43,7,train,44,487,484.672237
43,7,train,45,431,454.901028
43,7,train,46,485,504.908740
43,7,train,47,580,580.570694
43,7,train,48,475,481.745501
43,7,train,49,616,620.115681
43,7,train,50,465,475.228792
43,7,train,51,525,514.685090
43,7,train,52,484,486.014139
43,7,train,53,509,509.790488
43,7,train,54,560,538.712082
43,7,train,55,572,566.784062
43,7,train,56,504,500.431877
43,7,train,57,606,597.047558
43,7,train,58,456,492.200514
43,7,train,59,600,594.275064
43,7,train,60,488,495.376607
43,7,train,61,442,456.329049
43,7,train,62,550,544.005141
43,7,train,63,596,603.233933
43,7,train,64,507,511.397172
43,7,train,65,460,494.159383
43,7,train,66,601,610.709512
43,7,train,67,488,493.996144
43,7,train,68,528,523.140103
43,7,train,69,522,518.388175
43,7,train,70,645,613.385604
43,7,train,71,495,510.902314
43,7,train,72,545,545.998715
43,7,train,73,610,602.014139
43,7,train,74,523,527.307198
43,7,train,75,482,499.254499
43,7,train,76,511,510.390317
43,7,train,77,535,523.787918
43,7,train,78,648,591.760925
43,7,train,79,597,581.638817
43,7,train,80,473,486.910026
43,7,train,81,541,549.439589
43,7,train,82,612,605.159383
43,7,train,83,489,488.808483
43,7,train,84,477,476.947301
43,7,train,85,495,495.916452
43,7,train,86,585,587.452442
43,7,train,87,465,492.538560
43,7,train,88,630,592.964010
43,7,train,89,617,586.284062
43,7,train,90,637,613.165810
43,7,train,91,519,523.053985
43,7,train,92,500,498.368895
43,7,train,93,476,483.340617
43,7,train,94,479,499.300771
43,7,train,95,649,631.273779
43,7,train,96,617,614.757069
43,7,train,97,464,473.521851
43,7,train,98,464,475.338046
43,7,train,99,584,578.736504
43,7,train,100,577,565.347044
43,7,train,101,524,519.122108
43,7,train,102,605,597.281491
43,7,train,103,462,478.086118
43,7,train,104,522,518.755784
43,7,train,105,515,512.215938
43,7,train,106,475,485.151671
43,7,train,107,584,578.984576
43,7,train,108,562,556.226221
43,7,train,109,630,624.425450
43,7,train,110,532,521.566838
43,7,train,111,555,551.829049
43,7,train,112,644,617.766067
43,7,train,113,528,525.708226
43,7,train,114,574,571.214653
43,7,train,115,597,587.042416
43,7,train,116,534,527.661954
43,7,train,117,534,530.124679
43,7,train,118,557,568.722365
43,7,train,119,608,602.365039
43,7,train,120,525,518.268638
43,7,train,121,459,486.505141
43,7,train,122,472,497.111825
43,7,train,123,501,496.823907
43,7,train,124,538,543.533419
43,7,train,125,508,507.622965
43,7,train,126,505,505.925021
43,7,train,127,592,589.835476
43,7,train,128,500,504.353042
43,7,train,129,580,579.579692
43,7,train,130,469,472.982005
43,7,train,131,585,588.228792
43,7,train,132,493,494.993573
43,7,train,133,473,507.992288
43,7,train,134,371,424.578406
43,7,train,135,516,518.041131
43,7,train,136,572,571.659383
43,7,train,137,484,477.679949
43,7,train,138,595,594.844473
43,7,train,139,568,565.796915
43,7,train,140,640,631.593830
43,8,test,0,511,508.627706
43,8,test,1,601,621.287879
43,8,test,2,572,575.660173
43,8,test,3,475,498.575758
43,8,test,4,562,539.251082
43,8,test,5,617,620.961039
43,8,test,6,689,626.474026
43,8,test,7,591,557.984848
43,8,test,8,534,532.963203
43,8,test,9,624,601.861472
43,8,test,10,601,632.080087
43,8,test,11,568,580.051948
43,8,test,12,462,520.850649
43,8,test,13,473,607.298701
43,8,test,14,519,526.298701
43,8,test,15,595,590.777056
43,8,test,16,455,545.846320
43,8,test,17,555,538.530303
43,8,test,18,586,575.235931
43,8,test,19,525,520.006494
43,8,test,20,597,562.073593
43,8,test,21,617,620.982684
43,8,test,22,605,572.277056
43,8,test,23,528,519.686147
43,8,test,24,446,510.097403
43,8,test,25,476,499.500000
43,8,test,26,475,492.935065
43,8,test,27,612,596.240260
43,8,test,28,465,543.307359
43,8,test,29,583,573.632035
43,8,test,30,488,503.482684
43,8,test,31,431,521.987013
43,8,test,32,507,511.694805
43,8,test,33,606,536.781385
43,8,test,34,481,501.125541
43,8,test,35,526,525.961039
43,8,train,0,630,595.264069
43,8,train,1,510,507.926407
43,8,train,2,617,588.709957
43,8,train,3,577,563.082251
43,8,train,4,488,503.564935
43,8,train,5,506,520.389610
43,8,train,6,471,479.900433
43,8,train,7,505,505.515152
43,8,train,8,504,499.590043
43,8,train,9,484,486.608225
43,8,train,10,515,510.313853
43,8,train,11,557,570.699134
43,8,train,12,456,487.610390
43,8,train,13,487,486.428571
43,8,train,14,572,572.341991
43,8,train,15,630,626.774892
43,8,train,16,538,536.298701
43,8,train,17,608,611.980519
43,8,train,18,371,409.162338
43,8,train,19,580,589.896104
43,8,train,20,584,580.028139
43,8,train,21,580,584.019481
43,8,train,22,500,504.965368
43,8,train,23,623,602.010823
43,8,train,24,495,509.489177
43,8,train,25,561,541.093074
43,8,train,26,628,618.283550
43,8,train,27,492,491.562771
43,8,train,28,574,571.772727
43,8,train,29,472,488.902597
43,8,train,30,509,509.961039
43,8,train,31,480,473.562771
43,8,train,32,516,515.647186
43,8,train,33,637,627.235931
43,8,train,34,613,605.179654
43,8,train,35,608,596.632035
43,8,train,36,524,523.452381
43,8,train,37,519,514.304329
43,8,train,38,597,592.480519
43,8,train,39,606,600.318182
43,8,train,40,523,536.432900
43,8,train,41,488,496.870130
43,8,train,42,477,478.642857
43,8,train,43,456,460.629870
43,8,train,44,618,600.199134
43,8,train,45,509,510.595238
43,8,train,46,493,494.692641
43,8,train,47,575,579.943723
43,8,train,48,577,560.757576
43,8,train,49,501,503.940693
43,8,train,50,585,588.867965
43,8,train,51,596,584.629870
43,8,train,52,463,467.893939
43,8,train,53,649,621.287879
43,8,train,54,598,587.426407
43,8,train,55,693,657.396104
43,8,train,56,630,627.093074
43,8,train,57,508,506.212121
43,8,train,58,469,470.158009
43,8,train,59,472,501.225108
43,8,train,60,524,522.861472
43,8,train,61,545,552.599567
43,8,train,62,597,589.595238
43,8,train,63,543,533.160173
43,8,train,64,484,486.006494
43,8,train,65,525,521.664502
43,8,train,66,580,583.147186
43,8,train,67,522,513.002165
43,8,train,68,505,507.212121
43,8,train,69,504,499.173160
43,8,train,70,450,462.378788
43,8,train,71,478,499.956710
43,8,train,72,495,496.458874
43,8,train,73,624,617.367965
43,8,train,74,584,584.495671
43,8,train,75,459,482.235931
43,8,train,76,500,498.251082
43,8,train,77,594,592.354978
43,8,train,78,616,624.038961
43,8,train,79,541,535.647186
43,8,train,80,560,544.965368
43,8,train,81,644,617.041126
43,8,train,82,505,501.614719
43,8,train,83,494,492.411255
43,8,train,84,463,443.322511
43,8,train,85,648,639.599567
43,8,train,86,592,587.093074
43,8,train,87,464,473.757576
43,8,train,88,484,486.437229
43,8,train,89,504,503.380952
43,8,train,90,585,588.664502
43,8,train,91,645,606.409091
43,8,train,92,479,487.378788
43,8,train,93,578,575.941558
43,8,train,94,541,539.515152
43,8,train,95,455,469.857143
43,8,train,96,610,603.545455
43,8,train,97,577,574.593074
43,8,train,98,535,528.560606
43,8,train,99,507,513.638528
43,8,train,100,612,610.893939
43,8,train,101,670,664.132035
43,8,train,102,490,491.142857
43,8,train,103,572,577.593074
43,8,train,104,550,539.125541
43,8,train,105,485,514.367965
43,8,train,106,489,489.177489
43,8,train,107,502,505.213420
43,8,train,108,534,524.577922
43,8,train,109,524,519.207792
43,8,train,110,509,527.320346
43,8,train,111,640,626.474026
43,8,train,112,500,501.668831
43,8,train,113,605,599.984848
43,8,train,114,596,603.411255
43,8,train,115,644,623.792208
43,8,train,116,528,523.329004
43,8,train,117,482,493.502165
43,8,train,118,572,571.971861
43,8,train,119,460,479.649351
43,8,train,120,648,597.974026
43,8,train,121,442,452.090909
43,8,train,122,670,664.162338
43,8,train,123,522,517.348485
43,8,train,124,473,476.556277
43,8,train,125,464,467.854978
43,8,train,126,532,520.699134
43,8,train,127,507,522.238095
43,8,train,128,451,456.655844
43,8,train,129,479,486.547619
43,8,train,130,465,465.982684
43,8,train,131,456,460.621212
43,8,train,132,613,605.199134
43,8,train,133,466,464.357143
43,8,train,134,600,598.123377
43,8,train,135,516,515.528139
43,8,train,136,584,583.445887
43,8,train,137,500,503.943723
43,8,train,138,517,511.772727
43,8,train,139,522,517.004329
43,8,train,140,597,591.359307
43,9,test,0,507,547.638889
43,9,test,1,510,519.527778
43,9,test,2,648,613.236111
43,9,test,3,500,500.305556
43,9,test,4,606,560.694444
43,9,test,5,482,506.958333
43,9,test,6,605,556.569444
43,9,test,7,488,512.013889
43,9,test,8,585,602.069444
43,9,test,9,585,599.263889
43,9,test,10,640,665.625000
43,9,test,11,630,533.000000
43,9,test,12,586,547.583333
43,9,test,13,644,558.444444
43,9,test,14,505,516.708333
43,9,test,15,495,499.736111
43,9,test,16,560,512.069444
43,9,test,17,472,513.916667
43,9,test,18,543,512.958333
43,9,test,19,572,563.236111
43,9,test,20,577,563.388889
43,9,test,21,612,598.402778
43,9,test,22,550,530.333333
43,9,test,23,595,597.875000
43,9,test,24,459,522.319444
43,9,test,25,597,583.625000
43,9,test,26,509,513.444444
43,9,test,27,492,490.194444
43,9,test,28,616,613.013889
43,9,test,29,591,541.347222
43,9,test,30,477,480.944444
43,9,test,31,500,513.597222
43,9,test,32,608,613.125000
43,9,test,33,371,489.680556
43,9,test,34,644,599.458333
43,9,test,35,504,501.069444
43,9,train,0,475,477.055556
43,9,train,1,528,525.180556
43,9,train,2,592,590.222222
43,9,train,3,541,540.319444
43,9,train,4,568,566.069444
43,9,train,5,535,526.138889
43,9,train,6,617,592.500000
43,9,train,7,524,515.833333
43,9,train,8,485,521.472222
43,9,train,9,456,467.513889
43,9,train,10,613,606.902778
43,9,train,11,472,485.805556
43,9,train,12,596,596.152778
43,9,train,13,471,474.986111
43,9,train,14,507,512.277778
43,9,train,15,525,514.180556
43,9,train,16,484,480.097222
43,9,train,17,606,601.013889
43,9,train,18,557,574.583333
43,9,train,19,562,560.708333
43,9,train,20,473,494.361111
43,9,train,21,473,504.972222
43,9,train,22,572,566.388889
43,9,train,23,598,585.666667
43,9,train,24,522,518.111111
43,9,train,25,584,578.986111
43,9,train,26,484,483.569444
43,9,train,27,610,602.111111
43,9,train,28,509,512.958333
43,9,train,29,628,615.986111
43,9,train,30,538,543.791667
43,9,train,31,511,509.763889
43,9,train,32,450,461.583333
43,9,train,33,500,503.055556
43,9,train,34,528,524.305556
43,9,train,35,612,608.569444
43,9,train,36,597,584.083333
43,9,train,37,541,541.013889
43,9,train,38,431,452.708333
43,9,train,39,584,583.541667
43,9,train,40,577,569.069444
43,9,train,41,478,497.263889
43,9,train,42,617,614.458333
43,9,train,43,500,493.138889
43,9,train,44,522,518.569444
43,9,train,45,649,630.111111
43,9,train,46,524,524.847222
43,9,train,47,494,493.250000
43,9,train,48,577,562.041667
43,9,train,49,487,482.708333
43,9,train,50,488,496.222222
43,9,train,51,584,580.833333
43,9,train,52,479,494.805556
43,9,train,53,465,504.125000
43,9,train,54,583,576.958333
43,9,train,55,613,607.472222
43,9,train,56,466,463.875000
43,9,train,57,670,663.097222
43,9,train,58,637,619.458333
43,9,train,59,630,630.597222
43,9,train,60,517,513.430556
43,9,train,61,455,472.513889
43,9,train,62,505,506.888889
43,9,train,63,578,574.986111
43,9,train,64,505,498.875000
43,9,train,65,624,606.958333
43,9,train,66,618,608.000000
43,9,train,67,605,604.902778
43,9,train,68,462,476.958333
43,9,train,69,501,497.069444
43,9,train,70,460,496.500000
43,9,train,71,534,526.000000
43,9,train,72,515,511.819444
43,9,train,73,617,612.180556
43,9,train,74,545,537.666667
43,9,train,75,508,506.500000
43,9,train,76,597,588.638889
43,9,train,77,489,488.291667
43,9,train,78,600,597.263889
43,9,train,79,481,502.611111
43,9,train,80,575,574.500000
43,9,train,81,623,606.055556
43,9,train,82,580,577.430556
43,9,train,83,608,590.861111
43,9,train,84,479,487.569444
43,9,train,85,469,474.583333
43,9,train,86,464,470.777778
43,9,train,87,670,659.430556
43,9,train,88,597,579.916667
43,9,train,89,580,578.819444
43,9,train,90,509,525.194444
43,9,train,91,572,565.680556
43,9,train,92,594,594.097222
43,9,train,93,456,463.041667
43,9,train,94,465,468.013889
43,9,train,95,451,454.972222
43,9,train,96,574,566.208333
43,9,train,97,475,482.111111
43,9,train,98,493,497.430556
43,9,train,99,476,481.152778
43,9,train,100,484,486.875000
43,9,train,101,693,667.972222
43,9,train,102,463,466.916667
43,9,train,103,507,509.402778
43,9,train,104,504,499.722222
43,9,train,105,506,527.472222
43,9,train,106,624,609.319444
43,9,train,107,630,629.236111
43,9,train,108,555,548.597222
43,9,train,109,504,512.013889
43,9,train,110,524,519.972222
43,9,train,111,490,493.847222
43,9,train,112,523,528.125000
43,9,train,113,463,486.583333
43,9,train,114,516,517.291667
43,9,train,115,580,577.236111
43,9,train,116,601,612.777778
43,9,train,117,532,521.083333
43,9,train,118,596,582.916667
43,9,train,119,525,519.777778
43,9,train,120,464,476.041667
43,9,train,121,519,525.388889
43,9,train,122,648,599.402778
43,9,train,123,495,510.972222
43,9,train,124,645,611.875000
43,9,train,125,522,520.166667
43,9,train,126,480,478.347222
43,9,train,127,456,473.180556
43,9,train,128,488,499.875000
43,9,train,129,572,567.125000
43,9,train,130,526,521.916667
43,9,train,131,601,607.125000
43,9,train,132,442,456.027778
43,9,train,133,561,536.361111
43,9,train,134,455,486.500000
43,9,train,135,502,503.819444
43,9,train,136,446,464.888889
43,9,train,137,534,528.819444
43,9,train,138,689,667.291667
43,9,train,139,516,516.055556
43,9,train,140,519,514.500000
43,10,test,0,557,590.260982
43,10,test,1,572,565.591731
43,10,test,2,507,528.440568
43,10,test,3,510,510.857666
43,10,test,4,534,535.202842
43,10,test,5,613,594.574935
43,10,test,6,526,517.165375
43,10,test,7,616,628.016796
43,10,test,8,462,492.377261
43,10,test,9,577,546.527132
43,10,test,10,525,528.440568
43,10,test,11,509,550.868217
43,10,test,12,472,542.329457
43,10,test,13,464,505.093023
43,10,test,14,572,557.439276
43,10,test,15,442,505.325581
43,10,test,16,584,584.321705
43,10,test,17,524,511.291990
43,10,test,18,469,478.462532
43,10,test,19,506,555.129199
43,10,test,20,475,500.468992
43,10,test,21,481,505.518088
43,10,test,22,610,587.280362
43,10,test,23,580,559.717054
43,10,test,24,595,586.781654
43,10,test,25,500,509.173127
43,10,test,26,592,589.177003
43,10,test,27,517,505.897071
43,10,test,28,456,509.050388
43,10,test,29,488,505.290698
43,10,test,30,543,509.156331
43,10,test,31,524,510.081395
43,10,test,32,612,598.399225
43,10,test,33,504,498.317829
43,10,test,34,522,515.005168
43,10,test,35,591,555.321705
43,10,train,0,584,582.147287
43,10,train,1,572,570.268734
43,10,train,2,693,655.417313
43,10,train,3,466,469.568475
43,10,train,4,583,583.887597
43,10,train,5,535,528.440568
43,10,train,6,640,649.215762
43,10,train,7,490,494.497416
43,10,train,8,523,529.770026
43,10,train,9,630,630.361757
43,10,train,10,504,500.751077
43,10,train,11,489,490.403101
43,10,train,12,630,631.313953
43,10,train,13,606,598.569767
43,10,train,14,446,461.850129
43,10,train,15,645,613.472868
43,10,train,16,505,505.758183
43,10,train,17,584,580.107235
43,10,train,18,601,610.361757
43,10,train,19,505,501.649871
43,10,train,20,541,548.064599
43,10,train,21,456,462.665375
43,10,train,22,528,524.058140
43,10,train,23,644,614.662791
43,10,train,24,624,613.771318
43,10,train,25,371,410.688630
43,10,train,26,689,667.857881
43,10,train,27,494,491.951335
43,10,train,28,484,484.460379
43,10,train,29,585,587.233850
43,10,train,30,471,480.153747
43,10,train,31,493,497.384798
43,10,train,32,484,486.576658
43,10,train,33,670,661.231266
43,10,train,34,608,591.183463
43,10,train,35,624,617.236434
43,10,train,36,522,518.231266
43,10,train,37,600,592.320413
43,10,train,38,568,565.594315
43,10,train,39,596,603.192506
43,10,train,40,572,559.251938
43,10,train,41,492,490.615418
43,10,train,42,644,628.686047
43,10,train,43,460,491.114987
43,10,train,44,541,544.777778
43,10,train,45,580,585.687339
43,10,train,46,475,487.631783
43,10,train,47,473,508.519380
43,10,train,48,511,509.630491
43,10,train,49,618,605.717054
43,10,train,50,648,637.005168
43,10,train,51,488,498.427649
43,10,train,52,623,607.301034
43,10,train,53,628,616.710594
43,10,train,54,598,586.077519
43,10,train,55,500,503.244617
43,10,train,56,580,581.760982
43,10,train,57,487,486.102067
43,10,train,58,473,483.373170
43,10,train,59,479,485.029500
43,10,train,60,596,584.321705
43,10,train,61,500,499.380276
43,10,train,62,495,507.684755
43,10,train,63,505,506.571490
43,10,train,64,561,539.231266
43,10,train,65,613,596.241602
43,10,train,66,459,487.571059
43,10,train,67,509,509.457364
43,10,train,68,597,584.425065
43,10,train,69,508,506.775194
43,10,train,70,507,506.079242
43,10,train,71,516,516.103359
43,10,train,72,574,570.404393
43,10,train,73,534,527.016796
43,10,train,74,451,461.704134
43,10,train,75,597,587.651163
43,10,train,76,562,555.310078
43,10,train,77,617,588.936693
43,10,train,78,519,524.927649
43,10,train,79,555,550.897933
43,10,train,80,463,466.549096
43,10,train,81,608,608.124031
43,10,train,82,456,490.113695
43,10,train,83,597,593.197674
43,10,train,84,597,593.813953
43,10,train,85,524,521.329457
43,10,train,86,577,573.054264
43,10,train,87,501,498.435401
43,10,train,88,450,459.638243
43,10,train,89,594,596.909561
43,10,train,90,605,588.112403
43,10,train,91,577,567.643411
43,10,train,92,478,497.950904
43,10,train,93,605,600.589147
43,10,train,94,515,511.387382
43,10,train,95,532,523.406977
43,10,train,96,649,631.846253
43,10,train,97,504,499.481697
43,10,train,98,509,510.222222
43,10,train,99,484,478.080103
43,10,train,100,522,518.839793
43,10,train,101,648,597.636951
43,10,train,102,586,573.479328
43,10,train,103,578,575.428941
43,10,train,104,465,496.277778
43,10,train,105,612,609.577519
43,10,train,106,455,482.488372
43,10,train,107,477,477.937984
43,10,train,108,585,587.996124
43,10,train,109,630,590.935401
43,10,train,110,670,661.510336
43,10,train,111,516,518.192506
43,10,train,112,463,450.236434
43,10,train,113,519,515.510336
43,10,train,114,507,521.178295
43,10,train,115,525,516.192506
43,10,train,116,482,498.728682
43,10,train,117,488,495.023902
43,10,train,118,637,621.373385
43,10,train,119,480,494.984496
43,10,train,120,606,589.357881
43,10,train,121,485,510.493540
43,10,train,122,617,617.507752
43,10,train,123,560,542.360465
43,10,train,124,464,475.670543
43,10,train,125,617,616.959948
43,10,train,126,545,543.547804
43,10,train,127,465,468.431525
43,10,train,128,601,609.850129
43,10,train,129,538,542.060724
43,10,train,130,495,496.822782
43,10,train,131,472,489.917313
43,10,train,132,431,460.363049
43,10,train,133,500,493.865633
43,10,train,134,476,483.689922
43,10,train,135,479,496.263566
43,10,train,136,575,574.161499
43,10,train,137,455,473.016796
43,10,train,138,550,546.715762
43,10,train,139,502,505.739018
43,10,train,140,528,520.523256
50,1,test,0,584,581.855670
50,1,test,1,510,509.639175
50,1,test,2,525,515.587629
50,1,test,3,557,584.134021
50,1,test,4,596,615.639175
50,1,test,5,528,518.463918
50,1,test,6,645,538.061856
50,1,test,7,460,525.742268
50,1,test,8,572,561.494845
50,1,test,9,509,511.154639
50,1,test,10,577,533.793814
50,1,test,11,555,534.649485
50,1,test,12,485,541.969072
50,1,test,13,580,593.278351
50,1,test,14,456,466.742268
50,1,test,15,597,571.958763
50,1,test,16,484,498.185567
50,1,test,17,584,582.402062
50,1,test,18,502,512.134021
50,1,test,19,612,610.350515
50,1,test,20,644,598.577320
50,1,test,21,501,503.680412
50,1,test,22,462,490.597938
50,1,test,23,495,499.216495
50,1,test,24,601,607.082474
50,1,test,25,613,560.391753
50,1,test,26,610,591.340206
50,1,test,27,580,602.072165
50,1,test,28,545,581.206186
50,1,test,29,469,470.783505
50,1,test,30,479,491.484536
50,1,test,31,478,514.268041
50,1,test,32,446,508.525773
50,1,test,33,463,468.587629
50,1,test,34,613,560.360825
50,1,test,35,572,561.711340
50,1,train,0,572,561.577320
50,1,train,1,524,522.010309
50,1,train,2,575,569.546392
50,1,train,3,600,598.216495
50,1,train,4,560,532.670103
50,1,train,5,442,451.649485
50,1,train,6,451,459.072165
50,1,train,7,616,620.721649
50,1,train,8,534,520.422680
50,1,train,9,608,609.000000
50,1,train,10,489,489.608247
50,1,train,11,637,619.680412
50,1,train,12,648,606.927835
50,1,train,13,523,520.072165
50,1,train,14,519,513.134021
50,1,train,15,524,518.680412
50,1,train,16,500,498.298969
50,1,train,17,495,515.773196
50,1,train,18,585,595.608247
50,1,train,19,509,509.773196
50,1,train,20,577,574.020619
50,1,train,21,479,492.742268
50,1,train,22,504,504.597938
50,1,train,23,509,524.309278
50,1,train,24,606,594.474227
50,1,train,25,605,598.855670
50,1,train,26,484,486.175258
50,1,train,27,488,493.030928
50,1,train,28,630,630.134021
50,1,train,29,507,526.835052
50,1,train,30,522,517.371134
50,1,train,31,628,618.103093
50,1,train,32,522,516.804124
50,1,train,33,578,582.742268
50,1,train,34,640,647.144330
50,1,train,35,618,599.319588
50,1,train,36,431,461.577320
50,1,train,37,649,632.793814
50,1,train,38,526,519.927835
50,1,train,39,535,527.958763
50,1,train,40,507,508.319588
50,1,train,41,541,535.618557
50,1,train,42,612,598.701031
50,1,train,43,617,575.391753
50,1,train,44,459,483.546392
50,1,train,45,597,589.835052
50,1,train,46,538,536.463918
50,1,train,47,508,506.268041
50,1,train,48,525,520.329897
50,1,train,49,455,472.185567
50,1,train,50,472,497.185567
50,1,train,51,596,573.886598
50,1,train,52,617,617.453608
50,1,train,53,623,596.391753
50,1,train,54,594,599.525773
50,1,train,55,480,476.546392
50,1,train,56,504,498.762887
50,1,train,57,516,519.154639
50,1,train,58,541,533.030928
50,1,train,59,505,507.412371
50,1,train,60,515,512.628866
50,1,train,61,522,515.814433
50,1,train,62,506,516.041237
50,1,train,63,577,555.618557
50,1,train,64,574,570.402062
50,1,train,65,624,617.195876
50,1,train,66,543,530.814433
50,1,train,67,644,633.309278
50,1,train,68,584,578.371134
50,1,train,69,500,504.041237
50,1,train,70,689,665.835052
50,1,train,71,586,583.257732
50,1,train,72,617,615.020619
50,1,train,73,473,524.340206
50,1,train,74,572,561.484536
50,1,train,75,595,580.206186
50,1,train,76,528,520.783505
50,1,train,77,492,493.288660
50,1,train,78,516,517.237113
50,1,train,79,473,479.216495
50,1,train,80,505,505.257732
50,1,train,81,534,522.659794
50,1,train,82,630,632.134021
50,1,train,83,670,663.340206
50,1,train,84,598,576.608247
50,1,train,85,488,498.824742
50,1,train,86,481,490.876289
50,1,train,87,455,470.329897
50,1,train,88,550,546.329897
50,1,train,89,505,499.113402
50,1,train,90,608,599.134021
50,1,train,91,482,489.237113
50,1,train,92,466,465.701031
50,1,train,93,471,482.402062
50,1,train,94,624,619.319588
50,1,train,95,591,589.123711
50,1,train,96,488,504.711340
50,1,train,97,606,600.319588
50,1,train,98,693,652.092784
50,1,train,99,475,477.195876
50,1,train,100,484,485.814433
50,1,train,101,580,582.268041
50,1,train,102,511,509.618557
50,1,train,103,562,557.402062
50,1,train,104,630,599.865979
50,1,train,105,583,588.536082
50,1,train,106,465,469.175258
50,1,train,107,524,519.020619
50,1,train,108,472,491.649485
50,1,train,109,456,460.237113
50,1,train,110,456,493.010309
50,1,train,111,475,483.948454
50,1,train,112,465,486.814433
50,1,train,113,561,548.020619
50,1,train,114,464,467.216495
50,1,train,115,490,492.556701
50,1,train,116,450,465.216495
50,1,train,117,601,614.082474
50,1,train,118,463,441.577320
50,1,train,119,670,663.185567
50,1,train,120,597,590.505155
50,1,train,121,592,582.113402
50,1,train,122,597,590.587629
50,1,train,123,371,411.082474
50,1,train,124,500,493.969072
50,1,train,125,476,481.206186
50,1,train,126,464,483.742268
50,1,train,127,494,494.381443
50,1,train,128,585,590.762887
50,1,train,129,507,515.587629
50,1,train,130,568,583.494845
50,1,train,131,500,504.546392
50,1,train,132,605,594.278351
50,1,train,133,519,518.000000
50,1,train,134,504,499.546392
50,1,train,135,487,488.938144
50,1,train,136,517,513.154639
50,1,train,137,532,522.329897
50,1,train,138,493,494.773196
50,1,train,139,477,485.402062
50,1,train,140,648,638.030928
50,2,test,0,495,540.676090
50,2,test,1,473,559.322733
50,2,test,2,618,574.176678
50,2,test,3,568,567.314488
50,2,test,4,584,568.627797
50,2,test,5,507,544.204947
50,2,test,6,455,537.163722
50,2,test,7,543,513.160188
50,2,test,8,597,570.318021
50,2,test,9,600,587.604240
50,2,test,10,524,510.636042
50,2,test,11,475,497.265018
50,2,test,12,459,547.252061
50,2,test,13,500,499.778563
50,2,test,14,689,630.637220
50,2,test,15,606,559.462898
50,2,test,16,580,569.365135
50,2,test,17,541,562.427562
50,2,test,18,580,595.001178
50,2,test,19,476,494.419317
50,2,test,20,617,525.144876
50,2,test,21,628,599.501767
50,2,test,22,509,514.042403
50,2,test,23,509,516.227326
50,2,test,24,463,481.857479
50,2,test,25,596,602.466431
50,2,test,26,522,518.222615
50,2,test,27,608,573.118963
50,2,test,28,560,505.903416
50,2,test,29,693,592.230860
50,2,test,30,517,505.339942
50,2,test,31,455,526.518257
50,2,test,32,446,494.783274
50,2,test,33,534,512.630153
50,2,test,34,577,564.155477
50,2,test,35,575,562.916372
50,2,train,0,528,518.788378
50,2,train,1,645,612.634865
50,2,train,2,585,589.161366
50,2,train,3,516,519.472320
50,2,train,4,479,486.319199
50,2,train,5,473,478.657244
50,2,train,6,487,488.574794
50,2,train,7,460,499.770318
50,2,train,8,500,500.413428
50,2,train,9,596,586.379270
50,2,train,10,519,522.633687
50,2,train,11,608,605.911661
50,2,train,12,492,490.799764
50,2,train,13,509,523.732627
50,2,train,14,479,492.454653
50,2,train,15,505,506.120861
50,2,train,16,466,465.535925
50,2,train,17,613,608.107185
50,2,train,18,630,627.085984
50,2,train,19,511,508.130480
50,2,train,20,478,491.943856
50,2,train,21,465,489.891637
50,2,train,22,605,598.144876
50,2,train,23,524,519.070671
50,2,train,24,515,512.353357
50,2,train,25,477,481.738516
50,2,train,26,494,491.971731
50,2,train,27,577,562.356890
50,2,train,28,488,495.519435
50,2,train,29,578,573.494700
50,2,train,30,484,487.482921
50,2,train,31,465,469.447585
50,2,train,32,480,482.773852
50,2,train,33,538,545.015312
50,2,train,34,586,574.873969
50,2,train,35,532,522.159403
50,2,train,36,598,579.404005
50,2,train,37,670,660.808009
50,2,train,38,507,512.505300
50,2,train,39,505,506.680801
50,2,train,40,500,503.110849
50,2,train,41,519,514.422065
50,2,train,42,525,523.477032
50,2,train,43,630,601.477032
50,2,train,44,508,505.532522
50,2,train,45,605,591.521790
50,2,train,46,442,456.049470
50,2,train,47,482,492.934040
50,2,train,48,484,486.521790
50,2,train,49,464,476.445230
50,2,train,50,451,457.941107
50,2,train,51,371,409.422850
50,2,train,52,524,518.873184
50,2,train,53,535,526.931684
50,2,train,54,472,493.765607
50,2,train,55,545,547.201413
50,2,train,56,572,572.025913
50,2,train,57,617,617.369847
50,2,train,58,649,630.446408
50,2,train,59,504,499.806832
50,2,train,60,463,447.829211
50,2,train,61,456,488.943463
50,2,train,62,601,608.487633
50,2,train,63,630,627.994111
50,2,train,64,572,571.188457
50,2,train,65,597,594.613663
50,2,train,66,648,600.093051
50,2,train,67,613,607.614841
50,2,train,68,500,502.626750
50,2,train,69,502,504.570410
50,2,train,70,464,475.866902
50,2,train,71,489,493.500589
50,2,train,72,504,502.598351
50,2,train,73,592,586.068316
50,2,train,74,475,489.361602
50,2,train,75,505,501.320377
50,2,train,76,534,526.267373
50,2,train,77,525,519.671378
50,2,train,78,481,493.661955
50,2,train,79,670,661.511190
50,2,train,80,612,604.361602
50,2,train,81,585,588.321555
50,2,train,82,528,537.180212
50,2,train,83,456,466.084806
50,2,train,84,574,574.563015
50,2,train,85,601,609.004711
50,2,train,86,577,569.057715
50,2,train,87,488,495.656066
50,2,train,88,472,497.325088
50,2,train,89,456,463.191991
50,2,train,90,591,575.766784
50,2,train,91,624,616.924617
50,2,train,92,431,459.654888
50,2,train,93,597,594.312132
50,2,train,94,584,583.712603
50,2,train,95,469,472.742049
50,2,train,96,522,516.902238
50,2,train,97,495,497.161366
50,2,train,98,526,519.164900
50,2,train,99,640,630.637220
50,2,train,100,616,619.282686
50,2,train,101,580,577.222615
50,2,train,102,623,586.787986
50,2,train,103,507,505.537822
50,2,train,104,597,589.280330
50,2,train,105,624,613.928151
50,2,train,106,471,482.167256
50,2,train,107,506,521.723596
50,2,train,108,583,579.409894
50,2,train,109,504,501.945819
50,2,train,110,594,585.399293
50,2,train,111,617,617.624264
50,2,train,112,557,568.585395
50,2,train,113,595,597.511190
50,2,train,114,488,493.234393
50,2,train,115,523,524.612485
50,2,train,116,637,620.240283
50,2,train,117,644,617.130742
50,2,train,118,572,569.233216
50,2,train,119,644,626.902238
50,2,train,120,485,514.697291
50,2,train,121,555,554.418139
50,2,train,122,572,570.653710
50,2,train,123,648,636.036514
50,2,train,124,510,510.253239
50,2,train,125,522,517.693757
50,2,train,126,484,485.155477
50,2,train,127,612,609.232038
50,2,train,128,490,494.585395
50,2,train,129,610,604.762073
50,2,train,130,462,474.886926
50,2,train,131,584,583.581861
50,2,train,132,541,535.672949
50,2,train,133,450,474.000000
50,2,train,134,516,516.293286
50,2,train,135,501,499.620730
50,2,train,136,606,594.610130
50,2,train,137,561,536.848057
50,2,train,138,493,495.186101
50,2,train,139,550,551.538280
50,2,train,140,562,555.889282
50,3,test,0,601,613.451613
50,3,test,1,596,612.838710
50,3,test,2,574,567.548387
50,3,test,3,466,467.322581
50,3,test,4,482,498.387097
50,3,test,5,473,590.564516
50,3,test,6,594,606.225806
50,3,test,7,493,494.919355
50,3,test,8,524,495.322581
50,3,test,9,644,606.967742
50,3,test,10,455,492.241935
50,3,test,11,475,483.451613
50,3,test,12,505,494.548387
50,3,test,13,612,561.322581
50,3,test,14,644,600.564516
50,3,test,15,459,505.629032
50,3,test,16,597,575.580645
50,3,test,17,550,540.016129
50,3,test,18,524,509.854839
50,3,test,19,506,553.467742
50,3,test,20,523,510.612903
50,3,test,21,500,510.854839
50,3,test,22,568,603.564516
50,3,test,23,640,669.500000
50,3,test,24,605,567.241935
50,3,test,25,465,475.274194
50,3,test,26,610,593.354839
50,3,test,27,608,582.758065
50,3,test,28,585,607.548387
50,3,test,29,584,566.903226
50,3,test,30,597,542.016129
50,3,test,31,555,541.193548
50,3,test,32,507,513.129032
50,3,test,33,670,641.080645
50,3,test,34,598,539.645161
50,3,test,35,617,518.419355
50,3,train,0,580,586.096774
50,3,train,1,595,591.451613
50,3,train,2,612,613.983871
50,3,train,3,463,446.951613
50,3,train,4,463,466.129032
50,3,train,5,541,542.500000
50,3,train,6,617,618.822581
50,3,train,7,572,571.596774
50,3,train,8,525,510.645161
50,3,train,9,495,512.983871
50,3,train,10,460,488.274194
50,3,train,11,693,654.532258
50,3,train,12,484,477.354839
50,3,train,13,495,495.806452
50,3,train,14,472,490.145161
50,3,train,15,623,611.387097
50,3,train,16,586,585.661290
50,3,train,17,488,492.709677
50,3,train,18,519,511.983871
50,3,train,19,585,594.419355
50,3,train,20,670,644.064516
50,3,train,21,630,630.080645
50,3,train,22,465,489.790323
50,3,train,23,618,609.822581
50,3,train,24,606,600.887097
50,3,train,25,572,568.677419
50,3,train,26,561,543.387097
50,3,train,27,605,582.064516
50,3,train,28,504,502.838710
50,3,train,29,473,483.983871
50,3,train,30,528,512.000000
50,3,train,31,490,490.419355
50,3,train,32,500,505.435484
50,3,train,33,649,637.435484
50,3,train,34,522,518.112903
50,3,train,35,628,623.370968
50,3,train,36,584,589.983871
50,3,train,37,455,476.451613
50,3,train,38,597,586.967742
50,3,train,39,516,518.387097
50,3,train,40,515,513.629032
50,3,train,41,525,520.112903
50,3,train,42,484,485.096774
50,3,train,43,502,504.322581
50,3,train,44,592,582.129032
50,3,train,45,488,490.500000
50,3,train,46,645,605.774194
50,3,train,47,577,560.951613
50,3,train,48,577,558.548387
50,3,train,49,476,483.032258
50,3,train,50,500,492.080645
50,3,train,51,481,495.725806
50,3,train,52,528,522.000000
50,3,train,53,494,491.032258
50,3,train,54,456,492.467742
50,3,train,55,580,588.725806
50,3,train,56,616,619.612903
50,3,train,57,534,525.548387
50,3,train,58,431,447.580645
50,3,train,59,606,597.032258
50,3,train,60,532,526.048387
50,3,train,61,477,477.758065
50,3,train,62,442,455.080645
50,3,train,63,451,462.403226
50,3,train,64,608,611.016129
50,3,train,65,479,483.725806
50,3,train,66,578,580.516129
50,3,train,67,464,473.451613
50,3,train,68,478,496.129032
50,3,train,69,624,615.419355
50,3,train,70,517,512.564516
50,3,train,71,464,472.129032
50,3,train,72,600,594.564516
50,3,train,73,630,595.548387
50,3,train,74,504,501.806452
50,3,train,75,507,518.483871
50,3,train,76,584,571.483871
50,3,train,77,597,580.532258
50,3,train,78,472,496.064516
50,3,train,79,501,494.758065
50,3,train,80,508,507.758065
50,3,train,81,456,471.177419
50,3,train,82,583,589.677419
50,3,train,83,624,621.516129
50,3,train,84,471,483.935484
50,3,train,85,545,559.290323
50,3,train,86,572,572.629032
50,3,train,87,630,627.435484
50,3,train,88,617,616.758065
50,3,train,89,522,514.048387
50,3,train,90,543,527.903226
50,3,train,91,504,498.322581
50,3,train,92,562,549.580645
50,3,train,93,526,519.838710
50,3,train,94,613,602.387097
50,3,train,95,475,482.129032
50,3,train,96,575,553.322581
50,3,train,97,462,473.709677
50,3,train,98,510,509.951613
50,3,train,99,648,603.548387
50,3,train,100,601,611.887097
50,3,train,101,560,540.209677
50,3,train,102,488,497.161290
50,3,train,103,577,579.741935
50,3,train,104,505,507.241935
50,3,train,105,580,585.048387
50,3,train,106,509,512.338710
50,3,train,107,507,512.854839
50,3,train,108,648,638.451613
50,3,train,109,487,489.000000
50,3,train,110,479,485.822581
50,3,train,111,637,630.306452
50,3,train,112,450,461.145161
50,3,train,113,480,476.064516
50,3,train,114,689,671.096774
50,3,train,115,613,602.209677
50,3,train,116,469,471.225806
50,3,train,117,516,518.016129
50,3,train,118,557,561.790323
50,3,train,119,572,571.596774
50,3,train,120,519,520.806452
50,3,train,121,456,461.032258
50,3,train,122,541,543.306452
50,3,train,123,509,522.903226
50,3,train,124,446,459.919355
50,3,train,125,489,493.161290
50,3,train,126,591,583.064516
50,3,train,127,371,395.354839
50,3,train,128,522,519.096774
50,3,train,129,484,484.419355
50,3,train,130,596,576.806452
50,3,train,131,492,490.338710
50,3,train,132,505,506.193548
50,3,train,133,524,520.451613
50,3,train,134,485,519.887097
50,3,train,135,500,499.967742
50,3,train,136,535,528.403226
50,3,train,137,538,537.516129
50,3,train,138,511,510.016129
50,3,train,139,534,517.129032
50,3,train,140,509,508.951613
50,4,test,0,541,524.448837
50,4,test,1,463,519.044186
50,4,test,2,460,551.765116
50,4,test,3,628,600.520465
50,4,test,4,489,499.581395
50,4,test,5,476,493.206977
50,4,test,6,591,569.418605
50,4,test,7,504,491.053488
50,4,test,8,475,500.153488
50,4,test,9,488,498.988372
50,4,test,10,572,560.051163
50,4,test,11,648,517.472093
50,4,test,12,524,532.562791
50,4,test,13,618,529.391860
50,4,test,14,637,595.360465
50,4,test,15,522,504.890698
50,4,test,16,600,584.562791
50,4,test,17,572,558.511628
50,4,test,18,522,506.037209
50,4,test,19,484,485.953488
50,4,test,20,572,571.049070
50,4,test,21,623,534.206977
50,4,test,22,479,524.348837
50,4,test,23,504,524.486047
50,4,test,24,459,539.595349
50,4,test,25,517,505.645465
50,4,test,26,557,591.695349
50,4,test,27,516,524.083721
50,4,test,28,371,518.918605
50,4,test,29,473,516.793023
50,4,test,30,610,591.421163
50,4,test,31,525,506.544186
50,4,test,32,495,539.388372
50,4,test,33,575,574.167442
50,4,test,34,488,524.486047
50,4,test,35,464,497.065116
50,4,train,0,545,542.085581
50,4,train,1,525,521.148837
50,4,train,2,541,548.360853
50,4,train,3,617,593.102326
50,4,train,4,500,503.122209
50,4,train,5,580,584.365116
50,4,train,6,693,662.044186
50,4,train,7,464,479.369767
50,4,train,8,451,459.613953
50,4,train,9,463,467.402326
50,4,train,10,585,588.400000
50,4,train,11,477,484.002326
50,4,train,12,568,558.250233
50,4,train,13,500,501.830233
50,4,train,14,522,515.261628
50,4,train,15,585,588.700000
50,4,train,16,613,606.229070
50,4,train,17,577,573.100000
50,4,train,18,577,574.902326
50,4,train,19,505,502.348837
50,4,train,20,584,583.144186
50,4,train,21,509,509.227907
50,4,train,22,488,493.648837
50,4,train,23,508,505.951744
50,4,train,24,574,571.920930
50,4,train,25,479,486.102326
50,4,train,26,630,628.895349
50,4,train,27,605,600.329767
50,4,train,28,617,617.256977
50,4,train,29,608,592.641860
50,4,train,30,507,505.859419
50,4,train,31,505,506.530349
50,4,train,32,597,592.920930
50,4,train,33,507,513.823256
50,4,train,34,645,613.269767
50,4,train,35,455,477.239535
50,4,train,36,515,513.474419
50,4,train,37,584,577.918605
50,4,train,38,597,585.197674
50,4,train,39,446,465.865116
50,4,train,40,580,585.055814
50,4,train,41,594,592.530233
50,4,train,42,455,475.981395
50,4,train,43,471,478.853488
50,4,train,44,482,492.003488
50,4,train,45,506,519.020930
50,4,train,46,478,499.903488
50,4,train,47,490,495.832558
50,4,train,48,450,463.046512
50,4,train,49,577,564.167442
50,4,train,50,500,499.455814
50,4,train,51,507,528.862791
50,4,train,52,550,549.227907
50,4,train,53,670,660.565116
50,4,train,54,606,600.154651
50,4,train,55,456,467.993023
50,4,train,56,586,574.267829
50,4,train,57,469,472.890698
50,4,train,58,543,532.560465
50,4,train,59,456,490.167442
50,4,train,60,595,594.725814
50,4,train,61,596,590.325581
50,4,train,62,598,587.593023
50,4,train,63,612,604.487907
50,4,train,64,510,511.574419
50,4,train,65,616,621.236047
50,4,train,66,528,523.151163
50,4,train,67,484,489.183721
50,4,train,68,689,670.251163
50,4,train,69,480,482.160465
50,4,train,70,592,584.420930
50,4,train,71,596,597.427907
50,4,train,72,528,535.497674
50,4,train,73,524,512.286047
50,4,train,74,605,588.862791
50,4,train,75,601,610.730233
50,4,train,76,612,607.123256
50,4,train,77,617,616.280233
50,4,train,78,494,491.813953
50,4,train,79,484,478.646512
50,4,train,80,502,505.539070
50,4,train,81,555,550.684690
50,4,train,82,534,528.100000
50,4,train,83,597,593.562791
50,4,train,84,562,561.688372
50,4,train,85,560,537.730233
50,4,train,86,640,649.781395
50,4,train,87,493,493.179070
50,4,train,88,648,639.011628
50,4,train,89,583,584.325581
50,4,train,90,472,488.662791
50,4,train,91,644,628.234884
50,4,train,92,485,511.758140
50,4,train,93,442,457.937209
50,4,train,94,578,579.723256
50,4,train,95,487,485.997674
50,4,train,96,613,606.087209
50,4,train,97,505,507.941860
50,4,train,98,524,522.575581
50,4,train,99,473,502.304651
50,4,train,100,501,497.576744
50,4,train,101,561,536.620930
50,4,train,102,504,503.653488
50,4,train,103,495,495.202326
50,4,train,104,462,482.223256
50,4,train,105,584,583.725581
50,4,train,106,670,660.534884
50,4,train,107,465,468.774419
50,4,train,108,456,462.130233
50,4,train,109,475,487.493023
50,4,train,110,481,491.609302
50,4,train,111,624,611.881395
50,4,train,112,431,456.718605
50,4,train,113,509,524.962791
50,4,train,114,580,567.127907
50,4,train,115,500,504.046512
50,4,train,116,630,602.100000
50,4,train,117,526,520.376744
50,4,train,118,534,528.832558
50,4,train,119,492,490.553488
50,4,train,120,535,528.665116
50,4,train,121,538,541.932481
50,4,train,122,511,510.047674
50,4,train,123,624,615.423256
50,4,train,124,519,513.564651
50,4,train,125,644,616.860465
50,4,train,126,608,604.878605
50,4,train,127,601,611.888372
50,4,train,128,465,489.858140
50,4,train,129,472,496.288372
50,4,train,130,509,510.304651
50,4,train,131,466,468.686047
50,4,train,132,572,568.696744
50,4,train,133,523,520.350000
50,4,train,134,532,521.479070
50,4,train,135,597,587.793023
50,4,train,136,630,629.434884
50,4,train,137,516,520.532558
50,4,train,138,519,522.958140
50,4,train,139,649,630.362791
50,4,train,140,606,587.427907
50,5,test,0,482,515.215804
50,5,test,1,601,618.113636
50,5,test,2,475,500.392231
50,5,test,3,605,567.666498
50,5,test,4,617,541.163636
50,5,test,5,465,537.067472
50,5,test,6,689,628.181818
50,5,test,7,616,631.446970
50,5,test,8,522,512.906566
50,5,test,9,500,511.638622
50,5,test,10,598,570.866667
50,5,test,11,560,534.197980
50,5,test,12,500,496.071898
50,5,test,13,594,591.917929
50,5,test,14,509,570.792003
50,5,test,15,568,565.144543
50,5,test,16,600,598.348213
50,5,test,17,580,565.239394
50,5,test,18,577,555.486111
50,5,test,19,535,516.250253
50,5,test,20,618,579.403571
50,5,test,21,534,535.504040
50,5,test,22,489,506.332323
50,5,test,23,617,617.909091
50,5,test,24,591,567.831018
50,5,test,25,456,531.671338
50,5,test,26,606,576.703872
50,5,test,27,605,606.031566
50,5,test,28,472,536.171843
50,5,test,29,516,518.762626
50,5,test,30,473,555.390152
50,5,test,31,504,490.870455
50,5,test,32,475,508.966095
50,5,test,33,505,510.578016
50,5,test,34,465,477.973214
50,5,test,35,596,598.515152
50,5,train,0,644,625.545455
50,5,train,1,541,542.577309
50,5,train,2,525,519.554545
50,5,train,3,670,663.515152
50,5,train,4,517,511.593167
50,5,train,5,480,484.986111
50,5,train,6,524,510.928030
50,5,train,7,463,450.227273
50,5,train,8,464,476.627020
50,5,train,9,511,513.019400
50,5,train,10,490,491.998737
50,5,train,11,495,512.903727
50,5,train,12,584,585.258500
50,5,train,13,597,588.121749
50,5,train,14,528,524.447602
50,5,train,15,597,591.003570
50,5,train,16,525,516.783586
50,5,train,17,371,406.590909
50,5,train,18,500,505.979152
50,5,train,19,488,493.216793
50,5,train,20,510,511.018561
50,5,train,21,459,499.892045
50,5,train,22,584,587.028702
50,5,train,23,550,542.738336
50,5,train,24,464,477.996717
50,5,train,25,577,561.559509
50,5,train,26,601,610.863636
50,5,train,27,534,526.181946
50,5,train,28,524,522.246845
50,5,train,29,578,579.608329
50,5,train,30,555,554.494148
50,5,train,31,630,625.879509
50,5,train,32,492,490.016468
50,5,train,33,479,491.906760
50,5,train,34,597,592.288923
50,5,train,35,505,506.550126
50,5,train,36,485,510.086616
50,5,train,37,462,476.564394
50,5,train,38,493,491.120455
50,5,train,39,580,570.980892
50,5,train,40,507,511.068434
50,5,train,41,584,577.469949
50,5,train,42,612,607.773990
50,5,train,43,487,493.438005
50,5,train,44,519,514.001248
50,5,train,45,456,469.238636
50,5,train,46,613,606.760023
50,5,train,47,557,579.455808
50,5,train,48,624,611.691288
50,5,train,49,561,529.488997
50,5,train,50,585,584.980519
50,5,train,51,501,497.471993
50,5,train,52,648,638.090909
50,5,train,53,572,567.824540
50,5,train,54,640,628.181818
50,5,train,55,431,453.857323
50,5,train,56,455,480.596465
50,5,train,57,476,484.281734
50,5,train,58,481,501.214148
50,5,train,59,606,589.606061
50,5,train,60,484,485.939574
50,5,train,61,505,511.711111
50,5,train,62,645,606.936989
50,5,train,63,456,464.655574
50,5,train,64,596,580.878066
50,5,train,65,543,522.606818
50,5,train,66,506,528.383117
50,5,train,67,488,494.729568
50,5,train,68,624,620.333563
50,5,train,69,526,528.581975
50,5,train,70,516,515.777778
50,5,train,71,507,517.411931
50,5,train,72,693,642.271044
50,5,train,73,442,455.599026
50,5,train,74,628,614.489899
50,5,train,75,574,563.775758
50,5,train,76,446,472.286075
50,5,train,77,500,495.838384
50,5,train,78,610,602.655340
50,5,train,79,477,479.900758
50,5,train,80,528,521.931504
50,5,train,81,504,501.306818
50,5,train,82,572,569.439439
50,5,train,83,460,494.457684
50,5,train,84,509,509.252020
50,5,train,85,545,540.140404
50,5,train,86,562,549.185101
50,5,train,87,613,607.017599
50,5,train,88,585,585.662338
50,5,train,89,637,617.222452
50,5,train,90,580,585.203512
50,5,train,91,484,479.777940
50,5,train,92,524,517.340909
50,5,train,93,572,576.075338
50,5,train,94,522,518.300487
50,5,train,95,595,596.185643
50,5,train,96,577,556.789141
50,5,train,97,466,471.884199
50,5,train,98,451,464.339286
50,5,train,99,617,617.909091
50,5,train,100,508,508.754783
50,5,train,101,488,497.670455
50,5,train,102,648,589.024518
50,5,train,103,484,487.318831
50,5,train,104,644,627.878788
50,5,train,105,592,597.469425
50,5,train,106,541,554.074956
50,5,train,107,612,610.833563
50,5,train,108,623,596.364430
50,5,train,109,522,515.315657
50,5,train,110,469,471.446429
50,5,train,111,507,509.638622
50,5,train,112,538,548.855259
50,5,train,113,523,534.653836
50,5,train,114,463,462.919823
50,5,train,115,649,630.500000
50,5,train,116,572,569.236196
50,5,train,117,519,522.512626
50,5,train,118,608,590.001022
50,5,train,119,509,510.570202
50,5,train,120,532,519.969542
50,5,train,121,583,588.868939
50,5,train,122,494,491.834650
50,5,train,123,502,508.375208
50,5,train,124,670,664.318182
50,5,train,125,630,599.457071
50,5,train,126,455,488.176768
50,5,train,127,608,608.398990
50,5,train,128,586,565.314058
50,5,train,129,471,487.377399
50,5,train,130,575,567.695684
50,5,train,131,473,483.114899
50,5,train,132,450,458.041035
50,5,train,133,478,495.359622
50,5,train,134,597,573.868916
50,5,train,135,479,485.126768
50,5,train,136,472,495.691858
50,5,train,137,495,492.665909
50,5,train,138,504,497.727201
50,5,train,139,515,510.210480
50,5,train,140,630,624.515873
50,6,test,0,493,498.884750
50,6,test,1,596,595.350407
50,6,test,2,509,512.610012
50,6,test,3,585,590.490105
50,6,test,4,525,513.776484
50,6,test,5,577,550.338766
50,6,test,6,500,509.428405
50,6,test,7,516,525.861467
50,6,test,8,617,619.441211
50,6,test,9,459,515.406286
50,6,test,10,630,539.469150
50,6,test,11,451,471.747381
50,6,test,12,516,523.306170
50,6,test,13,555,559.343423
50,6,test,14,644,596.036088
50,6,test,15,580,573.175786
50,6,test,16,541,564.039581
50,6,test,17,597,586.520373
50,6,test,18,489,498.119907
50,6,test,19,522,515.207218
50,6,test,20,464,496.887078
50,6,test,21,463,427.161816
50,6,test,22,584,581.722934
50,6,test,23,538,555.572759
50,6,test,24,644,566.721769
50,6,test,25,455,514.053551
50,6,test,26,484,493.454016
50,6,test,27,484,490.032596
50,6,test,28,476,497.182771
50,6,test,29,624,597.245634
50,6,test,30,481,511.046566
50,6,test,31,528,518.229336
50,6,test,32,463,474.278231
50,6,test,33,670,645.535506
50,6,test,34,613,594.548312
50,6,test,35,446,499.176950
50,6,train,0,560,539.528522
50,6,train,1,689,668.495925
50,6,train,2,371,424.154831
50,6,train,3,601,610.216531
50,6,train,4,492,492.313155
50,6,train,5,482,500.448196
50,6,train,6,648,636.218859
50,6,train,7,586,575.342258
50,6,train,8,442,457.675204
50,6,train,9,630,627.667055
50,6,train,10,473,502.626310
50,6,train,11,572,571.245634
50,6,train,12,630,626.745052
50,6,train,13,605,602.805588
50,6,train,14,624,616.129220
50,6,train,15,648,601.417928
50,6,train,16,506,525.854482
50,6,train,17,572,569.508731
50,6,train,18,628,617.282887
50,6,train,19,495,510.491269
50,6,train,20,572,569.037253
50,6,train,21,545,544.122235
50,6,train,22,465,469.587893
50,6,train,23,616,620.584400
50,6,train,24,507,522.692666
50,6,train,25,617,618.155995
50,6,train,26,478,495.774156
50,6,train,27,584,579.339930
50,6,train,28,510,510.897555
50,6,train,29,515,513.352736
50,6,train,30,605,588.667055
50,6,train,31,504,501.585565
50,6,train,32,608,609.944121
50,6,train,33,597,588.532014
50,6,train,34,594,590.729919
50,6,train,35,472,497.089639
50,6,train,36,572,572.117579
50,6,train,37,574,573.223516
50,6,train,38,649,632.067520
50,6,train,39,464,481.766007
50,6,train,40,473,483.669383
50,6,train,41,431,457.563446
50,6,train,42,507,513.644936
50,6,train,43,523,522.749709
50,6,train,44,504,499.426077
50,6,train,45,532,523.284051
50,6,train,46,456,467.689173
50,6,train,47,606,587.614668
50,6,train,48,526,520.953434
50,6,train,49,598,590.068685
50,6,train,50,475,482.455180
50,6,train,51,519,514.162980
50,6,train,52,460,492.129220
50,6,train,53,580,581.348079
50,6,train,54,597,587.459837
50,6,train,55,575,574.139697
50,6,train,56,485,515.871944
50,6,train,57,524,522.378347
50,6,train,58,500,499.530850
50,6,train,59,456,488.701979
50,6,train,60,477,483.719441
50,6,train,61,455,485.800931
50,6,train,62,495,498.027939
50,6,train,63,488,496.410943
50,6,train,64,508,507.603027
50,6,train,65,645,617.045402
50,6,train,66,585,588.559953
50,6,train,67,583,581.627474
50,6,train,68,528,523.788126
50,6,train,69,562,555.922002
50,6,train,70,500,505.088475
50,6,train,71,535,526.715949
50,6,train,72,610,603.679860
50,6,train,73,557,570.313155
50,6,train,74,479,486.246799
50,6,train,75,534,523.146682
50,6,train,76,541,538.932480
50,6,train,77,488,497.781141
50,6,train,78,637,619.663562
50,6,train,79,534,532.076834
50,6,train,80,504,502.465658
50,6,train,81,578,577.590221
50,6,train,82,450,468.221187
50,6,train,83,511,510.204889
50,6,train,84,580,578.195576
50,6,train,85,600,596.012806
50,6,train,86,693,657.584400
50,6,train,87,522,514.988359
50,6,train,88,479,491.406286
50,6,train,89,608,595.188591
50,6,train,90,561,536.755530
50,6,train,91,584,581.407451
50,6,train,92,505,502.640279
50,6,train,93,519,523.899884
50,6,train,94,484,488.520373
50,6,train,95,595,595.265425
50,6,train,96,577,568.240978
50,6,train,97,494,492.968568
50,6,train,98,612,606.168801
50,6,train,99,601,601.393481
50,6,train,100,596,588.436554
50,6,train,101,524,517.576251
50,6,train,102,618,602.295693
50,6,train,103,597,585.987194
50,6,train,104,500,502.383003
50,6,train,105,465,491.951106
50,6,train,106,606,599.419092
50,6,train,107,577,563.621653
50,6,train,108,522,516.181607
50,6,train,109,613,596.332945
50,6,train,110,490,495.109430
50,6,train,111,509,521.902212
50,6,train,112,505,506.555297
50,6,train,113,462,477.748545
50,6,train,114,543,532.731083
50,6,train,115,507,509.161816
50,6,train,116,456,463.528522
50,6,train,117,670,647.861467
50,6,train,118,550,544.022119
50,6,train,119,524,520.029104
50,6,train,120,502,505.282887
50,6,train,121,517,512.932480
50,6,train,122,612,608.467986
50,6,train,123,617,586.848661
50,6,train,124,472,495.271246
50,6,train,125,623,606.804424
50,6,train,126,592,590.838184
50,6,train,127,469,475.701979
50,6,train,128,488,495.824214
50,6,train,129,591,577.912689
50,6,train,130,525,522.901048
50,6,train,131,501,500.309662
50,6,train,132,475,484.812573
50,6,train,133,568,568.783469
50,6,train,134,480,487.275902
50,6,train,135,471,481.701979
50,6,train,136,640,647.037253
50,6,train,137,487,487.769499
50,6,train,138,466,473.030268
50,6,train,139,509,510.897555
50,6,train,140,505,506.492433
50,7,test,0,623,567.104839
50,7,test,1,456,478.382258
50,7,test,2,606,552.703226
50,7,test,3,597,578.003226
50,7,test,4,624,604.512903
50,7,test,5,524,503.438710
50,7,test,6,543,512.598387
50,7,test,7,507,508.040323
50,7,test,8,502,507.967742
50,7,test,9,561,498.146774
50,7,test,10,597,578.414516
50,7,test,11,644,587.864516
50,7,test,12,481,514.609677
50,7,test,13,572,565.737097
50,7,test,14,526,514.745161
50,7,test,15,451,480.445161
50,7,test,16,463,426.938710
50,7,test,17,670,644.888710
50,7,test,18,578,575.499462
50,7,test,19,504,515.833871
50,7,test,20,517,507.562903
50,7,test,21,488,515.833871
50,7,test,22,507,545.732903
50,7,test,23,478,525.143548
50,7,test,24,617,616.672581
50,7,test,25,689,628.069355
50,7,test,26,613,596.648387
50,7,test,27,630,623.214516
50,7,test,28,541,525.029032
50,7,test,29,693,593.669355
50,7,test,30,628,598.029032
50,7,test,31,583,566.518548
50,7,test,32,522,506.864516
50,7,test,33,500,507.085484
50,7,test,34,466,478.714516
50,7,test,35,519,507.933871
50,7,train,0,490,492.804839
50,7,train,1,577,565.224301
50,7,train,2,584,578.441935
50,7,train,3,586,574.279032
50,7,train,4,509,511.719355
50,7,train,5,504,499.572581
50,7,train,6,494,492.083871
50,7,train,7,516,517.279032
50,7,train,8,648,635.943548
50,7,train,9,577,570.776882
50,7,train,10,455,475.814516
50,7,train,11,505,505.833871
50,7,train,12,509,521.044355
50,7,train,13,492,490.514516
50,7,train,14,670,646.353226
50,7,train,15,463,466.214516
50,7,train,16,605,589.336559
50,7,train,17,456,460.916129
50,7,train,18,596,587.358065
50,7,train,19,506,524.387097
50,7,train,20,580,575.117742
50,7,train,21,598,590.185484
50,7,train,22,594,585.724194
50,7,train,23,618,580.290323
50,7,train,24,613,597.114516
50,7,train,25,446,464.017742
50,7,train,26,601,596.424194
50,7,train,27,500,495.841935
50,7,train,28,505,501.091935
50,7,train,29,480,476.162903
50,7,train,30,455,476.840323
50,7,train,31,591,576.826882
50,7,train,32,471,480.741935
50,7,train,33,608,593.046774
50,7,train,34,624,614.295161
50,7,train,35,524,522.016935
50,7,train,36,450,459.004839
50,7,train,37,479,485.640323
50,7,train,38,575,574.120968
50,7,train,39,612,602.622581
50,7,train,40,484,484.545161
50,7,train,41,572,572.295161
50,7,train,42,472,490.583333
50,7,train,43,510,509.441935
50,7,train,44,487,486.919355
50,7,train,45,431,456.608065
50,7,train,46,485,507.951613
50,7,train,47,580,580.582258
50,7,train,48,475,481.550000
50,7,train,49,616,618.648387
50,7,train,50,465,477.019355
50,7,train,51,525,521.266129
50,7,train,52,484,487.256452
50,7,train,53,509,511.287097
50,7,train,54,560,537.782258
50,7,train,55,572,567.198387
50,7,train,56,504,501.072581
50,7,train,57,606,595.150000
50,7,train,58,456,490.058065
50,7,train,59,600,594.558065
50,7,train,60,488,495.979032
50,7,train,61,442,454.446774
50,7,train,62,550,544.875645
50,7,train,63,596,599.245161
50,7,train,64,507,511.393548
50,7,train,65,460,495.246237
50,7,train,66,601,611.167742
50,7,train,67,488,496.511290
50,7,train,68,528,523.563011
50,7,train,69,522,518.637097
50,7,train,70,645,611.174194
50,7,train,71,495,510.327527
50,7,train,72,545,543.691935
50,7,train,73,610,602.862903
50,7,train,74,523,521.504839
50,7,train,75,482,498.783871
50,7,train,76,511,509.624194
50,7,train,77,535,524.367742
50,7,train,78,648,593.633333
50,7,train,79,597,582.802688
50,7,train,80,473,482.291935
50,7,train,81,541,548.905484
50,7,train,82,612,603.791935
50,7,train,83,489,492.832258
50,7,train,84,477,481.424194
50,7,train,85,495,496.283871
50,7,train,86,585,587.461290
50,7,train,87,465,488.125806
50,7,train,88,630,595.472581
50,7,train,89,617,585.716129
50,7,train,90,637,614.300000
50,7,train,91,519,523.096774
50,7,train,92,500,499.067742
50,7,train,93,476,483.425806
50,7,train,94,479,494.661290
50,7,train,95,649,632.306452
50,7,train,96,617,616.366129
50,7,train,97,464,475.345161
50,7,train,98,464,477.951613
50,7,train,99,584,579.807527
50,7,train,100,577,563.584516
50,7,train,101,524,518.991935
50,7,train,102,605,598.317742
50,7,train,103,462,480.237097
50,7,train,104,522,519.225806
50,7,train,105,515,510.603226
50,7,train,106,475,483.677419
50,7,train,107,584,578.269355
50,7,train,108,562,554.693548
50,7,train,109,630,622.420968
50,7,train,110,532,522.929032
50,7,train,111,555,551.887742
50,7,train,112,644,614.932258
50,7,train,113,528,523.621774
50,7,train,114,574,574.161290
50,7,train,115,597,585.490323
50,7,train,116,534,526.225000
50,7,train,117,534,530.264516
50,7,train,118,557,568.382258
50,7,train,119,608,604.122581
50,7,train,120,525,518.419355
50,7,train,121,459,488.033871
50,7,train,122,472,497.051613
50,7,train,123,501,497.877419
50,7,train,124,538,544.073226
50,7,train,125,508,507.206452
50,7,train,126,505,507.064516
50,7,train,127,592,588.383871
50,7,train,128,500,504.032258
50,7,train,129,580,578.241935
50,7,train,130,469,474.248387
50,7,train,131,585,587.508065
50,7,train,132,493,495.969355
50,7,train,133,473,503.216129
50,7,train,134,371,422.648387
50,7,train,135,516,518.559677
50,7,train,136,572,571.667742
50,7,train,137,484,478.632258
50,7,train,138,595,595.206452
50,7,train,139,568,568.320968
50,7,train,140,640,628.069355
50,8,test,0,511,503.800000
50,8,test,1,601,647.100000
50,8,test,2,572,555.900000
50,8,test,3,475,524.800000
50,8,test,4,562,556.500000
50,8,test,5,617,642.200000
50,8,test,6,689,643.600000
50,8,test,7,591,560.800000
50,8,test,8,534,509.500000
50,8,test,9,624,631.300000
50,8,test,10,601,656.400000
50,8,test,11,568,548.900000
50,8,test,12,462,510.800000
50,8,test,13,473,601.700000
50,8,test,14,519,520.400000
50,8,test,15,595,577.300000
50,8,test,16,455,548.000000
50,8,test,17,555,541.500000
50,8,test,18,586,566.500000
50,8,test,19,525,514.300000
50,8,test,20,597,575.100000
50,8,test,21,617,636.800000
50,8,test,22,605,565.800000
50,8,test,23,528,536.900000
50,8,test,24,446,503.800000
50,8,test,25,476,491.800000
50,8,test,26,475,543.800000
50,8,test,27,612,593.800000
50,8,test,28,465,565.900000
50,8,test,29,583,615.800000
50,8,test,30,488,501.300000
50,8,test,31,431,514.900000
50,8,test,32,507,511.000000
50,8,test,33,606,555.600000
50,8,test,34,481,522.800000
50,8,test,35,526,532.000000
50,8,train,0,630,590.600000
50,8,train,1,510,508.300000
50,8,train,2,617,577.900000
50,8,train,3,577,560.400000
50,8,train,4,488,492.900000
50,8,train,5,506,528.400000
50,8,train,6,471,486.800000
50,8,train,7,505,504.300000
50,8,train,8,504,500.900000
50,8,train,9,484,488.300000
50,8,train,10,515,510.000000
50,8,train,11,557,559.100000
50,8,train,12,456,492.800000
50,8,train,13,487,493.200000
50,8,train,14,572,578.100000
50,8,train,15,630,622.900000
50,8,train,16,538,533.600000
50,8,train,17,608,616.000000
50,8,train,18,371,422.500000
50,8,train,19,580,596.700000
50,8,train,20,584,582.600000
50,8,train,21,580,580.200000
50,8,train,22,500,505.900000
50,8,train,23,623,602.500000
50,8,train,24,495,511.200000
50,8,train,25,561,553.000000
50,8,train,26,628,619.700000
50,8,train,27,492,490.600000
50,8,train,28,574,586.400000
50,8,train,29,472,493.100000
50,8,train,30,509,511.700000
50,8,train,31,480,470.400000
50,8,train,32,516,516.000000
50,8,train,33,637,631.800000
50,8,train,34,613,608.900000
50,8,train,35,608,588.400000
50,8,train,36,524,518.500000
50,8,train,37,519,517.200000
50,8,train,38,597,572.700000
50,8,train,39,606,601.900000
50,8,train,40,523,552.600000
50,8,train,41,488,493.700000
50,8,train,42,477,475.600000
50,8,train,43,456,459.400000
50,8,train,44,618,591.900000
50,8,train,45,509,513.000000
50,8,train,46,493,500.100000
50,8,train,47,575,581.800000
50,8,train,48,577,551.900000
50,8,train,49,501,496.500000
50,8,train,50,585,591.400000
50,8,train,51,596,589.800000
50,8,train,52,463,474.400000
50,8,train,53,649,647.100000
50,8,train,54,598,597.600000
50,8,train,55,693,663.100000
50,8,train,56,630,621.000000
50,8,train,57,508,508.900000
50,8,train,58,469,467.100000
50,8,train,59,472,489.300000
50,8,train,60,524,506.000000
50,8,train,61,545,545.700000
50,8,train,62,597,597.300000
50,8,train,63,543,518.000000
50,8,train,64,484,484.800000
50,8,train,65,525,526.000000
50,8,train,66,580,585.800000
50,8,train,67,522,519.600000
50,8,train,68,505,508.600000
50,8,train,69,504,496.800000
50,8,train,70,450,465.700000
50,8,train,71,478,490.200000
50,8,train,72,495,499.800000
50,8,train,73,624,625.400000
50,8,train,74,584,585.300000
50,8,train,75,459,529.300000
50,8,train,76,500,495.600000
50,8,train,77,594,589.300000
50,8,train,78,616,629.600000
50,8,train,79,541,534.700000
50,8,train,80,560,544.700000
50,8,train,81,644,639.900000
50,8,train,82,505,515.000000
50,8,train,83,494,491.600000
50,8,train,84,463,457.300000
50,8,train,85,648,656.000000
50,8,train,86,592,578.000000
50,8,train,87,464,467.400000
50,8,train,88,484,485.600000
50,8,train,89,504,501.700000
50,8,train,90,585,589.500000
50,8,train,91,645,595.400000
50,8,train,92,479,496.600000
50,8,train,93,578,570.200000
50,8,train,94,541,542.600000
50,8,train,95,455,486.300000
50,8,train,96,610,603.000000
50,8,train,97,577,567.100000
50,8,train,98,535,531.700000
50,8,train,99,507,517.000000
50,8,train,100,612,615.600000
50,8,train,101,670,656.100000
50,8,train,102,490,488.200000
50,8,train,103,572,565.600000
50,8,train,104,550,555.400000
50,8,train,105,485,507.600000
50,8,train,106,489,491.700000
50,8,train,107,502,504.100000
50,8,train,108,534,544.800000
50,8,train,109,524,533.900000
50,8,train,110,509,532.800000
50,8,train,111,640,643.600000
50,8,train,112,500,494.600000
50,8,train,113,605,598.000000
50,8,train,114,596,609.900000
50,8,train,115,644,641.200000
50,8,train,116,528,536.100000
50,8,train,117,482,487.500000
50,8,train,118,572,578.100000
50,8,train,119,460,472.900000
50,8,train,120,648,570.600000
50,8,train,121,442,459.000000
50,8,train,122,670,661.500000
50,8,train,123,522,522.000000
50,8,train,124,473,476.900000
50,8,train,125,464,472.600000
50,8,train,126,532,517.700000
50,8,train,127,507,499.300000
50,8,train,128,451,458.800000
50,8,train,129,479,489.000000
50,8,train,130,465,466.100000
50,8,train,131,456,462.500000
50,8,train,132,613,608.900000
50,8,train,133,466,464.500000
50,8,train,134,600,608.100000
50,8,train,135,516,516.000000
50,8,train,136,584,585.300000
50,8,train,137,500,504.100000
50,8,train,138,517,511.000000
50,8,train,139,522,522.000000
50,8,train,140,597,571.400000
50,9,test,0,507,538.345588
50,9,test,1,510,512.154412
50,9,test,2,648,615.718137
50,9,test,3,500,496.948529
50,9,test,4,606,556.235294
50,9,test,5,482,513.794118
50,9,test,6,605,563.593137
50,9,test,7,488,508.823529
50,9,test,8,585,602.151961
50,9,test,9,585,602.335784
50,9,test,10,640,663.355392
50,9,test,11,630,537.171569
50,9,test,12,586,553.990809
50,9,test,13,644,558.085784
50,9,test,14,505,508.705882
50,9,test,15,495,498.602941
50,9,test,16,560,519.965686
50,9,test,17,472,522.203431
50,9,test,18,543,518.250000
50,9,test,19,572,566.419118
50,9,test,20,577,558.909314
50,9,test,21,612,609.071078
50,9,test,22,550,526.622549
50,9,test,23,595,598.647059
50,9,test,24,459,519.713235
50,9,test,25,597,586.889706
50,9,test,26,509,512.928922
50,9,test,27,492,485.428922
50,9,test,28,616,615.424020
50,9,test,29,591,551.830882
50,9,test,30,477,487.985294
50,9,test,31,500,513.357108
50,9,test,32,608,605.497549
50,9,test,33,371,482.073529
50,9,test,34,644,590.833333
50,9,test,35,504,497.144608
50,9,train,0,475,481.867647
50,9,train,1,528,524.928922
50,9,train,2,592,588.024510
50,9,train,3,541,544.505515
50,9,train,4,568,566.463235
50,9,train,5,535,527.678922
50,9,train,6,617,591.514706
50,9,train,7,524,515.583333
50,9,train,8,485,513.034314
50,9,train,9,456,466.708333
50,9,train,10,613,606.919118
50,9,train,11,472,493.803922
50,9,train,12,596,600.455882
50,9,train,13,471,481.553922
50,9,train,14,507,513.164216
50,9,train,15,525,516.303922
50,9,train,16,484,477.598039
50,9,train,17,606,596.661765
50,9,train,18,557,571.450980
50,9,train,19,562,558.007353
50,9,train,20,473,484.995098
50,9,train,21,473,497.455882
50,9,train,22,572,570.671569
50,9,train,23,598,587.681373
50,9,train,24,522,519.563725
50,9,train,25,584,579.526961
50,9,train,26,484,483.950980
50,9,train,27,610,601.700980
50,9,train,28,509,511.833333
50,9,train,29,628,612.894608
50,9,train,30,538,542.726103
50,9,train,31,511,509.497549
50,9,train,32,450,460.504902
50,9,train,33,500,504.422672
50,9,train,34,528,524.022059
50,9,train,35,612,602.460784
50,9,train,36,597,586.281863
50,9,train,37,541,538.409314
50,9,train,38,431,459.678922
50,9,train,39,584,582.715686
50,9,train,40,577,569.178922
50,9,train,41,478,495.316176
50,9,train,42,617,616.431373
50,9,train,43,500,495.590686
50,9,train,44,522,519.306373
50,9,train,45,649,633.164216
50,9,train,46,524,520.406863
50,9,train,47,494,488.272059
50,9,train,48,577,560.213235
50,9,train,49,487,488.242647
50,9,train,50,488,497.678922
50,9,train,51,584,581.602941
50,9,train,52,479,492.291667
50,9,train,53,465,491.821078
50,9,train,54,583,573.526961
50,9,train,55,613,606.365196
50,9,train,56,466,467.754902
50,9,train,57,670,660.316176
50,9,train,58,637,622.176471
50,9,train,59,630,630.318627
50,9,train,60,517,513.214951
50,9,train,61,455,481.539216
50,9,train,62,505,507.001103
50,9,train,63,578,579.340686
50,9,train,64,505,500.360294
50,9,train,65,624,617.882353
50,9,train,66,618,601.625000
50,9,train,67,605,603.159314
50,9,train,68,462,478.122549
50,9,train,69,501,497.968137
50,9,train,70,460,501.196078
50,9,train,71,534,526.485294
50,9,train,72,515,510.813725
50,9,train,73,617,616.708333
50,9,train,74,545,541.281863
50,9,train,75,508,507.445343
50,9,train,76,597,590.122549
50,9,train,77,489,492.995098
50,9,train,78,600,592.352941
50,9,train,79,481,497.166667
50,9,train,80,575,570.036765
50,9,train,81,623,607.492647
50,9,train,82,580,580.450980
50,9,train,83,608,595.355392
50,9,train,84,479,486.460784
50,9,train,85,469,473.950980
50,9,train,86,464,477.622549
50,9,train,87,670,660.252451
50,9,train,88,597,586.367647
50,9,train,89,580,582.487745
50,9,train,90,509,520.732843
50,9,train,91,572,569.132353
50,9,train,92,594,588.838235
50,9,train,93,456,462.968137
50,9,train,94,465,467.877451
50,9,train,95,451,458.517157
50,9,train,96,574,569.928922
50,9,train,97,475,481.671569
50,9,train,98,493,496.049020
50,9,train,99,476,481.990196
50,9,train,100,484,485.750000
50,9,train,101,693,653.519608
50,9,train,102,463,466.664216
50,9,train,103,507,509.440441
50,9,train,104,504,499.414216
50,9,train,105,506,527.399510
50,9,train,106,624,613.732843
50,9,train,107,630,630.311275
50,9,train,108,555,551.015319
50,9,train,109,504,508.823529
50,9,train,110,524,521.970588
50,9,train,111,490,493.198529
50,9,train,112,523,522.088235
50,9,train,113,463,478.747549
50,9,train,114,516,516.514706
50,9,train,115,580,578.514706
50,9,train,116,601,612.370098
50,9,train,117,532,522.610907
50,9,train,118,596,587.855392
50,9,train,119,525,521.017157
50,9,train,120,464,481.174020
50,9,train,121,519,522.536765
50,9,train,122,648,602.227941
50,9,train,123,495,511.137255
50,9,train,124,645,612.137255
50,9,train,125,522,516.973039
50,9,train,126,480,481.335784
50,9,train,127,456,491.602941
50,9,train,128,488,494.460784
50,9,train,129,572,571.230392
50,9,train,130,526,522.223039
50,9,train,131,601,601.017157
50,9,train,132,442,455.088235
50,9,train,133,561,534.036765
50,9,train,134,455,478.428922
50,9,train,135,502,504.598529
50,9,train,136,446,461.387255
50,9,train,137,534,530.323529
50,9,train,138,689,663.938725
50,9,train,139,516,518.245098
50,9,train,140,519,514.490686
50,10,test,0,557,589.981077
50,10,test,1,572,564.420306
50,10,test,2,507,529.404658
50,10,test,3,510,510.336245
50,10,test,4,534,536.781659
50,10,test,5,613,595.455604
50,10,test,6,526,515.055313
50,10,test,7,616,627.391557
50,10,test,8,462,500.662300
50,10,test,9,577,548.617176
50,10,test,10,525,529.363901
50,10,test,11,509,550.681223
50,10,test,12,472,540.211063
50,10,test,13,464,504.981077
50,10,test,14,572,557.275109
50,10,test,15,442,504.174672
50,10,test,16,584,583.874818
50,10,test,17,524,504.666667
50,10,test,18,469,480.165939
50,10,test,19,506,555.573508
50,10,test,20,475,495.937409
50,10,test,21,481,510.959243
50,10,test,22,610,588.960699
50,10,test,23,580,563.985444
50,10,test,24,595,589.129549
50,10,test,25,500,509.233867
50,10,test,26,592,591.224163
50,10,test,27,517,506.038816
50,10,test,28,456,507.426492
50,10,test,29,488,505.387191
50,10,test,30,543,512.812227
50,10,test,31,524,512.525473
50,10,test,32,612,597.117904
50,10,test,33,504,502.061135
50,10,test,34,522,509.723435
50,10,test,35,591,554.877365
50,10,train,0,584,582.190684
50,10,train,1,572,570.105895
50,10,train,2,693,654.512373
50,10,train,3,466,470.053857
50,10,train,4,583,586.177584
50,10,train,5,535,529.404658
50,10,train,6,640,648.279476
50,10,train,7,490,499.577875
50,10,train,8,523,523.314410
50,10,train,9,630,629.023290
50,10,train,10,504,503.259098
50,10,train,11,489,493.739447
50,10,train,12,630,629.174672
50,10,train,13,606,598.212518
50,10,train,14,446,463.588064
50,10,train,15,645,613.184862
50,10,train,16,505,505.774381
50,10,train,17,584,580.681223
50,10,train,18,601,610.628821
50,10,train,19,505,501.682678
50,10,train,20,541,548.055313
50,10,train,21,456,463.935953
50,10,train,22,528,523.985444
50,10,train,23,644,612.918486
50,10,train,24,624,614.991266
50,10,train,25,371,412.101892
50,10,train,26,689,666.544396
50,10,train,27,494,492.406114
50,10,train,28,484,484.617176
50,10,train,29,585,586.496361
50,10,train,30,471,482.499272
50,10,train,31,493,496.618632
50,10,train,32,484,486.033479
50,10,train,33,670,662.554585
50,10,train,34,608,593.538574
50,10,train,35,624,618.978166
50,10,train,36,522,519.960699
50,10,train,37,600,594.566230
50,10,train,38,568,566.315866
50,10,train,39,596,598.199418
50,10,train,40,572,559.577875
50,10,train,41,492,490.659389
50,10,train,42,644,629.349345
50,10,train,43,460,492.039301
50,10,train,44,541,547.289665
50,10,train,45,580,587.687045
50,10,train,46,475,486.481805
50,10,train,47,473,507.474527
50,10,train,48,511,508.925764
50,10,train,49,618,606.135371
50,10,train,50,648,636.730713
50,10,train,51,488,502.061135
50,10,train,52,623,605.521106
50,10,train,53,628,616.962154
50,10,train,54,598,589.109170
50,10,train,55,500,503.475497
50,10,train,56,580,581.518195
50,10,train,57,487,488.671033
50,10,train,58,473,482.639010
50,10,train,59,479,485.315866
50,10,train,60,596,587.151383
50,10,train,61,500,501.836972
50,10,train,62,495,507.387191
50,10,train,63,505,506.227074
50,10,train,64,561,539.885007
50,10,train,65,613,597.184862
50,10,train,66,459,490.436681
50,10,train,67,509,510.965066
50,10,train,68,597,588.564774
50,10,train,69,508,506.904901
50,10,train,70,507,506.278991
50,10,train,71,516,516.820961
50,10,train,72,574,575.778748
50,10,train,73,534,527.110626
50,10,train,74,451,462.088792
50,10,train,75,597,586.766739
50,10,train,76,562,553.915575
50,10,train,77,617,588.362445
50,10,train,78,519,523.765648
50,10,train,79,555,551.110626
50,10,train,80,463,466.873362
50,10,train,81,608,608.400291
50,10,train,82,456,488.911208
50,10,train,83,597,592.714702
50,10,train,84,597,592.771470
50,10,train,85,524,520.506550
50,10,train,86,577,571.477438
50,10,train,87,501,500.362445
50,10,train,88,450,460.630277
50,10,train,89,594,598.163028
50,10,train,90,605,590.982533
50,10,train,91,577,565.724891
50,10,train,92,478,497.266376
50,10,train,93,605,599.154294
50,10,train,94,515,510.876274
50,10,train,95,532,524.218341
50,10,train,96,649,631.377001
50,10,train,97,504,500.026201
50,10,train,98,509,511.868996
50,10,train,99,484,478.470160
50,10,train,100,522,520.924309
50,10,train,101,648,595.767103
50,10,train,102,586,575.317322
50,10,train,103,578,579.279476
50,10,train,104,465,494.164483
50,10,train,105,612,611.055313
50,10,train,106,455,480.671033
50,10,train,107,477,482.179039
50,10,train,108,585,587.289665
50,10,train,109,630,592.841339
50,10,train,110,670,662.705968
50,10,train,111,516,518.755459
50,10,train,112,463,450.509461
50,10,train,113,519,514.395924
50,10,train,114,507,518.478894
50,10,train,115,525,520.612809
50,10,train,116,482,496.847162
50,10,train,117,488,493.873362
50,10,train,118,637,621.414847
50,10,train,119,480,495.761281
50,10,train,120,606,591.639010
50,10,train,121,485,513.526929
50,10,train,122,617,617.496361
50,10,train,123,560,542.893741
50,10,train,124,464,477.430859
50,10,train,125,617,617.352256
50,10,train,126,545,547.291121
50,10,train,127,465,468.588064
50,10,train,128,601,609.312955
50,10,train,129,538,541.034934
50,10,train,130,495,497.128093
50,10,train,131,472,495.793304
50,10,train,132,431,463.234352
50,10,train,133,500,495.839884
50,10,train,134,476,483.663755
50,10,train,135,479,495.672489
50,10,train,136,575,573.269287
50,10,train,137,455,475.691412
50,10,train,138,550,545.103348
50,10,train,139,502,504.496361
50,10,train,140,528,520.168850
100,1,test,0,584,580.759494
100,1,test,1,510,507.531646
100,1,test,2,525,513.265823
100,1,test,3,557,595.620253
100,1,test,4,596,602.164557
100,1,test,5,528,517.088608
100,1,test,6,645,563.708861
100,1,test,7,460,554.443038
100,1,test,8,572,567.556962
100,1,test,9,509,510.392405
100,1,test,10,577,550.620253
100,1,test,11,555,537.101266
100,1,test,12,485,545.291139
100,1,test,13,580,574.063291
100,1,test,14,456,473.455696
100,1,test,15,597,560.784810
100,1,test,16,484,507.379747
100,1,test,17,584,568.645570
100,1,test,18,502,511.767089
100,1,test,19,612,599.506329
100,1,test,20,644,589.215190
100,1,test,21,501,497.202532
100,1,test,22,462,506.000000
100,1,test,23,495,498.215190
100,1,test,24,601,600.139241
100,1,test,25,613,577.569620
100,1,test,26,610,584.139241
100,1,test,27,580,603.227848
100,1,test,28,545,540.177215
100,1,test,29,469,482.962025
100,1,test,30,479,490.151899
100,1,test,31,478,515.873418
100,1,test,32,446,517.835443
100,1,test,33,463,478.835443
100,1,test,34,613,576.151899
100,1,test,35,572,569.746835
100,1,train,0,572,568.278481
100,1,train,1,524,525.392405
100,1,train,2,575,572.113924
100,1,train,3,600,594.746835
100,1,train,4,560,537.582278
100,1,train,5,442,457.088608
100,1,train,6,451,467.265823
100,1,train,7,616,621.493671
100,1,train,8,534,526.620253
100,1,train,9,608,609.075949
100,1,train,10,489,493.177215
100,1,train,11,637,617.518987
100,1,train,12,648,610.911392
100,1,train,13,523,521.658228
100,1,train,14,519,513.459675
100,1,train,15,524,519.493671
100,1,train,16,500,497.569620
100,1,train,17,495,514.898734
100,1,train,18,585,585.898734
100,1,train,19,509,509.974684
100,1,train,20,577,567.797468
100,1,train,21,479,491.632911
100,1,train,22,504,507.481013
100,1,train,23,509,529.873418
100,1,train,24,606,592.417722
100,1,train,25,605,592.379747
100,1,train,26,484,486.746835
100,1,train,27,488,492.227848
100,1,train,28,630,625.683544
100,1,train,29,507,525.227848
100,1,train,30,522,518.417722
100,1,train,31,628,619.746835
100,1,train,32,522,519.265823
100,1,train,33,578,578.443038
100,1,train,34,640,644.594937
100,1,train,35,618,599.417722
100,1,train,36,431,462.037975
100,1,train,37,649,631.025316
100,1,train,38,526,522.101266
100,1,train,39,535,525.291139
100,1,train,40,507,508.156932
100,1,train,41,541,546.873418
100,1,train,42,612,609.860759
100,1,train,43,617,581.278481
100,1,train,44,459,497.607595
100,1,train,45,597,590.379747
100,1,train,46,538,537.772152
100,1,train,47,508,506.774020
100,1,train,48,525,523.037975
100,1,train,49,455,465.886076
100,1,train,50,472,496.278481
100,1,train,51,596,571.291139
100,1,train,52,617,616.088608
100,1,train,53,623,606.367089
100,1,train,54,594,595.075949
100,1,train,55,480,484.000000
100,1,train,56,504,498.291139
100,1,train,57,516,516.936709
100,1,train,58,541,539.316456
100,1,train,59,505,505.376130
100,1,train,60,515,513.025316
100,1,train,61,522,516.202532
100,1,train,62,506,525.303797
100,1,train,63,577,563.000000
100,1,train,64,574,572.784810
100,1,train,65,624,611.379747
100,1,train,66,543,531.405063
100,1,train,67,644,617.544304
100,1,train,68,584,580.468354
100,1,train,69,500,501.835443
100,1,train,70,689,664.367089
100,1,train,71,586,571.379747
100,1,train,72,617,615.278481
100,1,train,73,473,501.240506
100,1,train,74,572,567.139241
100,1,train,75,595,582.658228
100,1,train,76,528,527.493671
100,1,train,77,492,493.350211
100,1,train,78,516,516.113924
100,1,train,79,473,472.063291
100,1,train,80,505,506.316456
100,1,train,81,534,521.088608
100,1,train,82,630,626.759494
100,1,train,83,670,660.898734
100,1,train,84,598,580.556962
100,1,train,85,488,499.810127
100,1,train,86,481,485.354430
100,1,train,87,455,478.177215
100,1,train,88,550,544.215190
100,1,train,89,505,501.126582
100,1,train,90,608,592.658228
100,1,train,91,482,486.253165
100,1,train,92,466,476.189873
100,1,train,93,471,488.455696
100,1,train,94,624,610.278481
100,1,train,95,591,582.316456
100,1,train,96,488,497.860759
100,1,train,97,606,594.012658
100,1,train,98,693,644.025316
100,1,train,99,475,475.886076
100,1,train,100,484,485.278481
100,1,train,101,580,583.696203
100,1,train,102,511,511.101266
100,1,train,103,562,555.088608
100,1,train,104,630,598.443038
100,1,train,105,583,584.873418
100,1,train,106,465,476.000000
100,1,train,107,524,518.379747
100,1,train,108,472,481.354430
100,1,train,109,456,466.151899
100,1,train,110,456,489.443038
100,1,train,111,475,482.341772
100,1,train,112,465,487.392405
100,1,train,113,561,538.810127
100,1,train,114,464,471.924051
100,1,train,115,490,492.734177
100,1,train,116,450,471.240506
100,1,train,117,601,610.468354
100,1,train,118,463,444.974684
100,1,train,119,670,661.405063
100,1,train,120,597,589.518987
100,1,train,121,592,588.822785
100,1,train,122,597,593.721519
100,1,train,123,371,410.101266
100,1,train,124,500,503.784810
100,1,train,125,476,479.632911
100,1,train,126,464,484.936709
100,1,train,127,494,494.286920
100,1,train,128,585,583.962025
100,1,train,129,507,513.265823
100,1,train,130,568,568.620253
100,1,train,131,500,504.941742
100,1,train,132,605,609.721519
100,1,train,133,519,524.886076
100,1,train,134,504,500.177215
100,1,train,135,487,489.531646
100,1,train,136,517,512.460729
100,1,train,137,532,523.810127
100,1,train,138,493,495.594937
100,1,train,139,477,482.949367
100,1,train,140,648,636.620253
100,2,test,0,495,541.561205
100,2,test,1,473,561.327684
100,2,test,2,618,575.218456
100,2,test,3,568,573.207156
100,2,test,4,584,565.870056
100,2,test,5,507,550.120527
100,2,test,6,455,539.566855
100,2,test,7,543,501.194601
100,2,test,8,597,569.828625
100,2,test,9,600,593.531073
100,2,test,10,524,511.342750
100,2,test,11,475,492.346516
100,2,test,12,459,538.758945
100,2,test,13,500,511.038293
100,2,test,14,689,627.286252
100,2,test,15,606,561.636535
100,2,test,16,580,563.056497
100,2,test,17,541,566.158192
100,2,test,18,580,597.612053
100,2,test,19,476,493.548441
100,2,test,20,617,530.145009
100,2,test,21,628,598.677966
100,2,test,22,509,514.476460
100,2,test,23,509,515.459510
100,2,test,24,463,484.382298
100,2,test,25,596,602.037665
100,2,test,26,522,516.291902
100,2,test,27,608,572.485876
100,2,test,28,560,513.679849
100,2,test,29,693,588.048964
100,2,test,30,517,505.841871
100,2,test,31,455,534.314501
100,2,test,32,446,498.002511
100,2,test,33,534,508.960452
100,2,test,34,577,562.574388
100,2,test,35,575,562.723164
100,2,train,0,528,518.067797
100,2,train,1,645,614.022599
100,2,train,2,585,590.593220
100,2,train,3,516,516.751412
100,2,train,4,479,488.146683
100,2,train,5,473,472.801318
100,2,train,6,487,489.276836
100,2,train,7,460,498.163842
100,2,train,8,500,498.312618
100,2,train,9,596,587.372881
100,2,train,10,519,522.486817
100,2,train,11,608,603.971751
100,2,train,12,492,490.913999
100,2,train,13,509,532.248588
100,2,train,14,479,491.969868
100,2,train,15,505,505.947897
100,2,train,16,466,470.783427
100,2,train,17,613,608.239171
100,2,train,18,630,627.864407
100,2,train,19,511,511.228500
100,2,train,20,478,491.327684
100,2,train,21,465,488.860640
100,2,train,22,605,595.811676
100,2,train,23,524,520.228500
100,2,train,24,515,513.516008
100,2,train,25,477,482.214689
100,2,train,26,494,492.241682
100,2,train,27,577,560.653484
100,2,train,28,488,500.610169
100,2,train,29,578,566.212806
100,2,train,30,484,489.173886
100,2,train,31,465,469.583804
100,2,train,32,480,485.190207
100,2,train,33,538,545.659134
100,2,train,34,586,575.813559
100,2,train,35,532,521.942561
100,2,train,36,598,575.719397
100,2,train,37,670,661.382298
100,2,train,38,507,512.455744
100,2,train,39,505,508.849341
100,2,train,40,500,502.212806
100,2,train,41,519,515.348085
100,2,train,42,525,522.875706
100,2,train,43,630,599.175141
100,2,train,44,508,506.202448
100,2,train,45,605,590.813559
100,2,train,46,442,459.514124
100,2,train,47,482,490.408663
100,2,train,48,484,487.586315
100,2,train,49,464,477.905838
100,2,train,50,451,461.764595
100,2,train,51,371,408.433145
100,2,train,52,524,519.717514
100,2,train,53,535,525.337100
100,2,train,54,472,491.559322
100,2,train,55,545,547.709981
100,2,train,56,572,572.853107
100,2,train,57,617,617.030132
100,2,train,58,649,627.372881
100,2,train,59,504,500.555346
100,2,train,60,463,448.570621
100,2,train,61,456,492.659134
100,2,train,62,601,609.188324
100,2,train,63,630,628.802260
100,2,train,64,572,571.516008
100,2,train,65,597,593.969868
100,2,train,66,648,598.849969
100,2,train,67,613,608.297552
100,2,train,68,500,503.005712
100,2,train,69,502,506.182360
100,2,train,70,464,480.548023
100,2,train,71,489,493.408663
100,2,train,72,504,499.890772
100,2,train,73,592,590.455744
100,2,train,74,475,489.261770
100,2,train,75,505,500.256121
100,2,train,76,534,525.224105
100,2,train,77,525,519.404896
100,2,train,78,481,490.689266
100,2,train,79,670,662.252354
100,2,train,80,612,602.958569
100,2,train,81,585,589.314501
100,2,train,82,528,539.429379
100,2,train,83,456,464.581921
100,2,train,84,574,573.225989
100,2,train,85,601,607.753296
100,2,train,86,577,567.111111
100,2,train,87,488,494.901862
100,2,train,88,472,496.060891
100,2,train,89,456,463.436911
100,2,train,90,591,578.033898
100,2,train,91,624,616.608286
100,2,train,92,431,459.647834
100,2,train,93,597,594.365348
100,2,train,94,584,581.853107
100,2,train,95,469,473.843691
100,2,train,96,522,516.109228
100,2,train,97,495,497.915045
100,2,train,98,526,520.898305
100,2,train,99,640,629.534840
100,2,train,100,616,620.672316
100,2,train,101,580,580.561205
100,2,train,102,623,591.794727
100,2,train,103,507,505.969931
100,2,train,104,597,591.160075
100,2,train,105,624,612.568738
100,2,train,106,471,488.532957
100,2,train,107,506,521.779661
100,2,train,108,583,580.052731
100,2,train,109,504,499.051475
100,2,train,110,594,584.254237
100,2,train,111,617,618.048964
100,2,train,112,557,567.271186
100,2,train,113,595,597.389831
100,2,train,114,488,492.241055
100,2,train,115,523,525.785311
100,2,train,116,637,622.499058
100,2,train,117,644,615.316384
100,2,train,118,572,570.911488
100,2,train,119,644,625.854991
100,2,train,120,485,512.753296
100,2,train,121,555,553.992467
100,2,train,122,572,571.429379
100,2,train,123,648,637.101695
100,2,train,124,510,509.470810
100,2,train,125,522,515.845574
100,2,train,126,484,485.219083
100,2,train,127,612,610.830508
100,2,train,128,490,492.920904
100,2,train,129,610,604.419962
100,2,train,130,462,473.312618
100,2,train,131,584,582.024482
100,2,train,132,541,536.636535
100,2,train,133,450,475.340866
100,2,train,134,516,515.274953
100,2,train,135,501,502.427286
100,2,train,136,606,596.870056
100,2,train,137,561,536.877589
100,2,train,138,493,493.986608
100,2,train,139,550,550.357815
100,2,train,140,562,550.858757
100,3,test,0,601,603.550725
100,3,test,1,596,598.710145
100,3,test,2,574,555.231884
100,3,test,3,466,494.159420
100,3,test,4,482,498.333333
100,3,test,5,473,551.057971
100,3,test,6,594,573.347826
100,3,test,7,493,498.579710
100,3,test,8,524,502.927536
100,3,test,9,644,573.188406
100,3,test,10,455,522.173913
100,3,test,11,475,487.536232
100,3,test,12,505,489.014493
100,3,test,13,612,580.826087
100,3,test,14,644,592.449275
100,3,test,15,459,526.739130
100,3,test,16,597,581.507246
100,3,test,17,550,544.492754
100,3,test,18,524,511.260870
100,3,test,19,506,569.768116
100,3,test,20,523,524.594203
100,3,test,21,500,504.364734
100,3,test,22,568,568.115942
100,3,test,23,640,661.217391
100,3,test,24,605,590.318841
100,3,test,25,465,476.318841
100,3,test,26,610,595.086957
100,3,test,27,608,576.043478
100,3,test,28,585,590.057971
100,3,test,29,584,566.043478
100,3,test,30,597,548.840580
100,3,test,31,555,540.521739
100,3,test,32,507,512.596618
100,3,test,33,670,642.101449
100,3,test,34,598,553.275362
100,3,test,35,617,536.028986
100,3,train,0,580,571.898551
100,3,train,1,595,595.202899
100,3,train,2,612,612.652174
100,3,train,3,463,446.333333
100,3,train,4,463,466.376812
100,3,train,5,541,556.739130
100,3,train,6,617,617.405797
100,3,train,7,572,572.927536
100,3,train,8,525,512.652174
100,3,train,9,495,507.869565
100,3,train,10,460,488.971014
100,3,train,11,693,656.217391
100,3,train,12,484,477.840580
100,3,train,13,495,497.927536
100,3,train,14,472,489.927536
100,3,train,15,623,612.391304
100,3,train,16,586,569.797101
100,3,train,17,488,492.333333
100,3,train,18,519,514.582126
100,3,train,19,585,586.420290
100,3,train,20,670,643.840580
100,3,train,21,630,626.115942
100,3,train,22,465,496.159420
100,3,train,23,618,608.144928
100,3,train,24,606,595.449275
100,3,train,25,572,574.666667
100,3,train,26,561,537.913043
100,3,train,27,605,589.057971
100,3,train,28,504,504.695652
100,3,train,29,473,472.231884
100,3,train,30,528,514.652174
100,3,train,31,490,491.652174
100,3,train,32,500,505.987923
100,3,train,33,649,638.594203
100,3,train,34,522,522.202899
100,3,train,35,628,616.811594
100,3,train,36,584,572.159420
100,3,train,37,455,480.971014
100,3,train,38,597,582.840580
100,3,train,39,516,514.768116
100,3,train,40,515,513.623188
100,3,train,41,525,520.782609
100,3,train,42,484,485.246377
100,3,train,43,502,505.514493
100,3,train,44,592,595.014493
100,3,train,45,488,499.884058
100,3,train,46,645,605.739130
100,3,train,47,577,559.391304
100,3,train,48,577,561.898551
100,3,train,49,476,480.884058
100,3,train,50,500,500.942029
100,3,train,51,481,489.797101
100,3,train,52,528,523.797101
100,3,train,53,494,491.521739
100,3,train,54,456,488.376812
100,3,train,55,580,588.463768
100,3,train,56,616,619.811594
100,3,train,57,534,532.318841
100,3,train,58,431,455.028986
100,3,train,59,606,589.811594
100,3,train,60,532,523.842995
100,3,train,61,477,482.260870
100,3,train,62,442,464.202899
100,3,train,63,451,471.594203
100,3,train,64,608,601.376812
100,3,train,65,479,485.623188
100,3,train,66,578,559.985507
100,3,train,67,464,480.173913
100,3,train,68,478,488.652174
100,3,train,69,624,605.391304
100,3,train,70,517,512.640097
100,3,train,71,464,479.855072
100,3,train,72,600,598.260870
100,3,train,73,630,589.550725
100,3,train,74,504,500.942029
100,3,train,75,507,525.768116
100,3,train,76,584,567.405797
100,3,train,77,597,582.072464
100,3,train,78,472,492.434783
100,3,train,79,501,501.434783
100,3,train,80,508,506.072464
100,3,train,81,456,464.391304
100,3,train,82,583,583.666667
100,3,train,83,624,619.782609
100,3,train,84,471,489.985507
100,3,train,85,545,545.275362
100,3,train,86,572,574.666667
100,3,train,87,630,623.652174
100,3,train,88,617,616.840580
100,3,train,89,522,519.434783
100,3,train,90,543,524.492754
100,3,train,91,504,498.913043
100,3,train,92,562,549.246377
100,3,train,93,526,521.681159
100,3,train,94,613,608.884058
100,3,train,95,475,489.217391
100,3,train,96,575,554.652174
100,3,train,97,462,477.115942
100,3,train,98,510,506.913043
100,3,train,99,648,595.347826
100,3,train,100,601,611.478261
100,3,train,101,560,546.942029
100,3,train,102,488,500.985507
100,3,train,103,577,570.898551
100,3,train,104,505,506.422705
100,3,train,105,580,575.405797
100,3,train,106,509,511.666667
100,3,train,107,507,513.217391
100,3,train,108,648,639.028986
100,3,train,109,487,489.942029
100,3,train,110,479,489.304348
100,3,train,111,637,614.507246
100,3,train,112,450,460.057971
100,3,train,113,480,489.884058
100,3,train,114,689,671.304348
100,3,train,115,613,608.884058
100,3,train,116,469,480.289855
100,3,train,117,516,514.855072
100,3,train,118,557,558.318841
100,3,train,119,572,572.927536
100,3,train,120,519,522.326087
100,3,train,121,456,469.666667
100,3,train,122,541,545.202899
100,3,train,123,509,520.898551
100,3,train,124,446,461.362319
100,3,train,125,489,489.652174
100,3,train,126,591,578.434783
100,3,train,127,371,397.333333
100,3,train,128,522,521.782609
100,3,train,129,484,483.565217
100,3,train,130,596,583.521739
100,3,train,131,492,490.478261
100,3,train,132,505,507.637681
100,3,train,133,524,521.304348
100,3,train,134,485,520.913043
100,3,train,135,500,499.594203
100,3,train,136,535,526.956522
100,3,train,137,538,540.637681
100,3,train,138,511,510.782609
100,3,train,139,534,515.057971
100,3,train,140,509,511.753623
100,4,test,0,541,525.391705
100,4,test,1,463,517.507077
100,4,test,2,460,554.237788
100,4,test,3,628,599.161290
100,4,test,4,489,504.464286
100,4,test,5,476,488.971198
100,4,test,6,591,571.309908
100,4,test,7,504,494.198157
100,4,test,8,475,500.132488
100,4,test,9,488,496.539171
100,4,test,10,572,560.372811
100,4,test,11,648,521.328341
100,4,test,12,524,543.085253
100,4,test,13,618,536.237327
100,4,test,14,637,593.690092
100,4,test,15,522,506.812212
100,4,test,16,600,590.251152
100,4,test,17,572,559.526037
100,4,test,18,522,507.536866
100,4,test,19,484,486.397465
100,4,test,20,572,570.877880
100,4,test,21,623,534.872120
100,4,test,22,479,522.542627
100,4,test,23,504,518.755760
100,4,test,24,459,534.220046
100,4,test,25,517,505.926643
100,4,test,26,557,585.656682
100,4,test,27,516,520.683180
100,4,test,28,371,517.875741
100,4,test,29,473,514.703917
100,4,test,30,610,588.399770
100,4,test,31,525,510.086406
100,4,test,32,495,539.089171
100,4,test,33,575,579.956221
100,4,test,34,488,537.498848
100,4,test,35,464,495.799539
100,4,train,0,545,541.020737
100,4,train,1,525,519.750000
100,4,train,2,541,551.838710
100,4,train,3,617,587.255760
100,4,train,4,500,503.105983
100,4,train,5,580,583.849078
100,4,train,6,693,655.463134
100,4,train,7,464,480.258065
100,4,train,8,451,461.675115
100,4,train,9,463,469.004608
100,4,train,10,585,587.290323
100,4,train,11,477,487.129032
100,4,train,12,568,554.063364
100,4,train,13,500,502.059908
100,4,train,14,522,516.014977
100,4,train,15,585,588.528802
100,4,train,16,613,607.184332
100,4,train,17,577,570.169816
100,4,train,18,577,572.725115
100,4,train,19,505,504.415899
100,4,train,20,584,582.355991
100,4,train,21,509,508.001152
100,4,train,22,488,491.178571
100,4,train,23,508,506.431328
100,4,train,24,574,574.923963
100,4,train,25,479,484.900922
100,4,train,26,630,628.633641
100,4,train,27,605,599.065668
100,4,train,28,617,618.428571
100,4,train,29,608,590.220046
100,4,train,30,507,505.983095
100,4,train,31,505,505.862903
100,4,train,32,597,594.711982
100,4,train,33,507,512.367512
100,4,train,34,645,615.985023
100,4,train,35,455,478.004608
100,4,train,36,515,514.376728
100,4,train,37,584,577.857143
100,4,train,38,597,585.813364
100,4,train,39,446,465.463134
100,4,train,40,580,581.449309
100,4,train,41,594,589.421659
100,4,train,42,455,476.520737
100,4,train,43,471,486.729263
100,4,train,44,482,491.400922
100,4,train,45,506,524.010369
100,4,train,46,478,497.561060
100,4,train,47,490,494.067972
100,4,train,48,450,461.470046
100,4,train,49,577,565.547696
100,4,train,50,500,503.207373
100,4,train,51,507,529.419355
100,4,train,52,550,548.684793
100,4,train,53,670,663.373272
100,4,train,54,606,597.315668
100,4,train,55,456,467.261521
100,4,train,56,586,573.373272
100,4,train,57,469,474.753456
100,4,train,58,543,527.573733
100,4,train,59,456,491.437788
100,4,train,60,595,589.778802
100,4,train,61,596,590.346774
100,4,train,62,598,588.567972
100,4,train,63,612,602.141705
100,4,train,64,510,508.014977
100,4,train,65,616,619.783410
100,4,train,66,528,524.177419
100,4,train,67,484,487.057604
100,4,train,68,689,666.707373
100,4,train,69,480,486.775346
100,4,train,70,592,590.078341
100,4,train,71,596,598.019585
100,4,train,72,528,536.258525
100,4,train,73,524,513.714286
100,4,train,74,605,589.049539
100,4,train,75,601,606.580645
100,4,train,76,612,608.608295
100,4,train,77,617,618.158986
100,4,train,78,494,491.797235
100,4,train,79,484,478.379032
100,4,train,80,502,508.189439
100,4,train,81,555,551.862903
100,4,train,82,534,526.534562
100,4,train,83,597,594.855991
100,4,train,84,562,558.949309
100,4,train,85,560,544.564516
100,4,train,86,640,644.835253
100,4,train,87,493,492.443548
100,4,train,88,648,637.292627
100,4,train,89,583,587.201613
100,4,train,90,472,488.529954
100,4,train,91,644,626.278802
100,4,train,92,485,511.250000
100,4,train,93,442,457.885945
100,4,train,94,578,572.583410
100,4,train,95,487,490.673963
100,4,train,96,613,607.390553
100,4,train,97,505,508.491935
100,4,train,98,524,521.853687
100,4,train,99,473,506.445853
100,4,train,100,501,498.816820
100,4,train,101,561,537.771889
100,4,train,102,504,503.370968
100,4,train,103,495,494.771889
100,4,train,104,462,480.403226
100,4,train,105,584,582.514977
100,4,train,106,670,663.230415
100,4,train,107,465,468.496544
100,4,train,108,456,463.115207
100,4,train,109,475,487.141705
100,4,train,110,481,491.945853
100,4,train,111,624,612.338710
100,4,train,112,431,457.237327
100,4,train,113,509,531.327189
100,4,train,114,580,570.100230
100,4,train,115,500,502.020737
100,4,train,116,630,598.080645
100,4,train,117,526,523.149770
100,4,train,118,534,526.352535
100,4,train,119,492,490.585253
100,4,train,120,535,525.432028
100,4,train,121,538,543.676267
100,4,train,122,511,513.488594
100,4,train,123,624,613.134793
100,4,train,124,519,515.048648
100,4,train,125,644,616.224654
100,4,train,126,608,602.520737
100,4,train,127,601,611.178571
100,4,train,128,465,488.591014
100,4,train,129,472,495.461982
100,4,train,130,509,508.761521
100,4,train,131,466,473.353687
100,4,train,132,572,568.725806
100,4,train,133,523,521.835253
100,4,train,134,532,522.066985
100,4,train,135,597,591.297696
100,4,train,136,630,629.353687
100,4,train,137,516,517.877880
100,4,train,138,519,524.527650
100,4,train,139,649,631.546083
100,4,train,140,606,589.692396
100,5,test,0,482,505.580357
100,5,test,1,601,617.366071
100,5,test,2,475,496.330357
100,5,test,3,605,564.562500
100,5,test,4,617,539.720982
100,5,test,5,465,541.651786
100,5,test,6,689,629.696429
100,5,test,7,616,632.437500
100,5,test,8,522,516.598214
100,5,test,9,500,513.905506
100,5,test,10,598,574.625000
100,5,test,11,560,548.357143
100,5,test,12,500,497.589286
100,5,test,13,594,569.339286
100,5,test,14,509,570.071429
100,5,test,15,568,566.919643
100,5,test,16,600,595.178571
100,5,test,17,580,568.910714
100,5,test,18,577,550.008929
100,5,test,19,535,511.375000
100,5,test,20,618,586.383929
100,5,test,21,534,538.660714
100,5,test,22,489,504.589286
100,5,test,23,617,622.857143
100,5,test,24,591,565.508929
100,5,test,25,456,546.401786
100,5,test,26,606,586.250000
100,5,test,27,605,601.401786
100,5,test,28,472,536.312500
100,5,test,29,516,519.428571
100,5,test,30,473,553.125000
100,5,test,31,504,496.236607
100,5,test,32,475,505.383929
100,5,test,33,505,508.662202
100,5,test,34,465,475.017857
100,5,test,35,596,601.008929
100,5,train,0,644,625.723214
100,5,train,1,541,542.410714
100,5,train,2,525,522.000000
100,5,train,3,670,661.901786
100,5,train,4,517,513.789435
100,5,train,5,480,491.937500
100,5,train,6,524,522.750000
100,5,train,7,463,450.392857
100,5,train,8,464,478.196429
100,5,train,9,511,512.225446
100,5,train,10,490,489.901786
100,5,train,11,495,510.464286
100,5,train,12,584,585.276786
100,5,train,13,597,589.946429
100,5,train,14,528,523.705357
100,5,train,15,597,594.392857
100,5,train,16,525,517.160714
100,5,train,17,371,412.910714
100,5,train,18,500,505.522321
100,5,train,19,488,493.464286
100,5,train,20,510,509.642857
100,5,train,21,459,492.294643
100,5,train,22,584,585.276786
100,5,train,23,550,541.491071
100,5,train,24,464,475.973214
100,5,train,25,577,561.750000
100,5,train,26,601,610.330357
100,5,train,27,534,522.750000
100,5,train,28,524,521.491071
100,5,train,29,578,571.035714
100,5,train,30,555,551.267857
100,5,train,31,630,628.000000
100,5,train,32,492,491.904762
100,5,train,33,479,492.687500
100,5,train,34,597,593.803571
100,5,train,35,505,506.053571
100,5,train,36,485,522.232143
100,5,train,37,462,482.312500
100,5,train,38,493,492.915179
100,5,train,39,580,570.732143
100,5,train,40,507,509.607143
100,5,train,41,584,578.491071
100,5,train,42,612,601.982143
100,5,train,43,487,496.312500
100,5,train,44,519,511.997768
100,5,train,45,456,466.241071
100,5,train,46,613,608.455357
100,5,train,47,557,565.339286
100,5,train,48,624,613.687500
100,5,train,49,561,539.937500
100,5,train,50,585,586.866071
100,5,train,51,501,501.741071
100,5,train,52,648,638.133929
100,5,train,53,572,569.392857
100,5,train,54,640,627.883929
100,5,train,55,431,459.214286
100,5,train,56,455,482.660714
100,5,train,57,476,481.285714
100,5,train,58,481,498.892857
100,5,train,59,606,589.642857
100,5,train,60,484,484.473214
100,5,train,61,505,504.839286
100,5,train,62,645,617.044643
100,5,train,63,456,468.901786
100,5,train,64,596,585.553571
100,5,train,65,543,530.464286
100,5,train,66,506,533.758929
100,5,train,67,488,492.883929
100,5,train,68,624,619.901786
100,5,train,69,526,522.419643
100,5,train,70,516,515.267857
100,5,train,71,507,519.053571
100,5,train,72,693,650.732143
100,5,train,73,442,454.732143
100,5,train,74,628,608.589286
100,5,train,75,574,573.294643
100,5,train,76,446,469.531250
100,5,train,77,500,503.866071
100,5,train,78,610,603.919643
100,5,train,79,477,480.080357
100,5,train,80,528,529.848214
100,5,train,81,504,507.937500
100,5,train,82,572,570.187500
100,5,train,83,460,492.803571
100,5,train,84,509,511.000000
100,5,train,85,545,541.580357
100,5,train,86,562,547.571429
100,5,train,87,613,608.455357
100,5,train,88,585,586.919643
100,5,train,89,637,626.839286
100,5,train,90,580,584.955357
100,5,train,91,484,481.245536
100,5,train,92,524,517.133929
100,5,train,93,572,571.116071
100,5,train,94,522,518.946429
100,5,train,95,595,596.500000
100,5,train,96,577,556.294643
100,5,train,97,466,472.321429
100,5,train,98,451,465.696429
100,5,train,99,617,621.955357
100,5,train,100,508,510.444196
100,5,train,101,488,498.455357
100,5,train,102,648,599.687500
100,5,train,103,484,486.839286
100,5,train,104,644,614.812500
100,5,train,105,592,595.848214
100,5,train,106,541,553.901786
100,5,train,107,612,615.553571
100,5,train,108,623,597.937500
100,5,train,109,522,515.500000
100,5,train,110,469,474.250000
100,5,train,111,507,509.950149
100,5,train,112,538,543.035714
100,5,train,113,523,537.044643
100,5,train,114,463,468.839286
100,5,train,115,649,629.821429
100,5,train,116,572,568.741071
100,5,train,117,519,520.031250
100,5,train,118,608,593.794643
100,5,train,119,509,509.910714
100,5,train,120,532,523.778274
100,5,train,121,583,589.732143
100,5,train,122,494,493.101190
100,5,train,123,502,507.854911
100,5,train,124,670,661.491071
100,5,train,125,630,595.794643
100,5,train,126,455,483.151786
100,5,train,127,608,605.241071
100,5,train,128,586,572.803571
100,5,train,129,471,492.642857
100,5,train,130,575,573.116071
100,5,train,131,473,471.598214
100,5,train,132,450,459.660714
100,5,train,133,478,503.392857
100,5,train,134,597,584.437500
100,5,train,135,479,487.571429
100,5,train,136,472,487.388393
100,5,train,137,495,494.415179
100,5,train,138,504,499.035714
100,5,train,139,515,512.169643
100,5,train,140,630,626.839286
100,6,test,0,493,496.912069
100,6,test,1,596,590.468966
100,6,test,2,509,513.682471
100,6,test,3,585,589.362069
100,6,test,4,525,512.113506
100,6,test,5,577,548.022414
100,6,test,6,500,506.069745
100,6,test,7,516,521.340230
100,6,test,8,617,616.322414
100,6,test,9,459,510.239655
100,6,test,10,630,533.981034
100,6,test,11,451,486.394828
100,6,test,12,516,519.909195
100,6,test,13,555,556.060345
100,6,test,14,644,594.341379
100,6,test,15,580,573.187931
100,6,test,16,541,565.427586
100,6,test,17,597,588.503448
100,6,test,18,489,501.766897
100,6,test,19,522,516.262069
100,6,test,20,464,507.318966
100,6,test,21,463,422.431034
100,6,test,22,584,577.365517
100,6,test,23,538,552.810345
100,6,test,24,644,557.517241
100,6,test,25,455,523.225862
100,6,test,26,484,499.065517
100,6,test,27,484,489.562069
100,6,test,28,476,496.981897
100,6,test,29,624,590.155172
100,6,test,30,481,503.067241
100,6,test,31,528,518.165517
100,6,test,32,463,476.617241
100,6,test,33,670,650.436207
100,6,test,34,613,598.998276
100,6,test,35,446,502.279310
100,6,train,0,560,544.568966
100,6,train,1,689,666.289655
100,6,train,2,371,421.187931
100,6,train,3,601,609.494828
100,6,train,4,492,492.208621
100,6,train,5,482,494.870690
100,6,train,6,648,634.377586
100,6,train,7,586,576.764943
100,6,train,8,442,461.561207
100,6,train,9,630,626.972414
100,6,train,10,473,503.691379
100,6,train,11,572,572.179310
100,6,train,12,630,626.455172
100,6,train,13,605,604.774138
100,6,train,14,624,617.909310
100,6,train,15,648,604.812069
100,6,train,16,506,529.937931
100,6,train,17,572,570.743103
100,6,train,18,628,617.220690
100,6,train,19,495,509.568966
100,6,train,20,572,570.422414
100,6,train,21,545,543.520115
100,6,train,22,465,472.020690
100,6,train,23,616,620.808621
100,6,train,24,507,523.517241
100,6,train,25,617,615.667241
100,6,train,26,478,497.800000
100,6,train,27,584,576.700000
100,6,train,28,510,508.785140
100,6,train,29,515,514.230542
100,6,train,30,605,592.186207
100,6,train,31,504,501.582759
100,6,train,32,608,605.374138
100,6,train,33,597,588.713793
100,6,train,34,594,585.193103
100,6,train,35,472,494.534483
100,6,train,36,572,572.689655
100,6,train,37,574,571.974138
100,6,train,38,649,631.370690
100,6,train,39,464,481.065517
100,6,train,40,473,476.272414
100,6,train,41,431,455.644828
100,6,train,42,507,512.113506
100,6,train,43,523,524.834483
100,6,train,44,504,500.490517
100,6,train,45,532,523.167241
100,6,train,46,456,468.821552
100,6,train,47,606,586.144828
100,6,train,48,526,521.254680
100,6,train,49,598,586.036207
100,6,train,50,475,476.544828
100,6,train,51,519,515.151297
100,6,train,52,460,489.717241
100,6,train,53,580,585.443103
100,6,train,54,597,584.663793
100,6,train,55,575,574.796552
100,6,train,56,485,516.613793
100,6,train,57,524,525.889655
100,6,train,58,500,499.877586
100,6,train,59,456,488.525862
100,6,train,60,477,482.939655
100,6,train,61,455,488.312069
100,6,train,62,495,498.951724
100,6,train,63,488,504.637931
100,6,train,64,508,507.419540
100,6,train,65,645,616.124138
100,6,train,66,585,587.289655
100,6,train,67,583,580.153448
100,6,train,68,528,526.710345
100,6,train,69,562,556.687931
100,6,train,70,500,505.305521
100,6,train,71,535,524.122126
100,6,train,72,610,602.371839
100,6,train,73,557,566.903448
100,6,train,74,479,486.578448
100,6,train,75,534,521.134195
100,6,train,76,541,541.808621
100,6,train,77,488,495.318966
100,6,train,78,637,621.517931
100,6,train,79,534,528.462069
100,6,train,80,504,506.898276
100,6,train,81,578,567.662069
100,6,train,82,450,469.101724
100,6,train,83,511,511.816897
100,6,train,84,580,576.918966
100,6,train,85,600,596.841379
100,6,train,86,693,656.975862
100,6,train,87,522,516.167241
100,6,train,88,479,491.386207
100,6,train,89,608,593.084483
100,6,train,90,561,537.613793
100,6,train,91,584,577.020690
100,6,train,92,505,502.100000
100,6,train,93,519,525.400000
100,6,train,94,484,487.975862
100,6,train,95,595,596.000000
100,6,train,96,577,565.748276
100,6,train,97,494,493.193103
100,6,train,98,612,604.048276
100,6,train,99,601,601.396552
100,6,train,100,596,587.694828
100,6,train,101,524,517.096552
100,6,train,102,618,604.936897
100,6,train,103,597,589.110345
100,6,train,104,500,505.979310
100,6,train,105,465,489.689655
100,6,train,106,606,598.748276
100,6,train,107,577,559.370115
100,6,train,108,522,516.948276
100,6,train,109,613,600.110345
100,6,train,110,490,495.191092
100,6,train,111,509,525.584483
100,6,train,112,505,507.076067
100,6,train,113,462,477.460345
100,6,train,114,543,525.203448
100,6,train,115,507,509.327590
100,6,train,116,456,464.660345
100,6,train,117,670,652.122414
100,6,train,118,550,542.904598
100,6,train,119,524,521.424138
100,6,train,120,502,505.718046
100,6,train,121,517,512.951728
100,6,train,122,612,610.667241
100,6,train,123,617,586.928161
100,6,train,124,472,499.888793
100,6,train,125,623,605.131034
100,6,train,126,592,592.389655
100,6,train,127,469,478.860345
100,6,train,128,488,492.870690
100,6,train,129,591,579.981034
100,6,train,130,525,524.172414
100,6,train,131,501,501.806034
100,6,train,132,475,481.108621
100,6,train,133,568,572.375287
100,6,train,134,480,494.643103
100,6,train,135,471,487.339655
100,6,train,136,640,644.465517
100,6,train,137,487,491.687931
100,6,train,138,466,482.453448
100,6,train,139,509,511.568678
100,6,train,140,505,508.164450
100,7,test,0,623,566.037313
100,7,test,1,456,475.350746
100,7,test,2,606,559.283582
100,7,test,3,597,579.619403
100,7,test,4,624,605.830846
100,7,test,5,524,508.582090
100,7,test,6,543,499.977612
100,7,test,7,507,511.074627
100,7,test,8,502,514.529851
100,7,test,9,561,497.037313
100,7,test,10,597,579.619403
100,7,test,11,644,584.604478
100,7,test,12,481,516.343284
100,7,test,13,572,568.746269
100,7,test,14,526,514.634328
100,7,test,15,451,492.231343
100,7,test,16,463,423.567164
100,7,test,17,670,646.231343
100,7,test,18,578,549.828358
100,7,test,19,504,498.052239
100,7,test,20,517,510.179104
100,7,test,21,488,521.798507
100,7,test,22,507,557.388060
100,7,test,23,478,531.449254
100,7,test,24,617,618.529851
100,7,test,25,689,621.291045
100,7,test,26,613,598.477612
100,7,test,27,630,615.955224
100,7,test,28,541,515.395522
100,7,test,29,693,576.179104
100,7,test,30,628,598.761194
100,7,test,31,583,570.022388
100,7,test,32,522,505.567164
100,7,test,33,500,510.694030
100,7,test,34,466,486.261194
100,7,test,35,519,509.925373
100,7,train,0,490,497.358209
100,7,train,1,577,569.395522
100,7,train,2,584,576.835821
100,7,train,3,586,574.195522
100,7,train,4,509,511.791045
100,7,train,5,504,500.589552
100,7,train,6,494,491.947761
100,7,train,7,516,518.149254
100,7,train,8,648,633.358209
100,7,train,9,577,570.305970
100,7,train,10,455,484.783582
100,7,train,11,505,504.813433
100,7,train,12,509,524.007463
100,7,train,13,492,489.768657
100,7,train,14,670,646.738806
100,7,train,15,463,469.044776
100,7,train,16,605,590.671642
100,7,train,17,456,463.955224
100,7,train,18,596,582.320896
100,7,train,19,506,521.723881
100,7,train,20,580,573.853234
100,7,train,21,598,588.791045
100,7,train,22,594,579.283582
100,7,train,23,618,587.664179
100,7,train,24,613,599.231343
100,7,train,25,446,462.462687
100,7,train,26,601,594.002488
100,7,train,27,500,501.320896
100,7,train,28,505,501.781095
100,7,train,29,480,480.283582
100,7,train,30,455,486.149254
100,7,train,31,591,574.992537
100,7,train,32,471,492.597015
100,7,train,33,608,593.404478
100,7,train,34,624,609.604478
100,7,train,35,524,520.328358
100,7,train,36,450,461.723881
100,7,train,37,479,484.485075
100,7,train,38,575,574.686567
100,7,train,39,612,604.246269
100,7,train,40,484,486.298507
100,7,train,41,572,573.477612
100,7,train,42,472,484.149254
100,7,train,43,510,507.634328
100,7,train,44,487,490.238806
100,7,train,45,431,451.462687
100,7,train,46,485,514.186567
100,7,train,47,580,586.084577
100,7,train,48,475,484.557214
100,7,train,49,616,614.470149
100,7,train,50,465,471.014925
100,7,train,51,525,527.156716
100,7,train,52,484,486.582090
100,7,train,53,509,511.455224
100,7,train,54,560,544.626866
100,7,train,55,572,569.059701
100,7,train,56,504,500.895522
100,7,train,57,606,595.828358
100,7,train,58,456,483.582090
100,7,train,59,600,595.089552
100,7,train,60,488,495.029851
100,7,train,61,442,460.619403
100,7,train,62,550,544.649254
100,7,train,63,596,596.582090
100,7,train,64,507,510.552239
100,7,train,65,460,499.201493
100,7,train,66,601,615.686567
100,7,train,67,488,490.141791
100,7,train,68,528,525.761194
100,7,train,69,522,518.917910
100,7,train,70,645,613.194030
100,7,train,71,495,512.589552
100,7,train,72,545,546.514925
100,7,train,73,610,603.164179
100,7,train,74,523,526.888060
100,7,train,75,482,498.358209
100,7,train,76,511,512.843284
100,7,train,77,535,523.597015
100,7,train,78,648,600.097015
100,7,train,79,597,584.380597
100,7,train,80,473,476.858209
100,7,train,81,541,548.798507
100,7,train,82,612,603.987562
100,7,train,83,489,495.052239
100,7,train,84,477,482.492537
100,7,train,85,495,497.373134
100,7,train,86,585,588.843284
100,7,train,87,465,496.500000
100,7,train,88,630,594.104478
100,7,train,89,617,593.097015
100,7,train,90,637,617.970149
100,7,train,91,519,525.537313
100,7,train,92,500,498.865672
100,7,train,93,476,479.522388
100,7,train,94,479,496.865672
100,7,train,95,649,630.223881
100,7,train,96,617,618.358209
100,7,train,97,464,478.947761
100,7,train,98,464,485.044776
100,7,train,99,584,578.492537
100,7,train,100,577,571.947761
100,7,train,101,524,524.783582
100,7,train,102,605,598.022388
100,7,train,103,462,472.447761
100,7,train,104,522,519.253731
100,7,train,105,515,509.917910
100,7,train,106,475,487.743781
100,7,train,107,584,576.761194
100,7,train,108,562,555.940299
100,7,train,109,630,617.380597
100,7,train,110,532,524.873134
100,7,train,111,555,550.410448
100,7,train,112,644,618.291045
100,7,train,113,528,523.014925
100,7,train,114,574,575.850746
100,7,train,115,597,586.014925
100,7,train,116,534,526.184080
100,7,train,117,534,533.313433
100,7,train,118,557,566.447761
100,7,train,119,608,605.014925
100,7,train,120,525,517.805970
100,7,train,121,459,492.604478
100,7,train,122,472,492.447761
100,7,train,123,501,499.253731
100,7,train,124,538,545.201493
100,7,train,125,508,509.492537
100,7,train,126,505,506.820896
100,7,train,127,592,591.604478
100,7,train,128,500,503.119403
100,7,train,129,580,579.902985
100,7,train,130,469,480.402985
100,7,train,131,585,588.686567
100,7,train,132,493,492.649254
100,7,train,133,473,503.223881
100,7,train,134,371,422.835821
100,7,train,135,516,519.149254
100,7,train,136,572,572.313433
100,7,train,137,484,479.119403
100,7,train,138,595,595.194030
100,7,train,139,568,572.716418
100,7,train,140,640,626.380597
100,8,test,0,511,508.387167
100,8,test,1,601,623.307143
100,8,test,2,572,571.994423
100,8,test,3,475,501.174233
100,8,test,4,562,544.013520
100,8,test,5,617,629.349206
100,8,test,6,689,623.092857
100,8,test,7,591,559.243095
100,8,test,8,534,530.388690
100,8,test,9,624,604.798043
100,8,test,10,601,625.707279
100,8,test,11,568,574.432597
100,8,test,12,462,524.897492
100,8,test,13,473,604.906071
100,8,test,14,519,521.884822
100,8,test,15,595,589.945714
100,8,test,16,455,546.490683
100,8,test,17,555,538.858616
100,8,test,18,586,551.288973
100,8,test,19,525,521.274740
100,8,test,20,597,569.365354
100,8,test,21,617,629.163492
100,8,test,22,605,574.278571
100,8,test,23,528,523.980961
100,8,test,24,446,508.153874
100,8,test,25,476,501.358529
100,8,test,26,475,498.703571
100,8,test,27,612,589.231498
100,8,test,28,465,531.525952
100,8,test,29,583,573.215194
100,8,test,30,488,502.059815
100,8,test,31,431,531.652840
100,8,test,32,507,511.573622
100,8,test,33,606,531.095296
100,8,test,34,481,508.711380
100,8,test,35,526,530.497969
100,8,train,0,630,603.021429
100,8,train,1,510,507.082335
100,8,train,2,617,585.373901
100,8,train,3,577,564.271429
100,8,train,4,488,503.331097
100,8,train,5,506,530.256267
100,8,train,6,471,480.431497
100,8,train,7,505,503.892350
100,8,train,8,504,498.839965
100,8,train,9,484,490.748806
100,8,train,10,515,508.619375
100,8,train,11,557,568.591419
100,8,train,12,456,490.321429
100,8,train,13,487,486.280624
100,8,train,14,572,572.432688
100,8,train,15,630,627.942857
100,8,train,16,538,536.636238
100,8,train,17,608,605.015495
100,8,train,18,371,409.561548
100,8,train,19,580,588.141939
100,8,train,20,584,583.012143
100,8,train,21,580,578.568403
100,8,train,22,500,505.857172
100,8,train,23,623,599.263810
100,8,train,24,495,509.147090
100,8,train,25,561,542.949779
100,8,train,26,628,620.170040
100,8,train,27,492,491.789316
100,8,train,28,574,572.816209
100,8,train,29,472,489.598571
100,8,train,30,509,509.671816
100,8,train,31,480,477.242381
100,8,train,32,516,516.317597
100,8,train,33,637,629.282024
100,8,train,34,613,601.856264
100,8,train,35,608,596.251243
100,8,train,36,524,521.400288
100,8,train,37,519,515.168265
100,8,train,38,597,591.823122
100,8,train,39,606,599.561923
100,8,train,40,523,533.403519
100,8,train,41,488,499.538132
100,8,train,42,477,479.256583
100,8,train,43,456,460.340278
100,8,train,44,618,599.977755
100,8,train,45,509,510.617054
100,8,train,46,493,494.383002
100,8,train,47,575,578.975026
100,8,train,48,577,559.164286
100,8,train,49,501,509.906631
100,8,train,50,585,587.857498
100,8,train,51,596,581.160850
100,8,train,52,463,470.591429
100,8,train,53,649,623.407143
100,8,train,54,598,590.365496
100,8,train,55,693,655.468571
100,8,train,56,630,626.842857
100,8,train,57,508,507.830744
100,8,train,58,469,472.090788
100,8,train,59,472,500.770119
100,8,train,60,524,518.915097
100,8,train,61,545,550.869643
100,8,train,62,597,587.171066
100,8,train,63,543,529.619752
100,8,train,64,484,485.669293
100,8,train,65,525,522.440004
100,8,train,66,580,584.712943
100,8,train,67,522,516.370841
100,8,train,68,505,506.655842
100,8,train,69,504,499.095609
100,8,train,70,450,463.903571
100,8,train,71,478,495.352167
100,8,train,72,495,496.628976
100,8,train,73,624,617.416207
100,8,train,74,584,583.832228
100,8,train,75,459,487.764286
100,8,train,76,500,497.888466
100,8,train,77,594,587.410143
100,8,train,78,616,621.651429
100,8,train,79,541,537.542245
100,8,train,80,560,545.188214
100,8,train,81,644,620.075397
100,8,train,82,505,503.962857
100,8,train,83,494,492.510744
100,8,train,84,463,442.266310
100,8,train,85,648,639.095238
100,8,train,86,592,592.312341
100,8,train,87,464,477.167298
100,8,train,88,484,486.189531
100,8,train,89,504,512.365709
100,8,train,90,585,587.055118
100,8,train,91,645,609.116964
100,8,train,92,479,486.124285
100,8,train,93,578,573.232619
100,8,train,94,541,535.815759
100,8,train,95,455,473.974612
100,8,train,96,610,601.220357
100,8,train,97,577,571.212381
100,8,train,98,535,527.687624
100,8,train,99,507,515.240004
100,8,train,100,612,612.316803
100,8,train,101,670,664.882143
100,8,train,102,490,489.441226
100,8,train,103,572,574.687280
100,8,train,104,550,541.496429
100,8,train,105,485,512.395204
100,8,train,106,489,492.259751
100,8,train,107,502,504.462547
100,8,train,108,534,526.645643
100,8,train,109,524,522.614889
100,8,train,110,509,532.627244
100,8,train,111,640,624.107143
100,8,train,112,500,504.466407
100,8,train,113,605,604.662897
100,8,train,114,596,599.420424
100,8,train,115,644,627.221003
100,8,train,116,528,525.467857
100,8,train,117,482,500.322651
100,8,train,118,572,571.518403
100,8,train,119,460,481.694643
100,8,train,120,648,597.528571
100,8,train,121,442,451.613095
100,8,train,122,670,664.782143
100,8,train,123,522,516.125276
100,8,train,124,473,471.079696
100,8,train,125,464,471.745952
100,8,train,126,532,517.745536
100,8,train,127,507,521.186517
100,8,train,128,451,462.312710
100,8,train,129,479,487.109405
100,8,train,130,465,465.836706
100,8,train,131,456,458.672619
100,8,train,132,613,601.784836
100,8,train,133,466,469.722234
100,8,train,134,600,597.533651
100,8,train,135,516,516.467597
100,8,train,136,584,584.039294
100,8,train,137,500,501.252410
100,8,train,138,517,511.573622
100,8,train,139,522,515.361207
100,8,train,140,597,591.208977
100,9,test,0,507,546.358209
100,9,test,1,510,511.786269
100,9,test,2,648,615.531343
100,9,test,3,500,494.710448
100,9,test,4,606,562.728358
100,9,test,5,482,503.376119
100,9,test,6,605,570.764179
100,9,test,7,488,522.770149
100,9,test,8,585,605.032836
100,9,test,9,585,604.301493
100,9,test,10,640,654.540299
100,9,test,11,630,533.116418
100,9,test,12,586,551.994030
100,9,test,13,644,556.850746
100,9,test,14,505,513.959403
100,9,test,15,495,501.423881
100,9,test,16,560,527.435821
100,9,test,17,472,520.758209
100,9,test,18,543,499.886567
100,9,test,19,572,569.319403
100,9,test,20,577,559.349254
100,9,test,21,612,607.200000
100,9,test,22,550,530.820896
100,9,test,23,595,595.516418
100,9,test,24,459,508.516418
100,9,test,25,597,590.522388
100,9,test,26,509,512.583284
100,9,test,27,492,486.349254
100,9,test,28,616,613.886567
100,9,test,29,591,553.785075
100,9,test,30,477,485.047761
100,9,test,31,500,513.809701
100,9,test,32,608,596.250746
100,9,test,33,371,480.149254
100,9,test,34,644,582.023881
100,9,test,35,504,494.955224
100,9,train,0,475,480.441791
100,9,train,1,528,529.349254
100,9,train,2,592,589.979104
100,9,train,3,541,544.632836
100,9,train,4,568,570.719403
100,9,train,5,535,524.677612
100,9,train,6,617,588.092537
100,9,train,7,524,515.689552
100,9,train,8,485,515.202985
100,9,train,9,456,466.050746
100,9,train,10,613,606.032836
100,9,train,11,472,491.525373
100,9,train,12,596,601.400000
100,9,train,13,471,481.441791
100,9,train,14,507,512.176119
100,9,train,15,525,521.677612
100,9,train,16,484,477.573134
100,9,train,17,606,597.235821
100,9,train,18,557,566.238806
100,9,train,19,562,554.029851
100,9,train,20,473,482.692537
100,9,train,21,473,496.952239
100,9,train,22,572,569.811940
100,9,train,23,598,584.483582
100,9,train,24,522,518.625075
100,9,train,25,584,580.125373
100,9,train,26,484,483.659701
100,9,train,27,610,600.283582
100,9,train,28,509,512.013134
100,9,train,29,628,612.991045
100,9,train,30,538,543.292537
100,9,train,31,511,513.104478
100,9,train,32,450,461.098507
100,9,train,33,500,503.086318
100,9,train,34,528,521.950249
100,9,train,35,612,594.116418
100,9,train,36,597,588.543284
100,9,train,37,541,540.934328
100,9,train,38,431,454.626866
100,9,train,39,584,580.134328
100,9,train,40,577,568.829851
100,9,train,41,478,491.961940
100,9,train,42,617,617.934328
100,9,train,43,500,501.394030
100,9,train,44,522,518.944478
100,9,train,45,649,632.014925
100,9,train,46,524,519.015920
100,9,train,47,494,488.623881
100,9,train,48,577,559.782090
100,9,train,49,487,488.011940
100,9,train,50,488,494.216418
100,9,train,51,584,579.501493
100,9,train,52,479,491.516418
100,9,train,53,465,498.841791
100,9,train,54,583,577.104478
100,9,train,55,613,606.161194
100,9,train,56,466,470.934328
100,9,train,57,670,661.817910
100,9,train,58,637,623.325373
100,9,train,59,630,631.400000
100,9,train,60,517,513.761940
100,9,train,61,455,480.388060
100,9,train,62,505,506.663433
100,9,train,63,578,567.492537
100,9,train,64,505,500.167164
100,9,train,65,624,615.531343
100,9,train,66,618,604.008955
100,9,train,67,605,605.907463
100,9,train,68,462,473.429851
100,9,train,69,501,501.298507
100,9,train,70,460,496.829851
100,9,train,71,534,522.965174
100,9,train,72,515,511.863881
100,9,train,73,617,616.982090
100,9,train,74,545,534.056716
100,9,train,75,508,510.209701
100,9,train,76,597,591.211940
100,9,train,77,489,493.244776
100,9,train,78,600,595.000000
100,9,train,79,481,495.722388
100,9,train,80,575,576.564179
100,9,train,81,623,607.555224
100,9,train,82,580,578.492537
100,9,train,83,608,594.477612
100,9,train,84,479,486.776119
100,9,train,85,469,473.361194
100,9,train,86,464,481.785075
100,9,train,87,670,661.513433
100,9,train,88,597,587.877612
100,9,train,89,580,581.805970
100,9,train,90,509,523.292537
100,9,train,91,572,568.973134
100,9,train,92,594,583.020896
100,9,train,93,456,462.176119
100,9,train,94,465,470.005970
100,9,train,95,451,460.549254
100,9,train,96,574,572.764179
100,9,train,97,475,481.737313
100,9,train,98,493,495.517910
100,9,train,99,476,482.516418
100,9,train,100,484,485.561194
100,9,train,101,693,651.835821
100,9,train,102,463,466.856716
100,9,train,103,507,510.005224
100,9,train,104,504,501.173134
100,9,train,105,506,529.805970
100,9,train,106,624,612.555224
100,9,train,107,630,630.835821
100,9,train,108,555,551.247761
100,9,train,109,504,502.098507
100,9,train,110,524,523.922388
100,9,train,111,490,490.973134
100,9,train,112,523,525.295522
100,9,train,113,463,477.928358
100,9,train,114,516,515.220896
100,9,train,115,580,575.391045
100,9,train,116,601,611.280597
100,9,train,117,532,524.187065
100,9,train,118,596,588.576119
100,9,train,119,525,520.074627
100,9,train,120,464,479.140299
100,9,train,121,519,526.739303
100,9,train,122,648,609.188060
100,9,train,123,495,513.402985
100,9,train,124,645,613.280597
100,9,train,125,522,518.092537
100,9,train,126,480,489.671642
100,9,train,127,456,490.713433
100,9,train,128,488,492.346269
100,9,train,129,572,571.797015
100,9,train,130,526,521.269851
100,9,train,131,601,602.919403
100,9,train,132,442,457.185075
100,9,train,133,561,535.546269
100,9,train,134,455,478.946269
100,9,train,135,502,506.794030
100,9,train,136,446,461.307463
100,9,train,137,534,525.035821
100,9,train,138,689,662.629851
100,9,train,139,516,516.743284
100,9,train,140,519,513.859204
100,10,test,0,557,579.675862
100,10,test,1,572,568.386207
100,10,test,2,507,527.986207
100,10,test,3,510,503.806897
100,10,test,4,534,518.186207
100,10,test,5,613,597.744828
100,10,test,6,526,519.813793
100,10,test,7,616,631.000000
100,10,test,8,462,500.737931
100,10,test,9,577,546.144828
100,10,test,10,525,527.986207
100,10,test,11,509,558.041379
100,10,test,12,472,530.220690
100,10,test,13,464,508.972414
100,10,test,14,572,559.234483
100,10,test,15,442,503.813793
100,10,test,16,584,578.675862
100,10,test,17,524,502.806897
100,10,test,18,469,481.937931
100,10,test,19,506,570.503448
100,10,test,20,475,491.572414
100,10,test,21,481,514.544828
100,10,test,22,610,578.358621
100,10,test,23,580,560.800000
100,10,test,24,595,574.448276
100,10,test,25,500,505.588506
100,10,test,26,592,589.696552
100,10,test,27,517,506.602299
100,10,test,28,456,500.482759
100,10,test,29,488,502.227586
100,10,test,30,543,510.800000
100,10,test,31,524,520.931034
100,10,test,32,612,586.875862
100,10,test,33,504,508.655172
100,10,test,34,522,507.972414
100,10,test,35,591,563.917241
100,10,train,0,584,577.779310
100,10,train,1,572,569.793103
100,10,train,2,693,656.275862
100,10,train,3,466,472.889655
100,10,train,4,583,588.248276
100,10,train,5,535,527.986207
100,10,train,6,640,644.896552
100,10,train,7,490,495.517241
100,10,train,8,523,524.579310
100,10,train,9,630,628.262069
100,10,train,10,504,501.068966
100,10,train,11,489,493.986207
100,10,train,12,630,628.668966
100,10,train,13,606,599.689655
100,10,train,14,446,462.331034
100,10,train,15,645,620.531034
100,10,train,16,505,506.689655
100,10,train,17,584,584.103448
100,10,train,18,601,608.806897
100,10,train,19,505,500.993103
100,10,train,20,541,549.034483
100,10,train,21,456,464.889655
100,10,train,22,528,522.482759
100,10,train,23,644,618.158621
100,10,train,24,624,615.489655
100,10,train,25,371,410.758621
100,10,train,26,689,668.337931
100,10,train,27,494,490.275862
100,10,train,28,484,485.868966
100,10,train,29,585,584.137931
100,10,train,30,471,490.048276
100,10,train,31,493,493.531034
100,10,train,32,484,486.600000
100,10,train,33,670,661.724138
100,10,train,34,608,588.179310
100,10,train,35,624,619.889655
100,10,train,36,522,518.979310
100,10,train,37,600,595.206897
100,10,train,38,568,567.910345
100,10,train,39,596,596.765517
100,10,train,40,572,560.372414
100,10,train,41,492,489.503448
100,10,train,42,644,628.537931
100,10,train,43,460,502.096552
100,10,train,44,541,558.655172
100,10,train,45,580,588.255172
100,10,train,46,475,482.027586
100,10,train,47,473,508.586207
100,10,train,48,511,515.565517
100,10,train,49,618,608.427586
100,10,train,50,648,636.944828
100,10,train,51,488,510.537931
100,10,train,52,623,607.075862
100,10,train,53,628,612.910345
100,10,train,54,598,585.627586
100,10,train,55,500,503.643678
100,10,train,56,580,581.324138
100,10,train,57,487,489.186207
100,10,train,58,473,475.710345
100,10,train,59,479,484.400000
100,10,train,60,596,592.317241
100,10,train,61,500,499.593103
100,10,train,62,495,505.455172
100,10,train,63,505,505.788506
100,10,train,64,561,540.337931
100,10,train,65,613,598.468966
100,10,train,66,459,488.400000
100,10,train,67,509,511.786207
100,10,train,68,597,587.834483
100,10,train,69,508,507.195402
100,10,train,70,507,506.678161
100,10,train,71,516,515.068966
100,10,train,72,574,576.503448
100,10,train,73,534,525.393103
100,10,train,74,451,466.379310
100,10,train,75,597,589.455172
100,10,train,76,562,556.834483
100,10,train,77,617,588.944828
100,10,train,78,519,525.691954
100,10,train,79,555,550.489655
100,10,train,80,463,470.310345
100,10,train,81,608,598.400000
100,10,train,82,456,495.703448
100,10,train,83,597,593.758621
100,10,train,84,597,593.758621
100,10,train,85,524,519.289655
100,10,train,86,577,570.558621
100,10,train,87,501,501.620690
100,10,train,88,450,461.827586
100,10,train,89,594,589.579310
100,10,train,90,605,590.062069
100,10,train,91,577,565.724138
100,10,train,92,478,495.165517
100,10,train,93,605,599.137931
100,10,train,94,515,511.544828
100,10,train,95,532,524.809195
100,10,train,96,649,628.034483
100,10,train,97,504,500.800000
100,10,train,98,509,512.482759
100,10,train,99,484,478.048276
100,10,train,100,522,519.772414
100,10,train,101,648,599.193103
100,10,train,102,586,575.117241
100,10,train,103,578,571.675862
100,10,train,104,465,491.751724
100,10,train,105,612,612.972414
100,10,train,106,455,484.151724
100,10,train,107,477,487.096552
100,10,train,108,585,584.896552
100,10,train,109,630,589.344828
100,10,train,110,670,662.731034
100,10,train,111,516,516.427586
100,10,train,112,463,452.855172
100,10,train,113,519,513.954023
100,10,train,114,507,522.372414
100,10,train,115,525,515.531034
100,10,train,116,482,495.868966
100,10,train,117,488,492.241379
100,10,train,118,637,620.958621
100,10,train,119,480,495.675862
100,10,train,120,606,589.489655
100,10,train,121,485,510.448276
100,10,train,122,617,620.000000
100,10,train,123,560,545.310345
100,10,train,124,464,482.951724
100,10,train,125,617,617.724138
100,10,train,126,545,543.400000
100,10,train,127,465,469.620690
100,10,train,128,601,612.000000
100,10,train,129,538,541.958621
100,10,train,130,495,498.503448
100,10,train,131,472,499.213793
100,10,train,132,431,469.144828
100,10,train,133,500,501.344828
100,10,train,134,476,485.255172
100,10,train,135,479,499.924138
100,10,train,136,575,574.151724
100,10,train,137,455,478.806897
100,10,train,138,550,545.082759
100,10,train,139,502,508.540230
100,10,train,140,528,518.110345
514,1,test,0,584,580.817325
514,1,test,1,510,512.312876
514,1,test,2,525,510.504577
514,1,test,3,557,587.353293
514,1,test,4,596,604.174296
514,1,test,5,528,514.249707
514,1,test,6,645,557.279327
514,1,test,7,460,545.075458
514,1,test,8,572,565.391496
514,1,test,9,509,511.971257
514,1,test,10,577,555.859763
514,1,test,11,555,543.479636
514,1,test,12,485,562.674839
514,1,test,13,580,580.091810
514,1,test,14,456,481.409067
514,1,test,15,597,564.620087
514,1,test,16,484,502.424642
514,1,test,17,584,573.061598
514,1,test,18,502,509.725934
514,1,test,19,612,607.019099
514,1,test,20,644,585.511555
514,1,test,21,501,498.071875
514,1,test,22,462,503.357963
514,1,test,23,495,497.899337
514,1,test,24,601,580.999466
514,1,test,25,613,565.633703
514,1,test,26,610,581.430336
514,1,test,27,580,599.002758
514,1,test,28,545,546.173163
514,1,test,29,469,481.369154
514,1,test,30,479,499.821152
514,1,test,31,478,515.567384
514,1,test,32,446,509.560246
514,1,test,33,463,495.560109
514,1,test,34,613,564.461872
514,1,test,35,572,568.261233
514,1,train,0,572,567.056285
514,1,train,1,524,525.884701
514,1,train,2,575,563.554121
514,1,train,3,600,588.964470
514,1,train,4,560,540.453387
514,1,train,5,442,458.855993
514,1,train,6,451,466.545206
514,1,train,7,616,620.851819
514,1,train,8,534,523.251698
514,1,train,9,608,604.432931
514,1,train,10,489,496.505398
514,1,train,11,637,620.840108
514,1,train,12,648,600.779594
514,1,train,13,523,520.896970
514,1,train,14,519,510.832664
514,1,train,15,524,519.371656
514,1,train,16,500,498.430807
514,1,train,17,495,520.279382
514,1,train,18,585,588.733853
514,1,train,19,509,511.858581
514,1,train,20,577,561.559293
514,1,train,21,479,498.135158
514,1,train,22,504,510.901925
514,1,train,23,509,523.869785
514,1,train,24,606,593.327331
514,1,train,25,605,593.528029
514,1,train,26,484,487.803450
514,1,train,27,488,494.449530
514,1,train,28,630,626.105131
514,1,train,29,507,536.566796
514,1,train,30,522,518.699359
514,1,train,31,628,615.147809
514,1,train,32,522,518.833162
514,1,train,33,578,571.037515
514,1,train,34,640,638.940845
514,1,train,35,618,602.071013
514,1,train,36,431,472.506755
514,1,train,37,649,637.424456
514,1,train,38,526,519.758732
514,1,train,39,535,518.770076
514,1,train,40,507,508.490508
514,1,train,41,541,550.269425
514,1,train,42,612,601.466898
514,1,train,43,617,588.277640
514,1,train,44,459,502.020146
514,1,train,45,597,592.404166
514,1,train,46,538,542.267195
514,1,train,47,508,508.527147
514,1,train,48,525,524.969074
514,1,train,49,455,481.425856
514,1,train,50,472,498.553908
514,1,train,51,596,569.938461
514,1,train,52,617,619.616197
514,1,train,53,623,599.531875
514,1,train,54,594,592.377018
514,1,train,55,480,485.066081
514,1,train,56,504,498.993804
514,1,train,57,516,514.006244
514,1,train,58,541,538.822957
514,1,train,59,505,507.927822
514,1,train,60,515,511.804085
514,1,train,61,522,513.831075
514,1,train,62,506,527.176643
514,1,train,63,577,564.281979
514,1,train,64,574,568.379419
514,1,train,65,624,618.313699
514,1,train,66,543,523.086794
514,1,train,67,644,621.244836
514,1,train,68,584,581.214978
514,1,train,69,500,510.443406
514,1,train,70,689,661.677419
514,1,train,71,586,568.148784
514,1,train,72,617,617.095070
514,1,train,73,473,504.663848
514,1,train,74,572,567.179744
514,1,train,75,595,577.708269
514,1,train,76,528,527.304265
514,1,train,77,492,491.652163
514,1,train,78,516,513.287934
514,1,train,79,473,476.773243
514,1,train,80,505,509.176778
514,1,train,81,534,517.028498
514,1,train,82,630,626.992455
514,1,train,83,670,659.845070
514,1,train,84,598,576.956919
514,1,train,85,488,506.837149
514,1,train,86,481,497.870958
514,1,train,87,455,489.356522
514,1,train,88,550,544.181785
514,1,train,89,505,501.203428
514,1,train,90,608,592.447612
514,1,train,91,482,492.095667
514,1,train,92,466,475.976838
514,1,train,93,471,487.305005
514,1,train,94,624,612.222535
514,1,train,95,591,572.760776
514,1,train,96,488,497.644521
514,1,train,97,606,594.641899
514,1,train,98,693,654.857705
514,1,train,99,475,476.714211
514,1,train,100,484,487.280877
514,1,train,101,580,574.179133
514,1,train,102,511,510.810911
514,1,train,103,562,556.444461
514,1,train,104,630,595.795837
514,1,train,105,583,584.433747
514,1,train,106,465,480.742778
514,1,train,107,524,518.997241
514,1,train,108,472,498.352402
514,1,train,109,456,467.222430
514,1,train,110,456,495.106200
514,1,train,111,475,484.455153
514,1,train,112,465,487.105606
514,1,train,113,561,533.964965
514,1,train,114,464,481.843696
514,1,train,115,490,494.085966
514,1,train,116,450,475.432831
514,1,train,117,601,610.257746
514,1,train,118,463,444.520426
514,1,train,119,670,662.380282
514,1,train,120,597,592.226584
514,1,train,121,592,582.346479
514,1,train,122,597,584.562030
514,1,train,123,371,409.612597
514,1,train,124,500,515.458894
514,1,train,125,476,490.645806
514,1,train,126,464,484.613500
514,1,train,127,494,492.876048
514,1,train,128,585,587.205684
514,1,train,129,507,509.376685
514,1,train,130,568,572.729894
514,1,train,131,500,506.148873
514,1,train,132,605,598.180171
514,1,train,133,519,521.619082
514,1,train,134,504,499.442544
514,1,train,135,487,490.887143
514,1,train,136,517,514.096112
514,1,train,137,532,520.834538
514,1,train,138,493,497.074691
514,1,train,139,477,489.583306
514,1,train,140,648,637.726056
514,2,test,0,495,541.257500
514,2,test,1,473,559.418333
514,2,test,2,618,565.314708
514,2,test,3,568,578.005000
514,2,test,4,584,566.472500
514,2,test,5,507,556.591643
514,2,test,6,455,553.703889
514,2,test,7,543,500.706389
514,2,test,8,597,570.805625
514,2,test,9,600,588.636250
514,2,test,10,524,517.432500
514,2,test,11,475,484.199524
514,2,test,12,459,541.971167
514,2,test,13,500,506.567374
514,2,test,14,689,627.715000
514,2,test,15,606,566.027500
514,2,test,16,580,562.065000
514,2,test,17,541,568.347500
514,2,test,18,580,603.715000
514,2,test,19,476,490.441124
514,2,test,20,617,525.643767
514,2,test,21,628,599.623833
514,2,test,22,509,514.186852
514,2,test,23,509,514.669352
514,2,test,24,463,494.404059
514,2,test,25,596,604.397500
514,2,test,26,522,517.939352
514,2,test,27,608,574.994083
514,2,test,28,560,526.962269
514,2,test,29,693,590.596042
514,2,test,30,517,511.652108
514,2,test,31,455,547.031806
514,2,test,32,446,496.508642
514,2,test,33,534,506.885765
514,2,test,34,577,565.177143
514,2,test,35,575,569.669583
514,2,train,0,528,520.425265
514,2,train,1,645,611.380139
514,2,train,2,585,591.275000
514,2,train,3,516,517.042559
514,2,train,4,479,485.884124
514,2,train,5,473,471.545000
514,2,train,6,487,490.999500
514,2,train,7,460,499.570000
514,2,train,8,500,499.159457
514,2,train,9,596,579.546925
514,2,train,10,519,521.950364
514,2,train,11,608,604.573083
514,2,train,12,492,491.397500
514,2,train,13,509,526.309499
514,2,train,14,479,493.404437
514,2,train,15,505,505.904240
514,2,train,16,466,470.575000
514,2,train,17,613,608.767500
514,2,train,18,630,626.387500
514,2,train,19,511,509.315114
514,2,train,20,478,493.176167
514,2,train,21,465,491.315602
514,2,train,22,605,597.308833
514,2,train,23,524,515.967685
514,2,train,24,515,512.626123
514,2,train,25,477,485.462500
514,2,train,26,494,492.557500
514,2,train,27,577,565.217143
514,2,train,28,488,499.520764
514,2,train,29,578,562.608750
514,2,train,30,484,490.730666
514,2,train,31,465,470.735000
514,2,train,32,480,484.707059
514,2,train,33,538,547.027976
514,2,train,34,586,575.387500
514,2,train,35,532,524.455827
514,2,train,36,598,579.404792
514,2,train,37,670,663.142500
514,2,train,38,507,508.802723
514,2,train,39,505,507.157581
514,2,train,40,500,502.684680
514,2,train,41,519,513.381725
514,2,train,42,525,525.732500
514,2,train,43,630,595.760000
514,2,train,44,508,506.604341
514,2,train,45,605,593.032812
514,2,train,46,442,462.917500
514,2,train,47,482,488.315536
514,2,train,48,484,487.676318
514,2,train,49,464,478.614500
514,2,train,50,451,463.152500
514,2,train,51,371,407.972708
514,2,train,52,524,520.886098
514,2,train,53,535,521.570223
514,2,train,54,472,492.647852
514,2,train,55,545,550.100833
514,2,train,56,572,573.214143
514,2,train,57,617,617.995000
514,2,train,58,649,628.715000
514,2,train,59,504,501.506818
514,2,train,60,463,448.069167
514,2,train,61,456,493.780000
514,2,train,62,601,607.782500
514,2,train,63,630,626.690000
514,2,train,64,572,571.902500
514,2,train,65,597,594.144500
514,2,train,66,648,601.805000
514,2,train,67,613,608.215000
514,2,train,68,500,501.755900
514,2,train,69,502,504.769650
514,2,train,70,464,481.487411
514,2,train,71,489,494.559167
514,2,train,72,504,499.879457
514,2,train,73,592,587.306250
514,2,train,74,475,484.535952
514,2,train,75,505,499.561667
514,2,train,76,534,529.012500
514,2,train,77,525,517.480223
514,2,train,78,481,489.635536
514,2,train,79,670,663.005000
514,2,train,80,612,603.490583
514,2,train,81,585,590.697500
514,2,train,82,528,539.627500
514,2,train,83,456,465.403750
514,2,train,84,574,570.555000
514,2,train,85,601,599.432250
514,2,train,86,577,573.530000
514,2,train,87,488,495.276999
514,2,train,88,472,491.446250
514,2,train,89,456,467.230000
514,2,train,90,591,574.295750
514,2,train,91,624,617.747500
514,2,train,92,431,461.820139
514,2,train,93,597,594.162000
514,2,train,94,584,582.013500
514,2,train,95,469,475.120000
514,2,train,96,522,517.719352
514,2,train,97,495,496.654665
514,2,train,98,526,520.646331
514,2,train,99,640,626.327500
514,2,train,100,616,620.022500
514,2,train,101,580,576.960000
514,2,train,102,623,589.770000
514,2,train,103,507,507.639341
514,2,train,104,597,588.117000
514,2,train,105,624,610.980000
514,2,train,106,471,484.432417
514,2,train,107,506,524.192596
514,2,train,108,583,579.325000
514,2,train,109,504,502.653472
514,2,train,110,594,583.186250
514,2,train,111,617,617.957500
514,2,train,112,557,565.098750
514,2,train,113,595,596.801250
514,2,train,114,488,490.865536
514,2,train,115,523,528.271250
514,2,train,116,637,624.300000
514,2,train,117,644,620.897500
514,2,train,118,572,570.244143
514,2,train,119,644,623.470000
514,2,train,120,485,510.729222
514,2,train,121,555,554.890476
514,2,train,122,572,571.230000
514,2,train,123,648,636.550000
514,2,train,124,510,510.849664
514,2,train,125,522,516.543935
514,2,train,126,484,486.826818
514,2,train,127,612,610.972500
514,2,train,128,490,496.476646
514,2,train,129,610,603.236250
514,2,train,130,462,475.318125
514,2,train,131,584,582.088500
514,2,train,132,541,540.969352
514,2,train,133,450,478.512500
514,2,train,134,516,516.330059
514,2,train,135,501,497.852818
514,2,train,136,606,596.257000
514,2,train,137,561,533.737164
514,2,train,138,493,496.087999
514,2,train,139,550,544.720000
514,2,train,140,562,546.820000
514,3,test,0,601,595.982066
514,3,test,1,596,602.900744
514,3,test,2,574,555.477254
514,3,test,3,466,484.490262
514,3,test,4,482,501.927419
514,3,test,5,473,547.362650
514,3,test,6,594,571.052477
514,3,test,7,493,497.836631
514,3,test,8,524,508.615385
514,3,test,9,644,579.828784
514,3,test,10,455,520.052216
514,3,test,11,475,488.021505
514,3,test,12,505,492.391834
514,3,test,13,612,576.450740
514,3,test,14,644,596.390255
514,3,test,15,459,537.787052
514,3,test,16,597,589.947891
514,3,test,17,550,538.101737
514,3,test,18,524,517.043663
514,3,test,19,506,571.523968
514,3,test,20,523,526.295285
514,3,test,21,500,515.797051
514,3,test,22,568,576.225976
514,3,test,23,640,633.677419
514,3,test,24,605,595.481390
514,3,test,25,465,478.553951
514,3,test,26,610,589.756824
514,3,test,27,608,567.755583
514,3,test,28,585,596.535980
514,3,test,29,584,580.225806
514,3,test,30,597,549.337469
514,3,test,31,555,542.813896
514,3,test,32,507,507.418245
514,3,test,33,670,647.228288
514,3,test,34,598,550.275434
514,3,test,35,617,538.089507
514,3,train,0,580,576.987961
514,3,train,1,595,589.416873
514,3,train,2,612,611.332506
514,3,train,3,463,451.039702
514,3,train,4,463,470.531017
514,3,train,5,541,553.208437
514,3,train,6,617,618.945409
514,3,train,7,572,569.419355
514,3,train,8,525,516.831266
514,3,train,9,495,512.471464
514,3,train,10,460,496.535153
514,3,train,11,693,654.071960
514,3,train,12,484,479.368674
514,3,train,13,495,498.873852
514,3,train,14,472,490.712159
514,3,train,15,623,603.213400
514,3,train,16,586,570.759305
514,3,train,17,488,492.554392
514,3,train,18,519,514.573406
514,3,train,19,585,593.518610
514,3,train,20,670,649.320099
514,3,train,21,630,627.272953
514,3,train,22,465,493.039702
514,3,train,23,618,603.156102
514,3,train,24,606,598.713767
514,3,train,25,572,571.533499
514,3,train,26,561,537.766373
514,3,train,27,605,591.109181
514,3,train,28,504,506.122820
514,3,train,29,473,476.935484
514,3,train,30,528,522.093704
514,3,train,31,490,493.547599
514,3,train,32,500,504.672898
514,3,train,33,649,633.930521
514,3,train,34,522,519.409700
514,3,train,35,628,609.826303
514,3,train,36,584,577.722084
514,3,train,37,455,491.344913
514,3,train,38,597,590.882548
514,3,train,39,516,514.595816
514,3,train,40,515,512.118256
514,3,train,41,525,519.742602
514,3,train,42,484,486.468757
514,3,train,43,502,505.363031
514,3,train,44,592,590.774194
514,3,train,45,488,492.077202
514,3,train,46,645,612.543424
514,3,train,47,577,568.578164
514,3,train,48,577,566.382134
514,3,train,49,476,481.967401
514,3,train,50,500,503.752760
514,3,train,51,481,492.150856
514,3,train,52,528,527.501241
514,3,train,53,494,491.684638
514,3,train,54,456,488.635753
514,3,train,55,580,589.141439
514,3,train,56,616,620.002481
514,3,train,57,534,527.846154
514,3,train,58,431,457.624859
514,3,train,59,606,594.011580
514,3,train,60,532,524.475412
514,3,train,61,477,482.905707
514,3,train,62,442,459.863524
514,3,train,63,451,473.274382
514,3,train,64,608,592.830392
514,3,train,65,479,484.855118
514,3,train,66,578,563.111663
514,3,train,67,464,480.647643
514,3,train,68,478,492.042184
514,3,train,69,624,609.337469
514,3,train,70,517,516.497371
514,3,train,71,464,480.137258
514,3,train,72,600,595.593052
514,3,train,73,630,588.669975
514,3,train,74,504,500.523077
514,3,train,75,507,524.903226
514,3,train,76,584,580.176179
514,3,train,77,597,590.285360
514,3,train,78,472,494.049429
514,3,train,79,501,497.549464
514,3,train,80,508,508.148058
514,3,train,81,456,468.300023
514,3,train,82,583,584.244830
514,3,train,83,624,621.650124
514,3,train,84,471,489.074442
514,3,train,85,545,547.205955
514,3,train,86,572,571.913151
514,3,train,87,630,625.570720
514,3,train,88,617,618.364764
514,3,train,89,522,513.708013
514,3,train,90,543,527.178792
514,3,train,91,504,500.716160
514,3,train,92,562,550.975769
514,3,train,93,526,523.563143
514,3,train,94,613,607.416873
514,3,train,95,475,486.272126
514,3,train,96,575,565.908189
514,3,train,97,462,478.540943
514,3,train,98,510,511.436367
514,3,train,99,648,603.545906
514,3,train,100,601,607.751861
514,3,train,101,560,548.478710
514,3,train,102,488,500.522554
514,3,train,103,577,571.791563
514,3,train,104,505,508.423800
514,3,train,105,580,575.612903
514,3,train,106,509,510.191494
514,3,train,107,507,510.247519
514,3,train,108,648,637.717122
514,3,train,109,487,492.922851
514,3,train,110,479,493.468212
514,3,train,111,637,624.928040
514,3,train,112,450,460.878412
514,3,train,113,480,485.873449
514,3,train,114,689,657.523573
514,3,train,115,613,607.148387
514,3,train,116,469,476.275434
514,3,train,117,516,514.159092
514,3,train,118,557,562.213767
514,3,train,119,572,569.665012
514,3,train,120,519,521.693908
514,3,train,121,456,465.230769
514,3,train,122,541,548.486352
514,3,train,123,509,522.971050
514,3,train,124,446,463.756598
514,3,train,125,489,491.808707
514,3,train,126,591,579.927213
514,3,train,127,371,413.349876
514,3,train,128,522,519.618137
514,3,train,129,484,485.039477
514,3,train,130,596,585.677419
514,3,train,131,492,490.617640
514,3,train,132,505,506.827437
514,3,train,133,524,523.079542
514,3,train,134,485,513.573507
514,3,train,135,500,498.944913
514,3,train,136,535,525.093672
514,3,train,137,538,540.870968
514,3,train,138,511,511.921689
514,3,train,139,534,518.375401
514,3,train,140,509,510.007871
514,4,test,0,541,526.107686
514,4,test,1,463,521.805989
514,4,test,2,460,556.319076
514,4,test,3,628,598.471145
514,4,test,4,489,504.755574
514,4,test,5,476,489.595966
514,4,test,6,591,566.785937
514,4,test,7,504,493.447317
514,4,test,8,475,494.505137
514,4,test,9,488,496.821805
514,4,test,10,572,554.237540
514,4,test,11,648,522.647873
514,4,test,12,524,539.572028
514,4,test,13,618,540.596838
514,4,test,14,637,594.047855
514,4,test,15,522,505.169734
514,4,test,16,600,590.306281
514,4,test,17,572,553.426125
514,4,test,18,522,505.662290
514,4,test,19,484,488.284123
514,4,test,20,572,567.189039
514,4,test,21,623,536.396221
514,4,test,22,479,522.572327
514,4,test,23,504,524.629446
514,4,test,24,459,542.199545
514,4,test,25,517,511.909522
514,4,test,26,557,588.752378
514,4,test,27,516,521.142805
514,4,test,28,371,521.885807
514,4,test,29,473,518.439121
514,4,test,30,610,588.873656
514,4,test,31,525,512.772953
514,4,test,32,495,537.268156
514,4,test,33,575,575.184332
514,4,test,34,488,536.105625
514,4,test,35,464,499.888405
514,4,train,0,545,540.877601
514,4,train,1,525,519.017087
514,4,train,2,541,551.079788
514,4,train,3,617,581.998277
514,4,train,4,500,503.447837
514,4,train,5,580,584.940447
514,4,train,6,693,654.897022
514,4,train,7,464,479.962200
514,4,train,8,451,465.975341
514,4,train,9,463,470.885172
514,4,train,10,585,588.201303
514,4,train,11,477,488.942928
514,4,train,12,568,556.927288
514,4,train,13,500,501.104411
514,4,train,14,522,520.181240
514,4,train,15,585,588.709988
514,4,train,16,613,605.674421
514,4,train,17,577,570.439392
514,4,train,18,577,573.051573
514,4,train,19,505,503.199743
514,4,train,20,584,581.689206
514,4,train,21,509,509.053457
514,4,train,22,488,489.674653
514,4,train,23,508,506.875814
514,4,train,24,574,569.162531
514,4,train,25,479,485.367215
514,4,train,26,630,628.624380
514,4,train,27,605,597.866182
514,4,train,28,617,619.091811
514,4,train,29,608,590.715798
514,4,train,30,507,507.639133
514,4,train,31,505,507.539498
514,4,train,32,597,594.438798
514,4,train,33,507,509.509759
514,4,train,34,645,614.427109
514,4,train,35,455,483.406948
514,4,train,36,515,513.149970
514,4,train,37,584,581.468156
514,4,train,38,597,581.619816
514,4,train,39,446,465.275331
514,4,train,40,580,580.378605
514,4,train,41,594,591.343693
514,4,train,42,455,479.198447
514,4,train,43,471,487.650818
514,4,train,44,482,490.839985
514,4,train,45,506,526.075532
514,4,train,46,478,494.089034
514,4,train,47,490,493.907500
514,4,train,48,450,462.583127
514,4,train,49,577,565.278639
514,4,train,50,500,502.136463
514,4,train,51,507,530.899814
514,4,train,52,550,547.053557
514,4,train,53,670,661.194789
514,4,train,54,606,596.651322
514,4,train,55,456,464.290323
514,4,train,56,586,571.691880
514,4,train,57,469,476.765509
514,4,train,58,543,529.424761
514,4,train,59,456,488.352812
514,4,train,60,595,589.475836
514,4,train,61,596,584.024814
514,4,train,62,598,586.791741
514,4,train,63,612,601.566865
514,4,train,64,510,511.077992
514,4,train,65,616,620.255583
514,4,train,66,528,523.679558
514,4,train,67,484,490.001244
514,4,train,68,689,666.753102
514,4,train,69,480,484.087924
514,4,train,70,592,589.778056
514,4,train,71,596,597.537531
514,4,train,72,528,536.021050
514,4,train,73,524,515.652605
514,4,train,74,605,591.388329
514,4,train,75,601,601.494541
514,4,train,76,612,606.124069
514,4,train,77,617,618.904467
514,4,train,78,494,493.002056
514,4,train,79,484,477.581860
514,4,train,80,502,506.413164
514,4,train,81,555,550.448831
514,4,train,82,534,524.973554
514,4,train,83,597,594.386689
514,4,train,84,562,559.703474
514,4,train,85,560,543.802332
514,4,train,86,640,641.444169
514,4,train,87,493,492.702418
514,4,train,88,648,637.878412
514,4,train,89,583,587.892887
514,4,train,90,472,491.704288
514,4,train,91,644,622.103722
514,4,train,92,485,508.795285
514,4,train,93,442,459.672101
514,4,train,94,578,573.748555
514,4,train,95,487,491.694725
514,4,train,96,613,606.062758
514,4,train,97,505,508.080491
514,4,train,98,524,522.436382
514,4,train,99,473,509.500177
514,4,train,100,501,498.355450
514,4,train,101,561,536.675267
514,4,train,102,504,502.876123
514,4,train,103,495,494.178224
514,4,train,104,462,484.501654
514,4,train,105,584,581.833127
514,4,train,106,670,661.275434
514,4,train,107,465,469.320223
514,4,train,108,456,464.682442
514,4,train,109,475,485.065375
514,4,train,110,481,492.333338
514,4,train,111,624,612.586849
514,4,train,112,431,458.786219
514,4,train,113,509,528.039628
514,4,train,114,580,570.256587
514,4,train,115,500,504.004096
514,4,train,116,630,598.755583
514,4,train,117,526,524.641534
514,4,train,118,534,528.157929
514,4,train,119,492,492.173134
514,4,train,120,535,523.011206
514,4,train,121,538,542.962479
514,4,train,122,511,511.348708
514,4,train,123,624,613.070720
514,4,train,124,519,513.996304
514,4,train,125,644,621.081886
514,4,train,126,608,602.644532
514,4,train,127,601,610.349876
514,4,train,128,465,485.875044
514,4,train,129,472,495.399903
514,4,train,130,509,509.430628
514,4,train,131,466,475.663927
514,4,train,132,572,565.576136
514,4,train,133,523,522.500162
514,4,train,134,532,523.915395
514,4,train,135,597,590.335200
514,4,train,136,630,628.891129
514,4,train,137,516,518.703599
514,4,train,138,519,524.776954
514,4,train,139,649,634.708437
514,4,train,140,606,592.477254
514,5,test,0,482,507.596133
514,5,test,1,601,600.148214
514,5,test,2,475,503.141053
514,5,test,3,605,564.716003
514,5,test,4,617,534.677253
514,5,test,5,465,542.245193
514,5,test,6,689,625.609745
514,5,test,7,616,625.402480
514,5,test,8,522,514.967753
514,5,test,9,500,511.434453
514,5,test,10,598,570.213105
514,5,test,11,560,552.128078
514,5,test,12,500,500.498609
514,5,test,13,594,568.460766
514,5,test,14,509,569.111660
514,5,test,15,568,563.850605
514,5,test,16,600,597.929591
514,5,test,17,580,568.259306
514,5,test,18,577,550.931205
514,5,test,19,535,501.285298
514,5,test,20,618,574.468932
514,5,test,21,534,542.722446
514,5,test,22,489,508.622828
514,5,test,23,617,621.769558
514,5,test,24,591,558.748374
514,5,test,25,456,553.261608
514,5,test,26,606,587.840904
514,5,test,27,605,600.914577
514,5,test,28,472,539.696146
514,5,test,29,516,513.803447
514,5,test,30,473,559.404650
514,5,test,31,504,495.819841
514,5,test,32,475,510.433281
514,5,test,33,505,512.939171
514,5,test,34,465,484.769370
514,5,test,35,596,601.196848
514,5,train,0,644,618.241565
514,5,train,1,541,542.001670
514,5,train,2,525,519.797688
514,5,train,3,670,662.365205
514,5,train,4,517,515.052610
514,5,train,5,480,483.591302
514,5,train,6,524,518.880911
514,5,train,7,463,450.099255
514,5,train,8,464,482.001050
514,5,train,9,511,510.616377
514,5,train,10,490,492.098634
514,5,train,11,495,518.535359
514,5,train,12,584,582.276402
514,5,train,13,597,585.056110
514,5,train,14,528,521.436972
514,5,train,15,597,593.038912
514,5,train,16,525,513.206290
514,5,train,17,371,416.615859
514,5,train,18,500,510.364536
514,5,train,19,488,496.155341
514,5,train,20,510,511.198556
514,5,train,21,459,494.738712
514,5,train,22,584,582.022106
514,5,train,23,550,541.818892
514,5,train,24,464,477.646567
514,5,train,25,577,560.538453
514,5,train,26,601,605.000793
514,5,train,27,534,517.049741
514,5,train,28,524,521.907510
514,5,train,29,578,565.706558
514,5,train,30,555,550.562664
514,5,train,31,630,626.655048
514,5,train,32,492,489.882025
514,5,train,33,479,496.923191
514,5,train,34,597,592.949565
514,5,train,35,505,506.831966
514,5,train,36,485,511.160247
514,5,train,37,462,485.447586
514,5,train,38,493,493.925415
514,5,train,39,580,573.314819
514,5,train,40,507,500.680124
514,5,train,41,584,582.288603
514,5,train,42,612,595.045157
514,5,train,43,487,498.486640
514,5,train,44,519,512.835949
514,5,train,45,456,468.058999
514,5,train,46,613,605.035901
514,5,train,47,557,562.196279
514,5,train,48,624,610.130616
514,5,train,49,561,525.591735
514,5,train,50,585,588.895288
514,5,train,51,501,500.047683
514,5,train,52,648,635.442044
514,5,train,53,572,568.137887
514,5,train,54,640,624.382368
514,5,train,55,431,468.338293
514,5,train,56,455,487.700145
514,5,train,57,476,487.823969
514,5,train,58,481,501.212473
514,5,train,59,606,592.028024
514,5,train,60,484,485.773869
514,5,train,61,505,506.024954
514,5,train,62,645,616.544318
514,5,train,63,456,477.422630
514,5,train,64,596,582.773393
514,5,train,65,543,524.816085
514,5,train,66,506,535.004744
514,5,train,67,488,498.492327
514,5,train,68,624,616.979505
514,5,train,69,526,523.571300
514,5,train,70,516,512.987739
514,5,train,71,507,529.118412
514,5,train,72,693,646.359663
514,5,train,73,442,459.953848
514,5,train,74,628,609.703780
514,5,train,75,574,574.755118
514,5,train,76,446,470.472917
514,5,train,77,500,504.277855
514,5,train,78,610,597.801741
514,5,train,79,477,478.220846
514,5,train,80,528,526.112805
514,5,train,81,504,510.032488
514,5,train,82,572,568.273381
514,5,train,83,460,499.540775
514,5,train,84,509,510.967016
514,5,train,85,545,546.016422
514,5,train,86,562,546.436599
514,5,train,87,613,605.176794
514,5,train,88,585,589.348896
514,5,train,89,637,619.506264
514,5,train,90,580,586.254770
514,5,train,91,484,482.900132
514,5,train,92,524,514.890454
514,5,train,93,572,569.500961
514,5,train,94,522,515.654891
514,5,train,95,595,592.716665
514,5,train,96,577,550.284334
514,5,train,97,466,476.563986
514,5,train,98,451,467.994101
514,5,train,99,617,620.790176
514,5,train,100,508,511.156245
514,5,train,101,488,510.324565
514,5,train,102,648,582.051358
514,5,train,103,484,489.175018
514,5,train,104,644,618.509257
514,5,train,105,592,596.229640
514,5,train,106,541,553.025635
514,5,train,107,612,611.435367
514,5,train,108,623,592.733186
514,5,train,109,522,514.558711
514,5,train,110,469,474.940077
514,5,train,111,507,509.943558
514,5,train,112,538,547.853057
514,5,train,113,523,536.656790
514,5,train,114,463,472.275862
514,5,train,115,649,623.654287
514,5,train,116,572,568.721138
514,5,train,117,519,518.863707
514,5,train,118,608,582.348935
514,5,train,119,509,509.953038
514,5,train,120,532,522.047345
514,5,train,121,583,588.336914
514,5,train,122,494,490.802071
514,5,train,123,502,509.840191
514,5,train,124,670,662.835995
514,5,train,125,630,590.951255
514,5,train,126,455,489.812141
514,5,train,127,608,600.006774
514,5,train,128,586,564.604418
514,5,train,129,471,496.318484
514,5,train,130,575,571.445646
514,5,train,131,473,471.007947
514,5,train,132,450,464.204245
514,5,train,133,478,497.168147
514,5,train,134,597,578.306409
514,5,train,135,479,487.167988
514,5,train,136,472,495.124115
514,5,train,137,495,496.276083
514,5,train,138,504,500.750756
514,5,train,139,515,510.715156
514,5,train,140,630,625.933399
514,6,test,0,493,498.072184
514,6,test,1,596,594.549883
514,6,test,2,509,511.208167
514,6,test,3,585,593.317261
514,6,test,4,525,511.055023
514,6,test,5,577,548.815842
514,6,test,6,500,514.725278
514,6,test,7,516,517.272930
514,6,test,8,617,620.996885
514,6,test,9,459,512.852466
514,6,test,10,630,536.780685
514,6,test,11,451,490.649825
514,6,test,12,516,516.470360
514,6,test,13,555,558.659300
514,6,test,14,644,592.050773
514,6,test,15,580,576.780737
514,6,test,16,541,565.902259
514,6,test,17,597,590.065031
514,6,test,18,489,501.619741
514,6,test,19,522,514.628320
514,6,test,20,464,505.270573
514,6,test,21,463,427.042316
514,6,test,22,584,579.614616
514,6,test,23,538,557.531964
514,6,test,24,644,572.696262
514,6,test,25,455,526.288346
514,6,test,26,484,504.393025
514,6,test,27,484,490.264728
514,6,test,28,476,495.266256
514,6,test,29,624,591.093400
514,6,test,30,481,506.091623
514,6,test,31,528,518.703133
514,6,test,32,463,482.768886
514,6,test,33,670,648.196262
514,6,test,34,613,597.137872
514,6,test,35,446,507.337723
514,6,train,0,560,546.987682
514,6,train,1,689,666.738318
514,6,train,2,371,422.241848
514,6,train,3,601,609.884346
514,6,train,4,492,492.186373
514,6,train,5,482,495.664025
514,6,train,6,648,636.079050
514,6,train,7,586,574.568146
514,6,train,8,442,463.065193
514,6,train,9,630,625.873832
514,6,train,10,473,504.207443
514,6,train,11,572,571.095773
514,6,train,12,630,624.984813
514,6,train,13,605,604.351051
514,6,train,14,624,618.330478
514,6,train,15,648,603.986241
514,6,train,16,506,532.423793
514,6,train,17,572,571.196262
514,6,train,18,628,616.766939
514,6,train,19,495,511.725824
514,6,train,20,572,570.997664
514,6,train,21,545,543.019221
514,6,train,22,465,472.286215
514,6,train,23,616,619.672508
514,6,train,24,507,524.657070
514,6,train,25,617,619.861371
514,6,train,26,478,497.082395
514,6,train,27,584,579.007139
514,6,train,28,510,511.403450
514,6,train,29,515,512.168030
514,6,train,30,605,591.103602
514,6,train,31,504,500.699685
514,6,train,32,608,605.849883
514,6,train,33,597,590.549844
514,6,train,34,594,586.046717
514,6,train,35,472,494.733601
514,6,train,36,572,571.456754
514,6,train,37,574,571.989356
514,6,train,38,649,634.781542
514,6,train,39,464,482.974063
514,6,train,40,473,475.916342
514,6,train,41,431,457.860731
514,6,train,42,507,511.914836
514,6,train,43,523,526.152529
514,6,train,44,504,500.979157
514,6,train,45,532,525.761805
514,6,train,46,456,465.432243
514,6,train,47,606,586.890521
514,6,train,48,526,523.563436
514,6,train,49,598,587.240174
514,6,train,50,475,478.321002
514,6,train,51,519,514.443167
514,6,train,52,460,491.829954
514,6,train,53,580,582.369371
514,6,train,54,597,586.032247
514,6,train,55,575,573.802220
514,6,train,56,485,517.530726
514,6,train,57,524,520.784546
514,6,train,58,500,499.078580
514,6,train,59,456,487.032285
514,6,train,60,477,484.662675
514,6,train,61,455,490.449507
514,6,train,62,495,498.307843
514,6,train,63,488,501.557901
514,6,train,64,508,508.318050
514,6,train,65,645,617.570093
514,6,train,66,585,590.654877
514,6,train,67,583,581.277203
514,6,train,68,528,525.627693
514,6,train,69,562,552.927300
514,6,train,70,500,504.024046
514,6,train,71,535,523.212214
514,6,train,72,610,601.739406
514,6,train,73,557,567.526957
514,6,train,74,479,486.371491
514,6,train,75,534,521.850148
514,6,train,76,541,541.940891
514,6,train,77,488,499.062770
514,6,train,78,637,624.060618
514,6,train,79,534,529.536185
514,6,train,80,504,507.115105
514,6,train,81,578,569.404816
514,6,train,82,450,470.354167
514,6,train,83,511,511.744241
514,6,train,84,580,578.110705
514,6,train,85,600,596.117011
514,6,train,86,693,657.487150
514,6,train,87,522,514.484628
514,6,train,88,479,492.140952
514,6,train,89,608,594.353505
514,6,train,90,561,536.603583
514,6,train,91,584,581.872959
514,6,train,92,505,502.318988
514,6,train,93,519,523.655452
514,6,train,94,484,490.185094
514,6,train,95,595,593.280148
514,6,train,96,577,566.685164
514,6,train,97,494,492.816046
514,6,train,98,612,604.330023
514,6,train,99,601,598.884346
514,6,train,100,596,584.349299
514,6,train,101,524,519.546887
514,6,train,102,618,601.352414
514,6,train,103,597,588.886916
514,6,train,104,500,505.076892
514,6,train,105,465,489.968925
514,6,train,106,606,600.013410
514,6,train,107,577,561.144698
514,6,train,108,522,518.434535
514,6,train,109,613,597.805804
514,6,train,110,490,496.913739
514,6,train,111,509,527.877177
514,6,train,112,505,508.329304
514,6,train,113,462,479.900793
514,6,train,114,543,526.102045
514,6,train,115,507,507.589522
514,6,train,116,456,465.435748
514,6,train,117,670,649.726636
514,6,train,118,550,542.466658
514,6,train,119,524,521.953846
514,6,train,120,502,507.212631
514,6,train,121,517,515.073627
514,6,train,122,612,609.156412
514,6,train,123,617,586.276995
514,6,train,124,472,497.588431
514,6,train,125,623,604.662383
514,6,train,126,592,591.539389
514,6,train,127,469,482.158879
514,6,train,128,488,493.684386
514,6,train,129,591,579.155000
514,6,train,130,525,525.031700
514,6,train,131,501,502.996691
514,6,train,132,475,480.146937
514,6,train,133,568,572.511745
514,6,train,134,480,491.505257
514,6,train,135,471,486.137227
514,6,train,136,640,639.364486
514,6,train,137,487,489.886033
514,6,train,138,466,484.780374
514,6,train,139,509,510.419616
514,6,train,140,505,507.256795
514,7,test,0,623,557.814110
514,7,test,1,456,481.195013
514,7,test,2,606,556.338186
514,7,test,3,597,577.201848
514,7,test,4,624,608.485722
514,7,test,5,524,506.105263
514,7,test,6,543,505.040034
514,7,test,7,507,512.854127
514,7,test,8,502,512.050276
514,7,test,9,561,504.907549
514,7,test,10,597,577.487402
514,7,test,11,644,582.943449
514,7,test,12,481,516.051858
514,7,test,13,572,568.368101
514,7,test,14,526,521.826065
514,7,test,15,451,497.641216
514,7,test,16,463,427.466165
514,7,test,17,670,646.101904
514,7,test,18,578,553.214446
514,7,test,19,504,504.812990
514,7,test,20,517,516.015736
514,7,test,21,488,522.509239
514,7,test,22,507,559.904367
514,7,test,23,478,527.880702
514,7,test,24,617,620.461366
514,7,test,25,689,627.816349
514,7,test,26,613,596.741041
514,7,test,27,630,617.603583
514,7,test,28,541,524.364539
514,7,test,29,693,578.758679
514,7,test,30,628,597.075215
514,7,test,31,583,566.839866
514,7,test,32,522,515.382325
514,7,test,33,500,509.305730
514,7,test,34,466,491.266636
514,7,test,35,519,512.016408
514,7,train,0,490,493.325255
514,7,train,1,577,567.112107
514,7,train,2,584,578.623180
514,7,train,3,586,572.216704
514,7,train,4,509,510.851296
514,7,train,5,504,500.507170
514,7,train,6,494,491.714695
514,7,train,7,516,514.746382
514,7,train,8,648,635.549085
514,7,train,9,577,570.052756
514,7,train,10,455,483.541433
514,7,train,11,505,506.670410
514,7,train,12,509,525.534381
514,7,train,13,492,490.621749
514,7,train,14,670,646.665174
514,7,train,15,463,467.699496
514,7,train,16,605,589.617101
514,7,train,17,456,460.754759
514,7,train,18,596,578.473187
514,7,train,19,506,532.323684
514,7,train,20,580,577.651976
514,7,train,21,598,590.425532
514,7,train,22,594,583.297499
514,7,train,23,618,583.485554
514,7,train,24,613,596.973964
514,7,train,25,446,464.325121
514,7,train,26,601,590.612915
514,7,train,27,500,501.341463
514,7,train,28,505,500.264576
514,7,train,29,480,478.984770
514,7,train,30,455,482.447928
514,7,train,31,591,574.826708
514,7,train,32,471,485.168502
514,7,train,33,608,591.873460
514,7,train,34,624,612.734602
514,7,train,35,524,522.304168
514,7,train,36,450,459.105668
514,7,train,37,479,484.778473
514,7,train,38,575,576.655095
514,7,train,39,612,602.112355
514,7,train,40,484,485.099664
514,7,train,41,572,572.243801
514,7,train,42,472,490.111683
514,7,train,43,510,509.728025
514,7,train,44,487,488.869510
514,7,train,45,431,460.869597
514,7,train,46,485,510.148563
514,7,train,47,580,585.213326
514,7,train,48,475,479.373529
514,7,train,49,616,620.117954
514,7,train,50,465,475.136938
514,7,train,51,525,518.240761
514,7,train,52,484,486.583427
514,7,train,53,509,510.604935
514,7,train,54,560,543.344345
514,7,train,55,572,569.215805
514,7,train,56,504,499.947377
514,7,train,57,606,597.171706
514,7,train,58,456,491.796093
514,7,train,59,600,595.561404
514,7,train,60,488,495.854770
514,7,train,61,442,460.718365
514,7,train,62,550,545.511403
514,7,train,63,596,598.082307
514,7,train,64,507,508.498416
514,7,train,65,460,495.221351
514,7,train,66,601,609.658455
514,7,train,67,488,494.373138
514,7,train,68,528,524.593485
514,7,train,69,522,518.648661
514,7,train,70,645,612.092230
514,7,train,71,495,511.515658
514,7,train,72,545,543.739455
514,7,train,73,610,601.863942
514,7,train,74,523,528.066443
514,7,train,75,482,499.934650
514,7,train,76,511,513.017522
514,7,train,77,535,520.119643
514,7,train,78,648,594.781759
514,7,train,79,597,581.585386
514,7,train,80,473,470.787645
514,7,train,81,541,549.377958
514,7,train,82,612,605.833987
514,7,train,83,489,493.550971
514,7,train,84,477,482.365062
514,7,train,85,495,496.341528
514,7,train,86,585,587.084546
514,7,train,87,465,489.969392
514,7,train,88,630,590.184770
514,7,train,89,617,582.805061
514,7,train,90,637,616.640258
514,7,train,91,519,524.428636
514,7,train,92,500,498.423301
514,7,train,93,476,482.459772
514,7,train,94,479,496.772380
514,7,train,95,649,629.566629
514,7,train,96,617,620.080627
514,7,train,97,464,477.454087
514,7,train,98,464,480.593169
514,7,train,99,584,580.495801
514,7,train,100,577,567.095985
514,7,train,101,524,523.698544
514,7,train,102,605,593.934677
514,7,train,103,462,480.105039
514,7,train,104,522,518.898381
514,7,train,105,515,510.526401
514,7,train,106,475,483.467936
514,7,train,107,584,578.884099
514,7,train,108,562,552.734602
514,7,train,109,630,618.522956
514,7,train,110,532,526.064135
514,7,train,111,555,551.757951
514,7,train,112,644,618.595745
514,7,train,113,528,523.705997
514,7,train,114,574,569.615901
514,7,train,115,597,584.789754
514,7,train,116,534,524.064567
514,7,train,117,534,531.003919
514,7,train,118,557,564.587693
514,7,train,119,608,604.139791
514,7,train,120,525,516.839775
514,7,train,121,459,489.163102
514,7,train,122,472,495.517021
514,7,train,123,501,498.678129
514,7,train,124,538,544.694121
514,7,train,125,508,509.544584
514,7,train,126,505,509.198391
514,7,train,127,592,590.812243
514,7,train,128,500,505.237685
514,7,train,129,580,576.111982
514,7,train,130,469,480.178331
514,7,train,131,585,587.236842
514,7,train,132,493,493.582171
514,7,train,133,473,501.463270
514,7,train,134,371,424.814206
514,7,train,135,516,515.283896
514,7,train,136,572,571.561830
514,7,train,137,484,479.062959
514,7,train,138,595,594.736562
514,7,train,139,568,571.566309
514,7,train,140,640,626.758119
514,8,test,0,511,507.272780
514,8,test,1,601,623.513514
514,8,test,2,572,571.594273
514,8,test,3,475,500.262548
514,8,test,4,562,540.503713
514,8,test,5,617,634.911197
514,8,test,6,689,624.100386
514,8,test,7,591,553.198842
514,8,test,8,534,531.362934
514,8,test,9,624,603.972973
514,8,test,10,601,625.061776
514,8,test,11,568,581.315360
514,8,test,12,462,526.022052
514,8,test,13,473,601.907336
514,8,test,14,519,518.120722
514,8,test,15,595,589.858603
514,8,test,16,455,557.932819
514,8,test,17,555,537.127413
514,8,test,18,586,559.493887
514,8,test,19,525,527.237838
514,8,test,20,597,569.430502
514,8,test,21,617,634.749035
514,8,test,22,605,570.783012
514,8,test,23,528,527.045367
514,8,test,24,446,510.333977
514,8,test,25,476,509.237452
514,8,test,26,475,496.243243
514,8,test,27,612,591.235521
514,8,test,28,465,534.702703
514,8,test,29,583,570.474131
514,8,test,30,488,500.297297
514,8,test,31,431,531.625483
514,8,test,32,507,507.727756
514,8,test,33,606,531.910425
514,8,test,34,481,514.463320
514,8,test,35,526,532.424710
514,8,train,0,630,596.250965
514,8,train,1,510,506.843629
514,8,train,2,617,586.058773
514,8,train,3,577,566.451737
514,8,train,4,488,508.479151
514,8,train,5,506,532.250579
514,8,train,6,471,484.513192
514,8,train,7,505,504.313900
514,8,train,8,504,500.131274
514,8,train,9,484,494.758687
514,8,train,10,515,509.043629
514,8,train,11,557,568.548263
514,8,train,12,456,490.081081
514,8,train,13,487,493.702767
514,8,train,14,572,571.405084
514,8,train,15,630,627.146718
514,8,train,16,538,534.548263
514,8,train,17,608,607.281853
514,8,train,18,371,408.223938
514,8,train,19,580,590.343629
514,8,train,20,584,584.888031
514,8,train,21,580,580.509331
514,8,train,22,500,505.208237
514,8,train,23,623,602.328185
514,8,train,24,495,509.482625
514,8,train,25,561,538.000000
514,8,train,26,628,618.899614
514,8,train,27,492,490.202703
514,8,train,28,574,569.756757
514,8,train,29,472,494.963707
514,8,train,30,509,508.937795
514,8,train,31,480,477.640927
514,8,train,32,516,516.319886
514,8,train,33,637,628.185328
514,8,train,34,613,605.544080
514,8,train,35,608,597.525097
514,8,train,36,524,523.786531
514,8,train,37,519,512.932370
514,8,train,38,597,591.853282
514,8,train,39,606,598.038610
514,8,train,40,523,540.579151
514,8,train,41,488,505.180502
514,8,train,42,477,481.254826
514,8,train,43,456,460.030888
514,8,train,44,618,597.872587
514,8,train,45,509,509.505363
514,8,train,46,493,495.432819
514,8,train,47,575,579.262548
514,8,train,48,577,559.436293
514,8,train,49,501,509.851737
514,8,train,50,585,588.262548
514,8,train,51,596,579.157979
514,8,train,52,463,470.942085
514,8,train,53,649,621.984556
514,8,train,54,598,588.212355
514,8,train,55,693,652.370656
514,8,train,56,630,626.864865
514,8,train,57,508,507.528207
514,8,train,58,469,472.220077
514,8,train,59,472,501.957529
514,8,train,60,524,521.365251
514,8,train,61,545,555.041699
514,8,train,62,597,591.548263
514,8,train,63,543,531.146570
514,8,train,64,484,484.938610
514,8,train,65,525,521.679774
514,8,train,66,580,580.610039
514,8,train,67,522,518.420077
514,8,train,68,505,505.330523
514,8,train,69,504,498.618147
514,8,train,70,450,463.212355
514,8,train,71,478,497.374517
514,8,train,72,495,495.104633
514,8,train,73,624,617.953668
514,8,train,74,584,583.092664
514,8,train,75,459,483.420849
514,8,train,76,500,496.849807
514,8,train,77,594,588.737452
514,8,train,78,616,626.054054
514,8,train,79,541,538.293436
514,8,train,80,560,547.606178
514,8,train,81,644,620.969112
514,8,train,82,505,504.766474
514,8,train,83,494,491.513900
514,8,train,84,463,440.498069
514,8,train,85,648,640.996139
514,8,train,86,592,590.704485
514,8,train,87,464,476.691120
514,8,train,88,484,485.845946
514,8,train,89,504,515.945797
514,8,train,90,585,588.490347
514,8,train,91,645,610.482625
514,8,train,92,479,489.102317
514,8,train,93,578,574.718147
514,8,train,94,541,536.254826
514,8,train,95,455,475.637066
514,8,train,96,610,600.005321
514,8,train,97,577,573.617761
514,8,train,98,535,527.290585
514,8,train,99,507,512.966261
514,8,train,100,612,610.528958
514,8,train,101,670,664.471042
514,8,train,102,490,490.784170
514,8,train,103,572,573.964929
514,8,train,104,550,540.884170
514,8,train,105,485,514.952124
514,8,train,106,489,494.594659
514,8,train,107,502,504.332068
514,8,train,108,534,528.527992
514,8,train,109,524,525.917954
514,8,train,110,509,530.645047
514,8,train,111,640,625.316602
514,8,train,112,500,508.465251
514,8,train,113,605,603.555985
514,8,train,114,596,601.467181
514,8,train,115,644,626.783784
514,8,train,116,528,522.915058
514,8,train,117,482,502.073359
514,8,train,118,572,571.084620
514,8,train,119,460,484.138996
514,8,train,120,648,606.640927
514,8,train,121,442,453.889813
514,8,train,122,670,664.625483
514,8,train,123,522,516.747834
514,8,train,124,473,463.285714
514,8,train,125,464,471.671815
514,8,train,126,532,522.074519
514,8,train,127,507,522.107786
514,8,train,128,451,463.521236
514,8,train,129,479,486.702317
514,8,train,130,465,465.555985
514,8,train,131,456,461.438075
514,8,train,132,613,605.547941
514,8,train,133,466,470.308880
514,8,train,134,600,598.862786
514,8,train,135,516,516.142280
514,8,train,136,584,582.722008
514,8,train,137,500,502.069241
514,8,train,138,517,513.557659
514,8,train,139,522,516.276791
514,8,train,140,597,591.374517
514,9,test,0,507,544.006045
514,9,test,1,510,512.640707
514,9,test,2,648,613.703014
514,9,test,3,500,494.822695
514,9,test,4,606,559.000000
514,9,test,5,482,504.879039
514,9,test,6,605,572.824706
514,9,test,7,488,528.052998
514,9,test,8,585,605.472450
514,9,test,9,585,605.472450
514,9,test,10,640,642.070922
514,9,test,11,630,537.517730
514,9,test,12,586,553.350023
514,9,test,13,644,566.347518
514,9,test,14,505,513.064573
514,9,test,15,495,499.663790
514,9,test,16,560,538.768085
514,9,test,17,472,524.065586
514,9,test,18,543,503.814837
514,9,test,19,572,569.802872
514,9,test,20,577,556.323911
514,9,test,21,612,612.955674
514,9,test,22,550,529.125372
514,9,test,23,595,595.781461
514,9,test,24,459,511.872340
514,9,test,25,597,590.054171
514,9,test,26,509,512.258415
514,9,test,27,492,488.820162
514,9,test,28,616,617.078901
514,9,test,29,591,557.373556
514,9,test,30,477,492.028369
514,9,test,31,500,510.211274
514,9,test,32,608,595.899133
514,9,test,33,371,479.692199
514,9,test,34,644,586.680513
514,9,test,35,504,494.773050
514,9,train,0,475,478.252482
514,9,train,1,528,525.988256
514,9,train,2,592,591.262116
514,9,train,3,541,544.825200
514,9,train,4,568,571.427457
514,9,train,5,535,523.183324
514,9,train,6,617,591.626316
514,9,train,7,524,519.872340
514,9,train,8,485,522.232270
514,9,train,9,456,464.813576
514,9,train,10,613,603.730082
514,9,train,11,472,490.948109
514,9,train,12,596,601.741953
514,9,train,13,471,479.374232
514,9,train,14,507,510.710510
514,9,train,15,525,520.865248
514,9,train,16,484,478.942756
514,9,train,17,606,598.842452
514,9,train,18,557,563.843786
514,9,train,19,562,557.318811
514,9,train,20,473,484.817021
514,9,train,21,473,498.837724
514,9,train,22,572,569.296335
514,9,train,23,598,586.120567
514,9,train,24,522,518.401047
514,9,train,25,584,587.217130
514,9,train,26,484,485.630699
514,9,train,27,610,600.334652
514,9,train,28,509,510.258415
514,9,train,29,628,614.217100
514,9,train,30,538,544.677834
514,9,train,31,511,511.686226
514,9,train,32,450,461.953901
514,9,train,33,500,503.447114
514,9,train,34,528,521.026815
514,9,train,35,612,592.147360
514,9,train,36,597,584.829787
514,9,train,37,541,535.692671
514,9,train,38,431,455.970055
514,9,train,39,584,581.005854
514,9,train,40,577,568.066549
514,9,train,41,478,495.474367
514,9,train,42,617,616.068262
514,9,train,43,500,507.474271
514,9,train,44,522,517.642182
514,9,train,45,649,635.057111
514,9,train,46,524,520.791000
514,9,train,47,494,489.798886
514,9,train,48,577,550.458663
514,9,train,49,487,484.913239
514,9,train,50,488,500.767573
514,9,train,51,584,580.729258
514,9,train,52,479,493.985028
514,9,train,53,465,497.794563
514,9,train,54,583,574.800000
514,9,train,55,613,604.517316
514,9,train,56,466,475.294090
514,9,train,57,670,658.517730
514,9,train,58,637,622.856383
514,9,train,59,630,628.665248
514,9,train,60,517,517.057571
514,9,train,61,455,489.446809
514,9,train,62,505,507.477554
514,9,train,63,578,568.035199
514,9,train,64,505,499.390071
514,9,train,65,624,618.572695
514,9,train,66,618,594.572083
514,9,train,67,605,602.451142
514,9,train,68,462,480.796664
514,9,train,69,501,497.883885
514,9,train,70,460,501.473522
514,9,train,71,534,521.327727
514,9,train,72,515,512.734549
514,9,train,73,617,616.479610
514,9,train,74,545,540.848362
514,9,train,75,508,507.966695
514,9,train,76,597,590.330767
514,9,train,77,489,496.250253
514,9,train,78,600,596.333038
514,9,train,79,481,501.245807
514,9,train,80,575,575.007092
514,9,train,81,623,601.312430
514,9,train,82,580,576.677018
514,9,train,83,608,593.679081
514,9,train,84,479,488.281757
514,9,train,85,469,472.641135
514,9,train,86,464,482.481061
514,9,train,87,670,658.645390
514,9,train,88,597,587.828403
514,9,train,89,580,585.576776
514,9,train,90,509,522.735247
514,9,train,91,572,569.296335
514,9,train,92,594,580.453715
514,9,train,93,456,464.661094
514,9,train,94,465,469.724924
514,9,train,95,451,461.723877
514,9,train,96,574,576.638298
514,9,train,97,475,481.782033
514,9,train,98,493,498.451024
514,9,train,99,476,480.915091
514,9,train,100,484,485.545593
514,9,train,101,693,650.222813
514,9,train,102,463,470.737082
514,9,train,103,507,508.176010
514,9,train,104,504,500.547478
514,9,train,105,506,527.035422
514,9,train,106,624,611.836989
514,9,train,107,630,627.700709
514,9,train,108,555,550.571451
514,9,train,109,504,506.596082
514,9,train,110,524,525.565436
514,9,train,111,490,494.972982
514,9,train,112,523,524.759574
514,9,train,113,463,476.798582
514,9,train,114,516,520.384626
514,9,train,115,580,576.996689
514,9,train,116,601,608.688317
514,9,train,117,532,525.976736
514,9,train,118,596,582.000000
514,9,train,119,525,519.159345
514,9,train,120,464,479.702128
514,9,train,121,519,524.541161
514,9,train,122,648,600.989514
514,9,train,123,495,514.598186
514,9,train,124,645,608.872340
514,9,train,125,522,519.203231
514,9,train,126,480,489.838906
514,9,train,127,456,487.774265
514,9,train,128,488,495.644321
514,9,train,129,572,572.248893
514,9,train,130,526,524.480330
514,9,train,131,601,601.265324
514,9,train,132,442,459.479905
514,9,train,133,561,536.830125
514,9,train,134,455,488.269504
514,9,train,135,502,507.581035
514,9,train,136,446,464.546099
514,9,train,137,534,534.309220
514,9,train,138,689,663.333333
514,9,train,139,516,521.689591
514,9,train,140,519,513.288714
514,10,test,0,557,578.582578
514,10,test,1,572,565.936497
514,10,test,2,507,524.069012
514,10,test,3,510,508.786791
514,10,test,4,534,535.392449
514,10,test,5,613,595.925796
514,10,test,6,526,521.689144
514,10,test,7,616,626.719087
514,10,test,8,462,510.758672
514,10,test,9,577,549.788929
514,10,test,10,525,522.451040
514,10,test,11,509,550.379239
514,10,test,12,472,534.116026
514,10,test,13,464,511.107893
514,10,test,14,572,557.619237
514,10,test,15,442,508.106237
514,10,test,16,584,577.439490
514,10,test,17,524,509.427229
514,10,test,18,469,484.747954
514,10,test,19,506,574.182925
514,10,test,20,475,493.277298
514,10,test,21,481,510.912777
514,10,test,22,610,578.008630
514,10,test,23,580,562.439159
514,10,test,24,595,573.329766
514,10,test,25,500,513.702386
514,10,test,26,592,590.803095
514,10,test,27,517,512.864382
514,10,test,28,456,499.621002
514,10,test,29,488,503.701225
514,10,test,30,543,511.805861
514,10,test,31,524,525.746996
514,10,test,32,612,584.814748
514,10,test,33,504,517.835566
514,10,test,34,522,511.903575
514,10,test,35,591,561.265584
514,10,train,0,584,577.143731
514,10,train,1,572,568.781101
514,10,train,2,693,653.218088
514,10,train,3,466,478.345116
514,10,train,4,583,587.219099
514,10,train,5,535,524.689583
514,10,train,6,640,639.321865
514,10,train,7,490,499.687075
514,10,train,8,523,525.300480
514,10,train,9,630,626.376110
514,10,train,10,504,499.828796
514,10,train,11,489,496.281048
514,10,train,12,630,627.201757
514,10,train,13,606,595.378635
514,10,train,14,446,466.258066
514,10,train,15,645,613.228588
514,10,train,16,505,506.344676
514,10,train,17,584,579.663877
514,10,train,18,601,609.765361
514,10,train,19,505,501.975261
514,10,train,20,541,550.138213
514,10,train,21,456,467.618327
514,10,train,22,528,522.454539
514,10,train,23,644,616.290031
514,10,train,24,624,611.209438
514,10,train,25,371,410.432482
514,10,train,26,689,664.557790
514,10,train,27,494,490.682806
514,10,train,28,484,486.052833
514,10,train,29,585,588.154700
514,10,train,30,471,492.176861
514,10,train,31,493,495.165572
514,10,train,32,484,488.308867
514,10,train,33,670,662.400450
514,10,train,34,608,591.246055
514,10,train,35,624,619.043015
514,10,train,36,522,518.316877
514,10,train,37,600,596.126281
514,10,train,38,568,569.427213
514,10,train,39,596,597.812737
514,10,train,40,572,559.246141
514,10,train,41,492,489.773966
514,10,train,42,644,626.675072
514,10,train,43,460,496.968760
514,10,train,44,541,554.046888
514,10,train,45,580,591.038598
514,10,train,46,475,482.669252
514,10,train,47,473,509.637477
514,10,train,48,511,512.476409
514,10,train,49,618,603.136739
514,10,train,50,648,637.013009
514,10,train,51,488,510.339776
514,10,train,52,623,602.210645
514,10,train,53,628,614.349841
514,10,train,54,598,586.230053
514,10,train,55,500,506.680175
514,10,train,56,580,578.113923
514,10,train,57,487,491.036100
514,10,train,58,473,473.454681
514,10,train,59,479,487.670954
514,10,train,60,596,582.582966
514,10,train,61,500,498.420247
514,10,train,62,495,512.193863
514,10,train,63,505,509.913041
514,10,train,64,561,537.188667
514,10,train,65,613,596.507074
514,10,train,66,459,490.201309
514,10,train,67,509,510.685458
514,10,train,68,597,585.499486
514,10,train,69,508,508.362647
514,10,train,70,507,508.900728
514,10,train,71,516,514.439586
514,10,train,72,574,573.003849
514,10,train,73,534,519.891922
514,10,train,74,451,468.631510
514,10,train,75,597,587.023493
514,10,train,76,562,555.723048
514,10,train,77,617,583.457304
514,10,train,78,519,522.423536
514,10,train,79,555,550.395682
514,10,train,80,463,469.140917
514,10,train,81,608,598.153920
514,10,train,82,456,490.248915
514,10,train,83,597,592.244106
514,10,train,84,597,592.424983
514,10,train,85,524,523.065470
514,10,train,86,577,569.053549
514,10,train,87,501,499.045040
514,10,train,88,450,460.650178
514,10,train,89,594,587.800866
514,10,train,90,605,590.976901
514,10,train,91,577,563.701535
514,10,train,92,478,495.816408
514,10,train,93,605,600.552136
514,10,train,94,515,510.847171
514,10,train,95,532,522.258609
514,10,train,96,649,637.132483
514,10,train,97,504,499.847024
514,10,train,98,509,510.782076
514,10,train,99,484,479.722805
514,10,train,100,522,518.148982
514,10,train,101,648,593.540602
514,10,train,102,586,569.366990
514,10,train,103,578,572.663813
514,10,train,104,465,498.267257
514,10,train,105,612,610.981407
514,10,train,106,455,486.119981
514,10,train,107,477,482.568232
514,10,train,108,585,588.745251
514,10,train,109,630,590.542231
514,10,train,110,670,663.080990
514,10,train,111,516,515.495293
514,10,train,112,463,449.215591
514,10,train,113,519,513.343197
514,10,train,114,507,525.782136
514,10,train,115,525,517.933985
514,10,train,116,482,496.726187
514,10,train,117,488,494.258204
514,10,train,118,637,621.086335
514,10,train,119,480,497.160660
514,10,train,120,606,590.978247
514,10,train,121,485,516.783830
514,10,train,122,617,618.425610
514,10,train,123,560,552.992925
514,10,train,124,464,480.069201
514,10,train,125,617,617.895576
514,10,train,126,545,546.943084
514,10,train,127,465,472.091074
514,10,train,128,601,603.327125
514,10,train,129,538,544.068119
514,10,train,130,495,496.800877
514,10,train,131,472,493.259631
514,10,train,132,431,469.610505
514,10,train,133,500,504.829990
514,10,train,134,476,486.169270
514,10,train,135,479,495.071996
514,10,train,136,575,572.768491
514,10,train,137,455,481.560835
514,10,train,138,550,544.647223
514,10,train,139,502,508.494854
514,10,train,140,528,524.658262
