max_features,random_state,dataset,index,experimental,predicted
20,1,test,0,0.043800,0.101294
20,1,test,1,0.044200,0.118865
20,1,test,2,0.075400,0.091578
20,1,test,3,0.115100,0.131252
20,1,test,4,0.020000,0.130025
20,1,test,5,0.090000,0.102233
20,1,test,6,-0.390000,0.136678
20,1,test,7,0.111520,0.134144
20,1,test,8,0.110000,0.129436
20,1,test,9,0.080000,0.110858
20,1,test,10,0.439000,0.232932
20,1,test,11,0.320000,0.208437
20,1,test,12,0.185100,0.169429
20,1,test,13,0.144500,0.155156
20,1,test,14,0.150000,0.190017
20,1,test,15,0.174900,0.163587
20,1,test,16,0.040000,0.116731
20,1,test,17,0.030000,0.104319
20,1,test,18,0.062000,0.101688
20,1,test,19,0.010000,0.072324
20,1,test,20,0.200000,0.183888
20,1,test,21,0.224400,0.144081
20,1,test,22,0.163300,0.135226
20,1,test,23,0.250000,0.211503
20,1,test,24,0.040000,0.113693
20,1,test,25,0.190000,0.122690
20,1,test,26,0.200000,0.134831
20,1,test,27,0.050000,0.149173
20,1,test,28,0.151000,0.138197
20,1,test,29,0.190000,0.140460
20,1,test,30,0.058480,0.103409
20,1,test,31,0.190000,0.126066
20,1,test,32,0.063300,0.100094
20,1,train,0,0.100000,0.114555
20,1,train,1,0.150000,0.176666
20,1,train,2,0.023500,0.077080
20,1,train,3,0.403000,0.245731
20,1,train,4,0.190000,0.168106
20,1,train,5,0.115100,0.131252
20,1,train,6,0.380000,0.258607
20,1,train,7,0.110000,0.129436
20,1,train,8,0.242000,0.212583
20,1,train,9,0.020000,0.077080
20,1,train,10,0.020000,0.107988
20,1,train,11,0.050000,0.091583
20,1,train,12,-0.110000,0.047394
20,1,train,13,0.010000,0.068899
20,1,train,14,0.090000,0.108738
20,1,train,15,0.330000,0.235470
20,1,train,16,0.018000,0.085203
20,1,train,17,0.244400,0.198122
20,1,train,18,0.010000,0.077114
20,1,train,19,0.200000,0.182709
20,1,train,20,-0.350000,-0.035002
20,1,train,21,0.100000,0.118658
20,1,train,22,0.260000,0.215050
20,1,train,23,0.144700,0.142093
20,1,train,24,0.080000,0.093508
20,1,train,25,0.151000,0.138197
20,1,train,26,0.000000,0.079271
20,1,train,27,0.024200,0.082796
20,1,train,28,0.035400,0.079763
20,1,train,29,0.220000,0.184176
20,1,train,30,0.084600,0.105343
20,1,train,31,0.070000,0.087713
20,1,train,32,0.048480,0.087263
20,1,train,33,0.090000,0.111942
20,1,train,34,0.360000,0.236635
20,1,train,35,0.290000,0.226671
20,1,train,36,0.220000,0.193012
20,1,train,37,0.270000,0.224815
20,1,train,38,0.280000,0.216841
20,1,train,39,0.260000,0.219822
20,1,train,40,0.790000,0.481227
20,1,train,41,0.310000,0.246566
20,1,train,42,0.020000,0.076358
20,1,train,43,0.120000,0.138979
20,1,train,44,0.144700,0.142093
20,1,train,45,-0.080000,0.066744
20,1,train,46,0.020000,0.076488
20,1,train,47,0.094900,0.114206
20,1,train,48,0.035100,0.081879
20,1,train,49,0.094700,0.111751
20,1,train,50,0.160000,0.135226
20,1,train,51,0.040000,0.088689
20,1,train,52,0.180000,0.167044
20,1,train,53,0.230000,0.195644
20,1,train,54,0.010000,0.074788
20,1,train,55,0.090000,0.109029
20,1,train,56,0.020000,0.085292
20,1,train,57,0.284200,0.209902
20,1,train,58,0.135000,0.144493
20,1,train,59,0.820000,0.468527
20,1,train,60,0.045300,0.087667
20,1,train,61,0.035400,0.079763
20,1,train,62,0.240000,0.217267
20,1,train,63,0.020000,0.085100
20,1,train,64,0.264400,0.219176
20,1,train,65,0.093900,0.108738
20,1,train,66,0.030000,0.085473
20,1,train,67,0.280000,0.173777
20,1,train,68,0.018000,0.073786
20,1,train,69,0.080000,0.099699
20,1,train,70,0.280000,0.220611
20,1,train,71,0.050000,0.085383
20,1,train,72,0.174900,0.163587
20,1,train,73,0.130000,0.135398
20,1,train,74,0.190000,0.168177
20,1,train,75,0.790000,0.482177
20,1,train,76,0.170000,0.151035
20,1,train,77,0.090000,0.108327
20,1,train,78,0.075400,0.091578
20,1,train,79,0.273300,0.214717
20,1,train,80,0.030000,0.088390
20,1,train,81,0.185100,0.169429
20,1,train,82,0.160000,0.154530
20,1,train,83,0.054300,0.092335
20,1,train,84,0.094900,0.114206
20,1,train,85,0.193500,0.175471
20,1,train,86,0.030000,0.077984
20,1,train,87,0.073410,0.092989
20,1,train,88,0.022000,0.076553
20,1,train,89,0.210000,0.179666
20,1,train,90,0.010000,0.067159
20,1,train,91,0.210000,0.187414
20,1,train,92,0.094600,0.106038
20,1,train,93,-0.030000,0.068381
20,1,train,94,0.180000,0.162900
20,1,train,95,0.032000,0.088865
20,1,train,96,0.114400,0.125563
20,1,train,97,0.290000,0.222494
20,1,train,98,0.150000,0.157026
20,1,train,99,0.350000,0.246539
20,1,train,100,0.190000,0.175471
20,1,train,101,0.160000,0.156916
20,1,train,102,0.240000,0.204609
20,1,train,103,0.232000,0.193434
20,1,train,104,0.137000,0.139066
20,1,train,105,0.270000,0.214717
20,1,train,106,0.060000,0.100094
20,1,train,107,0.380000,0.262091
20,1,train,108,0.160000,0.152536
20,1,train,109,0.072000,0.095421
20,1,train,110,0.130000,0.135398
20,1,train,111,0.100000,0.114555
20,1,train,112,0.540000,0.289227
20,1,train,113,0.160000,0.154589
20,1,train,114,0.133000,0.173777
20,1,train,115,0.240000,0.207435
20,1,train,116,0.025000,0.074131
20,1,train,117,0.260000,0.218077
20,1,train,118,0.065340,0.094665
20,1,train,119,0.052410,0.090405
20,1,train,120,0.020000,0.069219
20,1,train,121,0.260000,0.232847
20,1,train,122,0.240000,0.195656
20,1,train,123,0.011000,0.083627
20,1,train,124,0.035100,0.081879
20,1,train,125,0.030000,0.068704
20,1,train,126,0.020000,0.067184
20,1,train,127,0.370000,0.237175
20,1,train,128,0.020000,0.093139
20,1,train,129,0.095300,0.108485
20,2,test,0,0.310000,0.341711
20,2,test,1,0.260000,0.354529
20,2,test,2,0.072000,0.014943
20,2,test,3,0.270000,0.248844
20,2,test,4,0.180000,0.188307
20,2,test,5,0.210000,0.102128
20,2,test,6,0.052410,0.055442
20,2,test,7,0.080000,0.044877
20,2,test,8,0.032000,0.102054
20,2,test,9,0.280000,0.080690
20,2,test,10,0.093900,0.054042
20,2,test,11,0.240000,0.247801
20,2,test,12,0.100000,0.101650
20,2,test,13,0.150000,0.269955
20,2,test,14,0.090000,0.054042
20,2,test,15,0.273300,0.238464
20,2,test,16,0.110000,0.116850
20,2,test,17,0.011000,0.231474
20,2,test,18,0.200000,0.159850
20,2,test,19,0.111520,0.284922
20,2,test,20,-0.080000,0.155259
20,2,test,21,0.073410,0.047189
20,2,test,22,0.043800,0.053957
20,2,test,23,0.010000,0.037397
20,2,test,24,-0.350000,0.238504
20,2,test,25,0.260000,0.285495
20,2,test,26,0.084600,0.078966
20,2,test,27,0.224400,0.163286
20,2,test,28,0.010000,0.022247
20,2,test,29,0.035100,0.045787
20,2,test,30,0.174900,0.161976
20,2,test,31,0.018000,0.056168
20,2,test,32,0.020000,0.309873
20,2,train,0,0.115100,0.117535
20,2,train,1,0.320000,0.306240
20,2,train,2,0.023500,0.028710
20,2,train,3,0.790000,0.756727
20,2,train,4,-0.110000,-0.042356
20,2,train,5,0.080000,0.082585
20,2,train,6,0.024200,0.028383
20,2,train,7,0.190000,0.188299
20,2,train,8,0.170000,0.168073
20,2,train,9,0.133000,0.205771
20,2,train,10,0.040000,0.035544
20,2,train,11,0.020000,0.022971
20,2,train,12,0.010000,0.019420
20,2,train,13,0.144700,0.145169
20,2,train,14,0.040000,0.047718
20,2,train,15,0.030000,0.029290
20,2,train,16,0.820000,0.756727
20,2,train,17,0.090000,0.081127
20,2,train,18,0.010000,0.017210
20,2,train,19,0.244400,0.239915
20,2,train,20,0.190000,0.126164
20,2,train,21,0.144700,0.145169
20,2,train,22,0.020000,0.025514
20,2,train,23,0.264400,0.256008
20,2,train,24,0.048480,0.055749
20,2,train,25,0.240000,0.237117
20,2,train,26,0.110000,0.116850
20,2,train,27,0.062000,0.069239
20,2,train,28,0.065340,0.074942
20,2,train,29,0.180000,0.179633
20,2,train,30,0.030000,0.035009
20,2,train,31,0.120000,0.141940
20,2,train,32,0.025000,0.030203
20,2,train,33,0.114400,0.124313
20,2,train,34,-0.390000,-0.205402
20,2,train,35,0.030000,0.036935
20,2,train,36,0.020000,0.028710
20,2,train,37,0.018000,0.024435
20,2,train,38,0.090000,0.084339
20,2,train,39,0.151000,0.151121
20,2,train,40,0.790000,0.756727
20,2,train,41,0.094600,0.094448
20,2,train,42,0.020000,0.011764
20,2,train,43,0.190000,0.179338
20,2,train,44,0.050000,0.056014
20,2,train,45,0.040000,0.048635
20,2,train,46,0.240000,0.234347
20,2,train,47,0.439000,0.399785
20,2,train,48,0.050000,0.053548
20,2,train,49,0.000000,0.005911
20,2,train,50,0.185100,0.184721
20,2,train,51,0.270000,0.238464
20,2,train,52,0.151000,0.151121
20,2,train,53,0.130000,0.131872
20,2,train,54,0.540000,0.436667
20,2,train,55,0.240000,0.237088
20,2,train,56,0.075400,0.074387
20,2,train,57,0.010000,0.025824
20,2,train,58,0.144500,0.143522
20,2,train,59,0.075400,0.074387
20,2,train,60,0.130000,0.131872
20,2,train,61,-0.030000,0.000426
20,2,train,62,0.280000,0.205771
20,2,train,63,0.190000,0.189147
20,2,train,64,0.284200,0.253142
20,2,train,65,0.063300,0.068014
20,2,train,66,0.020000,0.032236
20,2,train,67,0.094900,0.099053
20,2,train,68,0.260000,0.260736
20,2,train,69,0.054300,0.060884
20,2,train,70,0.135000,0.139316
20,2,train,71,0.160000,0.141178
20,2,train,72,0.100000,0.101650
20,2,train,73,0.035400,0.037728
20,2,train,74,0.160000,0.157466
20,2,train,75,0.260000,0.250822
20,2,train,76,0.150000,0.161129
20,2,train,77,0.232000,0.224668
20,2,train,78,0.020000,0.031131
20,2,train,79,0.020000,0.040132
20,2,train,80,0.100000,0.105175
20,2,train,81,0.200000,0.135749
20,2,train,82,0.290000,0.280709
20,2,train,83,0.050000,0.064221
20,2,train,84,0.020000,0.024904
20,2,train,85,0.030000,0.042567
20,2,train,86,0.160000,0.158888
20,2,train,87,0.350000,0.342651
20,2,train,88,0.020000,0.023802
20,2,train,89,0.163300,0.157466
20,2,train,90,0.210000,0.201958
20,2,train,91,0.035100,0.045787
20,2,train,92,0.190000,0.187373
20,2,train,93,0.115100,0.117535
20,2,train,94,0.022000,0.028377
20,2,train,95,0.160000,0.158844
20,2,train,96,0.160000,0.159108
20,2,train,97,0.185100,0.184721
20,2,train,98,0.360000,0.338034
20,2,train,99,0.290000,0.285880
20,2,train,100,0.090000,0.091596
20,2,train,101,0.094700,0.111248
20,2,train,102,0.094900,0.099053
20,2,train,103,0.070000,0.062644
20,2,train,104,0.030000,0.048178
20,2,train,105,0.380000,0.361569
20,2,train,106,0.330000,0.323239
20,2,train,107,0.242000,0.239494
20,2,train,108,0.045300,0.054614
20,2,train,109,0.200000,0.202809
20,2,train,110,0.190000,0.182231
20,2,train,111,0.080000,0.076667
20,2,train,112,0.220000,0.220327
20,2,train,113,0.230000,0.228126
20,2,train,114,0.095300,0.088225
20,2,train,115,0.280000,0.271354
20,2,train,116,0.250000,0.240697
20,2,train,117,0.150000,0.148379
20,2,train,118,0.058480,0.056866
20,2,train,119,0.060000,0.068014
20,2,train,120,0.044200,0.050051
20,2,train,121,0.403000,0.402071
20,2,train,122,0.035400,0.037728
20,2,train,123,0.380000,0.359070
20,2,train,124,0.220000,0.216213
20,2,train,125,0.174900,0.161976
20,2,train,126,0.193500,0.189147
20,2,train,127,0.137000,0.135723
20,2,train,128,0.370000,0.355097
20,2,train,129,0.090000,0.088768
20,3,test,0,-0.030000,0.121207
20,3,test,1,0.150000,0.133961
20,3,test,2,0.310000,0.143003
20,3,test,3,0.180000,0.129289
20,3,test,4,0.044200,0.125236
20,3,test,5,0.062000,0.129555
20,3,test,6,0.094900,0.136646
20,3,test,7,0.030000,0.121207
20,3,test,8,0.230000,0.179948
20,3,test,9,0.063300,0.139228
20,3,test,10,0.090000,0.121207
20,3,test,11,0.020000,0.121207
20,3,test,12,0.273300,0.149760
20,3,test,13,0.040000,0.131242
20,3,test,14,0.052410,0.121207
20,3,test,15,0.023500,0.121207
20,3,test,16,0.058480,0.121207
20,3,test,17,0.439000,0.150539
20,3,test,18,0.232000,0.114124
20,3,test,19,0.790000,0.195603
20,3,test,20,0.120000,0.164251
20,3,test,21,-0.390000,0.159943
20,3,test,22,0.050000,0.125236
20,3,test,23,0.540000,0.142163
20,3,test,24,0.185100,0.152050
20,3,test,25,0.190000,0.143036
20,3,test,26,0.360000,0.121207
20,3,test,27,0.200000,0.143577
20,3,test,28,0.190000,0.151777
20,3,test,29,0.032000,0.142085
20,3,test,30,0.020000,0.141265
20,3,test,31,0.220000,0.133961
20,3,test,32,-0.080000,0.146479
20,3,train,0,0.090000,0.134563
20,3,train,1,0.080000,0.129289
20,3,train,2,0.073410,0.121207
20,3,train,3,0.045300,0.125236
20,3,train,4,0.011000,0.114124
20,3,train,5,0.350000,0.164251
20,3,train,6,0.264400,0.151777
20,3,train,7,0.290000,0.164251
20,3,train,8,0.030000,0.121207
20,3,train,9,0.130000,0.139684
20,3,train,10,0.370000,0.164251
20,3,train,11,0.010000,0.121207
20,3,train,12,0.193500,0.152050
20,3,train,13,0.130000,0.139684
20,3,train,14,0.137000,0.140943
20,3,train,15,0.100000,0.126182
20,3,train,16,0.020000,0.125236
20,3,train,17,0.330000,0.164251
20,3,train,18,0.093900,0.134563
20,3,train,19,0.174900,0.142937
20,3,train,20,0.200000,0.148709
20,3,train,21,0.075400,0.121207
20,3,train,22,0.094900,0.136646
20,3,train,23,0.030000,0.122184
20,3,train,24,0.084600,0.135027
20,3,train,25,0.111520,0.132670
20,3,train,26,0.030000,0.131242
20,3,train,27,0.160000,0.143036
20,3,train,28,0.144700,0.141265
20,3,train,29,0.284200,0.152050
20,3,train,30,0.160000,0.149760
20,3,train,31,0.090000,0.129555
20,3,train,32,0.144500,0.140551
20,3,train,33,0.030000,0.130532
20,3,train,34,0.100000,0.136194
20,3,train,35,0.020000,0.121207
20,3,train,36,0.090000,0.123808
20,3,train,37,0.240000,0.143003
20,3,train,38,0.022000,0.122184
20,3,train,39,0.144700,0.141265
20,3,train,40,0.280000,0.146479
20,3,train,41,0.035400,0.121207
20,3,train,42,0.260000,0.150483
20,3,train,43,0.224400,0.151008
20,3,train,44,0.163300,0.139228
20,3,train,45,0.260000,0.148709
20,3,train,46,0.403000,0.154170
20,3,train,47,0.020000,0.121207
20,3,train,48,0.040000,0.129555
20,3,train,49,0.020000,0.121207
20,3,train,50,0.072000,0.121207
20,3,train,51,0.043800,0.121207
20,3,train,52,0.048480,0.123808
20,3,train,53,0.270000,0.164251
20,3,train,54,0.025000,0.125236
20,3,train,55,0.160000,0.143036
20,3,train,56,0.020000,0.114124
20,3,train,57,0.270000,0.149760
20,3,train,58,0.024200,0.125236
20,3,train,59,0.114400,0.137346
20,3,train,60,0.050000,0.122184
20,3,train,61,0.080000,0.129289
20,3,train,62,0.035400,0.121207
20,3,train,63,0.100000,0.136194
20,3,train,64,0.020000,0.121207
20,3,train,65,0.174900,0.142937
20,3,train,66,0.250000,0.164251
20,3,train,67,0.200000,0.159839
20,3,train,68,0.135000,0.140551
20,3,train,69,0.185100,0.152050
20,3,train,70,0.190000,0.149760
20,3,train,71,0.035100,0.125236
20,3,train,72,0.018000,0.114124
20,3,train,73,0.320000,0.179948
20,3,train,74,0.040000,0.131242
20,3,train,75,0.110000,0.136194
20,3,train,76,0.240000,0.159943
20,3,train,77,0.010000,0.121207
20,3,train,78,0.094700,0.143003
20,3,train,79,0.290000,0.164251
20,3,train,80,0.260000,0.164251
20,3,train,81,0.150000,0.148709
20,3,train,82,0.010000,0.121207
20,3,train,83,0.820000,0.195603
20,3,train,84,0.060000,0.139228
20,3,train,85,0.260000,0.164251
20,3,train,86,0.000000,0.121207
20,3,train,87,0.050000,0.127159
20,3,train,88,0.170000,0.146479
20,3,train,89,0.160000,0.142085
20,3,train,90,0.190000,0.159943
20,3,train,91,0.180000,0.146667
20,3,train,92,0.244400,0.151777
20,3,train,93,0.280000,0.164251
20,3,train,94,0.115100,0.138360
20,3,train,95,0.210000,0.139056
20,3,train,96,0.210000,0.150483
20,3,train,97,0.075400,0.121207
20,3,train,98,0.065340,0.133961
20,3,train,99,0.095300,0.125236
20,3,train,100,0.035100,0.125236
20,3,train,101,0.240000,0.164251
20,3,train,102,0.242000,0.164251
20,3,train,103,0.380000,0.195603
20,3,train,104,0.160000,0.139228
20,3,train,105,0.020000,0.125236
20,3,train,106,0.110000,0.136194
20,3,train,107,0.010000,0.121207
20,3,train,108,0.220000,0.159839
20,3,train,109,0.070000,0.121207
20,3,train,110,0.115100,0.138360
20,3,train,111,0.240000,0.149760
20,3,train,112,0.190000,0.152050
20,3,train,113,0.280000,0.152050
20,3,train,114,-0.110000,0.121207
20,3,train,115,0.151000,0.142085
20,3,train,116,0.054300,0.133961
20,3,train,117,0.133000,0.146479
20,3,train,118,0.151000,0.142085
20,3,train,119,0.150000,0.141265
20,3,train,120,-0.350000,0.114124
20,3,train,121,0.380000,0.164251
20,3,train,122,0.010000,0.121207
20,3,train,123,0.080000,0.124682
20,3,train,124,0.018000,0.121207
20,3,train,125,0.094600,0.135027
20,3,train,126,0.020000,0.121207
20,3,train,127,0.790000,0.195603
20,3,train,128,0.190000,0.154170
20,3,train,129,0.090000,0.127159
20,4,test,0,0.439000,0.138886
20,4,test,1,0.073410,0.131714
20,4,test,2,0.080000,0.131385
20,4,test,3,0.151000,0.131591
20,4,test,4,0.000000,0.132925
20,4,test,5,0.044200,0.133536
20,4,test,6,0.090000,0.134396
20,4,test,7,0.244400,0.135520
20,4,test,8,0.290000,0.140160
20,4,test,9,0.052410,0.136411
20,4,test,10,0.010000,0.131162
20,4,test,11,0.170000,0.139772
20,4,test,12,0.040000,0.141253
20,4,test,13,0.060000,0.132925
20,4,test,14,0.260000,0.143421
20,4,test,15,0.084600,0.134676
20,4,test,16,0.054300,0.136411
20,4,test,17,0.224400,0.136276
20,4,test,18,-0.080000,0.139772
20,4,test,19,0.062000,0.131385
20,4,test,20,0.284200,0.131171
20,4,test,21,0.200000,0.132180
20,4,test,22,0.160000,0.134756
20,4,test,23,0.144500,0.133862
20,4,test,24,0.090000,0.130051
20,4,test,25,0.010000,0.132056
20,4,test,26,0.185100,0.133953
20,4,test,27,0.790000,0.141940
20,4,test,28,0.310000,0.141253
20,4,test,29,0.010000,0.131162
20,4,test,30,0.280000,0.135869
20,4,test,31,0.380000,0.137531
20,4,test,32,0.273300,0.135290
20,4,train,0,0.025000,0.132279
20,4,train,1,0.050000,0.132939
20,4,train,2,0.050000,0.137025
20,4,train,3,0.185100,0.133953
20,4,train,4,0.190000,0.135869
20,4,train,5,0.065340,0.132180
20,4,train,6,0.040000,0.134362
20,4,train,7,0.144700,0.132925
20,4,train,8,0.130000,0.135290
20,4,train,9,0.240000,0.139571
20,4,train,10,0.250000,0.140160
20,4,train,11,0.111520,0.132642
20,4,train,12,0.100000,0.133819
20,4,train,13,0.023500,0.131171
20,4,train,14,0.094700,0.130051
20,4,train,15,0.242000,0.135869
20,4,train,16,0.030000,0.132056
20,4,train,17,0.200000,0.140160
20,4,train,18,0.360000,0.137531
20,4,train,19,0.270000,0.135290
20,4,train,20,0.150000,0.137531
20,4,train,21,0.380000,0.143421
20,4,train,22,0.270000,0.140160
20,4,train,23,0.040000,0.131162
20,4,train,24,0.080000,0.133403
20,4,train,25,0.020000,0.130051
20,4,train,26,0.011000,0.135137
20,4,train,27,0.080000,0.130051
20,4,train,28,0.090000,0.134304
20,4,train,29,0.070000,0.131162
20,4,train,30,0.193500,0.133062
20,4,train,31,0.190000,0.133062
20,4,train,32,0.264400,0.136403
20,4,train,33,0.150000,0.137531
20,4,train,34,0.280000,0.140160
20,4,train,35,0.018000,0.133062
20,4,train,36,0.022000,0.134676
20,4,train,37,0.035400,0.132180
20,4,train,38,0.032000,0.131385
20,4,train,39,0.240000,0.139180
20,4,train,40,0.163300,0.131591
20,4,train,41,0.094900,0.133403
20,4,train,42,0.030000,0.131162
20,4,train,43,0.110000,0.135290
20,4,train,44,0.030000,0.134676
20,4,train,45,0.540000,0.139772
20,4,train,46,0.230000,0.141399
20,4,train,47,0.280000,0.134870
20,4,train,48,0.115100,0.133532
20,4,train,49,0.210000,0.139518
20,4,train,50,0.063300,0.132925
20,4,train,51,0.058480,0.131714
20,4,train,52,0.320000,0.143421
20,4,train,53,0.020000,0.131162
20,4,train,54,0.115100,0.133532
20,4,train,55,0.220000,0.133862
20,4,train,56,0.020000,0.136276
20,4,train,57,0.190000,0.130051
20,4,train,58,0.100000,0.133819
20,4,train,59,0.370000,0.140453
20,4,train,60,0.095300,0.132844
20,4,train,61,0.350000,0.140453
20,4,train,62,0.190000,0.139294
20,4,train,63,0.020000,0.132939
20,4,train,64,0.035100,0.131171
20,4,train,65,0.048480,0.131385
20,4,train,66,0.035100,0.131171
20,4,train,67,0.072000,0.133398
20,4,train,68,0.110000,0.135290
20,4,train,69,0.190000,0.132180
20,4,train,70,0.190000,0.139260
20,4,train,71,0.075400,0.131385
20,4,train,72,0.240000,0.140160
20,4,train,73,0.260000,0.140453
20,4,train,74,0.090000,0.134943
20,4,train,75,0.090000,0.134362
20,4,train,76,-0.030000,0.131162
20,4,train,77,0.133000,0.134870
20,4,train,78,-0.350000,0.131558
20,4,train,79,0.174900,0.138719
20,4,train,80,0.290000,0.140160
20,4,train,81,0.160000,0.131591
20,4,train,82,0.030000,0.134870
20,4,train,83,0.137000,0.133062
20,4,train,84,0.180000,0.140160
20,4,train,85,0.820000,0.143421
20,4,train,86,0.093900,0.134396
20,4,train,87,0.094900,0.133403
20,4,train,88,0.024200,0.132044
20,4,train,89,0.020000,0.131171
20,4,train,90,0.020000,0.140453
20,4,train,91,0.144700,0.132925
20,4,train,92,0.151000,0.131591
20,4,train,93,0.050000,0.136252
20,4,train,94,0.100000,0.133791
20,4,train,95,0.403000,0.138886
20,4,train,96,0.035400,0.132180
20,4,train,97,0.130000,0.135290
20,4,train,98,0.150000,0.140160
20,4,train,99,0.260000,0.140160
20,4,train,100,0.180000,0.131591
20,4,train,101,0.018000,0.134676
20,4,train,102,0.135000,0.133862
20,4,train,103,0.160000,0.133536
20,4,train,104,-0.110000,0.133398
20,4,train,105,0.210000,0.137363
20,4,train,106,0.010000,0.131162
20,4,train,107,0.114400,0.133378
20,4,train,108,-0.390000,0.130051
20,4,train,109,0.010000,0.136411
20,4,train,110,0.094600,0.134676
20,4,train,111,0.020000,0.137550
20,4,train,112,0.790000,0.142269
20,4,train,113,0.160000,0.139294
20,4,train,114,0.260000,0.140160
20,4,train,115,0.045300,0.131171
20,4,train,116,0.043800,0.131385
20,4,train,117,0.020000,0.133536
20,4,train,118,0.232000,0.139180
20,4,train,119,0.020000,0.136411
20,4,train,120,0.075400,0.131385
20,4,train,121,0.030000,0.131162
20,4,train,122,0.200000,0.140033
20,4,train,123,0.330000,0.139979
20,4,train,124,0.020000,0.131162
20,4,train,125,0.160000,0.139294
20,4,train,126,0.174900,0.138719
20,4,train,127,0.220000,0.137158
20,4,train,128,0.240000,0.137640
20,4,train,129,0.120000,0.140160
20,5,test,0,0.054300,0.136863
20,5,test,1,0.240000,0.161668
20,5,test,2,0.040000,0.149029
20,5,test,3,0.790000,0.184899
20,5,test,4,0.100000,0.135955
20,5,test,5,0.010000,0.135186
20,5,test,6,0.094600,0.130921
20,5,test,7,-0.350000,0.154883
20,5,test,8,0.240000,0.150725
20,5,test,9,0.093900,0.141802
20,5,test,10,0.185100,0.151831
20,5,test,11,0.190000,0.146032
20,5,test,12,0.024200,0.135227
20,5,test,13,0.032000,0.137773
20,5,test,14,0.280000,0.155413
20,5,test,15,-0.030000,0.136686
20,5,test,16,0.030000,0.135890
20,5,test,17,0.160000,0.129982
20,5,test,18,0.260000,0.154141
20,5,test,19,0.063300,0.131285
20,5,test,20,0.190000,0.136428
20,5,test,21,0.160000,0.140685
20,5,test,22,0.163300,0.139505
20,5,test,23,0.023500,0.133076
20,5,test,24,0.094700,0.148195
20,5,test,25,0.174900,0.139327
20,5,test,26,0.090000,0.141802
20,5,test,27,0.035100,0.132449
20,5,test,28,0.052410,0.140163
20,5,test,29,0.200000,0.157095
20,5,test,30,0.010000,0.134647
20,5,test,31,0.220000,0.156138
20,5,test,32,0.190000,0.153586
20,5,train,0,0.160000,0.148489
20,5,train,1,0.790000,0.186202
20,5,train,2,0.075400,0.126768
20,5,train,3,0.050000,0.131610
20,5,train,4,0.110000,0.136199
20,5,train,5,0.310000,0.167990
20,5,train,6,0.040000,0.134094
20,5,train,7,0.090000,0.136913
20,5,train,8,0.174900,0.139327
20,5,train,9,0.020000,0.126201
20,5,train,10,0.144700,0.141181
20,5,train,11,-0.110000,0.128293
20,5,train,12,0.133000,0.138776
20,5,train,13,0.048480,0.131095
20,5,train,14,0.010000,0.128330
20,5,train,15,0.220000,0.151205
20,5,train,16,0.250000,0.162904
20,5,train,17,0.190000,0.146449
20,5,train,18,0.270000,0.157460
20,5,train,19,0.193500,0.149211
20,5,train,20,0.232000,0.153976
20,5,train,21,0.260000,0.166054
20,5,train,22,0.370000,0.166772
20,5,train,23,0.100000,0.138450
20,5,train,24,0.260000,0.166772
20,5,train,25,0.060000,0.131285
20,5,train,26,0.151000,0.143036
20,5,train,27,0.020000,0.130861
20,5,train,28,0.244400,0.161919
20,5,train,29,0.094900,0.133356
20,5,train,30,0.025000,0.126334
20,5,train,31,0.018000,0.126056
20,5,train,32,0.210000,0.153722
20,5,train,33,0.065340,0.140574
20,5,train,34,0.111520,0.139629
20,5,train,35,0.150000,0.153046
20,5,train,36,0.190000,0.149211
20,5,train,37,0.070000,0.134487
20,5,train,38,0.160000,0.145905
20,5,train,39,0.137000,0.141905
20,5,train,40,0.210000,0.144415
20,5,train,41,0.095300,0.132419
20,5,train,42,0.100000,0.135955
20,5,train,43,0.403000,0.170891
20,5,train,44,0.170000,0.147886
20,5,train,45,0.260000,0.169777
20,5,train,46,0.020000,0.143840
20,5,train,47,0.020000,0.129982
20,5,train,48,0.035400,0.134315
20,5,train,49,0.022000,0.126633
20,5,train,50,0.151000,0.143036
20,5,train,51,0.150000,0.166437
20,5,train,52,0.094900,0.133356
20,5,train,53,0.135000,0.151712
20,5,train,54,0.130000,0.137776
20,5,train,55,0.080000,0.126201
20,5,train,56,0.073410,0.133813
20,5,train,57,0.020000,0.133076
20,5,train,58,0.084600,0.130222
20,5,train,59,0.284200,0.159493
20,5,train,60,0.240000,0.159931
20,5,train,61,0.230000,0.162566
20,5,train,62,0.044200,0.129682
20,5,train,63,0.072000,0.130117
20,5,train,64,0.280000,0.138776
20,5,train,65,0.010000,0.126088
20,5,train,66,0.115100,0.147514
20,5,train,67,0.080000,0.131527
20,5,train,68,0.075400,0.126768
20,5,train,69,0.190000,0.149530
20,5,train,70,0.120000,0.149173
20,5,train,71,0.110000,0.136199
20,5,train,72,0.144700,0.141181
20,5,train,73,0.242000,0.166629
20,5,train,74,0.224400,0.153835
20,5,train,75,0.030000,0.126812
20,5,train,76,0.115100,0.147514
20,5,train,77,0.035100,0.132449
20,5,train,78,0.180000,0.143796
20,5,train,79,0.020000,0.130765
20,5,train,80,0.380000,0.170999
20,5,train,81,0.030000,0.133077
20,5,train,82,0.080000,0.127785
20,5,train,83,0.090000,0.127593
20,5,train,84,0.160000,0.139505
20,5,train,85,0.150000,0.166908
20,5,train,86,0.030000,0.133526
20,5,train,87,0.040000,0.132647
20,5,train,88,0.320000,0.171211
20,5,train,89,0.439000,0.170891
20,5,train,90,-0.390000,0.121363
20,5,train,91,0.180000,0.153092
20,5,train,92,0.000000,0.129299
20,5,train,93,0.144500,0.148395
20,5,train,94,0.035400,0.134315
20,5,train,95,0.020000,0.130383
20,5,train,96,0.045300,0.133575
20,5,train,97,0.540000,0.160307
20,5,train,98,0.280000,0.164878
20,5,train,99,0.058480,0.134742
20,5,train,100,0.360000,0.168480
20,5,train,101,0.050000,0.132100
20,5,train,102,0.010000,0.128248
20,5,train,103,0.820000,0.186661
20,5,train,104,0.020000,0.127750
20,5,train,105,0.330000,0.164086
20,5,train,106,0.200000,0.146873
20,5,train,107,0.200000,0.157412
20,5,train,108,0.240000,0.150986
20,5,train,109,0.273300,0.157460
20,5,train,110,0.090000,0.131140
20,5,train,111,0.020000,0.127480
20,5,train,112,0.290000,0.165233
20,5,train,113,0.270000,0.164954
20,5,train,114,0.130000,0.137776
20,5,train,115,0.114400,0.142654
20,5,train,116,-0.080000,0.137633
20,5,train,117,0.043800,0.127388
20,5,train,118,0.264400,0.165917
20,5,train,119,0.185100,0.151831
20,5,train,120,0.030000,0.128553
20,5,train,121,0.062000,0.128804
20,5,train,122,0.380000,0.172359
20,5,train,123,0.050000,0.134065
20,5,train,124,0.090000,0.135462
20,5,train,125,0.350000,0.167362
20,5,train,126,0.020000,0.150168
20,5,train,127,0.011000,0.136888
20,5,train,128,0.290000,0.167380
20,5,train,129,0.018000,0.139273
20,6,test,0,0.190000,0.086249
20,6,test,1,0.310000,0.335346
20,6,test,2,0.220000,0.133256
20,6,test,3,0.095300,0.041848
20,6,test,4,0.280000,0.241080
20,6,test,5,0.100000,0.152131
20,6,test,6,0.020000,0.063892
20,6,test,7,0.190000,0.095517
20,6,test,8,0.290000,0.128397
20,6,test,9,0.144700,0.136503
20,6,test,10,0.790000,0.403502
20,6,test,11,0.020000,0.137183
20,6,test,12,0.020000,0.063369
20,6,test,13,0.160000,0.094344
20,6,test,14,0.114400,0.120023
20,6,test,15,0.174900,0.205763
20,6,test,16,0.260000,0.187525
20,6,test,17,0.210000,0.225472
20,6,test,18,0.045300,0.095073
20,6,test,19,0.084600,0.084439
20,6,test,20,0.150000,0.315170
20,6,test,21,0.040000,0.210759
20,6,test,22,0.151000,0.146503
20,6,test,23,0.280000,0.261914
20,6,test,24,0.151000,0.146503
20,6,test,25,0.035400,0.104541
20,6,test,26,0.144500,0.080720
20,6,test,27,0.030000,0.044139
20,6,test,28,0.160000,0.096296
20,6,test,29,-0.390000,0.110977
20,6,test,30,0.035100,0.073664
20,6,test,31,0.200000,0.077471
20,6,test,32,0.035400,0.104541
20,6,train,0,0.133000,0.137864
20,6,train,1,0.190000,0.167272
20,6,train,2,0.200000,0.221685
20,6,train,3,0.093900,0.114575
20,6,train,4,0.030000,0.055090
20,6,train,5,0.135000,0.149172
20,6,train,6,0.000000,0.103087
20,6,train,7,0.110000,0.105894
20,6,train,8,0.100000,0.152131
20,6,train,9,0.190000,0.162013
20,6,train,10,0.163300,0.153126
20,6,train,11,0.080000,0.024893
20,6,train,12,0.094900,0.104987
20,6,train,13,0.025000,0.016653
20,6,train,14,0.260000,0.253592
20,6,train,15,0.370000,0.274041
20,6,train,16,0.018000,0.036224
20,6,train,17,0.150000,0.245998
20,6,train,18,0.264400,0.318757
20,6,train,19,0.100000,0.119879
20,6,train,20,0.240000,0.253130
20,6,train,21,0.185100,0.192562
20,6,train,22,0.230000,0.233652
20,6,train,23,0.043800,0.043682
20,6,train,24,0.020000,0.027853
20,6,train,25,0.160000,0.109609
20,6,train,26,0.170000,0.143213
20,6,train,27,0.270000,0.260275
20,6,train,28,0.094700,0.054103
20,6,train,29,0.020000,0.018860
20,6,train,30,0.090000,0.114575
20,6,train,31,0.120000,0.160071
20,6,train,32,0.284200,0.272336
20,6,train,33,0.240000,0.211156
20,6,train,34,0.020000,0.102721
20,6,train,35,0.065340,0.104541
20,6,train,36,0.330000,0.297660
20,6,train,37,0.190000,0.153869
20,6,train,38,0.020000,0.064049
20,6,train,39,0.220000,0.222092
20,6,train,40,0.130000,0.125124
20,6,train,41,0.180000,0.142714
20,6,train,42,0.050000,0.064974
20,6,train,43,0.080000,0.066386
20,6,train,44,0.224400,0.197194
20,6,train,45,0.018000,0.055912
20,6,train,46,0.320000,0.355882
20,6,train,47,0.075400,0.073328
20,6,train,48,0.090000,0.091570
20,6,train,49,0.010000,0.038942
20,6,train,50,0.072000,0.050969
20,6,train,51,0.200000,0.189315
20,6,train,52,-0.080000,0.080278
20,6,train,53,0.020000,0.141812
20,6,train,54,0.190000,0.189432
20,6,train,55,0.011000,0.032877
20,6,train,56,0.080000,0.051344
20,6,train,57,0.040000,0.050791
20,6,train,58,0.280000,0.137864
20,6,train,59,0.150000,0.162819
20,6,train,60,0.240000,0.256411
20,6,train,61,0.094600,0.084439
20,6,train,62,0.044200,0.068980
20,6,train,63,0.022000,0.024725
20,6,train,64,0.062000,0.069182
20,6,train,65,0.260000,0.276404
20,6,train,66,0.380000,0.349775
20,6,train,67,0.094900,0.104987
20,6,train,68,0.242000,0.239981
20,6,train,69,0.010000,0.013846
20,6,train,70,0.180000,0.178022
20,6,train,71,0.048480,0.071530
20,6,train,72,0.380000,0.341834
20,6,train,73,0.290000,0.270978
20,6,train,74,0.023500,0.063892
20,6,train,75,0.024200,0.083894
20,6,train,76,0.073410,0.080155
20,6,train,77,0.050000,0.077845
20,6,train,78,0.273300,0.260275
20,6,train,79,0.137000,0.112242
20,6,train,80,0.111520,0.096058
20,6,train,81,0.075400,0.073328
20,6,train,82,0.032000,0.031603
20,6,train,83,0.090000,0.070623
20,6,train,84,0.020000,0.045448
20,6,train,85,0.030000,0.070437
20,6,train,86,0.020000,0.029634
20,6,train,87,0.010000,0.044420
20,6,train,88,0.115100,0.085558
20,6,train,89,0.403000,0.373762
20,6,train,90,-0.030000,0.006724
20,6,train,91,0.070000,0.070503
20,6,train,92,0.063300,0.077558
20,6,train,93,-0.350000,-0.093516
20,6,train,94,0.115100,0.085558
20,6,train,95,0.360000,0.281387
20,6,train,96,0.160000,0.138372
20,6,train,97,0.232000,0.213502
20,6,train,98,0.193500,0.153869
20,6,train,99,0.244400,0.274001
20,6,train,100,0.250000,0.233342
20,6,train,101,0.110000,0.105894
20,6,train,102,0.060000,0.077558
20,6,train,103,-0.110000,-0.008727
20,6,train,104,0.210000,0.208696
20,6,train,105,0.439000,0.373762
20,6,train,106,0.040000,0.057005
20,6,train,107,0.820000,0.469027
20,6,train,108,0.260000,0.260178
20,6,train,109,0.130000,0.125124
20,6,train,110,0.090000,0.099904
20,6,train,111,0.270000,0.251234
20,6,train,112,0.030000,0.009521
20,6,train,113,0.058480,0.096796
20,6,train,114,0.790000,0.500720
20,6,train,115,0.350000,0.349700
20,6,train,116,0.540000,0.330549
20,6,train,117,0.010000,0.017654
20,6,train,118,0.054300,0.075903
20,6,train,119,0.144700,0.136503
20,6,train,120,0.174900,0.205763
20,6,train,121,0.240000,0.223815
20,6,train,122,0.052410,0.054416
20,6,train,123,0.160000,0.153126
20,6,train,124,0.185100,0.192562
20,6,train,125,0.050000,0.027853
20,6,train,126,0.035100,0.073664
20,6,train,127,0.030000,0.035089
20,6,train,128,0.090000,0.083093
20,6,train,129,0.010000,0.023605
20,7,test,0,0.144700,0.102059
20,7,test,1,0.130000,0.127553
20,7,test,2,0.095300,0.073924
20,7,test,3,0.030000,0.194811
20,7,test,4,0.290000,0.193785
20,7,test,5,0.075400,0.044383
20,7,test,6,0.150000,0.237073
20,7,test,7,0.020000,0.068602
20,7,test,8,0.094700,0.121017
20,7,test,9,0.280000,0.209676
20,7,test,10,0.073410,0.086222
20,7,test,11,0.200000,0.225045
20,7,test,12,0.380000,0.202154
20,7,test,13,0.190000,0.107651
20,7,test,14,0.020000,0.010986
20,7,test,15,0.072000,0.059017
20,7,test,16,0.080000,0.037551
20,7,test,17,0.018000,0.183366
20,7,test,18,0.220000,0.201888
20,7,test,19,0.240000,0.175180
20,7,test,20,0.020000,0.054451
20,7,test,21,0.084600,0.087124
20,7,test,22,0.160000,0.043898
20,7,test,23,0.790000,0.293183
20,7,test,24,0.060000,0.062808
20,7,test,25,0.090000,0.069623
20,7,test,26,0.135000,0.241320
20,7,test,27,0.210000,0.212389
20,7,test,28,0.230000,0.302891
20,7,test,29,0.115100,0.181672
20,7,test,30,0.115100,0.181672
20,7,test,31,0.790000,0.293183
20,7,test,32,0.110000,0.118613
20,7,train,0,0.244400,0.260947
20,7,train,1,0.260000,0.225045
20,7,train,2,0.035100,0.061267
20,7,train,3,0.160000,0.082650
20,7,train,4,0.022000,0.028640
20,7,train,5,0.160000,0.136991
20,7,train,6,0.100000,0.132191
20,7,train,7,0.032000,0.046220
20,7,train,8,0.063300,0.062808
20,7,train,9,0.190000,0.184055
20,7,train,10,-0.110000,-0.027455
20,7,train,11,0.010000,0.014872
20,7,train,12,0.137000,0.157995
20,7,train,13,0.018000,0.027836
20,7,train,14,0.054300,0.090412
20,7,train,15,-0.080000,0.039590
20,7,train,16,-0.030000,0.016431
20,7,train,17,0.273300,0.236896
20,7,train,18,0.048480,0.115990
20,7,train,19,0.200000,0.182098
20,7,train,20,0.094900,0.105760
20,7,train,21,0.190000,0.191048
20,7,train,22,0.100000,0.140802
20,7,train,23,-0.350000,-0.064671
20,7,train,24,0.080000,0.069175
20,7,train,25,0.439000,0.314124
20,7,train,26,-0.390000,-0.095511
20,7,train,27,0.011000,0.097738
20,7,train,28,0.185100,0.204458
20,7,train,29,0.020000,0.037380
20,7,train,30,0.260000,0.234111
20,7,train,31,0.350000,0.309682
20,7,train,32,0.035400,0.024560
20,7,train,33,0.130000,0.127553
20,7,train,34,0.224400,0.181803
20,7,train,35,0.180000,0.178666
20,7,train,36,0.163300,0.136991
20,7,train,37,0.075400,0.044383
20,7,train,38,0.040000,0.079851
20,7,train,39,0.190000,0.089403
20,7,train,40,0.030000,0.018432
20,7,train,41,0.193500,0.184055
20,7,train,42,0.090000,0.084130
20,7,train,43,0.024200,0.039964
20,7,train,44,0.030000,0.042884
20,7,train,45,0.020000,0.049615
20,7,train,46,0.090000,0.100526
20,7,train,47,0.190000,0.145481
20,7,train,48,0.065340,0.152143
20,7,train,49,0.080000,0.079767
20,7,train,50,0.180000,0.189176
20,7,train,51,0.094900,0.105760
20,7,train,52,0.280000,0.184721
20,7,train,53,0.090000,0.093530
20,7,train,54,0.190000,0.171126
20,7,train,55,0.044200,0.040131
20,7,train,56,0.330000,0.256018
20,7,train,57,0.025000,0.020270
20,7,train,58,0.030000,0.030440
20,7,train,59,0.150000,0.196263
20,7,train,60,0.000000,0.018719
20,7,train,61,0.160000,0.159546
20,7,train,62,0.820000,0.361550
20,7,train,63,0.280000,0.250358
20,7,train,64,0.058480,0.112944
20,7,train,65,0.151000,0.135966
20,7,train,66,0.240000,0.207046
20,7,train,67,0.020000,0.099655
20,7,train,68,0.260000,0.295598
20,7,train,69,0.232000,0.199255
20,7,train,70,0.114400,0.145504
20,7,train,71,0.242000,0.226909
20,7,train,72,0.040000,0.064185
20,7,train,73,0.150000,0.196019
20,7,train,74,0.264400,0.259895
20,7,train,75,0.062000,0.067835
20,7,train,76,0.240000,0.235550
20,7,train,77,0.035100,0.061267
20,7,train,78,0.050000,0.055512
20,7,train,79,0.110000,0.118613
20,7,train,80,0.120000,0.178997
20,7,train,81,0.320000,0.302793
20,7,train,82,0.094600,0.087424
20,7,train,83,0.100000,0.132191
20,7,train,84,0.160000,0.126170
20,7,train,85,0.270000,0.214873
20,7,train,86,0.380000,0.319504
20,7,train,87,0.270000,0.236896
20,7,train,88,0.170000,0.161265
20,7,train,89,0.111520,0.126845
20,7,train,90,0.050000,0.062710
20,7,train,91,0.020000,0.037551
20,7,train,92,0.040000,0.057451
20,7,train,93,0.260000,0.276075
20,7,train,94,0.250000,0.204429
20,7,train,95,0.403000,0.314124
20,7,train,96,0.151000,0.135966
20,7,train,97,0.290000,0.233609
20,7,train,98,0.240000,0.244902
20,7,train,99,0.035400,0.024560
20,7,train,100,0.090000,0.089462
20,7,train,101,0.174900,0.165483
20,7,train,102,0.220000,0.181305
20,7,train,103,0.045300,0.062271
20,7,train,104,0.020000,0.133104
20,7,train,105,0.284200,0.214650
20,7,train,106,0.050000,0.059933
20,7,train,107,0.010000,0.117029
20,7,train,108,0.070000,0.038812
20,7,train,109,0.043800,0.050223
20,7,train,110,0.144500,0.172846
20,7,train,111,0.310000,0.260675
20,7,train,112,0.020000,0.103262
20,7,train,113,0.174900,0.165483
20,7,train,114,0.020000,0.018692
20,7,train,115,0.010000,0.070217
20,7,train,116,0.210000,0.172375
20,7,train,117,0.540000,0.284881
20,7,train,118,0.010000,0.022090
20,7,train,119,0.023500,0.049615
20,7,train,120,0.010000,0.026429
20,7,train,121,0.144700,0.102059
20,7,train,122,0.370000,0.276075
20,7,train,123,0.093900,0.093530
20,7,train,124,0.133000,0.184721
20,7,train,125,0.185100,0.204458
20,7,train,126,0.200000,0.216932
20,7,train,127,0.360000,0.246817
20,7,train,128,0.030000,0.080236
20,7,train,129,0.052410,0.064276
20,8,test,0,0.018000,0.043021
20,8,test,1,-0.030000,0.027272
20,8,test,2,0.439000,0.217697
20,8,test,3,0.264400,0.268776
20,8,test,4,0.100000,0.112197
20,8,test,5,0.114400,0.211235
20,8,test,6,0.100000,0.103268
20,8,test,7,0.160000,0.124489
20,8,test,8,0.160000,0.110965
20,8,test,9,0.043800,0.070205
20,8,test,10,0.200000,0.208114
20,8,test,11,0.240000,0.187551
20,8,test,12,0.220000,0.133365
20,8,test,13,0.054300,0.117214
20,8,test,14,0.180000,0.090388
20,8,test,15,0.075400,0.038914
20,8,test,16,0.380000,0.202314
20,8,test,17,0.052410,0.069849
20,8,test,18,0.070000,0.016421
20,8,test,19,0.144700,0.119722
20,8,test,20,0.030000,0.078677
20,8,test,21,0.093900,0.097537
20,8,test,22,0.020000,0.108665
20,8,test,23,0.290000,0.214935
20,8,test,24,0.210000,0.220764
20,8,test,25,0.160000,0.088595
20,8,test,26,-0.390000,0.154271
20,8,test,27,0.150000,0.220687
20,8,test,28,0.030000,0.126388
20,8,test,29,0.110000,0.112255
20,8,test,30,0.240000,0.252641
20,8,test,31,0.010000,0.032485
20,8,test,32,0.820000,0.405973
20,8,train,0,0.094900,0.096055
20,8,train,1,0.150000,0.186190
20,8,train,2,0.020000,0.097646
20,8,train,3,0.018000,0.115741
20,8,train,4,0.224400,0.167810
20,8,train,5,0.010000,0.085899
20,8,train,6,0.290000,0.243411
20,8,train,7,0.232000,0.183072
20,8,train,8,0.090000,0.097537
20,8,train,9,0.137000,0.140789
20,8,train,10,0.020000,0.053518
20,8,train,11,0.284200,0.203704
20,8,train,12,0.350000,0.319266
20,8,train,13,0.030000,0.045639
20,8,train,14,0.094900,0.096055
20,8,train,15,0.174900,0.162320
20,8,train,16,0.360000,0.239838
20,8,train,17,0.090000,0.109683
20,8,train,18,0.242000,0.210984
20,8,train,19,0.050000,0.098818
20,8,train,20,0.240000,0.169261
20,8,train,21,0.273300,0.227473
20,8,train,22,0.115100,0.138347
20,8,train,23,0.111520,0.103158
20,8,train,24,0.040000,0.136761
20,8,train,25,-0.080000,0.074572
20,8,train,26,0.193500,0.167849
20,8,train,27,0.320000,0.322742
20,8,train,28,0.403000,0.229978
20,8,train,29,0.063300,0.064225
20,8,train,30,0.330000,0.269410
20,8,train,31,0.090000,0.064742
20,8,train,32,0.210000,0.153717
20,8,train,33,0.020000,0.082446
20,8,train,34,0.133000,0.182764
20,8,train,35,0.185100,0.173210
20,8,train,36,0.280000,0.217551
20,8,train,37,0.090000,0.107319
20,8,train,38,0.032000,0.071937
20,8,train,39,0.022000,0.047807
20,8,train,40,0.200000,0.133236
20,8,train,41,0.190000,0.154992
20,8,train,42,0.260000,0.277242
20,8,train,43,0.073410,0.055207
20,8,train,44,0.200000,0.195333
20,8,train,45,0.035100,0.041344
20,8,train,46,0.020000,0.075371
20,8,train,47,0.115100,0.138347
20,8,train,48,0.190000,0.156407
20,8,train,49,0.174900,0.162320
20,8,train,50,0.040000,0.064495
20,8,train,51,0.010000,0.050521
20,8,train,52,0.144500,0.139593
20,8,train,53,0.023500,0.060121
20,8,train,54,0.790000,0.459426
20,8,train,55,0.010000,0.042301
20,8,train,56,0.020000,0.139094
20,8,train,57,0.135000,0.174105
20,8,train,58,0.310000,0.289614
20,8,train,59,0.094700,0.081686
20,8,train,60,0.163300,0.110965
20,8,train,61,0.120000,0.192546
20,8,train,62,0.190000,0.166805
20,8,train,63,0.250000,0.266096
20,8,train,64,0.075400,0.038914
20,8,train,65,0.020000,0.071652
20,8,train,66,0.095300,0.055723
20,8,train,67,0.540000,0.236930
20,8,train,68,0.790000,0.515758
20,8,train,69,0.180000,0.132893
20,8,train,70,0.144700,0.119722
20,8,train,71,0.048480,0.088332
20,8,train,72,0.260000,0.223143
20,8,train,73,0.160000,0.110357
20,8,train,74,0.045300,0.056670
20,8,train,75,0.280000,0.265772
20,8,train,76,-0.350000,0.072258
20,8,train,77,0.380000,0.375044
20,8,train,78,0.170000,0.159863
20,8,train,79,0.020000,0.069211
20,8,train,80,0.044200,0.064554
20,8,train,81,0.035400,0.064108
20,8,train,82,0.244400,0.236825
20,8,train,83,0.260000,0.228266
20,8,train,84,0.370000,0.249589
20,8,train,85,0.094600,0.097945
20,8,train,86,0.084600,0.108737
20,8,train,87,0.065340,0.122317
20,8,train,88,0.058480,0.087060
20,8,train,89,0.130000,0.122453
20,8,train,90,0.060000,0.064225
20,8,train,91,0.160000,0.154169
20,8,train,92,0.035100,0.041344
20,8,train,93,0.185100,0.173210
20,8,train,94,0.090000,0.119642
20,8,train,95,0.080000,0.079250
20,8,train,96,0.151000,0.090925
20,8,train,97,0.270000,0.207573
20,8,train,98,0.240000,0.211303
20,8,train,99,0.072000,0.136239
20,8,train,100,-0.110000,0.022535
20,8,train,101,0.050000,0.096253
20,8,train,102,0.011000,0.121885
20,8,train,103,0.260000,0.260311
20,8,train,104,0.190000,0.151614
20,8,train,105,0.190000,0.105517
20,8,train,106,0.280000,0.182764
20,8,train,107,0.025000,0.054364
20,8,train,108,0.230000,0.261374
20,8,train,109,0.080000,0.075864
20,8,train,110,0.000000,0.071689
20,8,train,111,0.020000,0.060121
20,8,train,112,0.130000,0.122453
20,8,train,113,0.151000,0.090925
20,8,train,114,0.062000,0.082868
20,8,train,115,0.270000,0.227473
20,8,train,116,0.020000,0.028401
20,8,train,117,0.080000,0.074304
20,8,train,118,0.040000,0.098819
20,8,train,119,0.150000,0.217551
20,8,train,120,0.190000,0.167849
20,8,train,121,0.110000,0.112255
20,8,train,122,0.030000,0.117778
20,8,train,123,0.024200,0.042342
20,8,train,124,0.220000,0.203062
20,8,train,125,0.035400,0.064108
20,8,train,126,0.010000,0.017275
20,8,train,127,0.030000,0.011891
20,8,train,128,0.050000,0.107048
20,8,train,129,0.100000,0.103268
20,9,test,0,0.163300,0.156661
20,9,test,1,0.190000,0.097184
20,9,test,2,0.032000,0.137871
20,9,test,3,0.072000,0.097184
20,9,test,4,0.025000,0.138210
20,9,test,5,0.080000,0.097184
20,9,test,6,0.240000,0.183575
20,9,test,7,0.080000,0.138210
20,9,test,8,0.095300,0.097184
20,9,test,9,0.190000,0.137871
20,9,test,10,0.120000,0.183575
20,9,test,11,0.043800,0.097184
20,9,test,12,0.010000,0.118858
20,9,test,13,0.174900,0.133365
20,9,test,14,0.094900,0.133365
20,9,test,15,0.100000,0.134914
20,9,test,16,0.100000,0.134914
20,9,test,17,0.151000,0.134914
20,9,test,18,0.020000,0.149387
20,9,test,19,0.264400,0.166444
20,9,test,20,0.244400,0.166444
20,9,test,21,0.020000,0.156661
20,9,test,22,0.190000,0.137871
20,9,test,23,0.180000,0.166444
20,9,test,24,0.090000,0.138210
20,9,test,25,0.280000,0.134914
20,9,test,26,0.193500,0.123848
20,9,test,27,0.054300,0.137871
20,9,test,28,0.190000,0.123848
20,9,test,29,0.058480,0.233063
20,9,test,30,0.144700,0.118858
20,9,test,31,0.050000,0.137871
20,9,test,32,0.280000,0.183575
20,9,train,0,0.052410,0.097184
20,9,train,1,0.094600,0.133365
20,9,train,2,0.035400,0.118858
20,9,train,3,0.190000,0.118858
20,9,train,4,0.010000,0.118858
20,9,train,5,0.790000,0.233063
20,9,train,6,0.350000,0.183575
20,9,train,7,0.540000,0.166444
20,9,train,8,0.065340,0.166444
20,9,train,9,0.070000,0.097184
20,9,train,10,0.010000,0.097184
20,9,train,11,-0.030000,0.097184
20,9,train,12,0.035400,0.118858
20,9,train,13,0.093900,0.118858
20,9,train,14,0.115100,0.123848
20,9,train,15,0.050000,0.097184
20,9,train,16,0.030000,0.138210
20,9,train,17,0.111520,0.134914
20,9,train,18,0.044200,0.097184
20,9,train,19,0.040000,0.137871
20,9,train,20,0.084600,0.133365
20,9,train,21,0.020000,0.097184
20,9,train,22,0.115100,0.123848
20,9,train,23,0.380000,0.156661
20,9,train,24,0.100000,0.156661
20,9,train,25,0.290000,0.183575
20,9,train,26,0.045300,0.097184
20,9,train,27,0.320000,0.156661
20,9,train,28,0.290000,0.183575
20,9,train,29,0.035100,0.134914
20,9,train,30,0.310000,0.183575
20,9,train,31,0.185100,0.147780
20,9,train,32,0.380000,0.183575
20,9,train,33,0.130000,0.118858
20,9,train,34,0.011000,0.149387
20,9,train,35,0.020000,0.097184
20,9,train,36,0.022000,0.097184
20,9,train,37,0.110000,0.138210
20,9,train,38,0.075400,0.097184
20,9,train,39,0.020000,0.149387
20,9,train,40,0.260000,0.156661
20,9,train,41,0.020000,0.097184
20,9,train,42,0.090000,0.097184
20,9,train,43,0.094900,0.133365
20,9,train,44,0.232000,0.149387
20,9,train,45,0.150000,0.183575
20,9,train,46,0.242000,0.123848
20,9,train,47,0.260000,0.183575
20,9,train,48,0.150000,0.183575
20,9,train,49,0.048480,0.156661
20,9,train,50,0.075400,0.097184
20,9,train,51,0.135000,0.147780
20,9,train,52,0.010000,0.118858
20,9,train,53,0.200000,0.183575
20,9,train,54,0.174900,0.133365
20,9,train,55,0.080000,0.097184
20,9,train,56,0.210000,0.138210
20,9,train,57,0.110000,0.138210
20,9,train,58,0.020000,0.133365
20,9,train,59,0.030000,0.137871
20,9,train,60,0.151000,0.134914
20,9,train,61,0.024200,0.118858
20,9,train,62,0.790000,0.233063
20,9,train,63,0.050000,0.138210
20,9,train,64,0.023500,0.118858
20,9,train,65,0.273300,0.233063
20,9,train,66,0.018000,0.097184
20,9,train,67,0.270000,0.233063
20,9,train,68,0.130000,0.118858
20,9,train,69,0.160000,0.137871
20,9,train,70,0.224400,0.166444
20,9,train,71,-0.110000,0.097184
20,9,train,72,0.230000,0.156661
20,9,train,73,0.094700,0.123848
20,9,train,74,0.090000,0.097184
20,9,train,75,0.260000,0.149387
20,9,train,76,0.144700,0.118858
20,9,train,77,0.040000,0.118858
20,9,train,78,0.360000,0.166444
20,9,train,79,0.030000,0.123848
20,9,train,80,0.284200,0.147780
20,9,train,81,0.240000,0.183575
20,9,train,82,0.170000,0.134914
20,9,train,83,0.370000,0.149387
20,9,train,84,0.439000,0.233063
20,9,train,85,0.030000,0.097184
20,9,train,86,0.114400,0.166444
20,9,train,87,0.133000,0.134914
20,9,train,88,0.073410,0.097184
20,9,train,89,0.280000,0.183575
20,9,train,90,0.200000,0.166444
20,9,train,91,0.030000,0.118858
20,9,train,92,0.820000,0.233063
20,9,train,93,0.190000,0.166444
20,9,train,94,0.062000,0.134914
20,9,train,95,0.040000,0.149387
20,9,train,96,0.403000,0.233063
20,9,train,97,0.160000,0.137871
20,9,train,98,0.018000,0.147780
20,9,train,99,0.220000,0.166444
20,9,train,100,0.180000,0.137871
20,9,train,101,0.090000,0.137871
20,9,train,102,0.060000,0.097184
20,9,train,103,0.330000,0.183575
20,9,train,104,0.220000,0.149387
20,9,train,105,0.210000,0.156661
20,9,train,106,0.160000,0.133365
20,9,train,107,0.020000,0.118858
20,9,train,108,-0.350000,0.123848
20,9,train,109,0.144500,0.147780
20,9,train,110,0.240000,0.183575
20,9,train,111,0.240000,0.166444
20,9,train,112,0.000000,0.097184
20,9,train,113,0.090000,0.118858
20,9,train,114,0.200000,0.183575
20,9,train,115,0.250000,0.183575
20,9,train,116,0.160000,0.156661
20,9,train,117,0.160000,0.138210
20,9,train,118,0.035100,0.134914
20,9,train,119,-0.390000,0.097184
20,9,train,120,0.063300,0.097184
20,9,train,121,0.020000,0.118858
20,9,train,122,0.137000,0.166444
20,9,train,123,-0.080000,0.097184
20,9,train,124,0.270000,0.183575
20,9,train,125,0.150000,0.166444
20,9,train,126,0.010000,0.156661
20,9,train,127,0.020000,0.133365
20,9,train,128,0.185100,0.147780
20,9,train,129,0.260000,0.183575
20,10,test,0,0.111520,0.139398
20,10,test,1,0.020000,0.036606
20,10,test,2,0.044200,0.137268
20,10,test,3,0.073410,0.116200
20,10,test,4,0.035100,0.048736
20,10,test,5,0.110000,0.114511
20,10,test,6,0.790000,0.354306
20,10,test,7,0.020000,0.082431
20,10,test,8,0.330000,0.151894
20,10,test,9,0.090000,0.091388
20,10,test,10,0.070000,0.087723
20,10,test,11,0.060000,0.072757
20,10,test,12,0.163300,0.151392
20,10,test,13,0.065340,0.155327
20,10,test,14,0.045300,0.129255
20,10,test,15,0.032000,0.118608
20,10,test,16,0.200000,0.185556
20,10,test,17,0.240000,0.188806
20,10,test,18,0.030000,0.116151
20,10,test,19,0.130000,0.128752
20,10,test,20,0.144500,0.139203
20,10,test,21,0.018000,0.164820
20,10,test,22,0.160000,0.146834
20,10,test,23,0.220000,0.130816
20,10,test,24,0.094600,0.086491
20,10,test,25,0.193500,0.186067
20,10,test,26,0.035400,0.047824
20,10,test,27,0.010000,0.067922
20,10,test,28,0.020000,0.018545
20,10,test,29,-0.390000,0.128357
20,10,test,30,0.820000,0.348522
20,10,test,31,-0.030000,0.105667
20,10,test,32,0.210000,0.119890
20,10,train,0,0.210000,0.207088
20,10,train,1,0.540000,0.424284
20,10,train,2,0.280000,0.270919
20,10,train,3,0.020000,0.030279
20,10,train,4,0.230000,0.225081
20,10,train,5,0.020000,0.038315
20,10,train,6,0.150000,0.170008
20,10,train,7,0.370000,0.308077
20,10,train,8,0.790000,0.604219
20,10,train,9,0.260000,0.257684
20,10,train,10,0.190000,0.186067
20,10,train,11,0.050000,0.056904
20,10,train,12,0.160000,0.159593
20,10,train,13,0.030000,0.029561
20,10,train,14,0.075400,0.074649
20,10,train,15,0.054300,0.063539
20,10,train,16,0.151000,0.149505
20,10,train,17,-0.110000,-0.052137
20,10,train,18,0.273300,0.259136
20,10,train,19,0.010000,0.022440
20,10,train,20,0.135000,0.138151
20,10,train,21,0.270000,0.259136
20,10,train,22,0.115100,0.116799
20,10,train,23,0.024200,0.039058
20,10,train,24,0.011000,0.034584
20,10,train,25,0.052410,0.058788
20,10,train,26,0.190000,0.186005
20,10,train,27,0.094900,0.096522
20,10,train,28,0.040000,0.049196
20,10,train,29,0.160000,0.146724
20,10,train,30,0.174900,0.173101
20,10,train,31,0.190000,0.182673
20,10,train,32,0.080000,0.081437
20,10,train,33,0.380000,0.329109
20,10,train,34,0.224400,0.213991
20,10,train,35,0.180000,0.175461
20,10,train,36,0.062000,0.065251
20,10,train,37,0.090000,0.090000
20,10,train,38,0.190000,0.182665
20,10,train,39,0.095300,0.094653
20,10,train,40,0.180000,0.178747
20,10,train,41,0.360000,0.305412
20,10,train,42,0.084600,0.085765
20,10,train,43,0.050000,0.051286
20,10,train,44,0.050000,0.054698
20,10,train,45,0.023500,0.030279
20,10,train,46,0.035100,0.048736
20,10,train,47,0.240000,0.229189
20,10,train,48,0.133000,0.198102
20,10,train,49,0.090000,0.093786
20,10,train,50,0.030000,0.045702
20,10,train,51,0.439000,0.377284
20,10,train,52,0.110000,0.114511
20,10,train,53,0.310000,0.302079
20,10,train,54,0.115100,0.116799
20,10,train,55,0.290000,0.271583
20,10,train,56,0.250000,0.248796
20,10,train,57,0.260000,0.253389
20,10,train,58,0.284200,0.262581
20,10,train,59,0.018000,0.030525
20,10,train,60,0.160000,0.158925
20,10,train,61,0.035400,0.047824
20,10,train,62,0.020000,0.046211
20,10,train,63,0.030000,0.033012
20,10,train,64,0.220000,0.212245
20,10,train,65,0.200000,0.197078
20,10,train,66,0.043800,0.052818
20,10,train,67,0.010000,0.021688
20,10,train,68,0.100000,0.102107
20,10,train,69,0.100000,0.102107
20,10,train,70,0.072000,0.071228
20,10,train,71,0.290000,0.274378
20,10,train,72,0.174900,0.173101
20,10,train,73,0.380000,0.352367
20,10,train,74,0.094700,0.098209
20,10,train,75,0.100000,0.103988
20,10,train,76,-0.350000,-0.204512
20,10,train,77,0.280000,0.267581
20,10,train,78,0.260000,0.264665
20,10,train,79,0.185100,0.182439
20,10,train,80,0.010000,0.019743
20,10,train,81,0.020000,0.040074
20,10,train,82,0.020000,0.034472
20,10,train,83,0.022000,0.030142
20,10,train,84,0.040000,0.047199
20,10,train,85,0.244400,0.235685
20,10,train,86,0.090000,0.088908
20,10,train,87,0.200000,0.198285
20,10,train,88,0.075400,0.074649
20,10,train,89,0.093900,0.093786
20,10,train,90,0.137000,0.138664
20,10,train,91,0.010000,0.016723
20,10,train,92,0.151000,0.149505
20,10,train,93,0.000000,0.028654
20,10,train,94,0.264400,0.257386
20,10,train,95,0.048480,0.057594
20,10,train,96,0.232000,0.223057
20,10,train,97,0.058480,0.061047
20,10,train,98,-0.080000,-0.015609
20,10,train,99,0.144700,0.143992
20,10,train,100,0.114400,0.116030
20,10,train,101,0.130000,0.128752
20,10,train,102,0.185100,0.182439
20,10,train,103,0.260000,0.253834
20,10,train,104,0.080000,0.082053
20,10,train,105,0.144700,0.143992
20,10,train,106,0.025000,0.028875
20,10,train,107,0.150000,0.167239
20,10,train,108,0.242000,0.237204
20,10,train,109,0.160000,0.151392
20,10,train,110,0.120000,0.126451
20,10,train,111,0.080000,0.079932
20,10,train,112,0.094900,0.096522
20,10,train,113,0.190000,0.184132
20,10,train,114,0.240000,0.228722
20,10,train,115,0.320000,0.296494
20,10,train,116,0.190000,0.185105
20,10,train,117,0.150000,0.154690
20,10,train,118,0.063300,0.072757
20,10,train,119,0.020000,0.029665
20,10,train,120,0.020000,0.069469
20,10,train,121,0.350000,0.324032
20,10,train,122,0.403000,0.377284
20,10,train,123,0.040000,0.057940
20,10,train,124,0.240000,0.240940
20,10,train,125,0.030000,0.037007
20,10,train,126,0.170000,0.162112
20,10,train,127,0.090000,0.093654
20,10,train,128,0.270000,0.263654
20,10,train,129,0.280000,0.198102
50,1,test,0,0.043800,0.112918
50,1,test,1,0.044200,0.087817
50,1,test,2,0.075400,0.111148
50,1,test,3,0.115100,0.142323
50,1,test,4,0.020000,0.107753
50,1,test,5,0.090000,0.146888
50,1,test,6,-0.390000,0.179590
50,1,test,7,0.111520,0.142499
50,1,test,8,0.110000,0.143063
50,1,test,9,0.080000,0.152724
50,1,test,10,0.439000,0.186536
50,1,test,11,0.320000,0.211000
50,1,test,12,0.185100,0.148970
50,1,test,13,0.144500,0.122920
50,1,test,14,0.150000,0.170195
50,1,test,15,0.174900,0.142495
50,1,test,16,0.040000,0.143787
50,1,test,17,0.030000,0.113367
50,1,test,18,0.062000,0.142499
50,1,test,19,0.010000,0.093185
50,1,test,20,0.200000,0.180280
50,1,test,21,0.224400,0.132876
50,1,test,22,0.163300,0.163995
50,1,test,23,0.250000,0.176889
50,1,test,24,0.040000,0.146218
50,1,test,25,0.190000,0.181899
50,1,test,26,0.200000,0.129016
50,1,test,27,0.050000,0.136819
50,1,test,28,0.151000,0.115513
50,1,test,29,0.190000,0.093340
50,1,test,30,0.058480,0.156953
50,1,test,31,0.190000,0.146565
50,1,test,32,0.063300,0.092393
50,1,train,0,0.100000,0.140945
50,1,train,1,0.150000,0.142642
50,1,train,2,0.023500,0.107645
50,1,train,3,0.403000,0.186536
50,1,train,4,0.190000,0.122051
50,1,train,5,0.115100,0.142323
50,1,train,6,0.380000,0.210251
50,1,train,7,0.110000,0.143063
50,1,train,8,0.242000,0.171209
50,1,train,9,0.020000,0.107645
50,1,train,10,0.020000,0.157178
50,1,train,11,0.050000,0.104847
50,1,train,12,-0.110000,0.080835
50,1,train,13,0.010000,0.124988
50,1,train,14,0.090000,0.094676
50,1,train,15,0.330000,0.171719
50,1,train,16,0.018000,0.163095
50,1,train,17,0.244400,0.205670
50,1,train,18,0.010000,0.148662
50,1,train,19,0.200000,0.190367
50,1,train,20,-0.350000,0.109972
50,1,train,21,0.100000,0.164990
50,1,train,22,0.260000,0.179197
50,1,train,23,0.144700,0.147125
50,1,train,24,0.080000,0.091743
50,1,train,25,0.151000,0.115513
50,1,train,26,0.000000,0.085094
50,1,train,27,0.024200,0.116631
50,1,train,28,0.035400,0.087936
50,1,train,29,0.220000,0.156141
50,1,train,30,0.084600,0.138777
50,1,train,31,0.070000,0.111363
50,1,train,32,0.048480,0.153935
50,1,train,33,0.090000,0.146218
50,1,train,34,0.360000,0.192834
50,1,train,35,0.290000,0.190761
50,1,train,36,0.220000,0.163241
50,1,train,37,0.270000,0.179197
50,1,train,38,0.280000,0.193287
50,1,train,39,0.260000,0.188454
50,1,train,40,0.790000,0.260060
50,1,train,41,0.310000,0.197881
50,1,train,42,0.020000,0.118083
50,1,train,43,0.120000,0.177532
50,1,train,44,0.144700,0.147125
50,1,train,45,-0.080000,0.085003
50,1,train,46,0.020000,0.148662
50,1,train,47,0.094900,0.142495
50,1,train,48,0.035100,0.115513
50,1,train,49,0.094700,0.155262
50,1,train,50,0.160000,0.163995
50,1,train,51,0.040000,0.150418
50,1,train,52,0.180000,0.147482
50,1,train,53,0.230000,0.202783
50,1,train,54,0.010000,0.113367
50,1,train,55,0.090000,0.102679
50,1,train,56,0.020000,0.091743
50,1,train,57,0.284200,0.173167
50,1,train,58,0.135000,0.180742
50,1,train,59,0.820000,0.260060
50,1,train,60,0.045300,0.112463
50,1,train,61,0.035400,0.087936
50,1,train,62,0.240000,0.177532
50,1,train,63,0.020000,0.105589
50,1,train,64,0.264400,0.205670
50,1,train,65,0.093900,0.094676
50,1,train,66,0.030000,0.115513
50,1,train,67,0.280000,0.146667
50,1,train,68,0.018000,0.082099
50,1,train,69,0.080000,0.102679
50,1,train,70,0.280000,0.178554
50,1,train,71,0.050000,0.095961
50,1,train,72,0.174900,0.142495
50,1,train,73,0.130000,0.148046
50,1,train,74,0.190000,0.147482
50,1,train,75,0.790000,0.260060
50,1,train,76,0.170000,0.147231
50,1,train,77,0.090000,0.090138
50,1,train,78,0.075400,0.111148
50,1,train,79,0.273300,0.185326
50,1,train,80,0.030000,0.147290
50,1,train,81,0.185100,0.148970
50,1,train,82,0.160000,0.161624
50,1,train,83,0.054300,0.170318
50,1,train,84,0.094900,0.142495
50,1,train,85,0.193500,0.155507
50,1,train,86,0.030000,0.104697
50,1,train,87,0.073410,0.164452
50,1,train,88,0.022000,0.092408
50,1,train,89,0.210000,0.145877
50,1,train,90,0.010000,0.092370
50,1,train,91,0.210000,0.193997
50,1,train,92,0.094600,0.138777
50,1,train,93,-0.030000,0.084553
50,1,train,94,0.180000,0.135579
50,1,train,95,0.032000,0.146218
50,1,train,96,0.114400,0.136250
50,1,train,97,0.290000,0.173082
50,1,train,98,0.150000,0.179197
50,1,train,99,0.350000,0.199654
50,1,train,100,0.190000,0.155507
50,1,train,101,0.160000,0.115123
50,1,train,102,0.240000,0.186695
50,1,train,103,0.232000,0.168281
50,1,train,104,0.137000,0.130123
50,1,train,105,0.270000,0.185326
50,1,train,106,0.060000,0.092393
50,1,train,107,0.380000,0.223960
50,1,train,108,0.160000,0.107753
50,1,train,109,0.072000,0.085003
50,1,train,110,0.130000,0.148046
50,1,train,111,0.100000,0.140945
50,1,train,112,0.540000,0.149711
50,1,train,113,0.160000,0.150170
50,1,train,114,0.133000,0.146667
50,1,train,115,0.240000,0.162097
50,1,train,116,0.025000,0.106696
50,1,train,117,0.260000,0.212665
50,1,train,118,0.065340,0.129016
50,1,train,119,0.052410,0.107855
50,1,train,120,0.020000,0.099412
50,1,train,121,0.260000,0.169064
50,1,train,122,0.240000,0.144759
50,1,train,123,0.011000,0.152212
50,1,train,124,0.035100,0.115513
50,1,train,125,0.030000,0.091807
50,1,train,126,0.020000,0.093185
50,1,train,127,0.370000,0.169064
50,1,train,128,0.020000,0.162850
50,1,train,129,0.095300,0.115252
50,2,test,0,0.310000,0.297905
50,2,test,1,0.260000,0.341546
50,2,test,2,0.072000,0.103011
50,2,test,3,0.270000,0.280024
50,2,test,4,0.180000,0.185589
50,2,test,5,0.210000,0.084481
50,2,test,6,0.052410,0.134975
50,2,test,7,0.080000,0.029591
50,2,test,8,0.032000,0.131684
50,2,test,9,0.280000,0.252699
50,2,test,10,0.093900,0.102761
50,2,test,11,0.240000,0.272754
50,2,test,12,0.100000,0.100119
50,2,test,13,0.150000,0.213607
50,2,test,14,0.090000,0.102761
50,2,test,15,0.273300,0.268105
50,2,test,16,0.110000,0.109152
50,2,test,17,0.011000,0.187356
50,2,test,18,0.200000,0.121164
50,2,test,19,0.111520,0.231323
50,2,test,20,-0.080000,0.169201
50,2,test,21,0.073410,0.084711
50,2,test,22,0.043800,0.023925
50,2,test,23,0.010000,0.064806
50,2,test,24,-0.350000,0.199064
50,2,test,25,0.260000,0.296217
50,2,test,26,0.084600,0.094680
50,2,test,27,0.224400,0.223955
50,2,test,28,0.010000,0.117862
50,2,test,29,0.035100,0.036108
50,2,test,30,0.174900,0.174685
50,2,test,31,0.018000,0.180448
50,2,test,32,0.020000,0.295802
50,2,train,0,0.115100,0.114962
50,2,train,1,0.320000,0.320017
50,2,train,2,0.023500,0.021717
50,2,train,3,0.790000,0.787812
50,2,train,4,-0.110000,-0.075623
50,2,train,5,0.080000,0.080137
50,2,train,6,0.024200,0.024584
50,2,train,7,0.190000,0.189654
50,2,train,8,0.170000,0.179512
50,2,train,9,0.133000,0.206224
50,2,train,10,0.040000,0.025478
50,2,train,11,0.020000,0.019958
50,2,train,12,0.010000,0.009307
50,2,train,13,0.144700,0.144365
50,2,train,14,0.040000,0.039382
50,2,train,15,0.030000,0.029388
50,2,train,16,0.820000,0.793393
50,2,train,17,0.090000,0.093808
50,2,train,18,0.010000,0.010285
50,2,train,19,0.244400,0.244806
50,2,train,20,0.190000,0.171821
50,2,train,21,0.144700,0.144365
50,2,train,22,0.020000,0.020488
50,2,train,23,0.264400,0.266539
50,2,train,24,0.048480,0.049128
50,2,train,25,0.240000,0.244503
50,2,train,26,0.110000,0.109152
50,2,train,27,0.062000,0.066220
50,2,train,28,0.065340,0.068667
50,2,train,29,0.180000,0.180236
50,2,train,30,0.030000,0.028231
50,2,train,31,0.120000,0.119913
50,2,train,32,0.025000,0.024884
50,2,train,33,0.114400,0.114089
50,2,train,34,-0.390000,-0.218943
50,2,train,35,0.030000,0.028778
50,2,train,36,0.020000,0.021717
50,2,train,37,0.018000,0.018268
50,2,train,38,0.090000,0.090170
50,2,train,39,0.151000,0.150539
50,2,train,40,0.790000,0.793393
50,2,train,41,0.094600,0.095041
50,2,train,42,0.020000,0.019923
50,2,train,43,0.190000,0.190049
50,2,train,44,0.050000,0.049666
50,2,train,45,0.040000,0.041471
50,2,train,46,0.240000,0.240482
50,2,train,47,0.439000,0.418180
50,2,train,48,0.050000,0.049884
50,2,train,49,0.000000,0.000638
50,2,train,50,0.185100,0.185505
50,2,train,51,0.270000,0.268105
50,2,train,52,0.151000,0.150539
50,2,train,53,0.130000,0.130533
50,2,train,54,0.540000,0.462207
50,2,train,55,0.240000,0.240724
50,2,train,56,0.075400,0.075694
50,2,train,57,0.010000,0.010002
50,2,train,58,0.144500,0.144272
50,2,train,59,0.075400,0.075694
50,2,train,60,0.130000,0.130533
50,2,train,61,-0.030000,-0.030201
50,2,train,62,0.280000,0.206224
50,2,train,63,0.190000,0.191677
50,2,train,64,0.284200,0.284000
50,2,train,65,0.063300,0.061521
50,2,train,66,0.020000,0.020032
50,2,train,67,0.094900,0.095080
50,2,train,68,0.260000,0.254155
50,2,train,69,0.054300,0.054172
50,2,train,70,0.135000,0.135643
50,2,train,71,0.160000,0.158006
50,2,train,72,0.100000,0.100119
50,2,train,73,0.035400,0.035625
50,2,train,74,0.160000,0.161635
50,2,train,75,0.260000,0.260709
50,2,train,76,0.150000,0.150974
50,2,train,77,0.232000,0.231420
50,2,train,78,0.020000,0.024028
50,2,train,79,0.020000,0.023149
50,2,train,80,0.100000,0.100085
50,2,train,81,0.200000,0.157282
50,2,train,82,0.290000,0.280314
50,2,train,83,0.050000,0.048479
50,2,train,84,0.020000,0.020387
50,2,train,85,0.030000,0.030925
50,2,train,86,0.160000,0.159981
50,2,train,87,0.350000,0.349523
50,2,train,88,0.020000,0.021489
50,2,train,89,0.163300,0.161635
50,2,train,90,0.210000,0.210026
50,2,train,91,0.035100,0.036108
50,2,train,92,0.190000,0.189545
50,2,train,93,0.115100,0.114962
50,2,train,94,0.022000,0.021467
50,2,train,95,0.160000,0.156132
50,2,train,96,0.160000,0.160725
50,2,train,97,0.185100,0.185505
50,2,train,98,0.360000,0.347872
50,2,train,99,0.290000,0.289528
50,2,train,100,0.090000,0.091019
50,2,train,101,0.094700,0.096496
50,2,train,102,0.094900,0.095080
50,2,train,103,0.070000,0.073541
50,2,train,104,0.030000,0.033814
50,2,train,105,0.380000,0.379184
50,2,train,106,0.330000,0.330969
50,2,train,107,0.242000,0.242415
50,2,train,108,0.045300,0.045339
50,2,train,109,0.200000,0.200152
50,2,train,110,0.190000,0.191142
50,2,train,111,0.080000,0.081504
50,2,train,112,0.220000,0.213879
50,2,train,113,0.230000,0.230664
50,2,train,114,0.095300,0.095586
50,2,train,115,0.280000,0.279207
50,2,train,116,0.250000,0.253957
50,2,train,117,0.150000,0.154137
50,2,train,118,0.058480,0.059796
50,2,train,119,0.060000,0.061521
50,2,train,120,0.044200,0.043954
50,2,train,121,0.403000,0.405527
50,2,train,122,0.035400,0.035625
50,2,train,123,0.380000,0.379734
50,2,train,124,0.220000,0.219535
50,2,train,125,0.174900,0.174685
50,2,train,126,0.193500,0.191677
50,2,train,127,0.137000,0.137270
50,2,train,128,0.370000,0.361693
50,2,train,129,0.090000,0.090005
50,3,test,0,-0.030000,0.500000
50,3,test,1,0.150000,0.500000
50,3,test,2,0.310000,0.500000
50,3,test,3,0.180000,0.500000
50,3,test,4,0.044200,0.500000
50,3,test,5,0.062000,0.500000
50,3,test,6,0.094900,0.500000
50,3,test,7,0.030000,0.500000
50,3,test,8,0.230000,0.500000
50,3,test,9,0.063300,0.500000
50,3,test,10,0.090000,0.500000
50,3,test,11,0.020000,0.500000
50,3,test,12,0.273300,0.500000
50,3,test,13,0.040000,0.500000
50,3,test,14,0.052410,0.500000
50,3,test,15,0.023500,0.500000
50,3,test,16,0.058480,0.500000
50,3,test,17,0.439000,0.500000
50,3,test,18,0.232000,0.500000
50,3,test,19,0.790000,0.500000
50,3,test,20,0.120000,0.500000
50,3,test,21,-0.390000,0.500000
50,3,test,22,0.050000,0.500000
50,3,test,23,0.540000,0.500000
50,3,test,24,0.185100,0.500000
50,3,test,25,0.190000,0.500000
50,3,test,26,0.360000,0.500000
50,3,test,27,0.200000,0.500000
50,3,test,28,0.190000,0.500000
50,3,test,29,0.032000,0.500000
50,3,test,30,0.020000,0.500000
50,3,test,31,0.220000,0.500000
50,3,test,32,-0.080000,0.500000
50,3,train,0,0.090000,0.500000
50,3,train,1,0.080000,0.500000
50,3,train,2,0.073410,0.500000
50,3,train,3,0.045300,0.500000
50,3,train,4,0.011000,0.500000
50,3,train,5,0.350000,0.500000
50,3,train,6,0.264400,0.500000
50,3,train,7,0.290000,0.500000
50,3,train,8,0.030000,0.500000
50,3,train,9,0.130000,0.500000
50,3,train,10,0.370000,0.500000
50,3,train,11,0.010000,0.500000
50,3,train,12,0.193500,0.500000
50,3,train,13,0.130000,0.500000
50,3,train,14,0.137000,0.500000
50,3,train,15,0.100000,0.500000
50,3,train,16,0.020000,0.500000
50,3,train,17,0.330000,0.500000
50,3,train,18,0.093900,0.500000
50,3,train,19,0.174900,0.500000
50,3,train,20,0.200000,0.500000
50,3,train,21,0.075400,0.500000
50,3,train,22,0.094900,0.500000
50,3,train,23,0.030000,0.500000
50,3,train,24,0.084600,0.500000
50,3,train,25,0.111520,0.500000
50,3,train,26,0.030000,0.500000
50,3,train,27,0.160000,0.500000
50,3,train,28,0.144700,0.500000
50,3,train,29,0.284200,0.500000
50,3,train,30,0.160000,0.500000
50,3,train,31,0.090000,0.500000
50,3,train,32,0.144500,0.500000
50,3,train,33,0.030000,0.500000
50,3,train,34,0.100000,0.500000
50,3,train,35,0.020000,0.500000
50,3,train,36,0.090000,0.500000
50,3,train,37,0.240000,0.500000
50,3,train,38,0.022000,0.500000
50,3,train,39,0.144700,0.500000
50,3,train,40,0.280000,0.500000
50,3,train,41,0.035400,0.500000
50,3,train,42,0.260000,0.500000
50,3,train,43,0.224400,0.500000
50,3,train,44,0.163300,0.500000
50,3,train,45,0.260000,0.500000
50,3,train,46,0.403000,0.500000
50,3,train,47,0.020000,0.500000
50,3,train,48,0.040000,0.500000
50,3,train,49,0.020000,0.500000
50,3,train,50,0.072000,0.500000
50,3,train,51,0.043800,0.500000
50,3,train,52,0.048480,0.500000
50,3,train,53,0.270000,0.500000
50,3,train,54,0.025000,0.500000
50,3,train,55,0.160000,0.500000
50,3,train,56,0.020000,0.500000
50,3,train,57,0.270000,0.500000
50,3,train,58,0.024200,0.500000
50,3,train,59,0.114400,0.500000
50,3,train,60,0.050000,0.500000
50,3,train,61,0.080000,0.500000
50,3,train,62,0.035400,0.500000
50,3,train,63,0.100000,0.500000
50,3,train,64,0.020000,0.500000
50,3,train,65,0.174900,0.500000
50,3,train,66,0.250000,0.500000
50,3,train,67,0.200000,0.500000
50,3,train,68,0.135000,0.500000
50,3,train,69,0.185100,0.500000
50,3,train,70,0.190000,0.500000
50,3,train,71,0.035100,0.500000
50,3,train,72,0.018000,0.500000
50,3,train,73,0.320000,0.500000
50,3,train,74,0.040000,0.500000
50,3,train,75,0.110000,0.500000
50,3,train,76,0.240000,0.500000
50,3,train,77,0.010000,0.500000
50,3,train,78,0.094700,0.500000
50,3,train,79,0.290000,0.500000
50,3,train,80,0.260000,0.500000
50,3,train,81,0.150000,0.500000
50,3,train,82,0.010000,0.500000
50,3,train,83,0.820000,0.500000
50,3,train,84,0.060000,0.500000
50,3,train,85,0.260000,0.500000
50,3,train,86,0.000000,0.500000
50,3,train,87,0.050000,0.500000
50,3,train,88,0.170000,0.500000
50,3,train,89,0.160000,0.500000
50,3,train,90,0.190000,0.500000
50,3,train,91,0.180000,0.500000
50,3,train,92,0.244400,0.500000
50,3,train,93,0.280000,0.500000
50,3,train,94,0.115100,0.500000
50,3,train,95,0.210000,0.500000
50,3,train,96,0.210000,0.500000
50,3,train,97,0.075400,0.500000
50,3,train,98,0.065340,0.500000
50,3,train,99,0.095300,0.500000
50,3,train,100,0.035100,0.500000
50,3,train,101,0.240000,0.500000
50,3,train,102,0.242000,0.500000
50,3,train,103,0.380000,0.500000
50,3,train,104,0.160000,0.500000
50,3,train,105,0.020000,0.500000
50,3,train,106,0.110000,0.500000
50,3,train,107,0.010000,0.500000
50,3,train,108,0.220000,0.500000
50,3,train,109,0.070000,0.500000
50,3,train,110,0.115100,0.500000
50,3,train,111,0.240000,0.500000
50,3,train,112,0.190000,0.500000
50,3,train,113,0.280000,0.500000
50,3,train,114,-0.110000,0.500000
50,3,train,115,0.151000,0.500000
50,3,train,116,0.054300,0.500000
50,3,train,117,0.133000,0.500000
50,3,train,118,0.151000,0.500000
50,3,train,119,0.150000,0.500000
50,3,train,120,-0.350000,0.500000
50,3,train,121,0.380000,0.500000
50,3,train,122,0.010000,0.500000
50,3,train,123,0.080000,0.500000
50,3,train,124,0.018000,0.500000
50,3,train,125,0.094600,0.500000
50,3,train,126,0.020000,0.500000
50,3,train,127,0.790000,0.500000
50,3,train,128,0.190000,0.500000
50,3,train,129,0.090000,0.500000
50,4,test,0,0.439000,0.500000
50,4,test,1,0.073410,0.500000
50,4,test,2,0.080000,0.500000
50,4,test,3,0.151000,0.500000
50,4,test,4,0.000000,0.500000
50,4,test,5,0.044200,0.500000
50,4,test,6,0.090000,0.500000
50,4,test,7,0.244400,0.500000
50,4,test,8,0.290000,0.500000
50,4,test,9,0.052410,0.500000
50,4,test,10,0.010000,0.500000
50,4,test,11,0.170000,0.500000
50,4,test,12,0.040000,0.500000
50,4,test,13,0.060000,0.500000
50,4,test,14,0.260000,0.500000
50,4,test,15,0.084600,0.500000
50,4,test,16,0.054300,0.500000
50,4,test,17,0.224400,0.500000
50,4,test,18,-0.080000,0.500000
50,4,test,19,0.062000,0.500000
50,4,test,20,0.284200,0.500000
50,4,test,21,0.200000,0.500000
50,4,test,22,0.160000,0.500000
50,4,test,23,0.144500,0.500000
50,4,test,24,0.090000,0.500000
50,4,test,25,0.010000,0.500000
50,4,test,26,0.185100,0.500000
50,4,test,27,0.790000,0.500000
50,4,test,28,0.310000,0.500000
50,4,test,29,0.010000,0.500000
50,4,test,30,0.280000,0.500000
50,4,test,31,0.380000,0.500000
50,4,test,32,0.273300,0.500000
50,4,train,0,0.025000,0.500000
50,4,train,1,0.050000,0.500000
50,4,train,2,0.050000,0.500000
50,4,train,3,0.185100,0.500000
50,4,train,4,0.190000,0.500000
50,4,train,5,0.065340,0.500000
50,4,train,6,0.040000,0.500000
50,4,train,7,0.144700,0.500000
50,4,train,8,0.130000,0.500000
50,4,train,9,0.240000,0.500000
50,4,train,10,0.250000,0.500000
50,4,train,11,0.111520,0.500000
50,4,train,12,0.100000,0.500000
50,4,train,13,0.023500,0.500000
50,4,train,14,0.094700,0.500000
50,4,train,15,0.242000,0.500000
50,4,train,16,0.030000,0.500000
50,4,train,17,0.200000,0.500000
50,4,train,18,0.360000,0.500000
50,4,train,19,0.270000,0.500000
50,4,train,20,0.150000,0.500000
50,4,train,21,0.380000,0.500000
50,4,train,22,0.270000,0.500000
50,4,train,23,0.040000,0.500000
50,4,train,24,0.080000,0.500000
50,4,train,25,0.020000,0.500000
50,4,train,26,0.011000,0.500000
50,4,train,27,0.080000,0.500000
50,4,train,28,0.090000,0.500000
50,4,train,29,0.070000,0.500000
50,4,train,30,0.193500,0.500000
50,4,train,31,0.190000,0.500000
50,4,train,32,0.264400,0.500000
50,4,train,33,0.150000,0.500000
50,4,train,34,0.280000,0.500000
50,4,train,35,0.018000,0.500000
50,4,train,36,0.022000,0.500000
50,4,train,37,0.035400,0.500000
50,4,train,38,0.032000,0.500000
50,4,train,39,0.240000,0.500000
50,4,train,40,0.163300,0.500000
50,4,train,41,0.094900,0.500000
50,4,train,42,0.030000,0.500000
50,4,train,43,0.110000,0.500000
50,4,train,44,0.030000,0.500000
50,4,train,45,0.540000,0.500000
50,4,train,46,0.230000,0.500000
50,4,train,47,0.280000,0.500000
50,4,train,48,0.115100,0.500000
50,4,train,49,0.210000,0.500000
50,4,train,50,0.063300,0.500000
50,4,train,51,0.058480,0.500000
50,4,train,52,0.320000,0.500000
50,4,train,53,0.020000,0.500000
50,4,train,54,0.115100,0.500000
50,4,train,55,0.220000,0.500000
50,4,train,56,0.020000,0.500000
50,4,train,57,0.190000,0.500000
50,4,train,58,0.100000,0.500000
50,4,train,59,0.370000,0.500000
50,4,train,60,0.095300,0.500000
50,4,train,61,0.350000,0.500000
50,4,train,62,0.190000,0.500000
50,4,train,63,0.020000,0.500000
50,4,train,64,0.035100,0.500000
50,4,train,65,0.048480,0.500000
50,4,train,66,0.035100,0.500000
50,4,train,67,0.072000,0.500000
50,4,train,68,0.110000,0.500000
50,4,train,69,0.190000,0.500000
50,4,train,70,0.190000,0.500000
50,4,train,71,0.075400,0.500000
50,4,train,72,0.240000,0.500000
50,4,train,73,0.260000,0.500000
50,4,train,74,0.090000,0.500000
50,4,train,75,0.090000,0.500000
50,4,train,76,-0.030000,0.500000
50,4,train,77,0.133000,0.500000
50,4,train,78,-0.350000,0.500000
50,4,train,79,0.174900,0.500000
50,4,train,80,0.290000,0.500000
50,4,train,81,0.160000,0.500000
50,4,train,82,0.030000,0.500000
50,4,train,83,0.137000,0.500000
50,4,train,84,0.180000,0.500000
50,4,train,85,0.820000,0.500000
50,4,train,86,0.093900,0.500000
50,4,train,87,0.094900,0.500000
50,4,train,88,0.024200,0.500000
50,4,train,89,0.020000,0.500000
50,4,train,90,0.020000,0.500000
50,4,train,91,0.144700,0.500000
50,4,train,92,0.151000,0.500000
50,4,train,93,0.050000,0.500000
50,4,train,94,0.100000,0.500000
50,4,train,95,0.403000,0.500000
50,4,train,96,0.035400,0.500000
50,4,train,97,0.130000,0.500000
50,4,train,98,0.150000,0.500000
50,4,train,99,0.260000,0.500000
50,4,train,100,0.180000,0.500000
50,4,train,101,0.018000,0.500000
50,4,train,102,0.135000,0.500000
50,4,train,103,0.160000,0.500000
50,4,train,104,-0.110000,0.500000
50,4,train,105,0.210000,0.500000
50,4,train,106,0.010000,0.500000
50,4,train,107,0.114400,0.500000
50,4,train,108,-0.390000,0.500000
50,4,train,109,0.010000,0.500000
50,4,train,110,0.094600,0.500000
50,4,train,111,0.020000,0.500000
50,4,train,112,0.790000,0.500000
50,4,train,113,0.160000,0.500000
50,4,train,114,0.260000,0.500000
50,4,train,115,0.045300,0.500000
50,4,train,116,0.043800,0.500000
50,4,train,117,0.020000,0.500000
50,4,train,118,0.232000,0.500000
50,4,train,119,0.020000,0.500000
50,4,train,120,0.075400,0.500000
50,4,train,121,0.030000,0.500000
50,4,train,122,0.200000,0.500000
50,4,train,123,0.330000,0.500000
50,4,train,124,0.020000,0.500000
50,4,train,125,0.160000,0.500000
50,4,train,126,0.174900,0.500000
50,4,train,127,0.220000,0.500000
50,4,train,128,0.240000,0.500000
50,4,train,129,0.120000,0.500000
50,5,test,0,0.054300,0.159312
50,5,test,1,0.240000,0.159312
50,5,test,2,0.040000,0.159312
50,5,test,3,0.790000,0.164865
50,5,test,4,0.100000,0.134024
50,5,test,5,0.010000,0.151404
50,5,test,6,0.094600,0.134024
50,5,test,7,-0.350000,0.159312
50,5,test,8,0.240000,0.145851
50,5,test,9,0.093900,0.127609
50,5,test,10,0.185100,0.145851
50,5,test,11,0.190000,0.134024
50,5,test,12,0.024200,0.127609
50,5,test,13,0.032000,0.127609
50,5,test,14,0.280000,0.145851
50,5,test,15,-0.030000,0.127609
50,5,test,16,0.030000,0.127609
50,5,test,17,0.160000,0.127609
50,5,test,18,0.260000,0.159312
50,5,test,19,0.063300,0.127609
50,5,test,20,0.190000,0.145851
50,5,test,21,0.160000,0.139436
50,5,test,22,0.163300,0.151404
50,5,test,23,0.023500,0.127609
50,5,test,24,0.094700,0.159312
50,5,test,25,0.174900,0.134024
50,5,test,26,0.090000,0.127609
50,5,test,27,0.035100,0.127609
50,5,test,28,0.052410,0.159312
50,5,test,29,0.200000,0.159312
50,5,test,30,0.010000,0.134024
50,5,test,31,0.220000,0.145851
50,5,test,32,0.190000,0.127609
50,5,train,0,0.160000,0.159312
50,5,train,1,0.790000,0.164865
50,5,train,2,0.075400,0.127609
50,5,train,3,0.050000,0.127609
50,5,train,4,0.110000,0.134024
50,5,train,5,0.310000,0.159312
50,5,train,6,0.040000,0.127609
50,5,train,7,0.090000,0.127609
50,5,train,8,0.174900,0.134024
50,5,train,9,0.020000,0.127609
50,5,train,10,0.144700,0.134024
50,5,train,11,-0.110000,0.134024
50,5,train,12,0.133000,0.127609
50,5,train,13,0.048480,0.151404
50,5,train,14,0.010000,0.134024
50,5,train,15,0.220000,0.134024
50,5,train,16,0.250000,0.159312
50,5,train,17,0.190000,0.159312
50,5,train,18,0.270000,0.151404
50,5,train,19,0.193500,0.145851
50,5,train,20,0.232000,0.145851
50,5,train,21,0.260000,0.159312
50,5,train,22,0.370000,0.159312
50,5,train,23,0.100000,0.144989
50,5,train,24,0.260000,0.159312
50,5,train,25,0.060000,0.127609
50,5,train,26,0.151000,0.127609
50,5,train,27,0.020000,0.127609
50,5,train,28,0.244400,0.159312
50,5,train,29,0.094900,0.134024
50,5,train,30,0.025000,0.127609
50,5,train,31,0.018000,0.127609
50,5,train,32,0.210000,0.151404
50,5,train,33,0.065340,0.134024
50,5,train,34,0.111520,0.127609
50,5,train,35,0.150000,0.159312
50,5,train,36,0.190000,0.145851
50,5,train,37,0.070000,0.127609
50,5,train,38,0.160000,0.159312
50,5,train,39,0.137000,0.134024
50,5,train,40,0.210000,0.134024
50,5,train,41,0.095300,0.127609
50,5,train,42,0.100000,0.134024
50,5,train,43,0.403000,0.151404
50,5,train,44,0.170000,0.127609
50,5,train,45,0.260000,0.151404
50,5,train,46,0.020000,0.145851
50,5,train,47,0.020000,0.127609
50,5,train,48,0.035400,0.127609
50,5,train,49,0.022000,0.127609
50,5,train,50,0.151000,0.127609
50,5,train,51,0.150000,0.147486
50,5,train,52,0.094900,0.134024
50,5,train,53,0.135000,0.159312
50,5,train,54,0.130000,0.134024
50,5,train,55,0.080000,0.127609
50,5,train,56,0.073410,0.159312
50,5,train,57,0.020000,0.127609
50,5,train,58,0.084600,0.134024
50,5,train,59,0.284200,0.159312
50,5,train,60,0.240000,0.145851
50,5,train,61,0.230000,0.151404
50,5,train,62,0.044200,0.127609
50,5,train,63,0.072000,0.127609
50,5,train,64,0.280000,0.127609
50,5,train,65,0.010000,0.134024
50,5,train,66,0.115100,0.145851
50,5,train,67,0.080000,0.127609
50,5,train,68,0.075400,0.127609
50,5,train,69,0.190000,0.134024
50,5,train,70,0.120000,0.159312
50,5,train,71,0.110000,0.134024
50,5,train,72,0.144700,0.134024
50,5,train,73,0.242000,0.159312
50,5,train,74,0.224400,0.145851
50,5,train,75,0.030000,0.134024
50,5,train,76,0.115100,0.145851
50,5,train,77,0.035100,0.127609
50,5,train,78,0.180000,0.127609
50,5,train,79,0.020000,0.144989
50,5,train,80,0.380000,0.159312
50,5,train,81,0.030000,0.127609
50,5,train,82,0.080000,0.127609
50,5,train,83,0.090000,0.127609
50,5,train,84,0.160000,0.151404
50,5,train,85,0.150000,0.159312
50,5,train,86,0.030000,0.134024
50,5,train,87,0.040000,0.134024
50,5,train,88,0.320000,0.151404
50,5,train,89,0.439000,0.151404
50,5,train,90,-0.390000,0.147486
50,5,train,91,0.180000,0.127609
50,5,train,92,0.000000,0.127609
50,5,train,93,0.144500,0.147486
50,5,train,94,0.035400,0.127609
50,5,train,95,0.020000,0.134024
50,5,train,96,0.045300,0.127609
50,5,train,97,0.540000,0.127609
50,5,train,98,0.280000,0.147486
50,5,train,99,0.058480,0.151404
50,5,train,100,0.360000,0.159312
50,5,train,101,0.050000,0.127609
50,5,train,102,0.010000,0.127609
50,5,train,103,0.820000,0.164865
50,5,train,104,0.020000,0.139436
50,5,train,105,0.330000,0.145851
50,5,train,106,0.200000,0.134024
50,5,train,107,0.200000,0.145851
50,5,train,108,0.240000,0.145851
50,5,train,109,0.273300,0.151404
50,5,train,110,0.090000,0.127609
50,5,train,111,0.020000,0.134024
50,5,train,112,0.290000,0.145851
50,5,train,113,0.270000,0.145851
50,5,train,114,0.130000,0.134024
50,5,train,115,0.114400,0.134024
50,5,train,116,-0.080000,0.127609
50,5,train,117,0.043800,0.127609
50,5,train,118,0.264400,0.159312
50,5,train,119,0.185100,0.145851
50,5,train,120,0.030000,0.134024
50,5,train,121,0.062000,0.127609
50,5,train,122,0.380000,0.164865
50,5,train,123,0.050000,0.139436
50,5,train,124,0.090000,0.127609
50,5,train,125,0.350000,0.159312
50,5,train,126,0.020000,0.159312
50,5,train,127,0.011000,0.145851
50,5,train,128,0.290000,0.159312
50,5,train,129,0.018000,0.147486
50,6,test,0,0.190000,0.089516
50,6,test,1,0.310000,0.298756
50,6,test,2,0.220000,0.105245
50,6,test,3,0.095300,0.086993
50,6,test,4,0.280000,0.227658
50,6,test,5,0.100000,0.100280
50,6,test,6,0.020000,0.023616
50,6,test,7,0.190000,0.190380
50,6,test,8,0.290000,0.127117
50,6,test,9,0.144700,0.144636
50,6,test,10,0.790000,0.663205
50,6,test,11,0.020000,0.092077
50,6,test,12,0.020000,0.009556
50,6,test,13,0.160000,0.153513
50,6,test,14,0.114400,0.190601
50,6,test,15,0.174900,0.174724
50,6,test,16,0.260000,0.227128
50,6,test,17,0.210000,0.276065
50,6,test,18,0.045300,0.120865
50,6,test,19,0.084600,0.093869
50,6,test,20,0.150000,0.293091
50,6,test,21,0.040000,0.196290
50,6,test,22,0.151000,0.092281
50,6,test,23,0.280000,0.231705
50,6,test,24,0.151000,0.092281
50,6,test,25,0.035400,0.077108
50,6,test,26,0.144500,0.132590
50,6,test,27,0.030000,0.053606
50,6,test,28,0.160000,0.129791
50,6,test,29,-0.390000,0.053838
50,6,test,30,0.035100,0.035004
50,6,test,31,0.200000,0.060737
50,6,test,32,0.035400,0.077108
50,6,train,0,0.133000,0.206754
50,6,train,1,0.190000,0.187296
50,6,train,2,0.200000,0.199967
50,6,train,3,0.093900,0.091929
50,6,train,4,0.030000,0.030708
50,6,train,5,0.135000,0.135290
50,6,train,6,0.000000,0.000579
50,6,train,7,0.110000,0.109922
50,6,train,8,0.100000,0.100280
50,6,train,9,0.190000,0.190115
50,6,train,10,0.163300,0.161578
50,6,train,11,0.080000,0.079859
50,6,train,12,0.094900,0.094993
50,6,train,13,0.025000,0.025227
50,6,train,14,0.260000,0.260224
50,6,train,15,0.370000,0.368565
50,6,train,16,0.018000,0.017854
50,6,train,17,0.150000,0.150872
50,6,train,18,0.264400,0.264533
50,6,train,19,0.100000,0.099826
50,6,train,20,0.240000,0.240679
50,6,train,21,0.185100,0.185152
50,6,train,22,0.230000,0.230708
50,6,train,23,0.043800,0.043394
50,6,train,24,0.020000,0.019600
50,6,train,25,0.160000,0.158878
50,6,train,26,0.170000,0.171126
50,6,train,27,0.270000,0.271712
50,6,train,28,0.094700,0.094569
50,6,train,29,0.020000,0.020559
50,6,train,30,0.090000,0.091929
50,6,train,31,0.120000,0.120857
50,6,train,32,0.284200,0.284150
50,6,train,33,0.240000,0.240442
50,6,train,34,0.020000,0.020077
50,6,train,35,0.065340,0.066412
50,6,train,36,0.330000,0.330043
50,6,train,37,0.190000,0.191333
50,6,train,38,0.020000,0.020200
50,6,train,39,0.220000,0.220014
50,6,train,40,0.130000,0.130018
50,6,train,41,0.180000,0.179858
50,6,train,42,0.050000,0.049827
50,6,train,43,0.080000,0.080272
50,6,train,44,0.224400,0.224182
50,6,train,45,0.018000,0.016924
50,6,train,46,0.320000,0.319506
50,6,train,47,0.075400,0.075161
50,6,train,48,0.090000,0.090212
50,6,train,49,0.010000,0.010236
50,6,train,50,0.072000,0.072186
50,6,train,51,0.200000,0.199340
50,6,train,52,-0.080000,-0.080030
50,6,train,53,0.020000,0.021467
50,6,train,54,0.190000,0.189927
50,6,train,55,0.011000,0.011307
50,6,train,56,0.080000,0.080380
50,6,train,57,0.040000,0.040134
50,6,train,58,0.280000,0.206754
50,6,train,59,0.150000,0.149246
50,6,train,60,0.240000,0.240314
50,6,train,61,0.094600,0.094353
50,6,train,62,0.044200,0.044333
50,6,train,63,0.022000,0.021788
50,6,train,64,0.062000,0.062064
50,6,train,65,0.260000,0.259986
50,6,train,66,0.380000,0.380484
50,6,train,67,0.094900,0.094993
50,6,train,68,0.242000,0.241447
50,6,train,69,0.010000,0.009378
50,6,train,70,0.180000,0.179279
50,6,train,71,0.048480,0.050068
50,6,train,72,0.380000,0.379809
50,6,train,73,0.290000,0.288443
50,6,train,74,0.023500,0.023616
50,6,train,75,0.024200,0.024154
50,6,train,76,0.073410,0.072962
50,6,train,77,0.050000,0.050186
50,6,train,78,0.273300,0.271712
50,6,train,79,0.137000,0.137160
50,6,train,80,0.111520,0.111801
50,6,train,81,0.075400,0.075161
50,6,train,82,0.032000,0.032283
50,6,train,83,0.090000,0.090836
50,6,train,84,0.020000,0.019998
50,6,train,85,0.030000,0.030003
50,6,train,86,0.020000,0.020008
50,6,train,87,0.010000,0.010318
50,6,train,88,0.115100,0.115033
50,6,train,89,0.403000,0.403726
50,6,train,90,-0.030000,-0.029880
50,6,train,91,0.070000,0.069914
50,6,train,92,0.063300,0.061501
50,6,train,93,-0.350000,-0.337222
50,6,train,94,0.115100,0.115033
50,6,train,95,0.360000,0.359141
50,6,train,96,0.160000,0.159292
50,6,train,97,0.232000,0.232006
50,6,train,98,0.193500,0.191333
50,6,train,99,0.244400,0.244471
50,6,train,100,0.250000,0.250961
50,6,train,101,0.110000,0.109922
50,6,train,102,0.060000,0.061501
50,6,train,103,-0.110000,-0.109822
50,6,train,104,0.210000,0.209958
50,6,train,105,0.439000,0.438827
50,6,train,106,0.040000,0.039388
50,6,train,107,0.820000,0.818647
50,6,train,108,0.260000,0.259437
50,6,train,109,0.130000,0.130018
50,6,train,110,0.090000,0.089942
50,6,train,111,0.270000,0.268478
50,6,train,112,0.030000,0.029832
50,6,train,113,0.058480,0.058358
50,6,train,114,0.790000,0.790677
50,6,train,115,0.350000,0.350015
50,6,train,116,0.540000,0.535920
50,6,train,117,0.010000,0.009633
50,6,train,118,0.054300,0.054682
50,6,train,119,0.144700,0.144636
50,6,train,120,0.174900,0.174724
50,6,train,121,0.240000,0.239934
50,6,train,122,0.052410,0.052350
50,6,train,123,0.160000,0.161578
50,6,train,124,0.185100,0.185152
50,6,train,125,0.050000,0.050163
50,6,train,126,0.035100,0.035004
50,6,train,127,0.030000,0.028830
50,6,train,128,0.090000,0.090220
50,6,train,129,0.010000,0.009754
50,7,test,0,0.144700,0.128662
50,7,test,1,0.130000,0.127968
50,7,test,2,0.095300,0.078179
50,7,test,3,0.030000,0.159304
50,7,test,4,0.290000,0.083991
50,7,test,5,0.075400,0.065429
50,7,test,6,0.150000,0.301911
50,7,test,7,0.020000,0.041913
50,7,test,8,0.094700,0.121875
50,7,test,9,0.280000,0.250914
50,7,test,10,0.073410,0.131046
50,7,test,11,0.200000,0.207847
50,7,test,12,0.380000,0.226263
50,7,test,13,0.190000,0.134755
50,7,test,14,0.020000,0.011480
50,7,test,15,0.072000,0.124123
50,7,test,16,0.080000,0.030660
50,7,test,17,0.018000,0.177947
50,7,test,18,0.220000,0.171764
50,7,test,19,0.240000,0.137265
50,7,test,20,0.020000,0.047842
50,7,test,21,0.084600,0.084503
50,7,test,22,0.160000,0.040599
50,7,test,23,0.790000,0.300020
50,7,test,24,0.060000,0.061335
50,7,test,25,0.090000,0.031704
50,7,test,26,0.135000,0.213128
50,7,test,27,0.210000,0.256329
50,7,test,28,0.230000,0.214277
50,7,test,29,0.115100,0.143226
50,7,test,30,0.115100,0.143226
50,7,test,31,0.790000,0.358007
50,7,test,32,0.110000,0.113043
50,7,train,0,0.244400,0.247767
50,7,train,1,0.260000,0.234753
50,7,train,2,0.035100,0.040874
50,7,train,3,0.160000,0.161541
50,7,train,4,0.022000,0.023120
50,7,train,5,0.160000,0.149853
50,7,train,6,0.100000,0.101764
50,7,train,7,0.032000,0.037905
50,7,train,8,0.063300,0.061335
50,7,train,9,0.190000,0.200305
50,7,train,10,-0.110000,-0.073324
50,7,train,11,0.010000,0.010332
50,7,train,12,0.137000,0.139286
50,7,train,13,0.018000,0.021051
50,7,train,14,0.054300,0.090681
50,7,train,15,-0.080000,-0.015887
50,7,train,16,-0.030000,-0.003819
50,7,train,17,0.273300,0.262212
50,7,train,18,0.048480,0.085661
50,7,train,19,0.200000,0.180690
50,7,train,20,0.094900,0.098683
50,7,train,21,0.190000,0.195937
50,7,train,22,0.100000,0.102964
50,7,train,23,-0.350000,-0.172265
50,7,train,24,0.080000,0.076016
50,7,train,25,0.439000,0.370637
50,7,train,26,-0.390000,-0.196670
50,7,train,27,0.011000,0.044159
50,7,train,28,0.185100,0.186572
50,7,train,29,0.020000,0.027019
50,7,train,30,0.260000,0.225744
50,7,train,31,0.350000,0.326608
50,7,train,32,0.035400,0.039589
50,7,train,33,0.130000,0.127968
50,7,train,34,0.224400,0.211367
50,7,train,35,0.180000,0.173346
50,7,train,36,0.163300,0.149853
50,7,train,37,0.075400,0.065429
50,7,train,38,0.040000,0.060716
50,7,train,39,0.190000,0.163366
50,7,train,40,0.030000,0.026566
50,7,train,41,0.193500,0.200305
50,7,train,42,0.090000,0.085709
50,7,train,43,0.024200,0.036085
50,7,train,44,0.030000,0.027491
50,7,train,45,0.020000,0.029342
50,7,train,46,0.090000,0.093301
50,7,train,47,0.190000,0.163682
50,7,train,48,0.065340,0.098992
50,7,train,49,0.080000,0.097880
50,7,train,50,0.180000,0.184963
50,7,train,51,0.094900,0.098683
50,7,train,52,0.280000,0.202567
50,7,train,53,0.090000,0.091609
50,7,train,54,0.190000,0.170180
50,7,train,55,0.044200,0.043033
50,7,train,56,0.330000,0.297001
50,7,train,57,0.025000,0.055569
50,7,train,58,0.030000,0.032154
50,7,train,59,0.150000,0.167901
50,7,train,60,0.000000,0.025853
50,7,train,61,0.160000,0.144220
50,7,train,62,0.820000,0.478456
50,7,train,63,0.280000,0.276304
50,7,train,64,0.058480,0.082600
50,7,train,65,0.151000,0.144064
50,7,train,66,0.240000,0.223591
50,7,train,67,0.020000,0.064868
50,7,train,68,0.260000,0.280896
50,7,train,69,0.232000,0.225561
50,7,train,70,0.114400,0.131961
50,7,train,71,0.242000,0.238981
50,7,train,72,0.040000,0.052276
50,7,train,73,0.150000,0.181055
50,7,train,74,0.264400,0.269291
50,7,train,75,0.062000,0.066360
50,7,train,76,0.240000,0.228325
50,7,train,77,0.035100,0.040874
50,7,train,78,0.050000,0.049386
50,7,train,79,0.110000,0.113043
50,7,train,80,0.120000,0.141102
50,7,train,81,0.320000,0.311864
50,7,train,82,0.094600,0.090076
50,7,train,83,0.100000,0.101764
50,7,train,84,0.160000,0.164508
50,7,train,85,0.270000,0.248162
50,7,train,86,0.380000,0.350025
50,7,train,87,0.270000,0.262212
50,7,train,88,0.170000,0.179707
50,7,train,89,0.111520,0.119103
50,7,train,90,0.050000,0.063136
50,7,train,91,0.020000,0.027145
50,7,train,92,0.040000,0.049414
50,7,train,93,0.260000,0.274719
50,7,train,94,0.250000,0.232735
50,7,train,95,0.403000,0.367107
50,7,train,96,0.151000,0.144064
50,7,train,97,0.290000,0.258170
50,7,train,98,0.240000,0.238751
50,7,train,99,0.035400,0.039589
50,7,train,100,0.090000,0.078340
50,7,train,101,0.174900,0.167944
50,7,train,102,0.220000,0.207025
50,7,train,103,0.045300,0.057939
50,7,train,104,0.020000,0.083938
50,7,train,105,0.284200,0.258894
50,7,train,106,0.050000,0.056704
50,7,train,107,0.010000,0.038527
50,7,train,108,0.070000,0.054902
50,7,train,109,0.043800,0.039322
50,7,train,110,0.144500,0.146382
50,7,train,111,0.310000,0.305464
50,7,train,112,0.020000,0.043180
50,7,train,113,0.174900,0.167944
50,7,train,114,0.020000,0.031862
50,7,train,115,0.010000,0.030291
50,7,train,116,0.210000,0.202996
50,7,train,117,0.540000,0.340508
50,7,train,118,0.010000,0.017390
50,7,train,119,0.023500,0.029342
50,7,train,120,0.010000,0.022791
50,7,train,121,0.144700,0.128662
50,7,train,122,0.370000,0.301114
50,7,train,123,0.093900,0.091609
50,7,train,124,0.133000,0.202567
50,7,train,125,0.185100,0.186572
50,7,train,126,0.200000,0.197175
50,7,train,127,0.360000,0.326284
50,7,train,128,0.030000,0.045587
50,7,train,129,0.052410,0.046440
50,8,test,0,0.018000,0.085950
50,8,test,1,-0.030000,0.095314
50,8,test,2,0.439000,0.386257
50,8,test,3,0.264400,0.293024
50,8,test,4,0.100000,0.172823
50,8,test,5,0.114400,0.243143
50,8,test,6,0.100000,0.105765
50,8,test,7,0.160000,0.086698
50,8,test,8,0.160000,0.155943
50,8,test,9,0.043800,0.013825
50,8,test,10,0.200000,0.229220
50,8,test,11,0.240000,0.171477
50,8,test,12,0.220000,0.127930
50,8,test,13,0.054300,0.154763
50,8,test,14,0.180000,0.066380
50,8,test,15,0.075400,0.058938
50,8,test,16,0.380000,0.201413
50,8,test,17,0.052410,0.153712
50,8,test,18,0.070000,0.042532
50,8,test,19,0.144700,0.137629
50,8,test,20,0.030000,0.061137
50,8,test,21,0.093900,0.093213
50,8,test,22,0.020000,0.052596
50,8,test,23,0.290000,0.138768
50,8,test,24,0.210000,0.315335
50,8,test,25,0.160000,0.071654
50,8,test,26,-0.390000,0.123129
50,8,test,27,0.150000,0.302201
50,8,test,28,0.030000,0.112938
50,8,test,29,0.110000,0.111396
50,8,test,30,0.240000,0.177982
50,8,test,31,0.010000,-0.002130
50,8,test,32,0.820000,0.590115
50,8,train,0,0.094900,0.091928
50,8,train,1,0.150000,0.153282
50,8,train,2,0.020000,0.023858
50,8,train,3,0.018000,0.016817
50,8,train,4,0.224400,0.223456
50,8,train,5,0.010000,0.040580
50,8,train,6,0.290000,0.302023
50,8,train,7,0.232000,0.224904
50,8,train,8,0.090000,0.093213
50,8,train,9,0.137000,0.135672
50,8,train,10,0.020000,0.012200
50,8,train,11,0.284200,0.277174
50,8,train,12,0.350000,0.349407
50,8,train,13,0.030000,0.029252
50,8,train,14,0.094900,0.091928
50,8,train,15,0.174900,0.173863
50,8,train,16,0.360000,0.352158
50,8,train,17,0.090000,0.096640
50,8,train,18,0.242000,0.231916
50,8,train,19,0.050000,0.053348
50,8,train,20,0.240000,0.243477
50,8,train,21,0.273300,0.276398
50,8,train,22,0.115100,0.109149
50,8,train,23,0.111520,0.124331
50,8,train,24,0.040000,0.051502
50,8,train,25,-0.080000,-0.046983
50,8,train,26,0.193500,0.186655
50,8,train,27,0.320000,0.310849
50,8,train,28,0.403000,0.378024
50,8,train,29,0.063300,0.059162
50,8,train,30,0.330000,0.323770
50,8,train,31,0.090000,0.089584
50,8,train,32,0.210000,0.209459
50,8,train,33,0.020000,0.043248
50,8,train,34,0.133000,0.206264
50,8,train,35,0.185100,0.186703
50,8,train,36,0.280000,0.276620
50,8,train,37,0.090000,0.098038
50,8,train,38,0.032000,0.049581
50,8,train,39,0.022000,0.033418
50,8,train,40,0.200000,0.181378
50,8,train,41,0.190000,0.189857
50,8,train,42,0.260000,0.279544
50,8,train,43,0.073410,0.070590
50,8,train,44,0.200000,0.201549
50,8,train,45,0.035100,0.031632
50,8,train,46,0.020000,0.015833
50,8,train,47,0.115100,0.109149
50,8,train,48,0.190000,0.180535
50,8,train,49,0.174900,0.173863
50,8,train,50,0.040000,0.038863
50,8,train,51,0.010000,0.017239
50,8,train,52,0.144500,0.140139
50,8,train,53,0.023500,0.023365
50,8,train,54,0.790000,0.759833
50,8,train,55,0.010000,0.012891
50,8,train,56,0.020000,0.049181
50,8,train,57,0.135000,0.144350
50,8,train,58,0.310000,0.311403
50,8,train,59,0.094700,0.095142
50,8,train,60,0.163300,0.155943
50,8,train,61,0.120000,0.136915
50,8,train,62,0.190000,0.176810
50,8,train,63,0.250000,0.247884
50,8,train,64,0.075400,0.058938
50,8,train,65,0.020000,0.036074
50,8,train,66,0.095300,0.089892
50,8,train,67,0.540000,0.455672
50,8,train,68,0.790000,0.817141
50,8,train,69,0.180000,0.169681
50,8,train,70,0.144700,0.137629
50,8,train,71,0.048480,0.046213
50,8,train,72,0.260000,0.234648
50,8,train,73,0.160000,0.134734
50,8,train,74,0.045300,0.044859
50,8,train,75,0.280000,0.278674
50,8,train,76,-0.350000,-0.257972
50,8,train,77,0.380000,0.366422
50,8,train,78,0.170000,0.169466
50,8,train,79,0.020000,0.028081
50,8,train,80,0.044200,0.048716
50,8,train,81,0.035400,0.031347
50,8,train,82,0.244400,0.252363
50,8,train,83,0.260000,0.234009
50,8,train,84,0.370000,0.313817
50,8,train,85,0.094600,0.094490
50,8,train,86,0.084600,0.087769
50,8,train,87,0.065340,0.082756
50,8,train,88,0.058480,0.075034
50,8,train,89,0.130000,0.131625
50,8,train,90,0.060000,0.059162
50,8,train,91,0.160000,0.161778
50,8,train,92,0.035100,0.031632
50,8,train,93,0.185100,0.186703
50,8,train,94,0.090000,0.097466
50,8,train,95,0.080000,0.080117
50,8,train,96,0.151000,0.153855
50,8,train,97,0.270000,0.258535
50,8,train,98,0.240000,0.235256
50,8,train,99,0.072000,0.092874
50,8,train,100,-0.110000,-0.114454
50,8,train,101,0.050000,0.060881
50,8,train,102,0.011000,0.015018
50,8,train,103,0.260000,0.268314
50,8,train,104,0.190000,0.197603
50,8,train,105,0.190000,0.174499
50,8,train,106,0.280000,0.206264
50,8,train,107,0.025000,0.019408
50,8,train,108,0.230000,0.225306
50,8,train,109,0.080000,0.077708
50,8,train,110,0.000000,0.007335
50,8,train,111,0.020000,0.023365
50,8,train,112,0.130000,0.131625
50,8,train,113,0.151000,0.153855
50,8,train,114,0.062000,0.064353
50,8,train,115,0.270000,0.276398
50,8,train,116,0.020000,0.005044
50,8,train,117,0.080000,0.054416
50,8,train,118,0.040000,0.035470
50,8,train,119,0.150000,0.153580
50,8,train,120,0.190000,0.186655
50,8,train,121,0.110000,0.111396
50,8,train,122,0.030000,0.048516
50,8,train,123,0.024200,0.023605
50,8,train,124,0.220000,0.211829
50,8,train,125,0.035400,0.031347
50,8,train,126,0.010000,0.012131
50,8,train,127,0.030000,0.036871
50,8,train,128,0.050000,0.052585
50,8,train,129,0.100000,0.105765
50,9,test,0,0.163300,0.143669
50,9,test,1,0.190000,0.069090
50,9,test,2,0.032000,0.099740
50,9,test,3,0.072000,0.120163
50,9,test,4,0.025000,0.078826
50,9,test,5,0.080000,0.036822
50,9,test,6,0.240000,0.212162
50,9,test,7,0.080000,0.093520
50,9,test,8,0.095300,0.027503
50,9,test,9,0.190000,0.105078
50,9,test,10,0.120000,0.246855
50,9,test,11,0.043800,0.026967
50,9,test,12,0.010000,0.142108
50,9,test,13,0.174900,0.154934
50,9,test,14,0.094900,0.095704
50,9,test,15,0.100000,0.111464
50,9,test,16,0.100000,0.111464
50,9,test,17,0.151000,0.064795
50,9,test,18,0.020000,0.264748
50,9,test,19,0.264400,0.259894
50,9,test,20,0.244400,0.239496
50,9,test,21,0.020000,0.168384
50,9,test,22,0.190000,0.203061
50,9,test,23,0.180000,0.109812
50,9,test,24,0.090000,0.107086
50,9,test,25,0.280000,0.129425
50,9,test,26,0.193500,0.133165
50,9,test,27,0.054300,0.142478
50,9,test,28,0.190000,0.133165
50,9,test,29,0.058480,0.173495
50,9,test,30,0.144700,0.113683
50,9,test,31,0.050000,0.119088
50,9,test,32,0.280000,0.289194
50,9,train,0,0.052410,0.063666
50,9,train,1,0.094600,0.095704
50,9,train,2,0.035400,0.063796
50,9,train,3,0.190000,0.136410
50,9,train,4,0.010000,0.041070
50,9,train,5,0.790000,0.634590
50,9,train,6,0.350000,0.276615
50,9,train,7,0.540000,0.295709
50,9,train,8,0.065340,0.137324
50,9,train,9,0.070000,0.046116
50,9,train,10,0.010000,0.004526
50,9,train,11,-0.030000,-0.016420
50,9,train,12,0.035400,0.063796
50,9,train,13,0.093900,0.103773
50,9,train,14,0.115100,0.110866
50,9,train,15,0.050000,0.020106
50,9,train,16,0.030000,0.053992
50,9,train,17,0.111520,0.126665
50,9,train,18,0.044200,0.007926
50,9,train,19,0.040000,0.048305
50,9,train,20,0.084600,0.081807
50,9,train,21,0.020000,0.051396
50,9,train,22,0.115100,0.110866
50,9,train,23,0.380000,0.337019
50,9,train,24,0.100000,0.154242
50,9,train,25,0.290000,0.251462
50,9,train,26,0.045300,0.043398
50,9,train,27,0.320000,0.280195
50,9,train,28,0.290000,0.225909
50,9,train,29,0.035100,0.035715
50,9,train,30,0.310000,0.324378
50,9,train,31,0.185100,0.174686
50,9,train,32,0.380000,0.278334
50,9,train,33,0.130000,0.135829
50,9,train,34,0.011000,0.081619
50,9,train,35,0.020000,0.043733
50,9,train,36,0.022000,0.027066
50,9,train,37,0.110000,0.097164
50,9,train,38,0.075400,0.055599
50,9,train,39,0.020000,0.113297
50,9,train,40,0.260000,0.299493
50,9,train,41,0.020000,0.052757
50,9,train,42,0.090000,0.032995
50,9,train,43,0.094900,0.095704
50,9,train,44,0.232000,0.223473
50,9,train,45,0.150000,0.212048
50,9,train,46,0.242000,0.250958
50,9,train,47,0.260000,0.243805
50,9,train,48,0.150000,0.212544
50,9,train,49,0.048480,0.134645
50,9,train,50,0.075400,0.055599
50,9,train,51,0.135000,0.171040
50,9,train,52,0.010000,0.054724
50,9,train,53,0.200000,0.176281
50,9,train,54,0.174900,0.154934
50,9,train,55,0.080000,0.093808
50,9,train,56,0.210000,0.164024
50,9,train,57,0.110000,0.097164
50,9,train,58,0.020000,0.068286
50,9,train,59,0.030000,0.069539
50,9,train,60,0.151000,0.064795
50,9,train,61,0.024200,0.085597
50,9,train,62,0.790000,0.535242
50,9,train,63,0.050000,0.064842
50,9,train,64,0.023500,0.056356
50,9,train,65,0.273300,0.238579
50,9,train,66,0.018000,0.021354
50,9,train,67,0.270000,0.238579
50,9,train,68,0.130000,0.135829
50,9,train,69,0.160000,0.118233
50,9,train,70,0.224400,0.165051
50,9,train,71,-0.110000,-0.050788
50,9,train,72,0.230000,0.249596
50,9,train,73,0.094700,0.116616
50,9,train,74,0.090000,0.120760
50,9,train,75,0.260000,0.283106
50,9,train,76,0.144700,0.113683
50,9,train,77,0.040000,0.046494
50,9,train,78,0.360000,0.275523
50,9,train,79,0.030000,0.115398
50,9,train,80,0.284200,0.217942
50,9,train,81,0.240000,0.219421
50,9,train,82,0.170000,0.175494
50,9,train,83,0.370000,0.311307
50,9,train,84,0.439000,0.370839
50,9,train,85,0.030000,0.005929
50,9,train,86,0.114400,0.151931
50,9,train,87,0.133000,0.129425
50,9,train,88,0.073410,0.087915
50,9,train,89,0.280000,0.281770
50,9,train,90,0.200000,0.143151
50,9,train,91,0.030000,0.025323
50,9,train,92,0.820000,0.621110
50,9,train,93,0.190000,0.133001
50,9,train,94,0.062000,0.082364
50,9,train,95,0.040000,0.135313
50,9,train,96,0.403000,0.372841
50,9,train,97,0.160000,0.130891
50,9,train,98,0.018000,0.119166
50,9,train,99,0.220000,0.169305
50,9,train,100,0.180000,0.155446
50,9,train,101,0.090000,0.107223
50,9,train,102,0.060000,0.071881
50,9,train,103,0.330000,0.290214
50,9,train,104,0.220000,0.207644
50,9,train,105,0.210000,0.239098
50,9,train,106,0.160000,0.099079
50,9,train,107,0.020000,0.011119
50,9,train,108,-0.350000,-0.068685
50,9,train,109,0.144500,0.131768
50,9,train,110,0.240000,0.252968
50,9,train,111,0.240000,0.209861
50,9,train,112,0.000000,0.042161
50,9,train,113,0.090000,0.103773
50,9,train,114,0.200000,0.204995
50,9,train,115,0.250000,0.265624
50,9,train,116,0.160000,0.143669
50,9,train,117,0.160000,0.195153
50,9,train,118,0.035100,0.035715
50,9,train,119,-0.390000,-0.113534
50,9,train,120,0.063300,0.071881
50,9,train,121,0.020000,0.056356
50,9,train,122,0.137000,0.120189
50,9,train,123,-0.080000,0.054020
50,9,train,124,0.270000,0.264837
50,9,train,125,0.150000,0.202194
50,9,train,126,0.010000,0.122244
50,9,train,127,0.020000,0.042856
50,9,train,128,0.185100,0.174686
50,9,train,129,0.260000,0.212822
50,10,test,0,0.111520,0.148547
50,10,test,1,0.020000,0.067671
50,10,test,2,0.044200,0.084095
50,10,test,3,0.073410,0.121164
50,10,test,4,0.035100,0.060545
50,10,test,5,0.110000,0.113027
50,10,test,6,0.790000,0.192599
50,10,test,7,0.020000,0.096871
50,10,test,8,0.330000,0.165478
50,10,test,9,0.090000,0.075985
50,10,test,10,0.070000,0.116854
50,10,test,11,0.060000,0.081250
50,10,test,12,0.163300,0.145793
50,10,test,13,0.065340,0.148587
50,10,test,14,0.045300,0.084245
50,10,test,15,0.032000,0.120028
50,10,test,16,0.200000,0.189387
50,10,test,17,0.240000,0.143426
50,10,test,18,0.030000,0.129632
50,10,test,19,0.130000,0.113027
50,10,test,20,0.144500,0.134881
50,10,test,21,0.018000,0.152917
50,10,test,22,0.160000,0.163517
50,10,test,23,0.220000,0.161384
50,10,test,24,0.094600,0.109502
50,10,test,25,0.193500,0.175824
50,10,test,26,0.035400,0.115439
50,10,test,27,0.010000,0.092154
50,10,test,28,0.020000,0.041234
50,10,test,29,-0.390000,0.118613
50,10,test,30,0.820000,0.220766
50,10,test,31,-0.030000,0.139448
50,10,test,32,0.210000,0.145051
50,10,train,0,0.210000,0.199972
50,10,train,1,0.540000,0.318275
50,10,train,2,0.280000,0.223713
50,10,train,3,0.020000,0.064597
50,10,train,4,0.230000,0.214341
50,10,train,5,0.020000,0.088207
50,10,train,6,0.150000,0.230063
50,10,train,7,0.370000,0.247129
50,10,train,8,0.790000,0.329318
50,10,train,9,0.260000,0.239486
50,10,train,10,0.190000,0.175824
50,10,train,11,0.050000,0.111146
50,10,train,12,0.160000,0.152631
50,10,train,13,0.030000,0.052594
50,10,train,14,0.075400,0.062682
50,10,train,15,0.054300,0.118869
50,10,train,16,0.151000,0.126804
50,10,train,17,-0.110000,0.084551
50,10,train,18,0.273300,0.207181
50,10,train,19,0.010000,0.038728
50,10,train,20,0.135000,0.154406
50,10,train,21,0.270000,0.207181
50,10,train,22,0.115100,0.130836
50,10,train,23,0.024200,0.091311
50,10,train,24,0.011000,0.075289
50,10,train,25,0.052410,0.104051
50,10,train,26,0.190000,0.157930
50,10,train,27,0.094900,0.095047
50,10,train,28,0.040000,0.068192
50,10,train,29,0.160000,0.087865
50,10,train,30,0.174900,0.143956
50,10,train,31,0.190000,0.171769
50,10,train,32,0.080000,0.097974
50,10,train,33,0.380000,0.269941
50,10,train,34,0.224400,0.176224
50,10,train,35,0.180000,0.145428
50,10,train,36,0.062000,0.093765
50,10,train,37,0.090000,0.120066
50,10,train,38,0.190000,0.170613
50,10,train,39,0.095300,0.106557
50,10,train,40,0.180000,0.164025
50,10,train,41,0.360000,0.270435
50,10,train,42,0.084600,0.102143
50,10,train,43,0.050000,0.040745
50,10,train,44,0.050000,0.070772
50,10,train,45,0.023500,0.064597
50,10,train,46,0.035100,0.060545
50,10,train,47,0.240000,0.146801
50,10,train,48,0.133000,0.176699
50,10,train,49,0.090000,0.091196
50,10,train,50,0.030000,0.114691
50,10,train,51,0.439000,0.239953
50,10,train,52,0.110000,0.113027
50,10,train,53,0.310000,0.306184
50,10,train,54,0.115100,0.130836
50,10,train,55,0.290000,0.199684
50,10,train,56,0.250000,0.227808
50,10,train,57,0.260000,0.247661
50,10,train,58,0.284200,0.192679
50,10,train,59,0.018000,0.037671
50,10,train,60,0.160000,0.148545
50,10,train,61,0.035400,0.115439
50,10,train,62,0.020000,0.109978
50,10,train,63,0.030000,0.083344
50,10,train,64,0.220000,0.209851
50,10,train,65,0.200000,0.166071
50,10,train,66,0.043800,0.056401
50,10,train,67,0.010000,0.045101
50,10,train,68,0.100000,0.121631
50,10,train,69,0.100000,0.121631
50,10,train,70,0.072000,0.171996
50,10,train,71,0.290000,0.254166
50,10,train,72,0.174900,0.143956
50,10,train,73,0.380000,0.250138
50,10,train,74,0.094700,0.108624
50,10,train,75,0.100000,0.144796
50,10,train,76,-0.350000,0.096783
50,10,train,77,0.280000,0.247256
50,10,train,78,0.260000,0.258666
50,10,train,79,0.185100,0.163527
50,10,train,80,0.010000,0.042173
50,10,train,81,0.020000,0.054291
50,10,train,82,0.020000,0.034219
50,10,train,83,0.022000,0.023805
50,10,train,84,0.040000,0.123835
50,10,train,85,0.244400,0.215402
50,10,train,86,0.090000,0.066903
50,10,train,87,0.200000,0.212761
50,10,train,88,0.075400,0.062682
50,10,train,89,0.093900,0.091196
50,10,train,90,0.137000,0.145962
50,10,train,91,0.010000,0.041234
50,10,train,92,0.151000,0.126804
50,10,train,93,0.000000,0.091304
50,10,train,94,0.264400,0.269244
50,10,train,95,0.048480,0.094479
50,10,train,96,0.232000,0.210828
50,10,train,97,0.058480,0.091618
50,10,train,98,-0.080000,0.118366
50,10,train,99,0.144700,0.135113
50,10,train,100,0.114400,0.150856
50,10,train,101,0.130000,0.113027
50,10,train,102,0.185100,0.163527
50,10,train,103,0.260000,0.199899
50,10,train,104,0.080000,0.097823
50,10,train,105,0.144700,0.135113
50,10,train,106,0.025000,0.029743
50,10,train,107,0.150000,0.232297
50,10,train,108,0.242000,0.190098
50,10,train,109,0.160000,0.145793
50,10,train,110,0.120000,0.179012
50,10,train,111,0.080000,0.071034
50,10,train,112,0.094900,0.095047
50,10,train,113,0.190000,0.122237
50,10,train,114,0.240000,0.199443
50,10,train,115,0.320000,0.260942
50,10,train,116,0.190000,0.141612
50,10,train,117,0.150000,0.207147
50,10,train,118,0.063300,0.081250
50,10,train,119,0.020000,0.077850
50,10,train,120,0.020000,0.159599
50,10,train,121,0.350000,0.272648
50,10,train,122,0.403000,0.242155
50,10,train,123,0.040000,0.101146
50,10,train,124,0.240000,0.220073
50,10,train,125,0.030000,0.031417
50,10,train,126,0.170000,0.196186
50,10,train,127,0.090000,0.131134
50,10,train,128,0.270000,0.238037
50,10,train,129,0.280000,0.176699
70,1,test,0,0.043800,0.087537
70,1,test,1,0.044200,0.115701
70,1,test,2,0.075400,0.076506
70,1,test,3,0.115100,0.131890
70,1,test,4,0.020000,0.079583
70,1,test,5,0.090000,0.032223
70,1,test,6,-0.390000,0.112680
70,1,test,7,0.111520,0.146412
70,1,test,8,0.110000,0.121447
70,1,test,9,0.080000,0.121066
70,1,test,10,0.439000,0.182314
70,1,test,11,0.320000,0.206432
70,1,test,12,0.185100,0.127051
70,1,test,13,0.144500,0.173629
70,1,test,14,0.150000,0.206202
70,1,test,15,0.174900,0.095890
70,1,test,16,0.040000,0.162016
70,1,test,17,0.030000,0.094523
70,1,test,18,0.062000,0.097601
70,1,test,19,0.010000,0.102882
70,1,test,20,0.200000,0.148872
70,1,test,21,0.224400,0.177441
70,1,test,22,0.163300,0.074016
70,1,test,23,0.250000,0.252579
70,1,test,24,0.040000,0.149072
70,1,test,25,0.190000,0.108743
70,1,test,26,0.200000,0.151476
70,1,test,27,0.050000,0.076759
70,1,test,28,0.151000,0.092067
70,1,test,29,0.190000,0.133635
70,1,test,30,0.058480,0.134756
70,1,test,31,0.190000,0.189282
70,1,test,32,0.063300,0.124999
70,1,train,0,0.100000,0.139213
70,1,train,1,0.150000,0.157411
70,1,train,2,0.023500,0.057173
70,1,train,3,0.403000,0.187079
70,1,train,4,0.190000,0.133883
70,1,train,5,0.115100,0.131890
70,1,train,6,0.380000,0.270074
70,1,train,7,0.110000,0.121447
70,1,train,8,0.242000,0.187085
70,1,train,9,0.020000,0.057173
70,1,train,10,0.020000,0.176844
70,1,train,11,0.050000,0.112616
70,1,train,12,-0.110000,0.053963
70,1,train,13,0.010000,0.066608
70,1,train,14,0.090000,0.172799
70,1,train,15,0.330000,0.270863
70,1,train,16,0.018000,0.139011
70,1,train,17,0.244400,0.216910
70,1,train,18,0.010000,0.077243
70,1,train,19,0.200000,0.240747
70,1,train,20,-0.350000,0.056010
70,1,train,21,0.100000,0.120661
70,1,train,22,0.260000,0.228923
70,1,train,23,0.144700,0.130075
70,1,train,24,0.080000,0.112070
70,1,train,25,0.151000,0.092067
70,1,train,26,0.000000,0.083194
70,1,train,27,0.024200,0.059882
70,1,train,28,0.035400,0.084971
70,1,train,29,0.220000,0.118613
70,1,train,30,0.084600,0.102193
70,1,train,31,0.070000,0.038190
70,1,train,32,0.048480,0.073129
70,1,train,33,0.090000,0.152428
70,1,train,34,0.360000,0.228223
70,1,train,35,0.290000,0.234712
70,1,train,36,0.220000,0.162728
70,1,train,37,0.270000,0.227194
70,1,train,38,0.280000,0.231592
70,1,train,39,0.260000,0.214232
70,1,train,40,0.790000,0.396619
70,1,train,41,0.310000,0.269371
70,1,train,42,0.020000,0.147421
70,1,train,43,0.120000,0.222748
70,1,train,44,0.144700,0.130075
70,1,train,45,-0.080000,0.078547
70,1,train,46,0.020000,0.102579
70,1,train,47,0.094900,0.093976
70,1,train,48,0.035100,0.057981
70,1,train,49,0.094700,0.116952
70,1,train,50,0.160000,0.074016
70,1,train,51,0.040000,0.159867
70,1,train,52,0.180000,0.178116
70,1,train,53,0.230000,0.240839
70,1,train,54,0.010000,0.126681
70,1,train,55,0.090000,0.090955
70,1,train,56,0.020000,0.089880
70,1,train,57,0.284200,0.211480
70,1,train,58,0.135000,0.183702
70,1,train,59,0.820000,0.402020
70,1,train,60,0.045300,0.009840
70,1,train,61,0.035400,0.084971
70,1,train,62,0.240000,0.242142
70,1,train,63,0.020000,0.071205
70,1,train,64,0.264400,0.271060
70,1,train,65,0.093900,0.172799
70,1,train,66,0.030000,0.095351
70,1,train,67,0.280000,0.175312
70,1,train,68,0.018000,0.047526
70,1,train,69,0.080000,0.119290
70,1,train,70,0.280000,0.230132
70,1,train,71,0.050000,0.067612
70,1,train,72,0.174900,0.095890
70,1,train,73,0.130000,0.135010
70,1,train,74,0.190000,0.191013
70,1,train,75,0.790000,0.438056
70,1,train,76,0.170000,0.149406
70,1,train,77,0.090000,0.160769
70,1,train,78,0.075400,0.076506
70,1,train,79,0.273300,0.202337
70,1,train,80,0.030000,0.162165
70,1,train,81,0.185100,0.127051
70,1,train,82,0.160000,0.136010
70,1,train,83,0.054300,0.125705
70,1,train,84,0.094900,0.093976
70,1,train,85,0.193500,0.191503
70,1,train,86,0.030000,0.060317
70,1,train,87,0.073410,0.080298
70,1,train,88,0.022000,0.068674
70,1,train,89,0.210000,0.145532
70,1,train,90,0.010000,0.104623
70,1,train,91,0.210000,0.210389
70,1,train,92,0.094600,0.105032
70,1,train,93,-0.030000,-0.001864
70,1,train,94,0.180000,0.093368
70,1,train,95,0.032000,0.125411
70,1,train,96,0.114400,0.165159
70,1,train,97,0.290000,0.208467
70,1,train,98,0.150000,0.206229
70,1,train,99,0.350000,0.250921
70,1,train,100,0.190000,0.191503
70,1,train,101,0.160000,0.115890
70,1,train,102,0.240000,0.191110
70,1,train,103,0.232000,0.164175
70,1,train,104,0.137000,0.091775
70,1,train,105,0.270000,0.202337
70,1,train,106,0.060000,0.124999
70,1,train,107,0.380000,0.237997
70,1,train,108,0.160000,0.093179
70,1,train,109,0.072000,0.128627
70,1,train,110,0.130000,0.135010
70,1,train,111,0.100000,0.139213
70,1,train,112,0.540000,0.160973
70,1,train,113,0.160000,0.168812
70,1,train,114,0.133000,0.175312
70,1,train,115,0.240000,0.184462
70,1,train,116,0.025000,0.036543
70,1,train,117,0.260000,0.240242
70,1,train,118,0.065340,0.121050
70,1,train,119,0.052410,0.102360
70,1,train,120,0.020000,0.057595
70,1,train,121,0.260000,0.234715
70,1,train,122,0.240000,0.165513
70,1,train,123,0.011000,0.139341
70,1,train,124,0.035100,0.057981
70,1,train,125,0.030000,0.089134
70,1,train,126,0.020000,0.099588
70,1,train,127,0.370000,0.230020
70,1,train,128,0.020000,0.146334
70,1,train,129,0.095300,0.068710
70,2,test,0,0.310000,0.260341
70,2,test,1,0.260000,0.329238
70,2,test,2,0.072000,0.078069
70,2,test,3,0.270000,0.270493
70,2,test,4,0.180000,0.119064
70,2,test,5,0.210000,0.177113
70,2,test,6,0.052410,0.075346
70,2,test,7,0.080000,0.058139
70,2,test,8,0.032000,0.113050
70,2,test,9,0.280000,0.232769
70,2,test,10,0.093900,0.104479
70,2,test,11,0.240000,0.271964
70,2,test,12,0.100000,0.104526
70,2,test,13,0.150000,0.239771
70,2,test,14,0.090000,0.104479
70,2,test,15,0.273300,0.258998
70,2,test,16,0.110000,0.110764
70,2,test,17,0.011000,0.197861
70,2,test,18,0.200000,0.120527
70,2,test,19,0.111520,0.135669
70,2,test,20,-0.080000,0.178860
70,2,test,21,0.073410,0.104067
70,2,test,22,0.043800,0.087198
70,2,test,23,0.010000,0.023286
70,2,test,24,-0.350000,0.210761
70,2,test,25,0.260000,0.310126
70,2,test,26,0.084600,0.093968
70,2,test,27,0.224400,0.252004
70,2,test,28,0.010000,0.075508
70,2,test,29,0.035100,0.037514
70,2,test,30,0.174900,0.172914
70,2,test,31,0.018000,0.217929
70,2,test,32,0.020000,0.296023
70,2,train,0,0.115100,0.114779
70,2,train,1,0.320000,0.318259
70,2,train,2,0.023500,0.022191
70,2,train,3,0.790000,0.751400
70,2,train,4,-0.110000,-0.079857
70,2,train,5,0.080000,0.076732
70,2,train,6,0.024200,0.023002
70,2,train,7,0.190000,0.189274
70,2,train,8,0.170000,0.197586
70,2,train,9,0.133000,0.208044
70,2,train,10,0.040000,0.025676
70,2,train,11,0.020000,0.019048
70,2,train,12,0.010000,0.017418
70,2,train,13,0.144700,0.143994
70,2,train,14,0.040000,0.041947
70,2,train,15,0.030000,0.040846
70,2,train,16,0.820000,0.762472
70,2,train,17,0.090000,0.088595
70,2,train,18,0.010000,0.015597
70,2,train,19,0.244400,0.243751
70,2,train,20,0.190000,0.185916
70,2,train,21,0.144700,0.143994
70,2,train,22,0.020000,0.021034
70,2,train,23,0.264400,0.267547
70,2,train,24,0.048480,0.050328
70,2,train,25,0.240000,0.242466
70,2,train,26,0.110000,0.110764
70,2,train,27,0.062000,0.068789
70,2,train,28,0.065340,0.067934
70,2,train,29,0.180000,0.177108
70,2,train,30,0.030000,0.026322
70,2,train,31,0.120000,0.116226
70,2,train,32,0.025000,0.024147
70,2,train,33,0.114400,0.116477
70,2,train,34,-0.390000,-0.213462
70,2,train,35,0.030000,0.029532
70,2,train,36,0.020000,0.022191
70,2,train,37,0.018000,0.020294
70,2,train,38,0.090000,0.090023
70,2,train,39,0.151000,0.150558
70,2,train,40,0.790000,0.762472
70,2,train,41,0.094600,0.095202
70,2,train,42,0.020000,0.020107
70,2,train,43,0.190000,0.185517
70,2,train,44,0.050000,0.048688
70,2,train,45,0.040000,0.041161
70,2,train,46,0.240000,0.236141
70,2,train,47,0.439000,0.412019
70,2,train,48,0.050000,0.049992
70,2,train,49,0.000000,0.009123
70,2,train,50,0.185100,0.185090
70,2,train,51,0.270000,0.258998
70,2,train,52,0.151000,0.150558
70,2,train,53,0.130000,0.129509
70,2,train,54,0.540000,0.437013
70,2,train,55,0.240000,0.244989
70,2,train,56,0.075400,0.075375
70,2,train,57,0.010000,0.010915
70,2,train,58,0.144500,0.143309
70,2,train,59,0.075400,0.075375
70,2,train,60,0.130000,0.129509
70,2,train,61,-0.030000,-0.029010
70,2,train,62,0.280000,0.208044
70,2,train,63,0.190000,0.188623
70,2,train,64,0.284200,0.281522
70,2,train,65,0.063300,0.062309
70,2,train,66,0.020000,0.026035
70,2,train,67,0.094900,0.095105
70,2,train,68,0.260000,0.252730
70,2,train,69,0.054300,0.047766
70,2,train,70,0.135000,0.136300
70,2,train,71,0.160000,0.148524
70,2,train,72,0.100000,0.104526
70,2,train,73,0.035400,0.035325
70,2,train,74,0.160000,0.161362
70,2,train,75,0.260000,0.253814
70,2,train,76,0.150000,0.152521
70,2,train,77,0.232000,0.233729
70,2,train,78,0.020000,0.022557
70,2,train,79,0.020000,0.025612
70,2,train,80,0.100000,0.099634
70,2,train,81,0.200000,0.183649
70,2,train,82,0.290000,0.283361
70,2,train,83,0.050000,0.051520
70,2,train,84,0.020000,0.022838
70,2,train,85,0.030000,0.024310
70,2,train,86,0.160000,0.158942
70,2,train,87,0.350000,0.350604
70,2,train,88,0.020000,0.020472
70,2,train,89,0.163300,0.161362
70,2,train,90,0.210000,0.225708
70,2,train,91,0.035100,0.037514
70,2,train,92,0.190000,0.192957
70,2,train,93,0.115100,0.114779
70,2,train,94,0.022000,0.020924
70,2,train,95,0.160000,0.155203
70,2,train,96,0.160000,0.182144
70,2,train,97,0.185100,0.185090
70,2,train,98,0.360000,0.354798
70,2,train,99,0.290000,0.288157
70,2,train,100,0.090000,0.089642
70,2,train,101,0.094700,0.095057
70,2,train,102,0.094900,0.095105
70,2,train,103,0.070000,0.069516
70,2,train,104,0.030000,0.027986
70,2,train,105,0.380000,0.375266
70,2,train,106,0.330000,0.331309
70,2,train,107,0.242000,0.243090
70,2,train,108,0.045300,0.046840
70,2,train,109,0.200000,0.200076
70,2,train,110,0.190000,0.185780
70,2,train,111,0.080000,0.079998
70,2,train,112,0.220000,0.212334
70,2,train,113,0.230000,0.243695
70,2,train,114,0.095300,0.095109
70,2,train,115,0.280000,0.285441
70,2,train,116,0.250000,0.249967
70,2,train,117,0.150000,0.154500
70,2,train,118,0.058480,0.063148
70,2,train,119,0.060000,0.062309
70,2,train,120,0.044200,0.047274
70,2,train,121,0.403000,0.404287
70,2,train,122,0.035400,0.035325
70,2,train,123,0.380000,0.375242
70,2,train,124,0.220000,0.219066
70,2,train,125,0.174900,0.172914
70,2,train,126,0.193500,0.188623
70,2,train,127,0.137000,0.138782
70,2,train,128,0.370000,0.356268
70,2,train,129,0.090000,0.090739
70,3,test,0,-0.030000,0.500000
70,3,test,1,0.150000,0.500000
70,3,test,2,0.310000,0.500000
70,3,test,3,0.180000,0.500000
70,3,test,4,0.044200,0.500000
70,3,test,5,0.062000,0.500000
70,3,test,6,0.094900,0.500000
70,3,test,7,0.030000,0.500000
70,3,test,8,0.230000,0.500000
70,3,test,9,0.063300,0.500000
70,3,test,10,0.090000,0.500000
70,3,test,11,0.020000,0.500000
70,3,test,12,0.273300,0.500000
70,3,test,13,0.040000,0.500000
70,3,test,14,0.052410,0.500000
70,3,test,15,0.023500,0.500000
70,3,test,16,0.058480,0.500000
70,3,test,17,0.439000,0.500000
70,3,test,18,0.232000,0.500000
70,3,test,19,0.790000,0.500000
70,3,test,20,0.120000,0.500000
70,3,test,21,-0.390000,0.500000
70,3,test,22,0.050000,0.500000
70,3,test,23,0.540000,0.500000
70,3,test,24,0.185100,0.500000
70,3,test,25,0.190000,0.500000
70,3,test,26,0.360000,0.500000
70,3,test,27,0.200000,0.500000
70,3,test,28,0.190000,0.500000
70,3,test,29,0.032000,0.500000
70,3,test,30,0.020000,0.500000
70,3,test,31,0.220000,0.500000
70,3,test,32,-0.080000,0.500000
70,3,train,0,0.090000,0.500000
70,3,train,1,0.080000,0.500000
70,3,train,2,0.073410,0.500000
70,3,train,3,0.045300,0.500000
70,3,train,4,0.011000,0.500000
70,3,train,5,0.350000,0.500000
70,3,train,6,0.264400,0.500000
70,3,train,7,0.290000,0.500000
70,3,train,8,0.030000,0.500000
70,3,train,9,0.130000,0.500000
70,3,train,10,0.370000,0.500000
70,3,train,11,0.010000,0.500000
70,3,train,12,0.193500,0.500000
70,3,train,13,0.130000,0.500000
70,3,train,14,0.137000,0.500000
70,3,train,15,0.100000,0.500000
70,3,train,16,0.020000,0.500000
70,3,train,17,0.330000,0.500000
70,3,train,18,0.093900,0.500000
70,3,train,19,0.174900,0.500000
70,3,train,20,0.200000,0.500000
70,3,train,21,0.075400,0.500000
70,3,train,22,0.094900,0.500000
70,3,train,23,0.030000,0.500000
70,3,train,24,0.084600,0.500000
70,3,train,25,0.111520,0.500000
70,3,train,26,0.030000,0.500000
70,3,train,27,0.160000,0.500000
70,3,train,28,0.144700,0.500000
70,3,train,29,0.284200,0.500000
70,3,train,30,0.160000,0.500000
70,3,train,31,0.090000,0.500000
70,3,train,32,0.144500,0.500000
70,3,train,33,0.030000,0.500000
70,3,train,34,0.100000,0.500000
70,3,train,35,0.020000,0.500000
70,3,train,36,0.090000,0.500000
70,3,train,37,0.240000,0.500000
70,3,train,38,0.022000,0.500000
70,3,train,39,0.144700,0.500000
70,3,train,40,0.280000,0.500000
70,3,train,41,0.035400,0.500000
70,3,train,42,0.260000,0.500000
70,3,train,43,0.224400,0.500000
70,3,train,44,0.163300,0.500000
70,3,train,45,0.260000,0.500000
70,3,train,46,0.403000,0.500000
70,3,train,47,0.020000,0.500000
70,3,train,48,0.040000,0.500000
70,3,train,49,0.020000,0.500000
70,3,train,50,0.072000,0.500000
70,3,train,51,0.043800,0.500000
70,3,train,52,0.048480,0.500000
70,3,train,53,0.270000,0.500000
70,3,train,54,0.025000,0.500000
70,3,train,55,0.160000,0.500000
70,3,train,56,0.020000,0.500000
70,3,train,57,0.270000,0.500000
70,3,train,58,0.024200,0.500000
70,3,train,59,0.114400,0.500000
70,3,train,60,0.050000,0.500000
70,3,train,61,0.080000,0.500000
70,3,train,62,0.035400,0.500000
70,3,train,63,0.100000,0.500000
70,3,train,64,0.020000,0.500000
70,3,train,65,0.174900,0.500000
70,3,train,66,0.250000,0.500000
70,3,train,67,0.200000,0.500000
70,3,train,68,0.135000,0.500000
70,3,train,69,0.185100,0.500000
70,3,train,70,0.190000,0.500000
70,3,train,71,0.035100,0.500000
70,3,train,72,0.018000,0.500000
70,3,train,73,0.320000,0.500000
70,3,train,74,0.040000,0.500000
70,3,train,75,0.110000,0.500000
70,3,train,76,0.240000,0.500000
70,3,train,77,0.010000,0.500000
70,3,train,78,0.094700,0.500000
70,3,train,79,0.290000,0.500000
70,3,train,80,0.260000,0.500000
70,3,train,81,0.150000,0.500000
70,3,train,82,0.010000,0.500000
70,3,train,83,0.820000,0.500000
70,3,train,84,0.060000,0.500000
70,3,train,85,0.260000,0.500000
70,3,train,86,0.000000,0.500000
70,3,train,87,0.050000,0.500000
70,3,train,88,0.170000,0.500000
70,3,train,89,0.160000,0.500000
70,3,train,90,0.190000,0.500000
70,3,train,91,0.180000,0.500000
70,3,train,92,0.244400,0.500000
70,3,train,93,0.280000,0.500000
70,3,train,94,0.115100,0.500000
70,3,train,95,0.210000,0.500000
70,3,train,96,0.210000,0.500000
70,3,train,97,0.075400,0.500000
70,3,train,98,0.065340,0.500000
70,3,train,99,0.095300,0.500000
70,3,train,100,0.035100,0.500000
70,3,train,101,0.240000,0.500000
70,3,train,102,0.242000,0.500000
70,3,train,103,0.380000,0.500000
70,3,train,104,0.160000,0.500000
70,3,train,105,0.020000,0.500000
70,3,train,106,0.110000,0.500000
70,3,train,107,0.010000,0.500000
70,3,train,108,0.220000,0.500000
70,3,train,109,0.070000,0.500000
70,3,train,110,0.115100,0.500000
70,3,train,111,0.240000,0.500000
70,3,train,112,0.190000,0.500000
70,3,train,113,0.280000,0.500000
70,3,train,114,-0.110000,0.500000
70,3,train,115,0.151000,0.500000
70,3,train,116,0.054300,0.500000
70,3,train,117,0.133000,0.500000
70,3,train,118,0.151000,0.500000
70,3,train,119,0.150000,0.500000
70,3,train,120,-0.350000,0.500000
70,3,train,121,0.380000,0.500000
70,3,train,122,0.010000,0.500000
70,3,train,123,0.080000,0.500000
70,3,train,124,0.018000,0.500000
70,3,train,125,0.094600,0.500000
70,3,train,126,0.020000,0.500000
70,3,train,127,0.790000,0.500000
70,3,train,128,0.190000,0.500000
70,3,train,129,0.090000,0.500000
70,4,test,0,0.439000,0.500000
70,4,test,1,0.073410,0.500000
70,4,test,2,0.080000,0.500000
70,4,test,3,0.151000,0.500000
70,4,test,4,0.000000,0.500000
70,4,test,5,0.044200,0.500000
70,4,test,6,0.090000,0.500000
70,4,test,7,0.244400,0.500000
70,4,test,8,0.290000,0.500000
70,4,test,9,0.052410,0.500000
70,4,test,10,0.010000,0.500000
70,4,test,11,0.170000,0.500000
70,4,test,12,0.040000,0.500000
70,4,test,13,0.060000,0.500000
70,4,test,14,0.260000,0.500000
70,4,test,15,0.084600,0.500000
70,4,test,16,0.054300,0.500000
70,4,test,17,0.224400,0.500000
70,4,test,18,-0.080000,0.500000
70,4,test,19,0.062000,0.500000
70,4,test,20,0.284200,0.500000
70,4,test,21,0.200000,0.500000
70,4,test,22,0.160000,0.500000
70,4,test,23,0.144500,0.500000
70,4,test,24,0.090000,0.500000
70,4,test,25,0.010000,0.500000
70,4,test,26,0.185100,0.500000
70,4,test,27,0.790000,0.500000
70,4,test,28,0.310000,0.500000
70,4,test,29,0.010000,0.500000
70,4,test,30,0.280000,0.500000
70,4,test,31,0.380000,0.500000
70,4,test,32,0.273300,0.500000
70,4,train,0,0.025000,0.500000
70,4,train,1,0.050000,0.500000
70,4,train,2,0.050000,0.500000
70,4,train,3,0.185100,0.500000
70,4,train,4,0.190000,0.500000
70,4,train,5,0.065340,0.500000
70,4,train,6,0.040000,0.500000
70,4,train,7,0.144700,0.500000
70,4,train,8,0.130000,0.500000
70,4,train,9,0.240000,0.500000
70,4,train,10,0.250000,0.500000
70,4,train,11,0.111520,0.500000
70,4,train,12,0.100000,0.500000
70,4,train,13,0.023500,0.500000
70,4,train,14,0.094700,0.500000
70,4,train,15,0.242000,0.500000
70,4,train,16,0.030000,0.500000
70,4,train,17,0.200000,0.500000
70,4,train,18,0.360000,0.500000
70,4,train,19,0.270000,0.500000
70,4,train,20,0.150000,0.500000
70,4,train,21,0.380000,0.500000
70,4,train,22,0.270000,0.500000
70,4,train,23,0.040000,0.500000
70,4,train,24,0.080000,0.500000
70,4,train,25,0.020000,0.500000
70,4,train,26,0.011000,0.500000
70,4,train,27,0.080000,0.500000
70,4,train,28,0.090000,0.500000
70,4,train,29,0.070000,0.500000
70,4,train,30,0.193500,0.500000
70,4,train,31,0.190000,0.500000
70,4,train,32,0.264400,0.500000
70,4,train,33,0.150000,0.500000
70,4,train,34,0.280000,0.500000
70,4,train,35,0.018000,0.500000
70,4,train,36,0.022000,0.500000
70,4,train,37,0.035400,0.500000
70,4,train,38,0.032000,0.500000
70,4,train,39,0.240000,0.500000
70,4,train,40,0.163300,0.500000
70,4,train,41,0.094900,0.500000
70,4,train,42,0.030000,0.500000
70,4,train,43,0.110000,0.500000
70,4,train,44,0.030000,0.500000
70,4,train,45,0.540000,0.500000
70,4,train,46,0.230000,0.500000
70,4,train,47,0.280000,0.500000
70,4,train,48,0.115100,0.500000
70,4,train,49,0.210000,0.500000
70,4,train,50,0.063300,0.500000
70,4,train,51,0.058480,0.500000
70,4,train,52,0.320000,0.500000
70,4,train,53,0.020000,0.500000
70,4,train,54,0.115100,0.500000
70,4,train,55,0.220000,0.500000
70,4,train,56,0.020000,0.500000
70,4,train,57,0.190000,0.500000
70,4,train,58,0.100000,0.500000
70,4,train,59,0.370000,0.500000
70,4,train,60,0.095300,0.500000
70,4,train,61,0.350000,0.500000
70,4,train,62,0.190000,0.500000
70,4,train,63,0.020000,0.500000
70,4,train,64,0.035100,0.500000
70,4,train,65,0.048480,0.500000
70,4,train,66,0.035100,0.500000
70,4,train,67,0.072000,0.500000
70,4,train,68,0.110000,0.500000
70,4,train,69,0.190000,0.500000
70,4,train,70,0.190000,0.500000
70,4,train,71,0.075400,0.500000
70,4,train,72,0.240000,0.500000
70,4,train,73,0.260000,0.500000
70,4,train,74,0.090000,0.500000
70,4,train,75,0.090000,0.500000
70,4,train,76,-0.030000,0.500000
70,4,train,77,0.133000,0.500000
70,4,train,78,-0.350000,0.500000
70,4,train,79,0.174900,0.500000
70,4,train,80,0.290000,0.500000
70,4,train,81,0.160000,0.500000
70,4,train,82,0.030000,0.500000
70,4,train,83,0.137000,0.500000
70,4,train,84,0.180000,0.500000
70,4,train,85,0.820000,0.500000
70,4,train,86,0.093900,0.500000
70,4,train,87,0.094900,0.500000
70,4,train,88,0.024200,0.500000
70,4,train,89,0.020000,0.500000
70,4,train,90,0.020000,0.500000
70,4,train,91,0.144700,0.500000
70,4,train,92,0.151000,0.500000
70,4,train,93,0.050000,0.500000
70,4,train,94,0.100000,0.500000
70,4,train,95,0.403000,0.500000
70,4,train,96,0.035400,0.500000
70,4,train,97,0.130000,0.500000
70,4,train,98,0.150000,0.500000
70,4,train,99,0.260000,0.500000
70,4,train,100,0.180000,0.500000
70,4,train,101,0.018000,0.500000
70,4,train,102,0.135000,0.500000
70,4,train,103,0.160000,0.500000
70,4,train,104,-0.110000,0.500000
70,4,train,105,0.210000,0.500000
70,4,train,106,0.010000,0.500000
70,4,train,107,0.114400,0.500000
70,4,train,108,-0.390000,0.500000
70,4,train,109,0.010000,0.500000
70,4,train,110,0.094600,0.500000
70,4,train,111,0.020000,0.500000
70,4,train,112,0.790000,0.500000
70,4,train,113,0.160000,0.500000
70,4,train,114,0.260000,0.500000
70,4,train,115,0.045300,0.500000
70,4,train,116,0.043800,0.500000
70,4,train,117,0.020000,0.500000
70,4,train,118,0.232000,0.500000
70,4,train,119,0.020000,0.500000
70,4,train,120,0.075400,0.500000
70,4,train,121,0.030000,0.500000
70,4,train,122,0.200000,0.500000
70,4,train,123,0.330000,0.500000
70,4,train,124,0.020000,0.500000
70,4,train,125,0.160000,0.500000
70,4,train,126,0.174900,0.500000
70,4,train,127,0.220000,0.500000
70,4,train,128,0.240000,0.500000
70,4,train,129,0.120000,0.500000
70,5,test,0,0.054300,0.133296
70,5,test,1,0.240000,0.220625
70,5,test,2,0.040000,0.148222
70,5,test,3,0.790000,0.796555
70,5,test,4,0.100000,0.099828
70,5,test,5,0.010000,0.034318
70,5,test,6,0.094600,0.103156
70,5,test,7,-0.350000,0.219735
70,5,test,8,0.240000,0.157168
70,5,test,9,0.093900,0.099419
70,5,test,10,0.185100,0.185254
70,5,test,11,0.190000,0.111028
70,5,test,12,0.024200,0.045725
70,5,test,13,0.032000,0.104055
70,5,test,14,0.280000,0.261379
70,5,test,15,-0.030000,0.171850
70,5,test,16,0.030000,0.029261
70,5,test,17,0.160000,0.031683
70,5,test,18,0.260000,0.223773
70,5,test,19,0.063300,0.061388
70,5,test,20,0.190000,-0.103005
70,5,test,21,0.160000,0.090213
70,5,test,22,0.163300,0.158714
70,5,test,23,0.023500,0.022931
70,5,test,24,0.094700,0.149767
70,5,test,25,0.174900,0.172712
70,5,test,26,0.090000,0.099419
70,5,test,27,0.035100,0.039338
70,5,test,28,0.052410,0.083482
70,5,test,29,0.200000,0.153539
70,5,test,30,0.010000,0.026712
70,5,test,31,0.220000,0.179779
70,5,test,32,0.190000,0.165609
70,5,train,0,0.160000,0.159723
70,5,train,1,0.790000,0.789721
70,5,train,2,0.075400,0.074577
70,5,train,3,0.050000,0.046549
70,5,train,4,0.110000,0.109441
70,5,train,5,0.310000,0.310666
70,5,train,6,0.040000,0.041624
70,5,train,7,0.090000,0.091622
70,5,train,8,0.174900,0.172712
70,5,train,9,0.020000,0.023731
70,5,train,10,0.144700,0.143634
70,5,train,11,-0.110000,-0.109745
70,5,train,12,0.133000,0.205362
70,5,train,13,0.048480,0.050039
70,5,train,14,0.010000,0.010739
70,5,train,15,0.220000,0.218205
70,5,train,16,0.250000,0.250855
70,5,train,17,0.190000,0.189343
70,5,train,18,0.270000,0.271399
70,5,train,19,0.193500,0.191793
70,5,train,20,0.232000,0.232501
70,5,train,21,0.260000,0.259003
70,5,train,22,0.370000,0.364542
70,5,train,23,0.100000,0.100209
70,5,train,24,0.260000,0.262457
70,5,train,25,0.060000,0.061388
70,5,train,26,0.151000,0.149148
70,5,train,27,0.020000,0.021993
70,5,train,28,0.244400,0.244519
70,5,train,29,0.094900,0.095223
70,5,train,30,0.025000,0.024157
70,5,train,31,0.018000,0.020220
70,5,train,32,0.210000,0.210583
70,5,train,33,0.065340,0.066813
70,5,train,34,0.111520,0.112221
70,5,train,35,0.150000,0.151179
70,5,train,36,0.190000,0.191793
70,5,train,37,0.070000,0.070388
70,5,train,38,0.160000,0.159178
70,5,train,39,0.137000,0.137749
70,5,train,40,0.210000,0.208774
70,5,train,41,0.095300,0.093609
70,5,train,42,0.100000,0.099828
70,5,train,43,0.403000,0.403721
70,5,train,44,0.170000,0.170323
70,5,train,45,0.260000,0.261314
70,5,train,46,0.020000,0.021864
70,5,train,47,0.020000,0.020603
70,5,train,48,0.035400,0.035858
70,5,train,49,0.022000,0.022986
70,5,train,50,0.151000,0.149148
70,5,train,51,0.150000,0.151084
70,5,train,52,0.094900,0.095223
70,5,train,53,0.135000,0.136424
70,5,train,54,0.130000,0.130322
70,5,train,55,0.080000,0.078938
70,5,train,56,0.073410,0.073386
70,5,train,57,0.020000,0.022931
70,5,train,58,0.084600,0.083644
70,5,train,59,0.284200,0.282323
70,5,train,60,0.240000,0.239693
70,5,train,61,0.230000,0.229376
70,5,train,62,0.044200,0.043939
70,5,train,63,0.072000,0.071513
70,5,train,64,0.280000,0.205362
70,5,train,65,0.010000,0.011160
70,5,train,66,0.115100,0.114481
70,5,train,67,0.080000,0.078904
70,5,train,68,0.075400,0.074577
70,5,train,69,0.190000,0.187175
70,5,train,70,0.120000,0.120286
70,5,train,71,0.110000,0.109441
70,5,train,72,0.144700,0.143634
70,5,train,73,0.242000,0.241667
70,5,train,74,0.224400,0.223370
70,5,train,75,0.030000,0.029207
70,5,train,76,0.115100,0.114481
70,5,train,77,0.035100,0.039338
70,5,train,78,0.180000,0.179371
70,5,train,79,0.020000,0.021842
70,5,train,80,0.380000,0.378739
70,5,train,81,0.030000,0.031350
70,5,train,82,0.080000,0.080259
70,5,train,83,0.090000,0.088098
70,5,train,84,0.160000,0.158714
70,5,train,85,0.150000,0.151154
70,5,train,86,0.030000,0.030200
70,5,train,87,0.040000,0.039445
70,5,train,88,0.320000,0.319344
70,5,train,89,0.439000,0.436406
70,5,train,90,-0.390000,-0.388595
70,5,train,91,0.180000,0.178928
70,5,train,92,0.000000,0.000917
70,5,train,93,0.144500,0.145311
70,5,train,94,0.035400,0.035858
70,5,train,95,0.020000,0.020841
70,5,train,96,0.045300,0.046754
70,5,train,97,0.540000,0.536832
70,5,train,98,0.280000,0.279901
70,5,train,99,0.058480,0.058533
70,5,train,100,0.360000,0.357717
70,5,train,101,0.050000,0.050917
70,5,train,102,0.010000,0.011350
70,5,train,103,0.820000,0.819592
70,5,train,104,0.020000,0.020558
70,5,train,105,0.330000,0.328851
70,5,train,106,0.200000,0.199103
70,5,train,107,0.200000,0.199718
70,5,train,108,0.240000,0.239248
70,5,train,109,0.273300,0.271399
70,5,train,110,0.090000,0.088757
70,5,train,111,0.020000,0.017808
70,5,train,112,0.290000,0.289084
70,5,train,113,0.270000,0.269689
70,5,train,114,0.130000,0.130322
70,5,train,115,0.114400,0.117415
70,5,train,116,-0.080000,-0.077565
70,5,train,117,0.043800,0.046394
70,5,train,118,0.264400,0.264207
70,5,train,119,0.185100,0.185254
70,5,train,120,0.030000,0.029577
70,5,train,121,0.062000,0.062804
70,5,train,122,0.380000,0.378057
70,5,train,123,0.050000,0.050924
70,5,train,124,0.090000,0.090095
70,5,train,125,0.350000,0.349066
70,5,train,126,0.020000,0.023281
70,5,train,127,0.011000,0.012303
70,5,train,128,0.290000,0.289594
70,5,train,129,0.018000,0.018630
70,6,test,0,0.190000,0.085398
70,6,test,1,0.310000,0.346011
70,6,test,2,0.220000,0.125515
70,6,test,3,0.095300,0.051267
70,6,test,4,0.280000,0.249163
70,6,test,5,0.100000,0.100670
70,6,test,6,0.020000,0.024792
70,6,test,7,0.190000,0.153124
70,6,test,8,0.290000,0.206124
70,6,test,9,0.144700,0.143806
70,6,test,10,0.790000,0.764932
70,6,test,11,0.020000,0.156949
70,6,test,12,0.020000,-0.015697
70,6,test,13,0.160000,0.169821
70,6,test,14,0.114400,0.216085
70,6,test,15,0.174900,0.175456
70,6,test,16,0.260000,0.180895
70,6,test,17,0.210000,0.203345
70,6,test,18,0.045300,0.057221
70,6,test,19,0.084600,0.094452
70,6,test,20,0.150000,0.368947
70,6,test,21,0.040000,0.167595
70,6,test,22,0.151000,0.032666
70,6,test,23,0.280000,0.298184
70,6,test,24,0.151000,0.032666
70,6,test,25,0.035400,0.030897
70,6,test,26,0.144500,0.120264
70,6,test,27,0.030000,0.104254
70,6,test,28,0.160000,0.198855
70,6,test,29,-0.390000,0.152163
70,6,test,30,0.035100,0.034740
70,6,test,31,0.200000,0.031996
70,6,test,32,0.035400,0.030897
70,6,train,0,0.133000,0.207317
70,6,train,1,0.190000,0.187564
70,6,train,2,0.200000,0.200288
70,6,train,3,0.093900,0.091971
70,6,train,4,0.030000,0.029114
70,6,train,5,0.135000,0.135679
70,6,train,6,0.000000,0.000750
70,6,train,7,0.110000,0.109697
70,6,train,8,0.100000,0.100670
70,6,train,9,0.190000,0.189673
70,6,train,10,0.163300,0.161641
70,6,train,11,0.080000,0.083136
70,6,train,12,0.094900,0.094991
70,6,train,13,0.025000,0.025604
70,6,train,14,0.260000,0.262375
70,6,train,15,0.370000,0.366630
70,6,train,16,0.018000,0.018665
70,6,train,17,0.150000,0.153177
70,6,train,18,0.264400,0.263940
70,6,train,19,0.100000,0.097439
70,6,train,20,0.240000,0.241202
70,6,train,21,0.185100,0.184996
70,6,train,22,0.230000,0.229196
70,6,train,23,0.043800,0.043688
70,6,train,24,0.020000,0.018720
70,6,train,25,0.160000,0.157177
70,6,train,26,0.170000,0.178319
70,6,train,27,0.270000,0.271780
70,6,train,28,0.094700,0.093692
70,6,train,29,0.020000,0.021257
70,6,train,30,0.090000,0.091971
70,6,train,31,0.120000,0.119637
70,6,train,32,0.284200,0.284896
70,6,train,33,0.240000,0.239649
70,6,train,34,0.020000,0.019298
70,6,train,35,0.065340,0.066431
70,6,train,36,0.330000,0.329681
70,6,train,37,0.190000,0.190080
70,6,train,38,0.020000,0.021104
70,6,train,39,0.220000,0.220245
70,6,train,40,0.130000,0.130073
70,6,train,41,0.180000,0.179892
70,6,train,42,0.050000,0.050903
70,6,train,43,0.080000,0.080803
70,6,train,44,0.224400,0.224214
70,6,train,45,0.018000,0.016190
70,6,train,46,0.320000,0.320479
70,6,train,47,0.075400,0.075291
70,6,train,48,0.090000,0.084008
70,6,train,49,0.010000,0.009846
70,6,train,50,0.072000,0.073270
70,6,train,51,0.200000,0.198889
70,6,train,52,-0.080000,-0.075427
70,6,train,53,0.020000,0.019908
70,6,train,54,0.190000,0.189152
70,6,train,55,0.011000,0.010817
70,6,train,56,0.080000,0.079544
70,6,train,57,0.040000,0.039734
70,6,train,58,0.280000,0.207317
70,6,train,59,0.150000,0.154878
70,6,train,60,0.240000,0.238640
70,6,train,61,0.094600,0.094732
70,6,train,62,0.044200,0.044402
70,6,train,63,0.022000,0.021479
70,6,train,64,0.062000,0.064300
70,6,train,65,0.260000,0.259425
70,6,train,66,0.380000,0.380725
70,6,train,67,0.094900,0.094991
70,6,train,68,0.242000,0.241079
70,6,train,69,0.010000,0.007839
70,6,train,70,0.180000,0.176099
70,6,train,71,0.048480,0.048490
70,6,train,72,0.380000,0.380764
70,6,train,73,0.290000,0.283090
70,6,train,74,0.023500,0.024792
70,6,train,75,0.024200,0.022449
70,6,train,76,0.073410,0.073505
70,6,train,77,0.050000,0.049481
70,6,train,78,0.273300,0.271780
70,6,train,79,0.137000,0.136485
70,6,train,80,0.111520,0.111380
70,6,train,81,0.075400,0.075291
70,6,train,82,0.032000,0.033084
70,6,train,83,0.090000,0.089477
70,6,train,84,0.020000,0.018037
70,6,train,85,0.030000,0.028753
70,6,train,86,0.020000,0.020326
70,6,train,87,0.010000,0.012934
70,6,train,88,0.115100,0.115167
70,6,train,89,0.403000,0.404736
70,6,train,90,-0.030000,-0.031292
70,6,train,91,0.070000,0.070104
70,6,train,92,0.063300,0.061767
70,6,train,93,-0.350000,-0.309623
70,6,train,94,0.115100,0.115167
70,6,train,95,0.360000,0.356836
70,6,train,96,0.160000,0.161167
70,6,train,97,0.232000,0.231467
70,6,train,98,0.193500,0.190080
70,6,train,99,0.244400,0.243841
70,6,train,100,0.250000,0.252568
70,6,train,101,0.110000,0.109697
70,6,train,102,0.060000,0.061767
70,6,train,103,-0.110000,-0.108986
70,6,train,104,0.210000,0.211377
70,6,train,105,0.439000,0.437288
70,6,train,106,0.040000,0.038937
70,6,train,107,0.820000,0.814732
70,6,train,108,0.260000,0.260612
70,6,train,109,0.130000,0.130073
70,6,train,110,0.090000,0.089591
70,6,train,111,0.270000,0.269221
70,6,train,112,0.030000,0.033384
70,6,train,113,0.058480,0.058354
70,6,train,114,0.790000,0.793269
70,6,train,115,0.350000,0.350365
70,6,train,116,0.540000,0.508044
70,6,train,117,0.010000,0.010190
70,6,train,118,0.054300,0.054619
70,6,train,119,0.144700,0.143806
70,6,train,120,0.174900,0.175456
70,6,train,121,0.240000,0.240440
70,6,train,122,0.052410,0.052549
70,6,train,123,0.160000,0.161641
70,6,train,124,0.185100,0.184996
70,6,train,125,0.050000,0.049874
70,6,train,126,0.035100,0.034740
70,6,train,127,0.030000,0.027568
70,6,train,128,0.090000,0.090680
70,6,train,129,0.010000,0.009301
70,7,test,0,0.144700,0.138019
70,7,test,1,0.130000,0.111667
70,7,test,2,0.095300,0.182532
70,7,test,3,0.030000,0.156077
70,7,test,4,0.290000,0.100048
70,7,test,5,0.075400,0.062824
70,7,test,6,0.150000,0.209694
70,7,test,7,0.020000,0.070877
70,7,test,8,0.094700,0.149781
70,7,test,9,0.280000,0.231247
70,7,test,10,0.073410,0.093688
70,7,test,11,0.200000,0.212234
70,7,test,12,0.380000,0.208466
70,7,test,13,0.190000,0.091423
70,7,test,14,0.020000,0.043352
70,7,test,15,0.072000,0.224797
70,7,test,16,0.080000,0.120562
70,7,test,17,0.018000,0.183143
70,7,test,18,0.220000,0.204453
70,7,test,19,0.240000,0.156400
70,7,test,20,0.020000,0.066187
70,7,test,21,0.084600,0.050751
70,7,test,22,0.160000,0.087209
70,7,test,23,0.790000,0.218442
70,7,test,24,0.060000,0.105076
70,7,test,25,0.090000,0.028777
70,7,test,26,0.135000,0.149741
70,7,test,27,0.210000,0.204057
70,7,test,28,0.230000,0.211313
70,7,test,29,0.115100,0.124122
70,7,test,30,0.115100,0.124122
70,7,test,31,0.790000,0.212663
70,7,test,32,0.110000,0.108667
70,7,train,0,0.244400,0.190551
70,7,train,1,0.260000,0.191229
70,7,train,2,0.035100,0.047661
70,7,train,3,0.160000,0.147666
70,7,train,4,0.022000,0.064232
70,7,train,5,0.160000,0.122602
70,7,train,6,0.100000,0.114530
70,7,train,7,0.032000,0.086963
70,7,train,8,0.063300,0.105076
70,7,train,9,0.190000,0.192920
70,7,train,10,-0.110000,-0.018629
70,7,train,11,0.010000,0.040352
70,7,train,12,0.137000,0.129126
70,7,train,13,0.018000,0.069147
70,7,train,14,0.054300,0.116447
70,7,train,15,-0.080000,0.011941
70,7,train,16,-0.030000,0.045993
70,7,train,17,0.273300,0.235226
70,7,train,18,0.048480,0.090820
70,7,train,19,0.200000,0.139696
70,7,train,20,0.094900,0.110383
70,7,train,21,0.190000,0.179455
70,7,train,22,0.100000,0.143510
70,7,train,23,-0.350000,-0.007370
70,7,train,24,0.080000,0.087990
70,7,train,25,0.439000,0.342062
70,7,train,26,-0.390000,-0.047315
70,7,train,27,0.011000,0.039325
70,7,train,28,0.185100,0.189814
70,7,train,29,0.020000,0.072704
70,7,train,30,0.260000,0.231247
70,7,train,31,0.350000,0.290670
70,7,train,32,0.035400,0.077000
70,7,train,33,0.130000,0.111667
70,7,train,34,0.224400,0.179549
70,7,train,35,0.180000,0.147838
70,7,train,36,0.163300,0.122602
70,7,train,37,0.075400,0.062824
70,7,train,38,0.040000,0.176325
70,7,train,39,0.190000,0.138750
70,7,train,40,0.030000,0.041468
70,7,train,41,0.193500,0.192920
70,7,train,42,0.090000,0.092907
70,7,train,43,0.024200,0.073029
70,7,train,44,0.030000,0.034719
70,7,train,45,0.020000,0.048134
70,7,train,46,0.090000,0.096646
70,7,train,47,0.190000,0.169052
70,7,train,48,0.065340,0.124589
70,7,train,49,0.080000,0.082085
70,7,train,50,0.180000,0.169917
70,7,train,51,0.094900,0.110383
70,7,train,52,0.280000,0.172876
70,7,train,53,0.090000,0.095820
70,7,train,54,0.190000,0.171457
70,7,train,55,0.044200,0.122345
70,7,train,56,0.330000,0.237133
70,7,train,57,0.025000,0.027875
70,7,train,58,0.030000,0.062407
70,7,train,59,0.150000,0.164753
70,7,train,60,0.000000,0.053596
70,7,train,61,0.160000,0.127954
70,7,train,62,0.820000,0.341349
70,7,train,63,0.280000,0.233065
70,7,train,64,0.058480,0.053104
70,7,train,65,0.151000,0.101782
70,7,train,66,0.240000,0.166684
70,7,train,67,0.020000,0.182481
70,7,train,68,0.260000,0.245544
70,7,train,69,0.232000,0.232049
70,7,train,70,0.114400,0.135477
70,7,train,71,0.242000,0.215787
70,7,train,72,0.040000,0.092973
70,7,train,73,0.150000,0.208466
70,7,train,74,0.264400,0.197504
70,7,train,75,0.062000,0.076207
70,7,train,76,0.240000,0.211835
70,7,train,77,0.035100,0.047661
70,7,train,78,0.050000,0.076944
70,7,train,79,0.110000,0.108667
70,7,train,80,0.120000,0.182110
70,7,train,81,0.320000,0.280357
70,7,train,82,0.094600,0.095612
70,7,train,83,0.100000,0.114530
70,7,train,84,0.160000,0.176550
70,7,train,85,0.270000,0.261242
70,7,train,86,0.380000,0.316807
70,7,train,87,0.270000,0.235226
70,7,train,88,0.170000,0.109278
70,7,train,89,0.111520,0.127610
70,7,train,90,0.050000,0.071000
70,7,train,91,0.020000,0.093731
70,7,train,92,0.040000,0.088422
70,7,train,93,0.260000,0.265857
70,7,train,94,0.250000,0.228103
70,7,train,95,0.403000,0.320358
70,7,train,96,0.151000,0.101782
70,7,train,97,0.290000,0.209657
70,7,train,98,0.240000,0.218183
70,7,train,99,0.035400,0.077000
70,7,train,100,0.090000,0.072748
70,7,train,101,0.174900,0.092017
70,7,train,102,0.220000,0.180420
70,7,train,103,0.045300,0.070467
70,7,train,104,0.020000,0.101830
70,7,train,105,0.284200,0.190465
70,7,train,106,0.050000,0.050388
70,7,train,107,0.010000,0.050116
70,7,train,108,0.070000,0.041745
70,7,train,109,0.043800,0.073286
70,7,train,110,0.144500,0.135494
70,7,train,111,0.310000,0.333486
70,7,train,112,0.020000,0.028162
70,7,train,113,0.174900,0.092017
70,7,train,114,0.020000,0.088922
70,7,train,115,0.010000,0.043365
70,7,train,116,0.210000,0.124437
70,7,train,117,0.540000,0.268146
70,7,train,118,0.010000,0.018444
70,7,train,119,0.023500,0.048134
70,7,train,120,0.010000,0.062407
70,7,train,121,0.144700,0.138019
70,7,train,122,0.370000,0.265857
70,7,train,123,0.093900,0.095820
70,7,train,124,0.133000,0.172876
70,7,train,125,0.185100,0.189814
70,7,train,126,0.200000,0.172342
70,7,train,127,0.360000,0.262940
70,7,train,128,0.030000,0.012885
70,7,train,129,0.052410,0.084071
70,8,test,0,0.018000,0.031918
70,8,test,1,-0.030000,0.064870
70,8,test,2,0.439000,0.289462
70,8,test,3,0.264400,0.237310
70,8,test,4,0.100000,0.133021
70,8,test,5,0.114400,0.161201
70,8,test,6,0.100000,0.111704
70,8,test,7,0.160000,0.167724
70,8,test,8,0.160000,0.135358
70,8,test,9,0.043800,0.061439
70,8,test,10,0.200000,0.190272
70,8,test,11,0.240000,0.156611
70,8,test,12,0.220000,0.125337
70,8,test,13,0.054300,0.133598
70,8,test,14,0.180000,0.062271
70,8,test,15,0.075400,0.053520
70,8,test,16,0.380000,0.180761
70,8,test,17,0.052410,0.081701
70,8,test,18,0.070000,0.069264
70,8,test,19,0.144700,0.130631
70,8,test,20,0.030000,0.065549
70,8,test,21,0.093900,0.093423
70,8,test,22,0.020000,0.052503
70,8,test,23,0.290000,0.132499
70,8,test,24,0.210000,0.305878
70,8,test,25,0.160000,0.138935
70,8,test,26,-0.390000,0.129241
70,8,test,27,0.150000,0.258686
70,8,test,28,0.030000,0.140689
70,8,test,29,0.110000,0.118342
70,8,test,30,0.240000,0.183264
70,8,test,31,0.010000,0.031949
70,8,test,32,0.820000,0.442385
70,8,train,0,0.094900,0.101199
70,8,train,1,0.150000,0.160574
70,8,train,2,0.020000,0.049195
70,8,train,3,0.018000,0.056366
70,8,train,4,0.224400,0.210876
70,8,train,5,0.010000,0.024145
70,8,train,6,0.290000,0.267658
70,8,train,7,0.232000,0.226125
70,8,train,8,0.090000,0.093423
70,8,train,9,0.137000,0.137138
70,8,train,10,0.020000,0.033988
70,8,train,11,0.284200,0.236028
70,8,train,12,0.350000,0.320960
70,8,train,13,0.030000,0.041170
70,8,train,14,0.094900,0.101199
70,8,train,15,0.174900,0.160166
70,8,train,16,0.360000,0.300236
70,8,train,17,0.090000,0.089897
70,8,train,18,0.242000,0.224074
70,8,train,19,0.050000,0.068722
70,8,train,20,0.240000,0.227725
70,8,train,21,0.273300,0.256347
70,8,train,22,0.115100,0.119521
70,8,train,23,0.111520,0.116434
70,8,train,24,0.040000,0.071649
70,8,train,25,-0.080000,0.007015
70,8,train,26,0.193500,0.170857
70,8,train,27,0.320000,0.310398
70,8,train,28,0.403000,0.294752
70,8,train,29,0.063300,0.070717
70,8,train,30,0.330000,0.296279
70,8,train,31,0.090000,0.085598
70,8,train,32,0.210000,0.183287
70,8,train,33,0.020000,0.092133
70,8,train,34,0.133000,0.201652
70,8,train,35,0.185100,0.181837
70,8,train,36,0.280000,0.266792
70,8,train,37,0.090000,0.070723
70,8,train,38,0.032000,0.070066
70,8,train,39,0.022000,0.029269
70,8,train,40,0.200000,0.173586
70,8,train,41,0.190000,0.177845
70,8,train,42,0.260000,0.289021
70,8,train,43,0.073410,0.089754
70,8,train,44,0.200000,0.207173
70,8,train,45,0.035100,0.045226
70,8,train,46,0.020000,0.038294
70,8,train,47,0.115100,0.119521
70,8,train,48,0.190000,0.155381
70,8,train,49,0.174900,0.160166
70,8,train,50,0.040000,0.062836
70,8,train,51,0.010000,0.030744
70,8,train,52,0.144500,0.141414
70,8,train,53,0.023500,0.029651
70,8,train,54,0.790000,0.562015
70,8,train,55,0.010000,0.026304
70,8,train,56,0.020000,0.081820
70,8,train,57,0.135000,0.154636
70,8,train,58,0.310000,0.306165
70,8,train,59,0.094700,0.105231
70,8,train,60,0.163300,0.135358
70,8,train,61,0.120000,0.151965
70,8,train,62,0.190000,0.174319
70,8,train,63,0.250000,0.246043
70,8,train,64,0.075400,0.053520
70,8,train,65,0.020000,0.049220
70,8,train,66,0.095300,0.089873
70,8,train,67,0.540000,0.317868
70,8,train,68,0.790000,0.567979
70,8,train,69,0.180000,0.163547
70,8,train,70,0.144700,0.130631
70,8,train,71,0.048480,0.097837
70,8,train,72,0.260000,0.250115
70,8,train,73,0.160000,0.117232
70,8,train,74,0.045300,0.063176
70,8,train,75,0.280000,0.272744
70,8,train,76,-0.350000,-0.062013
70,8,train,77,0.380000,0.338357
70,8,train,78,0.170000,0.197650
70,8,train,79,0.020000,0.050794
70,8,train,80,0.044200,0.053618
70,8,train,81,0.035400,0.037552
70,8,train,82,0.244400,0.235756
70,8,train,83,0.260000,0.232974
70,8,train,84,0.370000,0.279817
70,8,train,85,0.094600,0.096602
70,8,train,86,0.084600,0.092764
70,8,train,87,0.065340,0.088362
70,8,train,88,0.058480,0.076578
70,8,train,89,0.130000,0.126619
70,8,train,90,0.060000,0.070717
70,8,train,91,0.160000,0.156341
70,8,train,92,0.035100,0.045226
70,8,train,93,0.185100,0.181837
70,8,train,94,0.090000,0.093694
70,8,train,95,0.080000,0.075004
70,8,train,96,0.151000,0.141461
70,8,train,97,0.270000,0.253226
70,8,train,98,0.240000,0.224369
70,8,train,99,0.072000,0.069983
70,8,train,100,-0.110000,-0.027865
70,8,train,101,0.050000,0.063794
70,8,train,102,0.011000,0.052149
70,8,train,103,0.260000,0.270058
70,8,train,104,0.190000,0.192657
70,8,train,105,0.190000,0.168593
70,8,train,106,0.280000,0.201652
70,8,train,107,0.025000,0.033434
70,8,train,108,0.230000,0.252177
70,8,train,109,0.080000,0.098389
70,8,train,110,0.000000,0.041557
70,8,train,111,0.020000,0.029651
70,8,train,112,0.130000,0.126619
70,8,train,113,0.151000,0.141461
70,8,train,114,0.062000,0.078507
70,8,train,115,0.270000,0.256347
70,8,train,116,0.020000,0.019216
70,8,train,117,0.080000,0.064089
70,8,train,118,0.040000,0.061045
70,8,train,119,0.150000,0.184920
70,8,train,120,0.190000,0.170857
70,8,train,121,0.110000,0.118342
70,8,train,122,0.030000,0.053191
70,8,train,123,0.024200,0.047590
70,8,train,124,0.220000,0.210648
70,8,train,125,0.035400,0.037552
70,8,train,126,0.010000,0.016470
70,8,train,127,0.030000,0.049927
70,8,train,128,0.050000,0.076018
70,8,train,129,0.100000,0.111704
70,9,test,0,0.163300,0.150221
70,9,test,1,0.190000,0.149095
70,9,test,2,0.032000,0.142026
70,9,test,3,0.072000,0.096540
70,9,test,4,0.025000,0.096540
70,9,test,5,0.080000,0.132453
70,9,test,6,0.240000,0.183215
70,9,test,7,0.080000,0.096540
70,9,test,8,0.095300,0.096540
70,9,test,9,0.190000,0.149095
70,9,test,10,0.120000,0.183215
70,9,test,11,0.043800,0.133707
70,9,test,12,0.010000,0.096540
70,9,test,13,0.174900,0.135918
70,9,test,14,0.094900,0.135918
70,9,test,15,0.100000,0.142026
70,9,test,16,0.100000,0.142026
70,9,test,17,0.151000,0.133707
70,9,test,18,0.020000,0.149320
70,9,test,19,0.264400,0.149095
70,9,test,20,0.244400,0.149095
70,9,test,21,0.020000,0.150221
70,9,test,22,0.190000,0.142026
70,9,test,23,0.180000,0.132453
70,9,test,24,0.090000,0.135918
70,9,test,25,0.280000,0.096540
70,9,test,26,0.193500,0.121628
70,9,test,27,0.054300,0.149095
70,9,test,28,0.190000,0.121628
70,9,test,29,0.058480,0.228941
70,9,test,30,0.144700,0.132453
70,9,test,31,0.050000,0.096540
70,9,test,32,0.280000,0.183215
70,9,train,0,0.052410,0.149095
70,9,train,1,0.094600,0.135918
70,9,train,2,0.035400,0.096540
70,9,train,3,0.190000,0.149095
70,9,train,4,0.010000,0.096540
70,9,train,5,0.790000,0.228941
70,9,train,6,0.350000,0.183215
70,9,train,7,0.540000,0.150548
70,9,train,8,0.065340,0.132453
70,9,train,9,0.070000,0.096540
70,9,train,10,0.010000,0.096540
70,9,train,11,-0.030000,0.096540
70,9,train,12,0.035400,0.096540
70,9,train,13,0.093900,0.132453
70,9,train,14,0.115100,0.121628
70,9,train,15,0.050000,0.096540
70,9,train,16,0.030000,0.096540
70,9,train,17,0.111520,0.135918
70,9,train,18,0.044200,0.096540
70,9,train,19,0.040000,0.133707
70,9,train,20,0.084600,0.135918
70,9,train,21,0.020000,0.096540
70,9,train,22,0.115100,0.121628
70,9,train,23,0.380000,0.228941
70,9,train,24,0.100000,0.150221
70,9,train,25,0.290000,0.183215
70,9,train,26,0.045300,0.096540
70,9,train,27,0.320000,0.150221
70,9,train,28,0.290000,0.183215
70,9,train,29,0.035100,0.096540
70,9,train,30,0.310000,0.183215
70,9,train,31,0.185100,0.150297
70,9,train,32,0.380000,0.183215
70,9,train,33,0.130000,0.142026
70,9,train,34,0.011000,0.149320
70,9,train,35,0.020000,0.132453
70,9,train,36,0.022000,0.096540
70,9,train,37,0.110000,0.142026
70,9,train,38,0.075400,0.096540
70,9,train,39,0.020000,0.149320
70,9,train,40,0.260000,0.228941
70,9,train,41,0.020000,0.096540
70,9,train,42,0.090000,0.132453
70,9,train,43,0.094900,0.135918
70,9,train,44,0.232000,0.149320
70,9,train,45,0.150000,0.183215
70,9,train,46,0.242000,0.121628
70,9,train,47,0.260000,0.183215
70,9,train,48,0.150000,0.183215
70,9,train,49,0.048480,0.150221
70,9,train,50,0.075400,0.096540
70,9,train,51,0.135000,0.150297
70,9,train,52,0.010000,0.150548
70,9,train,53,0.200000,0.183215
70,9,train,54,0.174900,0.135918
70,9,train,55,0.080000,0.132453
70,9,train,56,0.210000,0.150548
70,9,train,57,0.110000,0.142026
70,9,train,58,0.020000,0.096540
70,9,train,59,0.030000,0.096540
70,9,train,60,0.151000,0.133707
70,9,train,61,0.024200,0.096540
70,9,train,62,0.790000,0.228941
70,9,train,63,0.050000,0.135918
70,9,train,64,0.023500,0.096540
70,9,train,65,0.273300,0.150221
70,9,train,66,0.018000,0.096540
70,9,train,67,0.270000,0.150221
70,9,train,68,0.130000,0.142026
70,9,train,69,0.160000,0.149095
70,9,train,70,0.224400,0.150548
70,9,train,71,-0.110000,0.096540
70,9,train,72,0.230000,0.228941
70,9,train,73,0.094700,0.150297
70,9,train,74,0.090000,0.133707
70,9,train,75,0.260000,0.149320
70,9,train,76,0.144700,0.132453
70,9,train,77,0.040000,0.142026
70,9,train,78,0.360000,0.149095
70,9,train,79,0.030000,0.121628
70,9,train,80,0.284200,0.150297
70,9,train,81,0.240000,0.183215
70,9,train,82,0.170000,0.150548
70,9,train,83,0.370000,0.149320
70,9,train,84,0.439000,0.228941
70,9,train,85,0.030000,0.096540
70,9,train,86,0.114400,0.135918
70,9,train,87,0.133000,0.096540
70,9,train,88,0.073410,0.149095
70,9,train,89,0.280000,0.183215
70,9,train,90,0.200000,0.132453
70,9,train,91,0.030000,0.150548
70,9,train,92,0.820000,0.228941
70,9,train,93,0.190000,0.132453
70,9,train,94,0.062000,0.096540
70,9,train,95,0.040000,0.149320
70,9,train,96,0.403000,0.228941
70,9,train,97,0.160000,0.149095
70,9,train,98,0.018000,0.121628
70,9,train,99,0.220000,0.142026
70,9,train,100,0.180000,0.142026
70,9,train,101,0.090000,0.133707
70,9,train,102,0.060000,0.133707
70,9,train,103,0.330000,0.183215
70,9,train,104,0.220000,0.149320
70,9,train,105,0.210000,0.228941
70,9,train,106,0.160000,0.133707
70,9,train,107,0.020000,0.096540
70,9,train,108,-0.350000,0.121628
70,9,train,109,0.144500,0.150297
70,9,train,110,0.240000,0.183215
70,9,train,111,0.240000,0.150548
70,9,train,112,0.000000,0.132453
70,9,train,113,0.090000,0.132453
70,9,train,114,0.200000,0.183215
70,9,train,115,0.250000,0.183215
70,9,train,116,0.160000,0.150221
70,9,train,117,0.160000,0.150548
70,9,train,118,0.035100,0.096540
70,9,train,119,-0.390000,0.096540
70,9,train,120,0.063300,0.133707
70,9,train,121,0.020000,0.096540
70,9,train,122,0.137000,0.096540
70,9,train,123,-0.080000,0.150548
70,9,train,124,0.270000,0.183215
70,9,train,125,0.150000,0.149095
70,9,train,126,0.010000,0.150221
70,9,train,127,0.020000,0.096540
70,9,train,128,0.185100,0.150297
70,9,train,129,0.260000,0.183215
70,10,test,0,0.111520,0.129045
70,10,test,1,0.020000,0.043362
70,10,test,2,0.044200,0.077117
70,10,test,3,0.073410,0.099219
70,10,test,4,0.035100,0.060972
70,10,test,5,0.110000,0.120492
70,10,test,6,0.790000,0.295572
70,10,test,7,0.020000,0.093587
70,10,test,8,0.330000,0.158750
70,10,test,9,0.090000,0.082303
70,10,test,10,0.070000,0.124901
70,10,test,11,0.060000,0.082825
70,10,test,12,0.163300,0.147661
70,10,test,13,0.065340,0.154071
70,10,test,14,0.045300,0.127245
70,10,test,15,0.032000,0.130854
70,10,test,16,0.200000,0.172134
70,10,test,17,0.240000,0.172788
70,10,test,18,0.030000,0.113745
70,10,test,19,0.130000,0.130787
70,10,test,20,0.144500,0.170653
70,10,test,21,0.018000,0.188235
70,10,test,22,0.160000,0.142130
70,10,test,23,0.220000,0.144603
70,10,test,24,0.094600,0.097252
70,10,test,25,0.193500,0.172488
70,10,test,26,0.035400,0.068649
70,10,test,27,0.010000,0.070020
70,10,test,28,0.020000,0.034309
70,10,test,29,-0.390000,0.147628
70,10,test,30,0.820000,0.277107
70,10,test,31,-0.030000,0.123894
70,10,test,32,0.210000,0.090537
70,10,train,0,0.210000,0.219559
70,10,train,1,0.540000,0.325135
70,10,train,2,0.280000,0.262614
70,10,train,3,0.020000,0.044181
70,10,train,4,0.230000,0.218659
70,10,train,5,0.020000,0.051499
70,10,train,6,0.150000,0.161453
70,10,train,7,0.370000,0.289224
70,10,train,8,0.790000,0.423730
70,10,train,9,0.260000,0.248729
70,10,train,10,0.190000,0.172488
70,10,train,11,0.050000,0.061898
70,10,train,12,0.160000,0.151885
70,10,train,13,0.030000,0.045296
70,10,train,14,0.075400,0.080071
70,10,train,15,0.054300,0.080039
70,10,train,16,0.151000,0.147736
70,10,train,17,-0.110000,-0.012711
70,10,train,18,0.273300,0.242763
70,10,train,19,0.010000,0.036948
70,10,train,20,0.135000,0.146640
70,10,train,21,0.270000,0.242763
70,10,train,22,0.115100,0.120289
70,10,train,23,0.024200,0.050396
70,10,train,24,0.011000,0.058661
70,10,train,25,0.052410,0.069531
70,10,train,26,0.190000,0.195340
70,10,train,27,0.094900,0.102163
70,10,train,28,0.040000,0.060755
70,10,train,29,0.160000,0.134143
70,10,train,30,0.174900,0.168234
70,10,train,31,0.190000,0.167245
70,10,train,32,0.080000,0.103671
70,10,train,33,0.380000,0.318910
70,10,train,34,0.224400,0.193595
70,10,train,35,0.180000,0.165801
70,10,train,36,0.062000,0.076765
70,10,train,37,0.090000,0.092108
70,10,train,38,0.190000,0.179686
70,10,train,39,0.095300,0.100515
70,10,train,40,0.180000,0.172536
70,10,train,41,0.360000,0.299139
70,10,train,42,0.084600,0.092453
70,10,train,43,0.050000,0.063122
70,10,train,44,0.050000,0.064436
70,10,train,45,0.023500,0.044181
70,10,train,46,0.035100,0.060972
70,10,train,47,0.240000,0.217706
70,10,train,48,0.133000,0.197060
70,10,train,49,0.090000,0.100444
70,10,train,50,0.030000,0.070700
70,10,train,51,0.439000,0.337716
70,10,train,52,0.110000,0.120492
70,10,train,53,0.310000,0.291469
70,10,train,54,0.115100,0.120289
70,10,train,55,0.290000,0.259948
70,10,train,56,0.250000,0.241969
70,10,train,57,0.260000,0.237420
70,10,train,58,0.284200,0.243494
70,10,train,59,0.018000,0.039434
70,10,train,60,0.160000,0.157529
70,10,train,61,0.035400,0.068649
70,10,train,62,0.020000,0.066313
70,10,train,63,0.030000,0.043103
70,10,train,64,0.220000,0.203372
70,10,train,65,0.200000,0.187881
70,10,train,66,0.043800,0.061953
70,10,train,67,0.010000,0.040836
70,10,train,68,0.100000,0.106059
70,10,train,69,0.100000,0.106059
70,10,train,70,0.072000,0.086645
70,10,train,71,0.290000,0.256797
70,10,train,72,0.174900,0.168234
70,10,train,73,0.380000,0.315506
70,10,train,74,0.094700,0.105494
70,10,train,75,0.100000,0.103290
70,10,train,76,-0.350000,-0.057849
70,10,train,77,0.280000,0.258426
70,10,train,78,0.260000,0.265013
70,10,train,79,0.185100,0.176692
70,10,train,80,0.010000,0.030166
70,10,train,81,0.020000,0.045238
70,10,train,82,0.020000,0.039873
70,10,train,83,0.022000,0.042928
70,10,train,84,0.040000,0.071477
70,10,train,85,0.244400,0.234265
70,10,train,86,0.090000,0.092098
70,10,train,87,0.200000,0.181832
70,10,train,88,0.075400,0.080071
70,10,train,89,0.093900,0.100444
70,10,train,90,0.137000,0.137953
70,10,train,91,0.010000,0.028931
70,10,train,92,0.151000,0.147736
70,10,train,93,0.000000,0.048916
70,10,train,94,0.264400,0.250003
70,10,train,95,0.048480,0.078262
70,10,train,96,0.232000,0.207953
70,10,train,97,0.058480,0.069198
70,10,train,98,-0.080000,0.000089
70,10,train,99,0.144700,0.141773
70,10,train,100,0.114400,0.123675
70,10,train,101,0.130000,0.130787
70,10,train,102,0.185100,0.176692
70,10,train,103,0.260000,0.236446
70,10,train,104,0.080000,0.093342
70,10,train,105,0.144700,0.141773
70,10,train,106,0.025000,0.041136
70,10,train,107,0.150000,0.163110
70,10,train,108,0.242000,0.227665
70,10,train,109,0.160000,0.147661
70,10,train,110,0.120000,0.141064
70,10,train,111,0.080000,0.087534
70,10,train,112,0.094900,0.102163
70,10,train,113,0.190000,0.178624
70,10,train,114,0.240000,0.215202
70,10,train,115,0.320000,0.285706
70,10,train,116,0.190000,0.172729
70,10,train,117,0.150000,0.156483
70,10,train,118,0.063300,0.082825
70,10,train,119,0.020000,0.047032
70,10,train,120,0.020000,0.071405
70,10,train,121,0.350000,0.302949
70,10,train,122,0.403000,0.337716
70,10,train,123,0.040000,0.072149
70,10,train,124,0.240000,0.227643
70,10,train,125,0.030000,0.042882
70,10,train,126,0.170000,0.184435
70,10,train,127,0.090000,0.098290
70,10,train,128,0.270000,0.251745
70,10,train,129,0.280000,0.197060
100,1,test,0,0.043800,0.112289
100,1,test,1,0.044200,0.105624
100,1,test,2,0.075400,0.102326
100,1,test,3,0.115100,0.141660
100,1,test,4,0.020000,0.114267
100,1,test,5,0.090000,0.099512
100,1,test,6,-0.390000,0.143525
100,1,test,7,0.111520,0.133265
100,1,test,8,0.110000,0.131043
100,1,test,9,0.080000,0.138328
100,1,test,10,0.439000,0.179925
100,1,test,11,0.320000,0.201071
100,1,test,12,0.185100,0.146771
100,1,test,13,0.144500,0.144982
100,1,test,14,0.150000,0.191879
100,1,test,15,0.174900,0.135353
100,1,test,16,0.040000,0.120203
100,1,test,17,0.030000,0.123265
100,1,test,18,0.062000,0.139614
100,1,test,19,0.010000,0.102914
100,1,test,20,0.200000,0.173743
100,1,test,21,0.224400,0.149773
100,1,test,22,0.163300,0.120720
100,1,test,23,0.250000,0.181447
100,1,test,24,0.040000,0.139815
100,1,test,25,0.190000,0.144310
100,1,test,26,0.200000,0.118223
100,1,test,27,0.050000,0.136982
100,1,test,28,0.151000,0.114750
100,1,test,29,0.190000,0.120403
100,1,test,30,0.058480,0.147613
100,1,test,31,0.190000,0.145649
100,1,test,32,0.063300,0.115294
100,1,train,0,0.100000,0.124167
100,1,train,1,0.150000,0.179977
100,1,train,2,0.023500,0.099896
100,1,train,3,0.403000,0.180328
100,1,train,4,0.190000,0.154678
100,1,train,5,0.115100,0.141660
100,1,train,6,0.380000,0.211933
100,1,train,7,0.110000,0.131043
100,1,train,8,0.242000,0.167771
100,1,train,9,0.020000,0.099896
100,1,train,10,0.020000,0.151325
100,1,train,11,0.050000,0.117412
100,1,train,12,-0.110000,0.085375
100,1,train,13,0.010000,0.093602
100,1,train,14,0.090000,0.122134
100,1,train,15,0.330000,0.184468
100,1,train,16,0.018000,0.119687
100,1,train,17,0.244400,0.188208
100,1,train,18,0.010000,0.103269
100,1,train,19,0.200000,0.180960
100,1,train,20,-0.350000,0.097809
100,1,train,21,0.100000,0.129810
100,1,train,22,0.260000,0.193262
100,1,train,23,0.144700,0.136074
100,1,train,24,0.080000,0.114077
100,1,train,25,0.151000,0.114750
100,1,train,26,0.000000,0.112899
100,1,train,27,0.024200,0.107553
100,1,train,28,0.035400,0.096683
100,1,train,29,0.220000,0.133922
100,1,train,30,0.084600,0.120232
100,1,train,31,0.070000,0.100870
100,1,train,32,0.048480,0.165303
100,1,train,33,0.090000,0.139576
100,1,train,34,0.360000,0.197344
100,1,train,35,0.290000,0.189658
100,1,train,36,0.220000,0.164416
100,1,train,37,0.270000,0.192905
100,1,train,38,0.280000,0.203022
100,1,train,39,0.260000,0.180781
100,1,train,40,0.790000,0.264957
100,1,train,41,0.310000,0.204704
100,1,train,42,0.020000,0.113126
100,1,train,43,0.120000,0.180290
100,1,train,44,0.144700,0.135853
100,1,train,45,-0.080000,0.106094
100,1,train,46,0.020000,0.106512
100,1,train,47,0.094900,0.128674
100,1,train,48,0.035100,0.097659
100,1,train,49,0.094700,0.132639
100,1,train,50,0.160000,0.120720
100,1,train,51,0.040000,0.147756
100,1,train,52,0.180000,0.167049
100,1,train,53,0.230000,0.204323
100,1,train,54,0.010000,0.117801
100,1,train,55,0.090000,0.119659
100,1,train,56,0.020000,0.113263
100,1,train,57,0.284200,0.170332
100,1,train,58,0.135000,0.165983
100,1,train,59,0.820000,0.264957
100,1,train,60,0.045300,0.098592
100,1,train,61,0.035400,0.096683
100,1,train,62,0.240000,0.184468
100,1,train,63,0.020000,0.099502
100,1,train,64,0.264400,0.202091
100,1,train,65,0.093900,0.122134
100,1,train,66,0.030000,0.117640
100,1,train,67,0.280000,0.165550
100,1,train,68,0.018000,0.090841
100,1,train,69,0.080000,0.118486
100,1,train,70,0.280000,0.196358
100,1,train,71,0.050000,0.099005
100,1,train,72,0.174900,0.135353
100,1,train,73,0.130000,0.131819
100,1,train,74,0.190000,0.164044
100,1,train,75,0.790000,0.264957
100,1,train,76,0.170000,0.161355
100,1,train,77,0.090000,0.122289
100,1,train,78,0.075400,0.102326
100,1,train,79,0.273300,0.165878
100,1,train,80,0.030000,0.149466
100,1,train,81,0.185100,0.146771
100,1,train,82,0.160000,0.156493
100,1,train,83,0.054300,0.130706
100,1,train,84,0.094900,0.128674
100,1,train,85,0.193500,0.179123
100,1,train,86,0.030000,0.101783
100,1,train,87,0.073410,0.123903
100,1,train,88,0.022000,0.094429
100,1,train,89,0.210000,0.146094
100,1,train,90,0.010000,0.092858
100,1,train,91,0.210000,0.211139
100,1,train,92,0.094600,0.122051
100,1,train,93,-0.030000,0.086390
100,1,train,94,0.180000,0.137214
100,1,train,95,0.032000,0.114856
100,1,train,96,0.114400,0.140706
100,1,train,97,0.290000,0.177978
100,1,train,98,0.150000,0.187892
100,1,train,99,0.350000,0.208128
100,1,train,100,0.190000,0.179123
100,1,train,101,0.160000,0.144796
100,1,train,102,0.240000,0.189831
100,1,train,103,0.232000,0.176203
100,1,train,104,0.137000,0.132825
100,1,train,105,0.270000,0.165878
100,1,train,106,0.060000,0.115294
100,1,train,107,0.380000,0.218938
100,1,train,108,0.160000,0.117826
100,1,train,109,0.072000,0.122103
100,1,train,110,0.130000,0.131819
100,1,train,111,0.100000,0.124167
100,1,train,112,0.540000,0.178818
100,1,train,113,0.160000,0.162736
100,1,train,114,0.133000,0.164704
100,1,train,115,0.240000,0.172267
100,1,train,116,0.025000,0.110508
100,1,train,117,0.260000,0.209988
100,1,train,118,0.065340,0.124294
100,1,train,119,0.052410,0.117076
100,1,train,120,0.020000,0.090022
100,1,train,121,0.260000,0.186209
100,1,train,122,0.240000,0.160601
100,1,train,123,0.011000,0.122992
100,1,train,124,0.035100,0.097659
100,1,train,125,0.030000,0.088805
100,1,train,126,0.020000,0.092986
100,1,train,127,0.370000,0.187611
100,1,train,128,0.020000,0.146600
100,1,train,129,0.095300,0.109079
100,2,test,0,0.310000,0.326358
100,2,test,1,0.260000,0.329656
100,2,test,2,0.072000,0.156761
100,2,test,3,0.270000,0.251231
100,2,test,4,0.180000,0.072908
100,2,test,5,0.210000,0.144702
100,2,test,6,0.052410,0.101528
100,2,test,7,0.080000,0.049758
100,2,test,8,0.032000,0.178665
100,2,test,9,0.280000,0.091415
100,2,test,10,0.093900,0.059163
100,2,test,11,0.240000,0.296873
100,2,test,12,0.100000,0.108269
100,2,test,13,0.150000,0.246554
100,2,test,14,0.090000,0.059163
100,2,test,15,0.273300,0.223151
100,2,test,16,0.110000,0.116622
100,2,test,17,0.011000,0.205512
100,2,test,18,0.200000,0.078751
100,2,test,19,0.111520,0.348189
100,2,test,20,-0.080000,0.174149
100,2,test,21,0.073410,0.079405
100,2,test,22,0.043800,0.023761
100,2,test,23,0.010000,0.055149
100,2,test,24,-0.350000,0.257979
100,2,test,25,0.260000,0.301143
100,2,test,26,0.084600,0.101803
100,2,test,27,0.224400,0.168550
100,2,test,28,0.010000,0.047596
100,2,test,29,0.035100,0.057412
100,2,test,30,0.174900,0.168303
100,2,test,31,0.018000,0.118256
100,2,test,32,0.020000,0.258821
100,2,train,0,0.115100,0.123306
100,2,train,1,0.320000,0.294415
100,2,train,2,0.023500,0.039612
100,2,train,3,0.790000,0.680293
100,2,train,4,-0.110000,-0.016424
100,2,train,5,0.080000,0.086557
100,2,train,6,0.024200,0.052092
100,2,train,7,0.190000,0.175970
100,2,train,8,0.170000,0.162674
100,2,train,9,0.133000,0.183621
100,2,train,10,0.040000,0.035614
100,2,train,11,0.020000,0.041259
100,2,train,12,0.010000,0.034170
100,2,train,13,0.144700,0.147592
100,2,train,14,0.040000,0.068157
100,2,train,15,0.030000,0.040153
100,2,train,16,0.820000,0.680293
100,2,train,17,0.090000,0.095001
100,2,train,18,0.010000,0.036134
100,2,train,19,0.244400,0.242085
100,2,train,20,0.190000,0.141180
100,2,train,21,0.144700,0.147592
100,2,train,22,0.020000,0.041151
100,2,train,23,0.264400,0.255530
100,2,train,24,0.048480,0.066308
100,2,train,25,0.240000,0.225053
100,2,train,26,0.110000,0.116622
100,2,train,27,0.062000,0.072240
100,2,train,28,0.065340,0.076778
100,2,train,29,0.180000,0.174644
100,2,train,30,0.030000,0.044482
100,2,train,31,0.120000,0.152759
100,2,train,32,0.025000,0.042257
100,2,train,33,0.114400,0.130335
100,2,train,34,-0.390000,-0.141708
100,2,train,35,0.030000,0.050213
100,2,train,36,0.020000,0.039612
100,2,train,37,0.018000,0.037595
100,2,train,38,0.090000,0.098218
100,2,train,39,0.151000,0.150530
100,2,train,40,0.790000,0.680293
100,2,train,41,0.094600,0.101803
100,2,train,42,0.020000,0.037788
100,2,train,43,0.190000,0.180495
100,2,train,44,0.050000,0.059393
100,2,train,45,0.040000,0.054209
100,2,train,46,0.240000,0.233140
100,2,train,47,0.439000,0.361775
100,2,train,48,0.050000,0.043774
100,2,train,49,0.000000,0.016941
100,2,train,50,0.185100,0.182903
100,2,train,51,0.270000,0.223151
100,2,train,52,0.151000,0.150060
100,2,train,53,0.130000,0.133543
100,2,train,54,0.540000,0.381189
100,2,train,55,0.240000,0.236302
100,2,train,56,0.075400,0.084575
100,2,train,57,0.010000,0.035723
100,2,train,58,0.144500,0.148076
100,2,train,59,0.075400,0.084575
100,2,train,60,0.130000,0.133543
100,2,train,61,-0.030000,0.000709
100,2,train,62,0.280000,0.208160
100,2,train,63,0.190000,0.189584
100,2,train,64,0.284200,0.228232
100,2,train,65,0.063300,0.074278
100,2,train,66,0.020000,0.049433
100,2,train,67,0.094900,0.101486
100,2,train,68,0.260000,0.240458
100,2,train,69,0.054300,0.076861
100,2,train,70,0.135000,0.137068
100,2,train,71,0.160000,0.152871
100,2,train,72,0.100000,0.108269
100,2,train,73,0.035400,0.047201
100,2,train,74,0.160000,0.159579
100,2,train,75,0.260000,0.237630
100,2,train,76,0.150000,0.156836
100,2,train,77,0.232000,0.219041
100,2,train,78,0.020000,0.049186
100,2,train,79,0.020000,0.051097
100,2,train,80,0.100000,0.114325
100,2,train,81,0.200000,0.151948
100,2,train,82,0.290000,0.265868
100,2,train,83,0.050000,0.063416
100,2,train,84,0.020000,0.037717
100,2,train,85,0.030000,0.052671
100,2,train,86,0.160000,0.156833
100,2,train,87,0.350000,0.325936
100,2,train,88,0.020000,0.036027
100,2,train,89,0.163300,0.159592
100,2,train,90,0.210000,0.196190
100,2,train,91,0.035100,0.057412
100,2,train,92,0.190000,0.186508
100,2,train,93,0.115100,0.123306
100,2,train,94,0.022000,0.040447
100,2,train,95,0.160000,0.153334
100,2,train,96,0.160000,0.155668
100,2,train,97,0.185100,0.182903
100,2,train,98,0.360000,0.304543
100,2,train,99,0.290000,0.268752
100,2,train,100,0.090000,0.098687
100,2,train,101,0.094700,0.127584
100,2,train,102,0.094900,0.101486
100,2,train,103,0.070000,0.072078
100,2,train,104,0.030000,0.044675
100,2,train,105,0.380000,0.329821
100,2,train,106,0.330000,0.308818
100,2,train,107,0.242000,0.228849
100,2,train,108,0.045300,0.059345
100,2,train,109,0.200000,0.197920
100,2,train,110,0.190000,0.186166
100,2,train,111,0.080000,0.088393
100,2,train,112,0.220000,0.208679
100,2,train,113,0.230000,0.225977
100,2,train,114,0.095300,0.105395
100,2,train,115,0.280000,0.257498
100,2,train,116,0.250000,0.234252
100,2,train,117,0.150000,0.149937
100,2,train,118,0.058480,0.069947
100,2,train,119,0.060000,0.074278
100,2,train,120,0.044200,0.056831
100,2,train,121,0.403000,0.361775
100,2,train,122,0.035400,0.047201
100,2,train,123,0.380000,0.327420
100,2,train,124,0.220000,0.208275
100,2,train,125,0.174900,0.168303
100,2,train,126,0.193500,0.190076
100,2,train,127,0.137000,0.142925
100,2,train,128,0.370000,0.329656
100,2,train,129,0.090000,0.098197
100,3,test,0,-0.030000,0.123112
100,3,test,1,0.150000,0.159309
100,3,test,2,0.310000,0.152353
100,3,test,3,0.180000,0.126439
100,3,test,4,0.044200,0.127525
100,3,test,5,0.062000,0.131914
100,3,test,6,0.094900,0.132645
100,3,test,7,0.030000,0.123075
100,3,test,8,0.230000,0.130822
100,3,test,9,0.063300,0.122584
100,3,test,10,0.090000,0.130282
100,3,test,11,0.020000,0.128654
100,3,test,12,0.273300,0.137991
100,3,test,13,0.040000,0.123075
100,3,test,14,0.052410,0.160703
100,3,test,15,0.023500,0.119659
100,3,test,16,0.058480,0.132454
100,3,test,17,0.439000,0.140371
100,3,test,18,0.232000,0.152849
100,3,test,19,0.790000,0.155736
100,3,test,20,0.120000,0.164820
100,3,test,21,-0.390000,0.155948
100,3,test,22,0.050000,0.131927
100,3,test,23,0.540000,0.141873
100,3,test,24,0.185100,0.140055
100,3,test,25,0.190000,0.149457
100,3,test,26,0.360000,0.159309
100,3,test,27,0.200000,0.129892
100,3,test,28,0.190000,0.155948
100,3,test,29,0.032000,0.137785
100,3,test,30,0.020000,0.153923
100,3,test,31,0.220000,0.131725
100,3,test,32,-0.080000,0.141873
100,3,train,0,0.090000,0.124033
100,3,train,1,0.080000,0.124033
100,3,train,2,0.073410,0.148406
100,3,train,3,0.045300,0.130812
100,3,train,4,0.011000,0.144927
100,3,train,5,0.350000,0.160703
100,3,train,6,0.264400,0.165711
100,3,train,7,0.290000,0.164820
100,3,train,8,0.030000,0.128053
100,3,train,9,0.130000,0.138816
100,3,train,10,0.370000,0.161453
100,3,train,11,0.010000,0.123075
100,3,train,12,0.193500,0.149422
100,3,train,13,0.130000,0.138816
100,3,train,14,0.137000,0.135951
100,3,train,15,0.100000,0.131420
100,3,train,16,0.020000,0.129480
100,3,train,17,0.330000,0.162710
100,3,train,18,0.093900,0.124033
100,3,train,19,0.174900,0.143118
100,3,train,20,0.200000,0.164820
100,3,train,21,0.075400,0.132691
100,3,train,22,0.094900,0.132645
100,3,train,23,0.030000,0.122338
100,3,train,24,0.084600,0.127704
100,3,train,25,0.111520,0.153266
100,3,train,26,0.030000,0.123075
100,3,train,27,0.160000,0.155808
100,3,train,28,0.144700,0.130441
100,3,train,29,0.284200,0.161316
100,3,train,30,0.160000,0.143043
100,3,train,31,0.090000,0.137785
100,3,train,32,0.144500,0.147991
100,3,train,33,0.030000,0.134269
100,3,train,34,0.100000,0.132030
100,3,train,35,0.020000,0.119659
100,3,train,36,0.090000,0.119659
100,3,train,37,0.240000,0.160703
100,3,train,38,0.022000,0.124888
100,3,train,39,0.144700,0.130441
100,3,train,40,0.280000,0.147298
100,3,train,41,0.035400,0.119659
100,3,train,42,0.260000,0.152427
100,3,train,43,0.224400,0.160703
100,3,train,44,0.163300,0.130282
100,3,train,45,0.260000,0.160591
100,3,train,46,0.403000,0.140371
100,3,train,47,0.020000,0.123075
100,3,train,48,0.040000,0.137785
100,3,train,49,0.020000,0.119659
100,3,train,50,0.072000,0.129351
100,3,train,51,0.043800,0.122209
100,3,train,52,0.048480,0.142935
100,3,train,53,0.270000,0.164820
100,3,train,54,0.025000,0.122338
100,3,train,55,0.160000,0.154686
100,3,train,56,0.020000,0.148678
100,3,train,57,0.270000,0.137991
100,3,train,58,0.024200,0.127525
100,3,train,59,0.114400,0.136345
100,3,train,60,0.050000,0.130462
100,3,train,61,0.080000,0.119659
100,3,train,62,0.035400,0.119659
100,3,train,63,0.100000,0.132030
100,3,train,64,0.020000,0.125170
100,3,train,65,0.174900,0.143118
100,3,train,66,0.250000,0.169524
100,3,train,67,0.200000,0.160703
100,3,train,68,0.135000,0.152965
100,3,train,69,0.185100,0.140055
100,3,train,70,0.190000,0.130000
100,3,train,71,0.035100,0.122584
100,3,train,72,0.018000,0.138399
100,3,train,73,0.320000,0.152427
100,3,train,74,0.040000,0.136551
100,3,train,75,0.110000,0.138816
100,3,train,76,0.240000,0.157131
100,3,train,77,0.010000,0.126647
100,3,train,78,0.094700,0.138653
100,3,train,79,0.290000,0.160591
100,3,train,80,0.260000,0.161453
100,3,train,81,0.150000,0.152427
100,3,train,82,0.010000,0.125170
100,3,train,83,0.820000,0.175659
100,3,train,84,0.060000,0.122584
100,3,train,85,0.260000,0.169524
100,3,train,86,0.000000,0.119659
100,3,train,87,0.050000,0.146140
100,3,train,88,0.170000,0.141873
100,3,train,89,0.160000,0.129480
100,3,train,90,0.190000,0.155948
100,3,train,91,0.180000,0.140355
100,3,train,92,0.244400,0.161215
100,3,train,93,0.280000,0.169524
100,3,train,94,0.115100,0.142062
100,3,train,95,0.210000,0.145460
100,3,train,96,0.210000,0.162350
100,3,train,97,0.075400,0.132691
100,3,train,98,0.065340,0.129892
100,3,train,99,0.095300,0.134650
100,3,train,100,0.035100,0.122584
100,3,train,101,0.240000,0.164820
100,3,train,102,0.242000,0.154360
100,3,train,103,0.380000,0.167106
100,3,train,104,0.160000,0.130282
100,3,train,105,0.020000,0.129480
100,3,train,106,0.110000,0.138816
100,3,train,107,0.010000,0.128053
100,3,train,108,0.220000,0.160703
100,3,train,109,0.070000,0.123112
100,3,train,110,0.115100,0.142062
100,3,train,111,0.240000,0.141209
100,3,train,112,0.190000,0.149422
100,3,train,113,0.280000,0.149297
100,3,train,114,-0.110000,0.140519
100,3,train,115,0.151000,0.128834
100,3,train,116,0.054300,0.147003
100,3,train,117,0.133000,0.147298
100,3,train,118,0.151000,0.128834
100,3,train,119,0.150000,0.160325
100,3,train,120,-0.350000,0.148198
100,3,train,121,0.380000,0.167855
100,3,train,122,0.010000,0.128654
100,3,train,123,0.080000,0.146243
100,3,train,124,0.018000,0.122209
100,3,train,125,0.094600,0.127704
100,3,train,126,0.020000,0.135318
100,3,train,127,0.790000,0.140759
100,3,train,128,0.190000,0.140355
100,3,train,129,0.090000,0.143692
100,4,test,0,0.439000,0.500000
100,4,test,1,0.073410,0.500000
100,4,test,2,0.080000,0.500000
100,4,test,3,0.151000,0.500000
100,4,test,4,0.000000,0.500000
100,4,test,5,0.044200,0.500000
100,4,test,6,0.090000,0.500000
100,4,test,7,0.244400,0.500000
100,4,test,8,0.290000,0.500000
100,4,test,9,0.052410,0.500000
100,4,test,10,0.010000,0.500000
100,4,test,11,0.170000,0.500000
100,4,test,12,0.040000,0.500000
100,4,test,13,0.060000,0.500000
100,4,test,14,0.260000,0.500000
100,4,test,15,0.084600,0.500000
100,4,test,16,0.054300,0.500000
100,4,test,17,0.224400,0.500000
100,4,test,18,-0.080000,0.500000
100,4,test,19,0.062000,0.500000
100,4,test,20,0.284200,0.500000
100,4,test,21,0.200000,0.500000
100,4,test,22,0.160000,0.500000
100,4,test,23,0.144500,0.500000
100,4,test,24,0.090000,0.500000
100,4,test,25,0.010000,0.500000
100,4,test,26,0.185100,0.500000
100,4,test,27,0.790000,0.500000
100,4,test,28,0.310000,0.500000
100,4,test,29,0.010000,0.500000
100,4,test,30,0.280000,0.500000
100,4,test,31,0.380000,0.500000
100,4,test,32,0.273300,0.500000
100,4,train,0,0.025000,0.500000
100,4,train,1,0.050000,0.500000
100,4,train,2,0.050000,0.500000
100,4,train,3,0.185100,0.500000
100,4,train,4,0.190000,0.500000
100,4,train,5,0.065340,0.500000
100,4,train,6,0.040000,0.500000
100,4,train,7,0.144700,0.500000
100,4,train,8,0.130000,0.500000
100,4,train,9,0.240000,0.500000
100,4,train,10,0.250000,0.500000
100,4,train,11,0.111520,0.500000
100,4,train,12,0.100000,0.500000
100,4,train,13,0.023500,0.500000
100,4,train,14,0.094700,0.500000
100,4,train,15,0.242000,0.500000
100,4,train,16,0.030000,0.500000
100,4,train,17,0.200000,0.500000
100,4,train,18,0.360000,0.500000
100,4,train,19,0.270000,0.500000
100,4,train,20,0.150000,0.500000
100,4,train,21,0.380000,0.500000
100,4,train,22,0.270000,0.500000
100,4,train,23,0.040000,0.500000
100,4,train,24,0.080000,0.500000
100,4,train,25,0.020000,0.500000
100,4,train,26,0.011000,0.500000
100,4,train,27,0.080000,0.500000
100,4,train,28,0.090000,0.500000
100,4,train,29,0.070000,0.500000
100,4,train,30,0.193500,0.500000
100,4,train,31,0.190000,0.500000
100,4,train,32,0.264400,0.500000
100,4,train,33,0.150000,0.500000
100,4,train,34,0.280000,0.500000
100,4,train,35,0.018000,0.500000
100,4,train,36,0.022000,0.500000
100,4,train,37,0.035400,0.500000
100,4,train,38,0.032000,0.500000
100,4,train,39,0.240000,0.500000
100,4,train,40,0.163300,0.500000
100,4,train,41,0.094900,0.500000
100,4,train,42,0.030000,0.500000
100,4,train,43,0.110000,0.500000
100,4,train,44,0.030000,0.500000
100,4,train,45,0.540000,0.500000
100,4,train,46,0.230000,0.500000
100,4,train,47,0.280000,0.500000
100,4,train,48,0.115100,0.500000
100,4,train,49,0.210000,0.500000
100,4,train,50,0.063300,0.500000
100,4,train,51,0.058480,0.500000
100,4,train,52,0.320000,0.500000
100,4,train,53,0.020000,0.500000
100,4,train,54,0.115100,0.500000
100,4,train,55,0.220000,0.500000
100,4,train,56,0.020000,0.500000
100,4,train,57,0.190000,0.500000
100,4,train,58,0.100000,0.500000
100,4,train,59,0.370000,0.500000
100,4,train,60,0.095300,0.500000
100,4,train,61,0.350000,0.500000
100,4,train,62,0.190000,0.500000
100,4,train,63,0.020000,0.500000
100,4,train,64,0.035100,0.500000
100,4,train,65,0.048480,0.500000
100,4,train,66,0.035100,0.500000
100,4,train,67,0.072000,0.500000
100,4,train,68,0.110000,0.500000
100,4,train,69,0.190000,0.500000
100,4,train,70,0.190000,0.500000
100,4,train,71,0.075400,0.500000
100,4,train,72,0.240000,0.500000
100,4,train,73,0.260000,0.500000
100,4,train,74,0.090000,0.500000
100,4,train,75,0.090000,0.500000
100,4,train,76,-0.030000,0.500000
100,4,train,77,0.133000,0.500000
100,4,train,78,-0.350000,0.500000
100,4,train,79,0.174900,0.500000
100,4,train,80,0.290000,0.500000
100,4,train,81,0.160000,0.500000
100,4,train,82,0.030000,0.500000
100,4,train,83,0.137000,0.500000
100,4,train,84,0.180000,0.500000
100,4,train,85,0.820000,0.500000
100,4,train,86,0.093900,0.500000
100,4,train,87,0.094900,0.500000
100,4,train,88,0.024200,0.500000
100,4,train,89,0.020000,0.500000
100,4,train,90,0.020000,0.500000
100,4,train,91,0.144700,0.500000
100,4,train,92,0.151000,0.500000
100,4,train,93,0.050000,0.500000
100,4,train,94,0.100000,0.500000
100,4,train,95,0.403000,0.500000
100,4,train,96,0.035400,0.500000
100,4,train,97,0.130000,0.500000
100,4,train,98,0.150000,0.500000
100,4,train,99,0.260000,0.500000
100,4,train,100,0.180000,0.500000
100,4,train,101,0.018000,0.500000
100,4,train,102,0.135000,0.500000
100,4,train,103,0.160000,0.500000
100,4,train,104,-0.110000,0.500000
100,4,train,105,0.210000,0.500000
100,4,train,106,0.010000,0.500000
100,4,train,107,0.114400,0.500000
100,4,train,108,-0.390000,0.500000
100,4,train,109,0.010000,0.500000
100,4,train,110,0.094600,0.500000
100,4,train,111,0.020000,0.500000
100,4,train,112,0.790000,0.500000
100,4,train,113,0.160000,0.500000
100,4,train,114,0.260000,0.500000
100,4,train,115,0.045300,0.500000
100,4,train,116,0.043800,0.500000
100,4,train,117,0.020000,0.500000
100,4,train,118,0.232000,0.500000
100,4,train,119,0.020000,0.500000
100,4,train,120,0.075400,0.500000
100,4,train,121,0.030000,0.500000
100,4,train,122,0.200000,0.500000
100,4,train,123,0.330000,0.500000
100,4,train,124,0.020000,0.500000
100,4,train,125,0.160000,0.500000
100,4,train,126,0.174900,0.500000
100,4,train,127,0.220000,0.500000
100,4,train,128,0.240000,0.500000
100,4,train,129,0.120000,0.500000
100,5,test,0,0.054300,0.157294
100,5,test,1,0.240000,0.192295
100,5,test,2,0.040000,0.184526
100,5,test,3,0.790000,0.245636
100,5,test,4,0.100000,0.135445
100,5,test,5,0.010000,0.152992
100,5,test,6,0.094600,0.113408
100,5,test,7,-0.350000,0.153688
100,5,test,8,0.240000,0.153470
100,5,test,9,0.093900,0.165529
100,5,test,10,0.185100,0.137282
100,5,test,11,0.190000,0.132456
100,5,test,12,0.024200,0.093252
100,5,test,13,0.032000,0.137710
100,5,test,14,0.280000,0.165415
100,5,test,15,-0.030000,0.123976
100,5,test,16,0.030000,0.111413
100,5,test,17,0.160000,0.085111
100,5,test,18,0.260000,0.165415
100,5,test,19,0.063300,0.157157
100,5,test,20,0.190000,0.119276
100,5,test,21,0.160000,0.131596
100,5,test,22,0.163300,0.131384
100,5,test,23,0.023500,0.104839
100,5,test,24,0.094700,0.152920
100,5,test,25,0.174900,0.121549
100,5,test,26,0.090000,0.165529
100,5,test,27,0.035100,0.095652
100,5,test,28,0.052410,0.123243
100,5,test,29,0.200000,0.175888
100,5,test,30,0.010000,0.114701
100,5,test,31,0.220000,0.167888
100,5,test,32,0.190000,0.157728
100,5,train,0,0.160000,0.132456
100,5,train,1,0.790000,0.245636
100,5,train,2,0.075400,0.104839
100,5,train,3,0.050000,0.103793
100,5,train,4,0.110000,0.153472
100,5,train,5,0.310000,0.199760
100,5,train,6,0.040000,0.125242
100,5,train,7,0.090000,0.144921
100,5,train,8,0.174900,0.121549
100,5,train,9,0.020000,0.124903
100,5,train,10,0.144700,0.115313
100,5,train,11,-0.110000,0.082258
100,5,train,12,0.133000,0.123696
100,5,train,13,0.048480,0.102438
100,5,train,14,0.010000,0.114701
100,5,train,15,0.220000,0.141858
100,5,train,16,0.250000,0.192295
100,5,train,17,0.190000,0.132456
100,5,train,18,0.270000,0.179764
100,5,train,19,0.193500,0.182575
100,5,train,20,0.232000,0.176997
100,5,train,21,0.260000,0.168378
100,5,train,22,0.370000,0.196257
100,5,train,23,0.100000,0.154875
100,5,train,24,0.260000,0.194289
100,5,train,25,0.060000,0.157157
100,5,train,26,0.151000,0.097151
100,5,train,27,0.020000,0.103793
100,5,train,28,0.244400,0.211723
100,5,train,29,0.094900,0.113408
100,5,train,30,0.025000,0.090827
100,5,train,31,0.018000,0.090827
100,5,train,32,0.210000,0.162039
100,5,train,33,0.065340,0.131316
100,5,train,34,0.111520,0.134831
100,5,train,35,0.150000,0.157274
100,5,train,36,0.190000,0.182575
100,5,train,37,0.070000,0.125242
100,5,train,38,0.160000,0.120417
100,5,train,39,0.137000,0.146225
100,5,train,40,0.210000,0.143636
100,5,train,41,0.095300,0.093252
100,5,train,42,0.100000,0.135445
100,5,train,43,0.403000,0.169690
100,5,train,44,0.170000,0.133163
100,5,train,45,0.260000,0.194618
100,5,train,46,0.020000,0.114701
100,5,train,47,0.020000,0.085111
100,5,train,48,0.035400,0.109509
100,5,train,49,0.022000,0.090827
100,5,train,50,0.151000,0.097151
100,5,train,51,0.150000,0.184993
100,5,train,52,0.094900,0.113408
100,5,train,53,0.135000,0.154390
100,5,train,54,0.130000,0.153472
100,5,train,55,0.080000,0.136517
100,5,train,56,0.073410,0.146820
100,5,train,57,0.020000,0.104839
100,5,train,58,0.084600,0.113408
100,5,train,59,0.284200,0.143617
100,5,train,60,0.240000,0.131316
100,5,train,61,0.230000,0.171740
100,5,train,62,0.044200,0.085111
100,5,train,63,0.072000,0.102867
100,5,train,64,0.280000,0.123696
100,5,train,65,0.010000,0.114701
100,5,train,66,0.115100,0.144351
100,5,train,67,0.080000,0.102867
100,5,train,68,0.075400,0.104839
100,5,train,69,0.190000,0.155675
100,5,train,70,0.120000,0.167748
100,5,train,71,0.110000,0.153472
100,5,train,72,0.144700,0.115313
100,5,train,73,0.242000,0.164461
100,5,train,74,0.224400,0.145851
100,5,train,75,0.030000,0.122321
100,5,train,76,0.115100,0.144351
100,5,train,77,0.035100,0.095652
100,5,train,78,0.180000,0.124402
100,5,train,79,0.020000,0.144851
100,5,train,80,0.380000,0.196275
100,5,train,81,0.030000,0.100234
100,5,train,82,0.080000,0.159021
100,5,train,83,0.090000,0.119273
100,5,train,84,0.160000,0.131384
100,5,train,85,0.150000,0.166618
100,5,train,86,0.030000,0.161198
100,5,train,87,0.040000,0.111656
100,5,train,88,0.320000,0.205390
100,5,train,89,0.439000,0.191727
100,5,train,90,-0.390000,0.118973
100,5,train,91,0.180000,0.157728
100,5,train,92,0.000000,0.125022
100,5,train,93,0.144500,0.152421
100,5,train,94,0.035400,0.109509
100,5,train,95,0.020000,0.114701
100,5,train,96,0.045300,0.101821
100,5,train,97,0.540000,0.160342
100,5,train,98,0.280000,0.189219
100,5,train,99,0.058480,0.114315
100,5,train,100,0.360000,0.207030
100,5,train,101,0.050000,0.149027
100,5,train,102,0.010000,0.111413
100,5,train,103,0.820000,0.224390
100,5,train,104,0.020000,0.121480
100,5,train,105,0.330000,0.149158
100,5,train,106,0.200000,0.141858
100,5,train,107,0.200000,0.175508
100,5,train,108,0.240000,0.168611
100,5,train,109,0.273300,0.179764
100,5,train,110,0.090000,0.126991
100,5,train,111,0.020000,0.114701
100,5,train,112,0.290000,0.173984
100,5,train,113,0.270000,0.165415
100,5,train,114,0.130000,0.153472
100,5,train,115,0.114400,0.132023
100,5,train,116,-0.080000,0.102012
100,5,train,117,0.043800,0.113408
100,5,train,118,0.264400,0.192614
100,5,train,119,0.185100,0.137282
100,5,train,120,0.030000,0.130958
100,5,train,121,0.062000,0.105720
100,5,train,122,0.380000,0.202883
100,5,train,123,0.050000,0.134857
100,5,train,124,0.090000,0.138617
100,5,train,125,0.350000,0.199760
100,5,train,126,0.020000,0.174220
100,5,train,127,0.011000,0.124316
100,5,train,128,0.290000,0.176948
100,5,train,129,0.018000,0.111656
100,6,test,0,0.190000,0.068656
100,6,test,1,0.310000,0.371705
100,6,test,2,0.220000,0.136724
100,6,test,3,0.095300,0.008487
100,6,test,4,0.280000,0.218203
100,6,test,5,0.100000,0.100482
100,6,test,6,0.020000,0.029965
100,6,test,7,0.190000,0.142077
100,6,test,8,0.290000,0.145157
100,6,test,9,0.144700,0.141943
100,6,test,10,0.790000,0.620450
100,6,test,11,0.020000,0.133780
100,6,test,12,0.020000,0.004166
100,6,test,13,0.160000,0.196575
100,6,test,14,0.114400,0.172613
100,6,test,15,0.174900,0.171389
100,6,test,16,0.260000,0.168924
100,6,test,17,0.210000,0.334098
100,6,test,18,0.045300,0.090580
100,6,test,19,0.084600,0.074548
100,6,test,20,0.150000,0.205284
100,6,test,21,0.040000,0.187633
100,6,test,22,0.151000,0.119825
100,6,test,23,0.280000,0.216807
100,6,test,24,0.151000,0.119825
100,6,test,25,0.035400,0.074534
100,6,test,26,0.144500,0.175209
100,6,test,27,0.030000,0.007217
100,6,test,28,0.160000,0.213702
100,6,test,29,-0.390000,0.090692
100,6,test,30,0.035100,0.031567
100,6,test,31,0.200000,0.038376
100,6,test,32,0.035400,0.074534
100,6,train,0,0.133000,0.197710
100,6,train,1,0.190000,0.176079
100,6,train,2,0.200000,0.201566
100,6,train,3,0.093900,0.091719
100,6,train,4,0.030000,0.030344
100,6,train,5,0.135000,0.135614
100,6,train,6,0.000000,0.002512
100,6,train,7,0.110000,0.109929
100,6,train,8,0.100000,0.100482
100,6,train,9,0.190000,0.188849
100,6,train,10,0.163300,0.161918
100,6,train,11,0.080000,0.063568
100,6,train,12,0.094900,0.096745
100,6,train,13,0.025000,0.027150
100,6,train,14,0.260000,0.263557
100,6,train,15,0.370000,0.343757
100,6,train,16,0.018000,0.020387
100,6,train,17,0.150000,0.162381
100,6,train,18,0.264400,0.264638
100,6,train,19,0.100000,0.094007
100,6,train,20,0.240000,0.237010
100,6,train,21,0.185100,0.185463
100,6,train,22,0.230000,0.236407
100,6,train,23,0.043800,0.048984
100,6,train,24,0.020000,0.015537
100,6,train,25,0.160000,0.145737
100,6,train,26,0.170000,0.183444
100,6,train,27,0.270000,0.272282
100,6,train,28,0.094700,0.102982
100,6,train,29,0.020000,0.017388
100,6,train,30,0.090000,0.091719
100,6,train,31,0.120000,0.123423
100,6,train,32,0.284200,0.274652
100,6,train,33,0.240000,0.241190
100,6,train,34,0.020000,0.022928
100,6,train,35,0.065340,0.067025
100,6,train,36,0.330000,0.333138
100,6,train,37,0.190000,0.191298
100,6,train,38,0.020000,0.029817
100,6,train,39,0.220000,0.216716
100,6,train,40,0.130000,0.129262
100,6,train,41,0.180000,0.175740
100,6,train,42,0.050000,0.056108
100,6,train,43,0.080000,0.082298
100,6,train,44,0.224400,0.222263
100,6,train,45,0.018000,0.015462
100,6,train,46,0.320000,0.316639
100,6,train,47,0.075400,0.073174
100,6,train,48,0.090000,0.088535
100,6,train,49,0.010000,0.013037
100,6,train,50,0.072000,0.068911
100,6,train,51,0.200000,0.199596
100,6,train,52,-0.080000,-0.074719
100,6,train,53,0.020000,0.042487
100,6,train,54,0.190000,0.189647
100,6,train,55,0.011000,0.014844
100,6,train,56,0.080000,0.081495
100,6,train,57,0.040000,0.032414
100,6,train,58,0.280000,0.217856
100,6,train,59,0.150000,0.151152
100,6,train,60,0.240000,0.242206
100,6,train,61,0.094600,0.090668
100,6,train,62,0.044200,0.051795
100,6,train,63,0.022000,0.018774
100,6,train,64,0.062000,0.064543
100,6,train,65,0.260000,0.268008
100,6,train,66,0.380000,0.380934
100,6,train,67,0.094900,0.096745
100,6,train,68,0.242000,0.242166
100,6,train,69,0.010000,0.012409
100,6,train,70,0.180000,0.181501
100,6,train,71,0.048480,0.064072
100,6,train,72,0.380000,0.375962
100,6,train,73,0.290000,0.279538
100,6,train,74,0.023500,0.029965
100,6,train,75,0.024200,0.023210
100,6,train,76,0.073410,0.064838
100,6,train,77,0.050000,0.049248
100,6,train,78,0.273300,0.272282
100,6,train,79,0.137000,0.132877
100,6,train,80,0.111520,0.129599
100,6,train,81,0.075400,0.073174
100,6,train,82,0.032000,0.033860
100,6,train,83,0.090000,0.083457
100,6,train,84,0.020000,0.019396
100,6,train,85,0.030000,0.026909
100,6,train,86,0.020000,0.030623
100,6,train,87,0.010000,0.016704
100,6,train,88,0.115100,0.115308
100,6,train,89,0.403000,0.392561
100,6,train,90,-0.030000,-0.026484
100,6,train,91,0.070000,0.062364
100,6,train,92,0.063300,0.062199
100,6,train,93,-0.350000,-0.246091
100,6,train,94,0.115100,0.115308
100,6,train,95,0.360000,0.345796
100,6,train,96,0.160000,0.184970
100,6,train,97,0.232000,0.241033
100,6,train,98,0.193500,0.191298
100,6,train,99,0.244400,0.260098
100,6,train,100,0.250000,0.247978
100,6,train,101,0.110000,0.109929
100,6,train,102,0.060000,0.062199
100,6,train,103,-0.110000,-0.101394
100,6,train,104,0.210000,0.211024
100,6,train,105,0.439000,0.433868
100,6,train,106,0.040000,0.042163
100,6,train,107,0.820000,0.737489
100,6,train,108,0.260000,0.250927
100,6,train,109,0.130000,0.129262
100,6,train,110,0.090000,0.089104
100,6,train,111,0.270000,0.270152
100,6,train,112,0.030000,0.034171
100,6,train,113,0.058480,0.056196
100,6,train,114,0.790000,0.737489
100,6,train,115,0.350000,0.351423
100,6,train,116,0.540000,0.468639
100,6,train,117,0.010000,0.012232
100,6,train,118,0.054300,0.063843
100,6,train,119,0.144700,0.141943
100,6,train,120,0.174900,0.171389
100,6,train,121,0.240000,0.236061
100,6,train,122,0.052410,0.052541
100,6,train,123,0.160000,0.161918
100,6,train,124,0.185100,0.185463
100,6,train,125,0.050000,0.051680
100,6,train,126,0.035100,0.031567
100,6,train,127,0.030000,0.033334
100,6,train,128,0.090000,0.091720
100,6,train,129,0.010000,0.009654
100,7,test,0,0.144700,0.135734
100,7,test,1,0.130000,0.130380
100,7,test,2,0.095300,0.088422
100,7,test,3,0.030000,0.163067
100,7,test,4,0.290000,0.081505
100,7,test,5,0.075400,0.061234
100,7,test,6,0.150000,0.212679
100,7,test,7,0.020000,0.059065
100,7,test,8,0.094700,0.155911
100,7,test,9,0.280000,0.205232
100,7,test,10,0.073410,0.155380
100,7,test,11,0.200000,0.184959
100,7,test,12,0.380000,0.168300
100,7,test,13,0.190000,0.108698
100,7,test,14,0.020000,0.045624
100,7,test,15,0.072000,0.105651
100,7,test,16,0.080000,0.091956
100,7,test,17,0.018000,0.142062
100,7,test,18,0.220000,0.144907
100,7,test,19,0.240000,0.094293
100,7,test,20,0.020000,0.066430
100,7,test,21,0.084600,0.078518
100,7,test,22,0.160000,0.054786
100,7,test,23,0.790000,0.177271
100,7,test,24,0.060000,0.093154
100,7,test,25,0.090000,0.068596
100,7,test,26,0.135000,0.186054
100,7,test,27,0.210000,0.165570
100,7,test,28,0.230000,0.221841
100,7,test,29,0.115100,0.167167
100,7,test,30,0.115100,0.167167
100,7,test,31,0.790000,0.189467
100,7,test,32,0.110000,0.118466
100,7,train,0,0.244400,0.197144
100,7,train,1,0.260000,0.190340
100,7,train,2,0.035100,0.077686
100,7,train,3,0.160000,0.118447
100,7,train,4,0.022000,0.048885
100,7,train,5,0.160000,0.156872
100,7,train,6,0.100000,0.115740
100,7,train,7,0.032000,0.084254
100,7,train,8,0.063300,0.093154
100,7,train,9,0.190000,0.191929
100,7,train,10,-0.110000,0.036311
100,7,train,11,0.010000,0.045624
100,7,train,12,0.137000,0.131495
100,7,train,13,0.018000,0.060132
100,7,train,14,0.054300,0.101917
100,7,train,15,-0.080000,0.062644
100,7,train,16,-0.030000,0.059092
100,7,train,17,0.273300,0.192839
100,7,train,18,0.048480,0.126112
100,7,train,19,0.200000,0.157225
100,7,train,20,0.094900,0.120539
100,7,train,21,0.190000,0.176954
100,7,train,22,0.100000,0.134296
100,7,train,23,-0.350000,-0.004194
100,7,train,24,0.080000,0.092122
100,7,train,25,0.439000,0.241804
100,7,train,26,-0.390000,-0.008045
100,7,train,27,0.011000,0.094333
100,7,train,28,0.185100,0.176321
100,7,train,29,0.020000,0.054786
100,7,train,30,0.260000,0.205232
100,7,train,31,0.350000,0.246561
100,7,train,32,0.035400,0.075725
100,7,train,33,0.130000,0.130380
100,7,train,34,0.224400,0.160899
100,7,train,35,0.180000,0.155701
100,7,train,36,0.163300,0.156872
100,7,train,37,0.075400,0.061234
100,7,train,38,0.040000,0.127044
100,7,train,39,0.190000,0.156447
100,7,train,40,0.030000,0.035636
100,7,train,41,0.193500,0.191929
100,7,train,42,0.090000,0.104988
100,7,train,43,0.024200,0.070972
100,7,train,44,0.030000,0.066333
100,7,train,45,0.020000,0.064596
100,7,train,46,0.090000,0.115329
100,7,train,47,0.190000,0.169065
100,7,train,48,0.065340,0.097868
100,7,train,49,0.080000,0.092616
100,7,train,50,0.180000,0.168306
100,7,train,51,0.094900,0.120539
100,7,train,52,0.280000,0.197553
100,7,train,53,0.090000,0.112828
100,7,train,54,0.190000,0.143882
100,7,train,55,0.044200,0.062834
100,7,train,56,0.330000,0.200055
100,7,train,57,0.025000,0.073930
100,7,train,58,0.030000,0.070841
100,7,train,59,0.150000,0.174074
100,7,train,60,0.000000,0.070491
100,7,train,61,0.160000,0.150949
100,7,train,62,0.820000,0.257375
100,7,train,63,0.280000,0.238572
100,7,train,64,0.058480,0.127628
100,7,train,65,0.151000,0.127193
100,7,train,66,0.240000,0.153318
100,7,train,67,0.020000,0.117921
100,7,train,68,0.260000,0.240327
100,7,train,69,0.232000,0.170352
100,7,train,70,0.114400,0.140217
100,7,train,71,0.242000,0.186301
100,7,train,72,0.040000,0.095030
100,7,train,73,0.150000,0.156341
100,7,train,74,0.264400,0.216959
100,7,train,75,0.062000,0.101694
100,7,train,76,0.240000,0.203970
100,7,train,77,0.035100,0.077686
100,7,train,78,0.050000,0.062783
100,7,train,79,0.110000,0.118466
100,7,train,80,0.120000,0.167189
100,7,train,81,0.320000,0.252379
100,7,train,82,0.094600,0.093311
100,7,train,83,0.100000,0.115740
100,7,train,84,0.160000,0.145147
100,7,train,85,0.270000,0.203760
100,7,train,86,0.380000,0.242471
100,7,train,87,0.270000,0.192839
100,7,train,88,0.170000,0.178028
100,7,train,89,0.111520,0.120887
100,7,train,90,0.050000,0.086077
100,7,train,91,0.020000,0.083470
100,7,train,92,0.040000,0.078302
100,7,train,93,0.260000,0.246708
100,7,train,94,0.250000,0.193286
100,7,train,95,0.403000,0.241804
100,7,train,96,0.151000,0.127193
100,7,train,97,0.290000,0.200486
100,7,train,98,0.240000,0.198321
100,7,train,99,0.035400,0.075725
100,7,train,100,0.090000,0.111467
100,7,train,101,0.174900,0.142257
100,7,train,102,0.220000,0.162825
100,7,train,103,0.045300,0.078757
100,7,train,104,0.020000,0.126239
100,7,train,105,0.284200,0.202210
100,7,train,106,0.050000,0.088234
100,7,train,107,0.010000,0.132639
100,7,train,108,0.070000,0.079541
100,7,train,109,0.043800,0.053686
100,7,train,110,0.144500,0.145971
100,7,train,111,0.310000,0.254369
100,7,train,112,0.020000,0.132144
100,7,train,113,0.174900,0.142257
100,7,train,114,0.020000,0.056531
100,7,train,115,0.010000,0.059065
100,7,train,116,0.210000,0.152923
100,7,train,117,0.540000,0.211889
100,7,train,118,0.010000,0.051396
100,7,train,119,0.023500,0.064596
100,7,train,120,0.010000,0.067202
100,7,train,121,0.144700,0.135734
100,7,train,122,0.370000,0.246708
100,7,train,123,0.093900,0.112828
100,7,train,124,0.133000,0.197553
100,7,train,125,0.185100,0.176321
100,7,train,126,0.200000,0.156761
100,7,train,127,0.360000,0.230262
100,7,train,128,0.030000,0.088789
100,7,train,129,0.052410,0.089786
100,8,test,0,0.018000,0.036444
100,8,test,1,-0.030000,0.043299
100,8,test,2,0.439000,0.273661
100,8,test,3,0.264400,0.346622
100,8,test,4,0.100000,0.191202
100,8,test,5,0.114400,0.284280
100,8,test,6,0.100000,0.084208
100,8,test,7,0.160000,0.158937
100,8,test,8,0.160000,0.159128
100,8,test,9,0.043800,0.110171
100,8,test,10,0.200000,0.145720
100,8,test,11,0.240000,0.165858
100,8,test,12,0.220000,0.090613
100,8,test,13,0.054300,0.092254
100,8,test,14,0.180000,0.066333
100,8,test,15,0.075400,0.072336
100,8,test,16,0.380000,0.269712
100,8,test,17,0.052410,0.133884
100,8,test,18,0.070000,0.008411
100,8,test,19,0.144700,0.119528
100,8,test,20,0.030000,0.004340
100,8,test,21,0.093900,0.095708
100,8,test,22,0.020000,0.066356
100,8,test,23,0.290000,0.178970
100,8,test,24,0.210000,0.261243
100,8,test,25,0.160000,0.093281
100,8,test,26,-0.390000,0.246725
100,8,test,27,0.150000,0.282429
100,8,test,28,0.030000,0.074964
100,8,test,29,0.110000,0.110677
100,8,test,30,0.240000,0.211377
100,8,test,31,0.010000,0.036695
100,8,test,32,0.820000,0.519809
100,8,train,0,0.094900,0.102249
100,8,train,1,0.150000,0.147623
100,8,train,2,0.020000,0.025662
100,8,train,3,0.018000,0.068147
100,8,train,4,0.224400,0.216344
100,8,train,5,0.010000,0.026379
100,8,train,6,0.290000,0.252164
100,8,train,7,0.232000,0.201430
100,8,train,8,0.090000,0.095708
100,8,train,9,0.137000,0.131825
100,8,train,10,0.020000,-0.003746
100,8,train,11,0.284200,0.249555
100,8,train,12,0.350000,0.335872
100,8,train,13,0.030000,0.051257
100,8,train,14,0.094900,0.102249
100,8,train,15,0.174900,0.181334
100,8,train,16,0.360000,0.373315
100,8,train,17,0.090000,0.099610
100,8,train,18,0.242000,0.190905
100,8,train,19,0.050000,0.064542
100,8,train,20,0.240000,0.210626
100,8,train,21,0.273300,0.261934
100,8,train,22,0.115100,0.123717
100,8,train,23,0.111520,0.133627
100,8,train,24,0.040000,0.059684
100,8,train,25,-0.080000,0.020264
100,8,train,26,0.193500,0.202241
100,8,train,27,0.320000,0.302661
100,8,train,28,0.403000,0.306150
100,8,train,29,0.063300,0.071185
100,8,train,30,0.330000,0.282657
100,8,train,31,0.090000,0.088170
100,8,train,32,0.210000,0.174962
100,8,train,33,0.020000,0.094321
100,8,train,34,0.133000,0.185135
100,8,train,35,0.185100,0.172502
100,8,train,36,0.280000,0.263316
100,8,train,37,0.090000,0.075876
100,8,train,38,0.032000,0.083541
100,8,train,39,0.022000,0.037880
100,8,train,40,0.200000,0.194534
100,8,train,41,0.190000,0.166199
100,8,train,42,0.260000,0.288275
100,8,train,43,0.073410,0.070211
100,8,train,44,0.200000,0.226221
100,8,train,45,0.035100,0.045434
100,8,train,46,0.020000,0.012195
100,8,train,47,0.115100,0.123717
100,8,train,48,0.190000,0.132551
100,8,train,49,0.174900,0.181334
100,8,train,50,0.040000,0.061966
100,8,train,51,0.010000,0.008051
100,8,train,52,0.144500,0.137555
100,8,train,53,0.023500,0.014910
100,8,train,54,0.790000,0.653823
100,8,train,55,0.010000,0.050465
100,8,train,56,0.020000,0.105640
100,8,train,57,0.135000,0.179860
100,8,train,58,0.310000,0.328676
100,8,train,59,0.094700,0.083849
100,8,train,60,0.163300,0.159128
100,8,train,61,0.120000,0.130421
100,8,train,62,0.190000,0.152436
100,8,train,63,0.250000,0.268814
100,8,train,64,0.075400,0.072336
100,8,train,65,0.020000,0.063861
100,8,train,66,0.095300,0.086816
100,8,train,67,0.540000,0.300840
100,8,train,68,0.790000,0.683362
100,8,train,69,0.180000,0.148283
100,8,train,70,0.144700,0.119528
100,8,train,71,0.048480,0.054771
100,8,train,72,0.260000,0.226007
100,8,train,73,0.160000,0.123532
100,8,train,74,0.045300,0.030056
100,8,train,75,0.280000,0.264480
100,8,train,76,-0.350000,-0.077958
100,8,train,77,0.380000,0.338213
100,8,train,78,0.170000,0.191625
100,8,train,79,0.020000,0.050525
100,8,train,80,0.044200,0.076521
100,8,train,81,0.035400,0.051903
100,8,train,82,0.244400,0.239306
100,8,train,83,0.260000,0.241629
100,8,train,84,0.370000,0.270341
100,8,train,85,0.094600,0.079653
100,8,train,86,0.084600,0.084845
100,8,train,87,0.065340,0.079975
100,8,train,88,0.058480,0.091719
100,8,train,89,0.130000,0.139494
100,8,train,90,0.060000,0.071185
100,8,train,91,0.160000,0.155877
100,8,train,92,0.035100,0.045434
100,8,train,93,0.185100,0.172502
100,8,train,94,0.090000,0.120450
100,8,train,95,0.080000,0.069647
100,8,train,96,0.151000,0.114663
100,8,train,97,0.270000,0.258139
100,8,train,98,0.240000,0.190420
100,8,train,99,0.072000,0.076567
100,8,train,100,-0.110000,-0.110643
100,8,train,101,0.050000,0.069253
100,8,train,102,0.011000,0.030511
100,8,train,103,0.260000,0.250203
100,8,train,104,0.190000,0.186979
100,8,train,105,0.190000,0.148772
100,8,train,106,0.280000,0.195593
100,8,train,107,0.025000,0.027042
100,8,train,108,0.230000,0.275214
100,8,train,109,0.080000,0.069960
100,8,train,110,0.000000,0.038586
100,8,train,111,0.020000,0.014910
100,8,train,112,0.130000,0.139494
100,8,train,113,0.151000,0.114663
100,8,train,114,0.062000,0.071663
100,8,train,115,0.270000,0.261934
100,8,train,116,0.020000,0.039838
100,8,train,117,0.080000,0.065362
100,8,train,118,0.040000,0.047243
100,8,train,119,0.150000,0.170680
100,8,train,120,0.190000,0.202241
100,8,train,121,0.110000,0.110677
100,8,train,122,0.030000,0.094434
100,8,train,123,0.024200,0.046906
100,8,train,124,0.220000,0.212285
100,8,train,125,0.035400,0.051903
100,8,train,126,0.010000,0.018622
100,8,train,127,0.030000,0.082139
100,8,train,128,0.050000,0.071644
100,8,train,129,0.100000,0.084208
100,9,test,0,0.163300,0.092831
100,9,test,1,0.190000,0.051999
100,9,test,2,0.032000,0.108310
100,9,test,3,0.072000,0.176103
100,9,test,4,0.025000,0.060815
100,9,test,5,0.080000,0.078288
100,9,test,6,0.240000,0.209587
100,9,test,7,0.080000,0.238120
100,9,test,8,0.095300,0.067768
100,9,test,9,0.190000,0.082729
100,9,test,10,0.120000,0.261898
100,9,test,11,0.043800,0.057148
100,9,test,12,0.010000,0.143053
100,9,test,13,0.174900,0.123633
100,9,test,14,0.094900,0.110503
100,9,test,15,0.100000,0.140434
100,9,test,16,0.100000,0.140434
100,9,test,17,0.151000,0.098532
100,9,test,18,0.020000,0.263137
100,9,test,19,0.264400,0.256506
100,9,test,20,0.244400,0.221061
100,9,test,21,0.020000,0.169240
100,9,test,22,0.190000,0.192356
100,9,test,23,0.180000,0.078984
100,9,test,24,0.090000,0.166864
100,9,test,25,0.280000,0.154663
100,9,test,26,0.193500,0.149871
100,9,test,27,0.054300,0.152577
100,9,test,28,0.190000,0.149871
100,9,test,29,0.058480,0.171212
100,9,test,30,0.144700,0.129418
100,9,test,31,0.050000,0.226285
100,9,test,32,0.280000,0.175703
100,9,train,0,0.052410,0.059144
100,9,train,1,0.094600,0.089941
100,9,train,2,0.035400,0.075853
100,9,train,3,0.190000,0.181568
100,9,train,4,0.010000,0.042131
100,9,train,5,0.790000,0.408002
100,9,train,6,0.350000,0.218139
100,9,train,7,0.540000,0.244596
100,9,train,8,0.065340,0.103485
100,9,train,9,0.070000,0.045822
100,9,train,10,0.010000,0.079465
100,9,train,11,-0.030000,0.065947
100,9,train,12,0.035400,0.075853
100,9,train,13,0.093900,0.145468
100,9,train,14,0.115100,0.103874
100,9,train,15,0.050000,0.017761
100,9,train,16,0.030000,0.009243
100,9,train,17,0.111520,0.140817
100,9,train,18,0.044200,0.034662
100,9,train,19,0.040000,0.097320
100,9,train,20,0.084600,0.089941
100,9,train,21,0.020000,0.069458
100,9,train,22,0.115100,0.103874
100,9,train,23,0.380000,0.263555
100,9,train,24,0.100000,0.100442
100,9,train,25,0.290000,0.237968
100,9,train,26,0.045300,0.023695
100,9,train,27,0.320000,0.277803
100,9,train,28,0.290000,0.168543
100,9,train,29,0.035100,0.040479
100,9,train,30,0.310000,0.285681
100,9,train,31,0.185100,0.177991
100,9,train,32,0.380000,0.273182
100,9,train,33,0.130000,0.147075
100,9,train,34,0.011000,0.159782
100,9,train,35,0.020000,0.078288
100,9,train,36,0.022000,0.077831
100,9,train,37,0.110000,0.151581
100,9,train,38,0.075400,0.032366
100,9,train,39,0.020000,0.123810
100,9,train,40,0.260000,0.263560
100,9,train,41,0.020000,0.081288
100,9,train,42,0.090000,0.021713
100,9,train,43,0.094900,0.110503
100,9,train,44,0.232000,0.202629
100,9,train,45,0.150000,0.200002
100,9,train,46,0.242000,0.206449
100,9,train,47,0.260000,0.261898
100,9,train,48,0.150000,0.222656
100,9,train,49,0.048480,0.090542
100,9,train,50,0.075400,0.032366
100,9,train,51,0.135000,0.212032
100,9,train,52,0.010000,0.068335
100,9,train,53,0.200000,0.214170
100,9,train,54,0.174900,0.123633
100,9,train,55,0.080000,0.117354
100,9,train,56,0.210000,0.197592
100,9,train,57,0.110000,0.151581
100,9,train,58,0.020000,0.026498
100,9,train,59,0.030000,0.073418
100,9,train,60,0.151000,0.098532
100,9,train,61,0.024200,0.088668
100,9,train,62,0.790000,0.408002
100,9,train,63,0.050000,0.166864
100,9,train,64,0.023500,0.055921
100,9,train,65,0.273300,0.258922
100,9,train,66,0.018000,0.077831
100,9,train,67,0.270000,0.258922
100,9,train,68,0.130000,0.147075
100,9,train,69,0.160000,0.142535
100,9,train,70,0.224400,0.199493
100,9,train,71,-0.110000,-0.028935
100,9,train,72,0.230000,0.249632
100,9,train,73,0.094700,0.091317
100,9,train,74,0.090000,0.144072
100,9,train,75,0.260000,0.263137
100,9,train,76,0.144700,0.129418
100,9,train,77,0.040000,0.077929
100,9,train,78,0.360000,0.308314
100,9,train,79,0.030000,0.084396
100,9,train,80,0.284200,0.233436
100,9,train,81,0.240000,0.208994
100,9,train,82,0.170000,0.244596
100,9,train,83,0.370000,0.263137
100,9,train,84,0.439000,0.368440
100,9,train,85,0.030000,0.054372
100,9,train,86,0.114400,0.127377
100,9,train,87,0.133000,0.154663
100,9,train,88,0.073410,0.138251
100,9,train,89,0.280000,0.261898
100,9,train,90,0.200000,0.103271
100,9,train,91,0.030000,0.090275
100,9,train,92,0.820000,0.441274
100,9,train,93,0.190000,0.134235
100,9,train,94,0.062000,0.096870
100,9,train,95,0.040000,0.119310
100,9,train,96,0.403000,0.368440
100,9,train,97,0.160000,0.089024
100,9,train,98,0.018000,0.115538
100,9,train,99,0.220000,0.110631
100,9,train,100,0.180000,0.224480
100,9,train,101,0.090000,0.105157
100,9,train,102,0.060000,0.044707
100,9,train,103,0.330000,0.202587
100,9,train,104,0.220000,0.222800
100,9,train,105,0.210000,0.177892
100,9,train,106,0.160000,0.085018
100,9,train,107,0.020000,0.042131
100,9,train,108,-0.350000,-0.070030
100,9,train,109,0.144500,0.198339
100,9,train,110,0.240000,0.200653
100,9,train,111,0.240000,0.131583
100,9,train,112,0.000000,0.076554
100,9,train,113,0.090000,0.145468
100,9,train,114,0.200000,0.265865
100,9,train,115,0.250000,0.249339
100,9,train,116,0.160000,0.092831
100,9,train,117,0.160000,0.139081
100,9,train,118,0.035100,0.040479
100,9,train,119,-0.390000,-0.096854
100,9,train,120,0.063300,0.044707
100,9,train,121,0.020000,0.055921
100,9,train,122,0.137000,0.129868
100,9,train,123,-0.080000,0.065416
100,9,train,124,0.270000,0.239131
100,9,train,125,0.150000,0.247918
100,9,train,126,0.010000,0.169240
100,9,train,127,0.020000,0.017761
100,9,train,128,0.185100,0.177991
100,9,train,129,0.260000,0.215039
100,10,test,0,0.111520,0.142592
100,10,test,1,0.020000,0.042797
100,10,test,2,0.044200,0.072559
100,10,test,3,0.073410,0.097873
100,10,test,4,0.035100,0.058481
100,10,test,5,0.110000,0.120602
100,10,test,6,0.790000,0.273592
100,10,test,7,0.020000,0.087224
100,10,test,8,0.330000,0.151112
100,10,test,9,0.090000,0.082469
100,10,test,10,0.070000,0.116940
100,10,test,11,0.060000,0.078482
100,10,test,12,0.163300,0.150950
100,10,test,13,0.065340,0.154832
100,10,test,14,0.045300,0.128104
100,10,test,15,0.032000,0.131732
100,10,test,16,0.200000,0.165611
100,10,test,17,0.240000,0.166758
100,10,test,18,0.030000,0.102163
100,10,test,19,0.130000,0.128691
100,10,test,20,0.144500,0.160397
100,10,test,21,0.018000,0.172649
100,10,test,22,0.160000,0.145545
100,10,test,23,0.220000,0.129793
100,10,test,24,0.094600,0.098952
100,10,test,25,0.193500,0.178989
100,10,test,26,0.035400,0.069200
100,10,test,27,0.010000,0.082933
100,10,test,28,0.020000,0.026084
100,10,test,29,-0.390000,0.139368
100,10,test,30,0.820000,0.286959
100,10,test,31,-0.030000,0.106743
100,10,test,32,0.210000,0.098216
100,10,train,0,0.210000,0.205038
100,10,train,1,0.540000,0.302282
100,10,train,2,0.280000,0.267121
100,10,train,3,0.020000,0.042712
100,10,train,4,0.230000,0.213558
100,10,train,5,0.020000,0.061237
100,10,train,6,0.150000,0.164176
100,10,train,7,0.370000,0.282790
100,10,train,8,0.790000,0.395706
100,10,train,9,0.260000,0.252673
100,10,train,10,0.190000,0.179180
100,10,train,11,0.050000,0.066260
100,10,train,12,0.160000,0.159211
100,10,train,13,0.030000,0.040117
100,10,train,14,0.075400,0.077182
100,10,train,15,0.054300,0.078655
100,10,train,16,0.151000,0.145750
100,10,train,17,-0.110000,-0.006119
100,10,train,18,0.273300,0.239581
100,10,train,19,0.010000,0.035167
100,10,train,20,0.135000,0.146362
100,10,train,21,0.270000,0.239581
100,10,train,22,0.115100,0.120638
100,10,train,23,0.024200,0.051304
100,10,train,24,0.011000,0.058401
100,10,train,25,0.052410,0.067776
100,10,train,26,0.190000,0.184232
100,10,train,27,0.094900,0.101263
100,10,train,28,0.040000,0.058035
100,10,train,29,0.160000,0.126862
100,10,train,30,0.174900,0.165924
100,10,train,31,0.190000,0.175399
100,10,train,32,0.080000,0.097454
100,10,train,33,0.380000,0.311887
100,10,train,34,0.224400,0.193895
100,10,train,35,0.180000,0.164990
100,10,train,36,0.062000,0.079850
100,10,train,37,0.090000,0.095533
100,10,train,38,0.190000,0.178666
100,10,train,39,0.095300,0.095661
100,10,train,40,0.180000,0.168304
100,10,train,41,0.360000,0.296721
100,10,train,42,0.084600,0.093716
100,10,train,43,0.050000,0.062436
100,10,train,44,0.050000,0.064211
100,10,train,45,0.023500,0.042712
100,10,train,46,0.035100,0.058481
100,10,train,47,0.240000,0.213709
100,10,train,48,0.133000,0.185288
100,10,train,49,0.090000,0.099357
100,10,train,50,0.030000,0.064260
100,10,train,51,0.439000,0.336604
100,10,train,52,0.110000,0.120602
100,10,train,53,0.310000,0.294737
100,10,train,54,0.115100,0.120798
100,10,train,55,0.290000,0.250954
100,10,train,56,0.250000,0.241618
100,10,train,57,0.260000,0.237075
100,10,train,58,0.284200,0.240183
100,10,train,59,0.018000,0.032284
100,10,train,60,0.160000,0.161860
100,10,train,61,0.035400,0.069200
100,10,train,62,0.020000,0.066665
100,10,train,63,0.030000,0.043237
100,10,train,64,0.220000,0.201057
100,10,train,65,0.200000,0.184001
100,10,train,66,0.043800,0.060072
100,10,train,67,0.010000,0.041367
100,10,train,68,0.100000,0.106465
100,10,train,69,0.100000,0.106122
100,10,train,70,0.072000,0.086453
100,10,train,71,0.290000,0.262539
100,10,train,72,0.174900,0.166010
100,10,train,73,0.380000,0.305942
100,10,train,74,0.094700,0.106514
100,10,train,75,0.100000,0.106843
100,10,train,76,-0.350000,-0.037116
100,10,train,77,0.280000,0.255603
100,10,train,78,0.260000,0.261682
100,10,train,79,0.185100,0.178766
100,10,train,80,0.010000,0.028543
100,10,train,81,0.020000,0.048193
100,10,train,82,0.020000,0.043123
100,10,train,83,0.022000,0.038652
100,10,train,84,0.040000,0.068820
100,10,train,85,0.244400,0.223140
100,10,train,86,0.090000,0.087874
100,10,train,87,0.200000,0.190460
100,10,train,88,0.075400,0.077182
100,10,train,89,0.093900,0.099357
100,10,train,90,0.137000,0.137875
100,10,train,91,0.010000,0.024668
100,10,train,92,0.151000,0.145815
100,10,train,93,0.000000,0.052105
100,10,train,94,0.264400,0.258214
100,10,train,95,0.048480,0.067778
100,10,train,96,0.232000,0.210613
100,10,train,97,0.058480,0.071441
100,10,train,98,-0.080000,0.006305
100,10,train,99,0.144700,0.141885
100,10,train,100,0.114400,0.122526
100,10,train,101,0.130000,0.128691
100,10,train,102,0.185100,0.178766
100,10,train,103,0.260000,0.242667
100,10,train,104,0.080000,0.087378
100,10,train,105,0.144700,0.141885
100,10,train,106,0.025000,0.041849
100,10,train,107,0.150000,0.169394
100,10,train,108,0.242000,0.223815
100,10,train,109,0.160000,0.150950
100,10,train,110,0.120000,0.141041
100,10,train,111,0.080000,0.078405
100,10,train,112,0.094900,0.101855
100,10,train,113,0.190000,0.178594
100,10,train,114,0.240000,0.212396
100,10,train,115,0.320000,0.286673
100,10,train,116,0.190000,0.175348
100,10,train,117,0.150000,0.162732
100,10,train,118,0.063300,0.078482
100,10,train,119,0.020000,0.049901
100,10,train,120,0.020000,0.085503
100,10,train,121,0.350000,0.300654
100,10,train,122,0.403000,0.336604
100,10,train,123,0.040000,0.071534
100,10,train,124,0.240000,0.231238
100,10,train,125,0.030000,0.043583
100,10,train,126,0.170000,0.180595
100,10,train,127,0.090000,0.096174
100,10,train,128,0.270000,0.252817
100,10,train,129,0.280000,0.208512
226,1,test,0,0.043800,0.086427
226,1,test,1,0.044200,0.091919
226,1,test,2,0.075400,0.075277
226,1,test,3,0.115100,0.142386
226,1,test,4,0.020000,0.075651
226,1,test,5,0.090000,0.036064
226,1,test,6,-0.390000,0.084836
226,1,test,7,0.111520,0.126429
226,1,test,8,0.110000,0.124709
226,1,test,9,0.080000,0.152036
226,1,test,10,0.439000,0.200685
226,1,test,11,0.320000,0.241217
226,1,test,12,0.185100,0.102386
226,1,test,13,0.144500,0.199445
226,1,test,14,0.150000,0.220776
226,1,test,15,0.174900,0.128571
226,1,test,16,0.040000,0.127229
226,1,test,17,0.030000,0.083959
226,1,test,18,0.062000,0.070707
226,1,test,19,0.010000,0.101828
226,1,test,20,0.200000,0.127764
226,1,test,21,0.224400,0.182803
226,1,test,22,0.163300,0.058379
226,1,test,23,0.250000,0.229145
226,1,test,24,0.040000,0.131981
226,1,test,25,0.190000,0.080352
226,1,test,26,0.200000,0.114950
226,1,test,27,0.050000,0.072194
226,1,test,28,0.151000,0.058809
226,1,test,29,0.190000,0.138320
226,1,test,30,0.058480,0.143698
226,1,test,31,0.190000,0.166424
226,1,test,32,0.063300,0.119544
226,1,train,0,0.100000,0.128026
226,1,train,1,0.150000,0.210334
226,1,train,2,0.023500,0.052050
226,1,train,3,0.403000,0.200685
226,1,train,4,0.190000,0.103829
226,1,train,5,0.115100,0.142386
226,1,train,6,0.380000,0.278821
226,1,train,7,0.110000,0.124709
226,1,train,8,0.242000,0.215776
226,1,train,9,0.020000,0.052050
226,1,train,10,0.020000,0.184671
226,1,train,11,0.050000,0.105438
226,1,train,12,-0.110000,0.051657
226,1,train,13,0.010000,0.091345
226,1,train,14,0.090000,0.204784
226,1,train,15,0.330000,0.232448
226,1,train,16,0.018000,0.142128
226,1,train,17,0.244400,0.250260
226,1,train,18,0.010000,0.134224
226,1,train,19,0.200000,0.228490
226,1,train,20,-0.350000,0.055004
226,1,train,21,0.100000,0.120445
226,1,train,22,0.260000,0.225834
226,1,train,23,0.144700,0.091966
226,1,train,24,0.080000,0.116870
226,1,train,25,0.151000,0.058809
226,1,train,26,0.000000,0.087138
226,1,train,27,0.024200,0.068692
226,1,train,28,0.035400,0.085334
226,1,train,29,0.220000,0.099232
226,1,train,30,0.084600,0.109666
226,1,train,31,0.070000,0.007550
226,1,train,32,0.048480,0.087520
226,1,train,33,0.090000,0.136023
226,1,train,34,0.360000,0.261512
226,1,train,35,0.290000,0.199211
226,1,train,36,0.220000,0.149255
226,1,train,37,0.270000,0.202861
226,1,train,38,0.280000,0.234605
226,1,train,39,0.260000,0.180101
226,1,train,40,0.790000,0.481448
226,1,train,41,0.310000,0.242565
226,1,train,42,0.020000,0.128816
226,1,train,43,0.120000,0.194329
226,1,train,44,0.144700,0.091966
226,1,train,45,-0.080000,0.110247
226,1,train,46,0.020000,0.164091
226,1,train,47,0.094900,0.095796
226,1,train,48,0.035100,0.047268
226,1,train,49,0.094700,0.123924
226,1,train,50,0.160000,0.058379
226,1,train,51,0.040000,0.169326
226,1,train,52,0.180000,0.187602
226,1,train,53,0.230000,0.263894
226,1,train,54,0.010000,0.121783
226,1,train,55,0.090000,0.073452
226,1,train,56,0.020000,0.105561
226,1,train,57,0.284200,0.192318
226,1,train,58,0.135000,0.197814
226,1,train,59,0.820000,0.523785
226,1,train,60,0.045300,0.020885
226,1,train,61,0.035400,0.085334
226,1,train,62,0.240000,0.232503
226,1,train,63,0.020000,0.078455
226,1,train,64,0.264400,0.274147
226,1,train,65,0.093900,0.204784
226,1,train,66,0.030000,0.109012
226,1,train,67,0.280000,0.186365
226,1,train,68,0.018000,0.060729
226,1,train,69,0.080000,0.082572
226,1,train,70,0.280000,0.233870
226,1,train,71,0.050000,0.078455
226,1,train,72,0.174900,0.128571
226,1,train,73,0.130000,0.127316
226,1,train,74,0.190000,0.209589
226,1,train,75,0.790000,0.526100
226,1,train,76,0.170000,0.157438
226,1,train,77,0.090000,0.196708
226,1,train,78,0.075400,0.075277
226,1,train,79,0.273300,0.183703
226,1,train,80,0.030000,0.174204
226,1,train,81,0.185100,0.102386
226,1,train,82,0.160000,0.149015
226,1,train,83,0.054300,0.128002
226,1,train,84,0.094900,0.095796
226,1,train,85,0.193500,0.201731
226,1,train,86,0.030000,0.065810
226,1,train,87,0.073410,0.118275
226,1,train,88,0.022000,0.088340
226,1,train,89,0.210000,0.150810
226,1,train,90,0.010000,0.104584
226,1,train,91,0.210000,0.237228
226,1,train,92,0.094600,0.108315
226,1,train,93,-0.030000,-0.025161
226,1,train,94,0.180000,0.106091
226,1,train,95,0.032000,0.096154
226,1,train,96,0.114400,0.190433
226,1,train,97,0.290000,0.199698
226,1,train,98,0.150000,0.204079
226,1,train,99,0.350000,0.248544
226,1,train,100,0.190000,0.201731
226,1,train,101,0.160000,0.134899
226,1,train,102,0.240000,0.210502
226,1,train,103,0.232000,0.189260
226,1,train,104,0.137000,0.113373
226,1,train,105,0.270000,0.183703
226,1,train,106,0.060000,0.119544
226,1,train,107,0.380000,0.220400
226,1,train,108,0.160000,0.096800
226,1,train,109,0.072000,0.118432
226,1,train,110,0.130000,0.127316
226,1,train,111,0.100000,0.128026
226,1,train,112,0.540000,0.162894
226,1,train,113,0.160000,0.154113
226,1,train,114,0.133000,0.186365
226,1,train,115,0.240000,0.162023
226,1,train,116,0.025000,0.050703
226,1,train,117,0.260000,0.255292
226,1,train,118,0.065340,0.102346
226,1,train,119,0.052410,0.101116
226,1,train,120,0.020000,0.091345
226,1,train,121,0.260000,0.224595
226,1,train,122,0.240000,0.159851
226,1,train,123,0.011000,0.140253
226,1,train,124,0.035100,0.047268
226,1,train,125,0.030000,0.129834
226,1,train,126,0.020000,0.101828
226,1,train,127,0.370000,0.215565
226,1,train,128,0.020000,0.140963
226,1,train,129,0.095300,0.068914
226,2,test,0,0.310000,0.307058
226,2,test,1,0.260000,0.299922
226,2,test,2,0.072000,0.118041
226,2,test,3,0.270000,0.286846
226,2,test,4,0.180000,0.099568
226,2,test,5,0.210000,0.134337
226,2,test,6,0.052410,0.047043
226,2,test,7,0.080000,0.057519
226,2,test,8,0.032000,0.165192
226,2,test,9,0.280000,0.308244
226,2,test,10,0.093900,0.082218
226,2,test,11,0.240000,0.225029
226,2,test,12,0.100000,0.099931
226,2,test,13,0.150000,0.243636
226,2,test,14,0.090000,0.082218
226,2,test,15,0.273300,0.269856
226,2,test,16,0.110000,0.110512
226,2,test,17,0.011000,0.242828
226,2,test,18,0.200000,0.104336
226,2,test,19,0.111520,0.170603
226,2,test,20,-0.080000,0.211916
226,2,test,21,0.073410,0.073705
226,2,test,22,0.043800,0.147605
226,2,test,23,0.010000,0.033654
226,2,test,24,-0.350000,0.221998
226,2,test,25,0.260000,0.249951
226,2,test,26,0.084600,0.094757
226,2,test,27,0.224400,0.179033
226,2,test,28,0.010000,0.036881
226,2,test,29,0.035100,0.035874
226,2,test,30,0.174900,0.174933
226,2,test,31,0.018000,0.215901
226,2,test,32,0.020000,0.202948
226,2,train,0,0.115100,0.115031
226,2,train,1,0.320000,0.320207
226,2,train,2,0.023500,0.022014
226,2,train,3,0.790000,0.790507
226,2,train,4,-0.110000,-0.109916
226,2,train,5,0.080000,0.080436
226,2,train,6,0.024200,0.024579
226,2,train,7,0.190000,0.189863
226,2,train,8,0.170000,0.173330
226,2,train,9,0.133000,0.157805
226,2,train,10,0.040000,0.040003
226,2,train,11,0.020000,0.020074
226,2,train,12,0.010000,0.009805
226,2,train,13,0.144700,0.144895
226,2,train,14,0.040000,0.040661
226,2,train,15,0.030000,0.029867
226,2,train,16,0.820000,0.819418
226,2,train,17,0.090000,0.088968
226,2,train,18,0.010000,0.010069
226,2,train,19,0.244400,0.244511
226,2,train,20,0.190000,0.184637
226,2,train,21,0.144700,0.143636
226,2,train,22,0.020000,0.019779
226,2,train,23,0.264400,0.264390
226,2,train,24,0.048480,0.047582
226,2,train,25,0.240000,0.241111
226,2,train,26,0.110000,0.110512
226,2,train,27,0.062000,0.062558
226,2,train,28,0.065340,0.065671
226,2,train,29,0.180000,0.179617
226,2,train,30,0.030000,0.029769
226,2,train,31,0.120000,0.119674
226,2,train,32,0.025000,0.024952
226,2,train,33,0.114400,0.114310
226,2,train,34,-0.390000,-0.368981
226,2,train,35,0.030000,0.029939
226,2,train,36,0.020000,0.021673
226,2,train,37,0.018000,0.018104
226,2,train,38,0.090000,0.089788
226,2,train,39,0.151000,0.150859
226,2,train,40,0.790000,0.789888
226,2,train,41,0.094600,0.094759
226,2,train,42,0.020000,0.019810
226,2,train,43,0.190000,0.189949
226,2,train,44,0.050000,0.050216
226,2,train,45,0.040000,0.039967
226,2,train,46,0.240000,0.240161
226,2,train,47,0.439000,0.437653
226,2,train,48,0.050000,0.050075
226,2,train,49,0.000000,0.000467
226,2,train,50,0.185100,0.185000
226,2,train,51,0.270000,0.269856
226,2,train,52,0.151000,0.150859
226,2,train,53,0.130000,0.129899
226,2,train,54,0.540000,0.537856
226,2,train,55,0.240000,0.240050
226,2,train,56,0.075400,0.075268
226,2,train,57,0.010000,0.010408
226,2,train,58,0.144500,0.144936
226,2,train,59,0.075400,0.075268
226,2,train,60,0.130000,0.129899
226,2,train,61,-0.030000,-0.030004
226,2,train,62,0.280000,0.254838
226,2,train,63,0.190000,0.191159
226,2,train,64,0.284200,0.284635
226,2,train,65,0.063300,0.061673
226,2,train,66,0.020000,0.019882
226,2,train,67,0.094900,0.092698
226,2,train,68,0.260000,0.260319
226,2,train,69,0.054300,0.053956
226,2,train,70,0.135000,0.135037
226,2,train,71,0.160000,0.159458
226,2,train,72,0.100000,0.099931
226,2,train,73,0.035400,0.035256
226,2,train,74,0.160000,0.161570
226,2,train,75,0.260000,0.260671
226,2,train,76,0.150000,0.149613
226,2,train,77,0.232000,0.232181
226,2,train,78,0.020000,0.020634
226,2,train,79,0.020000,0.020464
226,2,train,80,0.100000,0.100055
226,2,train,81,0.200000,0.191590
226,2,train,82,0.290000,0.290809
226,2,train,83,0.050000,0.049586
226,2,train,84,0.020000,0.020055
226,2,train,85,0.030000,0.030199
226,2,train,86,0.160000,0.159977
226,2,train,87,0.350000,0.349954
226,2,train,88,0.020000,0.020277
226,2,train,89,0.163300,0.161779
226,2,train,90,0.210000,0.209608
226,2,train,91,0.035100,0.035874
226,2,train,92,0.190000,0.190213
226,2,train,93,0.115100,0.115031
226,2,train,94,0.022000,0.021698
226,2,train,95,0.160000,0.159983
226,2,train,96,0.160000,0.160538
226,2,train,97,0.185100,0.185435
226,2,train,98,0.360000,0.360419
226,2,train,99,0.290000,0.289544
226,2,train,100,0.090000,0.089625
226,2,train,101,0.094700,0.094860
226,2,train,102,0.094900,0.096954
226,2,train,103,0.070000,0.069945
226,2,train,104,0.030000,0.028526
226,2,train,105,0.380000,0.379661
226,2,train,106,0.330000,0.329398
226,2,train,107,0.242000,0.241008
226,2,train,108,0.045300,0.045615
226,2,train,109,0.200000,0.200418
226,2,train,110,0.190000,0.190053
226,2,train,111,0.080000,0.080165
226,2,train,112,0.220000,0.219777
226,2,train,113,0.230000,0.230215
226,2,train,114,0.095300,0.095084
226,2,train,115,0.280000,0.279637
226,2,train,116,0.250000,0.249740
226,2,train,117,0.150000,0.150588
226,2,train,118,0.058480,0.058806
226,2,train,119,0.060000,0.061673
226,2,train,120,0.044200,0.044382
226,2,train,121,0.403000,0.403672
226,2,train,122,0.035400,0.035256
226,2,train,123,0.380000,0.379993
226,2,train,124,0.220000,0.219545
226,2,train,125,0.174900,0.174933
226,2,train,126,0.193500,0.193019
226,2,train,127,0.137000,0.136839
226,2,train,128,0.370000,0.369591
226,2,train,129,0.090000,0.090241
226,3,test,0,-0.030000,0.093604
226,3,test,1,0.150000,0.128187
226,3,test,2,0.310000,0.213150
226,3,test,3,0.180000,0.093604
226,3,test,4,0.044200,0.093604
226,3,test,5,0.062000,0.114953
226,3,test,6,0.094900,0.144399
226,3,test,7,0.030000,0.118006
226,3,test,8,0.230000,0.118006
226,3,test,9,0.063300,0.093604
226,3,test,10,0.090000,0.130815
226,3,test,11,0.020000,0.118006
226,3,test,12,0.273300,0.134968
226,3,test,13,0.040000,0.129892
226,3,test,14,0.052410,0.182854
226,3,test,15,0.023500,0.093604
226,3,test,16,0.058480,0.098963
226,3,test,17,0.439000,0.134968
226,3,test,18,0.232000,0.164430
226,3,test,19,0.790000,0.213150
226,3,test,20,0.120000,0.213150
226,3,test,21,-0.390000,0.182854
226,3,test,22,0.050000,0.114164
226,3,test,23,0.540000,0.130815
226,3,test,24,0.185100,0.142467
226,3,test,25,0.190000,0.182854
226,3,test,26,0.360000,0.128187
226,3,test,27,0.200000,0.129892
226,3,test,28,0.190000,0.121552
226,3,test,29,0.032000,0.114953
226,3,test,30,0.020000,0.158632
226,3,test,31,0.220000,0.102384
226,3,test,32,-0.080000,0.151375
226,3,train,0,0.090000,0.115316
226,3,train,1,0.080000,0.093604
226,3,train,2,0.073410,0.098963
226,3,train,3,0.045300,0.093604
226,3,train,4,0.011000,0.182854
226,3,train,5,0.350000,0.213150
226,3,train,6,0.264400,0.128187
226,3,train,7,0.290000,0.182854
226,3,train,8,0.030000,0.121112
226,3,train,9,0.130000,0.129892
226,3,train,10,0.370000,0.177193
226,3,train,11,0.010000,0.118006
226,3,train,12,0.193500,0.177193
226,3,train,13,0.130000,0.129892
226,3,train,14,0.137000,0.115316
226,3,train,15,0.100000,0.114953
226,3,train,16,0.020000,0.103035
226,3,train,17,0.330000,0.213150
226,3,train,18,0.093900,0.115316
226,3,train,19,0.174900,0.140246
226,3,train,20,0.200000,0.213150
226,3,train,21,0.075400,0.093604
226,3,train,22,0.094900,0.144399
226,3,train,23,0.030000,0.103035
226,3,train,24,0.084600,0.108394
226,3,train,25,0.111520,0.128187
226,3,train,26,0.030000,0.129892
226,3,train,27,0.160000,0.182854
226,3,train,28,0.144700,0.112022
226,3,train,29,0.284200,0.158632
226,3,train,30,0.160000,0.213150
226,3,train,31,0.090000,0.114953
226,3,train,32,0.144500,0.128187
226,3,train,33,0.030000,0.115316
226,3,train,34,0.100000,0.119523
226,3,train,35,0.020000,0.093604
226,3,train,36,0.090000,0.093604
226,3,train,37,0.240000,0.213150
226,3,train,38,0.022000,0.119523
226,3,train,39,0.144700,0.112022
226,3,train,40,0.280000,0.152527
226,3,train,41,0.035400,0.093604
226,3,train,42,0.260000,0.213150
226,3,train,43,0.224400,0.118006
226,3,train,44,0.163300,0.114953
226,3,train,45,0.260000,0.213150
226,3,train,46,0.403000,0.134968
226,3,train,47,0.020000,0.118006
226,3,train,48,0.040000,0.114953
226,3,train,49,0.020000,0.093604
226,3,train,50,0.072000,0.098963
226,3,train,51,0.043800,0.098963
226,3,train,52,0.048480,0.098963
226,3,train,53,0.270000,0.213150
226,3,train,54,0.025000,0.103035
226,3,train,55,0.160000,0.182854
226,3,train,56,0.020000,0.163522
226,3,train,57,0.270000,0.134968
226,3,train,58,0.024200,0.093604
226,3,train,59,0.114400,0.134968
226,3,train,60,0.050000,0.182854
226,3,train,61,0.080000,0.093604
226,3,train,62,0.035400,0.093604
226,3,train,63,0.100000,0.119523
226,3,train,64,0.020000,0.093604
226,3,train,65,0.174900,0.140246
226,3,train,66,0.250000,0.213150
226,3,train,67,0.200000,0.182854
226,3,train,68,0.135000,0.158632
226,3,train,69,0.185100,0.142467
226,3,train,70,0.190000,0.115316
226,3,train,71,0.035100,0.093604
226,3,train,72,0.018000,0.123732
226,3,train,73,0.320000,0.213150
226,3,train,74,0.040000,0.132829
226,3,train,75,0.110000,0.129892
226,3,train,76,0.240000,0.163522
226,3,train,77,0.010000,0.118006
226,3,train,78,0.094700,0.161028
226,3,train,79,0.290000,0.213150
226,3,train,80,0.260000,0.177193
226,3,train,81,0.150000,0.213150
226,3,train,82,0.010000,0.093604
226,3,train,83,0.820000,0.213150
226,3,train,84,0.060000,0.093604
226,3,train,85,0.260000,0.213150
226,3,train,86,0.000000,0.093604
226,3,train,87,0.050000,0.103035
226,3,train,88,0.170000,0.151375
226,3,train,89,0.160000,0.114164
226,3,train,90,0.190000,0.182854
226,3,train,91,0.180000,0.114953
226,3,train,92,0.244400,0.155696
226,3,train,93,0.280000,0.213150
226,3,train,94,0.115100,0.142467
226,3,train,95,0.210000,0.151375
226,3,train,96,0.210000,0.164430
226,3,train,97,0.075400,0.093604
226,3,train,98,0.065340,0.102384
226,3,train,99,0.095300,0.093604
226,3,train,100,0.035100,0.093604
226,3,train,101,0.240000,0.213150
226,3,train,102,0.242000,0.213150
226,3,train,103,0.380000,0.182854
226,3,train,104,0.160000,0.114953
226,3,train,105,0.020000,0.103035
226,3,train,106,0.110000,0.129892
226,3,train,107,0.010000,0.121112
226,3,train,108,0.220000,0.133227
226,3,train,109,0.070000,0.129892
226,3,train,110,0.115100,0.142467
226,3,train,111,0.240000,0.118006
226,3,train,112,0.190000,0.177193
226,3,train,113,0.280000,0.151389
226,3,train,114,-0.110000,0.119523
226,3,train,115,0.151000,0.134968
226,3,train,116,0.054300,0.114953
226,3,train,117,0.133000,0.152527
226,3,train,118,0.151000,0.134968
226,3,train,119,0.150000,0.158632
226,3,train,120,-0.350000,0.213150
226,3,train,121,0.380000,0.177193
226,3,train,122,0.010000,0.118006
226,3,train,123,0.080000,0.119523
226,3,train,124,0.018000,0.098963
226,3,train,125,0.094600,0.108394
226,3,train,126,0.020000,0.118006
226,3,train,127,0.790000,0.118006
226,3,train,128,0.190000,0.134968
226,3,train,129,0.090000,0.103035
226,4,test,0,0.439000,0.500000
226,4,test,1,0.073410,0.500000
226,4,test,2,0.080000,0.500000
226,4,test,3,0.151000,0.500000
226,4,test,4,0.000000,0.500000
226,4,test,5,0.044200,0.500000
226,4,test,6,0.090000,0.500000
226,4,test,7,0.244400,0.500000
226,4,test,8,0.290000,0.500000
226,4,test,9,0.052410,0.500000
226,4,test,10,0.010000,0.500000
226,4,test,11,0.170000,0.500000
226,4,test,12,0.040000,0.500000
226,4,test,13,0.060000,0.500000
226,4,test,14,0.260000,0.500000
226,4,test,15,0.084600,0.500000
226,4,test,16,0.054300,0.500000
226,4,test,17,0.224400,0.500000
226,4,test,18,-0.080000,0.500000
226,4,test,19,0.062000,0.500000
226,4,test,20,0.284200,0.500000
226,4,test,21,0.200000,0.500000
226,4,test,22,0.160000,0.500000
226,4,test,23,0.144500,0.500000
226,4,test,24,0.090000,0.500000
226,4,test,25,0.010000,0.500000
226,4,test,26,0.185100,0.500000
226,4,test,27,0.790000,0.500000
226,4,test,28,0.310000,0.500000
226,4,test,29,0.010000,0.500000
226,4,test,30,0.280000,0.500000
226,4,test,31,0.380000,0.500000
226,4,test,32,0.273300,0.500000
226,4,train,0,0.025000,0.500000
226,4,train,1,0.050000,0.500000
226,4,train,2,0.050000,0.500000
226,4,train,3,0.185100,0.500000
226,4,train,4,0.190000,0.500000
226,4,train,5,0.065340,0.500000
226,4,train,6,0.040000,0.500000
226,4,train,7,0.144700,0.500000
226,4,train,8,0.130000,0.500000
226,4,train,9,0.240000,0.500000
226,4,train,10,0.250000,0.500000
226,4,train,11,0.111520,0.500000
226,4,train,12,0.100000,0.500000
226,4,train,13,0.023500,0.500000
226,4,train,14,0.094700,0.500000
226,4,train,15,0.242000,0.500000
226,4,train,16,0.030000,0.500000
226,4,train,17,0.200000,0.500000
226,4,train,18,0.360000,0.500000
226,4,train,19,0.270000,0.500000
226,4,train,20,0.150000,0.500000
226,4,train,21,0.380000,0.500000
226,4,train,22,0.270000,0.500000
226,4,train,23,0.040000,0.500000
226,4,train,24,0.080000,0.500000
226,4,train,25,0.020000,0.500000
226,4,train,26,0.011000,0.500000
226,4,train,27,0.080000,0.500000
226,4,train,28,0.090000,0.500000
226,4,train,29,0.070000,0.500000
226,4,train,30,0.193500,0.500000
226,4,train,31,0.190000,0.500000
226,4,train,32,0.264400,0.500000
226,4,train,33,0.150000,0.500000
226,4,train,34,0.280000,0.500000
226,4,train,35,0.018000,0.500000
226,4,train,36,0.022000,0.500000
226,4,train,37,0.035400,0.500000
226,4,train,38,0.032000,0.500000
226,4,train,39,0.240000,0.500000
226,4,train,40,0.163300,0.500000
226,4,train,41,0.094900,0.500000
226,4,train,42,0.030000,0.500000
226,4,train,43,0.110000,0.500000
226,4,train,44,0.030000,0.500000
226,4,train,45,0.540000,0.500000
226,4,train,46,0.230000,0.500000
226,4,train,47,0.280000,0.500000
226,4,train,48,0.115100,0.500000
226,4,train,49,0.210000,0.500000
226,4,train,50,0.063300,0.500000
226,4,train,51,0.058480,0.500000
226,4,train,52,0.320000,0.500000
226,4,train,53,0.020000,0.500000
226,4,train,54,0.115100,0.500000
226,4,train,55,0.220000,0.500000
226,4,train,56,0.020000,0.500000
226,4,train,57,0.190000,0.500000
226,4,train,58,0.100000,0.500000
226,4,train,59,0.370000,0.500000
226,4,train,60,0.095300,0.500000
226,4,train,61,0.350000,0.500000
226,4,train,62,0.190000,0.500000
226,4,train,63,0.020000,0.500000
226,4,train,64,0.035100,0.500000
226,4,train,65,0.048480,0.500000
226,4,train,66,0.035100,0.500000
226,4,train,67,0.072000,0.500000
226,4,train,68,0.110000,0.500000
226,4,train,69,0.190000,0.500000
226,4,train,70,0.190000,0.500000
226,4,train,71,0.075400,0.500000
226,4,train,72,0.240000,0.500000
226,4,train,73,0.260000,0.500000
226,4,train,74,0.090000,0.500000
226,4,train,75,0.090000,0.500000
226,4,train,76,-0.030000,0.500000
226,4,train,77,0.133000,0.500000
226,4,train,78,-0.350000,0.500000
226,4,train,79,0.174900,0.500000
226,4,train,80,0.290000,0.500000
226,4,train,81,0.160000,0.500000
226,4,train,82,0.030000,0.500000
226,4,train,83,0.137000,0.500000
226,4,train,84,0.180000,0.500000
226,4,train,85,0.820000,0.500000
226,4,train,86,0.093900,0.500000
226,4,train,87,0.094900,0.500000
226,4,train,88,0.024200,0.500000
226,4,train,89,0.020000,0.500000
226,4,train,90,0.020000,0.500000
226,4,train,91,0.144700,0.500000
226,4,train,92,0.151000,0.500000
226,4,train,93,0.050000,0.500000
226,4,train,94,0.100000,0.500000
226,4,train,95,0.403000,0.500000
226,4,train,96,0.035400,0.500000
226,4,train,97,0.130000,0.500000
226,4,train,98,0.150000,0.500000
226,4,train,99,0.260000,0.500000
226,4,train,100,0.180000,0.500000
226,4,train,101,0.018000,0.500000
226,4,train,102,0.135000,0.500000
226,4,train,103,0.160000,0.500000
226,4,train,104,-0.110000,0.500000
226,4,train,105,0.210000,0.500000
226,4,train,106,0.010000,0.500000
226,4,train,107,0.114400,0.500000
226,4,train,108,-0.390000,0.500000
226,4,train,109,0.010000,0.500000
226,4,train,110,0.094600,0.500000
226,4,train,111,0.020000,0.500000
226,4,train,112,0.790000,0.500000
226,4,train,113,0.160000,0.500000
226,4,train,114,0.260000,0.500000
226,4,train,115,0.045300,0.500000
226,4,train,116,0.043800,0.500000
226,4,train,117,0.020000,0.500000
226,4,train,118,0.232000,0.500000
226,4,train,119,0.020000,0.500000
226,4,train,120,0.075400,0.500000
226,4,train,121,0.030000,0.500000
226,4,train,122,0.200000,0.500000
226,4,train,123,0.330000,0.500000
226,4,train,124,0.020000,0.500000
226,4,train,125,0.160000,0.500000
226,4,train,126,0.174900,0.500000
226,4,train,127,0.220000,0.500000
226,4,train,128,0.240000,0.500000
226,4,train,129,0.120000,0.500000
226,5,test,0,0.054300,0.183139
226,5,test,1,0.240000,0.194603
226,5,test,2,0.040000,0.199585
226,5,test,3,0.790000,0.353000
226,5,test,4,0.100000,0.120792
226,5,test,5,0.010000,0.125132
226,5,test,6,0.094600,0.106184
226,5,test,7,-0.350000,0.200024
226,5,test,8,0.240000,0.149867
226,5,test,9,0.093900,0.149670
226,5,test,10,0.185100,0.168458
226,5,test,11,0.190000,0.142249
226,5,test,12,0.024200,0.073194
226,5,test,13,0.032000,0.159239
226,5,test,14,0.280000,0.174719
226,5,test,15,-0.030000,0.096193
226,5,test,16,0.030000,0.092158
226,5,test,17,0.160000,0.075002
226,5,test,18,0.260000,0.187331
226,5,test,19,0.063300,0.143321
226,5,test,20,0.190000,0.147351
226,5,test,21,0.160000,0.088964
226,5,test,22,0.163300,0.142862
226,5,test,23,0.023500,0.062114
226,5,test,24,0.094700,0.164576
226,5,test,25,0.174900,0.117285
226,5,test,26,0.090000,0.149670
226,5,test,27,0.035100,0.091594
226,5,test,28,0.052410,0.143868
226,5,test,29,0.200000,0.185118
226,5,test,30,0.010000,0.098101
226,5,test,31,0.220000,0.174229
226,5,test,32,0.190000,0.196095
226,5,train,0,0.160000,0.167662
226,5,train,1,0.790000,0.384828
226,5,train,2,0.075400,0.071146
226,5,train,3,0.050000,0.082661
226,5,train,4,0.110000,0.111518
226,5,train,5,0.310000,0.257804
226,5,train,6,0.040000,0.155869
226,5,train,7,0.090000,0.099139
226,5,train,8,0.174900,0.117285
226,5,train,9,0.020000,0.087909
226,5,train,10,0.144700,0.109641
226,5,train,11,-0.110000,0.046980
226,5,train,12,0.133000,0.155284
226,5,train,13,0.048480,0.098232
226,5,train,14,0.010000,0.085945
226,5,train,15,0.220000,0.165131
226,5,train,16,0.250000,0.201659
226,5,train,17,0.190000,0.138501
226,5,train,18,0.270000,0.209429
226,5,train,19,0.193500,0.167078
226,5,train,20,0.232000,0.185837
226,5,train,21,0.260000,0.185830
226,5,train,22,0.370000,0.268788
226,5,train,23,0.100000,0.190730
226,5,train,24,0.260000,0.260369
226,5,train,25,0.060000,0.143321
226,5,train,26,0.151000,0.106949
226,5,train,27,0.020000,0.082661
226,5,train,28,0.244400,0.218094
226,5,train,29,0.094900,0.123391
226,5,train,30,0.025000,0.063722
226,5,train,31,0.018000,0.043053
226,5,train,32,0.210000,0.191823
226,5,train,33,0.065340,0.119712
226,5,train,34,0.111520,0.140160
226,5,train,35,0.150000,0.160663
226,5,train,36,0.190000,0.167078
226,5,train,37,0.070000,0.097379
226,5,train,38,0.160000,0.132265
226,5,train,39,0.137000,0.132632
226,5,train,40,0.210000,0.148467
226,5,train,41,0.095300,0.092706
226,5,train,42,0.100000,0.120792
226,5,train,43,0.403000,0.251858
226,5,train,44,0.170000,0.144988
226,5,train,45,0.260000,0.234095
226,5,train,46,0.020000,0.163144
226,5,train,47,0.020000,0.075002
226,5,train,48,0.035400,0.096816
226,5,train,49,0.022000,0.072482
226,5,train,50,0.151000,0.106949
226,5,train,51,0.150000,0.206125
226,5,train,52,0.094900,0.123391
226,5,train,53,0.135000,0.202377
226,5,train,54,0.130000,0.122351
226,5,train,55,0.080000,0.097073
226,5,train,56,0.073410,0.130884
226,5,train,57,0.020000,0.062114
226,5,train,58,0.084600,0.098291
226,5,train,59,0.284200,0.221852
226,5,train,60,0.240000,0.188417
226,5,train,61,0.230000,0.202434
226,5,train,62,0.044200,0.086181
226,5,train,63,0.072000,0.089507
226,5,train,64,0.280000,0.155284
226,5,train,65,0.010000,0.063343
226,5,train,66,0.115100,0.145012
226,5,train,67,0.080000,0.088028
226,5,train,68,0.075400,0.071146
226,5,train,69,0.190000,0.118159
226,5,train,70,0.120000,0.150959
226,5,train,71,0.110000,0.111518
226,5,train,72,0.144700,0.109641
226,5,train,73,0.242000,0.226041
226,5,train,74,0.224400,0.201375
226,5,train,75,0.030000,0.109959
226,5,train,76,0.115100,0.145012
226,5,train,77,0.035100,0.091594
226,5,train,78,0.180000,0.109831
226,5,train,79,0.020000,0.134335
226,5,train,80,0.380000,0.261804
226,5,train,81,0.030000,0.085957
226,5,train,82,0.080000,0.091503
226,5,train,83,0.090000,0.053289
226,5,train,84,0.160000,0.142862
226,5,train,85,0.150000,0.208960
226,5,train,86,0.030000,0.124897
226,5,train,87,0.040000,0.089334
226,5,train,88,0.320000,0.232576
226,5,train,89,0.439000,0.246424
226,5,train,90,-0.390000,0.096010
226,5,train,91,0.180000,0.193508
226,5,train,92,0.000000,0.067425
226,5,train,93,0.144500,0.186470
226,5,train,94,0.035400,0.096816
226,5,train,95,0.020000,0.089005
226,5,train,96,0.045300,0.064150
226,5,train,97,0.540000,0.163464
226,5,train,98,0.280000,0.193772
226,5,train,99,0.058480,0.110857
226,5,train,100,0.360000,0.236521
226,5,train,101,0.050000,0.097121
226,5,train,102,0.010000,0.098784
226,5,train,103,0.820000,0.317739
226,5,train,104,0.020000,0.099715
226,5,train,105,0.330000,0.185694
226,5,train,106,0.200000,0.155858
226,5,train,107,0.200000,0.166496
226,5,train,108,0.240000,0.128443
226,5,train,109,0.273300,0.209429
226,5,train,110,0.090000,0.113197
226,5,train,111,0.020000,0.079824
226,5,train,112,0.290000,0.166443
226,5,train,113,0.270000,0.164553
226,5,train,114,0.130000,0.122351
226,5,train,115,0.114400,0.156361
226,5,train,116,-0.080000,0.102990
226,5,train,117,0.043800,0.077805
226,5,train,118,0.264400,0.248296
226,5,train,119,0.185100,0.168458
226,5,train,120,0.030000,0.083569
226,5,train,121,0.062000,0.094324
226,5,train,122,0.380000,0.201039
226,5,train,123,0.050000,0.109533
226,5,train,124,0.090000,0.131278
226,5,train,125,0.350000,0.229594
226,5,train,126,0.020000,0.193907
226,5,train,127,0.011000,0.148487
226,5,train,128,0.290000,0.201261
226,5,train,129,0.018000,0.119541
226,6,test,0,0.190000,0.146880
226,6,test,1,0.310000,0.328892
226,6,test,2,0.220000,0.037002
226,6,test,3,0.095300,0.091781
226,6,test,4,0.280000,0.239729
226,6,test,5,0.100000,0.097815
226,6,test,6,0.020000,0.065056
226,6,test,7,0.190000,0.139421
226,6,test,8,0.290000,0.252006
226,6,test,9,0.144700,0.148068
226,6,test,10,0.790000,0.333675
226,6,test,11,0.020000,0.186975
226,6,test,12,0.020000,0.001703
226,6,test,13,0.160000,0.153057
226,6,test,14,0.114400,0.231982
226,6,test,15,0.174900,0.137572
226,6,test,16,0.260000,0.238857
226,6,test,17,0.210000,0.246899
226,6,test,18,0.045300,0.038471
226,6,test,19,0.084600,0.116331
226,6,test,20,0.150000,0.304583
226,6,test,21,0.040000,0.240267
226,6,test,22,0.151000,0.054905
226,6,test,23,0.280000,0.227918
226,6,test,24,0.151000,0.054905
226,6,test,25,0.035400,0.053107
226,6,test,26,0.144500,0.112364
226,6,test,27,0.030000,0.073525
226,6,test,28,0.160000,0.081271
226,6,test,29,-0.390000,0.141281
226,6,test,30,0.035100,0.056582
226,6,test,31,0.200000,0.104281
226,6,test,32,0.035400,0.053107
226,6,train,0,0.133000,0.192762
226,6,train,1,0.190000,0.198841
226,6,train,2,0.200000,0.207447
226,6,train,3,0.093900,0.095678
226,6,train,4,0.030000,0.046752
226,6,train,5,0.135000,0.185327
226,6,train,6,0.000000,0.066038
226,6,train,7,0.110000,0.120812
226,6,train,8,0.100000,0.097815
226,6,train,9,0.190000,0.166031
226,6,train,10,0.163300,0.141598
226,6,train,11,0.080000,0.060965
226,6,train,12,0.094900,0.105931
226,6,train,13,0.025000,0.017030
226,6,train,14,0.260000,0.271760
226,6,train,15,0.370000,0.292859
226,6,train,16,0.018000,0.020574
226,6,train,17,0.150000,0.212825
226,6,train,18,0.264400,0.298903
226,6,train,19,0.100000,0.151889
226,6,train,20,0.240000,0.205813
226,6,train,21,0.185100,0.173625
226,6,train,22,0.230000,0.234288
226,6,train,23,0.043800,0.082668
226,6,train,24,0.020000,0.037188
226,6,train,25,0.160000,0.068858
226,6,train,26,0.170000,0.195119
226,6,train,27,0.270000,0.240907
226,6,train,28,0.094700,0.096729
226,6,train,29,0.020000,0.037241
226,6,train,30,0.090000,0.095678
226,6,train,31,0.120000,0.151635
226,6,train,32,0.284200,0.207808
226,6,train,33,0.240000,0.239266
226,6,train,34,0.020000,0.054009
226,6,train,35,0.065340,0.090405
226,6,train,36,0.330000,0.307275
226,6,train,37,0.190000,0.180815
226,6,train,38,0.020000,0.052190
226,6,train,39,0.220000,0.227909
226,6,train,40,0.130000,0.113505
226,6,train,41,0.180000,0.173921
226,6,train,42,0.050000,0.067272
226,6,train,43,0.080000,0.113840
226,6,train,44,0.224400,0.173761
226,6,train,45,0.018000,0.033289
226,6,train,46,0.320000,0.309494
226,6,train,47,0.075400,0.047812
226,6,train,48,0.090000,0.101024
226,6,train,49,0.010000,0.026724
226,6,train,50,0.072000,0.078876
226,6,train,51,0.200000,0.179194
226,6,train,52,-0.080000,0.027222
226,6,train,53,0.020000,0.126874
226,6,train,54,0.190000,0.182744
226,6,train,55,0.011000,0.045134
226,6,train,56,0.080000,0.085696
226,6,train,57,0.040000,0.051737
226,6,train,58,0.280000,0.197329
226,6,train,59,0.150000,0.190739
226,6,train,60,0.240000,0.224747
226,6,train,61,0.094600,0.116331
226,6,train,62,0.044200,0.048032
226,6,train,63,0.022000,0.035242
226,6,train,64,0.062000,0.068006
226,6,train,65,0.260000,0.298194
226,6,train,66,0.380000,0.377893
226,6,train,67,0.094900,0.105931
226,6,train,68,0.242000,0.246556
226,6,train,69,0.010000,0.039259
226,6,train,70,0.180000,0.173024
226,6,train,71,0.048480,0.075094
226,6,train,72,0.380000,0.345551
226,6,train,73,0.290000,0.280016
226,6,train,74,0.023500,0.065056
226,6,train,75,0.024200,0.020183
226,6,train,76,0.073410,0.095336
226,6,train,77,0.050000,0.052276
226,6,train,78,0.273300,0.248213
226,6,train,79,0.137000,0.137607
226,6,train,80,0.111520,0.126161
226,6,train,81,0.075400,0.047812
226,6,train,82,0.032000,0.025210
226,6,train,83,0.090000,0.037684
226,6,train,84,0.020000,0.020486
226,6,train,85,0.030000,0.041377
226,6,train,86,0.020000,0.076989
226,6,train,87,0.010000,0.020486
226,6,train,88,0.115100,0.120543
226,6,train,89,0.403000,0.382637
226,6,train,90,-0.030000,-0.021124
226,6,train,91,0.070000,0.040700
226,6,train,92,0.063300,0.069225
226,6,train,93,-0.350000,-0.099622
226,6,train,94,0.115100,0.120543
226,6,train,95,0.360000,0.311572
226,6,train,96,0.160000,0.153139
226,6,train,97,0.232000,0.220035
226,6,train,98,0.193500,0.180815
226,6,train,99,0.244400,0.263968
226,6,train,100,0.250000,0.240785
226,6,train,101,0.110000,0.120812
226,6,train,102,0.060000,0.069225
226,6,train,103,-0.110000,-0.077824
226,6,train,104,0.210000,0.181826
226,6,train,105,0.439000,0.373218
226,6,train,106,0.040000,0.056072
226,6,train,107,0.820000,0.606422
226,6,train,108,0.260000,0.225958
226,6,train,109,0.130000,0.113505
226,6,train,110,0.090000,0.096751
226,6,train,111,0.270000,0.246258
226,6,train,112,0.030000,0.041138
226,6,train,113,0.058480,0.062170
226,6,train,114,0.790000,0.631726
226,6,train,115,0.350000,0.354792
226,6,train,116,0.540000,0.329001
226,6,train,117,0.010000,0.046208
226,6,train,118,0.054300,0.074544
226,6,train,119,0.144700,0.148068
226,6,train,120,0.174900,0.137572
226,6,train,121,0.240000,0.232053
226,6,train,122,0.052410,0.058190
226,6,train,123,0.160000,0.141598
226,6,train,124,0.185100,0.173625
226,6,train,125,0.050000,0.041429
226,6,train,126,0.035100,0.056582
226,6,train,127,0.030000,0.065555
226,6,train,128,0.090000,0.116505
226,6,train,129,0.010000,0.001703
226,7,test,0,0.144700,0.122577
226,7,test,1,0.130000,0.123152
226,7,test,2,0.095300,0.116439
226,7,test,3,0.030000,0.175328
226,7,test,4,0.290000,0.074659
226,7,test,5,0.075400,0.049068
226,7,test,6,0.150000,0.268686
226,7,test,7,0.020000,0.030084
226,7,test,8,0.094700,0.192321
226,7,test,9,0.280000,0.258468
226,7,test,10,0.073410,0.073470
226,7,test,11,0.200000,0.200184
226,7,test,12,0.380000,0.194014
226,7,test,13,0.190000,0.084969
226,7,test,14,0.020000,0.016432
226,7,test,15,0.072000,0.106514
226,7,test,16,0.080000,0.050448
226,7,test,17,0.018000,0.191019
226,7,test,18,0.220000,0.142053
226,7,test,19,0.240000,0.150710
226,7,test,20,0.020000,0.038099
226,7,test,21,0.084600,0.086480
226,7,test,22,0.160000,0.039359
226,7,test,23,0.790000,0.246722
226,7,test,24,0.060000,0.072542
226,7,test,25,0.090000,0.032139
226,7,test,26,0.135000,0.203767
226,7,test,27,0.210000,0.231681
226,7,test,28,0.230000,0.260503
226,7,test,29,0.115100,0.159506
226,7,test,30,0.115100,0.159506
226,7,test,31,0.790000,0.291207
226,7,test,32,0.110000,0.116582
226,7,train,0,0.244400,0.242607
226,7,train,1,0.260000,0.234691
226,7,train,2,0.035100,0.039999
226,7,train,3,0.160000,0.148199
226,7,train,4,0.022000,0.022597
226,7,train,5,0.160000,0.134555
226,7,train,6,0.100000,0.112333
226,7,train,7,0.032000,0.044213
226,7,train,8,0.063300,0.072542
226,7,train,9,0.190000,0.193766
226,7,train,10,-0.110000,-0.055556
226,7,train,11,0.010000,0.009102
226,7,train,12,0.137000,0.139161
226,7,train,13,0.018000,0.029384
226,7,train,14,0.054300,0.064954
226,7,train,15,-0.080000,-0.000626
226,7,train,16,-0.030000,0.007945
226,7,train,17,0.273300,0.249578
226,7,train,18,0.048480,0.086043
226,7,train,19,0.200000,0.182279
226,7,train,20,0.094900,0.103800
226,7,train,21,0.190000,0.200446
226,7,train,22,0.100000,0.101388
226,7,train,23,-0.350000,-0.106185
226,7,train,24,0.080000,0.073781
226,7,train,25,0.439000,0.377661
226,7,train,26,-0.390000,-0.176075
226,7,train,27,0.011000,0.079886
226,7,train,28,0.185100,0.187273
226,7,train,29,0.020000,0.031828
226,7,train,30,0.260000,0.245508
226,7,train,31,0.350000,0.327748
226,7,train,32,0.035400,0.046125
226,7,train,33,0.130000,0.123152
226,7,train,34,0.224400,0.201414
226,7,train,35,0.180000,0.161787
226,7,train,36,0.163300,0.134555
226,7,train,37,0.075400,0.049068
226,7,train,38,0.040000,0.063562
226,7,train,39,0.190000,0.149868
226,7,train,40,0.030000,0.033805
226,7,train,41,0.193500,0.193766
226,7,train,42,0.090000,0.091415
226,7,train,43,0.024200,0.039751
226,7,train,44,0.030000,0.036476
226,7,train,45,0.020000,0.037415
226,7,train,46,0.090000,0.103427
226,7,train,47,0.190000,0.189219
226,7,train,48,0.065340,0.087488
226,7,train,49,0.080000,0.084344
226,7,train,50,0.180000,0.184272
226,7,train,51,0.094900,0.103800
226,7,train,52,0.280000,0.212265
226,7,train,53,0.090000,0.102218
226,7,train,54,0.190000,0.148717
226,7,train,55,0.044200,0.047038
226,7,train,56,0.330000,0.275886
226,7,train,57,0.025000,0.036443
226,7,train,58,0.030000,0.052066
226,7,train,59,0.150000,0.168721
226,7,train,60,0.000000,0.047069
226,7,train,61,0.160000,0.135046
226,7,train,62,0.820000,0.451486
226,7,train,63,0.280000,0.257681
226,7,train,64,0.058480,0.068556
226,7,train,65,0.151000,0.131439
226,7,train,66,0.240000,0.212479
226,7,train,67,0.020000,0.089031
226,7,train,68,0.260000,0.283088
226,7,train,69,0.232000,0.202401
226,7,train,70,0.114400,0.141215
226,7,train,71,0.242000,0.246981
226,7,train,72,0.040000,0.064195
226,7,train,73,0.150000,0.147594
226,7,train,74,0.264400,0.265029
226,7,train,75,0.062000,0.088734
226,7,train,76,0.240000,0.231291
226,7,train,77,0.035100,0.039999
226,7,train,78,0.050000,0.042767
226,7,train,79,0.110000,0.116582
226,7,train,80,0.120000,0.166251
226,7,train,81,0.320000,0.303733
226,7,train,82,0.094600,0.098975
226,7,train,83,0.100000,0.112333
226,7,train,84,0.160000,0.147639
226,7,train,85,0.270000,0.240546
226,7,train,86,0.380000,0.346750
226,7,train,87,0.270000,0.249578
226,7,train,88,0.170000,0.207095
226,7,train,89,0.111520,0.134215
226,7,train,90,0.050000,0.071701
226,7,train,91,0.020000,0.042572
226,7,train,92,0.040000,0.054928
226,7,train,93,0.260000,0.275096
226,7,train,94,0.250000,0.219754
226,7,train,95,0.403000,0.368132
226,7,train,96,0.151000,0.131439
226,7,train,97,0.290000,0.258306
226,7,train,98,0.240000,0.236763
226,7,train,99,0.035400,0.046125
226,7,train,100,0.090000,0.086416
226,7,train,101,0.174900,0.148984
226,7,train,102,0.220000,0.202024
226,7,train,103,0.045300,0.065952
226,7,train,104,0.020000,0.081429
226,7,train,105,0.284200,0.220633
226,7,train,106,0.050000,0.054843
226,7,train,107,0.010000,0.043357
226,7,train,108,0.070000,0.061126
226,7,train,109,0.043800,0.043999
226,7,train,110,0.144500,0.159616
226,7,train,111,0.310000,0.306258
226,7,train,112,0.020000,0.053937
226,7,train,113,0.174900,0.148984
226,7,train,114,0.020000,0.025963
226,7,train,115,0.010000,0.030528
226,7,train,116,0.210000,0.161129
226,7,train,117,0.540000,0.322345
226,7,train,118,0.010000,0.022235
226,7,train,119,0.023500,0.037415
226,7,train,120,0.010000,0.038226
226,7,train,121,0.144700,0.122577
226,7,train,122,0.370000,0.279703
226,7,train,123,0.093900,0.102218
226,7,train,124,0.133000,0.212265
226,7,train,125,0.185100,0.187273
226,7,train,126,0.200000,0.187532
226,7,train,127,0.360000,0.307431
226,7,train,128,0.030000,0.049400
226,7,train,129,0.052410,0.056383
226,8,test,0,0.018000,0.050832
226,8,test,1,-0.030000,0.110038
226,8,test,2,0.439000,0.238791
226,8,test,3,0.264400,0.192227
226,8,test,4,0.100000,0.120048
226,8,test,5,0.114400,0.131493
226,8,test,6,0.100000,0.149934
226,8,test,7,0.160000,0.162306
226,8,test,8,0.160000,0.142198
226,8,test,9,0.043800,0.042173
226,8,test,10,0.200000,0.151478
226,8,test,11,0.240000,0.138396
226,8,test,12,0.220000,0.127246
226,8,test,13,0.054300,0.133183
226,8,test,14,0.180000,0.094661
226,8,test,15,0.075400,0.064130
226,8,test,16,0.380000,0.143817
226,8,test,17,0.052410,0.118324
226,8,test,18,0.070000,0.100671
226,8,test,19,0.144700,0.122071
226,8,test,20,0.030000,0.084348
226,8,test,21,0.093900,0.111459
226,8,test,22,0.020000,0.075164
226,8,test,23,0.290000,0.074980
226,8,test,24,0.210000,0.299463
226,8,test,25,0.160000,0.104441
226,8,test,26,-0.390000,0.086992
226,8,test,27,0.150000,0.255236
226,8,test,28,0.030000,0.121156
226,8,test,29,0.110000,0.125146
226,8,test,30,0.240000,0.122640
226,8,test,31,0.010000,0.172350
226,8,test,32,0.820000,0.331636
226,8,train,0,0.094900,0.101676
226,8,train,1,0.150000,0.143817
226,8,train,2,0.020000,0.032028
226,8,train,3,0.018000,0.061631
226,8,train,4,0.224400,0.203578
226,8,train,5,0.010000,0.042173
226,8,train,6,0.290000,0.242897
226,8,train,7,0.232000,0.178306
226,8,train,8,0.090000,0.111459
226,8,train,9,0.137000,0.135254
226,8,train,10,0.020000,0.076059
226,8,train,11,0.284200,0.217418
226,8,train,12,0.350000,0.254237
226,8,train,13,0.030000,0.132883
226,8,train,14,0.094900,0.101676
226,8,train,15,0.174900,0.159608
226,8,train,16,0.360000,0.255236
226,8,train,17,0.090000,0.083267
226,8,train,18,0.242000,0.197118
226,8,train,19,0.050000,0.087276
226,8,train,20,0.240000,0.178892
226,8,train,21,0.273300,0.213704
226,8,train,22,0.115100,0.136760
226,8,train,23,0.111520,0.128882
226,8,train,24,0.040000,0.109439
226,8,train,25,-0.080000,0.082531
226,8,train,26,0.193500,0.170580
226,8,train,27,0.320000,0.299892
226,8,train,28,0.403000,0.238791
226,8,train,29,0.063300,0.085894
226,8,train,30,0.330000,0.230883
226,8,train,31,0.090000,0.098347
226,8,train,32,0.210000,0.155138
226,8,train,33,0.020000,0.124671
226,8,train,34,0.133000,0.196967
226,8,train,35,0.185100,0.153958
226,8,train,36,0.280000,0.229566
226,8,train,37,0.090000,0.091091
226,8,train,38,0.032000,0.041348
226,8,train,39,0.022000,0.038536
226,8,train,40,0.200000,0.158958
226,8,train,41,0.190000,0.184387
226,8,train,42,0.260000,0.299892
226,8,train,43,0.073410,0.118324
226,8,train,44,0.200000,0.195649
226,8,train,45,0.035100,0.049258
226,8,train,46,0.020000,0.042173
226,8,train,47,0.115100,0.136760
226,8,train,48,0.190000,0.139612
226,8,train,49,0.174900,0.159608
226,8,train,50,0.040000,0.083267
226,8,train,51,0.010000,0.076059
226,8,train,52,0.144500,0.081853
226,8,train,53,0.023500,0.054012
226,8,train,54,0.790000,0.331636
226,8,train,55,0.010000,0.072190
226,8,train,56,0.020000,0.127444
226,8,train,57,0.135000,0.171232
226,8,train,58,0.310000,0.254237
226,8,train,59,0.094700,0.136760
226,8,train,60,0.163300,0.142198
226,8,train,61,0.120000,0.160626
226,8,train,62,0.190000,0.141302
226,8,train,63,0.250000,0.208979
226,8,train,64,0.075400,0.064130
226,8,train,65,0.020000,0.085681
226,8,train,66,0.095300,0.093777
226,8,train,67,0.540000,0.225782
226,8,train,68,0.790000,0.331636
226,8,train,69,0.180000,0.187313
226,8,train,70,0.144700,0.122071
226,8,train,71,0.048480,0.080799
226,8,train,72,0.260000,0.229566
226,8,train,73,0.160000,0.114372
226,8,train,74,0.045300,0.118270
226,8,train,75,0.280000,0.244928
226,8,train,76,-0.350000,0.019391
226,8,train,77,0.380000,0.316750
226,8,train,78,0.170000,0.175696
226,8,train,79,0.020000,0.074355
226,8,train,80,0.044200,0.043507
226,8,train,81,0.035400,0.054347
226,8,train,82,0.244400,0.227309
226,8,train,83,0.260000,0.208979
226,8,train,84,0.370000,0.220333
226,8,train,85,0.094600,0.101676
226,8,train,86,0.084600,0.095717
226,8,train,87,0.065340,0.092826
226,8,train,88,0.058480,0.080799
226,8,train,89,0.130000,0.125146
226,8,train,90,0.060000,0.085894
226,8,train,91,0.160000,0.150200
226,8,train,92,0.035100,0.049258
226,8,train,93,0.185100,0.153958
226,8,train,94,0.090000,0.074230
226,8,train,95,0.080000,0.087720
226,8,train,96,0.151000,0.138191
226,8,train,97,0.270000,0.229566
226,8,train,98,0.240000,0.206797
226,8,train,99,0.072000,0.080076
226,8,train,100,-0.110000,0.032591
226,8,train,101,0.050000,0.075164
226,8,train,102,0.011000,0.119354
226,8,train,103,0.260000,0.220333
226,8,train,104,0.190000,0.175185
226,8,train,105,0.190000,0.162306
226,8,train,106,0.280000,0.196967
226,8,train,107,0.025000,0.038536
226,8,train,108,0.230000,0.283773
226,8,train,109,0.080000,0.082313
226,8,train,110,0.000000,0.042670
226,8,train,111,0.020000,0.054012
226,8,train,112,0.130000,0.125146
226,8,train,113,0.151000,0.138191
226,8,train,114,0.062000,0.095267
226,8,train,115,0.270000,0.213704
226,8,train,116,0.020000,0.037593
226,8,train,117,0.080000,0.083133
226,8,train,118,0.040000,0.062475
226,8,train,119,0.150000,0.163229
226,8,train,120,0.190000,0.170580
226,8,train,121,0.110000,0.125146
226,8,train,122,0.030000,0.062475
226,8,train,123,0.024200,0.043507
226,8,train,124,0.220000,0.203578
226,8,train,125,0.035400,0.054347
226,8,train,126,0.010000,0.037593
226,8,train,127,0.030000,0.076059
226,8,train,128,0.050000,0.065540
226,8,train,129,0.100000,0.149934
226,9,test,0,0.163300,0.127624
226,9,test,1,0.190000,0.074365
226,9,test,2,0.032000,0.160925
226,9,test,3,0.072000,0.061600
226,9,test,4,0.025000,0.118861
226,9,test,5,0.080000,0.135606
226,9,test,6,0.240000,0.157625
226,9,test,7,0.080000,0.144006
226,9,test,8,0.095300,0.126672
226,9,test,9,0.190000,0.085031
226,9,test,10,0.120000,0.160956
226,9,test,11,0.043800,0.138413
226,9,test,12,0.010000,0.108989
226,9,test,13,0.174900,0.169019
226,9,test,14,0.094900,0.120271
226,9,test,15,0.100000,0.189765
226,9,test,16,0.100000,0.189765
226,9,test,17,0.151000,0.087726
226,9,test,18,0.020000,0.220854
226,9,test,19,0.264400,0.227801
226,9,test,20,0.244400,0.190894
226,9,test,21,0.020000,0.157899
226,9,test,22,0.190000,0.232825
226,9,test,23,0.180000,0.045030
226,9,test,24,0.090000,0.144006
226,9,test,25,0.280000,0.126871
226,9,test,26,0.193500,0.189523
226,9,test,27,0.054300,0.142757
226,9,test,28,0.190000,0.189523
226,9,test,29,0.058480,0.163751
226,9,test,30,0.144700,0.073638
226,9,test,31,0.050000,0.169699
226,9,test,32,0.280000,0.169732
226,9,train,0,0.052410,0.129627
226,9,train,1,0.094600,0.120271
226,9,train,2,0.035400,0.103985
226,9,train,3,0.190000,0.166527
226,9,train,4,0.010000,0.088585
226,9,train,5,0.790000,0.307474
226,9,train,6,0.350000,0.165731
226,9,train,7,0.540000,0.145999
226,9,train,8,0.065340,0.103985
226,9,train,9,0.070000,0.070795
226,9,train,10,0.010000,0.088585
226,9,train,11,-0.030000,0.091507
226,9,train,12,0.035400,0.103985
226,9,train,13,0.093900,0.143637
226,9,train,14,0.115100,0.159001
226,9,train,15,0.050000,0.082557
226,9,train,16,0.030000,0.138857
226,9,train,17,0.111520,0.164465
226,9,train,18,0.044200,0.026031
226,9,train,19,0.040000,0.110454
226,9,train,20,0.084600,0.120271
226,9,train,21,0.020000,0.103841
226,9,train,22,0.115100,0.159001
226,9,train,23,0.380000,0.194531
226,9,train,24,0.100000,0.143428
226,9,train,25,0.290000,0.146762
226,9,train,26,0.045300,0.062922
226,9,train,27,0.320000,0.190339
226,9,train,28,0.290000,0.145550
226,9,train,29,0.035100,0.097345
226,9,train,30,0.310000,0.195350
226,9,train,31,0.185100,0.166674
226,9,train,32,0.380000,0.186327
226,9,train,33,0.130000,0.135631
226,9,train,34,0.011000,0.165626
226,9,train,35,0.020000,0.116442
226,9,train,36,0.022000,0.095372
226,9,train,37,0.110000,0.147676
226,9,train,38,0.075400,0.106285
226,9,train,39,0.020000,0.129408
226,9,train,40,0.260000,0.207659
226,9,train,41,0.020000,0.053131
226,9,train,42,0.090000,0.108362
226,9,train,43,0.094900,0.120271
226,9,train,44,0.232000,0.208682
226,9,train,45,0.150000,0.146919
226,9,train,46,0.242000,0.148438
226,9,train,47,0.260000,0.187748
226,9,train,48,0.150000,0.187748
226,9,train,49,0.048480,0.131135
226,9,train,50,0.075400,0.106285
226,9,train,51,0.135000,0.179024
226,9,train,52,0.010000,0.101326
226,9,train,53,0.200000,0.210887
226,9,train,54,0.174900,0.169019
226,9,train,55,0.080000,0.155347
226,9,train,56,0.210000,0.155984
226,9,train,57,0.110000,0.147676
226,9,train,58,0.020000,0.043952
226,9,train,59,0.030000,0.118861
226,9,train,60,0.151000,0.087726
226,9,train,61,0.024200,0.052229
226,9,train,62,0.790000,0.264484
226,9,train,63,0.050000,0.121063
226,9,train,64,0.023500,0.038884
226,9,train,65,0.273300,0.182093
226,9,train,66,0.018000,0.119108
226,9,train,67,0.270000,0.182093
226,9,train,68,0.130000,0.135631
226,9,train,69,0.160000,0.087067
226,9,train,70,0.224400,0.179835
226,9,train,71,-0.110000,0.051981
226,9,train,72,0.230000,0.220127
226,9,train,73,0.094700,0.158439
226,9,train,74,0.090000,0.208799
226,9,train,75,0.260000,0.262741
226,9,train,76,0.144700,0.073638
226,9,train,77,0.040000,0.136954
226,9,train,78,0.360000,0.173058
226,9,train,79,0.030000,0.139081
226,9,train,80,0.284200,0.197428
226,9,train,81,0.240000,0.142678
226,9,train,82,0.170000,0.124394
226,9,train,83,0.370000,0.262741
226,9,train,84,0.439000,0.232825
226,9,train,85,0.030000,0.053131
226,9,train,86,0.114400,0.175203
226,9,train,87,0.133000,0.126871
226,9,train,88,0.073410,0.105595
226,9,train,89,0.280000,0.187748
226,9,train,90,0.200000,0.119241
226,9,train,91,0.030000,0.088196
226,9,train,92,0.820000,0.286269
226,9,train,93,0.190000,0.125359
226,9,train,94,0.062000,0.101478
226,9,train,95,0.040000,0.151486
226,9,train,96,0.403000,0.232825
226,9,train,97,0.160000,0.089616
226,9,train,98,0.018000,0.075680
226,9,train,99,0.220000,0.074196
226,9,train,100,0.180000,0.216028
226,9,train,101,0.090000,0.117633
226,9,train,102,0.060000,0.110879
226,9,train,103,0.330000,0.189789
226,9,train,104,0.220000,0.197979
226,9,train,105,0.210000,0.234248
226,9,train,106,0.160000,0.043952
226,9,train,107,0.020000,0.088585
226,9,train,108,-0.350000,0.087135
226,9,train,109,0.144500,0.179024
226,9,train,110,0.240000,0.195778
226,9,train,111,0.240000,0.120114
226,9,train,112,0.000000,0.060328
226,9,train,113,0.090000,0.143637
226,9,train,114,0.200000,0.160956
226,9,train,115,0.250000,0.160956
226,9,train,116,0.160000,0.127624
226,9,train,117,0.160000,0.137406
226,9,train,118,0.035100,0.097345
226,9,train,119,-0.390000,0.047815
226,9,train,120,0.063300,0.110879
226,9,train,121,0.020000,0.038884
226,9,train,122,0.137000,0.110714
226,9,train,123,-0.080000,0.097542
226,9,train,124,0.270000,0.187748
226,9,train,125,0.150000,0.133651
226,9,train,126,0.010000,0.157899
226,9,train,127,0.020000,0.082557
226,9,train,128,0.185100,0.166674
226,9,train,129,0.260000,0.119970
226,10,test,0,0.111520,0.143306
226,10,test,1,0.020000,0.059822
226,10,test,2,0.044200,0.086264
226,10,test,3,0.073410,0.130160
226,10,test,4,0.035100,0.085390
226,10,test,5,0.110000,0.118847
226,10,test,6,0.790000,0.204152
226,10,test,7,0.020000,0.109683
226,10,test,8,0.330000,0.149344
226,10,test,9,0.090000,0.079112
226,10,test,10,0.070000,0.112076
226,10,test,11,0.060000,0.099492
226,10,test,12,0.163300,0.138193
226,10,test,13,0.065340,0.147940
226,10,test,14,0.045300,0.119523
226,10,test,15,0.032000,0.124657
226,10,test,16,0.200000,0.170711
226,10,test,17,0.240000,0.167533
226,10,test,18,0.030000,0.143944
226,10,test,19,0.130000,0.124782
226,10,test,20,0.144500,0.158828
226,10,test,21,0.018000,0.161294
226,10,test,22,0.160000,0.127226
226,10,test,23,0.220000,0.122710
226,10,test,24,0.094600,0.106255
226,10,test,25,0.193500,0.161517
226,10,test,26,0.035400,0.100034
226,10,test,27,0.010000,0.128147
226,10,test,28,0.020000,0.053992
226,10,test,29,-0.390000,0.153628
226,10,test,30,0.820000,0.251405
226,10,test,31,-0.030000,0.108328
226,10,test,32,0.210000,0.104441
226,10,train,0,0.210000,0.191095
226,10,train,1,0.540000,0.293727
226,10,train,2,0.280000,0.247742
226,10,train,3,0.020000,0.069335
226,10,train,4,0.230000,0.211422
226,10,train,5,0.020000,0.120078
226,10,train,6,0.150000,0.173248
226,10,train,7,0.370000,0.240540
226,10,train,8,0.790000,0.283282
226,10,train,9,0.260000,0.235122
226,10,train,10,0.190000,0.161517
226,10,train,11,0.050000,0.076637
226,10,train,12,0.160000,0.143312
226,10,train,13,0.030000,0.044748
226,10,train,14,0.075400,0.076221
226,10,train,15,0.054300,0.113831
226,10,train,16,0.151000,0.129528
226,10,train,17,-0.110000,0.046959
226,10,train,18,0.273300,0.207247
226,10,train,19,0.010000,0.057389
226,10,train,20,0.135000,0.159644
226,10,train,21,0.270000,0.207247
226,10,train,22,0.115100,0.123044
226,10,train,23,0.024200,0.073915
226,10,train,24,0.011000,0.111791
226,10,train,25,0.052410,0.083066
226,10,train,26,0.190000,0.163638
226,10,train,27,0.094900,0.110169
226,10,train,28,0.040000,0.075248
226,10,train,29,0.160000,0.108088
226,10,train,30,0.174900,0.150058
226,10,train,31,0.190000,0.157240
226,10,train,32,0.080000,0.096092
226,10,train,33,0.380000,0.250147
226,10,train,34,0.224400,0.168324
226,10,train,35,0.180000,0.136983
226,10,train,36,0.062000,0.111706
226,10,train,37,0.090000,0.116090
226,10,train,38,0.190000,0.166254
226,10,train,39,0.095300,0.101693
226,10,train,40,0.180000,0.163287
226,10,train,41,0.360000,0.237211
226,10,train,42,0.084600,0.106161
226,10,train,43,0.050000,0.065831
226,10,train,44,0.050000,0.073399
226,10,train,45,0.023500,0.069335
226,10,train,46,0.035100,0.085390
226,10,train,47,0.240000,0.173551
226,10,train,48,0.133000,0.174177
226,10,train,49,0.090000,0.103412
226,10,train,50,0.030000,0.091840
226,10,train,51,0.439000,0.270787
226,10,train,52,0.110000,0.118847
226,10,train,53,0.310000,0.274278
226,10,train,54,0.115100,0.123044
226,10,train,55,0.290000,0.196695
226,10,train,56,0.250000,0.220456
226,10,train,57,0.260000,0.233786
226,10,train,58,0.284200,0.208689
226,10,train,59,0.018000,0.054822
226,10,train,60,0.160000,0.149291
226,10,train,61,0.035400,0.100034
226,10,train,62,0.020000,0.128341
226,10,train,63,0.030000,0.065869
226,10,train,64,0.220000,0.176707
226,10,train,65,0.200000,0.176737
226,10,train,66,0.043800,0.076583
226,10,train,67,0.010000,0.061092
226,10,train,68,0.100000,0.115990
226,10,train,69,0.100000,0.115990
226,10,train,70,0.072000,0.099187
226,10,train,71,0.290000,0.238961
226,10,train,72,0.174900,0.150058
226,10,train,73,0.380000,0.257930
226,10,train,74,0.094700,0.128799
226,10,train,75,0.100000,0.132087
226,10,train,76,-0.350000,0.067606
226,10,train,77,0.280000,0.243663
226,10,train,78,0.260000,0.230446
226,10,train,79,0.185100,0.171600
226,10,train,80,0.010000,0.053478
226,10,train,81,0.020000,0.079267
226,10,train,82,0.020000,0.059323
226,10,train,83,0.022000,0.063089
226,10,train,84,0.040000,0.096174
226,10,train,85,0.244400,0.223442
226,10,train,86,0.090000,0.085360
226,10,train,87,0.200000,0.183846
226,10,train,88,0.075400,0.076221
226,10,train,89,0.093900,0.103412
226,10,train,90,0.137000,0.142646
226,10,train,91,0.010000,0.053957
226,10,train,92,0.151000,0.129528
226,10,train,93,0.000000,0.091010
226,10,train,94,0.264400,0.223174
226,10,train,95,0.048480,0.097230
226,10,train,96,0.232000,0.197894
226,10,train,97,0.058480,0.100946
226,10,train,98,-0.080000,0.094396
226,10,train,99,0.144700,0.129324
226,10,train,100,0.114400,0.132864
226,10,train,101,0.130000,0.124782
226,10,train,102,0.185100,0.171600
226,10,train,103,0.260000,0.202466
226,10,train,104,0.080000,0.110580
226,10,train,105,0.144700,0.129324
226,10,train,106,0.025000,0.061290
226,10,train,107,0.150000,0.171872
226,10,train,108,0.242000,0.198045
226,10,train,109,0.160000,0.138193
226,10,train,110,0.120000,0.164111
226,10,train,111,0.080000,0.081189
226,10,train,112,0.094900,0.110169
226,10,train,113,0.190000,0.164559
226,10,train,114,0.240000,0.203798
226,10,train,115,0.320000,0.252883
226,10,train,116,0.190000,0.153134
226,10,train,117,0.150000,0.175993
226,10,train,118,0.063300,0.099492
226,10,train,119,0.020000,0.074399
226,10,train,120,0.020000,0.143309
226,10,train,121,0.350000,0.261006
226,10,train,122,0.403000,0.274296
226,10,train,123,0.040000,0.096786
226,10,train,124,0.240000,0.216530
226,10,train,125,0.030000,0.061025
226,10,train,126,0.170000,0.168332
226,10,train,127,0.090000,0.099798
226,10,train,128,0.270000,0.231684
226,10,train,129,0.280000,0.189580
