max_features,random_state,dataset,index,experimental,predicted
20,1,test,0,0.043800,0.094025
20,1,test,1,0.044200,0.124314
20,1,test,2,0.075400,0.091875
20,1,test,3,0.115100,0.105390
20,1,test,4,0.020000,0.152753
20,1,test,5,0.090000,0.109481
20,1,test,6,-0.390000,0.116922
20,1,test,7,0.111520,0.136717
20,1,test,8,0.110000,0.165654
20,1,test,9,0.080000,0.101875
20,1,test,10,0.439000,0.209532
20,1,test,11,0.320000,0.184842
20,1,test,12,0.185100,0.122887
20,1,test,13,0.144500,0.146508
20,1,test,14,0.150000,0.205459
20,1,test,15,0.174900,0.164194
20,1,test,16,0.040000,0.095692
20,1,test,17,0.030000,0.107019
20,1,test,18,0.062000,0.188374
20,1,test,19,0.010000,0.124798
20,1,test,20,0.200000,0.161509
20,1,test,21,0.224400,0.122655
20,1,test,22,0.163300,0.113101
20,1,test,23,0.250000,0.155337
20,1,test,24,0.040000,0.148846
20,1,test,25,0.190000,0.140356
20,1,test,26,0.200000,0.196905
20,1,test,27,0.050000,0.106347
20,1,test,28,0.151000,0.113664
20,1,test,29,0.190000,0.191771
20,1,test,30,0.058480,0.131694
20,1,test,31,0.190000,0.098718
20,1,test,32,0.063300,0.110553
20,1,train,0,0.100000,0.090584
20,1,train,1,0.150000,0.213539
20,1,train,2,0.023500,0.114956
20,1,train,3,0.403000,0.215797
20,1,train,4,0.190000,0.181841
20,1,train,5,0.115100,0.105390
20,1,train,6,0.380000,0.258075
20,1,train,7,0.110000,0.159263
20,1,train,8,0.242000,0.199069
20,1,train,9,0.020000,0.113168
20,1,train,10,0.020000,0.088666
20,1,train,11,0.050000,0.066388
20,1,train,12,-0.110000,0.074209
20,1,train,13,0.010000,0.086445
20,1,train,14,0.090000,0.102065
20,1,train,15,0.330000,0.209454
20,1,train,16,0.018000,0.074956
20,1,train,17,0.244400,0.135516
20,1,train,18,0.010000,0.088415
20,1,train,19,0.200000,0.241545
20,1,train,20,-0.350000,0.085983
20,1,train,21,0.100000,0.091099
20,1,train,22,0.260000,0.238604
20,1,train,23,0.144700,0.158474
20,1,train,24,0.080000,0.109324
20,1,train,25,0.151000,0.119295
20,1,train,26,0.000000,0.104395
20,1,train,27,0.024200,0.101381
20,1,train,28,0.035400,0.092079
20,1,train,29,0.220000,0.226334
20,1,train,30,0.084600,0.082787
20,1,train,31,0.070000,0.084835
20,1,train,32,0.048480,0.089188
20,1,train,33,0.090000,0.186765
20,1,train,34,0.360000,0.208482
20,1,train,35,0.290000,0.232190
20,1,train,36,0.220000,0.187032
20,1,train,37,0.270000,0.166902
20,1,train,38,0.280000,0.185389
20,1,train,39,0.260000,0.247646
20,1,train,40,0.790000,0.320972
20,1,train,41,0.310000,0.255083
20,1,train,42,0.020000,0.160446
20,1,train,43,0.120000,0.218399
20,1,train,44,0.144700,0.158474
20,1,train,45,-0.080000,0.075753
20,1,train,46,0.020000,0.050425
20,1,train,47,0.094900,0.119795
20,1,train,48,0.035100,0.096452
20,1,train,49,0.094700,0.177876
20,1,train,50,0.160000,0.113101
20,1,train,51,0.040000,0.115097
20,1,train,52,0.180000,0.199822
20,1,train,53,0.230000,0.177050
20,1,train,54,0.010000,0.087115
20,1,train,55,0.090000,0.121022
20,1,train,56,0.020000,0.091426
20,1,train,57,0.284200,0.212051
20,1,train,58,0.135000,0.135143
20,1,train,59,0.820000,0.336676
20,1,train,60,0.045300,0.074594
20,1,train,61,0.035400,0.092079
20,1,train,62,0.240000,0.172269
20,1,train,63,0.020000,0.071138
20,1,train,64,0.264400,0.238937
20,1,train,65,0.093900,0.115323
20,1,train,66,0.030000,0.097638
20,1,train,67,0.280000,0.172910
20,1,train,68,0.018000,0.051297
20,1,train,69,0.080000,0.117629
20,1,train,70,0.280000,0.254818
20,1,train,71,0.050000,0.092120
20,1,train,72,0.174900,0.114144
20,1,train,73,0.130000,0.110336
20,1,train,74,0.190000,0.209525
20,1,train,75,0.790000,0.326641
20,1,train,76,0.170000,0.152107
20,1,train,77,0.090000,0.126815
20,1,train,78,0.075400,0.091875
20,1,train,79,0.273300,0.205484
20,1,train,80,0.030000,0.130799
20,1,train,81,0.185100,0.122887
20,1,train,82,0.160000,0.163701
20,1,train,83,0.054300,0.161446
20,1,train,84,0.094900,0.122580
20,1,train,85,0.193500,0.197325
20,1,train,86,0.030000,0.069606
20,1,train,87,0.073410,0.152904
20,1,train,88,0.022000,0.087396
20,1,train,89,0.210000,0.159575
20,1,train,90,0.010000,0.121646
20,1,train,91,0.210000,0.142689
20,1,train,92,0.094600,0.102327
20,1,train,93,-0.030000,0.082916
20,1,train,94,0.180000,0.135937
20,1,train,95,0.032000,0.143459
20,1,train,96,0.114400,0.128985
20,1,train,97,0.290000,0.214564
20,1,train,98,0.150000,0.157575
20,1,train,99,0.350000,0.207996
20,1,train,100,0.190000,0.170534
20,1,train,101,0.160000,0.184763
20,1,train,102,0.240000,0.202226
20,1,train,103,0.232000,0.225282
20,1,train,104,0.137000,0.143643
20,1,train,105,0.270000,0.204917
20,1,train,106,0.060000,0.110553
20,1,train,107,0.380000,0.217181
20,1,train,108,0.160000,0.127211
20,1,train,109,0.072000,0.117341
20,1,train,110,0.130000,0.123010
20,1,train,111,0.100000,0.091638
20,1,train,112,0.540000,0.248887
20,1,train,113,0.160000,0.196738
20,1,train,114,0.133000,0.153383
20,1,train,115,0.240000,0.219268
20,1,train,116,0.025000,0.053137
20,1,train,117,0.260000,0.183963
20,1,train,118,0.065340,0.154101
20,1,train,119,0.052410,0.086044
20,1,train,120,0.020000,0.130267
20,1,train,121,0.260000,0.178480
20,1,train,122,0.240000,0.116053
20,1,train,123,0.011000,0.112451
20,1,train,124,0.035100,0.097272
20,1,train,125,0.030000,0.092691
20,1,train,126,0.020000,0.071236
20,1,train,127,0.370000,0.227073
20,1,train,128,0.020000,0.109068
20,1,train,129,0.095300,0.102530
20,2,test,0,0.310000,0.284229
20,2,test,1,0.260000,0.203298
20,2,test,2,0.072000,0.103871
20,2,test,3,0.270000,0.208263
20,2,test,4,0.180000,0.149152
20,2,test,5,0.210000,0.157094
20,2,test,6,0.052410,0.079300
20,2,test,7,0.080000,0.103957
20,2,test,8,0.032000,0.139035
20,2,test,9,0.280000,0.093781
20,2,test,10,0.093900,0.083276
20,2,test,11,0.240000,0.111629
20,2,test,12,0.100000,0.077145
20,2,test,13,0.150000,0.185960
20,2,test,14,0.090000,0.075184
20,2,test,15,0.273300,0.259208
20,2,test,16,0.110000,0.203516
20,2,test,17,0.011000,0.188372
20,2,test,18,0.200000,0.228039
20,2,test,19,0.111520,0.122963
20,2,test,20,-0.080000,0.088534
20,2,test,21,0.073410,0.124274
20,2,test,22,0.043800,0.003997
20,2,test,23,0.010000,0.177493
20,2,test,24,-0.350000,0.191980
20,2,test,25,0.260000,0.200181
20,2,test,26,0.084600,0.053982
20,2,test,27,0.224400,0.088280
20,2,test,28,0.010000,0.073920
20,2,test,29,0.035100,0.061842
20,2,test,30,0.174900,0.082923
20,2,test,31,0.018000,-0.001507
20,2,test,32,0.020000,0.081592
20,2,train,0,0.115100,0.116562
20,2,train,1,0.320000,0.313857
20,2,train,2,0.023500,0.024158
20,2,train,3,0.790000,0.718051
20,2,train,4,-0.110000,-0.063553
20,2,train,5,0.080000,0.053870
20,2,train,6,0.024200,0.042086
20,2,train,7,0.190000,0.169675
20,2,train,8,0.170000,0.144684
20,2,train,9,0.133000,0.163207
20,2,train,10,0.040000,0.082188
20,2,train,11,0.020000,0.025157
20,2,train,12,0.010000,0.067195
20,2,train,13,0.144700,0.141492
20,2,train,14,0.040000,0.069168
20,2,train,15,0.030000,0.032296
20,2,train,16,0.820000,0.757713
20,2,train,17,0.090000,0.067212
20,2,train,18,0.010000,0.027249
20,2,train,19,0.244400,0.200528
20,2,train,20,0.190000,0.123276
20,2,train,21,0.144700,0.141492
20,2,train,22,0.020000,0.088827
20,2,train,23,0.264400,0.275772
20,2,train,24,0.048480,0.056804
20,2,train,25,0.240000,0.249971
20,2,train,26,0.110000,0.133456
20,2,train,27,0.062000,0.101381
20,2,train,28,0.065340,0.110675
20,2,train,29,0.180000,0.183989
20,2,train,30,0.030000,0.054718
20,2,train,31,0.120000,0.150451
20,2,train,32,0.025000,0.027494
20,2,train,33,0.114400,0.103741
20,2,train,34,-0.390000,-0.176340
20,2,train,35,0.030000,0.023790
20,2,train,36,0.020000,0.071277
20,2,train,37,0.018000,0.027697
20,2,train,38,0.090000,0.090690
20,2,train,39,0.151000,0.119224
20,2,train,40,0.790000,0.723821
20,2,train,41,0.094600,0.082757
20,2,train,42,0.020000,0.046762
20,2,train,43,0.190000,0.191169
20,2,train,44,0.050000,0.050554
20,2,train,45,0.040000,0.056870
20,2,train,46,0.240000,0.179637
20,2,train,47,0.439000,0.359614
20,2,train,48,0.050000,0.039466
20,2,train,49,0.000000,0.030529
20,2,train,50,0.185100,0.182837
20,2,train,51,0.270000,0.255263
20,2,train,52,0.151000,0.119224
20,2,train,53,0.130000,0.141513
20,2,train,54,0.540000,0.423358
20,2,train,55,0.240000,0.250931
20,2,train,56,0.075400,0.065042
20,2,train,57,0.010000,0.052631
20,2,train,58,0.144500,0.141665
20,2,train,59,0.075400,0.065042
20,2,train,60,0.130000,0.133115
20,2,train,61,-0.030000,0.017052
20,2,train,62,0.280000,0.236493
20,2,train,63,0.190000,0.187171
20,2,train,64,0.284200,0.278885
20,2,train,65,0.063300,0.074006
20,2,train,66,0.020000,0.056074
20,2,train,67,0.094900,0.087422
20,2,train,68,0.260000,0.237306
20,2,train,69,0.054300,0.102999
20,2,train,70,0.135000,0.119884
20,2,train,71,0.160000,0.155008
20,2,train,72,0.100000,0.080063
20,2,train,73,0.035400,0.044866
20,2,train,74,0.160000,0.147329
20,2,train,75,0.260000,0.247897
20,2,train,76,0.150000,0.174158
20,2,train,77,0.232000,0.254287
20,2,train,78,0.020000,0.057712
20,2,train,79,0.020000,0.078767
20,2,train,80,0.100000,0.110516
20,2,train,81,0.200000,0.233991
20,2,train,82,0.290000,0.250820
20,2,train,83,0.050000,0.050235
20,2,train,84,0.020000,0.021497
20,2,train,85,0.030000,0.067150
20,2,train,86,0.160000,0.165895
20,2,train,87,0.350000,0.291657
20,2,train,88,0.020000,0.032383
20,2,train,89,0.163300,0.153161
20,2,train,90,0.210000,0.191549
20,2,train,91,0.035100,0.067052
20,2,train,92,0.190000,0.193977
20,2,train,93,0.115100,0.116562
20,2,train,94,0.022000,0.032895
20,2,train,95,0.160000,0.177786
20,2,train,96,0.160000,0.139033
20,2,train,97,0.185100,0.182837
20,2,train,98,0.360000,0.282461
20,2,train,99,0.290000,0.284095
20,2,train,100,0.090000,0.090857
20,2,train,101,0.094700,0.119475
20,2,train,102,0.094900,0.088309
20,2,train,103,0.070000,0.097007
20,2,train,104,0.030000,0.051224
20,2,train,105,0.380000,0.345836
20,2,train,106,0.330000,0.290756
20,2,train,107,0.242000,0.235361
20,2,train,108,0.045300,0.032940
20,2,train,109,0.200000,0.204181
20,2,train,110,0.190000,0.178019
20,2,train,111,0.080000,0.084638
20,2,train,112,0.220000,0.232834
20,2,train,113,0.230000,0.189512
20,2,train,114,0.095300,0.103321
20,2,train,115,0.280000,0.267959
20,2,train,116,0.250000,0.222473
20,2,train,117,0.150000,0.158577
20,2,train,118,0.058480,0.101854
20,2,train,119,0.060000,0.068145
20,2,train,120,0.044200,0.038007
20,2,train,121,0.403000,0.404751
20,2,train,122,0.035400,0.044866
20,2,train,123,0.380000,0.343597
20,2,train,124,0.220000,0.241929
20,2,train,125,0.174900,0.175741
20,2,train,126,0.193500,0.200337
20,2,train,127,0.137000,0.149571
20,2,train,128,0.370000,0.299390
20,2,train,129,0.090000,0.102875
20,3,test,0,-0.030000,0.126835
20,3,test,1,0.150000,0.225966
20,3,test,2,0.310000,0.228851
20,3,test,3,0.180000,0.125934
20,3,test,4,0.044200,0.099963
20,3,test,5,0.062000,0.172493
20,3,test,6,0.094900,0.120478
20,3,test,7,0.030000,0.079888
20,3,test,8,0.230000,0.203087
20,3,test,9,0.063300,0.073379
20,3,test,10,0.090000,0.160673
20,3,test,11,0.020000,0.067948
20,3,test,12,0.273300,0.218908
20,3,test,13,0.040000,0.105891
20,3,test,14,0.052410,0.075956
20,3,test,15,0.023500,0.087444
20,3,test,16,0.058480,0.110333
20,3,test,17,0.439000,0.352165
20,3,test,18,0.232000,0.276012
20,3,test,19,0.790000,0.501930
20,3,test,20,0.120000,0.183030
20,3,test,21,-0.390000,0.119434
20,3,test,22,0.050000,0.067519
20,3,test,23,0.540000,0.243925
20,3,test,24,0.185100,0.156300
20,3,test,25,0.190000,0.155208
20,3,test,26,0.360000,0.193578
20,3,test,27,0.200000,0.199096
20,3,test,28,0.190000,0.092520
20,3,test,29,0.032000,0.093011
20,3,test,30,0.020000,0.108406
20,3,test,31,0.220000,0.252095
20,3,test,32,-0.080000,0.021220
20,3,train,0,0.090000,0.095962
20,3,train,1,0.080000,0.086652
20,3,train,2,0.073410,0.089157
20,3,train,3,0.045300,0.045562
20,3,train,4,0.011000,0.044513
20,3,train,5,0.350000,0.289937
20,3,train,6,0.264400,0.271551
20,3,train,7,0.290000,0.275423
20,3,train,8,0.030000,0.042206
20,3,train,9,0.130000,0.135680
20,3,train,10,0.370000,0.331910
20,3,train,11,0.010000,0.031785
20,3,train,12,0.193500,0.189970
20,3,train,13,0.130000,0.134285
20,3,train,14,0.137000,0.133206
20,3,train,15,0.100000,0.095117
20,3,train,16,0.020000,0.053558
20,3,train,17,0.330000,0.270682
20,3,train,18,0.093900,0.098493
20,3,train,19,0.174900,0.156287
20,3,train,20,0.200000,0.191033
20,3,train,21,0.075400,0.070299
20,3,train,22,0.094900,0.109923
20,3,train,23,0.030000,0.037732
20,3,train,24,0.084600,0.089482
20,3,train,25,0.111520,0.132776
20,3,train,26,0.030000,0.082678
20,3,train,27,0.160000,0.170059
20,3,train,28,0.144700,0.147906
20,3,train,29,0.284200,0.262506
20,3,train,30,0.160000,0.161866
20,3,train,31,0.090000,0.131697
20,3,train,32,0.144500,0.131670
20,3,train,33,0.030000,0.054895
20,3,train,34,0.100000,0.105735
20,3,train,35,0.020000,0.025573
20,3,train,36,0.090000,0.077175
20,3,train,37,0.240000,0.231389
20,3,train,38,0.022000,0.036138
20,3,train,39,0.144700,0.147906
20,3,train,40,0.280000,0.228888
20,3,train,41,0.035400,0.042880
20,3,train,42,0.260000,0.239627
20,3,train,43,0.224400,0.200639
20,3,train,44,0.163300,0.158967
20,3,train,45,0.260000,0.255134
20,3,train,46,0.403000,0.384617
20,3,train,47,0.020000,0.039443
20,3,train,48,0.040000,0.068257
20,3,train,49,0.020000,0.056686
20,3,train,50,0.072000,0.082747
20,3,train,51,0.043800,0.061806
20,3,train,52,0.048480,0.049838
20,3,train,53,0.270000,0.240861
20,3,train,54,0.025000,0.028330
20,3,train,55,0.160000,0.141323
20,3,train,56,0.020000,0.073736
20,3,train,57,0.270000,0.219205
20,3,train,58,0.024200,0.061492
20,3,train,59,0.114400,0.114262
20,3,train,60,0.050000,0.045682
20,3,train,61,0.080000,0.076751
20,3,train,62,0.035400,0.042880
20,3,train,63,0.100000,0.100791
20,3,train,64,0.020000,0.024955
20,3,train,65,0.174900,0.165081
20,3,train,66,0.250000,0.230533
20,3,train,67,0.200000,0.186097
20,3,train,68,0.135000,0.140473
20,3,train,69,0.185100,0.156300
20,3,train,70,0.190000,0.201162
20,3,train,71,0.035100,0.059788
20,3,train,72,0.018000,0.026097
20,3,train,73,0.320000,0.273055
20,3,train,74,0.040000,0.050534
20,3,train,75,0.110000,0.125475
20,3,train,76,0.240000,0.235561
20,3,train,77,0.010000,0.027065
20,3,train,78,0.094700,0.100706
20,3,train,79,0.290000,0.275664
20,3,train,80,0.260000,0.243323
20,3,train,81,0.150000,0.182211
20,3,train,82,0.010000,0.023930
20,3,train,83,0.820000,0.651556
20,3,train,84,0.060000,0.073379
20,3,train,85,0.260000,0.249329
20,3,train,86,0.000000,0.044643
20,3,train,87,0.050000,0.056636
20,3,train,88,0.170000,0.130384
20,3,train,89,0.160000,0.147655
20,3,train,90,0.190000,0.180801
20,3,train,91,0.180000,0.151628
20,3,train,92,0.244400,0.192935
20,3,train,93,0.280000,0.256985
20,3,train,94,0.115100,0.119948
20,3,train,95,0.210000,0.181920
20,3,train,96,0.210000,0.175261
20,3,train,97,0.075400,0.070299
20,3,train,98,0.065340,0.106272
20,3,train,99,0.095300,0.106924
20,3,train,100,0.035100,0.059901
20,3,train,101,0.240000,0.227445
20,3,train,102,0.242000,0.222247
20,3,train,103,0.380000,0.318299
20,3,train,104,0.160000,0.158658
20,3,train,105,0.020000,0.034713
20,3,train,106,0.110000,0.107694
20,3,train,107,0.010000,0.037453
20,3,train,108,0.220000,0.217863
20,3,train,109,0.070000,0.100448
20,3,train,110,0.115100,0.119948
20,3,train,111,0.240000,0.170283
20,3,train,112,0.190000,0.183860
20,3,train,113,0.280000,0.250632
20,3,train,114,-0.110000,-0.063134
20,3,train,115,0.151000,0.139032
20,3,train,116,0.054300,0.096860
20,3,train,117,0.133000,0.158559
20,3,train,118,0.151000,0.139956
20,3,train,119,0.150000,0.159520
20,3,train,120,-0.350000,-0.092202
20,3,train,121,0.380000,0.339520
20,3,train,122,0.010000,0.030857
20,3,train,123,0.080000,0.086375
20,3,train,124,0.018000,0.025050
20,3,train,125,0.094600,0.096032
20,3,train,126,0.020000,0.080168
20,3,train,127,0.790000,0.651556
20,3,train,128,0.190000,0.178498
20,3,train,129,0.090000,0.093049
20,4,test,0,0.439000,0.207616
20,4,test,1,0.073410,0.094804
20,4,test,2,0.080000,-0.018243
20,4,test,3,0.151000,0.058440
20,4,test,4,0.000000,0.126906
20,4,test,5,0.044200,0.161481
20,4,test,6,0.090000,0.022656
20,4,test,7,0.244400,0.104470
20,4,test,8,0.290000,0.271552
20,4,test,9,0.052410,0.062969
20,4,test,10,0.010000,0.108038
20,4,test,11,0.170000,0.159643
20,4,test,12,0.040000,0.130569
20,4,test,13,0.060000,0.099429
20,4,test,14,0.260000,0.180740
20,4,test,15,0.084600,0.028696
20,4,test,16,0.054300,0.043439
20,4,test,17,0.224400,0.099335
20,4,test,18,-0.080000,0.127261
20,4,test,19,0.062000,0.210426
20,4,test,20,0.284200,0.103066
20,4,test,21,0.200000,0.337312
20,4,test,22,0.160000,0.149558
20,4,test,23,0.144500,0.093099
20,4,test,24,0.090000,0.043019
20,4,test,25,0.010000,0.098067
20,4,test,26,0.185100,0.108425
20,4,test,27,0.790000,0.371474
20,4,test,28,0.310000,0.325682
20,4,test,29,0.010000,0.133046
20,4,test,30,0.280000,0.227774
20,4,test,31,0.380000,0.314527
20,4,test,32,0.273300,0.273832
20,4,train,0,0.025000,0.018610
20,4,train,1,0.050000,0.073227
20,4,train,2,0.050000,0.088211
20,4,train,3,0.185100,0.108425
20,4,train,4,0.190000,0.151917
20,4,train,5,0.065340,0.154506
20,4,train,6,0.040000,0.109940
20,4,train,7,0.144700,0.153438
20,4,train,8,0.130000,0.113107
20,4,train,9,0.240000,0.266882
20,4,train,10,0.250000,0.250622
20,4,train,11,0.111520,0.077269
20,4,train,12,0.100000,0.067427
20,4,train,13,0.023500,0.052893
20,4,train,14,0.094700,0.119074
20,4,train,15,0.242000,0.234021
20,4,train,16,0.030000,0.082266
20,4,train,17,0.200000,0.179870
20,4,train,18,0.360000,0.312837
20,4,train,19,0.270000,0.277733
20,4,train,20,0.150000,0.203806
20,4,train,21,0.380000,0.293972
20,4,train,22,0.270000,0.243621
20,4,train,23,0.040000,0.079920
20,4,train,24,0.080000,0.157453
20,4,train,25,0.020000,0.068089
20,4,train,26,0.011000,0.140949
20,4,train,27,0.080000,0.091351
20,4,train,28,0.090000,0.144115
20,4,train,29,0.070000,0.067418
20,4,train,30,0.193500,0.140196
20,4,train,31,0.190000,0.139974
20,4,train,32,0.264400,0.245335
20,4,train,33,0.150000,0.229595
20,4,train,34,0.280000,0.260789
20,4,train,35,0.018000,-0.025440
20,4,train,36,0.022000,0.104696
20,4,train,37,0.035400,0.062321
20,4,train,38,0.032000,0.049996
20,4,train,39,0.240000,0.224851
20,4,train,40,0.163300,0.146888
20,4,train,41,0.094900,0.124586
20,4,train,42,0.030000,0.042815
20,4,train,43,0.110000,0.090893
20,4,train,44,0.030000,0.019092
20,4,train,45,0.540000,0.329023
20,4,train,46,0.230000,0.200856
20,4,train,47,0.280000,0.241810
20,4,train,48,0.115100,0.060743
20,4,train,49,0.210000,0.242057
20,4,train,50,0.063300,0.099429
20,4,train,51,0.058480,0.109740
20,4,train,52,0.320000,0.288299
20,4,train,53,0.020000,0.157398
20,4,train,54,0.115100,0.060743
20,4,train,55,0.220000,0.294703
20,4,train,56,0.020000,0.090118
20,4,train,57,0.190000,0.131978
20,4,train,58,0.100000,0.102314
20,4,train,59,0.370000,0.286849
20,4,train,60,0.095300,0.064796
20,4,train,61,0.350000,0.252880
20,4,train,62,0.190000,0.110743
20,4,train,63,0.020000,0.058810
20,4,train,64,0.035100,0.054628
20,4,train,65,0.048480,0.050059
20,4,train,66,0.035100,0.066887
20,4,train,67,0.072000,0.098308
20,4,train,68,0.110000,0.163228
20,4,train,69,0.190000,0.092110
20,4,train,70,0.190000,0.173443
20,4,train,71,0.075400,0.054577
20,4,train,72,0.240000,0.230821
20,4,train,73,0.260000,0.283319
20,4,train,74,0.090000,0.082478
20,4,train,75,0.090000,0.143903
20,4,train,76,-0.030000,0.015454
20,4,train,77,0.133000,0.200016
20,4,train,78,-0.350000,0.096161
20,4,train,79,0.174900,0.170341
20,4,train,80,0.290000,0.218381
20,4,train,81,0.160000,0.143092
20,4,train,82,0.030000,0.090912
20,4,train,83,0.137000,0.161529
20,4,train,84,0.180000,0.181561
20,4,train,85,0.820000,0.426996
20,4,train,86,0.093900,0.127892
20,4,train,87,0.094900,0.090408
20,4,train,88,0.024200,0.026703
20,4,train,89,0.020000,0.115024
20,4,train,90,0.020000,0.075290
20,4,train,91,0.144700,0.153438
20,4,train,92,0.151000,0.071236
20,4,train,93,0.050000,0.066908
20,4,train,94,0.100000,0.089488
20,4,train,95,0.403000,0.273752
20,4,train,96,0.035400,0.062321
20,4,train,97,0.130000,0.137649
20,4,train,98,0.150000,0.161194
20,4,train,99,0.260000,0.248114
20,4,train,100,0.180000,0.139715
20,4,train,101,0.018000,0.016203
20,4,train,102,0.135000,0.187593
20,4,train,103,0.160000,0.159999
20,4,train,104,-0.110000,-0.051627
20,4,train,105,0.210000,0.120319
20,4,train,106,0.010000,0.110433
20,4,train,107,0.114400,0.090880
20,4,train,108,-0.390000,-0.250040
20,4,train,109,0.010000,0.081883
20,4,train,110,0.094600,0.041898
20,4,train,111,0.020000,0.137610
20,4,train,112,0.790000,0.411304
20,4,train,113,0.160000,0.048520
20,4,train,114,0.260000,0.166662
20,4,train,115,0.045300,0.003039
20,4,train,116,0.043800,0.081555
20,4,train,117,0.020000,0.215633
20,4,train,118,0.232000,0.244959
20,4,train,119,0.020000,0.036400
20,4,train,120,0.075400,0.054577
20,4,train,121,0.030000,0.076093
20,4,train,122,0.200000,0.200899
20,4,train,123,0.330000,0.285891
20,4,train,124,0.020000,0.019891
20,4,train,125,0.160000,0.038051
20,4,train,126,0.174900,0.138342
20,4,train,127,0.220000,0.260061
20,4,train,128,0.240000,0.148824
20,4,train,129,0.120000,0.191959
20,5,test,0,0.054300,0.130692
20,5,test,1,0.240000,0.210913
20,5,test,2,0.040000,0.112607
20,5,test,3,0.790000,0.280372
20,5,test,4,0.100000,0.103147
20,5,test,5,0.010000,0.145553
20,5,test,6,0.094600,0.081493
20,5,test,7,-0.350000,0.152446
20,5,test,8,0.240000,0.216567
20,5,test,9,0.093900,0.164704
20,5,test,10,0.185100,0.158749
20,5,test,11,0.190000,0.150679
20,5,test,12,0.024200,0.080684
20,5,test,13,0.032000,0.107812
20,5,test,14,0.280000,0.276858
20,5,test,15,-0.030000,0.086780
20,5,test,16,0.030000,0.086151
20,5,test,17,0.160000,0.094431
20,5,test,18,0.260000,0.322614
20,5,test,19,0.063300,0.068795
20,5,test,20,0.190000,0.064773
20,5,test,21,0.160000,0.107119
20,5,test,22,0.163300,0.150900
20,5,test,23,0.023500,0.088990
20,5,test,24,0.094700,0.244823
20,5,test,25,0.174900,0.184460
20,5,test,26,0.090000,0.073087
20,5,test,27,0.035100,0.078852
20,5,test,28,0.052410,0.076976
20,5,test,29,0.200000,0.246866
20,5,test,30,0.010000,0.081703
20,5,test,31,0.220000,0.215721
20,5,test,32,0.190000,0.321303
20,5,train,0,0.160000,0.146537
20,5,train,1,0.790000,0.703187
20,5,train,2,0.075400,0.080276
20,5,train,3,0.050000,0.050455
20,5,train,4,0.110000,0.114119
20,5,train,5,0.310000,0.309047
20,5,train,6,0.040000,0.072104
20,5,train,7,0.090000,0.102357
20,5,train,8,0.174900,0.159881
20,5,train,9,0.020000,0.044549
20,5,train,10,0.144700,0.142267
20,5,train,11,-0.110000,-0.071347
20,5,train,12,0.133000,0.144209
20,5,train,13,0.048480,0.053699
20,5,train,14,0.010000,0.020867
20,5,train,15,0.220000,0.222036
20,5,train,16,0.250000,0.239587
20,5,train,17,0.190000,0.172075
20,5,train,18,0.270000,0.257854
20,5,train,19,0.193500,0.182924
20,5,train,20,0.232000,0.227049
20,5,train,21,0.260000,0.238397
20,5,train,22,0.370000,0.321697
20,5,train,23,0.100000,0.111099
20,5,train,24,0.260000,0.249292
20,5,train,25,0.060000,0.068795
20,5,train,26,0.151000,0.136515
20,5,train,27,0.020000,0.036493
20,5,train,28,0.244400,0.192515
20,5,train,29,0.094900,0.098590
20,5,train,30,0.025000,0.025989
20,5,train,31,0.018000,0.019212
20,5,train,32,0.210000,0.194506
20,5,train,33,0.065340,0.108107
20,5,train,34,0.111520,0.117416
20,5,train,35,0.150000,0.156549
20,5,train,36,0.190000,0.179726
20,5,train,37,0.070000,0.078433
20,5,train,38,0.160000,0.147085
20,5,train,39,0.137000,0.133772
20,5,train,40,0.210000,0.202131
20,5,train,41,0.095300,0.103096
20,5,train,42,0.100000,0.106102
20,5,train,43,0.403000,0.391941
20,5,train,44,0.170000,0.152091
20,5,train,45,0.260000,0.250054
20,5,train,46,0.020000,0.051455
20,5,train,47,0.020000,0.041614
20,5,train,48,0.035400,0.053011
20,5,train,49,0.022000,0.046955
20,5,train,50,0.151000,0.135793
20,5,train,51,0.150000,0.153989
20,5,train,52,0.094900,0.102002
20,5,train,53,0.135000,0.141084
20,5,train,54,0.130000,0.134170
20,5,train,55,0.080000,0.086297
20,5,train,56,0.073410,0.101919
20,5,train,57,0.020000,0.040851
20,5,train,58,0.084600,0.082613
20,5,train,59,0.284200,0.267403
20,5,train,60,0.240000,0.233585
20,5,train,61,0.230000,0.214733
20,5,train,62,0.044200,0.057041
20,5,train,63,0.072000,0.080179
20,5,train,64,0.280000,0.258337
20,5,train,65,0.010000,0.040655
20,5,train,66,0.115100,0.122734
20,5,train,67,0.080000,0.081357
20,5,train,68,0.075400,0.080276
20,5,train,69,0.190000,0.189673
20,5,train,70,0.120000,0.140613
20,5,train,71,0.110000,0.130089
20,5,train,72,0.144700,0.142267
20,5,train,73,0.242000,0.236018
20,5,train,74,0.224400,0.192270
20,5,train,75,0.030000,0.037803
20,5,train,76,0.115100,0.122734
20,5,train,77,0.035100,0.052525
20,5,train,78,0.180000,0.158858
20,5,train,79,0.020000,0.036511
20,5,train,80,0.380000,0.357154
20,5,train,81,0.030000,0.047695
20,5,train,82,0.080000,0.085859
20,5,train,83,0.090000,0.086682
20,5,train,84,0.160000,0.150900
20,5,train,85,0.150000,0.149323
20,5,train,86,0.030000,0.095231
20,5,train,87,0.040000,0.073841
20,5,train,88,0.320000,0.306579
20,5,train,89,0.439000,0.405047
20,5,train,90,-0.390000,-0.126309
20,5,train,91,0.180000,0.168563
20,5,train,92,0.000000,0.006810
20,5,train,93,0.144500,0.136449
20,5,train,94,0.035400,0.053011
20,5,train,95,0.020000,0.037376
20,5,train,96,0.045300,0.050544
20,5,train,97,0.540000,0.410126
20,5,train,98,0.280000,0.247603
20,5,train,99,0.058480,0.097846
20,5,train,100,0.360000,0.299043
20,5,train,101,0.050000,0.053095
20,5,train,102,0.010000,0.028071
20,5,train,103,0.820000,0.704379
20,5,train,104,0.020000,0.072536
20,5,train,105,0.330000,0.319360
20,5,train,106,0.200000,0.190500
20,5,train,107,0.200000,0.195480
20,5,train,108,0.240000,0.188736
20,5,train,109,0.273300,0.257854
20,5,train,110,0.090000,0.101746
20,5,train,111,0.020000,0.038625
20,5,train,112,0.290000,0.274724
20,5,train,113,0.270000,0.244274
20,5,train,114,0.130000,0.133486
20,5,train,115,0.114400,0.123752
20,5,train,116,-0.080000,-0.043515
20,5,train,117,0.043800,0.047699
20,5,train,118,0.264400,0.258614
20,5,train,119,0.185100,0.158749
20,5,train,120,0.030000,0.035511
20,5,train,121,0.062000,0.098123
20,5,train,122,0.380000,0.330036
20,5,train,123,0.050000,0.052344
20,5,train,124,0.090000,0.104370
20,5,train,125,0.350000,0.318915
20,5,train,126,0.020000,0.041666
20,5,train,127,0.011000,0.044328
20,5,train,128,0.290000,0.273954
20,5,train,129,0.018000,0.024631
20,6,test,0,0.190000,0.127573
20,6,test,1,0.310000,0.336932
20,6,test,2,0.220000,0.310379
20,6,test,3,0.095300,0.105566
20,6,test,4,0.280000,0.135300
20,6,test,5,0.100000,0.067521
20,6,test,6,0.020000,0.144545
20,6,test,7,0.190000,0.062473
20,6,test,8,0.290000,0.257952
20,6,test,9,0.144700,0.150332
20,6,test,10,0.790000,0.330822
20,6,test,11,0.020000,0.230378
20,6,test,12,0.020000,0.044725
20,6,test,13,0.160000,0.159412
20,6,test,14,0.114400,0.160645
20,6,test,15,0.174900,0.089471
20,6,test,16,0.260000,0.269028
20,6,test,17,0.210000,0.103222
20,6,test,18,0.045300,0.165220
20,6,test,19,0.084600,0.067304
20,6,test,20,0.150000,0.247714
20,6,test,21,0.040000,0.120007
20,6,test,22,0.151000,0.081659
20,6,test,23,0.280000,0.133165
20,6,test,24,0.151000,0.081259
20,6,test,25,0.035400,0.097891
20,6,test,26,0.144500,0.131754
20,6,test,27,0.030000,0.056416
20,6,test,28,0.160000,0.231013
20,6,test,29,-0.390000,0.116671
20,6,test,30,0.035100,0.098325
20,6,test,31,0.200000,0.270429
20,6,test,32,0.035400,0.097891
20,6,train,0,0.133000,0.154230
20,6,train,1,0.190000,0.187625
20,6,train,2,0.200000,0.201241
20,6,train,3,0.093900,0.109488
20,6,train,4,0.030000,0.055559
20,6,train,5,0.135000,0.132020
20,6,train,6,0.000000,0.065485
20,6,train,7,0.110000,0.102563
20,6,train,8,0.100000,0.082695
20,6,train,9,0.190000,0.246954
20,6,train,10,0.163300,0.133781
20,6,train,11,0.080000,0.074352
20,6,train,12,0.094900,0.086656
20,6,train,13,0.025000,0.029486
20,6,train,14,0.260000,0.230971
20,6,train,15,0.370000,0.230337
20,6,train,16,0.018000,0.033495
20,6,train,17,0.150000,0.192017
20,6,train,18,0.264400,0.242733
20,6,train,19,0.100000,0.076380
20,6,train,20,0.240000,0.220060
20,6,train,21,0.185100,0.143499
20,6,train,22,0.230000,0.252449
20,6,train,23,0.043800,0.069298
20,6,train,24,0.020000,0.037141
20,6,train,25,0.160000,0.148687
20,6,train,26,0.170000,0.153465
20,6,train,27,0.270000,0.218448
20,6,train,28,0.094700,0.168998
20,6,train,29,0.020000,0.014269
20,6,train,30,0.090000,0.085080
20,6,train,31,0.120000,0.272458
20,6,train,32,0.284200,0.238445
20,6,train,33,0.240000,0.170243
20,6,train,34,0.020000,0.073221
20,6,train,35,0.065340,0.135185
20,6,train,36,0.330000,0.268089
20,6,train,37,0.190000,0.164683
20,6,train,38,0.020000,0.068115
20,6,train,39,0.220000,0.223518
20,6,train,40,0.130000,0.142440
20,6,train,41,0.180000,0.148562
20,6,train,42,0.050000,0.031083
20,6,train,43,0.080000,0.076661
20,6,train,44,0.224400,0.158925
20,6,train,45,0.018000,0.030577
20,6,train,46,0.320000,0.266656
20,6,train,47,0.075400,0.076136
20,6,train,48,0.090000,0.171785
20,6,train,49,0.010000,0.078288
20,6,train,50,0.072000,0.084245
20,6,train,51,0.200000,0.211850
20,6,train,52,-0.080000,0.018640
20,6,train,53,0.020000,0.091783
20,6,train,54,0.190000,0.213773
20,6,train,55,0.011000,0.030269
20,6,train,56,0.080000,0.101180
20,6,train,57,0.040000,0.064808
20,6,train,58,0.280000,0.212383
20,6,train,59,0.150000,0.195007
20,6,train,60,0.240000,0.195206
20,6,train,61,0.094600,0.072292
20,6,train,62,0.044200,0.098403
20,6,train,63,0.022000,0.037354
20,6,train,64,0.062000,0.116923
20,6,train,65,0.260000,0.226907
20,6,train,66,0.380000,0.309246
20,6,train,67,0.094900,0.089412
20,6,train,68,0.242000,0.214713
20,6,train,69,0.010000,0.082181
20,6,train,70,0.180000,0.159217
20,6,train,71,0.048480,0.042418
20,6,train,72,0.380000,0.270928
20,6,train,73,0.290000,0.269786
20,6,train,74,0.023500,0.097208
20,6,train,75,0.024200,0.074273
20,6,train,76,0.073410,0.129367
20,6,train,77,0.050000,0.048711
20,6,train,78,0.273300,0.218448
20,6,train,79,0.137000,0.158991
20,6,train,80,0.111520,0.134038
20,6,train,81,0.075400,0.076136
20,6,train,82,0.032000,0.058254
20,6,train,83,0.090000,0.084970
20,6,train,84,0.020000,0.074255
20,6,train,85,0.030000,0.092730
20,6,train,86,0.020000,0.050462
20,6,train,87,0.010000,0.055724
20,6,train,88,0.115100,0.113706
20,6,train,89,0.403000,0.334765
20,6,train,90,-0.030000,0.040862
20,6,train,91,0.070000,0.063888
20,6,train,92,0.063300,0.079406
20,6,train,93,-0.350000,-0.041973
20,6,train,94,0.115100,0.113706
20,6,train,95,0.360000,0.251248
20,6,train,96,0.160000,0.185960
20,6,train,97,0.232000,0.267188
20,6,train,98,0.193500,0.242585
20,6,train,99,0.244400,0.162954
20,6,train,100,0.250000,0.175024
20,6,train,101,0.110000,0.092654
20,6,train,102,0.060000,0.074635
20,6,train,103,-0.110000,-0.017026
20,6,train,104,0.210000,0.142744
20,6,train,105,0.439000,0.334765
20,6,train,106,0.040000,0.029950
20,6,train,107,0.820000,0.426521
20,6,train,108,0.260000,0.250043
20,6,train,109,0.130000,0.123770
20,6,train,110,0.090000,0.111726
20,6,train,111,0.270000,0.172927
20,6,train,112,0.030000,0.036127
20,6,train,113,0.058480,0.095784
20,6,train,114,0.790000,0.426521
20,6,train,115,0.350000,0.285398
20,6,train,116,0.540000,0.332487
20,6,train,117,0.010000,0.051370
20,6,train,118,0.054300,0.145356
20,6,train,119,0.144700,0.150332
20,6,train,120,0.174900,0.176622
20,6,train,121,0.240000,0.249753
20,6,train,122,0.052410,0.060713
20,6,train,123,0.160000,0.133781
20,6,train,124,0.185100,0.143499
20,6,train,125,0.050000,0.061849
20,6,train,126,0.035100,0.080184
20,6,train,127,0.030000,0.135417
20,6,train,128,0.090000,0.103743
20,6,train,129,0.010000,0.052107
20,7,test,0,0.144700,0.131349
20,7,test,1,0.130000,0.090723
20,7,test,2,0.095300,0.107747
20,7,test,3,0.030000,0.178494
20,7,test,4,0.290000,0.190300
20,7,test,5,0.075400,0.021375
20,7,test,6,0.150000,0.205700
20,7,test,7,0.020000,0.152517
20,7,test,8,0.094700,0.174764
20,7,test,9,0.280000,0.228478
20,7,test,10,0.073410,0.155707
20,7,test,11,0.200000,0.201823
20,7,test,12,0.380000,0.236239
20,7,test,13,0.190000,0.144156
20,7,test,14,0.020000,0.081012
20,7,test,15,0.072000,0.180222
20,7,test,16,0.080000,0.160418
20,7,test,17,0.018000,0.007645
20,7,test,18,0.220000,0.182640
20,7,test,19,0.240000,0.161034
20,7,test,20,0.020000,0.058812
20,7,test,21,0.084600,0.024141
20,7,test,22,0.160000,0.084952
20,7,test,23,0.790000,0.225307
20,7,test,24,0.060000,0.064321
20,7,test,25,0.090000,0.066571
20,7,test,26,0.135000,0.172416
20,7,test,27,0.210000,0.111555
20,7,test,28,0.230000,0.176235
20,7,test,29,0.115100,0.088418
20,7,test,30,0.115100,0.088418
20,7,test,31,0.790000,0.283812
20,7,test,32,0.110000,0.163196
20,7,train,0,0.244400,0.192026
20,7,train,1,0.260000,0.261732
20,7,train,2,0.035100,0.093201
20,7,train,3,0.160000,0.124725
20,7,train,4,0.022000,0.091064
20,7,train,5,0.160000,0.156170
20,7,train,6,0.100000,0.076557
20,7,train,7,0.032000,0.091386
20,7,train,8,0.063300,0.064321
20,7,train,9,0.190000,0.167601
20,7,train,10,-0.110000,0.010156
20,7,train,11,0.010000,0.056146
20,7,train,12,0.137000,0.152865
20,7,train,13,0.018000,0.045502
20,7,train,14,0.054300,0.102544
20,7,train,15,-0.080000,-0.011159
20,7,train,16,-0.030000,0.082728
20,7,train,17,0.273300,0.258040
20,7,train,18,0.048480,0.044260
20,7,train,19,0.200000,0.216588
20,7,train,20,0.094900,0.110351
20,7,train,21,0.190000,0.219416
20,7,train,22,0.100000,0.107060
20,7,train,23,-0.350000,-0.002006
20,7,train,24,0.080000,0.102464
20,7,train,25,0.439000,0.297796
20,7,train,26,-0.390000,-0.076528
20,7,train,27,0.011000,0.085437
20,7,train,28,0.185100,0.136335
20,7,train,29,0.020000,0.066913
20,7,train,30,0.260000,0.238840
20,7,train,31,0.350000,0.255620
20,7,train,32,0.035400,0.071127
20,7,train,33,0.130000,0.087403
20,7,train,34,0.224400,0.157558
20,7,train,35,0.180000,0.157017
20,7,train,36,0.163300,0.156170
20,7,train,37,0.075400,0.021375
20,7,train,38,0.040000,0.061723
20,7,train,39,0.190000,0.151433
20,7,train,40,0.030000,0.040758
20,7,train,41,0.193500,0.201003
20,7,train,42,0.090000,0.104316
20,7,train,43,0.024200,0.061416
20,7,train,44,0.030000,0.012252
20,7,train,45,0.020000,0.055641
20,7,train,46,0.090000,0.139501
20,7,train,47,0.190000,0.128081
20,7,train,48,0.065340,0.156413
20,7,train,49,0.080000,0.047004
20,7,train,50,0.180000,0.179492
20,7,train,51,0.094900,0.089617
20,7,train,52,0.280000,0.228105
20,7,train,53,0.090000,0.088460
20,7,train,54,0.190000,0.196559
20,7,train,55,0.044200,0.076702
20,7,train,56,0.330000,0.229823
20,7,train,57,0.025000,0.038659
20,7,train,58,0.030000,0.071777
20,7,train,59,0.150000,0.132571
20,7,train,60,0.000000,0.074879
20,7,train,61,0.160000,0.157061
20,7,train,62,0.820000,0.437793
20,7,train,63,0.280000,0.228708
20,7,train,64,0.058480,0.117544
20,7,train,65,0.151000,0.106911
20,7,train,66,0.240000,0.136276
20,7,train,67,0.020000,0.074217
20,7,train,68,0.260000,0.224968
20,7,train,69,0.232000,0.221560
20,7,train,70,0.114400,0.118829
20,7,train,71,0.242000,0.224421
20,7,train,72,0.040000,0.109350
20,7,train,73,0.150000,0.193775
20,7,train,74,0.264400,0.254292
20,7,train,75,0.062000,0.126730
20,7,train,76,0.240000,0.226546
20,7,train,77,0.035100,0.076447
20,7,train,78,0.050000,0.056566
20,7,train,79,0.110000,0.121187
20,7,train,80,0.120000,0.161694
20,7,train,81,0.320000,0.239929
20,7,train,82,0.094600,0.048268
20,7,train,83,0.100000,0.073514
20,7,train,84,0.160000,0.157316
20,7,train,85,0.270000,0.148478
20,7,train,86,0.380000,0.286347
20,7,train,87,0.270000,0.253074
20,7,train,88,0.170000,0.132350
20,7,train,89,0.111520,0.152313
20,7,train,90,0.050000,0.049258
20,7,train,91,0.020000,0.079755
20,7,train,92,0.040000,0.078281
20,7,train,93,0.260000,0.217046
20,7,train,94,0.250000,0.162122
20,7,train,95,0.403000,0.296428
20,7,train,96,0.151000,0.113754
20,7,train,97,0.290000,0.235741
20,7,train,98,0.240000,0.234507
20,7,train,99,0.035400,0.071127
20,7,train,100,0.090000,0.132254
20,7,train,101,0.174900,0.153917
20,7,train,102,0.220000,0.264760
20,7,train,103,0.045300,0.023213
20,7,train,104,0.020000,0.099045
20,7,train,105,0.284200,0.222068
20,7,train,106,0.050000,0.030707
20,7,train,107,0.010000,0.088579
20,7,train,108,0.070000,0.096118
20,7,train,109,0.043800,0.018077
20,7,train,110,0.144500,0.118352
20,7,train,111,0.310000,0.305424
20,7,train,112,0.020000,0.004915
20,7,train,113,0.174900,0.155027
20,7,train,114,0.020000,0.107669
20,7,train,115,0.010000,0.044346
20,7,train,116,0.210000,0.165922
20,7,train,117,0.540000,0.314549
20,7,train,118,0.010000,0.060202
20,7,train,119,0.023500,0.043483
20,7,train,120,0.010000,0.080060
20,7,train,121,0.144700,0.131349
20,7,train,122,0.370000,0.254635
20,7,train,123,0.093900,0.123649
20,7,train,124,0.133000,0.170196
20,7,train,125,0.185100,0.136335
20,7,train,126,0.200000,0.216716
20,7,train,127,0.360000,0.239362
20,7,train,128,0.030000,0.058655
20,7,train,129,0.052410,0.062495
20,8,test,0,0.018000,0.025060
20,8,test,1,-0.030000,0.122240
20,8,test,2,0.439000,0.213185
20,8,test,3,0.264400,0.188123
20,8,test,4,0.100000,0.053273
20,8,test,5,0.114400,0.133251
20,8,test,6,0.100000,0.102687
20,8,test,7,0.160000,0.170922
20,8,test,8,0.160000,0.126876
20,8,test,9,0.043800,0.090406
20,8,test,10,0.200000,0.128526
20,8,test,11,0.240000,0.219216
20,8,test,12,0.220000,0.302796
20,8,test,13,0.054300,0.153514
20,8,test,14,0.180000,0.082329
20,8,test,15,0.075400,0.085571
20,8,test,16,0.380000,0.192421
20,8,test,17,0.052410,0.082244
20,8,test,18,0.070000,0.143057
20,8,test,19,0.144700,0.150039
20,8,test,20,0.030000,0.084308
20,8,test,21,0.093900,0.118171
20,8,test,22,0.020000,0.073608
20,8,test,23,0.290000,0.198974
20,8,test,24,0.210000,0.095095
20,8,test,25,0.160000,0.144985
20,8,test,26,-0.390000,0.121060
20,8,test,27,0.150000,0.201150
20,8,test,28,0.030000,0.119631
20,8,test,29,0.110000,0.091086
20,8,test,30,0.240000,0.205714
20,8,test,31,0.010000,0.074731
20,8,test,32,0.820000,0.424056
20,8,train,0,0.094900,0.104960
20,8,train,1,0.150000,0.164130
20,8,train,2,0.020000,0.099732
20,8,train,3,0.018000,0.031490
20,8,train,4,0.224400,0.183540
20,8,train,5,0.010000,0.043897
20,8,train,6,0.290000,0.272540
20,8,train,7,0.232000,0.219228
20,8,train,8,0.090000,0.075405
20,8,train,9,0.137000,0.136309
20,8,train,10,0.020000,0.047651
20,8,train,11,0.284200,0.254030
20,8,train,12,0.350000,0.288424
20,8,train,13,0.030000,0.072394
20,8,train,14,0.094900,0.102326
20,8,train,15,0.174900,0.176538
20,8,train,16,0.360000,0.261644
20,8,train,17,0.090000,0.131876
20,8,train,18,0.242000,0.228251
20,8,train,19,0.050000,0.039308
20,8,train,20,0.240000,0.188149
20,8,train,21,0.273300,0.240396
20,8,train,22,0.115100,0.121597
20,8,train,23,0.111520,0.131066
20,8,train,24,0.040000,0.064164
20,8,train,25,-0.080000,0.006072
20,8,train,26,0.193500,0.184947
20,8,train,27,0.320000,0.279191
20,8,train,28,0.403000,0.345502
20,8,train,29,0.063300,0.074046
20,8,train,30,0.330000,0.282146
20,8,train,31,0.090000,0.084784
20,8,train,32,0.210000,0.179949
20,8,train,33,0.020000,0.077188
20,8,train,34,0.133000,0.150247
20,8,train,35,0.185100,0.149769
20,8,train,36,0.280000,0.251866
20,8,train,37,0.090000,0.075837
20,8,train,38,0.032000,0.059856
20,8,train,39,0.022000,0.044819
20,8,train,40,0.200000,0.191259
20,8,train,41,0.190000,0.189296
20,8,train,42,0.260000,0.241261
20,8,train,43,0.073410,0.110188
20,8,train,44,0.200000,0.194174
20,8,train,45,0.035100,0.060581
20,8,train,46,0.020000,0.035621
20,8,train,47,0.115100,0.121597
20,8,train,48,0.190000,0.201711
20,8,train,49,0.174900,0.146921
20,8,train,50,0.040000,0.069699
20,8,train,51,0.010000,0.038807
20,8,train,52,0.144500,0.134724
20,8,train,53,0.023500,0.056964
20,8,train,54,0.790000,0.554255
20,8,train,55,0.010000,0.072258
20,8,train,56,0.020000,0.055081
20,8,train,57,0.135000,0.140147
20,8,train,58,0.310000,0.289536
20,8,train,59,0.094700,0.111569
20,8,train,60,0.163300,0.126876
20,8,train,61,0.120000,0.138193
20,8,train,62,0.190000,0.153958
20,8,train,63,0.250000,0.210648
20,8,train,64,0.075400,0.085571
20,8,train,65,0.020000,0.084614
20,8,train,66,0.095300,0.090303
20,8,train,67,0.540000,0.334461
20,8,train,68,0.790000,0.554255
20,8,train,69,0.180000,0.160369
20,8,train,70,0.144700,0.150039
20,8,train,71,0.048480,0.049282
20,8,train,72,0.260000,0.261724
20,8,train,73,0.160000,0.144693
20,8,train,74,0.045300,0.046739
20,8,train,75,0.280000,0.233793
20,8,train,76,-0.350000,-0.031939
20,8,train,77,0.380000,0.311373
20,8,train,78,0.170000,0.141059
20,8,train,79,0.020000,0.025364
20,8,train,80,0.044200,0.075175
20,8,train,81,0.035400,0.047858
20,8,train,82,0.244400,0.174673
20,8,train,83,0.260000,0.251893
20,8,train,84,0.370000,0.309145
20,8,train,85,0.094600,0.094327
20,8,train,86,0.084600,0.080409
20,8,train,87,0.065340,0.129583
20,8,train,88,0.058480,0.106804
20,8,train,89,0.130000,0.135874
20,8,train,90,0.060000,0.072045
20,8,train,91,0.160000,0.157788
20,8,train,92,0.035100,0.060789
20,8,train,93,0.185100,0.149769
20,8,train,94,0.090000,0.094624
20,8,train,95,0.080000,0.084728
20,8,train,96,0.151000,0.127072
20,8,train,97,0.270000,0.236425
20,8,train,98,0.240000,0.208974
20,8,train,99,0.072000,0.087576
20,8,train,100,-0.110000,-0.012095
20,8,train,101,0.050000,0.075996
20,8,train,102,0.011000,0.051388
20,8,train,103,0.260000,0.235160
20,8,train,104,0.190000,0.139605
20,8,train,105,0.190000,0.168389
20,8,train,106,0.280000,0.243547
20,8,train,107,0.025000,0.031231
20,8,train,108,0.230000,0.208561
20,8,train,109,0.080000,0.078906
20,8,train,110,0.000000,0.036259
20,8,train,111,0.020000,0.061585
20,8,train,112,0.130000,0.135941
20,8,train,113,0.151000,0.127284
20,8,train,114,0.062000,0.117073
20,8,train,115,0.270000,0.240396
20,8,train,116,0.020000,0.059230
20,8,train,117,0.080000,0.086781
20,8,train,118,0.040000,0.105337
20,8,train,119,0.150000,0.184653
20,8,train,120,0.190000,0.175102
20,8,train,121,0.110000,0.122746
20,8,train,122,0.030000,0.121122
20,8,train,123,0.024200,0.089293
20,8,train,124,0.220000,0.222138
20,8,train,125,0.035400,0.047858
20,8,train,126,0.010000,0.034702
20,8,train,127,0.030000,0.036454
20,8,train,128,0.050000,0.046658
20,8,train,129,0.100000,0.111713
20,9,test,0,0.163300,0.113291
20,9,test,1,0.190000,0.078700
20,9,test,2,0.032000,0.225119
20,9,test,3,0.072000,0.155182
20,9,test,4,0.025000,-0.006982
20,9,test,5,0.080000,0.109432
20,9,test,6,0.240000,0.160940
20,9,test,7,0.080000,0.151091
20,9,test,8,0.095300,0.038163
20,9,test,9,0.190000,0.153911
20,9,test,10,0.120000,0.272297
20,9,test,11,0.043800,0.035008
20,9,test,12,0.010000,0.068052
20,9,test,13,0.174900,0.080822
20,9,test,14,0.094900,0.071940
20,9,test,15,0.100000,0.010865
20,9,test,16,0.100000,0.017194
20,9,test,17,0.151000,0.097976
20,9,test,18,0.020000,0.158160
20,9,test,19,0.264400,0.281441
20,9,test,20,0.244400,0.135268
20,9,test,21,0.020000,0.011340
20,9,test,22,0.190000,0.291875
20,9,test,23,0.180000,0.173548
20,9,test,24,0.090000,0.245395
20,9,test,25,0.280000,0.062390
20,9,test,26,0.193500,0.176524
20,9,test,27,0.054300,0.136095
20,9,test,28,0.190000,0.179021
20,9,test,29,0.058480,0.266584
20,9,test,30,0.144700,0.147665
20,9,test,31,0.050000,-0.015297
20,9,test,32,0.280000,0.101629
20,9,train,0,0.052410,0.038627
20,9,train,1,0.094600,0.090568
20,9,train,2,0.035400,0.039949
20,9,train,3,0.190000,0.113338
20,9,train,4,0.010000,0.014392
20,9,train,5,0.790000,0.711509
20,9,train,6,0.350000,0.319326
20,9,train,7,0.540000,0.470871
20,9,train,8,0.065340,0.073346
20,9,train,9,0.070000,0.069071
20,9,train,10,0.010000,0.010505
20,9,train,11,-0.030000,0.021783
20,9,train,12,0.035400,0.039949
20,9,train,13,0.093900,0.112106
20,9,train,14,0.115100,0.110448
20,9,train,15,0.050000,0.040486
20,9,train,16,0.030000,0.037652
20,9,train,17,0.111520,0.106679
20,9,train,18,0.044200,0.036354
20,9,train,19,0.040000,0.038146
20,9,train,20,0.084600,0.072874
20,9,train,21,0.020000,0.084728
20,9,train,22,0.115100,0.110448
20,9,train,23,0.380000,0.360770
20,9,train,24,0.100000,0.097533
20,9,train,25,0.290000,0.288338
20,9,train,26,0.045300,0.034435
20,9,train,27,0.320000,0.322600
20,9,train,28,0.290000,0.291446
20,9,train,29,0.035100,0.039173
20,9,train,30,0.310000,0.309407
20,9,train,31,0.185100,0.175589
20,9,train,32,0.380000,0.383544
20,9,train,33,0.130000,0.116735
20,9,train,34,0.011000,0.006560
20,9,train,35,0.020000,0.015174
20,9,train,36,0.022000,0.031402
20,9,train,37,0.110000,0.112773
20,9,train,38,0.075400,0.064208
20,9,train,39,0.020000,0.040065
20,9,train,40,0.260000,0.244241
20,9,train,41,0.020000,0.043460
20,9,train,42,0.090000,0.066320
20,9,train,43,0.094900,0.091956
20,9,train,44,0.232000,0.265094
20,9,train,45,0.150000,0.168971
20,9,train,46,0.242000,0.236198
20,9,train,47,0.260000,0.257165
20,9,train,48,0.150000,0.157324
20,9,train,49,0.048480,0.030341
20,9,train,50,0.075400,0.064208
20,9,train,51,0.135000,0.151905
20,9,train,52,0.010000,0.036225
20,9,train,53,0.200000,0.209411
20,9,train,54,0.174900,0.172649
20,9,train,55,0.080000,0.070156
20,9,train,56,0.210000,0.193935
20,9,train,57,0.110000,0.118515
20,9,train,58,0.020000,0.042737
20,9,train,59,0.030000,0.015868
20,9,train,60,0.151000,0.102618
20,9,train,61,0.024200,0.032948
20,9,train,62,0.790000,0.749116
20,9,train,63,0.050000,0.052201
20,9,train,64,0.023500,-0.000648
20,9,train,65,0.273300,0.268824
20,9,train,66,0.018000,0.024626
20,9,train,67,0.270000,0.280720
20,9,train,68,0.130000,0.120064
20,9,train,69,0.160000,0.166058
20,9,train,70,0.224400,0.210953
20,9,train,71,-0.110000,-0.095270
20,9,train,72,0.230000,0.210321
20,9,train,73,0.094700,0.097382
20,9,train,74,0.090000,0.107639
20,9,train,75,0.260000,0.272245
20,9,train,76,0.144700,0.147665
20,9,train,77,0.040000,0.064594
20,9,train,78,0.360000,0.333308
20,9,train,79,0.030000,0.041635
20,9,train,80,0.284200,0.261760
20,9,train,81,0.240000,0.253828
20,9,train,82,0.170000,0.168250
20,9,train,83,0.370000,0.345498
20,9,train,84,0.439000,0.410632
20,9,train,85,0.030000,0.029880
20,9,train,86,0.114400,0.116377
20,9,train,87,0.133000,0.147802
20,9,train,88,0.073410,0.140371
20,9,train,89,0.280000,0.280339
20,9,train,90,0.200000,0.200161
20,9,train,91,0.030000,0.034911
20,9,train,92,0.820000,0.787859
20,9,train,93,0.190000,0.183731
20,9,train,94,0.062000,0.085974
20,9,train,95,0.040000,0.042511
20,9,train,96,0.403000,0.417301
20,9,train,97,0.160000,0.135794
20,9,train,98,0.018000,0.002458
20,9,train,99,0.220000,0.239680
20,9,train,100,0.180000,0.179911
20,9,train,101,0.090000,0.106480
20,9,train,102,0.060000,0.059993
20,9,train,103,0.330000,0.297818
20,9,train,104,0.220000,0.239222
20,9,train,105,0.210000,0.184619
20,9,train,106,0.160000,0.156855
20,9,train,107,0.020000,0.026567
20,9,train,108,-0.350000,-0.243688
20,9,train,109,0.144500,0.140138
20,9,train,110,0.240000,0.227651
20,9,train,111,0.240000,0.201038
20,9,train,112,0.000000,0.015131
20,9,train,113,0.090000,0.088521
20,9,train,114,0.200000,0.200929
20,9,train,115,0.250000,0.200709
20,9,train,116,0.160000,0.133800
20,9,train,117,0.160000,0.163853
20,9,train,118,0.035100,0.036174
20,9,train,119,-0.390000,-0.273396
20,9,train,120,0.063300,0.060848
20,9,train,121,0.020000,0.028578
20,9,train,122,0.137000,0.142441
20,9,train,123,-0.080000,-0.050988
20,9,train,124,0.270000,0.235856
20,9,train,125,0.150000,0.156902
20,9,train,126,0.010000,0.038951
20,9,train,127,0.020000,0.027735
20,9,train,128,0.185100,0.175589
20,9,train,129,0.260000,0.250508
20,10,test,0,0.111520,0.113632
20,10,test,1,0.020000,0.149672
20,10,test,2,0.044200,0.132087
20,10,test,3,0.073410,0.175108
20,10,test,4,0.035100,0.104025
20,10,test,5,0.110000,0.097154
20,10,test,6,0.790000,0.361675
20,10,test,7,0.020000,0.198679
20,10,test,8,0.330000,0.211875
20,10,test,9,0.090000,0.091524
20,10,test,10,0.070000,0.090308
20,10,test,11,0.060000,0.070393
20,10,test,12,0.163300,0.139446
20,10,test,13,0.065340,0.229062
20,10,test,14,0.045300,0.135452
20,10,test,15,0.032000,0.111905
20,10,test,16,0.200000,0.133482
20,10,test,17,0.240000,0.262766
20,10,test,18,0.030000,0.127436
20,10,test,19,0.130000,0.204453
20,10,test,20,0.144500,0.045230
20,10,test,21,0.018000,0.021776
20,10,test,22,0.160000,0.195291
20,10,test,23,0.220000,0.259443
20,10,test,24,0.094600,0.121085
20,10,test,25,0.193500,0.137216
20,10,test,26,0.035400,0.037074
20,10,test,27,0.010000,0.167420
20,10,test,28,0.020000,0.034512
20,10,test,29,-0.390000,0.117458
20,10,test,30,0.820000,0.301175
20,10,test,31,-0.030000,0.182878
20,10,test,32,0.210000,0.113844
20,10,train,0,0.210000,0.205400
20,10,train,1,0.540000,0.395338
20,10,train,2,0.280000,0.273029
20,10,train,3,0.020000,0.037252
20,10,train,4,0.230000,0.227772
20,10,train,5,0.020000,0.014644
20,10,train,6,0.150000,0.164685
20,10,train,7,0.370000,0.314318
20,10,train,8,0.790000,0.413072
20,10,train,9,0.260000,0.254243
20,10,train,10,0.190000,0.193322
20,10,train,11,0.050000,0.042261
20,10,train,12,0.160000,0.150184
20,10,train,13,0.030000,0.017588
20,10,train,14,0.075400,0.074721
20,10,train,15,0.054300,0.099746
20,10,train,16,0.151000,0.145654
20,10,train,17,-0.110000,-0.063503
20,10,train,18,0.273300,0.264041
20,10,train,19,0.010000,0.058723
20,10,train,20,0.135000,0.129647
20,10,train,21,0.270000,0.264041
20,10,train,22,0.115100,0.110758
20,10,train,23,0.024200,0.034954
20,10,train,24,0.011000,-0.000282
20,10,train,25,0.052410,0.056025
20,10,train,26,0.190000,0.150142
20,10,train,27,0.094900,0.099336
20,10,train,28,0.040000,0.071400
20,10,train,29,0.160000,0.148566
20,10,train,30,0.174900,0.161141
20,10,train,31,0.190000,0.192467
20,10,train,32,0.080000,0.078065
20,10,train,33,0.380000,0.345038
20,10,train,34,0.224400,0.188481
20,10,train,35,0.180000,0.168735
20,10,train,36,0.062000,0.069076
20,10,train,37,0.090000,0.122072
20,10,train,38,0.190000,0.194111
20,10,train,39,0.095300,0.096068
20,10,train,40,0.180000,0.178364
20,10,train,41,0.360000,0.314701
20,10,train,42,0.084600,0.071364
20,10,train,43,0.050000,0.055840
20,10,train,44,0.050000,0.047792
20,10,train,45,0.023500,0.031943
20,10,train,46,0.035100,0.051526
20,10,train,47,0.240000,0.172661
20,10,train,48,0.133000,0.139105
20,10,train,49,0.090000,0.092684
20,10,train,50,0.030000,0.095565
20,10,train,51,0.439000,0.378938
20,10,train,52,0.110000,0.099648
20,10,train,53,0.310000,0.310125
20,10,train,54,0.115100,0.110758
20,10,train,55,0.290000,0.293022
20,10,train,56,0.250000,0.221774
20,10,train,57,0.260000,0.262491
20,10,train,58,0.284200,0.265752
20,10,train,59,0.018000,0.027228
20,10,train,60,0.160000,0.169210
20,10,train,61,0.035400,0.037074
20,10,train,62,0.020000,0.058987
20,10,train,63,0.030000,0.022565
20,10,train,64,0.220000,0.254493
20,10,train,65,0.200000,0.213029
20,10,train,66,0.043800,0.051173
20,10,train,67,0.010000,0.018625
20,10,train,68,0.100000,0.114991
20,10,train,69,0.100000,0.116664
20,10,train,70,0.072000,0.076014
20,10,train,71,0.290000,0.283321
20,10,train,72,0.174900,0.173987
20,10,train,73,0.380000,0.350602
20,10,train,74,0.094700,0.113229
20,10,train,75,0.100000,0.129948
20,10,train,76,-0.350000,-0.126380
20,10,train,77,0.280000,0.272972
20,10,train,78,0.260000,0.254380
20,10,train,79,0.185100,0.177896
20,10,train,80,0.010000,0.026249
20,10,train,81,0.020000,0.056064
20,10,train,82,0.020000,0.018167
20,10,train,83,0.022000,0.040427
20,10,train,84,0.040000,0.056991
20,10,train,85,0.244400,0.224621
20,10,train,86,0.090000,0.091102
20,10,train,87,0.200000,0.205950
20,10,train,88,0.075400,0.074721
20,10,train,89,0.093900,0.091342
20,10,train,90,0.137000,0.137342
20,10,train,91,0.010000,0.006070
20,10,train,92,0.151000,0.144921
20,10,train,93,0.000000,0.034640
20,10,train,94,0.264400,0.273000
20,10,train,95,0.048480,0.058822
20,10,train,96,0.232000,0.247173
20,10,train,97,0.058480,0.093020
20,10,train,98,-0.080000,-0.050257
20,10,train,99,0.144700,0.143776
20,10,train,100,0.114400,0.116075
20,10,train,101,0.130000,0.140498
20,10,train,102,0.185100,0.177896
20,10,train,103,0.260000,0.261987
20,10,train,104,0.080000,0.086148
20,10,train,105,0.144700,0.143776
20,10,train,106,0.025000,0.029614
20,10,train,107,0.150000,0.165327
20,10,train,108,0.242000,0.248357
20,10,train,109,0.160000,0.144505
20,10,train,110,0.120000,0.200593
20,10,train,111,0.080000,0.093362
20,10,train,112,0.094900,0.099539
20,10,train,113,0.190000,0.187476
20,10,train,114,0.240000,0.236217
20,10,train,115,0.320000,0.293887
20,10,train,116,0.190000,0.207853
20,10,train,117,0.150000,0.171458
20,10,train,118,0.063300,0.070393
20,10,train,119,0.020000,0.091231
20,10,train,120,0.020000,0.029560
20,10,train,121,0.350000,0.329041
20,10,train,122,0.403000,0.378938
20,10,train,123,0.040000,0.033824
20,10,train,124,0.240000,0.231261
20,10,train,125,0.030000,0.024538
20,10,train,126,0.170000,0.175041
20,10,train,127,0.090000,0.093425
20,10,train,128,0.270000,0.259732
20,10,train,129,0.280000,0.254319
34,1,test,0,0.043800,0.126637
34,1,test,1,0.044200,0.109529
34,1,test,2,0.075400,0.077049
34,1,test,3,0.115100,0.117546
34,1,test,4,0.020000,0.156174
34,1,test,5,0.090000,0.136918
34,1,test,6,-0.390000,0.146061
34,1,test,7,0.111520,0.184769
34,1,test,8,0.110000,0.093257
34,1,test,9,0.080000,0.052656
34,1,test,10,0.439000,0.215010
34,1,test,11,0.320000,0.189181
34,1,test,12,0.185100,0.178657
34,1,test,13,0.144500,0.120960
34,1,test,14,0.150000,0.166245
34,1,test,15,0.174900,0.193171
34,1,test,16,0.040000,0.053344
34,1,test,17,0.030000,0.078281
34,1,test,18,0.062000,0.062995
34,1,test,19,0.010000,0.121169
34,1,test,20,0.200000,0.132954
34,1,test,21,0.224400,0.083061
34,1,test,22,0.163300,0.127593
34,1,test,23,0.250000,0.231487
34,1,test,24,0.040000,0.100916
34,1,test,25,0.190000,0.133987
34,1,test,26,0.200000,0.246097
34,1,test,27,0.050000,0.093869
34,1,test,28,0.151000,0.119859
34,1,test,29,0.190000,0.124504
34,1,test,30,0.058480,0.139270
34,1,test,31,0.190000,0.059292
34,1,test,32,0.063300,0.066040
34,1,train,0,0.100000,0.102402
34,1,train,1,0.150000,0.149450
34,1,train,2,0.023500,0.034882
34,1,train,3,0.403000,0.297378
34,1,train,4,0.190000,0.182088
34,1,train,5,0.115100,0.117546
34,1,train,6,0.380000,0.350503
34,1,train,7,0.110000,0.111436
34,1,train,8,0.242000,0.235813
34,1,train,9,0.020000,0.036082
34,1,train,10,0.020000,0.026605
34,1,train,11,0.050000,0.053090
34,1,train,12,-0.110000,-0.041570
34,1,train,13,0.010000,0.017479
34,1,train,14,0.090000,0.092152
34,1,train,15,0.330000,0.319719
34,1,train,16,0.018000,0.024513
34,1,train,17,0.244400,0.235828
34,1,train,18,0.010000,0.017399
34,1,train,19,0.200000,0.198376
34,1,train,20,-0.350000,-0.111480
34,1,train,21,0.100000,0.105070
34,1,train,22,0.260000,0.254561
34,1,train,23,0.144700,0.145133
34,1,train,24,0.080000,0.082958
34,1,train,25,0.151000,0.144638
34,1,train,26,0.000000,0.024491
34,1,train,27,0.024200,0.030669
34,1,train,28,0.035400,0.037700
34,1,train,29,0.220000,0.214611
34,1,train,30,0.084600,0.086938
34,1,train,31,0.070000,0.075595
34,1,train,32,0.048480,0.051064
34,1,train,33,0.090000,0.100440
34,1,train,34,0.360000,0.330676
34,1,train,35,0.290000,0.278253
34,1,train,36,0.220000,0.214998
34,1,train,37,0.270000,0.259504
34,1,train,38,0.280000,0.274071
34,1,train,39,0.260000,0.253894
34,1,train,40,0.790000,0.660828
34,1,train,41,0.310000,0.300605
34,1,train,42,0.020000,0.044178
34,1,train,43,0.120000,0.130822
34,1,train,44,0.144700,0.145133
34,1,train,45,-0.080000,-0.012220
34,1,train,46,0.020000,0.027769
34,1,train,47,0.094900,0.096110
34,1,train,48,0.035100,0.046791
34,1,train,49,0.094700,0.096961
34,1,train,50,0.160000,0.153302
34,1,train,51,0.040000,0.050409
34,1,train,52,0.180000,0.174839
34,1,train,53,0.230000,0.214620
34,1,train,54,0.010000,0.028566
34,1,train,55,0.090000,0.093579
34,1,train,56,0.020000,0.030756
34,1,train,57,0.284200,0.269282
34,1,train,58,0.135000,0.136392
34,1,train,59,0.820000,0.660828
34,1,train,60,0.045300,0.048232
34,1,train,61,0.035400,0.037700
34,1,train,62,0.240000,0.237882
34,1,train,63,0.020000,0.025444
34,1,train,64,0.264400,0.259312
34,1,train,65,0.093900,0.096277
34,1,train,66,0.030000,0.034699
34,1,train,67,0.280000,0.255925
34,1,train,68,0.018000,0.023464
34,1,train,69,0.080000,0.083031
34,1,train,70,0.280000,0.271487
34,1,train,71,0.050000,0.054589
34,1,train,72,0.174900,0.169459
34,1,train,73,0.130000,0.130406
34,1,train,74,0.190000,0.183248
34,1,train,75,0.790000,0.660828
34,1,train,76,0.170000,0.167971
34,1,train,77,0.090000,0.092345
34,1,train,78,0.075400,0.077049
34,1,train,79,0.273300,0.263379
34,1,train,80,0.030000,0.047225
34,1,train,81,0.185100,0.178657
34,1,train,82,0.160000,0.159016
34,1,train,83,0.054300,0.069672
34,1,train,84,0.094900,0.096382
34,1,train,85,0.193500,0.189999
34,1,train,86,0.030000,0.036203
34,1,train,87,0.073410,0.076102
34,1,train,88,0.022000,0.025540
34,1,train,89,0.210000,0.195216
34,1,train,90,0.010000,0.020733
34,1,train,91,0.210000,0.196047
34,1,train,92,0.094600,0.097600
34,1,train,93,-0.030000,-0.007556
34,1,train,94,0.180000,0.169276
34,1,train,95,0.032000,0.044375
34,1,train,96,0.114400,0.118377
34,1,train,97,0.290000,0.283330
34,1,train,98,0.150000,0.150052
34,1,train,99,0.350000,0.332145
34,1,train,100,0.190000,0.187597
34,1,train,101,0.160000,0.157769
34,1,train,102,0.240000,0.234194
34,1,train,103,0.232000,0.224292
34,1,train,104,0.137000,0.136099
34,1,train,105,0.270000,0.262256
34,1,train,106,0.060000,0.066040
34,1,train,107,0.380000,0.338942
34,1,train,108,0.160000,0.157857
34,1,train,109,0.072000,0.075334
34,1,train,110,0.130000,0.131492
34,1,train,111,0.100000,0.101969
34,1,train,112,0.540000,0.375758
34,1,train,113,0.160000,0.159351
34,1,train,114,0.133000,0.134447
34,1,train,115,0.240000,0.235290
34,1,train,116,0.025000,0.029867
34,1,train,117,0.260000,0.245533
34,1,train,118,0.065340,0.071188
34,1,train,119,0.052410,0.055973
34,1,train,120,0.020000,0.031124
34,1,train,121,0.260000,0.249879
34,1,train,122,0.240000,0.220226
34,1,train,123,0.011000,0.025708
34,1,train,124,0.035100,0.045059
34,1,train,125,0.030000,0.036575
34,1,train,126,0.020000,0.025931
34,1,train,127,0.370000,0.332607
34,1,train,128,0.020000,0.034437
34,1,train,129,0.095300,0.099857
34,2,test,0,0.310000,0.221794
34,2,test,1,0.260000,0.151132
34,2,test,2,0.072000,0.109371
34,2,test,3,0.270000,0.205892
34,2,test,4,0.180000,0.085848
34,2,test,5,0.210000,0.138114
34,2,test,6,0.052410,0.131860
34,2,test,7,0.080000,0.152991
34,2,test,8,0.032000,0.188854
34,2,test,9,0.280000,0.127657
34,2,test,10,0.093900,0.130631
34,2,test,11,0.240000,0.221491
34,2,test,12,0.100000,0.131477
34,2,test,13,0.150000,0.171297
34,2,test,14,0.090000,0.088661
34,2,test,15,0.273300,0.148283
34,2,test,16,0.110000,0.186081
34,2,test,17,0.011000,0.259815
34,2,test,18,0.200000,0.187442
34,2,test,19,0.111520,0.101900
34,2,test,20,-0.080000,0.134635
34,2,test,21,0.073410,0.178942
34,2,test,22,0.043800,0.075366
34,2,test,23,0.010000,0.211900
34,2,test,24,-0.350000,0.208474
34,2,test,25,0.260000,0.187796
34,2,test,26,0.084600,0.077288
34,2,test,27,0.224400,0.090798
34,2,test,28,0.010000,0.112726
34,2,test,29,0.035100,0.098578
34,2,test,30,0.174900,0.137903
34,2,test,31,0.018000,0.079637
34,2,test,32,0.020000,0.107233
34,2,train,0,0.115100,0.104624
34,2,train,1,0.320000,0.223241
34,2,train,2,0.023500,0.111694
34,2,train,3,0.790000,0.327764
34,2,train,4,-0.110000,0.128523
34,2,train,5,0.080000,0.067352
34,2,train,6,0.024200,0.092115
34,2,train,7,0.190000,0.184432
34,2,train,8,0.170000,0.116304
34,2,train,9,0.133000,0.167116
34,2,train,10,0.040000,0.116008
34,2,train,11,0.020000,0.091113
34,2,train,12,0.010000,0.109092
34,2,train,13,0.144700,0.131872
34,2,train,14,0.040000,0.184199
34,2,train,15,0.030000,0.119408
34,2,train,16,0.820000,0.341435
34,2,train,17,0.090000,0.077659
34,2,train,18,0.010000,0.092959
34,2,train,19,0.244400,0.107208
34,2,train,20,0.190000,0.126249
34,2,train,21,0.144700,0.131872
34,2,train,22,0.020000,0.183324
34,2,train,23,0.264400,0.214155
34,2,train,24,0.048480,0.109788
34,2,train,25,0.240000,0.193239
34,2,train,26,0.110000,0.200600
34,2,train,27,0.062000,0.162336
34,2,train,28,0.065340,0.126922
34,2,train,29,0.180000,0.193438
34,2,train,30,0.030000,0.114918
34,2,train,31,0.120000,0.234501
34,2,train,32,0.025000,0.058732
34,2,train,33,0.114400,0.093689
34,2,train,34,-0.390000,0.045759
34,2,train,35,0.030000,0.084875
34,2,train,36,0.020000,0.106989
34,2,train,37,0.018000,0.061924
34,2,train,38,0.090000,0.155378
34,2,train,39,0.151000,0.106290
34,2,train,40,0.790000,0.352435
34,2,train,41,0.094600,0.077288
34,2,train,42,0.020000,0.148533
34,2,train,43,0.190000,0.190283
34,2,train,44,0.050000,0.100999
34,2,train,45,0.040000,0.103138
34,2,train,46,0.240000,0.121680
34,2,train,47,0.439000,0.197374
34,2,train,48,0.050000,0.079725
34,2,train,49,0.000000,0.059767
34,2,train,50,0.185100,0.127733
34,2,train,51,0.270000,0.148283
34,2,train,52,0.151000,0.106290
34,2,train,53,0.130000,0.142922
34,2,train,54,0.540000,0.215248
34,2,train,55,0.240000,0.192173
34,2,train,56,0.075400,0.066600
34,2,train,57,0.010000,0.143611
34,2,train,58,0.144500,0.127749
34,2,train,59,0.075400,0.066600
34,2,train,60,0.130000,0.189551
34,2,train,61,-0.030000,0.088846
34,2,train,62,0.280000,0.129630
34,2,train,63,0.190000,0.112386
34,2,train,64,0.284200,0.214136
34,2,train,65,0.063300,0.106859
34,2,train,66,0.020000,0.172831
34,2,train,67,0.094900,0.104791
34,2,train,68,0.260000,0.262510
34,2,train,69,0.054300,0.189761
34,2,train,70,0.135000,0.115961
34,2,train,71,0.160000,0.107442
34,2,train,72,0.100000,0.131477
34,2,train,73,0.035400,0.103168
34,2,train,74,0.160000,0.141628
34,2,train,75,0.260000,0.262510
34,2,train,76,0.150000,0.212745
34,2,train,77,0.232000,0.261584
34,2,train,78,0.020000,0.119495
34,2,train,79,0.020000,0.163267
34,2,train,80,0.100000,0.118386
34,2,train,81,0.200000,0.264597
34,2,train,82,0.290000,0.262510
34,2,train,83,0.050000,0.118095
34,2,train,84,0.020000,0.081891
34,2,train,85,0.030000,0.114873
34,2,train,86,0.160000,0.194844
34,2,train,87,0.350000,0.184781
34,2,train,88,0.020000,0.220445
34,2,train,89,0.163300,0.141628
34,2,train,90,0.210000,0.124004
34,2,train,91,0.035100,0.083702
34,2,train,92,0.190000,0.196224
34,2,train,93,0.115100,0.104624
34,2,train,94,0.022000,0.126060
34,2,train,95,0.160000,0.186555
34,2,train,96,0.160000,0.184903
34,2,train,97,0.185100,0.127733
34,2,train,98,0.360000,0.185862
34,2,train,99,0.290000,0.203801
34,2,train,100,0.090000,0.190031
34,2,train,101,0.094700,0.177294
34,2,train,102,0.094900,0.093240
34,2,train,103,0.070000,0.092333
34,2,train,104,0.030000,0.122954
34,2,train,105,0.380000,0.248094
34,2,train,106,0.330000,0.183578
34,2,train,107,0.242000,0.139568
34,2,train,108,0.045300,0.082341
34,2,train,109,0.200000,0.227840
34,2,train,110,0.190000,0.191096
34,2,train,111,0.080000,0.134626
34,2,train,112,0.220000,0.198335
34,2,train,113,0.230000,0.198419
34,2,train,114,0.095300,0.093546
34,2,train,115,0.280000,0.261637
34,2,train,116,0.250000,0.203805
34,2,train,117,0.150000,0.225489
34,2,train,118,0.058480,0.160821
34,2,train,119,0.060000,0.106859
34,2,train,120,0.044200,0.102097
34,2,train,121,0.403000,0.192790
34,2,train,122,0.035400,0.103168
34,2,train,123,0.380000,0.213207
34,2,train,124,0.220000,0.201488
34,2,train,125,0.174900,0.137122
34,2,train,126,0.193500,0.201310
34,2,train,127,0.137000,0.105692
34,2,train,128,0.370000,0.218594
34,2,train,129,0.090000,0.128468
34,3,test,0,-0.030000,0.165006
34,3,test,1,0.150000,0.162025
34,3,test,2,0.310000,0.330246
34,3,test,3,0.180000,0.086732
34,3,test,4,0.044200,0.126727
34,3,test,5,0.062000,0.058326
34,3,test,6,0.094900,0.116244
34,3,test,7,0.030000,0.087304
34,3,test,8,0.230000,0.137159
34,3,test,9,0.063300,0.059674
34,3,test,10,0.090000,0.165664
34,3,test,11,0.020000,0.095677
34,3,test,12,0.273300,0.270348
34,3,test,13,0.040000,0.079713
34,3,test,14,0.052410,0.032827
34,3,test,15,0.023500,0.076604
34,3,test,16,0.058480,0.107080
34,3,test,17,0.439000,0.241404
34,3,test,18,0.232000,0.462107
34,3,test,19,0.790000,0.628112
34,3,test,20,0.120000,0.362328
34,3,test,21,-0.390000,0.124783
34,3,test,22,0.050000,0.072051
34,3,test,23,0.540000,0.259451
34,3,test,24,0.185100,0.185003
34,3,test,25,0.190000,0.271445
34,3,test,26,0.360000,0.213194
34,3,test,27,0.200000,0.266150
34,3,test,28,0.190000,0.056136
34,3,test,29,0.032000,0.177817
34,3,test,30,0.020000,0.098015
34,3,test,31,0.220000,0.251637
34,3,test,32,-0.080000,0.060405
34,3,train,0,0.090000,0.090045
34,3,train,1,0.080000,0.079870
34,3,train,2,0.073410,0.073811
34,3,train,3,0.045300,0.045197
34,3,train,4,0.011000,0.010771
34,3,train,5,0.350000,0.349897
34,3,train,6,0.264400,0.264050
34,3,train,7,0.290000,0.290025
34,3,train,8,0.030000,0.029921
34,3,train,9,0.130000,0.130223
34,3,train,10,0.370000,0.370502
34,3,train,11,0.010000,0.010186
34,3,train,12,0.193500,0.193341
34,3,train,13,0.130000,0.129080
34,3,train,14,0.137000,0.136756
34,3,train,15,0.100000,0.099267
34,3,train,16,0.020000,0.019901
34,3,train,17,0.330000,0.330399
34,3,train,18,0.093900,0.094210
34,3,train,19,0.174900,0.175000
34,3,train,20,0.200000,0.199081
34,3,train,21,0.075400,0.075120
34,3,train,22,0.094900,0.094913
34,3,train,23,0.030000,0.030586
34,3,train,24,0.084600,0.084632
34,3,train,25,0.111520,0.111005
34,3,train,26,0.030000,0.031211
34,3,train,27,0.160000,0.160060
34,3,train,28,0.144700,0.144670
34,3,train,29,0.284200,0.283386
34,3,train,30,0.160000,0.159744
34,3,train,31,0.090000,0.089960
34,3,train,32,0.144500,0.144543
34,3,train,33,0.030000,0.030515
34,3,train,34,0.100000,0.099597
34,3,train,35,0.020000,0.020369
34,3,train,36,0.090000,0.089994
34,3,train,37,0.240000,0.239379
34,3,train,38,0.022000,0.021625
34,3,train,39,0.144700,0.144670
34,3,train,40,0.280000,0.279330
34,3,train,41,0.035400,0.035568
34,3,train,42,0.260000,0.259983
34,3,train,43,0.224400,0.224090
34,3,train,44,0.163300,0.163356
34,3,train,45,0.260000,0.259865
34,3,train,46,0.403000,0.403070
34,3,train,47,0.020000,0.019789
34,3,train,48,0.040000,0.039923
34,3,train,49,0.020000,0.020267
34,3,train,50,0.072000,0.072095
34,3,train,51,0.043800,0.043797
34,3,train,52,0.048480,0.048140
34,3,train,53,0.270000,0.270268
34,3,train,54,0.025000,0.024990
34,3,train,55,0.160000,0.158827
34,3,train,56,0.020000,0.020483
34,3,train,57,0.270000,0.270348
34,3,train,58,0.024200,0.024546
34,3,train,59,0.114400,0.114258
34,3,train,60,0.050000,0.049811
34,3,train,61,0.080000,0.080150
34,3,train,62,0.035400,0.035568
34,3,train,63,0.100000,0.099769
34,3,train,64,0.020000,0.020219
34,3,train,65,0.174900,0.175133
34,3,train,66,0.250000,0.249674
34,3,train,67,0.200000,0.200103
34,3,train,68,0.135000,0.135024
34,3,train,69,0.185100,0.185003
34,3,train,70,0.190000,0.190167
34,3,train,71,0.035100,0.035124
34,3,train,72,0.018000,0.017417
34,3,train,73,0.320000,0.319529
34,3,train,74,0.040000,0.039728
34,3,train,75,0.110000,0.110165
34,3,train,76,0.240000,0.239840
34,3,train,77,0.010000,0.010085
34,3,train,78,0.094700,0.094538
34,3,train,79,0.290000,0.289661
34,3,train,80,0.260000,0.260258
34,3,train,81,0.150000,0.150174
34,3,train,82,0.010000,0.010147
34,3,train,83,0.820000,0.818232
34,3,train,84,0.060000,0.059674
34,3,train,85,0.260000,0.260281
34,3,train,86,0.000000,0.000259
34,3,train,87,0.050000,0.049886
34,3,train,88,0.170000,0.170062
34,3,train,89,0.160000,0.159820
34,3,train,90,0.190000,0.190312
34,3,train,91,0.180000,0.179854
34,3,train,92,0.244400,0.243886
34,3,train,93,0.280000,0.280112
34,3,train,94,0.115100,0.115060
34,3,train,95,0.210000,0.210005
34,3,train,96,0.210000,0.209721
34,3,train,97,0.075400,0.075120
34,3,train,98,0.065340,0.065075
34,3,train,99,0.095300,0.095605
34,3,train,100,0.035100,0.034935
34,3,train,101,0.240000,0.240133
34,3,train,102,0.242000,0.241735
34,3,train,103,0.380000,0.379650
34,3,train,104,0.160000,0.159804
34,3,train,105,0.020000,0.019954
34,3,train,106,0.110000,0.110232
34,3,train,107,0.010000,0.009748
34,3,train,108,0.220000,0.219830
34,3,train,109,0.070000,0.070368
34,3,train,110,0.115100,0.115060
34,3,train,111,0.240000,0.239779
34,3,train,112,0.190000,0.190138
34,3,train,113,0.280000,0.280147
34,3,train,114,-0.110000,-0.109906
34,3,train,115,0.151000,0.151397
34,3,train,116,0.054300,0.055472
34,3,train,117,0.133000,0.132907
34,3,train,118,0.151000,0.150878
34,3,train,119,0.150000,0.150167
34,3,train,120,-0.350000,-0.344905
34,3,train,121,0.380000,0.380024
34,3,train,122,0.010000,0.010298
34,3,train,123,0.080000,0.080011
34,3,train,124,0.018000,0.018287
34,3,train,125,0.094600,0.094746
34,3,train,126,0.020000,0.019818
34,3,train,127,0.790000,0.790569
34,3,train,128,0.190000,0.189692
34,3,train,129,0.090000,0.090025
34,4,test,0,0.439000,0.220247
34,4,test,1,0.073410,0.105162
34,4,test,2,0.080000,0.086658
34,4,test,3,0.151000,0.132808
34,4,test,4,0.000000,0.127016
34,4,test,5,0.044200,0.124287
34,4,test,6,0.090000,0.098815
34,4,test,7,0.244400,0.091525
34,4,test,8,0.290000,0.172511
34,4,test,9,0.052410,0.068496
34,4,test,10,0.010000,0.074325
34,4,test,11,0.170000,0.121859
34,4,test,12,0.040000,0.104061
34,4,test,13,0.060000,0.062573
34,4,test,14,0.260000,0.203863
34,4,test,15,0.084600,0.081142
34,4,test,16,0.054300,0.127976
34,4,test,17,0.224400,0.106652
34,4,test,18,-0.080000,0.113579
34,4,test,19,0.062000,0.145614
34,4,test,20,0.284200,0.137759
34,4,test,21,0.200000,0.166439
34,4,test,22,0.160000,0.161566
34,4,test,23,0.144500,0.086072
34,4,test,24,0.090000,0.058498
34,4,test,25,0.010000,0.054044
34,4,test,26,0.185100,0.184270
34,4,test,27,0.790000,0.262134
34,4,test,28,0.310000,0.213428
34,4,test,29,0.010000,0.117590
34,4,test,30,0.280000,0.172717
34,4,test,31,0.380000,0.208115
34,4,test,32,0.273300,0.258569
34,4,train,0,0.025000,0.024997
34,4,train,1,0.050000,0.050134
34,4,train,2,0.050000,0.050163
34,4,train,3,0.185100,0.184270
34,4,train,4,0.190000,0.189338
34,4,train,5,0.065340,0.065747
34,4,train,6,0.040000,0.040949
34,4,train,7,0.144700,0.144436
34,4,train,8,0.130000,0.129966
34,4,train,9,0.240000,0.239597
34,4,train,10,0.250000,0.250031
34,4,train,11,0.111520,0.112125
34,4,train,12,0.100000,0.100153
34,4,train,13,0.023500,0.023914
34,4,train,14,0.094700,0.095111
34,4,train,15,0.242000,0.241235
34,4,train,16,0.030000,0.030367
34,4,train,17,0.200000,0.200065
34,4,train,18,0.360000,0.356249
34,4,train,19,0.270000,0.268657
34,4,train,20,0.150000,0.150019
34,4,train,21,0.380000,0.378573
34,4,train,22,0.270000,0.268801
34,4,train,23,0.040000,0.040349
34,4,train,24,0.080000,0.080020
34,4,train,25,0.020000,0.021783
34,4,train,26,0.011000,0.012087
34,4,train,27,0.080000,0.079849
34,4,train,28,0.090000,0.090682
34,4,train,29,0.070000,0.070157
34,4,train,30,0.193500,0.193065
34,4,train,31,0.190000,0.189667
34,4,train,32,0.264400,0.264053
34,4,train,33,0.150000,0.150090
34,4,train,34,0.280000,0.278905
34,4,train,35,0.018000,0.018998
34,4,train,36,0.022000,0.023184
34,4,train,37,0.035400,0.035621
34,4,train,38,0.032000,0.032408
34,4,train,39,0.240000,0.239558
34,4,train,40,0.163300,0.162269
34,4,train,41,0.094900,0.095336
34,4,train,42,0.030000,0.030280
34,4,train,43,0.110000,0.110024
34,4,train,44,0.030000,0.031133
34,4,train,45,0.540000,0.531880
34,4,train,46,0.230000,0.228218
34,4,train,47,0.280000,0.278187
34,4,train,48,0.115100,0.115338
34,4,train,49,0.210000,0.208931
34,4,train,50,0.063300,0.063428
34,4,train,51,0.058480,0.060117
34,4,train,52,0.320000,0.318974
34,4,train,53,0.020000,0.021162
34,4,train,54,0.115100,0.115338
34,4,train,55,0.220000,0.219468
34,4,train,56,0.020000,0.021470
34,4,train,57,0.190000,0.189289
34,4,train,58,0.100000,0.099976
34,4,train,59,0.370000,0.367954
34,4,train,60,0.095300,0.095366
34,4,train,61,0.350000,0.348514
34,4,train,62,0.190000,0.189025
34,4,train,63,0.020000,0.020426
34,4,train,64,0.035100,0.035950
34,4,train,65,0.048480,0.048625
34,4,train,66,0.035100,0.035892
34,4,train,67,0.072000,0.072367
34,4,train,68,0.110000,0.110382
34,4,train,69,0.190000,0.188376
34,4,train,70,0.190000,0.189429
34,4,train,71,0.075400,0.075276
34,4,train,72,0.240000,0.238839
34,4,train,73,0.260000,0.259132
34,4,train,74,0.090000,0.090582
34,4,train,75,0.090000,0.090642
34,4,train,76,-0.030000,-0.025347
34,4,train,77,0.133000,0.133520
34,4,train,78,-0.350000,-0.341112
34,4,train,79,0.174900,0.174609
34,4,train,80,0.290000,0.288973
34,4,train,81,0.160000,0.159879
34,4,train,82,0.030000,0.030817
34,4,train,83,0.137000,0.136890
34,4,train,84,0.180000,0.179467
34,4,train,85,0.820000,0.811975
34,4,train,86,0.093900,0.094444
34,4,train,87,0.094900,0.095007
34,4,train,88,0.024200,0.024727
34,4,train,89,0.020000,0.021576
34,4,train,90,0.020000,0.021052
34,4,train,91,0.144700,0.144436
34,4,train,92,0.151000,0.150167
34,4,train,93,0.050000,0.049181
34,4,train,94,0.100000,0.100432
34,4,train,95,0.403000,0.399201
34,4,train,96,0.035400,0.035621
34,4,train,97,0.130000,0.130039
34,4,train,98,0.150000,0.149462
34,4,train,99,0.260000,0.260421
34,4,train,100,0.180000,0.179397
34,4,train,101,0.018000,0.018380
34,4,train,102,0.135000,0.135020
34,4,train,103,0.160000,0.159148
34,4,train,104,-0.110000,-0.106970
34,4,train,105,0.210000,0.209126
34,4,train,106,0.010000,0.010975
34,4,train,107,0.114400,0.114353
34,4,train,108,-0.390000,-0.380922
34,4,train,109,0.010000,0.010663
34,4,train,110,0.094600,0.094726
34,4,train,111,0.020000,0.022855
34,4,train,112,0.790000,0.789212
34,4,train,113,0.160000,0.159830
34,4,train,114,0.260000,0.258983
34,4,train,115,0.045300,0.045796
34,4,train,116,0.043800,0.044716
34,4,train,117,0.020000,0.021663
34,4,train,118,0.232000,0.231688
34,4,train,119,0.020000,0.020384
34,4,train,120,0.075400,0.075276
34,4,train,121,0.030000,0.032067
34,4,train,122,0.200000,0.199622
34,4,train,123,0.330000,0.328646
34,4,train,124,0.020000,0.020274
34,4,train,125,0.160000,0.159741
34,4,train,126,0.174900,0.174232
34,4,train,127,0.220000,0.219427
34,4,train,128,0.240000,0.238140
34,4,train,129,0.120000,0.120992
34,5,test,0,0.054300,0.102666
34,5,test,1,0.240000,0.168184
34,5,test,2,0.040000,0.099642
34,5,test,3,0.790000,0.439211
34,5,test,4,0.100000,0.109108
34,5,test,5,0.010000,0.121962
34,5,test,6,0.094600,0.062607
34,5,test,7,-0.350000,0.150363
34,5,test,8,0.240000,0.169817
34,5,test,9,0.093900,0.140662
34,5,test,10,0.185100,0.161196
34,5,test,11,0.190000,0.177042
34,5,test,12,0.024200,0.114680
34,5,test,13,0.032000,0.114532
34,5,test,14,0.280000,0.191946
34,5,test,15,-0.030000,0.097208
34,5,test,16,0.030000,0.068201
34,5,test,17,0.160000,0.092857
34,5,test,18,0.260000,0.291946
34,5,test,19,0.063300,0.086298
34,5,test,20,0.190000,0.087958
34,5,test,21,0.160000,0.088379
34,5,test,22,0.163300,0.125559
34,5,test,23,0.023500,0.051997
34,5,test,24,0.094700,0.118292
34,5,test,25,0.174900,0.223750
34,5,test,26,0.090000,0.105521
34,5,test,27,0.035100,0.111944
34,5,test,28,0.052410,0.056871
34,5,test,29,0.200000,0.242810
34,5,test,30,0.010000,0.118365
34,5,test,31,0.220000,0.160006
34,5,test,32,0.190000,0.321723
34,5,train,0,0.160000,0.167946
34,5,train,1,0.790000,0.501014
34,5,train,2,0.075400,0.082265
34,5,train,3,0.050000,0.063897
34,5,train,4,0.110000,0.112669
34,5,train,5,0.310000,0.288626
34,5,train,6,0.040000,0.067782
34,5,train,7,0.090000,0.110048
34,5,train,8,0.174900,0.171773
34,5,train,9,0.020000,0.078759
34,5,train,10,0.144700,0.142688
34,5,train,11,-0.110000,-0.009444
34,5,train,12,0.133000,0.157048
34,5,train,13,0.048480,0.082669
34,5,train,14,0.010000,0.037526
34,5,train,15,0.220000,0.224582
34,5,train,16,0.250000,0.223878
34,5,train,17,0.190000,0.169439
34,5,train,18,0.270000,0.233819
34,5,train,19,0.193500,0.169178
34,5,train,20,0.232000,0.240257
34,5,train,21,0.260000,0.215884
34,5,train,22,0.370000,0.282347
34,5,train,23,0.100000,0.110483
34,5,train,24,0.260000,0.231886
34,5,train,25,0.060000,0.081683
34,5,train,26,0.151000,0.146218
34,5,train,27,0.020000,0.046541
34,5,train,28,0.244400,0.211260
34,5,train,29,0.094900,0.107642
34,5,train,30,0.025000,0.036077
34,5,train,31,0.018000,0.031203
34,5,train,32,0.210000,0.183241
34,5,train,33,0.065340,0.113973
34,5,train,34,0.111520,0.127070
34,5,train,35,0.150000,0.164375
34,5,train,36,0.190000,0.169948
34,5,train,37,0.070000,0.092564
34,5,train,38,0.160000,0.152012
34,5,train,39,0.137000,0.135902
34,5,train,40,0.210000,0.162155
34,5,train,41,0.095300,0.112660
34,5,train,42,0.100000,0.109324
34,5,train,43,0.403000,0.364998
34,5,train,44,0.170000,0.151051
34,5,train,45,0.260000,0.258242
34,5,train,46,0.020000,0.070924
34,5,train,47,0.020000,0.046988
34,5,train,48,0.035400,0.042038
34,5,train,49,0.022000,0.038341
34,5,train,50,0.151000,0.146217
34,5,train,51,0.150000,0.162060
34,5,train,52,0.094900,0.108549
34,5,train,53,0.135000,0.139992
34,5,train,54,0.130000,0.133623
34,5,train,55,0.080000,0.084581
34,5,train,56,0.073410,0.089070
34,5,train,57,0.020000,0.046278
34,5,train,58,0.084600,0.088091
34,5,train,59,0.284200,0.214416
34,5,train,60,0.240000,0.237587
34,5,train,61,0.230000,0.181765
34,5,train,62,0.044200,0.071188
34,5,train,63,0.072000,0.080642
34,5,train,64,0.280000,0.225125
34,5,train,65,0.010000,0.042275
34,5,train,66,0.115100,0.129233
34,5,train,67,0.080000,0.076774
34,5,train,68,0.075400,0.082265
34,5,train,69,0.190000,0.182808
34,5,train,70,0.120000,0.142649
34,5,train,71,0.110000,0.130090
34,5,train,72,0.144700,0.142688
34,5,train,73,0.242000,0.230479
34,5,train,74,0.224400,0.162714
34,5,train,75,0.030000,0.044811
34,5,train,76,0.115100,0.129233
34,5,train,77,0.035100,0.049914
34,5,train,78,0.180000,0.163141
34,5,train,79,0.020000,0.045661
34,5,train,80,0.380000,0.314555
34,5,train,81,0.030000,0.059797
34,5,train,82,0.080000,0.081075
34,5,train,83,0.090000,0.085659
34,5,train,84,0.160000,0.129591
34,5,train,85,0.150000,0.166823
34,5,train,86,0.030000,0.067247
34,5,train,87,0.040000,0.086487
34,5,train,88,0.320000,0.300967
34,5,train,89,0.439000,0.378595
34,5,train,90,-0.390000,-0.037548
34,5,train,91,0.180000,0.177607
34,5,train,92,0.000000,0.063518
34,5,train,93,0.144500,0.136591
34,5,train,94,0.035400,0.042038
34,5,train,95,0.020000,0.039779
34,5,train,96,0.045300,0.053980
34,5,train,97,0.540000,0.325633
34,5,train,98,0.280000,0.258803
34,5,train,99,0.058480,0.103437
34,5,train,100,0.360000,0.283726
34,5,train,101,0.050000,0.073184
34,5,train,102,0.010000,0.027244
34,5,train,103,0.820000,0.501014
34,5,train,104,0.020000,0.108886
34,5,train,105,0.330000,0.296207
34,5,train,106,0.200000,0.189713
34,5,train,107,0.200000,0.183361
34,5,train,108,0.240000,0.188192
34,5,train,109,0.273300,0.234386
34,5,train,110,0.090000,0.102409
34,5,train,111,0.020000,0.062787
34,5,train,112,0.290000,0.246276
34,5,train,113,0.270000,0.238078
34,5,train,114,0.130000,0.135209
34,5,train,115,0.114400,0.124547
34,5,train,116,-0.080000,0.011675
34,5,train,117,0.043800,0.056476
34,5,train,118,0.264400,0.250472
34,5,train,119,0.185100,0.161196
34,5,train,120,0.030000,0.052388
34,5,train,121,0.062000,0.082339
34,5,train,122,0.380000,0.305010
34,5,train,123,0.050000,0.061766
34,5,train,124,0.090000,0.121125
34,5,train,125,0.350000,0.311631
34,5,train,126,0.020000,0.045014
34,5,train,127,0.011000,0.049302
34,5,train,128,0.290000,0.260104
34,5,train,129,0.018000,0.040728
34,6,test,0,0.190000,0.111977
34,6,test,1,0.310000,0.261459
34,6,test,2,0.220000,0.304647
34,6,test,3,0.095300,0.082545
34,6,test,4,0.280000,0.194067
34,6,test,5,0.100000,0.115471
34,6,test,6,0.020000,0.134829
34,6,test,7,0.190000,0.117268
34,6,test,8,0.290000,0.177880
34,6,test,9,0.144700,0.136012
34,6,test,10,0.790000,0.502699
34,6,test,11,0.020000,0.161803
34,6,test,12,0.020000,0.055472
34,6,test,13,0.160000,0.147204
34,6,test,14,0.114400,0.142836
34,6,test,15,0.174900,0.104143
34,6,test,16,0.260000,0.158230
34,6,test,17,0.210000,0.087769
34,6,test,18,0.045300,0.071837
34,6,test,19,0.084600,0.047615
34,6,test,20,0.150000,0.280874
34,6,test,21,0.040000,0.133356
34,6,test,22,0.151000,0.086784
34,6,test,23,0.280000,0.133657
34,6,test,24,0.151000,0.087621
34,6,test,25,0.035400,0.138492
34,6,test,26,0.144500,0.151158
34,6,test,27,0.030000,0.053707
34,6,test,28,0.160000,0.174128
34,6,test,29,-0.390000,0.114557
34,6,test,30,0.035100,0.088808
34,6,test,31,0.200000,0.221020
34,6,test,32,0.035400,0.138492
34,6,train,0,0.133000,0.157255
34,6,train,1,0.190000,0.179975
34,6,train,2,0.200000,0.188541
34,6,train,3,0.093900,0.100720
34,6,train,4,0.030000,0.059771
34,6,train,5,0.135000,0.133768
34,6,train,6,0.000000,0.035849
34,6,train,7,0.110000,0.116795
34,6,train,8,0.100000,0.098381
34,6,train,9,0.190000,0.188003
34,6,train,10,0.163300,0.142130
34,6,train,11,0.080000,0.080850
34,6,train,12,0.094900,0.097188
34,6,train,13,0.025000,0.025403
34,6,train,14,0.260000,0.243904
34,6,train,15,0.370000,0.309324
34,6,train,16,0.018000,0.016045
34,6,train,17,0.150000,0.172466
34,6,train,18,0.264400,0.255720
34,6,train,19,0.100000,0.095600
34,6,train,20,0.240000,0.227800
34,6,train,21,0.185100,0.166204
34,6,train,22,0.230000,0.195533
34,6,train,23,0.043800,0.063202
34,6,train,24,0.020000,0.050341
34,6,train,25,0.160000,0.141326
34,6,train,26,0.170000,0.164763
34,6,train,27,0.270000,0.244661
34,6,train,28,0.094700,0.109592
34,6,train,29,0.020000,0.029479
34,6,train,30,0.090000,0.081245
34,6,train,31,0.120000,0.136758
34,6,train,32,0.284200,0.248276
34,6,train,33,0.240000,0.195506
34,6,train,34,0.020000,0.062518
34,6,train,35,0.065340,0.118394
34,6,train,36,0.330000,0.285218
34,6,train,37,0.190000,0.170106
34,6,train,38,0.020000,0.050512
34,6,train,39,0.220000,0.209868
34,6,train,40,0.130000,0.134374
34,6,train,41,0.180000,0.164582
34,6,train,42,0.050000,0.040005
34,6,train,43,0.080000,0.066934
34,6,train,44,0.224400,0.179769
34,6,train,45,0.018000,0.034003
34,6,train,46,0.320000,0.303373
34,6,train,47,0.075400,0.066475
34,6,train,48,0.090000,0.107423
34,6,train,49,0.010000,0.032125
34,6,train,50,0.072000,0.086812
34,6,train,51,0.200000,0.187231
34,6,train,52,-0.080000,0.005009
34,6,train,53,0.020000,0.042947
34,6,train,54,0.190000,0.189195
34,6,train,55,0.011000,0.038387
34,6,train,56,0.080000,0.080785
34,6,train,57,0.040000,0.086583
34,6,train,58,0.280000,0.235898
34,6,train,59,0.150000,0.150262
34,6,train,60,0.240000,0.204517
34,6,train,61,0.094600,0.090416
34,6,train,62,0.044200,0.074895
34,6,train,63,0.022000,0.026415
34,6,train,64,0.062000,0.082838
34,6,train,65,0.260000,0.251469
34,6,train,66,0.380000,0.330970
34,6,train,67,0.094900,0.103037
34,6,train,68,0.242000,0.219450
34,6,train,69,0.010000,0.034909
34,6,train,70,0.180000,0.161143
34,6,train,71,0.048480,0.035566
34,6,train,72,0.380000,0.318621
34,6,train,73,0.290000,0.271383
34,6,train,74,0.023500,0.083025
34,6,train,75,0.024200,0.066823
34,6,train,76,0.073410,0.100042
34,6,train,77,0.050000,0.048434
34,6,train,78,0.273300,0.244661
34,6,train,79,0.137000,0.133797
34,6,train,80,0.111520,0.135685
34,6,train,81,0.075400,0.066475
34,6,train,82,0.032000,0.060482
34,6,train,83,0.090000,0.072741
34,6,train,84,0.020000,0.053284
34,6,train,85,0.030000,0.065030
34,6,train,86,0.020000,0.035133
34,6,train,87,0.010000,0.020115
34,6,train,88,0.115100,0.123905
34,6,train,89,0.403000,0.360279
34,6,train,90,-0.030000,0.013910
34,6,train,91,0.070000,0.074156
34,6,train,92,0.063300,0.069398
34,6,train,93,-0.350000,-0.041016
34,6,train,94,0.115100,0.123905
34,6,train,95,0.360000,0.270606
34,6,train,96,0.160000,0.148477
34,6,train,97,0.232000,0.227602
34,6,train,98,0.193500,0.190695
34,6,train,99,0.244400,0.211890
34,6,train,100,0.250000,0.206182
34,6,train,101,0.110000,0.116275
34,6,train,102,0.060000,0.067930
34,6,train,103,-0.110000,-0.033085
34,6,train,104,0.210000,0.172730
34,6,train,105,0.439000,0.395743
34,6,train,106,0.040000,0.058912
34,6,train,107,0.820000,0.617903
34,6,train,108,0.260000,0.250699
34,6,train,109,0.130000,0.135105
34,6,train,110,0.090000,0.099931
34,6,train,111,0.270000,0.242821
34,6,train,112,0.030000,0.028823
34,6,train,113,0.058480,0.097121
34,6,train,114,0.790000,0.617903
34,6,train,115,0.350000,0.317427
34,6,train,116,0.540000,0.371060
34,6,train,117,0.010000,0.048611
34,6,train,118,0.054300,0.100145
34,6,train,119,0.144700,0.136012
34,6,train,120,0.174900,0.167339
34,6,train,121,0.240000,0.229847
34,6,train,122,0.052410,0.049475
34,6,train,123,0.160000,0.142130
34,6,train,124,0.185100,0.166204
34,6,train,125,0.050000,0.053039
34,6,train,126,0.035100,0.068487
34,6,train,127,0.030000,0.083139
34,6,train,128,0.090000,0.094288
34,6,train,129,0.010000,0.055412
34,7,test,0,0.144700,0.089949
34,7,test,1,0.130000,0.075829
34,7,test,2,0.095300,0.142821
34,7,test,3,0.030000,0.158941
34,7,test,4,0.290000,0.122388
34,7,test,5,0.075400,0.009662
34,7,test,6,0.150000,0.200166
34,7,test,7,0.020000,0.131152
34,7,test,8,0.094700,0.111369
34,7,test,9,0.280000,0.220086
34,7,test,10,0.073410,0.184961
34,7,test,11,0.200000,0.182985
34,7,test,12,0.380000,0.193378
34,7,test,13,0.190000,0.147532
34,7,test,14,0.020000,0.123752
34,7,test,15,0.072000,0.074528
34,7,test,16,0.080000,0.157353
34,7,test,17,0.018000,0.062090
34,7,test,18,0.220000,0.096468
34,7,test,19,0.240000,0.165657
34,7,test,20,0.020000,0.088457
34,7,test,21,0.084600,0.030759
34,7,test,22,0.160000,0.086721
34,7,test,23,0.790000,0.175639
34,7,test,24,0.060000,0.045829
34,7,test,25,0.090000,0.079227
34,7,test,26,0.135000,0.161777
34,7,test,27,0.210000,0.012996
34,7,test,28,0.230000,0.135521
34,7,test,29,0.115100,0.129082
34,7,test,30,0.115100,0.129082
34,7,test,31,0.790000,0.252537
34,7,test,32,0.110000,0.198856
34,7,train,0,0.244400,0.210230
34,7,train,1,0.260000,0.255636
34,7,train,2,0.035100,0.043899
34,7,train,3,0.160000,0.148456
34,7,train,4,0.022000,0.078216
34,7,train,5,0.160000,0.154182
34,7,train,6,0.100000,0.081076
34,7,train,7,0.032000,0.088394
34,7,train,8,0.063300,0.045829
34,7,train,9,0.190000,0.173894
34,7,train,10,-0.110000,0.034829
34,7,train,11,0.010000,0.027962
34,7,train,12,0.137000,0.162725
34,7,train,13,0.018000,0.070271
34,7,train,14,0.054300,0.091169
34,7,train,15,-0.080000,-0.046170
34,7,train,16,-0.030000,0.035288
34,7,train,17,0.273300,0.265474
34,7,train,18,0.048480,0.038379
34,7,train,19,0.200000,0.190402
34,7,train,20,0.094900,0.078859
34,7,train,21,0.190000,0.203199
34,7,train,22,0.100000,0.072093
34,7,train,23,-0.350000,-0.011232
34,7,train,24,0.080000,0.083890
34,7,train,25,0.439000,0.316879
34,7,train,26,-0.390000,-0.088788
34,7,train,27,0.011000,0.113234
34,7,train,28,0.185100,0.151384
34,7,train,29,0.020000,0.068388
34,7,train,30,0.260000,0.250812
34,7,train,31,0.350000,0.315135
34,7,train,32,0.035400,0.027765
34,7,train,33,0.130000,0.134232
34,7,train,34,0.224400,0.162587
34,7,train,35,0.180000,0.184793
34,7,train,36,0.163300,0.151870
34,7,train,37,0.075400,0.009662
34,7,train,38,0.040000,0.037779
34,7,train,39,0.190000,0.154810
34,7,train,40,0.030000,0.029834
34,7,train,41,0.193500,0.188175
34,7,train,42,0.090000,0.118885
34,7,train,43,0.024200,0.068471
34,7,train,44,0.030000,0.006546
34,7,train,45,0.020000,0.071038
34,7,train,46,0.090000,0.101077
34,7,train,47,0.190000,0.151767
34,7,train,48,0.065340,0.160560
34,7,train,49,0.080000,0.073479
34,7,train,50,0.180000,0.175973
34,7,train,51,0.094900,0.075511
34,7,train,52,0.280000,0.193543
34,7,train,53,0.090000,0.088953
34,7,train,54,0.190000,0.227272
34,7,train,55,0.044200,0.068961
34,7,train,56,0.330000,0.238592
34,7,train,57,0.025000,0.024036
34,7,train,58,0.030000,0.054257
34,7,train,59,0.150000,0.115068
34,7,train,60,0.000000,0.048221
34,7,train,61,0.160000,0.169962
34,7,train,62,0.820000,0.465615
34,7,train,63,0.280000,0.276560
34,7,train,64,0.058480,0.112675
34,7,train,65,0.151000,0.133857
34,7,train,66,0.240000,0.187676
34,7,train,67,0.020000,0.035397
34,7,train,68,0.260000,0.229289
34,7,train,69,0.232000,0.229433
34,7,train,70,0.114400,0.088895
34,7,train,71,0.242000,0.225139
34,7,train,72,0.040000,0.099036
34,7,train,73,0.150000,0.190483
34,7,train,74,0.264400,0.277815
34,7,train,75,0.062000,0.094817
34,7,train,76,0.240000,0.222191
34,7,train,77,0.035100,0.044009
34,7,train,78,0.050000,0.041314
34,7,train,79,0.110000,0.081666
34,7,train,80,0.120000,0.155125
34,7,train,81,0.320000,0.282042
34,7,train,82,0.094600,0.063244
34,7,train,83,0.100000,0.082531
34,7,train,84,0.160000,0.164021
34,7,train,85,0.270000,0.211068
34,7,train,86,0.380000,0.272824
34,7,train,87,0.270000,0.250371
34,7,train,88,0.170000,0.164442
34,7,train,89,0.111520,0.210565
34,7,train,90,0.050000,0.046546
34,7,train,91,0.020000,0.088871
34,7,train,92,0.040000,0.074173
34,7,train,93,0.260000,0.268102
34,7,train,94,0.250000,0.183313
34,7,train,95,0.403000,0.327999
34,7,train,96,0.151000,0.133857
34,7,train,97,0.290000,0.250722
34,7,train,98,0.240000,0.230471
34,7,train,99,0.035400,0.027765
34,7,train,100,0.090000,0.111336
34,7,train,101,0.174900,0.143602
34,7,train,102,0.220000,0.235575
34,7,train,103,0.045300,0.034227
34,7,train,104,0.020000,0.093148
34,7,train,105,0.284200,0.218790
34,7,train,106,0.050000,0.054757
34,7,train,107,0.010000,0.096804
34,7,train,108,0.070000,0.077181
34,7,train,109,0.043800,0.010472
34,7,train,110,0.144500,0.133120
34,7,train,111,0.310000,0.280036
34,7,train,112,0.020000,0.006164
34,7,train,113,0.174900,0.190983
34,7,train,114,0.020000,0.116511
34,7,train,115,0.010000,0.038403
34,7,train,116,0.210000,0.166567
34,7,train,117,0.540000,0.312159
34,7,train,118,0.010000,0.035996
34,7,train,119,0.023500,0.025640
34,7,train,120,0.010000,0.063226
34,7,train,121,0.144700,0.089949
34,7,train,122,0.370000,0.278428
34,7,train,123,0.093900,0.113531
34,7,train,124,0.133000,0.167417
34,7,train,125,0.185100,0.151384
34,7,train,126,0.200000,0.209004
34,7,train,127,0.360000,0.306494
34,7,train,128,0.030000,0.044481
34,7,train,129,0.052410,0.078885
34,8,test,0,0.018000,0.042539
34,8,test,1,-0.030000,0.092291
34,8,test,2,0.439000,0.260177
34,8,test,3,0.264400,0.239326
34,8,test,4,0.100000,0.089868
34,8,test,5,0.114400,0.131423
34,8,test,6,0.100000,0.100433
34,8,test,7,0.160000,0.191969
34,8,test,8,0.160000,0.107041
34,8,test,9,0.043800,0.099871
34,8,test,10,0.200000,0.150615
34,8,test,11,0.240000,0.223832
34,8,test,12,0.220000,0.265824
34,8,test,13,0.054300,0.160225
34,8,test,14,0.180000,0.111129
34,8,test,15,0.075400,0.081051
34,8,test,16,0.380000,0.230350
34,8,test,17,0.052410,0.115705
34,8,test,18,0.070000,0.105864
34,8,test,19,0.144700,0.138590
34,8,test,20,0.030000,0.050702
34,8,test,21,0.093900,0.151511
34,8,test,22,0.020000,0.105759
34,8,test,23,0.290000,0.180196
34,8,test,24,0.210000,0.081214
34,8,test,25,0.160000,0.169448
34,8,test,26,-0.390000,0.120077
34,8,test,27,0.150000,0.200440
34,8,test,28,0.030000,0.146089
34,8,test,29,0.110000,0.093227
34,8,test,30,0.240000,0.176236
34,8,test,31,0.010000,0.123168
34,8,test,32,0.820000,0.318879
34,8,train,0,0.094900,0.103241
34,8,train,1,0.150000,0.177791
34,8,train,2,0.020000,0.100439
34,8,train,3,0.018000,0.039878
34,8,train,4,0.224400,0.173867
34,8,train,5,0.010000,0.058446
34,8,train,6,0.290000,0.274420
34,8,train,7,0.232000,0.237286
34,8,train,8,0.090000,0.087757
34,8,train,9,0.137000,0.129721
34,8,train,10,0.020000,0.062869
34,8,train,11,0.284200,0.235247
34,8,train,12,0.350000,0.299281
34,8,train,13,0.030000,0.086147
34,8,train,14,0.094900,0.100729
34,8,train,15,0.174900,0.173453
34,8,train,16,0.360000,0.226248
34,8,train,17,0.090000,0.117994
34,8,train,18,0.242000,0.228778
34,8,train,19,0.050000,0.039526
34,8,train,20,0.240000,0.165175
34,8,train,21,0.273300,0.205868
34,8,train,22,0.115100,0.120352
34,8,train,23,0.111520,0.137274
34,8,train,24,0.040000,0.065494
34,8,train,25,-0.080000,0.024576
34,8,train,26,0.193500,0.191769
34,8,train,27,0.320000,0.296062
34,8,train,28,0.403000,0.315643
34,8,train,29,0.063300,0.070764
34,8,train,30,0.330000,0.265711
34,8,train,31,0.090000,0.100209
34,8,train,32,0.210000,0.181474
34,8,train,33,0.020000,0.096049
34,8,train,34,0.133000,0.161298
34,8,train,35,0.185100,0.158347
34,8,train,36,0.280000,0.239946
34,8,train,37,0.090000,0.088367
34,8,train,38,0.032000,0.063551
34,8,train,39,0.022000,0.042030
34,8,train,40,0.200000,0.210038
34,8,train,41,0.190000,0.191534
34,8,train,42,0.260000,0.276254
34,8,train,43,0.073410,0.117491
34,8,train,44,0.200000,0.190160
34,8,train,45,0.035100,0.070862
34,8,train,46,0.020000,0.027133
34,8,train,47,0.115100,0.120352
34,8,train,48,0.190000,0.182650
34,8,train,49,0.174900,0.158220
34,8,train,50,0.040000,0.059471
34,8,train,51,0.010000,0.042032
34,8,train,52,0.144500,0.130259
34,8,train,53,0.023500,0.079503
34,8,train,54,0.790000,0.423404
34,8,train,55,0.010000,0.080142
34,8,train,56,0.020000,0.040153
34,8,train,57,0.135000,0.146696
34,8,train,58,0.310000,0.289473
34,8,train,59,0.094700,0.102325
34,8,train,60,0.163300,0.107041
34,8,train,61,0.120000,0.183866
34,8,train,62,0.190000,0.150739
34,8,train,63,0.250000,0.187759
34,8,train,64,0.075400,0.081051
34,8,train,65,0.020000,0.067428
34,8,train,66,0.095300,0.078739
34,8,train,67,0.540000,0.303432
34,8,train,68,0.790000,0.423404
34,8,train,69,0.180000,0.163299
34,8,train,70,0.144700,0.138590
34,8,train,71,0.048480,0.053289
34,8,train,72,0.260000,0.253135
34,8,train,73,0.160000,0.135889
34,8,train,74,0.045300,0.038235
34,8,train,75,0.280000,0.256530
34,8,train,76,-0.350000,-0.006921
34,8,train,77,0.380000,0.291836
34,8,train,78,0.170000,0.162194
34,8,train,79,0.020000,0.035498
34,8,train,80,0.044200,0.082573
34,8,train,81,0.035400,0.053035
34,8,train,82,0.244400,0.210787
34,8,train,83,0.260000,0.218499
34,8,train,84,0.370000,0.270784
34,8,train,85,0.094600,0.099104
34,8,train,86,0.084600,0.084270
34,8,train,87,0.065340,0.135411
34,8,train,88,0.058480,0.121827
34,8,train,89,0.130000,0.117706
34,8,train,90,0.060000,0.070764
34,8,train,91,0.160000,0.169218
34,8,train,92,0.035100,0.071695
34,8,train,93,0.185100,0.158347
34,8,train,94,0.090000,0.114202
34,8,train,95,0.080000,0.075819
34,8,train,96,0.151000,0.132521
34,8,train,97,0.270000,0.255054
34,8,train,98,0.240000,0.231844
34,8,train,99,0.072000,0.093921
34,8,train,100,-0.110000,-0.001702
34,8,train,101,0.050000,0.067288
34,8,train,102,0.011000,0.050345
34,8,train,103,0.260000,0.228370
34,8,train,104,0.190000,0.135084
34,8,train,105,0.190000,0.186685
34,8,train,106,0.280000,0.223774
34,8,train,107,0.025000,0.034542
34,8,train,108,0.230000,0.172906
34,8,train,109,0.080000,0.068452
34,8,train,110,0.000000,0.050191
34,8,train,111,0.020000,0.079988
34,8,train,112,0.130000,0.128296
34,8,train,113,0.151000,0.132521
34,8,train,114,0.062000,0.084654
34,8,train,115,0.270000,0.205141
34,8,train,116,0.020000,0.063401
34,8,train,117,0.080000,0.087650
34,8,train,118,0.040000,0.112028
34,8,train,119,0.150000,0.178298
34,8,train,120,0.190000,0.163930
34,8,train,121,0.110000,0.124964
34,8,train,122,0.030000,0.112812
34,8,train,123,0.024200,0.073594
34,8,train,124,0.220000,0.226621
34,8,train,125,0.035400,0.053035
34,8,train,126,0.010000,0.031909
34,8,train,127,0.030000,0.035773
34,8,train,128,0.050000,0.042679
34,8,train,129,0.100000,0.093792
34,9,test,0,0.163300,0.135315
34,9,test,1,0.190000,-0.050039
34,9,test,2,0.032000,0.095368
34,9,test,3,0.072000,0.113173
34,9,test,4,0.025000,0.034999
34,9,test,5,0.080000,0.113487
34,9,test,6,0.240000,0.073684
34,9,test,7,0.080000,0.097843
34,9,test,8,0.095300,0.092661
34,9,test,9,0.190000,0.223713
34,9,test,10,0.120000,0.129526
34,9,test,11,0.043800,0.087479
34,9,test,12,0.010000,0.075184
34,9,test,13,0.174900,0.148118
34,9,test,14,0.094900,0.098120
34,9,test,15,0.100000,0.092216
34,9,test,16,0.100000,0.092412
34,9,test,17,0.151000,0.151177
34,9,test,18,0.020000,0.092870
34,9,test,19,0.264400,0.319163
34,9,test,20,0.244400,0.108667
34,9,test,21,0.020000,-0.003978
34,9,test,22,0.190000,0.247243
34,9,test,23,0.180000,0.081747
34,9,test,24,0.090000,0.163104
34,9,test,25,0.280000,0.069805
34,9,test,26,0.193500,0.142041
34,9,test,27,0.054300,0.125201
34,9,test,28,0.190000,0.144120
34,9,test,29,0.058480,0.177171
34,9,test,30,0.144700,0.144650
34,9,test,31,0.050000,0.044348
34,9,test,32,0.280000,0.152310
34,9,train,0,0.052410,0.055631
34,9,train,1,0.094600,0.094390
34,9,train,2,0.035400,0.036491
34,9,train,3,0.190000,0.184119
34,9,train,4,0.010000,0.017816
34,9,train,5,0.790000,0.741432
34,9,train,6,0.350000,0.347470
34,9,train,7,0.540000,0.425622
34,9,train,8,0.065340,0.067488
34,9,train,9,0.070000,0.070665
34,9,train,10,0.010000,0.012061
34,9,train,11,-0.030000,-0.017958
34,9,train,12,0.035400,0.036491
34,9,train,13,0.093900,0.094935
34,9,train,14,0.115100,0.116067
34,9,train,15,0.050000,0.049177
34,9,train,16,0.030000,0.032585
34,9,train,17,0.111520,0.114056
34,9,train,18,0.044200,0.045721
34,9,train,19,0.040000,0.041367
34,9,train,20,0.084600,0.084459
34,9,train,21,0.020000,0.025523
34,9,train,22,0.115100,0.116067
34,9,train,23,0.380000,0.369663
34,9,train,24,0.100000,0.103120
34,9,train,25,0.290000,0.291998
34,9,train,26,0.045300,0.048718
34,9,train,27,0.320000,0.324346
34,9,train,28,0.290000,0.273577
34,9,train,29,0.035100,0.035493
34,9,train,30,0.310000,0.307507
34,9,train,31,0.185100,0.184251
34,9,train,32,0.380000,0.362658
34,9,train,33,0.130000,0.128391
34,9,train,34,0.011000,0.018317
34,9,train,35,0.020000,0.021164
34,9,train,36,0.022000,0.023863
34,9,train,37,0.110000,0.115148
34,9,train,38,0.075400,0.075830
34,9,train,39,0.020000,0.024982
34,9,train,40,0.260000,0.267325
34,9,train,41,0.020000,0.021866
34,9,train,42,0.090000,0.091588
34,9,train,43,0.094900,0.096335
34,9,train,44,0.232000,0.260491
34,9,train,45,0.150000,0.165605
34,9,train,46,0.242000,0.240656
34,9,train,47,0.260000,0.264388
34,9,train,48,0.150000,0.149378
34,9,train,49,0.048480,0.051358
34,9,train,50,0.075400,0.075830
34,9,train,51,0.135000,0.142168
34,9,train,52,0.010000,0.014952
34,9,train,53,0.200000,0.200029
34,9,train,54,0.174900,0.173913
34,9,train,55,0.080000,0.080318
34,9,train,56,0.210000,0.195511
34,9,train,57,0.110000,0.110405
34,9,train,58,0.020000,0.021719
34,9,train,59,0.030000,0.030264
34,9,train,60,0.151000,0.151356
34,9,train,61,0.024200,0.028678
34,9,train,62,0.790000,0.741432
34,9,train,63,0.050000,0.050225
34,9,train,64,0.023500,0.029919
34,9,train,65,0.273300,0.269695
34,9,train,66,0.018000,0.018237
34,9,train,67,0.270000,0.269289
34,9,train,68,0.130000,0.131042
34,9,train,69,0.160000,0.207648
34,9,train,70,0.224400,0.221659
34,9,train,71,-0.110000,-0.082659
34,9,train,72,0.230000,0.230873
34,9,train,73,0.094700,0.096886
34,9,train,74,0.090000,0.094611
34,9,train,75,0.260000,0.259209
34,9,train,76,0.144700,0.144650
34,9,train,77,0.040000,0.044000
34,9,train,78,0.360000,0.339508
34,9,train,79,0.030000,0.034313
34,9,train,80,0.284200,0.265647
34,9,train,81,0.240000,0.241877
34,9,train,82,0.170000,0.172366
34,9,train,83,0.370000,0.347086
34,9,train,84,0.439000,0.422813
34,9,train,85,0.030000,0.031644
34,9,train,86,0.114400,0.115751
34,9,train,87,0.133000,0.134909
34,9,train,88,0.073410,0.073759
34,9,train,89,0.280000,0.282442
34,9,train,90,0.200000,0.204879
34,9,train,91,0.030000,0.028010
34,9,train,92,0.820000,0.741432
34,9,train,93,0.190000,0.194801
34,9,train,94,0.062000,0.064044
34,9,train,95,0.040000,0.042273
34,9,train,96,0.403000,0.396065
34,9,train,97,0.160000,0.118388
34,9,train,98,0.018000,0.023493
34,9,train,99,0.220000,0.224874
34,9,train,100,0.180000,0.184226
34,9,train,101,0.090000,0.100756
34,9,train,102,0.060000,0.061827
34,9,train,103,0.330000,0.327919
34,9,train,104,0.220000,0.221500
34,9,train,105,0.210000,0.208615
34,9,train,106,0.160000,0.161000
34,9,train,107,0.020000,0.023151
34,9,train,108,-0.350000,-0.256340
34,9,train,109,0.144500,0.145085
34,9,train,110,0.240000,0.240880
34,9,train,111,0.240000,0.231122
34,9,train,112,0.000000,0.006618
34,9,train,113,0.090000,0.090488
34,9,train,114,0.200000,0.183701
34,9,train,115,0.250000,0.214891
34,9,train,116,0.160000,0.151389
34,9,train,117,0.160000,0.160826
34,9,train,118,0.035100,0.037540
34,9,train,119,-0.390000,-0.255899
34,9,train,120,0.063300,0.062947
34,9,train,121,0.020000,0.022398
34,9,train,122,0.137000,0.135312
34,9,train,123,-0.080000,-0.072710
34,9,train,124,0.270000,0.259616
34,9,train,125,0.150000,0.151168
34,9,train,126,0.010000,0.013332
34,9,train,127,0.020000,0.022308
34,9,train,128,0.185100,0.184251
34,9,train,129,0.260000,0.241188
34,10,test,0,0.111520,0.129709
34,10,test,1,0.020000,0.115488
34,10,test,2,0.044200,0.111662
34,10,test,3,0.073410,0.194096
34,10,test,4,0.035100,0.066840
34,10,test,5,0.110000,0.036116
34,10,test,6,0.790000,0.373587
34,10,test,7,0.020000,0.164674
34,10,test,8,0.330000,0.112238
34,10,test,9,0.090000,0.113020
34,10,test,10,0.070000,0.114127
34,10,test,11,0.060000,0.065459
34,10,test,12,0.163300,0.153454
34,10,test,13,0.065340,0.237303
34,10,test,14,0.045300,0.110628
34,10,test,15,0.032000,0.021695
34,10,test,16,0.200000,0.150568
34,10,test,17,0.240000,0.204380
34,10,test,18,0.030000,0.136401
34,10,test,19,0.130000,0.138932
34,10,test,20,0.144500,0.047225
34,10,test,21,0.018000,0.020347
34,10,test,22,0.160000,0.174510
34,10,test,23,0.220000,0.114020
34,10,test,24,0.094600,0.088535
34,10,test,25,0.193500,0.119743
34,10,test,26,0.035400,0.028139
34,10,test,27,0.010000,0.090569
34,10,test,28,0.020000,0.070845
34,10,test,29,-0.390000,0.095994
34,10,test,30,0.820000,0.287677
34,10,test,31,-0.030000,0.142552
34,10,test,32,0.210000,0.047232
34,10,train,0,0.210000,0.204517
34,10,train,1,0.540000,0.361791
34,10,train,2,0.280000,0.275694
34,10,train,3,0.020000,0.038359
34,10,train,4,0.230000,0.207681
34,10,train,5,0.020000,0.034843
34,10,train,6,0.150000,0.156408
34,10,train,7,0.370000,0.314623
34,10,train,8,0.790000,0.442343
34,10,train,9,0.260000,0.269861
34,10,train,10,0.190000,0.190749
34,10,train,11,0.050000,0.058261
34,10,train,12,0.160000,0.157694
34,10,train,13,0.030000,0.030991
34,10,train,14,0.075400,0.079008
34,10,train,15,0.054300,0.089886
34,10,train,16,0.151000,0.151503
34,10,train,17,-0.110000,-0.023410
34,10,train,18,0.273300,0.254117
34,10,train,19,0.010000,0.032131
34,10,train,20,0.135000,0.143026
34,10,train,21,0.270000,0.254117
34,10,train,22,0.115100,0.117557
34,10,train,23,0.024200,0.038162
34,10,train,24,0.011000,0.010685
34,10,train,25,0.052410,0.049733
34,10,train,26,0.190000,0.154240
34,10,train,27,0.094900,0.110044
34,10,train,28,0.040000,0.067589
34,10,train,29,0.160000,0.155679
34,10,train,30,0.174900,0.166773
34,10,train,31,0.190000,0.173935
34,10,train,32,0.080000,0.088833
34,10,train,33,0.380000,0.335108
34,10,train,34,0.224400,0.193031
34,10,train,35,0.180000,0.179521
34,10,train,36,0.062000,0.064107
34,10,train,37,0.090000,0.115916
34,10,train,38,0.190000,0.202360
34,10,train,39,0.095300,0.104050
34,10,train,40,0.180000,0.168409
34,10,train,41,0.360000,0.295472
34,10,train,42,0.084600,0.076093
34,10,train,43,0.050000,0.050926
34,10,train,44,0.050000,0.053045
34,10,train,45,0.023500,0.034106
34,10,train,46,0.035100,0.049367
34,10,train,47,0.240000,0.213413
34,10,train,48,0.133000,0.146294
34,10,train,49,0.090000,0.100906
34,10,train,50,0.030000,0.104592
34,10,train,51,0.439000,0.383259
34,10,train,52,0.110000,0.090556
34,10,train,53,0.310000,0.316508
34,10,train,54,0.115100,0.117557
34,10,train,55,0.290000,0.286587
34,10,train,56,0.250000,0.229540
34,10,train,57,0.260000,0.259413
34,10,train,58,0.284200,0.273216
34,10,train,59,0.018000,0.026665
34,10,train,60,0.160000,0.166655
34,10,train,61,0.035400,0.028139
34,10,train,62,0.020000,0.041526
34,10,train,63,0.030000,0.032243
34,10,train,64,0.220000,0.217644
34,10,train,65,0.200000,0.216574
34,10,train,66,0.043800,0.055676
34,10,train,67,0.010000,0.020517
34,10,train,68,0.100000,0.102704
34,10,train,69,0.100000,0.094137
34,10,train,70,0.072000,0.075817
34,10,train,71,0.290000,0.293000
34,10,train,72,0.174900,0.180394
34,10,train,73,0.380000,0.345622
34,10,train,74,0.094700,0.097554
34,10,train,75,0.100000,0.110888
34,10,train,76,-0.350000,-0.075851
34,10,train,77,0.280000,0.268598
34,10,train,78,0.260000,0.255817
34,10,train,79,0.185100,0.178482
34,10,train,80,0.010000,0.010628
34,10,train,81,0.020000,0.033930
34,10,train,82,0.020000,0.029560
34,10,train,83,0.022000,0.029784
34,10,train,84,0.040000,0.041921
34,10,train,85,0.244400,0.218193
34,10,train,86,0.090000,0.084248
34,10,train,87,0.200000,0.212909
34,10,train,88,0.075400,0.079008
34,10,train,89,0.093900,0.091680
34,10,train,90,0.137000,0.128360
34,10,train,91,0.010000,0.023339
34,10,train,92,0.151000,0.147128
34,10,train,93,0.000000,0.028703
34,10,train,94,0.264400,0.262630
34,10,train,95,0.048480,0.059568
34,10,train,96,0.232000,0.255247
34,10,train,97,0.058480,0.085877
34,10,train,98,-0.080000,-0.026786
34,10,train,99,0.144700,0.145322
34,10,train,100,0.114400,0.123684
34,10,train,101,0.130000,0.123950
34,10,train,102,0.185100,0.178482
34,10,train,103,0.260000,0.240322
34,10,train,104,0.080000,0.083522
34,10,train,105,0.144700,0.145322
34,10,train,106,0.025000,0.029961
34,10,train,107,0.150000,0.186638
34,10,train,108,0.242000,0.235387
34,10,train,109,0.160000,0.157251
34,10,train,110,0.120000,0.138958
34,10,train,111,0.080000,0.081115
34,10,train,112,0.094900,0.091723
34,10,train,113,0.190000,0.192923
34,10,train,114,0.240000,0.226508
34,10,train,115,0.320000,0.304398
34,10,train,116,0.190000,0.196647
34,10,train,117,0.150000,0.161399
34,10,train,118,0.063300,0.065459
34,10,train,119,0.020000,0.059275
34,10,train,120,0.020000,0.025009
34,10,train,121,0.350000,0.335521
34,10,train,122,0.403000,0.370788
34,10,train,123,0.040000,0.041714
34,10,train,124,0.240000,0.234290
34,10,train,125,0.030000,0.040686
34,10,train,126,0.170000,0.171763
34,10,train,127,0.090000,0.101150
34,10,train,128,0.270000,0.268004
34,10,train,129,0.280000,0.237211
50,1,test,0,0.043800,0.072524
50,1,test,1,0.044200,0.089934
50,1,test,2,0.075400,0.074227
50,1,test,3,0.115100,0.112687
50,1,test,4,0.020000,0.275665
50,1,test,5,0.090000,0.015004
50,1,test,6,-0.390000,0.125101
50,1,test,7,0.111520,0.221437
50,1,test,8,0.110000,0.069280
50,1,test,9,0.080000,0.039556
50,1,test,10,0.439000,0.305795
50,1,test,11,0.320000,0.344684
50,1,test,12,0.185100,0.176475
50,1,test,13,0.144500,0.106103
50,1,test,14,0.150000,0.195181
50,1,test,15,0.174900,0.185241
50,1,test,16,0.040000,0.135118
50,1,test,17,0.030000,0.102269
50,1,test,18,0.062000,0.070520
50,1,test,19,0.010000,0.033797
50,1,test,20,0.200000,0.213431
50,1,test,21,0.224400,0.071729
50,1,test,22,0.163300,0.123772
50,1,test,23,0.250000,0.151990
50,1,test,24,0.040000,0.082221
50,1,test,25,0.190000,0.135322
50,1,test,26,0.200000,0.207900
50,1,test,27,0.050000,0.046673
50,1,test,28,0.151000,0.099001
50,1,test,29,0.190000,0.153064
50,1,test,30,0.058480,0.177923
50,1,test,31,0.190000,0.139770
50,1,test,32,0.063300,0.056309
50,1,train,0,0.100000,0.105114
50,1,train,1,0.150000,0.159667
50,1,train,2,0.023500,0.015856
50,1,train,3,0.403000,0.383838
50,1,train,4,0.190000,0.187646
50,1,train,5,0.115100,0.112687
50,1,train,6,0.380000,0.369632
50,1,train,7,0.110000,0.108075
50,1,train,8,0.242000,0.240736
50,1,train,9,0.020000,0.020540
50,1,train,10,0.020000,0.014600
50,1,train,11,0.050000,0.042268
50,1,train,12,-0.110000,-0.105256
50,1,train,13,0.010000,0.011828
50,1,train,14,0.090000,0.082572
50,1,train,15,0.330000,0.318836
50,1,train,16,0.018000,0.019272
50,1,train,17,0.244400,0.220971
50,1,train,18,0.010000,0.014562
50,1,train,19,0.200000,0.206453
50,1,train,20,-0.350000,-0.225322
50,1,train,21,0.100000,0.098472
50,1,train,22,0.260000,0.258845
50,1,train,23,0.144700,0.145842
50,1,train,24,0.080000,0.068849
50,1,train,25,0.151000,0.135305
50,1,train,26,0.000000,0.014634
50,1,train,27,0.024200,0.027103
50,1,train,28,0.035400,0.036700
50,1,train,29,0.220000,0.228529
50,1,train,30,0.084600,0.080426
50,1,train,31,0.070000,0.065846
50,1,train,32,0.048480,0.044214
50,1,train,33,0.090000,0.097967
50,1,train,34,0.360000,0.349405
50,1,train,35,0.290000,0.283828
50,1,train,36,0.220000,0.216174
50,1,train,37,0.270000,0.268942
50,1,train,38,0.280000,0.279209
50,1,train,39,0.260000,0.253325
50,1,train,40,0.790000,0.773984
50,1,train,41,0.310000,0.325326
50,1,train,42,0.020000,0.042603
50,1,train,43,0.120000,0.121742
50,1,train,44,0.144700,0.145842
50,1,train,45,-0.080000,-0.065583
50,1,train,46,0.020000,0.012321
50,1,train,47,0.094900,0.093596
50,1,train,48,0.035100,0.037969
50,1,train,49,0.094700,0.096939
50,1,train,50,0.160000,0.157434
50,1,train,51,0.040000,0.050168
50,1,train,52,0.180000,0.176504
50,1,train,53,0.230000,0.210925
50,1,train,54,0.010000,0.020613
50,1,train,55,0.090000,0.094617
50,1,train,56,0.020000,0.028521
50,1,train,57,0.284200,0.280865
50,1,train,58,0.135000,0.135136
50,1,train,59,0.820000,0.811110
50,1,train,60,0.045300,0.044161
50,1,train,61,0.035400,0.036700
50,1,train,62,0.240000,0.229292
50,1,train,63,0.020000,0.039335
50,1,train,64,0.264400,0.284050
50,1,train,65,0.093900,0.101722
50,1,train,66,0.030000,0.033799
50,1,train,67,0.280000,0.273063
50,1,train,68,0.018000,0.015988
50,1,train,69,0.080000,0.081963
50,1,train,70,0.280000,0.275302
50,1,train,71,0.050000,0.047094
50,1,train,72,0.174900,0.169554
50,1,train,73,0.130000,0.127753
50,1,train,74,0.190000,0.193835
50,1,train,75,0.790000,0.734200
50,1,train,76,0.170000,0.165189
50,1,train,77,0.090000,0.088348
50,1,train,78,0.075400,0.074227
50,1,train,79,0.273300,0.279100
50,1,train,80,0.030000,0.070681
50,1,train,81,0.185100,0.176475
50,1,train,82,0.160000,0.149336
50,1,train,83,0.054300,0.065101
50,1,train,84,0.094900,0.100059
50,1,train,85,0.193500,0.184704
50,1,train,86,0.030000,0.030298
50,1,train,87,0.073410,0.084936
50,1,train,88,0.022000,0.026805
50,1,train,89,0.210000,0.214755
50,1,train,90,0.010000,0.019835
50,1,train,91,0.210000,0.210257
50,1,train,92,0.094600,0.097360
50,1,train,93,-0.030000,-0.019339
50,1,train,94,0.180000,0.176654
50,1,train,95,0.032000,0.035451
50,1,train,96,0.114400,0.113248
50,1,train,97,0.290000,0.288361
50,1,train,98,0.150000,0.155593
50,1,train,99,0.350000,0.328819
50,1,train,100,0.190000,0.190469
50,1,train,101,0.160000,0.155390
50,1,train,102,0.240000,0.243852
50,1,train,103,0.232000,0.250026
50,1,train,104,0.137000,0.149830
50,1,train,105,0.270000,0.269589
50,1,train,106,0.060000,0.056309
50,1,train,107,0.380000,0.372792
50,1,train,108,0.160000,0.157299
50,1,train,109,0.072000,0.067325
50,1,train,110,0.130000,0.119951
50,1,train,111,0.100000,0.093690
50,1,train,112,0.540000,0.476326
50,1,train,113,0.160000,0.163853
50,1,train,114,0.133000,0.145715
50,1,train,115,0.240000,0.240112
50,1,train,116,0.025000,0.021248
50,1,train,117,0.260000,0.264004
50,1,train,118,0.065340,0.077242
50,1,train,119,0.052410,0.049524
50,1,train,120,0.020000,0.039600
50,1,train,121,0.260000,0.266230
50,1,train,122,0.240000,0.224358
50,1,train,123,0.011000,0.001657
50,1,train,124,0.035100,0.042767
50,1,train,125,0.030000,0.027486
50,1,train,126,0.020000,0.020157
50,1,train,127,0.370000,0.358792
50,1,train,128,0.020000,0.036521
50,1,train,129,0.095300,0.088479
50,2,test,0,0.310000,0.205782
50,2,test,1,0.260000,0.139709
50,2,test,2,0.072000,0.161540
50,2,test,3,0.270000,0.190686
50,2,test,4,0.180000,0.118748
50,2,test,5,0.210000,0.111768
50,2,test,6,0.052410,0.097313
50,2,test,7,0.080000,0.075493
50,2,test,8,0.032000,0.141346
50,2,test,9,0.280000,0.148777
50,2,test,10,0.093900,0.151325
50,2,test,11,0.240000,0.183859
50,2,test,12,0.100000,0.115086
50,2,test,13,0.150000,0.156246
50,2,test,14,0.090000,0.108203
50,2,test,15,0.273300,0.203406
50,2,test,16,0.110000,0.131010
50,2,test,17,0.011000,0.161245
50,2,test,18,0.200000,0.180042
50,2,test,19,0.111520,0.148537
50,2,test,20,-0.080000,0.140183
50,2,test,21,0.073410,0.090394
50,2,test,22,0.043800,0.073199
50,2,test,23,0.010000,0.123147
50,2,test,24,-0.350000,0.165702
50,2,test,25,0.260000,0.190076
50,2,test,26,0.084600,0.090517
50,2,test,27,0.224400,0.134974
50,2,test,28,0.010000,0.101823
50,2,test,29,0.035100,0.125125
50,2,test,30,0.174900,0.135686
50,2,test,31,0.018000,0.125757
50,2,test,32,0.020000,0.148469
50,2,train,0,0.115100,0.127039
50,2,train,1,0.320000,0.268728
50,2,train,2,0.023500,0.057690
50,2,train,3,0.790000,0.638044
50,2,train,4,-0.110000,-0.021699
50,2,train,5,0.080000,0.092847
50,2,train,6,0.024200,0.056001
50,2,train,7,0.190000,0.177979
50,2,train,8,0.170000,0.161010
50,2,train,9,0.133000,0.139684
50,2,train,10,0.040000,0.060803
50,2,train,11,0.020000,0.049816
50,2,train,12,0.010000,0.050605
50,2,train,13,0.144700,0.142697
50,2,train,14,0.040000,0.073017
50,2,train,15,0.030000,0.060918
50,2,train,16,0.820000,0.639723
50,2,train,17,0.090000,0.096854
50,2,train,18,0.010000,0.047258
50,2,train,19,0.244400,0.218869
50,2,train,20,0.190000,0.179238
50,2,train,21,0.144700,0.142697
50,2,train,22,0.020000,0.058135
50,2,train,23,0.264400,0.233999
50,2,train,24,0.048480,0.072682
50,2,train,25,0.240000,0.221285
50,2,train,26,0.110000,0.118624
50,2,train,27,0.062000,0.086765
50,2,train,28,0.065340,0.086330
50,2,train,29,0.180000,0.173769
50,2,train,30,0.030000,0.055396
50,2,train,31,0.120000,0.126604
50,2,train,32,0.025000,0.061520
50,2,train,33,0.114400,0.121570
50,2,train,34,-0.390000,-0.218538
50,2,train,35,0.030000,0.063293
50,2,train,36,0.020000,0.057164
50,2,train,37,0.018000,0.058935
50,2,train,38,0.090000,0.099947
50,2,train,39,0.151000,0.142795
50,2,train,40,0.790000,0.634453
50,2,train,41,0.094600,0.100827
50,2,train,42,0.020000,0.053050
50,2,train,43,0.190000,0.179547
50,2,train,44,0.050000,0.073015
50,2,train,45,0.040000,0.072971
50,2,train,46,0.240000,0.215163
50,2,train,47,0.439000,0.349668
50,2,train,48,0.050000,0.071218
50,2,train,49,0.000000,0.050987
50,2,train,50,0.185100,0.171689
50,2,train,51,0.270000,0.228926
50,2,train,52,0.151000,0.142795
50,2,train,53,0.130000,0.133831
50,2,train,54,0.540000,0.405233
50,2,train,55,0.240000,0.215013
50,2,train,56,0.075400,0.089119
50,2,train,57,0.010000,0.049595
50,2,train,58,0.144500,0.140753
50,2,train,59,0.075400,0.089119
50,2,train,60,0.130000,0.132303
50,2,train,61,-0.030000,0.039505
50,2,train,62,0.280000,0.232244
50,2,train,63,0.190000,0.175796
50,2,train,64,0.284200,0.245331
50,2,train,65,0.063300,0.078885
50,2,train,66,0.020000,0.056471
50,2,train,67,0.094900,0.109388
50,2,train,68,0.260000,0.240238
50,2,train,69,0.054300,0.076086
50,2,train,70,0.135000,0.138807
50,2,train,71,0.160000,0.151561
50,2,train,72,0.100000,0.109210
50,2,train,73,0.035400,0.060004
50,2,train,74,0.160000,0.156549
50,2,train,75,0.260000,0.235252
50,2,train,76,0.150000,0.152001
50,2,train,77,0.232000,0.211676
50,2,train,78,0.020000,0.056690
50,2,train,79,0.020000,0.061392
50,2,train,80,0.100000,0.111640
50,2,train,81,0.200000,0.186779
50,2,train,82,0.290000,0.248493
50,2,train,83,0.050000,0.071449
50,2,train,84,0.020000,0.055511
50,2,train,85,0.030000,0.061336
50,2,train,86,0.160000,0.155831
50,2,train,87,0.350000,0.294429
50,2,train,88,0.020000,0.055633
50,2,train,89,0.163300,0.156691
50,2,train,90,0.210000,0.187101
50,2,train,91,0.035100,0.080600
50,2,train,92,0.190000,0.177980
50,2,train,93,0.115100,0.127039
50,2,train,94,0.022000,0.060321
50,2,train,95,0.160000,0.157483
50,2,train,96,0.160000,0.156852
50,2,train,97,0.185100,0.171689
50,2,train,98,0.360000,0.302197
50,2,train,99,0.290000,0.252075
50,2,train,100,0.090000,0.104456
50,2,train,101,0.094700,0.104824
50,2,train,102,0.094900,0.109641
50,2,train,103,0.070000,0.085760
50,2,train,104,0.030000,0.067197
50,2,train,105,0.380000,0.310809
50,2,train,106,0.330000,0.279449
50,2,train,107,0.242000,0.212801
50,2,train,108,0.045300,0.071802
50,2,train,109,0.200000,0.182682
50,2,train,110,0.190000,0.177974
50,2,train,111,0.080000,0.093433
50,2,train,112,0.220000,0.199248
50,2,train,113,0.230000,0.207424
50,2,train,114,0.095300,0.106567
50,2,train,115,0.280000,0.247523
50,2,train,116,0.250000,0.230403
50,2,train,117,0.150000,0.150691
50,2,train,118,0.058480,0.081154
50,2,train,119,0.060000,0.078885
50,2,train,120,0.044200,0.074962
50,2,train,121,0.403000,0.347896
50,2,train,122,0.035400,0.060004
50,2,train,123,0.380000,0.313590
50,2,train,124,0.220000,0.198577
50,2,train,125,0.174900,0.164100
50,2,train,126,0.193500,0.179883
50,2,train,127,0.137000,0.138502
50,2,train,128,0.370000,0.303289
50,2,train,129,0.090000,0.105694
50,3,test,0,-0.030000,0.216262
50,3,test,1,0.150000,0.166491
50,3,test,2,0.310000,0.214562
50,3,test,3,0.180000,0.055599
50,3,test,4,0.044200,0.051469
50,3,test,5,0.062000,0.119173
50,3,test,6,0.094900,0.083967
50,3,test,7,0.030000,-0.072616
50,3,test,8,0.230000,0.127192
50,3,test,9,0.063300,0.060430
50,3,test,10,0.090000,0.075715
50,3,test,11,0.020000,0.112520
50,3,test,12,0.273300,0.271725
50,3,test,13,0.040000,0.136378
50,3,test,14,0.052410,-0.051983
50,3,test,15,0.023500,0.058059
50,3,test,16,0.058480,0.183739
50,3,test,17,0.439000,0.317759
50,3,test,18,0.232000,0.422482
50,3,test,19,0.790000,0.685116
50,3,test,20,0.120000,0.334579
50,3,test,21,-0.390000,0.154675
50,3,test,22,0.050000,0.092100
50,3,test,23,0.540000,0.099446
50,3,test,24,0.185100,0.185334
50,3,test,25,0.190000,0.201363
50,3,test,26,0.360000,0.230170
50,3,test,27,0.200000,0.216602
50,3,test,28,0.190000,0.137309
50,3,test,29,0.032000,0.134884
50,3,test,30,0.020000,0.119227
50,3,test,31,0.220000,0.093252
50,3,test,32,-0.080000,0.045985
50,3,train,0,0.090000,0.089925
50,3,train,1,0.080000,0.079753
50,3,train,2,0.073410,0.073682
50,3,train,3,0.045300,0.045277
50,3,train,4,0.011000,0.011180
50,3,train,5,0.350000,0.349487
50,3,train,6,0.264400,0.264629
50,3,train,7,0.290000,0.290076
50,3,train,8,0.030000,0.029464
50,3,train,9,0.130000,0.130109
50,3,train,10,0.370000,0.369428
50,3,train,11,0.010000,0.009722
50,3,train,12,0.193500,0.193257
50,3,train,13,0.130000,0.129877
50,3,train,14,0.137000,0.136962
50,3,train,15,0.100000,0.099681
50,3,train,16,0.020000,0.019964
50,3,train,17,0.330000,0.329971
50,3,train,18,0.093900,0.093697
50,3,train,19,0.174900,0.174210
50,3,train,20,0.200000,0.199850
50,3,train,21,0.075400,0.075502
50,3,train,22,0.094900,0.094780
50,3,train,23,0.030000,0.030396
50,3,train,24,0.084600,0.084480
50,3,train,25,0.111520,0.110990
50,3,train,26,0.030000,0.031314
50,3,train,27,0.160000,0.160141
50,3,train,28,0.144700,0.144756
50,3,train,29,0.284200,0.284101
50,3,train,30,0.160000,0.160094
50,3,train,31,0.090000,0.090004
50,3,train,32,0.144500,0.144109
50,3,train,33,0.030000,0.030365
50,3,train,34,0.100000,0.100311
50,3,train,35,0.020000,0.019847
50,3,train,36,0.090000,0.090107
50,3,train,37,0.240000,0.240316
50,3,train,38,0.022000,0.022125
50,3,train,39,0.144700,0.144756
50,3,train,40,0.280000,0.279489
50,3,train,41,0.035400,0.035350
50,3,train,42,0.260000,0.260316
50,3,train,43,0.224400,0.224264
50,3,train,44,0.163300,0.163203
50,3,train,45,0.260000,0.260004
50,3,train,46,0.403000,0.402758
50,3,train,47,0.020000,0.020228
50,3,train,48,0.040000,0.040108
50,3,train,49,0.020000,0.020006
50,3,train,50,0.072000,0.072189
50,3,train,51,0.043800,0.043876
50,3,train,52,0.048480,0.048318
50,3,train,53,0.270000,0.269969
50,3,train,54,0.025000,0.024934
50,3,train,55,0.160000,0.159786
50,3,train,56,0.020000,0.020348
50,3,train,57,0.270000,0.270388
50,3,train,58,0.024200,0.024342
50,3,train,59,0.114400,0.114574
50,3,train,60,0.050000,0.049976
50,3,train,61,0.080000,0.079592
50,3,train,62,0.035400,0.035350
50,3,train,63,0.100000,0.099681
50,3,train,64,0.020000,0.019683
50,3,train,65,0.174900,0.175032
50,3,train,66,0.250000,0.250115
50,3,train,67,0.200000,0.199919
50,3,train,68,0.135000,0.134831
50,3,train,69,0.185100,0.185334
50,3,train,70,0.190000,0.190108
50,3,train,71,0.035100,0.035391
50,3,train,72,0.018000,0.017710
50,3,train,73,0.320000,0.320577
50,3,train,74,0.040000,0.040301
50,3,train,75,0.110000,0.109719
50,3,train,76,0.240000,0.239898
50,3,train,77,0.010000,0.010282
50,3,train,78,0.094700,0.094807
50,3,train,79,0.290000,0.289779
50,3,train,80,0.260000,0.260280
50,3,train,81,0.150000,0.150246
50,3,train,82,0.010000,0.010026
50,3,train,83,0.820000,0.817374
50,3,train,84,0.060000,0.060430
50,3,train,85,0.260000,0.260139
50,3,train,86,0.000000,-0.000047
50,3,train,87,0.050000,0.050115
50,3,train,88,0.170000,0.169745
50,3,train,89,0.160000,0.160139
50,3,train,90,0.190000,0.190040
50,3,train,91,0.180000,0.178972
50,3,train,92,0.244400,0.244374
50,3,train,93,0.280000,0.279907
50,3,train,94,0.115100,0.115036
50,3,train,95,0.210000,0.209970
50,3,train,96,0.210000,0.209927
50,3,train,97,0.075400,0.075502
50,3,train,98,0.065340,0.064843
50,3,train,99,0.095300,0.095176
50,3,train,100,0.035100,0.035147
50,3,train,101,0.240000,0.239843
50,3,train,102,0.242000,0.242350
50,3,train,103,0.380000,0.380077
50,3,train,104,0.160000,0.159648
50,3,train,105,0.020000,0.019861
50,3,train,106,0.110000,0.110102
50,3,train,107,0.010000,0.009324
50,3,train,108,0.220000,0.219869
50,3,train,109,0.070000,0.069873
50,3,train,110,0.115100,0.115036
50,3,train,111,0.240000,0.240082
50,3,train,112,0.190000,0.189959
50,3,train,113,0.280000,0.279968
50,3,train,114,-0.110000,-0.108503
50,3,train,115,0.151000,0.151039
50,3,train,116,0.054300,0.054554
50,3,train,117,0.133000,0.133242
50,3,train,118,0.151000,0.151039
50,3,train,119,0.150000,0.151146
50,3,train,120,-0.350000,-0.347930
50,3,train,121,0.380000,0.379502
50,3,train,122,0.010000,0.010114
50,3,train,123,0.080000,0.079747
50,3,train,124,0.018000,0.017818
50,3,train,125,0.094600,0.094643
50,3,train,126,0.020000,0.019587
50,3,train,127,0.790000,0.790289
50,3,train,128,0.190000,0.190686
50,3,train,129,0.090000,0.090216
50,4,test,0,0.439000,0.142407
50,4,test,1,0.073410,0.139338
50,4,test,2,0.080000,0.019124
50,4,test,3,0.151000,0.116871
50,4,test,4,0.000000,0.068425
50,4,test,5,0.044200,0.056851
50,4,test,6,0.090000,0.127116
50,4,test,7,0.244400,0.068973
50,4,test,8,0.290000,0.276001
50,4,test,9,0.052410,0.141694
50,4,test,10,0.010000,0.164463
50,4,test,11,0.170000,0.132354
50,4,test,12,0.040000,0.123207
50,4,test,13,0.060000,0.108585
50,4,test,14,0.260000,0.251237
50,4,test,15,0.084600,0.070807
50,4,test,16,0.054300,0.097411
50,4,test,17,0.224400,0.139191
50,4,test,18,-0.080000,0.076956
50,4,test,19,0.062000,0.177015
50,4,test,20,0.284200,0.249875
50,4,test,21,0.200000,0.216816
50,4,test,22,0.160000,0.097006
50,4,test,23,0.144500,0.077860
50,4,test,24,0.090000,0.005540
50,4,test,25,0.010000,0.033128
50,4,test,26,0.185100,0.163970
50,4,test,27,0.790000,0.274596
50,4,test,28,0.310000,0.354870
50,4,test,29,0.010000,0.117197
50,4,test,30,0.280000,0.134943
50,4,test,31,0.380000,0.218742
50,4,test,32,0.273300,0.244699
50,4,train,0,0.025000,0.020031
50,4,train,1,0.050000,0.044760
50,4,train,2,0.050000,0.083664
50,4,train,3,0.185100,0.163970
50,4,train,4,0.190000,0.172634
50,4,train,5,0.065340,0.176371
50,4,train,6,0.040000,0.068168
50,4,train,7,0.144700,0.136149
50,4,train,8,0.130000,0.143263
50,4,train,9,0.240000,0.226176
50,4,train,10,0.250000,0.208848
50,4,train,11,0.111520,0.130686
50,4,train,12,0.100000,0.060687
50,4,train,13,0.023500,0.018321
50,4,train,14,0.094700,0.083355
50,4,train,15,0.242000,0.166561
50,4,train,16,0.030000,0.037296
50,4,train,17,0.200000,0.200469
50,4,train,18,0.360000,0.259926
50,4,train,19,0.270000,0.233207
50,4,train,20,0.150000,0.193639
50,4,train,21,0.380000,0.339943
50,4,train,22,0.270000,0.154681
50,4,train,23,0.040000,0.082699
50,4,train,24,0.080000,0.115146
50,4,train,25,0.020000,0.049476
50,4,train,26,0.011000,0.036650
50,4,train,27,0.080000,0.061768
50,4,train,28,0.090000,0.126987
50,4,train,29,0.070000,0.048124
50,4,train,30,0.193500,0.164314
50,4,train,31,0.190000,0.175104
50,4,train,32,0.264400,0.214497
50,4,train,33,0.150000,0.190983
50,4,train,34,0.280000,0.228830
50,4,train,35,0.018000,0.048220
50,4,train,36,0.022000,0.080259
50,4,train,37,0.035400,0.067174
50,4,train,38,0.032000,0.064063
50,4,train,39,0.240000,0.237138
50,4,train,40,0.163300,0.136617
50,4,train,41,0.094900,0.137397
50,4,train,42,0.030000,0.086674
50,4,train,43,0.110000,0.149307
50,4,train,44,0.030000,0.050181
50,4,train,45,0.540000,0.400382
50,4,train,46,0.230000,0.138838
50,4,train,47,0.280000,0.219666
50,4,train,48,0.115100,0.123456
50,4,train,49,0.210000,0.200097
50,4,train,50,0.063300,0.108585
50,4,train,51,0.058480,0.074031
50,4,train,52,0.320000,0.353140
50,4,train,53,0.020000,0.221467
50,4,train,54,0.115100,0.123456
50,4,train,55,0.220000,0.314225
50,4,train,56,0.020000,0.041970
50,4,train,57,0.190000,0.173093
50,4,train,58,0.100000,0.071711
50,4,train,59,0.370000,0.259762
50,4,train,60,0.095300,0.129245
50,4,train,61,0.350000,0.261382
50,4,train,62,0.190000,0.182780
50,4,train,63,0.020000,0.020976
50,4,train,64,0.035100,0.080340
50,4,train,65,0.048480,0.061627
50,4,train,66,0.035100,0.069024
50,4,train,67,0.072000,0.132160
50,4,train,68,0.110000,0.153651
50,4,train,69,0.190000,0.111034
50,4,train,70,0.190000,0.182566
50,4,train,71,0.075400,0.045041
50,4,train,72,0.240000,0.225429
50,4,train,73,0.260000,0.196420
50,4,train,74,0.090000,0.092146
50,4,train,75,0.090000,0.125572
50,4,train,76,-0.030000,0.062605
50,4,train,77,0.133000,0.198954
50,4,train,78,-0.350000,-0.073788
50,4,train,79,0.174900,0.226198
50,4,train,80,0.290000,0.193876
50,4,train,81,0.160000,0.166867
50,4,train,82,0.030000,0.069509
50,4,train,83,0.137000,0.114022
50,4,train,84,0.180000,0.110097
50,4,train,85,0.820000,0.582216
50,4,train,86,0.093900,0.089205
50,4,train,87,0.094900,0.110825
50,4,train,88,0.024200,0.094927
50,4,train,89,0.020000,0.074808
50,4,train,90,0.020000,0.033565
50,4,train,91,0.144700,0.136149
50,4,train,92,0.151000,0.120927
50,4,train,93,0.050000,0.019225
50,4,train,94,0.100000,0.053169
50,4,train,95,0.403000,0.257043
50,4,train,96,0.035400,0.067174
50,4,train,97,0.130000,0.067240
50,4,train,98,0.150000,0.194235
50,4,train,99,0.260000,0.237181
50,4,train,100,0.180000,0.140942
50,4,train,101,0.018000,-0.004180
50,4,train,102,0.135000,0.116090
50,4,train,103,0.160000,0.112189
50,4,train,104,-0.110000,0.037350
50,4,train,105,0.210000,0.169092
50,4,train,106,0.010000,0.038558
50,4,train,107,0.114400,0.084882
50,4,train,108,-0.390000,-0.118934
50,4,train,109,0.010000,0.043282
50,4,train,110,0.094600,0.056233
50,4,train,111,0.020000,0.020868
50,4,train,112,0.790000,0.466183
50,4,train,113,0.160000,0.103741
50,4,train,114,0.260000,0.251654
50,4,train,115,0.045300,0.063321
50,4,train,116,0.043800,0.017612
50,4,train,117,0.020000,0.115602
50,4,train,118,0.232000,0.249703
50,4,train,119,0.020000,0.007960
50,4,train,120,0.075400,0.045041
50,4,train,121,0.030000,0.139966
50,4,train,122,0.200000,0.190013
50,4,train,123,0.330000,0.241825
50,4,train,124,0.020000,0.057029
50,4,train,125,0.160000,0.200815
50,4,train,126,0.174900,0.146569
50,4,train,127,0.220000,0.191211
50,4,train,128,0.240000,0.148480
50,4,train,129,0.120000,0.111599
50,5,test,0,0.054300,0.090731
50,5,test,1,0.240000,0.197621
50,5,test,2,0.040000,0.132951
50,5,test,3,0.790000,0.632347
50,5,test,4,0.100000,0.093072
50,5,test,5,0.010000,0.111657
50,5,test,6,0.094600,0.037536
50,5,test,7,-0.350000,0.191970
50,5,test,8,0.240000,0.198932
50,5,test,9,0.093900,0.164272
50,5,test,10,0.185100,0.184556
50,5,test,11,0.190000,0.191420
50,5,test,12,0.024200,0.098547
50,5,test,13,0.032000,0.127403
50,5,test,14,0.280000,0.230268
50,5,test,15,-0.030000,0.130715
50,5,test,16,0.030000,0.040542
50,5,test,17,0.160000,0.093023
50,5,test,18,0.260000,0.282972
50,5,test,19,0.063300,0.071791
50,5,test,20,0.190000,0.051821
50,5,test,21,0.160000,0.092513
50,5,test,22,0.163300,0.154088
50,5,test,23,0.023500,0.044388
50,5,test,24,0.094700,0.115083
50,5,test,25,0.174900,0.179871
50,5,test,26,0.090000,0.119328
50,5,test,27,0.035100,0.074684
50,5,test,28,0.052410,0.077669
50,5,test,29,0.200000,0.287555
50,5,test,30,0.010000,0.197152
50,5,test,31,0.220000,0.142117
50,5,test,32,0.190000,0.292093
50,5,train,0,0.160000,0.171679
50,5,train,1,0.790000,0.769064
50,5,train,2,0.075400,0.074995
50,5,train,3,0.050000,0.048203
50,5,train,4,0.110000,0.107994
50,5,train,5,0.310000,0.310491
50,5,train,6,0.040000,0.044597
50,5,train,7,0.090000,0.090857
50,5,train,8,0.174900,0.171653
50,5,train,9,0.020000,0.025533
50,5,train,10,0.144700,0.145124
50,5,train,11,-0.110000,-0.104524
50,5,train,12,0.133000,0.136915
50,5,train,13,0.048480,0.047443
50,5,train,14,0.010000,0.017208
50,5,train,15,0.220000,0.223913
50,5,train,16,0.250000,0.250667
50,5,train,17,0.190000,0.181778
50,5,train,18,0.270000,0.270382
50,5,train,19,0.193500,0.190664
50,5,train,20,0.232000,0.244732
50,5,train,21,0.260000,0.258618
50,5,train,22,0.370000,0.359409
50,5,train,23,0.100000,0.098787
50,5,train,24,0.260000,0.258994
50,5,train,25,0.060000,0.070439
50,5,train,26,0.151000,0.148926
50,5,train,27,0.020000,0.020781
50,5,train,28,0.244400,0.239105
50,5,train,29,0.094900,0.094169
50,5,train,30,0.025000,0.024732
50,5,train,31,0.018000,0.018636
50,5,train,32,0.210000,0.222005
50,5,train,33,0.065340,0.071362
50,5,train,34,0.111520,0.111651
50,5,train,35,0.150000,0.144970
50,5,train,36,0.190000,0.189679
50,5,train,37,0.070000,0.073964
50,5,train,38,0.160000,0.152432
50,5,train,39,0.137000,0.136964
50,5,train,40,0.210000,0.208090
50,5,train,41,0.095300,0.095656
50,5,train,42,0.100000,0.098368
50,5,train,43,0.403000,0.401528
50,5,train,44,0.170000,0.167057
50,5,train,45,0.260000,0.256182
50,5,train,46,0.020000,0.025478
50,5,train,47,0.020000,0.023043
50,5,train,48,0.035400,0.036837
50,5,train,49,0.022000,0.025807
50,5,train,50,0.151000,0.150930
50,5,train,51,0.150000,0.150893
50,5,train,52,0.094900,0.096243
50,5,train,53,0.135000,0.136661
50,5,train,54,0.130000,0.129362
50,5,train,55,0.080000,0.076208
50,5,train,56,0.073410,0.075331
50,5,train,57,0.020000,0.021234
50,5,train,58,0.084600,0.080548
50,5,train,59,0.284200,0.280590
50,5,train,60,0.240000,0.240821
50,5,train,61,0.230000,0.227545
50,5,train,62,0.044200,0.043595
50,5,train,63,0.072000,0.076342
50,5,train,64,0.280000,0.272969
50,5,train,65,0.010000,0.011668
50,5,train,66,0.115100,0.115621
50,5,train,67,0.080000,0.080929
50,5,train,68,0.075400,0.074995
50,5,train,69,0.190000,0.190183
50,5,train,70,0.120000,0.117847
50,5,train,71,0.110000,0.112761
50,5,train,72,0.144700,0.145124
50,5,train,73,0.242000,0.239669
50,5,train,74,0.224400,0.219992
50,5,train,75,0.030000,0.029314
50,5,train,76,0.115100,0.115621
50,5,train,77,0.035100,0.045742
50,5,train,78,0.180000,0.177561
50,5,train,79,0.020000,0.020131
50,5,train,80,0.380000,0.369321
50,5,train,81,0.030000,0.031367
50,5,train,82,0.080000,0.078643
50,5,train,83,0.090000,0.088704
50,5,train,84,0.160000,0.159011
50,5,train,85,0.150000,0.155165
50,5,train,86,0.030000,0.030493
50,5,train,87,0.040000,0.043063
50,5,train,88,0.320000,0.332110
50,5,train,89,0.439000,0.424718
50,5,train,90,-0.390000,-0.299518
50,5,train,91,0.180000,0.179531
50,5,train,92,0.000000,0.009485
50,5,train,93,0.144500,0.142112
50,5,train,94,0.035400,0.036837
50,5,train,95,0.020000,0.020920
50,5,train,96,0.045300,0.047954
50,5,train,97,0.540000,0.490562
50,5,train,98,0.280000,0.279504
50,5,train,99,0.058480,0.060402
50,5,train,100,0.360000,0.350932
50,5,train,101,0.050000,0.049269
50,5,train,102,0.010000,0.008228
50,5,train,103,0.820000,0.770591
50,5,train,104,0.020000,0.021996
50,5,train,105,0.330000,0.326463
50,5,train,106,0.200000,0.200863
50,5,train,107,0.200000,0.202281
50,5,train,108,0.240000,0.234943
50,5,train,109,0.273300,0.270290
50,5,train,110,0.090000,0.088566
50,5,train,111,0.020000,0.022175
50,5,train,112,0.290000,0.284243
50,5,train,113,0.270000,0.268141
50,5,train,114,0.130000,0.130015
50,5,train,115,0.114400,0.114849
50,5,train,116,-0.080000,-0.072161
50,5,train,117,0.043800,0.044161
50,5,train,118,0.264400,0.266054
50,5,train,119,0.185100,0.184556
50,5,train,120,0.030000,0.028972
50,5,train,121,0.062000,0.062401
50,5,train,122,0.380000,0.366690
50,5,train,123,0.050000,0.047254
50,5,train,124,0.090000,0.095694
50,5,train,125,0.350000,0.344390
50,5,train,126,0.020000,0.021020
50,5,train,127,0.011000,0.014481
50,5,train,128,0.290000,0.288522
50,5,train,129,0.018000,0.018421
50,6,test,0,0.190000,0.112017
50,6,test,1,0.310000,0.289611
50,6,test,2,0.220000,0.332429
50,6,test,3,0.095300,0.080180
50,6,test,4,0.280000,0.174812
50,6,test,5,0.100000,0.114827
50,6,test,6,0.020000,0.124540
50,6,test,7,0.190000,0.127632
50,6,test,8,0.290000,0.190643
50,6,test,9,0.144700,0.139120
50,6,test,10,0.790000,0.437719
50,6,test,11,0.020000,0.183723
50,6,test,12,0.020000,0.053368
50,6,test,13,0.160000,0.171703
50,6,test,14,0.114400,0.161388
50,6,test,15,0.174900,0.143731
50,6,test,16,0.260000,0.148562
50,6,test,17,0.210000,0.071071
50,6,test,18,0.045300,0.046726
50,6,test,19,0.084600,0.043474
50,6,test,20,0.150000,0.295182
50,6,test,21,0.040000,0.147762
50,6,test,22,0.151000,0.119384
50,6,test,23,0.280000,0.159441
50,6,test,24,0.151000,0.119384
50,6,test,25,0.035400,0.131085
50,6,test,26,0.144500,0.147059
50,6,test,27,0.030000,0.033812
50,6,test,28,0.160000,0.215185
50,6,test,29,-0.390000,0.099884
50,6,test,30,0.035100,0.109021
50,6,test,31,0.200000,0.242315
50,6,test,32,0.035400,0.131085
50,6,train,0,0.133000,0.150593
50,6,train,1,0.190000,0.173279
50,6,train,2,0.200000,0.196688
50,6,train,3,0.093900,0.094462
50,6,train,4,0.030000,0.056413
50,6,train,5,0.135000,0.132594
50,6,train,6,0.000000,0.025891
50,6,train,7,0.110000,0.110159
50,6,train,8,0.100000,0.096385
50,6,train,9,0.190000,0.191442
50,6,train,10,0.163300,0.157810
50,6,train,11,0.080000,0.080253
50,6,train,12,0.094900,0.094188
50,6,train,13,0.025000,0.024276
50,6,train,14,0.260000,0.252644
50,6,train,15,0.370000,0.320098
50,6,train,16,0.018000,0.018185
50,6,train,17,0.150000,0.178167
50,6,train,18,0.264400,0.260238
50,6,train,19,0.100000,0.098287
50,6,train,20,0.240000,0.225824
50,6,train,21,0.185100,0.172794
50,6,train,22,0.230000,0.206097
50,6,train,23,0.043800,0.044607
50,6,train,24,0.020000,0.038280
50,6,train,25,0.160000,0.147277
50,6,train,26,0.170000,0.147358
50,6,train,27,0.270000,0.238723
50,6,train,28,0.094700,0.124499
50,6,train,29,0.020000,0.023206
50,6,train,30,0.090000,0.087683
50,6,train,31,0.120000,0.131644
50,6,train,32,0.284200,0.259195
50,6,train,33,0.240000,0.198152
50,6,train,34,0.020000,0.063676
50,6,train,35,0.065340,0.113755
50,6,train,36,0.330000,0.290118
50,6,train,37,0.190000,0.188525
50,6,train,38,0.020000,0.059192
50,6,train,39,0.220000,0.210741
50,6,train,40,0.130000,0.133677
50,6,train,41,0.180000,0.175566
50,6,train,42,0.050000,0.043288
50,6,train,43,0.080000,0.065673
50,6,train,44,0.224400,0.171279
50,6,train,45,0.018000,0.035996
50,6,train,46,0.320000,0.305502
50,6,train,47,0.075400,0.063111
50,6,train,48,0.090000,0.106706
50,6,train,49,0.010000,0.034683
50,6,train,50,0.072000,0.094057
50,6,train,51,0.200000,0.184001
50,6,train,52,-0.080000,-0.002636
50,6,train,53,0.020000,0.028968
50,6,train,54,0.190000,0.191304
50,6,train,55,0.011000,0.024722
50,6,train,56,0.080000,0.080481
50,6,train,57,0.040000,0.078477
50,6,train,58,0.280000,0.221610
50,6,train,59,0.150000,0.171486
50,6,train,60,0.240000,0.212955
50,6,train,61,0.094600,0.084140
50,6,train,62,0.044200,0.067523
50,6,train,63,0.022000,0.026863
50,6,train,64,0.062000,0.080418
50,6,train,65,0.260000,0.254068
50,6,train,66,0.380000,0.349682
50,6,train,67,0.094900,0.103683
50,6,train,68,0.242000,0.225763
50,6,train,69,0.010000,0.018332
50,6,train,70,0.180000,0.170125
50,6,train,71,0.048480,0.036280
50,6,train,72,0.380000,0.344434
50,6,train,73,0.290000,0.276298
50,6,train,74,0.023500,0.059501
50,6,train,75,0.024200,0.056100
50,6,train,76,0.073410,0.088272
50,6,train,77,0.050000,0.045064
50,6,train,78,0.273300,0.242125
50,6,train,79,0.137000,0.139739
50,6,train,80,0.111520,0.129476
50,6,train,81,0.075400,0.063111
50,6,train,82,0.032000,0.046153
50,6,train,83,0.090000,0.072267
50,6,train,84,0.020000,0.035370
50,6,train,85,0.030000,0.058345
50,6,train,86,0.020000,0.038702
50,6,train,87,0.010000,0.021221
50,6,train,88,0.115100,0.119468
50,6,train,89,0.403000,0.385433
50,6,train,90,-0.030000,0.011203
50,6,train,91,0.070000,0.072615
50,6,train,92,0.063300,0.074684
50,6,train,93,-0.350000,-0.048523
50,6,train,94,0.115100,0.119468
50,6,train,95,0.360000,0.288897
50,6,train,96,0.160000,0.155769
50,6,train,97,0.232000,0.234064
50,6,train,98,0.193500,0.192239
50,6,train,99,0.244400,0.205092
50,6,train,100,0.250000,0.216300
50,6,train,101,0.110000,0.114093
50,6,train,102,0.060000,0.065902
50,6,train,103,-0.110000,-0.031260
50,6,train,104,0.210000,0.185250
50,6,train,105,0.439000,0.388096
50,6,train,106,0.040000,0.046804
50,6,train,107,0.820000,0.592952
50,6,train,108,0.260000,0.259295
50,6,train,109,0.130000,0.135361
50,6,train,110,0.090000,0.097518
50,6,train,111,0.270000,0.256918
50,6,train,112,0.030000,0.029666
50,6,train,113,0.058480,0.097287
50,6,train,114,0.790000,0.592952
50,6,train,115,0.350000,0.320171
50,6,train,116,0.540000,0.381361
50,6,train,117,0.010000,0.055518
50,6,train,118,0.054300,0.094191
50,6,train,119,0.144700,0.139120
50,6,train,120,0.174900,0.172935
50,6,train,121,0.240000,0.234024
50,6,train,122,0.052410,0.043453
50,6,train,123,0.160000,0.156660
50,6,train,124,0.185100,0.172794
50,6,train,125,0.050000,0.049837
50,6,train,126,0.035100,0.067845
50,6,train,127,0.030000,0.086572
50,6,train,128,0.090000,0.090362
50,6,train,129,0.010000,0.057163
50,7,test,0,0.144700,0.139590
50,7,test,1,0.130000,0.088307
50,7,test,2,0.095300,0.095898
50,7,test,3,0.030000,0.197808
50,7,test,4,0.290000,0.228262
50,7,test,5,0.075400,0.013899
50,7,test,6,0.150000,0.181407
50,7,test,7,0.020000,0.230933
50,7,test,8,0.094700,0.153613
50,7,test,9,0.280000,0.229096
50,7,test,10,0.073410,0.123287
50,7,test,11,0.200000,0.240395
50,7,test,12,0.380000,0.257729
50,7,test,13,0.190000,0.168379
50,7,test,14,0.020000,0.101275
50,7,test,15,0.072000,0.134791
50,7,test,16,0.080000,0.091196
50,7,test,17,0.018000,0.063921
50,7,test,18,0.220000,0.159614
50,7,test,19,0.240000,0.216521
50,7,test,20,0.020000,0.100662
50,7,test,21,0.084600,0.054684
50,7,test,22,0.160000,0.059232
50,7,test,23,0.790000,0.188004
50,7,test,24,0.060000,0.070830
50,7,test,25,0.090000,0.086774
50,7,test,26,0.135000,0.151278
50,7,test,27,0.210000,0.065371
50,7,test,28,0.230000,0.197518
50,7,test,29,0.115100,0.159053
50,7,test,30,0.115100,0.159053
50,7,test,31,0.790000,0.218283
50,7,test,32,0.110000,0.148298
50,7,train,0,0.244400,0.220383
50,7,train,1,0.260000,0.257263
50,7,train,2,0.035100,0.026146
50,7,train,3,0.160000,0.137258
50,7,train,4,0.022000,0.094005
50,7,train,5,0.160000,0.157301
50,7,train,6,0.100000,0.080782
50,7,train,7,0.032000,0.075298
50,7,train,8,0.063300,0.070830
50,7,train,9,0.190000,0.193451
50,7,train,10,-0.110000,-0.015562
50,7,train,11,0.010000,0.067004
50,7,train,12,0.137000,0.161336
50,7,train,13,0.018000,0.016878
50,7,train,14,0.054300,0.116418
50,7,train,15,-0.080000,-0.045559
50,7,train,16,-0.030000,0.044427
50,7,train,17,0.273300,0.248093
50,7,train,18,0.048480,0.044132
50,7,train,19,0.200000,0.184808
50,7,train,20,0.094900,0.072575
50,7,train,21,0.190000,0.194151
50,7,train,22,0.100000,0.049953
50,7,train,23,-0.350000,-0.018238
50,7,train,24,0.080000,0.090706
50,7,train,25,0.439000,0.301189
50,7,train,26,-0.390000,-0.059012
50,7,train,27,0.011000,0.065528
50,7,train,28,0.185100,0.151400
50,7,train,29,0.020000,0.076933
50,7,train,30,0.260000,0.234592
50,7,train,31,0.350000,0.271329
50,7,train,32,0.035400,0.058316
50,7,train,33,0.130000,0.099145
50,7,train,34,0.224400,0.147592
50,7,train,35,0.180000,0.180074
50,7,train,36,0.163300,0.152549
50,7,train,37,0.075400,0.013899
50,7,train,38,0.040000,0.072487
50,7,train,39,0.190000,0.176781
50,7,train,40,0.030000,0.050786
50,7,train,41,0.193500,0.192827
50,7,train,42,0.090000,0.056439
50,7,train,43,0.024200,0.059540
50,7,train,44,0.030000,0.024095
50,7,train,45,0.020000,0.060205
50,7,train,46,0.090000,0.078539
50,7,train,47,0.190000,0.134424
50,7,train,48,0.065340,0.162998
50,7,train,49,0.080000,0.057250
50,7,train,50,0.180000,0.179396
50,7,train,51,0.094900,0.067079
50,7,train,52,0.280000,0.207022
50,7,train,53,0.090000,0.083167
50,7,train,54,0.190000,0.200908
50,7,train,55,0.044200,0.044348
50,7,train,56,0.330000,0.275598
50,7,train,57,0.025000,0.020016
50,7,train,58,0.030000,0.084339
50,7,train,59,0.150000,0.162627
50,7,train,60,0.000000,0.053816
50,7,train,61,0.160000,0.181305
50,7,train,62,0.820000,0.437064
50,7,train,63,0.280000,0.236895
50,7,train,64,0.058480,0.083977
50,7,train,65,0.151000,0.128455
50,7,train,66,0.240000,0.149857
50,7,train,67,0.020000,0.038188
50,7,train,68,0.260000,0.221700
50,7,train,69,0.232000,0.253164
50,7,train,70,0.114400,0.068861
50,7,train,71,0.242000,0.237585
50,7,train,72,0.040000,0.080839
50,7,train,73,0.150000,0.186813
50,7,train,74,0.264400,0.261317
50,7,train,75,0.062000,0.092201
50,7,train,76,0.240000,0.229977
50,7,train,77,0.035100,0.057873
50,7,train,78,0.050000,0.100220
50,7,train,79,0.110000,0.079730
50,7,train,80,0.120000,0.163600
50,7,train,81,0.320000,0.260989
50,7,train,82,0.094600,0.088998
50,7,train,83,0.100000,0.076228
50,7,train,84,0.160000,0.151244
50,7,train,85,0.270000,0.196828
50,7,train,86,0.380000,0.311434
50,7,train,87,0.270000,0.248093
50,7,train,88,0.170000,0.120734
50,7,train,89,0.111520,0.147112
50,7,train,90,0.050000,0.046868
50,7,train,91,0.020000,0.051899
50,7,train,92,0.040000,0.043024
50,7,train,93,0.260000,0.271136
50,7,train,94,0.250000,0.190372
50,7,train,95,0.403000,0.272740
50,7,train,96,0.151000,0.123395
50,7,train,97,0.290000,0.251660
50,7,train,98,0.240000,0.238374
50,7,train,99,0.035400,0.058316
50,7,train,100,0.090000,0.124874
50,7,train,101,0.174900,0.135592
50,7,train,102,0.220000,0.217899
50,7,train,103,0.045300,0.047670
50,7,train,104,0.020000,0.105188
50,7,train,105,0.284200,0.235088
50,7,train,106,0.050000,0.051510
50,7,train,107,0.010000,0.098343
50,7,train,108,0.070000,0.086610
50,7,train,109,0.043800,0.010964
50,7,train,110,0.144500,0.135200
50,7,train,111,0.310000,0.329489
50,7,train,112,0.020000,0.028840
50,7,train,113,0.174900,0.161499
50,7,train,114,0.020000,0.101710
50,7,train,115,0.010000,0.032523
50,7,train,116,0.210000,0.175578
50,7,train,117,0.540000,0.328583
50,7,train,118,0.010000,0.041968
50,7,train,119,0.023500,0.027852
50,7,train,120,0.010000,0.065027
50,7,train,121,0.144700,0.139590
50,7,train,122,0.370000,0.288248
50,7,train,123,0.093900,0.097165
50,7,train,124,0.133000,0.207973
50,7,train,125,0.185100,0.151400
50,7,train,126,0.200000,0.231921
50,7,train,127,0.360000,0.251844
50,7,train,128,0.030000,0.056635
50,7,train,129,0.052410,0.037981
50,8,test,0,0.018000,0.047045
50,8,test,1,-0.030000,0.121358
50,8,test,2,0.439000,0.187829
50,8,test,3,0.264400,0.182993
50,8,test,4,0.100000,0.085563
50,8,test,5,0.114400,0.124175
50,8,test,6,0.100000,0.110827
50,8,test,7,0.160000,0.209637
50,8,test,8,0.160000,0.134915
50,8,test,9,0.043800,0.079422
50,8,test,10,0.200000,0.172537
50,8,test,11,0.240000,0.228019
50,8,test,12,0.220000,0.250938
50,8,test,13,0.054300,0.213932
50,8,test,14,0.180000,0.115895
50,8,test,15,0.075400,0.080312
50,8,test,16,0.380000,0.247089
50,8,test,17,0.052410,0.037250
50,8,test,18,0.070000,0.114316
50,8,test,19,0.144700,0.150377
50,8,test,20,0.030000,0.056560
50,8,test,21,0.093900,0.150931
50,8,test,22,0.020000,0.091825
50,8,test,23,0.290000,0.213969
50,8,test,24,0.210000,0.121951
50,8,test,25,0.160000,0.205836
50,8,test,26,-0.390000,0.110920
50,8,test,27,0.150000,0.195119
50,8,test,28,0.030000,0.091315
50,8,test,29,0.110000,0.130851
50,8,test,30,0.240000,0.204279
50,8,test,31,0.010000,0.109762
50,8,test,32,0.820000,0.510161
50,8,train,0,0.094900,0.094938
50,8,train,1,0.150000,0.170488
50,8,train,2,0.020000,0.064901
50,8,train,3,0.018000,0.020831
50,8,train,4,0.224400,0.211266
50,8,train,5,0.010000,0.028121
50,8,train,6,0.290000,0.291485
50,8,train,7,0.232000,0.282336
50,8,train,8,0.090000,0.091070
50,8,train,9,0.137000,0.133716
50,8,train,10,0.020000,0.035744
50,8,train,11,0.284200,0.267968
50,8,train,12,0.350000,0.324648
50,8,train,13,0.030000,0.032121
50,8,train,14,0.094900,0.098521
50,8,train,15,0.174900,0.177780
50,8,train,16,0.360000,0.303347
50,8,train,17,0.090000,0.134305
50,8,train,18,0.242000,0.235649
50,8,train,19,0.050000,0.045570
50,8,train,20,0.240000,0.214554
50,8,train,21,0.273300,0.268943
50,8,train,22,0.115100,0.115492
50,8,train,23,0.111520,0.126209
50,8,train,24,0.040000,0.051264
50,8,train,25,-0.080000,-0.043249
50,8,train,26,0.193500,0.183216
50,8,train,27,0.320000,0.317137
50,8,train,28,0.403000,0.351552
50,8,train,29,0.063300,0.077864
50,8,train,30,0.330000,0.323384
50,8,train,31,0.090000,0.095980
50,8,train,32,0.210000,0.197613
50,8,train,33,0.020000,0.035690
50,8,train,34,0.133000,0.144181
50,8,train,35,0.185100,0.182408
50,8,train,36,0.280000,0.254498
50,8,train,37,0.090000,0.086606
50,8,train,38,0.032000,0.034291
50,8,train,39,0.022000,0.029669
50,8,train,40,0.200000,0.208238
50,8,train,41,0.190000,0.204760
50,8,train,42,0.260000,0.275026
50,8,train,43,0.073410,0.136877
50,8,train,44,0.200000,0.207929
50,8,train,45,0.035100,0.042418
50,8,train,46,0.020000,0.017173
50,8,train,47,0.115100,0.115492
50,8,train,48,0.190000,0.200522
50,8,train,49,0.174900,0.163597
50,8,train,50,0.040000,0.048975
50,8,train,51,0.010000,0.026442
50,8,train,52,0.144500,0.136132
50,8,train,53,0.023500,0.025742
50,8,train,54,0.790000,0.543944
50,8,train,55,0.010000,0.021625
50,8,train,56,0.020000,0.028239
50,8,train,57,0.135000,0.148459
50,8,train,58,0.310000,0.309552
50,8,train,59,0.094700,0.096516
50,8,train,60,0.163300,0.136419
50,8,train,61,0.120000,0.146179
50,8,train,62,0.190000,0.189617
50,8,train,63,0.250000,0.238192
50,8,train,64,0.075400,0.080312
50,8,train,65,0.020000,0.043897
50,8,train,66,0.095300,0.093084
50,8,train,67,0.540000,0.392299
50,8,train,68,0.790000,0.545280
50,8,train,69,0.180000,0.153124
50,8,train,70,0.144700,0.150377
50,8,train,71,0.048480,0.036351
50,8,train,72,0.260000,0.247354
50,8,train,73,0.160000,0.148897
50,8,train,74,0.045300,0.047764
50,8,train,75,0.280000,0.271541
50,8,train,76,-0.350000,-0.142914
50,8,train,77,0.380000,0.342853
50,8,train,78,0.170000,0.166891
50,8,train,79,0.020000,0.042692
50,8,train,80,0.044200,0.053481
50,8,train,81,0.035400,0.043878
50,8,train,82,0.244400,0.224937
50,8,train,83,0.260000,0.259029
50,8,train,84,0.370000,0.318801
50,8,train,85,0.094600,0.093247
50,8,train,86,0.084600,0.087210
50,8,train,87,0.065340,0.093828
50,8,train,88,0.058480,0.116287
50,8,train,89,0.130000,0.126951
50,8,train,90,0.060000,0.077050
50,8,train,91,0.160000,0.161516
50,8,train,92,0.035100,0.049478
50,8,train,93,0.185100,0.182408
50,8,train,94,0.090000,0.095032
50,8,train,95,0.080000,0.079425
50,8,train,96,0.151000,0.149250
50,8,train,97,0.270000,0.280449
50,8,train,98,0.240000,0.232497
50,8,train,99,0.072000,0.074726
50,8,train,100,-0.110000,-0.063933
50,8,train,101,0.050000,0.052181
50,8,train,102,0.011000,0.026065
50,8,train,103,0.260000,0.253974
50,8,train,104,0.190000,0.155504
50,8,train,105,0.190000,0.205786
50,8,train,106,0.280000,0.261188
50,8,train,107,0.025000,0.028679
50,8,train,108,0.230000,0.211836
50,8,train,109,0.080000,0.078875
50,8,train,110,0.000000,0.018712
50,8,train,111,0.020000,0.030324
50,8,train,112,0.130000,0.132040
50,8,train,113,0.151000,0.148124
50,8,train,114,0.062000,0.067435
50,8,train,115,0.270000,0.267763
50,8,train,116,0.020000,0.035192
50,8,train,117,0.080000,0.071488
50,8,train,118,0.040000,0.052261
50,8,train,119,0.150000,0.159694
50,8,train,120,0.190000,0.188840
50,8,train,121,0.110000,0.108639
50,8,train,122,0.030000,0.077953
50,8,train,123,0.024200,0.032670
50,8,train,124,0.220000,0.218199
50,8,train,125,0.035400,0.043878
50,8,train,126,0.010000,0.026520
50,8,train,127,0.030000,0.035432
50,8,train,128,0.050000,0.050280
50,8,train,129,0.100000,0.106913
50,9,test,0,0.163300,0.146034
50,9,test,1,0.190000,-0.050714
50,9,test,2,0.032000,0.018749
50,9,test,3,0.072000,0.137934
50,9,test,4,0.025000,-0.023015
50,9,test,5,0.080000,0.093525
50,9,test,6,0.240000,0.231255
50,9,test,7,0.080000,0.093578
50,9,test,8,0.095300,0.055536
50,9,test,9,0.190000,0.132921
50,9,test,10,0.120000,0.302755
50,9,test,11,0.043800,0.030289
50,9,test,12,0.010000,0.117798
50,9,test,13,0.174900,0.179302
50,9,test,14,0.094900,0.104839
50,9,test,15,0.100000,-0.056928
50,9,test,16,0.100000,0.018350
50,9,test,17,0.151000,0.148989
50,9,test,18,0.020000,0.018418
50,9,test,19,0.264400,0.154581
50,9,test,20,0.244400,0.139098
50,9,test,21,0.020000,0.075496
50,9,test,22,0.190000,0.373117
50,9,test,23,0.180000,0.148369
50,9,test,24,0.090000,0.108605
50,9,test,25,0.280000,0.098102
50,9,test,26,0.193500,0.122436
50,9,test,27,0.054300,0.132952
50,9,test,28,0.190000,0.179225
50,9,test,29,0.058480,0.283838
50,9,test,30,0.144700,0.144445
50,9,test,31,0.050000,-0.052494
50,9,test,32,0.280000,0.128397
50,9,train,0,0.052410,0.052153
50,9,train,1,0.094600,0.094687
50,9,train,2,0.035400,0.035184
50,9,train,3,0.190000,0.189256
50,9,train,4,0.010000,0.010139
50,9,train,5,0.790000,0.789846
50,9,train,6,0.350000,0.349703
50,9,train,7,0.540000,0.539055
50,9,train,8,0.065340,0.065012
50,9,train,9,0.070000,0.069890
50,9,train,10,0.010000,0.010169
50,9,train,11,-0.030000,-0.029772
50,9,train,12,0.035400,0.035184
50,9,train,13,0.093900,0.094162
50,9,train,14,0.115100,0.115066
50,9,train,15,0.050000,0.049818
50,9,train,16,0.030000,0.029656
50,9,train,17,0.111520,0.111077
50,9,train,18,0.044200,0.044386
50,9,train,19,0.040000,0.040036
50,9,train,20,0.084600,0.084989
50,9,train,21,0.020000,0.020141
50,9,train,22,0.115100,0.115066
50,9,train,23,0.380000,0.380307
50,9,train,24,0.100000,0.099574
50,9,train,25,0.290000,0.289361
50,9,train,26,0.045300,0.045527
50,9,train,27,0.320000,0.320120
50,9,train,28,0.290000,0.289647
50,9,train,29,0.035100,0.035178
50,9,train,30,0.310000,0.309941
50,9,train,31,0.185100,0.185049
50,9,train,32,0.380000,0.380145
50,9,train,33,0.130000,0.129907
50,9,train,34,0.011000,0.010988
50,9,train,35,0.020000,0.019924
50,9,train,36,0.022000,0.021825
50,9,train,37,0.110000,0.110648
50,9,train,38,0.075400,0.075439
50,9,train,39,0.020000,0.020169
50,9,train,40,0.260000,0.260106
50,9,train,41,0.020000,0.019990
50,9,train,42,0.090000,0.089766
50,9,train,43,0.094900,0.095284
50,9,train,44,0.232000,0.232008
50,9,train,45,0.150000,0.150214
50,9,train,46,0.242000,0.242056
50,9,train,47,0.260000,0.261100
50,9,train,48,0.150000,0.149762
50,9,train,49,0.048480,0.048036
50,9,train,50,0.075400,0.075439
50,9,train,51,0.135000,0.135261
50,9,train,52,0.010000,0.010325
50,9,train,53,0.200000,0.199965
50,9,train,54,0.174900,0.174698
50,9,train,55,0.080000,0.080064
50,9,train,56,0.210000,0.209910
50,9,train,57,0.110000,0.109352
50,9,train,58,0.020000,0.020116
50,9,train,59,0.030000,0.029859
50,9,train,60,0.151000,0.150891
50,9,train,61,0.024200,0.024543
50,9,train,62,0.790000,0.790095
50,9,train,63,0.050000,0.050453
50,9,train,64,0.023500,0.023149
50,9,train,65,0.273300,0.272974
50,9,train,66,0.018000,0.017990
50,9,train,67,0.270000,0.270615
50,9,train,68,0.130000,0.129240
50,9,train,69,0.160000,0.160131
50,9,train,70,0.224400,0.224742
50,9,train,71,-0.110000,-0.109948
50,9,train,72,0.230000,0.230063
50,9,train,73,0.094700,0.094236
50,9,train,74,0.090000,0.089818
50,9,train,75,0.260000,0.259904
50,9,train,76,0.144700,0.144445
50,9,train,77,0.040000,0.040084
50,9,train,78,0.360000,0.359944
50,9,train,79,0.030000,0.029470
50,9,train,80,0.284200,0.283816
50,9,train,81,0.240000,0.240207
50,9,train,82,0.170000,0.169924
50,9,train,83,0.370000,0.369964
50,9,train,84,0.439000,0.439364
50,9,train,85,0.030000,0.029882
50,9,train,86,0.114400,0.114446
50,9,train,87,0.133000,0.132897
50,9,train,88,0.073410,0.073164
50,9,train,89,0.280000,0.279829
50,9,train,90,0.200000,0.200217
50,9,train,91,0.030000,0.030301
50,9,train,92,0.820000,0.819989
50,9,train,93,0.190000,0.190215
50,9,train,94,0.062000,0.061984
50,9,train,95,0.040000,0.040185
50,9,train,96,0.403000,0.402756
50,9,train,97,0.160000,0.158182
50,9,train,98,0.018000,0.018054
50,9,train,99,0.220000,0.220110
50,9,train,100,0.180000,0.179881
50,9,train,101,0.090000,0.090607
50,9,train,102,0.060000,0.060083
50,9,train,103,0.330000,0.329541
50,9,train,104,0.220000,0.219822
50,9,train,105,0.210000,0.209673
50,9,train,106,0.160000,0.160018
50,9,train,107,0.020000,0.020085
50,9,train,108,-0.350000,-0.349317
50,9,train,109,0.144500,0.144450
50,9,train,110,0.240000,0.239801
50,9,train,111,0.240000,0.240020
50,9,train,112,0.000000,-0.000131
50,9,train,113,0.090000,0.089661
50,9,train,114,0.200000,0.199664
50,9,train,115,0.250000,0.249629
50,9,train,116,0.160000,0.159979
50,9,train,117,0.160000,0.159707
50,9,train,118,0.035100,0.035450
50,9,train,119,-0.390000,-0.384178
50,9,train,120,0.063300,0.063010
50,9,train,121,0.020000,0.019929
50,9,train,122,0.137000,0.137258
50,9,train,123,-0.080000,-0.079593
50,9,train,124,0.270000,0.269664
50,9,train,125,0.150000,0.150096
50,9,train,126,0.010000,0.009841
50,9,train,127,0.020000,0.019950
50,9,train,128,0.185100,0.185049
50,9,train,129,0.260000,0.260024
50,10,test,0,0.111520,0.194564
50,10,test,1,0.020000,0.123357
50,10,test,2,0.044200,0.116927
50,10,test,3,0.073410,0.116937
50,10,test,4,0.035100,0.126299
50,10,test,5,0.110000,0.075174
50,10,test,6,0.790000,0.263770
50,10,test,7,0.020000,0.147491
50,10,test,8,0.330000,0.148078
50,10,test,9,0.090000,0.111348
50,10,test,10,0.070000,0.120138
50,10,test,11,0.060000,0.073393
50,10,test,12,0.163300,0.138057
50,10,test,13,0.065340,0.183809
50,10,test,14,0.045300,0.110790
50,10,test,15,0.032000,0.121212
50,10,test,16,0.200000,0.158853
50,10,test,17,0.240000,0.218792
50,10,test,18,0.030000,0.145374
50,10,test,19,0.130000,0.139365
50,10,test,20,0.144500,0.100344
50,10,test,21,0.018000,0.063749
50,10,test,22,0.160000,0.154073
50,10,test,23,0.220000,0.121388
50,10,test,24,0.094600,0.086206
50,10,test,25,0.193500,0.165370
50,10,test,26,0.035400,0.058297
50,10,test,27,0.010000,0.116892
50,10,test,28,0.020000,0.101073
50,10,test,29,-0.390000,0.120001
50,10,test,30,0.820000,0.250695
50,10,test,31,-0.030000,0.124891
50,10,test,32,0.210000,0.074635
50,10,train,0,0.210000,0.196569
50,10,train,1,0.540000,0.351933
50,10,train,2,0.280000,0.247767
50,10,train,3,0.020000,0.073161
50,10,train,4,0.230000,0.174126
50,10,train,5,0.020000,0.032764
50,10,train,6,0.150000,0.170961
50,10,train,7,0.370000,0.334999
50,10,train,8,0.790000,0.475762
50,10,train,9,0.260000,0.237976
50,10,train,10,0.190000,0.176904
50,10,train,11,0.050000,0.051068
50,10,train,12,0.160000,0.148482
50,10,train,13,0.030000,0.048514
50,10,train,14,0.075400,0.071787
50,10,train,15,0.054300,0.091186
50,10,train,16,0.151000,0.136447
50,10,train,17,-0.110000,-0.012867
50,10,train,18,0.273300,0.230863
50,10,train,19,0.010000,0.047716
50,10,train,20,0.135000,0.153122
50,10,train,21,0.270000,0.229175
50,10,train,22,0.115100,0.124878
50,10,train,23,0.024200,0.063797
50,10,train,24,0.011000,0.030119
50,10,train,25,0.052410,0.060161
50,10,train,26,0.190000,0.146208
50,10,train,27,0.094900,0.109603
50,10,train,28,0.040000,0.093028
50,10,train,29,0.160000,0.136326
50,10,train,30,0.174900,0.156029
50,10,train,31,0.190000,0.159003
50,10,train,32,0.080000,0.078990
50,10,train,33,0.380000,0.310362
50,10,train,34,0.224400,0.160610
50,10,train,35,0.180000,0.162947
50,10,train,36,0.062000,0.092106
50,10,train,37,0.090000,0.116957
50,10,train,38,0.190000,0.189141
50,10,train,39,0.095300,0.092033
50,10,train,40,0.180000,0.174541
50,10,train,41,0.360000,0.272468
50,10,train,42,0.084600,0.080567
50,10,train,43,0.050000,0.065287
50,10,train,44,0.050000,0.041446
50,10,train,45,0.023500,0.070008
50,10,train,46,0.035100,0.082824
50,10,train,47,0.240000,0.199417
50,10,train,48,0.133000,0.153113
50,10,train,49,0.090000,0.103022
50,10,train,50,0.030000,0.123990
50,10,train,51,0.439000,0.358603
50,10,train,52,0.110000,0.104918
50,10,train,53,0.310000,0.306672
50,10,train,54,0.115100,0.124878
50,10,train,55,0.290000,0.258437
50,10,train,56,0.250000,0.217787
50,10,train,57,0.260000,0.257434
50,10,train,58,0.284200,0.256403
50,10,train,59,0.018000,0.025288
50,10,train,60,0.160000,0.152655
50,10,train,61,0.035400,0.058297
50,10,train,62,0.020000,0.072494
50,10,train,63,0.030000,0.068832
50,10,train,64,0.220000,0.228442
50,10,train,65,0.200000,0.197285
50,10,train,66,0.043800,0.068629
50,10,train,67,0.010000,0.060707
50,10,train,68,0.100000,0.102306
50,10,train,69,0.100000,0.101435
50,10,train,70,0.072000,0.098033
50,10,train,71,0.290000,0.270181
50,10,train,72,0.174900,0.171637
50,10,train,73,0.380000,0.318134
50,10,train,74,0.094700,0.101376
50,10,train,75,0.100000,0.098733
50,10,train,76,-0.350000,-0.036606
50,10,train,77,0.280000,0.258956
50,10,train,78,0.260000,0.230581
50,10,train,79,0.185100,0.164113
50,10,train,80,0.010000,0.031279
50,10,train,81,0.020000,0.066407
50,10,train,82,0.020000,0.049413
50,10,train,83,0.022000,0.036709
50,10,train,84,0.040000,0.061031
50,10,train,85,0.244400,0.195821
50,10,train,86,0.090000,0.080659
50,10,train,87,0.200000,0.205076
50,10,train,88,0.075400,0.071787
50,10,train,89,0.093900,0.104063
50,10,train,90,0.137000,0.134105
50,10,train,91,0.010000,0.053054
50,10,train,92,0.151000,0.135881
50,10,train,93,0.000000,0.067303
50,10,train,94,0.264400,0.260250
50,10,train,95,0.048480,0.062576
50,10,train,96,0.232000,0.225587
50,10,train,97,0.058480,0.092510
50,10,train,98,-0.080000,0.002198
50,10,train,99,0.144700,0.146377
50,10,train,100,0.114400,0.123019
50,10,train,101,0.130000,0.132220
50,10,train,102,0.185100,0.164113
50,10,train,103,0.260000,0.235837
50,10,train,104,0.080000,0.083326
50,10,train,105,0.144700,0.146377
50,10,train,106,0.025000,0.029719
50,10,train,107,0.150000,0.176637
50,10,train,108,0.242000,0.216667
50,10,train,109,0.160000,0.141488
50,10,train,110,0.120000,0.144113
50,10,train,111,0.080000,0.076668
50,10,train,112,0.094900,0.102591
50,10,train,113,0.190000,0.181862
50,10,train,114,0.240000,0.206209
50,10,train,115,0.320000,0.271623
50,10,train,116,0.190000,0.198621
50,10,train,117,0.150000,0.166517
50,10,train,118,0.063300,0.075458
50,10,train,119,0.020000,0.088762
50,10,train,120,0.020000,0.045069
50,10,train,121,0.350000,0.294801
50,10,train,122,0.403000,0.356465
50,10,train,123,0.040000,0.064631
50,10,train,124,0.240000,0.218403
50,10,train,125,0.030000,0.041080
50,10,train,126,0.170000,0.164981
50,10,train,127,0.090000,0.099978
50,10,train,128,0.270000,0.234741
50,10,train,129,0.280000,0.235705
70,1,test,0,0.043800,0.091191
70,1,test,1,0.044200,0.127036
70,1,test,2,0.075400,0.079894
70,1,test,3,0.115100,0.118975
70,1,test,4,0.020000,0.147744
70,1,test,5,0.090000,0.086643
70,1,test,6,-0.390000,0.108902
70,1,test,7,0.111520,0.189178
70,1,test,8,0.110000,0.117596
70,1,test,9,0.080000,0.094937
70,1,test,10,0.439000,0.223603
70,1,test,11,0.320000,0.259030
70,1,test,12,0.185100,0.179694
70,1,test,13,0.144500,0.103253
70,1,test,14,0.150000,0.202116
70,1,test,15,0.174900,0.179578
70,1,test,16,0.040000,0.099790
70,1,test,17,0.030000,0.082154
70,1,test,18,0.062000,0.123698
70,1,test,19,0.010000,0.116505
70,1,test,20,0.200000,0.193602
70,1,test,21,0.224400,0.138132
70,1,test,22,0.163300,0.149847
70,1,test,23,0.250000,0.226640
70,1,test,24,0.040000,0.128615
70,1,test,25,0.190000,0.166535
70,1,test,26,0.200000,0.184534
70,1,test,27,0.050000,0.085221
70,1,test,28,0.151000,0.139701
70,1,test,29,0.190000,0.171822
70,1,test,30,0.058480,0.138743
70,1,test,31,0.190000,0.130995
70,1,test,32,0.063300,0.066760
70,1,train,0,0.100000,0.103887
70,1,train,1,0.150000,0.149623
70,1,train,2,0.023500,0.036004
70,1,train,3,0.403000,0.353219
70,1,train,4,0.190000,0.184832
70,1,train,5,0.115100,0.118975
70,1,train,6,0.380000,0.348213
70,1,train,7,0.110000,0.114455
70,1,train,8,0.242000,0.233642
70,1,train,9,0.020000,0.034004
70,1,train,10,0.020000,0.032879
70,1,train,11,0.050000,0.055433
70,1,train,12,-0.110000,-0.058360
70,1,train,13,0.010000,0.025774
70,1,train,14,0.090000,0.095033
70,1,train,15,0.330000,0.306454
70,1,train,16,0.018000,0.029433
70,1,train,17,0.244400,0.234103
70,1,train,18,0.010000,0.025163
70,1,train,19,0.200000,0.194608
70,1,train,20,-0.350000,-0.252011
70,1,train,21,0.100000,0.103510
70,1,train,22,0.260000,0.253677
70,1,train,23,0.144700,0.145046
70,1,train,24,0.080000,0.085137
70,1,train,25,0.151000,0.150040
70,1,train,26,0.000000,0.023387
70,1,train,27,0.024200,0.036793
70,1,train,28,0.035400,0.042010
70,1,train,29,0.220000,0.214315
70,1,train,30,0.084600,0.090645
70,1,train,31,0.070000,0.075311
70,1,train,32,0.048480,0.056124
70,1,train,33,0.090000,0.095607
70,1,train,34,0.360000,0.337334
70,1,train,35,0.290000,0.272147
70,1,train,36,0.220000,0.213163
70,1,train,37,0.270000,0.259641
70,1,train,38,0.280000,0.268682
70,1,train,39,0.260000,0.252108
70,1,train,40,0.790000,0.727568
70,1,train,41,0.310000,0.296860
70,1,train,42,0.020000,0.037771
70,1,train,43,0.120000,0.123132
70,1,train,44,0.144700,0.145046
70,1,train,45,-0.080000,-0.044367
70,1,train,46,0.020000,0.030234
70,1,train,47,0.094900,0.098330
70,1,train,48,0.035100,0.045825
70,1,train,49,0.094700,0.098399
70,1,train,50,0.160000,0.157631
70,1,train,51,0.040000,0.050019
70,1,train,52,0.180000,0.177440
70,1,train,53,0.230000,0.222706
70,1,train,54,0.010000,0.026569
70,1,train,55,0.090000,0.095597
70,1,train,56,0.020000,0.033725
70,1,train,57,0.284200,0.271956
70,1,train,58,0.135000,0.137251
70,1,train,59,0.820000,0.729215
70,1,train,60,0.045300,0.052193
70,1,train,61,0.035400,0.042010
70,1,train,62,0.240000,0.234044
70,1,train,63,0.020000,0.032353
70,1,train,64,0.264400,0.254393
70,1,train,65,0.093900,0.098822
70,1,train,66,0.030000,0.040634
70,1,train,67,0.280000,0.260849
70,1,train,68,0.018000,0.027839
70,1,train,69,0.080000,0.085497
70,1,train,70,0.280000,0.266271
70,1,train,71,0.050000,0.056655
70,1,train,72,0.174900,0.171390
70,1,train,73,0.130000,0.132055
70,1,train,74,0.190000,0.184462
70,1,train,75,0.790000,0.726688
70,1,train,76,0.170000,0.167583
70,1,train,77,0.090000,0.094653
70,1,train,78,0.075400,0.079894
70,1,train,79,0.273300,0.258969
70,1,train,80,0.030000,0.042487
70,1,train,81,0.185100,0.179694
70,1,train,82,0.160000,0.157718
70,1,train,83,0.054300,0.062725
70,1,train,84,0.094900,0.100190
70,1,train,85,0.193500,0.188577
70,1,train,86,0.030000,0.041553
70,1,train,87,0.073410,0.078037
70,1,train,88,0.022000,0.034490
70,1,train,89,0.210000,0.203184
70,1,train,90,0.010000,0.025355
70,1,train,91,0.210000,0.203349
70,1,train,92,0.094600,0.097458
70,1,train,93,-0.030000,-0.005338
70,1,train,94,0.180000,0.175852
70,1,train,95,0.032000,0.045762
70,1,train,96,0.114400,0.116858
70,1,train,97,0.290000,0.275067
70,1,train,98,0.150000,0.150781
70,1,train,99,0.350000,0.324869
70,1,train,100,0.190000,0.186081
70,1,train,101,0.160000,0.157804
70,1,train,102,0.240000,0.232184
70,1,train,103,0.232000,0.223601
70,1,train,104,0.137000,0.138723
70,1,train,105,0.270000,0.260072
70,1,train,106,0.060000,0.066593
70,1,train,107,0.380000,0.350156
70,1,train,108,0.160000,0.158673
70,1,train,109,0.072000,0.077595
70,1,train,110,0.130000,0.131188
70,1,train,111,0.100000,0.103461
70,1,train,112,0.540000,0.457082
70,1,train,113,0.160000,0.158354
70,1,train,114,0.133000,0.135263
70,1,train,115,0.240000,0.231665
70,1,train,116,0.025000,0.033559
70,1,train,117,0.260000,0.240610
70,1,train,118,0.065340,0.072946
70,1,train,119,0.052410,0.059515
70,1,train,120,0.020000,0.033482
70,1,train,121,0.260000,0.248100
70,1,train,122,0.240000,0.230184
70,1,train,123,0.011000,0.031595
70,1,train,124,0.035100,0.046707
70,1,train,125,0.030000,0.039928
70,1,train,126,0.020000,0.028231
70,1,train,127,0.370000,0.338245
70,1,train,128,0.020000,0.033564
70,1,train,129,0.095300,0.098761
70,2,test,0,0.310000,0.253936
70,2,test,1,0.260000,0.104298
70,2,test,2,0.072000,0.138156
70,2,test,3,0.270000,0.262334
70,2,test,4,0.180000,0.061845
70,2,test,5,0.210000,0.132015
70,2,test,6,0.052410,0.083045
70,2,test,7,0.080000,0.098206
70,2,test,8,0.032000,0.183372
70,2,test,9,0.280000,0.189038
70,2,test,10,0.093900,0.142558
70,2,test,11,0.240000,0.148636
70,2,test,12,0.100000,0.130276
70,2,test,13,0.150000,0.218292
70,2,test,14,0.090000,0.101566
70,2,test,15,0.273300,0.201256
70,2,test,16,0.110000,0.161719
70,2,test,17,0.011000,0.221913
70,2,test,18,0.200000,0.126693
70,2,test,19,0.111520,0.214553
70,2,test,20,-0.080000,0.026219
70,2,test,21,0.073410,0.104637
70,2,test,22,0.043800,0.060537
70,2,test,23,0.010000,0.199815
70,2,test,24,-0.350000,0.178601
70,2,test,25,0.260000,0.202015
70,2,test,26,0.084600,0.050959
70,2,test,27,0.224400,0.113335
70,2,test,28,0.010000,0.124178
70,2,test,29,0.035100,0.108257
70,2,test,30,0.174900,0.106012
70,2,test,31,0.018000,0.031077
70,2,test,32,0.020000,0.088148
70,2,train,0,0.115100,0.121802
70,2,train,1,0.320000,0.313383
70,2,train,2,0.023500,0.040743
70,2,train,3,0.790000,0.531476
70,2,train,4,-0.110000,0.074927
70,2,train,5,0.080000,0.083816
70,2,train,6,0.024200,0.069761
70,2,train,7,0.190000,0.181647
70,2,train,8,0.170000,0.144364
70,2,train,9,0.133000,0.187234
70,2,train,10,0.040000,0.080723
70,2,train,11,0.020000,0.053993
70,2,train,12,0.010000,0.042655
70,2,train,13,0.144700,0.139323
70,2,train,14,0.040000,0.082529
70,2,train,15,0.030000,0.086962
70,2,train,16,0.820000,0.594632
70,2,train,17,0.090000,0.084705
70,2,train,18,0.010000,0.039647
70,2,train,19,0.244400,0.178359
70,2,train,20,0.190000,0.155335
70,2,train,21,0.144700,0.139323
70,2,train,22,0.020000,0.104537
70,2,train,23,0.264400,0.249027
70,2,train,24,0.048480,0.057736
70,2,train,25,0.240000,0.223788
70,2,train,26,0.110000,0.137285
70,2,train,27,0.062000,0.054245
70,2,train,28,0.065340,0.095795
70,2,train,29,0.180000,0.189162
70,2,train,30,0.030000,0.057435
70,2,train,31,0.120000,0.173668
70,2,train,32,0.025000,0.014959
70,2,train,33,0.114400,0.096689
70,2,train,34,-0.390000,-0.058683
70,2,train,35,0.030000,0.015395
70,2,train,36,0.020000,0.066702
70,2,train,37,0.018000,0.015638
70,2,train,38,0.090000,0.083611
70,2,train,39,0.151000,0.127878
70,2,train,40,0.790000,0.557862
70,2,train,41,0.094600,0.064776
70,2,train,42,0.020000,0.085372
70,2,train,43,0.190000,0.176435
70,2,train,44,0.050000,0.064063
70,2,train,45,0.040000,0.064998
70,2,train,46,0.240000,0.191480
70,2,train,47,0.439000,0.354137
70,2,train,48,0.050000,0.037832
70,2,train,49,0.000000,0.039321
70,2,train,50,0.185100,0.187691
70,2,train,51,0.270000,0.213243
70,2,train,52,0.151000,0.133012
70,2,train,53,0.130000,0.109815
70,2,train,54,0.540000,0.348989
70,2,train,55,0.240000,0.211335
70,2,train,56,0.075400,0.068174
70,2,train,57,0.010000,0.084324
70,2,train,58,0.144500,0.136493
70,2,train,59,0.075400,0.068174
70,2,train,60,0.130000,0.129159
70,2,train,61,-0.030000,0.037205
70,2,train,62,0.280000,0.144132
70,2,train,63,0.190000,0.156070
70,2,train,64,0.284200,0.257344
70,2,train,65,0.063300,0.069014
70,2,train,66,0.020000,0.100841
70,2,train,67,0.094900,0.082054
70,2,train,68,0.260000,0.255472
70,2,train,69,0.054300,0.094455
70,2,train,70,0.135000,0.132636
70,2,train,71,0.160000,0.134580
70,2,train,72,0.100000,0.108373
70,2,train,73,0.035400,0.035254
70,2,train,74,0.160000,0.140085
70,2,train,75,0.260000,0.263427
70,2,train,76,0.150000,0.172355
70,2,train,77,0.232000,0.279202
70,2,train,78,0.020000,0.060963
70,2,train,79,0.020000,0.105141
70,2,train,80,0.100000,0.114392
70,2,train,81,0.200000,0.217512
70,2,train,82,0.290000,0.267166
70,2,train,83,0.050000,0.049179
70,2,train,84,0.020000,0.082745
70,2,train,85,0.030000,0.084593
70,2,train,86,0.160000,0.160777
70,2,train,87,0.350000,0.301740
70,2,train,88,0.020000,0.138126
70,2,train,89,0.163300,0.142449
70,2,train,90,0.210000,0.179533
70,2,train,91,0.035100,0.052682
70,2,train,92,0.190000,0.219974
70,2,train,93,0.115100,0.121802
70,2,train,94,0.022000,0.117017
70,2,train,95,0.160000,0.176064
70,2,train,96,0.160000,0.153840
70,2,train,97,0.185100,0.187691
70,2,train,98,0.360000,0.284745
70,2,train,99,0.290000,0.264574
70,2,train,100,0.090000,0.097819
70,2,train,101,0.094700,0.134863
70,2,train,102,0.094900,0.091592
70,2,train,103,0.070000,0.078948
70,2,train,104,0.030000,0.044473
70,2,train,105,0.380000,0.314014
70,2,train,106,0.330000,0.263703
70,2,train,107,0.242000,0.204044
70,2,train,108,0.045300,0.041317
70,2,train,109,0.200000,0.203836
70,2,train,110,0.190000,0.169890
70,2,train,111,0.080000,0.099190
70,2,train,112,0.220000,0.245450
70,2,train,113,0.230000,0.170082
70,2,train,114,0.095300,0.093148
70,2,train,115,0.280000,0.262495
70,2,train,116,0.250000,0.237562
70,2,train,117,0.150000,0.174168
70,2,train,118,0.058480,0.094584
70,2,train,119,0.060000,0.069652
70,2,train,120,0.044200,0.034104
70,2,train,121,0.403000,0.315396
70,2,train,122,0.035400,0.035254
70,2,train,123,0.380000,0.334678
70,2,train,124,0.220000,0.209052
70,2,train,125,0.174900,0.174911
70,2,train,126,0.193500,0.211796
70,2,train,127,0.137000,0.117681
70,2,train,128,0.370000,0.290315
70,2,train,129,0.090000,0.089236
70,3,test,0,-0.030000,0.128537
70,3,test,1,0.150000,0.203966
70,3,test,2,0.310000,0.225674
70,3,test,3,0.180000,0.084915
70,3,test,4,0.044200,0.076721
70,3,test,5,0.062000,0.140112
70,3,test,6,0.094900,0.106912
70,3,test,7,0.030000,0.097519
70,3,test,8,0.230000,0.117892
70,3,test,9,0.063300,0.078947
70,3,test,10,0.090000,0.137478
70,3,test,11,0.020000,0.021944
70,3,test,12,0.273300,0.250980
70,3,test,13,0.040000,0.085819
70,3,test,14,0.052410,0.091487
70,3,test,15,0.023500,0.068628
70,3,test,16,0.058480,0.202842
70,3,test,17,0.439000,0.295462
70,3,test,18,0.232000,0.390526
70,3,test,19,0.790000,0.508297
70,3,test,20,0.120000,0.309392
70,3,test,21,-0.390000,0.083907
70,3,test,22,0.050000,0.063862
70,3,test,23,0.540000,0.171895
70,3,test,24,0.185100,0.176472
70,3,test,25,0.190000,0.177172
70,3,test,26,0.360000,0.182697
70,3,test,27,0.200000,0.225624
70,3,test,28,0.190000,0.141243
70,3,test,29,0.032000,0.126232
70,3,test,30,0.020000,0.097216
70,3,test,31,0.220000,0.178174
70,3,test,32,-0.080000,0.086843
70,3,train,0,0.090000,0.093996
70,3,train,1,0.080000,0.083376
70,3,train,2,0.073410,0.090768
70,3,train,3,0.045300,0.047606
70,3,train,4,0.011000,0.013570
70,3,train,5,0.350000,0.314229
70,3,train,6,0.264400,0.260735
70,3,train,7,0.290000,0.292755
70,3,train,8,0.030000,0.024973
70,3,train,9,0.130000,0.136533
70,3,train,10,0.370000,0.313568
70,3,train,11,0.010000,0.021579
70,3,train,12,0.193500,0.194549
70,3,train,13,0.130000,0.128576
70,3,train,14,0.137000,0.138621
70,3,train,15,0.100000,0.101412
70,3,train,16,0.020000,0.036902
70,3,train,17,0.330000,0.308564
70,3,train,18,0.093900,0.098269
70,3,train,19,0.174900,0.173014
70,3,train,20,0.200000,0.219399
70,3,train,21,0.075400,0.075575
70,3,train,22,0.094900,0.101389
70,3,train,23,0.030000,0.041587
70,3,train,24,0.084600,0.080773
70,3,train,25,0.111520,0.136129
70,3,train,26,0.030000,0.045443
70,3,train,27,0.160000,0.167671
70,3,train,28,0.144700,0.145220
70,3,train,29,0.284200,0.278880
70,3,train,30,0.160000,0.160973
70,3,train,31,0.090000,0.113934
70,3,train,32,0.144500,0.139725
70,3,train,33,0.030000,0.038365
70,3,train,34,0.100000,0.128406
70,3,train,35,0.020000,0.032448
70,3,train,36,0.090000,0.091963
70,3,train,37,0.240000,0.239275
70,3,train,38,0.022000,0.024667
70,3,train,39,0.144700,0.145220
70,3,train,40,0.280000,0.250171
70,3,train,41,0.035400,0.036570
70,3,train,42,0.260000,0.271722
70,3,train,43,0.224400,0.223825
70,3,train,44,0.163300,0.160430
70,3,train,45,0.260000,0.253678
70,3,train,46,0.403000,0.349765
70,3,train,47,0.020000,0.045420
70,3,train,48,0.040000,0.051925
70,3,train,49,0.020000,0.032170
70,3,train,50,0.072000,0.074527
70,3,train,51,0.043800,0.048281
70,3,train,52,0.048480,0.048575
70,3,train,53,0.270000,0.283294
70,3,train,54,0.025000,0.029887
70,3,train,55,0.160000,0.174059
70,3,train,56,0.020000,0.031612
70,3,train,57,0.270000,0.250980
70,3,train,58,0.024200,0.033720
70,3,train,59,0.114400,0.118207
70,3,train,60,0.050000,0.049949
70,3,train,61,0.080000,0.082060
70,3,train,62,0.035400,0.036570
70,3,train,63,0.100000,0.099057
70,3,train,64,0.020000,0.018421
70,3,train,65,0.174900,0.172866
70,3,train,66,0.250000,0.245036
70,3,train,67,0.200000,0.196605
70,3,train,68,0.135000,0.137514
70,3,train,69,0.185100,0.176472
70,3,train,70,0.190000,0.189324
70,3,train,71,0.035100,0.041294
70,3,train,72,0.018000,0.018014
70,3,train,73,0.320000,0.341530
70,3,train,74,0.040000,0.047944
70,3,train,75,0.110000,0.108817
70,3,train,76,0.240000,0.240809
70,3,train,77,0.010000,0.038351
70,3,train,78,0.094700,0.101228
70,3,train,79,0.290000,0.294199
70,3,train,80,0.260000,0.257966
70,3,train,81,0.150000,0.152501
70,3,train,82,0.010000,0.021707
70,3,train,83,0.820000,0.575726
70,3,train,84,0.060000,0.078349
70,3,train,85,0.260000,0.248794
70,3,train,86,0.000000,0.009149
70,3,train,87,0.050000,0.054962
70,3,train,88,0.170000,0.163926
70,3,train,89,0.160000,0.161881
70,3,train,90,0.190000,0.194076
70,3,train,91,0.180000,0.166330
70,3,train,92,0.244400,0.233708
70,3,train,93,0.280000,0.268833
70,3,train,94,0.115100,0.116927
70,3,train,95,0.210000,0.204823
70,3,train,96,0.210000,0.206980
70,3,train,97,0.075400,0.075575
70,3,train,98,0.065340,0.077672
70,3,train,99,0.095300,0.096548
70,3,train,100,0.035100,0.040391
70,3,train,101,0.240000,0.239803
70,3,train,102,0.242000,0.235610
70,3,train,103,0.380000,0.313249
70,3,train,104,0.160000,0.159172
70,3,train,105,0.020000,0.025720
70,3,train,106,0.110000,0.102508
70,3,train,107,0.010000,0.009950
70,3,train,108,0.220000,0.224247
70,3,train,109,0.070000,0.080353
70,3,train,110,0.115100,0.116927
70,3,train,111,0.240000,0.234261
70,3,train,112,0.190000,0.190501
70,3,train,113,0.280000,0.270395
70,3,train,114,-0.110000,-0.055092
70,3,train,115,0.151000,0.151018
70,3,train,116,0.054300,0.066367
70,3,train,117,0.133000,0.137390
70,3,train,118,0.151000,0.149190
70,3,train,119,0.150000,0.165525
70,3,train,120,-0.350000,-0.128040
70,3,train,121,0.380000,0.344526
70,3,train,122,0.010000,0.043108
70,3,train,123,0.080000,0.086114
70,3,train,124,0.018000,0.021400
70,3,train,125,0.094600,0.095611
70,3,train,126,0.020000,0.024821
70,3,train,127,0.790000,0.575726
70,3,train,128,0.190000,0.208852
70,3,train,129,0.090000,0.092887
70,4,test,0,0.439000,0.219578
70,4,test,1,0.073410,0.138073
70,4,test,2,0.080000,0.088135
70,4,test,3,0.151000,0.085503
70,4,test,4,0.000000,0.126073
70,4,test,5,0.044200,0.104462
70,4,test,6,0.090000,0.120051
70,4,test,7,0.244400,0.089493
70,4,test,8,0.290000,0.248391
70,4,test,9,0.052410,0.091346
70,4,test,10,0.010000,0.119209
70,4,test,11,0.170000,0.110209
70,4,test,12,0.040000,0.092417
70,4,test,13,0.060000,0.078637
70,4,test,14,0.260000,0.172287
70,4,test,15,0.084600,0.065431
70,4,test,16,0.054300,0.157143
70,4,test,17,0.224400,0.086783
70,4,test,18,-0.080000,0.085371
70,4,test,19,0.062000,0.150687
70,4,test,20,0.284200,0.145889
70,4,test,21,0.200000,0.180571
70,4,test,22,0.160000,0.128447
70,4,test,23,0.144500,0.054242
70,4,test,24,0.090000,0.083662
70,4,test,25,0.010000,0.062280
70,4,test,26,0.185100,0.136034
70,4,test,27,0.790000,0.214193
70,4,test,28,0.310000,0.268544
70,4,test,29,0.010000,0.128685
70,4,test,30,0.280000,0.160675
70,4,test,31,0.380000,0.211236
70,4,test,32,0.273300,0.223205
70,4,train,0,0.025000,0.003095
70,4,train,1,0.050000,0.050720
70,4,train,2,0.050000,0.097365
70,4,train,3,0.185100,0.136034
70,4,train,4,0.190000,0.223955
70,4,train,5,0.065340,0.106863
70,4,train,6,0.040000,0.051186
70,4,train,7,0.144700,0.133579
70,4,train,8,0.130000,0.096001
70,4,train,9,0.240000,0.213439
70,4,train,10,0.250000,0.199153
70,4,train,11,0.111520,0.133964
70,4,train,12,0.100000,0.107353
70,4,train,13,0.023500,0.045987
70,4,train,14,0.094700,0.110341
70,4,train,15,0.242000,0.203401
70,4,train,16,0.030000,0.093669
70,4,train,17,0.200000,0.205424
70,4,train,18,0.360000,0.257448
70,4,train,19,0.270000,0.224656
70,4,train,20,0.150000,0.170689
70,4,train,21,0.380000,0.336145
70,4,train,22,0.270000,0.235523
70,4,train,23,0.040000,0.084175
70,4,train,24,0.080000,0.126886
70,4,train,25,0.020000,0.058209
70,4,train,26,0.011000,0.032197
70,4,train,27,0.080000,0.080907
70,4,train,28,0.090000,0.097768
70,4,train,29,0.070000,0.084871
70,4,train,30,0.193500,0.182347
70,4,train,31,0.190000,0.174908
70,4,train,32,0.264400,0.236857
70,4,train,33,0.150000,0.170055
70,4,train,34,0.280000,0.229418
70,4,train,35,0.018000,0.024946
70,4,train,36,0.022000,0.075521
70,4,train,37,0.035400,0.058575
70,4,train,38,0.032000,0.075824
70,4,train,39,0.240000,0.213922
70,4,train,40,0.163300,0.128620
70,4,train,41,0.094900,0.092621
70,4,train,42,0.030000,0.078193
70,4,train,43,0.110000,0.120531
70,4,train,44,0.030000,0.035780
70,4,train,45,0.540000,0.372959
70,4,train,46,0.230000,0.168544
70,4,train,47,0.280000,0.217983
70,4,train,48,0.115100,0.110997
70,4,train,49,0.210000,0.186308
70,4,train,50,0.063300,0.078774
70,4,train,51,0.058480,0.134188
70,4,train,52,0.320000,0.229536
70,4,train,53,0.020000,0.170539
70,4,train,54,0.115100,0.110997
70,4,train,55,0.220000,0.278867
70,4,train,56,0.020000,0.074661
70,4,train,57,0.190000,0.172867
70,4,train,58,0.100000,0.091560
70,4,train,59,0.370000,0.304512
70,4,train,60,0.095300,0.091967
70,4,train,61,0.350000,0.268050
70,4,train,62,0.190000,0.167556
70,4,train,63,0.020000,0.025389
70,4,train,64,0.035100,0.067096
70,4,train,65,0.048480,0.036698
70,4,train,66,0.035100,0.046031
70,4,train,67,0.072000,0.072474
70,4,train,68,0.110000,0.144023
70,4,train,69,0.190000,0.114374
70,4,train,70,0.190000,0.189472
70,4,train,71,0.075400,0.056472
70,4,train,72,0.240000,0.215913
70,4,train,73,0.260000,0.231240
70,4,train,74,0.090000,0.091821
70,4,train,75,0.090000,0.122613
70,4,train,76,-0.030000,0.042438
70,4,train,77,0.133000,0.165437
70,4,train,78,-0.350000,-0.030201
70,4,train,79,0.174900,0.174959
70,4,train,80,0.290000,0.259019
70,4,train,81,0.160000,0.128940
70,4,train,82,0.030000,0.054970
70,4,train,83,0.137000,0.129612
70,4,train,84,0.180000,0.153916
70,4,train,85,0.820000,0.551921
70,4,train,86,0.093900,0.117407
70,4,train,87,0.094900,0.092818
70,4,train,88,0.024200,0.067261
70,4,train,89,0.020000,0.057646
70,4,train,90,0.020000,0.030239
70,4,train,91,0.144700,0.133579
70,4,train,92,0.151000,0.103199
70,4,train,93,0.050000,0.020870
70,4,train,94,0.100000,0.065726
70,4,train,95,0.403000,0.266772
70,4,train,96,0.035400,0.058575
70,4,train,97,0.130000,0.095621
70,4,train,98,0.150000,0.188628
70,4,train,99,0.260000,0.251479
70,4,train,100,0.180000,0.163951
70,4,train,101,0.018000,0.015203
70,4,train,102,0.135000,0.103729
70,4,train,103,0.160000,0.131554
70,4,train,104,-0.110000,0.059417
70,4,train,105,0.210000,0.191976
70,4,train,106,0.010000,0.067808
70,4,train,107,0.114400,0.094897
70,4,train,108,-0.390000,-0.084406
70,4,train,109,0.010000,0.086156
70,4,train,110,0.094600,0.073202
70,4,train,111,0.020000,0.109953
70,4,train,112,0.790000,0.467360
70,4,train,113,0.160000,0.159501
70,4,train,114,0.260000,0.243044
70,4,train,115,0.045300,0.028744
70,4,train,116,0.043800,0.058874
70,4,train,117,0.020000,0.122831
70,4,train,118,0.232000,0.278537
70,4,train,119,0.020000,0.014020
70,4,train,120,0.075400,0.056472
70,4,train,121,0.030000,0.103256
70,4,train,122,0.200000,0.223427
70,4,train,123,0.330000,0.255536
70,4,train,124,0.020000,0.037510
70,4,train,125,0.160000,0.180514
70,4,train,126,0.174900,0.142272
70,4,train,127,0.220000,0.209102
70,4,train,128,0.240000,0.158099
70,4,train,129,0.120000,0.169189
70,5,test,0,0.054300,0.084972
70,5,test,1,0.240000,0.193943
70,5,test,2,0.040000,0.129627
70,5,test,3,0.790000,0.443702
70,5,test,4,0.100000,0.094715
70,5,test,5,0.010000,0.102049
70,5,test,6,0.094600,0.067328
70,5,test,7,-0.350000,0.187100
70,5,test,8,0.240000,0.142259
70,5,test,9,0.093900,0.169622
70,5,test,10,0.185100,0.178090
70,5,test,11,0.190000,0.176285
70,5,test,12,0.024200,0.106780
70,5,test,13,0.032000,0.163329
70,5,test,14,0.280000,0.243104
70,5,test,15,-0.030000,0.126237
70,5,test,16,0.030000,0.056058
70,5,test,17,0.160000,0.093121
70,5,test,18,0.260000,0.275247
70,5,test,19,0.063300,0.068964
70,5,test,20,0.190000,0.104475
70,5,test,21,0.160000,0.114924
70,5,test,22,0.163300,0.152836
70,5,test,23,0.023500,0.064261
70,5,test,24,0.094700,0.115186
70,5,test,25,0.174900,0.182253
70,5,test,26,0.090000,0.145229
70,5,test,27,0.035100,0.081820
70,5,test,28,0.052410,0.079637
70,5,test,29,0.200000,0.233739
70,5,test,30,0.010000,0.089506
70,5,test,31,0.220000,0.154358
70,5,test,32,0.190000,0.274245
70,5,train,0,0.160000,0.157509
70,5,train,1,0.790000,0.778268
70,5,train,2,0.075400,0.076469
70,5,train,3,0.050000,0.049947
70,5,train,4,0.110000,0.110625
70,5,train,5,0.310000,0.307121
70,5,train,6,0.040000,0.047975
70,5,train,7,0.090000,0.091810
70,5,train,8,0.174900,0.170758
70,5,train,9,0.020000,0.033974
70,5,train,10,0.144700,0.144365
70,5,train,11,-0.110000,-0.102309
70,5,train,12,0.133000,0.135870
70,5,train,13,0.048480,0.051707
70,5,train,14,0.010000,0.018056
70,5,train,15,0.220000,0.217897
70,5,train,16,0.250000,0.242630
70,5,train,17,0.190000,0.182754
70,5,train,18,0.270000,0.264866
70,5,train,19,0.193500,0.188454
70,5,train,20,0.232000,0.230759
70,5,train,21,0.260000,0.254496
70,5,train,22,0.370000,0.353968
70,5,train,23,0.100000,0.103428
70,5,train,24,0.260000,0.253816
70,5,train,25,0.060000,0.064412
70,5,train,26,0.151000,0.148907
70,5,train,27,0.020000,0.025522
70,5,train,28,0.244400,0.233418
70,5,train,29,0.094900,0.097725
70,5,train,30,0.025000,0.028868
70,5,train,31,0.018000,0.022686
70,5,train,32,0.210000,0.206383
70,5,train,33,0.065340,0.076444
70,5,train,34,0.111520,0.116139
70,5,train,35,0.150000,0.152643
70,5,train,36,0.190000,0.187446
70,5,train,37,0.070000,0.073756
70,5,train,38,0.160000,0.156279
70,5,train,39,0.137000,0.136880
70,5,train,40,0.210000,0.204266
70,5,train,41,0.095300,0.099058
70,5,train,42,0.100000,0.101046
70,5,train,43,0.403000,0.399302
70,5,train,44,0.170000,0.166256
70,5,train,45,0.260000,0.254589
70,5,train,46,0.020000,0.031839
70,5,train,47,0.020000,0.028703
70,5,train,48,0.035400,0.038747
70,5,train,49,0.022000,0.029297
70,5,train,50,0.151000,0.149189
70,5,train,51,0.150000,0.151599
70,5,train,52,0.094900,0.097913
70,5,train,53,0.135000,0.136203
70,5,train,54,0.130000,0.132021
70,5,train,55,0.080000,0.076698
70,5,train,56,0.073410,0.076799
70,5,train,57,0.020000,0.027309
70,5,train,58,0.084600,0.083515
70,5,train,59,0.284200,0.275707
70,5,train,60,0.240000,0.235488
70,5,train,61,0.230000,0.219147
70,5,train,62,0.044200,0.050569
70,5,train,63,0.072000,0.074966
70,5,train,64,0.280000,0.271863
70,5,train,65,0.010000,0.022194
70,5,train,66,0.115100,0.118066
70,5,train,67,0.080000,0.079579
70,5,train,68,0.075400,0.076469
70,5,train,69,0.190000,0.187095
70,5,train,70,0.120000,0.128594
70,5,train,71,0.110000,0.112407
70,5,train,72,0.144700,0.144365
70,5,train,73,0.242000,0.238065
70,5,train,74,0.224400,0.213650
70,5,train,75,0.030000,0.036769
70,5,train,76,0.115100,0.118066
70,5,train,77,0.035100,0.045207
70,5,train,78,0.180000,0.175560
70,5,train,79,0.020000,0.026287
70,5,train,80,0.380000,0.366254
70,5,train,81,0.030000,0.035252
70,5,train,82,0.080000,0.081002
70,5,train,83,0.090000,0.089656
70,5,train,84,0.160000,0.154897
70,5,train,85,0.150000,0.153533
70,5,train,86,0.030000,0.037167
70,5,train,87,0.040000,0.047700
70,5,train,88,0.320000,0.313670
70,5,train,89,0.439000,0.414400
70,5,train,90,-0.390000,-0.312400
70,5,train,91,0.180000,0.177342
70,5,train,92,0.000000,0.010472
70,5,train,93,0.144500,0.139795
70,5,train,94,0.035400,0.038747
70,5,train,95,0.020000,0.029945
70,5,train,96,0.045300,0.050236
70,5,train,97,0.540000,0.485424
70,5,train,98,0.280000,0.275412
70,5,train,99,0.058480,0.068745
70,5,train,100,0.360000,0.345166
70,5,train,101,0.050000,0.050042
70,5,train,102,0.010000,0.016360
70,5,train,103,0.820000,0.789781
70,5,train,104,0.020000,0.032394
70,5,train,105,0.330000,0.322964
70,5,train,106,0.200000,0.196311
70,5,train,107,0.200000,0.197390
70,5,train,108,0.240000,0.228463
70,5,train,109,0.273300,0.264090
70,5,train,110,0.090000,0.091140
70,5,train,111,0.020000,0.026948
70,5,train,112,0.290000,0.282263
70,5,train,113,0.270000,0.262392
70,5,train,114,0.130000,0.132050
70,5,train,115,0.114400,0.117334
70,5,train,116,-0.080000,-0.067941
70,5,train,117,0.043800,0.044793
70,5,train,118,0.264400,0.263307
70,5,train,119,0.185100,0.178090
70,5,train,120,0.030000,0.033177
70,5,train,121,0.062000,0.066853
70,5,train,122,0.380000,0.372259
70,5,train,123,0.050000,0.048158
70,5,train,124,0.090000,0.093723
70,5,train,125,0.350000,0.341100
70,5,train,126,0.020000,0.024797
70,5,train,127,0.011000,0.022246
70,5,train,128,0.290000,0.285100
70,5,train,129,0.018000,0.022570
70,6,test,0,0.190000,0.180175
70,6,test,1,0.310000,0.272870
70,6,test,2,0.220000,0.307097
70,6,test,3,0.095300,0.082588
70,6,test,4,0.280000,0.247520
70,6,test,5,0.100000,0.085167
70,6,test,6,0.020000,0.110309
70,6,test,7,0.190000,0.172089
70,6,test,8,0.290000,0.252498
70,6,test,9,0.144700,0.151540
70,6,test,10,0.790000,0.488851
70,6,test,11,0.020000,0.122208
70,6,test,12,0.020000,0.022568
70,6,test,13,0.160000,0.195276
70,6,test,14,0.114400,0.167884
70,6,test,15,0.174900,0.125661
70,6,test,16,0.260000,0.136964
70,6,test,17,0.210000,0.129603
70,6,test,18,0.045300,0.062890
70,6,test,19,0.084600,0.071977
70,6,test,20,0.150000,0.255745
70,6,test,21,0.040000,0.087270
70,6,test,22,0.151000,0.073035
70,6,test,23,0.280000,0.201006
70,6,test,24,0.151000,0.073445
70,6,test,25,0.035400,0.080841
70,6,test,26,0.144500,0.096059
70,6,test,27,0.030000,0.055319
70,6,test,28,0.160000,0.189365
70,6,test,29,-0.390000,0.072814
70,6,test,30,0.035100,0.074651
70,6,test,31,0.200000,0.265532
70,6,test,32,0.035400,0.080841
70,6,train,0,0.133000,0.134046
70,6,train,1,0.190000,0.192068
70,6,train,2,0.200000,0.201841
70,6,train,3,0.093900,0.096011
70,6,train,4,0.030000,0.033752
70,6,train,5,0.135000,0.125785
70,6,train,6,0.000000,0.016241
70,6,train,7,0.110000,0.106119
70,6,train,8,0.100000,0.090691
70,6,train,9,0.190000,0.197539
70,6,train,10,0.163300,0.153090
70,6,train,11,0.080000,0.078947
70,6,train,12,0.094900,0.092261
70,6,train,13,0.025000,0.025515
70,6,train,14,0.260000,0.252725
70,6,train,15,0.370000,0.352448
70,6,train,16,0.018000,0.022083
70,6,train,17,0.150000,0.151589
70,6,train,18,0.264400,0.267540
70,6,train,19,0.100000,0.107859
70,6,train,20,0.240000,0.233409
70,6,train,21,0.185100,0.181721
70,6,train,22,0.230000,0.225447
70,6,train,23,0.043800,0.049580
70,6,train,24,0.020000,0.026005
70,6,train,25,0.160000,0.157743
70,6,train,26,0.170000,0.157902
70,6,train,27,0.270000,0.275051
70,6,train,28,0.094700,0.105702
70,6,train,29,0.020000,0.026437
70,6,train,30,0.090000,0.093186
70,6,train,31,0.120000,0.129408
70,6,train,32,0.284200,0.267331
70,6,train,33,0.240000,0.239894
70,6,train,34,0.020000,0.032319
70,6,train,35,0.065340,0.087996
70,6,train,36,0.330000,0.318226
70,6,train,37,0.190000,0.188597
70,6,train,38,0.020000,0.021374
70,6,train,39,0.220000,0.214149
70,6,train,40,0.130000,0.131103
70,6,train,41,0.180000,0.177394
70,6,train,42,0.050000,0.049368
70,6,train,43,0.080000,0.076900
70,6,train,44,0.224400,0.213061
70,6,train,45,0.018000,0.023490
70,6,train,46,0.320000,0.320440
70,6,train,47,0.075400,0.074282
70,6,train,48,0.090000,0.101923
70,6,train,49,0.010000,0.015854
70,6,train,50,0.072000,0.074291
70,6,train,51,0.200000,0.196823
70,6,train,52,-0.080000,-0.041213
70,6,train,53,0.020000,0.024468
70,6,train,54,0.190000,0.211995
70,6,train,55,0.011000,0.020365
70,6,train,56,0.080000,0.087447
70,6,train,57,0.040000,0.042619
70,6,train,58,0.280000,0.263139
70,6,train,59,0.150000,0.159848
70,6,train,60,0.240000,0.235456
70,6,train,61,0.094600,0.090970
70,6,train,62,0.044200,0.049877
70,6,train,63,0.022000,0.030177
70,6,train,64,0.062000,0.064959
70,6,train,65,0.260000,0.267242
70,6,train,66,0.380000,0.368988
70,6,train,67,0.094900,0.103266
70,6,train,68,0.242000,0.239307
70,6,train,69,0.010000,0.014989
70,6,train,70,0.180000,0.178250
70,6,train,71,0.048480,0.051561
70,6,train,72,0.380000,0.356069
70,6,train,73,0.290000,0.280404
70,6,train,74,0.023500,0.033491
70,6,train,75,0.024200,0.031177
70,6,train,76,0.073410,0.081901
70,6,train,77,0.050000,0.051247
70,6,train,78,0.273300,0.275596
70,6,train,79,0.137000,0.136473
70,6,train,80,0.111520,0.156879
70,6,train,81,0.075400,0.074282
70,6,train,82,0.032000,0.034051
70,6,train,83,0.090000,0.087839
70,6,train,84,0.020000,0.051202
70,6,train,85,0.030000,0.030315
70,6,train,86,0.020000,0.030618
70,6,train,87,0.010000,0.027945
70,6,train,88,0.115100,0.116785
70,6,train,89,0.403000,0.369093
70,6,train,90,-0.030000,-0.016897
70,6,train,91,0.070000,0.060883
70,6,train,92,0.063300,0.079239
70,6,train,93,-0.350000,-0.123097
70,6,train,94,0.115100,0.116785
70,6,train,95,0.360000,0.334333
70,6,train,96,0.160000,0.176214
70,6,train,97,0.232000,0.278721
70,6,train,98,0.193500,0.189289
70,6,train,99,0.244400,0.228003
70,6,train,100,0.250000,0.235113
70,6,train,101,0.110000,0.110716
70,6,train,102,0.060000,0.080101
70,6,train,103,-0.110000,-0.063181
70,6,train,104,0.210000,0.199703
70,6,train,105,0.439000,0.398101
70,6,train,106,0.040000,0.047449
70,6,train,107,0.820000,0.596687
70,6,train,108,0.260000,0.257862
70,6,train,109,0.130000,0.124881
70,6,train,110,0.090000,0.097313
70,6,train,111,0.270000,0.261124
70,6,train,112,0.030000,0.051310
70,6,train,113,0.058480,0.067391
70,6,train,114,0.790000,0.596687
70,6,train,115,0.350000,0.333904
70,6,train,116,0.540000,0.386228
70,6,train,117,0.010000,0.017944
70,6,train,118,0.054300,0.072016
70,6,train,119,0.144700,0.151540
70,6,train,120,0.174900,0.173544
70,6,train,121,0.240000,0.235533
70,6,train,122,0.052410,0.046016
70,6,train,123,0.160000,0.152957
70,6,train,124,0.185100,0.181721
70,6,train,125,0.050000,0.046251
70,6,train,126,0.035100,0.049261
70,6,train,127,0.030000,0.051665
70,6,train,128,0.090000,0.089711
70,6,train,129,0.010000,0.020884
70,7,test,0,0.144700,0.149016
70,7,test,1,0.130000,0.047800
70,7,test,2,0.095300,0.103603
70,7,test,3,0.030000,0.158281
70,7,test,4,0.290000,0.181418
70,7,test,5,0.075400,0.062866
70,7,test,6,0.150000,0.173206
70,7,test,7,0.020000,0.159022
70,7,test,8,0.094700,0.117502
70,7,test,9,0.280000,0.293180
70,7,test,10,0.073410,0.112716
70,7,test,11,0.200000,0.221961
70,7,test,12,0.380000,0.243711
70,7,test,13,0.190000,0.158747
70,7,test,14,0.020000,0.084764
70,7,test,15,0.072000,0.145511
70,7,test,16,0.080000,0.121820
70,7,test,17,0.018000,-0.051933
70,7,test,18,0.220000,0.148695
70,7,test,19,0.240000,0.162025
70,7,test,20,0.020000,0.017991
70,7,test,21,0.084600,0.016842
70,7,test,22,0.160000,0.206861
70,7,test,23,0.790000,0.181309
70,7,test,24,0.060000,0.083269
70,7,test,25,0.090000,-0.019446
70,7,test,26,0.135000,0.143728
70,7,test,27,0.210000,0.060220
70,7,test,28,0.230000,0.200212
70,7,test,29,0.115100,0.114825
70,7,test,30,0.115100,0.114825
70,7,test,31,0.790000,0.305025
70,7,test,32,0.110000,0.168253
70,7,train,0,0.244400,0.230915
70,7,train,1,0.260000,0.263100
70,7,train,2,0.035100,0.037087
70,7,train,3,0.160000,0.157836
70,7,train,4,0.022000,0.035917
70,7,train,5,0.160000,0.156196
70,7,train,6,0.100000,0.102109
70,7,train,7,0.032000,0.062199
70,7,train,8,0.063300,0.067300
70,7,train,9,0.190000,0.193220
70,7,train,10,-0.110000,-0.062645
70,7,train,11,0.010000,0.043205
70,7,train,12,0.137000,0.136675
70,7,train,13,0.018000,0.017775
70,7,train,14,0.054300,0.067185
70,7,train,15,-0.080000,-0.067208
70,7,train,16,-0.030000,0.005091
70,7,train,17,0.273300,0.297410
70,7,train,18,0.048480,0.040590
70,7,train,19,0.200000,0.181276
70,7,train,20,0.094900,0.108063
70,7,train,21,0.190000,0.214006
70,7,train,22,0.100000,0.086586
70,7,train,23,-0.350000,-0.154948
70,7,train,24,0.080000,0.081156
70,7,train,25,0.439000,0.399069
70,7,train,26,-0.390000,-0.321991
70,7,train,27,0.011000,0.004305
70,7,train,28,0.185100,0.177544
70,7,train,29,0.020000,0.042209
70,7,train,30,0.260000,0.278817
70,7,train,31,0.350000,0.345010
70,7,train,32,0.035400,0.038747
70,7,train,33,0.130000,0.101115
70,7,train,34,0.224400,0.183895
70,7,train,35,0.180000,0.177236
70,7,train,36,0.163300,0.156393
70,7,train,37,0.075400,0.062866
70,7,train,38,0.040000,0.050133
70,7,train,39,0.190000,0.174687
70,7,train,40,0.030000,0.033582
70,7,train,41,0.193500,0.189714
70,7,train,42,0.090000,0.093151
70,7,train,43,0.024200,0.027217
70,7,train,44,0.030000,0.030346
70,7,train,45,0.020000,0.024203
70,7,train,46,0.090000,0.083138
70,7,train,47,0.190000,0.156120
70,7,train,48,0.065340,0.107413
70,7,train,49,0.080000,0.085462
70,7,train,50,0.180000,0.135371
70,7,train,51,0.094900,0.084470
70,7,train,52,0.280000,0.269938
70,7,train,53,0.090000,0.091168
70,7,train,54,0.190000,0.216400
70,7,train,55,0.044200,0.037499
70,7,train,56,0.330000,0.311039
70,7,train,57,0.025000,0.008770
70,7,train,58,0.030000,0.038881
70,7,train,59,0.150000,0.144706
70,7,train,60,0.000000,0.008665
70,7,train,61,0.160000,0.183296
70,7,train,62,0.820000,0.666204
70,7,train,63,0.280000,0.261348
70,7,train,64,0.058480,0.078572
70,7,train,65,0.151000,0.142901
70,7,train,66,0.240000,0.201878
70,7,train,67,0.020000,0.022520
70,7,train,68,0.260000,0.254803
70,7,train,69,0.232000,0.262503
70,7,train,70,0.114400,0.113928
70,7,train,71,0.242000,0.245475
70,7,train,72,0.040000,0.076055
70,7,train,73,0.150000,0.149884
70,7,train,74,0.264400,0.264926
70,7,train,75,0.062000,0.066798
70,7,train,76,0.240000,0.240398
70,7,train,77,0.035100,0.042988
70,7,train,78,0.050000,0.047779
70,7,train,79,0.110000,0.091958
70,7,train,80,0.120000,0.123402
70,7,train,81,0.320000,0.292786
70,7,train,82,0.094600,0.082517
70,7,train,83,0.100000,0.096175
70,7,train,84,0.160000,0.179264
70,7,train,85,0.270000,0.251729
70,7,train,86,0.380000,0.378770
70,7,train,87,0.270000,0.252298
70,7,train,88,0.170000,0.145482
70,7,train,89,0.111520,0.144125
70,7,train,90,0.050000,0.048776
70,7,train,91,0.020000,0.033097
70,7,train,92,0.040000,0.038974
70,7,train,93,0.260000,0.255050
70,7,train,94,0.250000,0.223003
70,7,train,95,0.403000,0.394875
70,7,train,96,0.151000,0.140602
70,7,train,97,0.290000,0.267522
70,7,train,98,0.240000,0.235506
70,7,train,99,0.035400,0.038747
70,7,train,100,0.090000,0.089160
70,7,train,101,0.174900,0.159101
70,7,train,102,0.220000,0.245108
70,7,train,103,0.045300,0.030524
70,7,train,104,0.020000,0.035965
70,7,train,105,0.284200,0.269480
70,7,train,106,0.050000,0.045486
70,7,train,107,0.010000,0.012389
70,7,train,108,0.070000,0.069305
70,7,train,109,0.043800,0.048588
70,7,train,110,0.144500,0.135511
70,7,train,111,0.310000,0.299215
70,7,train,112,0.020000,-0.013200
70,7,train,113,0.174900,0.169567
70,7,train,114,0.020000,0.056495
70,7,train,115,0.010000,0.026756
70,7,train,116,0.210000,0.215281
70,7,train,117,0.540000,0.436439
70,7,train,118,0.010000,-0.004722
70,7,train,119,0.023500,0.022469
70,7,train,120,0.010000,0.012345
70,7,train,121,0.144700,0.149016
70,7,train,122,0.370000,0.358960
70,7,train,123,0.093900,0.099514
70,7,train,124,0.133000,0.170907
70,7,train,125,0.185100,0.177544
70,7,train,126,0.200000,0.209421
70,7,train,127,0.360000,0.324137
70,7,train,128,0.030000,0.042711
70,7,train,129,0.052410,0.047952
70,8,test,0,0.018000,0.064141
70,8,test,1,-0.030000,0.100472
70,8,test,2,0.439000,0.175002
70,8,test,3,0.264400,0.166868
70,8,test,4,0.100000,0.041165
70,8,test,5,0.114400,0.159291
70,8,test,6,0.100000,0.111059
70,8,test,7,0.160000,0.224729
70,8,test,8,0.160000,0.133838
70,8,test,9,0.043800,0.103269
70,8,test,10,0.200000,0.181787
70,8,test,11,0.240000,0.193116
70,8,test,12,0.220000,0.250773
70,8,test,13,0.054300,0.170082
70,8,test,14,0.180000,0.120125
70,8,test,15,0.075400,0.097074
70,8,test,16,0.380000,0.203746
70,8,test,17,0.052410,0.067158
70,8,test,18,0.070000,0.093277
70,8,test,19,0.144700,0.165808
70,8,test,20,0.030000,0.045580
70,8,test,21,0.093900,0.139993
70,8,test,22,0.020000,0.105457
70,8,test,23,0.290000,0.212958
70,8,test,24,0.210000,0.096458
70,8,test,25,0.160000,0.212614
70,8,test,26,-0.390000,0.100693
70,8,test,27,0.150000,0.179894
70,8,test,28,0.030000,0.087342
70,8,test,29,0.110000,0.136245
70,8,test,30,0.240000,0.184274
70,8,test,31,0.010000,0.112486
70,8,test,32,0.820000,0.505886
70,8,train,0,0.094900,0.108056
70,8,train,1,0.150000,0.192160
70,8,train,2,0.020000,0.071883
70,8,train,3,0.018000,0.015313
70,8,train,4,0.224400,0.161722
70,8,train,5,0.010000,0.027511
70,8,train,6,0.290000,0.307198
70,8,train,7,0.232000,0.278547
70,8,train,8,0.090000,0.117407
70,8,train,9,0.137000,0.136597
70,8,train,10,0.020000,0.082807
70,8,train,11,0.284200,0.262537
70,8,train,12,0.350000,0.299176
70,8,train,13,0.030000,0.069612
70,8,train,14,0.094900,0.102026
70,8,train,15,0.174900,0.161436
70,8,train,16,0.360000,0.204390
70,8,train,17,0.090000,0.165685
70,8,train,18,0.242000,0.176594
70,8,train,19,0.050000,0.037008
70,8,train,20,0.240000,0.191301
70,8,train,21,0.273300,0.246373
70,8,train,22,0.115100,0.122099
70,8,train,23,0.111520,0.189406
70,8,train,24,0.040000,0.087117
70,8,train,25,-0.080000,0.009101
70,8,train,26,0.193500,0.177563
70,8,train,27,0.320000,0.321697
70,8,train,28,0.403000,0.297354
70,8,train,29,0.063300,0.080651
70,8,train,30,0.330000,0.239918
70,8,train,31,0.090000,0.102509
70,8,train,32,0.210000,0.174732
70,8,train,33,0.020000,0.081985
70,8,train,34,0.133000,0.156004
70,8,train,35,0.185100,0.134759
70,8,train,36,0.280000,0.209362
70,8,train,37,0.090000,0.096948
70,8,train,38,0.032000,0.046098
70,8,train,39,0.022000,0.049562
70,8,train,40,0.200000,0.207963
70,8,train,41,0.190000,0.193947
70,8,train,42,0.260000,0.258884
70,8,train,43,0.073410,0.149244
70,8,train,44,0.200000,0.194448
70,8,train,45,0.035100,0.097159
70,8,train,46,0.020000,-0.002114
70,8,train,47,0.115100,0.122099
70,8,train,48,0.190000,0.206465
70,8,train,49,0.174900,0.125922
70,8,train,50,0.040000,0.047267
70,8,train,51,0.010000,0.048265
70,8,train,52,0.144500,0.125822
70,8,train,53,0.023500,0.066460
70,8,train,54,0.790000,0.585450
70,8,train,55,0.010000,0.051657
70,8,train,56,0.020000,0.060260
70,8,train,57,0.135000,0.139286
70,8,train,58,0.310000,0.304728
70,8,train,59,0.094700,0.094045
70,8,train,60,0.163300,0.133838
70,8,train,61,0.120000,0.172684
70,8,train,62,0.190000,0.188030
70,8,train,63,0.250000,0.182447
70,8,train,64,0.075400,0.097074
70,8,train,65,0.020000,0.077933
70,8,train,66,0.095300,0.087162
70,8,train,67,0.540000,0.300271
70,8,train,68,0.790000,0.596642
70,8,train,69,0.180000,0.136161
70,8,train,70,0.144700,0.165808
70,8,train,71,0.048480,0.020780
70,8,train,72,0.260000,0.259446
70,8,train,73,0.160000,0.132691
70,8,train,74,0.045300,0.039389
70,8,train,75,0.280000,0.258239
70,8,train,76,-0.350000,-0.139216
70,8,train,77,0.380000,0.257329
70,8,train,78,0.170000,0.149791
70,8,train,79,0.020000,0.079195
70,8,train,80,0.044200,0.082124
70,8,train,81,0.035400,0.058963
70,8,train,82,0.244400,0.182130
70,8,train,83,0.260000,0.243856
70,8,train,84,0.370000,0.247796
70,8,train,85,0.094600,0.085967
70,8,train,86,0.084600,0.074620
70,8,train,87,0.065340,0.110185
70,8,train,88,0.058480,0.138938
70,8,train,89,0.130000,0.132872
70,8,train,90,0.060000,0.080277
70,8,train,91,0.160000,0.167254
70,8,train,92,0.035100,0.102435
70,8,train,93,0.185100,0.134759
70,8,train,94,0.090000,0.125989
70,8,train,95,0.080000,0.095131
70,8,train,96,0.151000,0.133253
70,8,train,97,0.270000,0.262146
70,8,train,98,0.240000,0.179375
70,8,train,99,0.072000,0.112166
70,8,train,100,-0.110000,-0.025010
70,8,train,101,0.050000,0.086583
70,8,train,102,0.011000,0.045326
70,8,train,103,0.260000,0.201614
70,8,train,104,0.190000,0.162522
70,8,train,105,0.190000,0.213014
70,8,train,106,0.280000,0.196334
70,8,train,107,0.025000,0.052992
70,8,train,108,0.230000,0.180426
70,8,train,109,0.080000,0.087603
70,8,train,110,0.000000,0.077695
70,8,train,111,0.020000,0.072449
70,8,train,112,0.130000,0.134802
70,8,train,113,0.151000,0.133866
70,8,train,114,0.062000,0.099467
70,8,train,115,0.270000,0.246902
70,8,train,116,0.020000,0.024619
70,8,train,117,0.080000,0.083620
70,8,train,118,0.040000,0.067554
70,8,train,119,0.150000,0.160582
70,8,train,120,0.190000,0.147643
70,8,train,121,0.110000,0.094619
70,8,train,122,0.030000,0.071483
70,8,train,123,0.024200,0.056679
70,8,train,124,0.220000,0.206147
70,8,train,125,0.035400,0.058963
70,8,train,126,0.010000,0.047332
70,8,train,127,0.030000,0.071082
70,8,train,128,0.050000,0.057656
70,8,train,129,0.100000,0.107607
70,9,test,0,0.163300,0.146363
70,9,test,1,0.190000,0.081524
70,9,test,2,0.032000,0.099858
70,9,test,3,0.072000,0.113209
70,9,test,4,0.025000,0.022944
70,9,test,5,0.080000,0.074386
70,9,test,6,0.240000,0.143618
70,9,test,7,0.080000,0.088687
70,9,test,8,0.095300,0.110654
70,9,test,9,0.190000,0.188451
70,9,test,10,0.120000,0.358528
70,9,test,11,0.043800,0.064201
70,9,test,12,0.010000,0.135494
70,9,test,13,0.174900,0.104472
70,9,test,14,0.094900,0.101233
70,9,test,15,0.100000,0.061963
70,9,test,16,0.100000,0.079684
70,9,test,17,0.151000,0.142232
70,9,test,18,0.020000,0.062208
70,9,test,19,0.264400,0.190054
70,9,test,20,0.244400,0.119949
70,9,test,21,0.020000,0.021002
70,9,test,22,0.190000,0.324260
70,9,test,23,0.180000,0.101923
70,9,test,24,0.090000,0.070025
70,9,test,25,0.280000,0.101997
70,9,test,26,0.193500,0.159846
70,9,test,27,0.054300,0.171095
70,9,test,28,0.190000,0.144987
70,9,test,29,0.058480,0.301207
70,9,test,30,0.144700,0.148048
70,9,test,31,0.050000,-0.007249
70,9,test,32,0.280000,0.182094
70,9,train,0,0.052410,0.040825
70,9,train,1,0.094600,0.093054
70,9,train,2,0.035400,0.036573
70,9,train,3,0.190000,0.170866
70,9,train,4,0.010000,0.047374
70,9,train,5,0.790000,0.672096
70,9,train,6,0.350000,0.330213
70,9,train,7,0.540000,0.410099
70,9,train,8,0.065340,0.076664
70,9,train,9,0.070000,0.073247
70,9,train,10,0.010000,0.013711
70,9,train,11,-0.030000,-0.016738
70,9,train,12,0.035400,0.036573
70,9,train,13,0.093900,0.096313
70,9,train,14,0.115100,0.116230
70,9,train,15,0.050000,0.048874
70,9,train,16,0.030000,0.026219
70,9,train,17,0.111520,0.122931
70,9,train,18,0.044200,0.048159
70,9,train,19,0.040000,0.041920
70,9,train,20,0.084600,0.080695
70,9,train,21,0.020000,0.038736
70,9,train,22,0.115100,0.116230
70,9,train,23,0.380000,0.355441
70,9,train,24,0.100000,0.088367
70,9,train,25,0.290000,0.287317
70,9,train,26,0.045300,0.047173
70,9,train,27,0.320000,0.313862
70,9,train,28,0.290000,0.263917
70,9,train,29,0.035100,0.038783
70,9,train,30,0.310000,0.314652
70,9,train,31,0.185100,0.185082
70,9,train,32,0.380000,0.364605
70,9,train,33,0.130000,0.128545
70,9,train,34,0.011000,-0.000784
70,9,train,35,0.020000,0.033402
70,9,train,36,0.022000,0.025573
70,9,train,37,0.110000,0.114076
70,9,train,38,0.075400,0.073342
70,9,train,39,0.020000,0.035039
70,9,train,40,0.260000,0.276725
70,9,train,41,0.020000,0.049288
70,9,train,42,0.090000,0.087326
70,9,train,43,0.094900,0.097719
70,9,train,44,0.232000,0.287546
70,9,train,45,0.150000,0.159223
70,9,train,46,0.242000,0.233239
70,9,train,47,0.260000,0.245033
70,9,train,48,0.150000,0.138627
70,9,train,49,0.048480,0.040868
70,9,train,50,0.075400,0.073342
70,9,train,51,0.135000,0.134628
70,9,train,52,0.010000,0.009143
70,9,train,53,0.200000,0.203741
70,9,train,54,0.174900,0.172904
70,9,train,55,0.080000,0.082127
70,9,train,56,0.210000,0.207308
70,9,train,57,0.110000,0.105892
70,9,train,58,0.020000,0.038691
70,9,train,59,0.030000,0.020408
70,9,train,60,0.151000,0.146815
70,9,train,61,0.024200,0.029037
70,9,train,62,0.790000,0.671108
70,9,train,63,0.050000,0.050388
70,9,train,64,0.023500,0.021559
70,9,train,65,0.273300,0.285287
70,9,train,66,0.018000,0.017845
70,9,train,67,0.270000,0.283925
70,9,train,68,0.130000,0.130235
70,9,train,69,0.160000,0.185880
70,9,train,70,0.224400,0.214996
70,9,train,71,-0.110000,-0.095523
70,9,train,72,0.230000,0.212587
70,9,train,73,0.094700,0.100103
70,9,train,74,0.090000,0.093556
70,9,train,75,0.260000,0.260369
70,9,train,76,0.144700,0.148048
70,9,train,77,0.040000,0.042081
70,9,train,78,0.360000,0.338211
70,9,train,79,0.030000,0.044367
70,9,train,80,0.284200,0.279399
70,9,train,81,0.240000,0.240396
70,9,train,82,0.170000,0.166451
70,9,train,83,0.370000,0.334612
70,9,train,84,0.439000,0.415280
70,9,train,85,0.030000,0.050521
70,9,train,86,0.114400,0.117634
70,9,train,87,0.133000,0.136490
70,9,train,88,0.073410,0.105710
70,9,train,89,0.280000,0.239143
70,9,train,90,0.200000,0.203452
70,9,train,91,0.030000,0.028254
70,9,train,92,0.820000,0.672096
70,9,train,93,0.190000,0.190559
70,9,train,94,0.062000,0.066597
70,9,train,95,0.040000,0.047871
70,9,train,96,0.403000,0.384225
70,9,train,97,0.160000,0.158056
70,9,train,98,0.018000,0.013967
70,9,train,99,0.220000,0.229709
70,9,train,100,0.180000,0.182391
70,9,train,101,0.090000,0.108925
70,9,train,102,0.060000,0.077463
70,9,train,103,0.330000,0.318168
70,9,train,104,0.220000,0.218504
70,9,train,105,0.210000,0.216302
70,9,train,106,0.160000,0.152094
70,9,train,107,0.020000,0.023381
70,9,train,108,-0.350000,-0.172968
70,9,train,109,0.144500,0.144585
70,9,train,110,0.240000,0.234413
70,9,train,111,0.240000,0.229090
70,9,train,112,0.000000,0.015427
70,9,train,113,0.090000,0.090693
70,9,train,114,0.200000,0.213964
70,9,train,115,0.250000,0.210817
70,9,train,116,0.160000,0.148554
70,9,train,117,0.160000,0.156431
70,9,train,118,0.035100,0.041647
70,9,train,119,-0.390000,-0.191861
70,9,train,120,0.063300,0.078458
70,9,train,121,0.020000,0.024615
70,9,train,122,0.137000,0.137117
70,9,train,123,-0.080000,-0.067962
70,9,train,124,0.270000,0.274436
70,9,train,125,0.150000,0.152584
70,9,train,126,0.010000,0.015223
70,9,train,127,0.020000,0.023194
70,9,train,128,0.185100,0.185082
70,9,train,129,0.260000,0.267236
70,10,test,0,0.111520,0.187797
70,10,test,1,0.020000,0.060591
70,10,test,2,0.044200,0.102796
70,10,test,3,0.073410,0.114405
70,10,test,4,0.035100,0.138012
70,10,test,5,0.110000,0.117591
70,10,test,6,0.790000,0.305204
70,10,test,7,0.020000,0.203399
70,10,test,8,0.330000,0.158481
70,10,test,9,0.090000,0.161277
70,10,test,10,0.070000,0.088976
70,10,test,11,0.060000,0.059198
70,10,test,12,0.163300,0.149255
70,10,test,13,0.065340,0.213661
70,10,test,14,0.045300,0.084853
70,10,test,15,0.032000,0.099216
70,10,test,16,0.200000,0.123410
70,10,test,17,0.240000,0.147430
70,10,test,18,0.030000,0.082800
70,10,test,19,0.130000,0.105764
70,10,test,20,0.144500,0.095520
70,10,test,21,0.018000,0.085034
70,10,test,22,0.160000,0.195225
70,10,test,23,0.220000,0.189567
70,10,test,24,0.094600,0.089373
70,10,test,25,0.193500,0.130581
70,10,test,26,0.035400,0.038306
70,10,test,27,0.010000,0.146895
70,10,test,28,0.020000,0.102854
70,10,test,29,-0.390000,0.131955
70,10,test,30,0.820000,0.411764
70,10,test,31,-0.030000,0.106149
70,10,test,32,0.210000,0.053305
70,10,train,0,0.210000,0.206569
70,10,train,1,0.540000,0.383951
70,10,train,2,0.280000,0.277233
70,10,train,3,0.020000,0.026967
70,10,train,4,0.230000,0.224654
70,10,train,5,0.020000,0.024729
70,10,train,6,0.150000,0.149868
70,10,train,7,0.370000,0.358899
70,10,train,8,0.790000,0.491512
70,10,train,9,0.260000,0.251346
70,10,train,10,0.190000,0.188995
70,10,train,11,0.050000,0.050604
70,10,train,12,0.160000,0.160070
70,10,train,13,0.030000,0.034761
70,10,train,14,0.075400,0.076264
70,10,train,15,0.054300,0.062286
70,10,train,16,0.151000,0.150836
70,10,train,17,-0.110000,-0.063774
70,10,train,18,0.273300,0.262827
70,10,train,19,0.010000,0.012878
70,10,train,20,0.135000,0.135273
70,10,train,21,0.270000,0.262827
70,10,train,22,0.115100,0.115827
70,10,train,23,0.024200,0.027030
70,10,train,24,0.011000,0.022102
70,10,train,25,0.052410,0.052805
70,10,train,26,0.190000,0.188605
70,10,train,27,0.094900,0.095840
70,10,train,28,0.040000,0.041060
70,10,train,29,0.160000,0.158175
70,10,train,30,0.174900,0.174147
70,10,train,31,0.190000,0.186471
70,10,train,32,0.080000,0.080571
70,10,train,33,0.380000,0.356838
70,10,train,34,0.224400,0.214436
70,10,train,35,0.180000,0.178320
70,10,train,36,0.062000,0.062863
70,10,train,37,0.090000,0.096055
70,10,train,38,0.190000,0.187894
70,10,train,39,0.095300,0.096068
70,10,train,40,0.180000,0.177227
70,10,train,41,0.360000,0.329094
70,10,train,42,0.084600,0.085668
70,10,train,43,0.050000,0.049939
70,10,train,44,0.050000,0.050488
70,10,train,45,0.023500,0.025967
70,10,train,46,0.035100,0.043701
70,10,train,47,0.240000,0.221211
70,10,train,48,0.133000,0.135079
70,10,train,49,0.090000,0.091115
70,10,train,50,0.030000,0.041715
70,10,train,51,0.439000,0.389891
70,10,train,52,0.110000,0.110810
70,10,train,53,0.310000,0.306089
70,10,train,54,0.115100,0.115827
70,10,train,55,0.290000,0.287412
70,10,train,56,0.250000,0.248310
70,10,train,57,0.260000,0.258884
70,10,train,58,0.284200,0.280313
70,10,train,59,0.018000,0.019192
70,10,train,60,0.160000,0.159752
70,10,train,61,0.035400,0.038306
70,10,train,62,0.020000,0.027170
70,10,train,63,0.030000,0.031053
70,10,train,64,0.220000,0.217973
70,10,train,65,0.200000,0.197837
70,10,train,66,0.043800,0.046031
70,10,train,67,0.010000,0.015312
70,10,train,68,0.100000,0.101000
70,10,train,69,0.100000,0.100820
70,10,train,70,0.072000,0.073716
70,10,train,71,0.290000,0.285256
70,10,train,72,0.174900,0.173106
70,10,train,73,0.380000,0.362256
70,10,train,74,0.094700,0.095119
70,10,train,75,0.100000,0.102107
70,10,train,76,-0.350000,-0.125533
70,10,train,77,0.280000,0.275063
70,10,train,78,0.260000,0.251977
70,10,train,79,0.185100,0.184233
70,10,train,80,0.010000,0.018405
70,10,train,81,0.020000,0.029479
70,10,train,82,0.020000,0.024140
70,10,train,83,0.022000,0.026929
70,10,train,84,0.040000,0.042876
70,10,train,85,0.244400,0.241131
70,10,train,86,0.090000,0.090443
70,10,train,87,0.200000,0.198775
70,10,train,88,0.075400,0.076264
70,10,train,89,0.093900,0.094668
70,10,train,90,0.137000,0.135335
70,10,train,91,0.010000,0.014144
70,10,train,92,0.151000,0.150747
70,10,train,93,0.000000,0.019481
70,10,train,94,0.264400,0.262960
70,10,train,95,0.048480,0.049863
70,10,train,96,0.232000,0.225788
70,10,train,97,0.058480,0.060177
70,10,train,98,-0.080000,-0.030512
70,10,train,99,0.144700,0.144304
70,10,train,100,0.114400,0.114638
70,10,train,101,0.130000,0.130191
70,10,train,102,0.185100,0.184233
70,10,train,103,0.260000,0.256836
70,10,train,104,0.080000,0.083594
70,10,train,105,0.144700,0.144304
70,10,train,106,0.025000,0.026461
70,10,train,107,0.150000,0.149513
70,10,train,108,0.242000,0.240624
70,10,train,109,0.160000,0.159370
70,10,train,110,0.120000,0.121496
70,10,train,111,0.080000,0.080512
70,10,train,112,0.094900,0.095500
70,10,train,113,0.190000,0.189253
70,10,train,114,0.240000,0.235378
70,10,train,115,0.320000,0.303429
70,10,train,116,0.190000,0.190103
70,10,train,117,0.150000,0.149112
70,10,train,118,0.063300,0.065013
70,10,train,119,0.020000,0.033285
70,10,train,120,0.020000,0.021274
70,10,train,121,0.350000,0.334755
70,10,train,122,0.403000,0.389891
70,10,train,123,0.040000,0.042713
70,10,train,124,0.240000,0.237934
70,10,train,125,0.030000,0.031173
70,10,train,126,0.170000,0.168482
70,10,train,127,0.090000,0.090913
70,10,train,128,0.270000,0.265802
70,10,train,129,0.280000,0.265211
100,1,test,0,0.043800,0.125758
100,1,test,1,0.044200,0.103401
100,1,test,2,0.075400,0.092940
100,1,test,3,0.115100,0.124372
100,1,test,4,0.020000,0.140459
100,1,test,5,0.090000,0.013713
100,1,test,6,-0.390000,0.169401
100,1,test,7,0.111520,0.135607
100,1,test,8,0.110000,0.105761
100,1,test,9,0.080000,0.141678
100,1,test,10,0.439000,0.196392
100,1,test,11,0.320000,0.512636
100,1,test,12,0.185100,0.166772
100,1,test,13,0.144500,0.119070
100,1,test,14,0.150000,0.271018
100,1,test,15,0.174900,0.133362
100,1,test,16,0.040000,0.080610
100,1,test,17,0.030000,0.116741
100,1,test,18,0.062000,0.108114
100,1,test,19,0.010000,0.082373
100,1,test,20,0.200000,0.199579
100,1,test,21,0.224400,0.080216
100,1,test,22,0.163300,0.149801
100,1,test,23,0.250000,0.220509
100,1,test,24,0.040000,0.177414
100,1,test,25,0.190000,0.142350
100,1,test,26,0.200000,0.197300
100,1,test,27,0.050000,0.118389
100,1,test,28,0.151000,0.145941
100,1,test,29,0.190000,0.183013
100,1,test,30,0.058480,0.124576
100,1,test,31,0.190000,0.107878
100,1,test,32,0.063300,0.062908
100,1,train,0,0.100000,0.100953
100,1,train,1,0.150000,0.150061
100,1,train,2,0.023500,0.058748
100,1,train,3,0.403000,0.347940
100,1,train,4,0.190000,0.156117
100,1,train,5,0.115100,0.124372
100,1,train,6,0.380000,0.351372
100,1,train,7,0.110000,0.117835
100,1,train,8,0.242000,0.225827
100,1,train,9,0.020000,0.041441
100,1,train,10,0.020000,0.015261
100,1,train,11,0.050000,0.045702
100,1,train,12,-0.110000,-0.071749
100,1,train,13,0.010000,0.010392
100,1,train,14,0.090000,0.097783
100,1,train,15,0.330000,0.303638
100,1,train,16,0.018000,0.005741
100,1,train,17,0.244400,0.224667
100,1,train,18,0.010000,0.010046
100,1,train,19,0.200000,0.195682
100,1,train,20,-0.350000,-0.135117
100,1,train,21,0.100000,0.096810
100,1,train,22,0.260000,0.262785
100,1,train,23,0.144700,0.148471
100,1,train,24,0.080000,0.079037
100,1,train,25,0.151000,0.145941
100,1,train,26,0.000000,0.016233
100,1,train,27,0.024200,0.043263
100,1,train,28,0.035400,0.027916
100,1,train,29,0.220000,0.228703
100,1,train,30,0.084600,0.091275
100,1,train,31,0.070000,0.075088
100,1,train,32,0.048480,0.047101
100,1,train,33,0.090000,0.112644
100,1,train,34,0.360000,0.334333
100,1,train,35,0.290000,0.291475
100,1,train,36,0.220000,0.210955
100,1,train,37,0.270000,0.269635
100,1,train,38,0.280000,0.263095
100,1,train,39,0.260000,0.248858
100,1,train,40,0.790000,0.744506
100,1,train,41,0.310000,0.306121
100,1,train,42,0.020000,0.039473
100,1,train,43,0.120000,0.140036
100,1,train,44,0.144700,0.148471
100,1,train,45,-0.080000,-0.064153
100,1,train,46,0.020000,0.007621
100,1,train,47,0.094900,0.089184
100,1,train,48,0.035100,0.037556
100,1,train,49,0.094700,0.094064
100,1,train,50,0.160000,0.149801
100,1,train,51,0.040000,0.052410
100,1,train,52,0.180000,0.174078
100,1,train,53,0.230000,0.220183
100,1,train,54,0.010000,0.046999
100,1,train,55,0.090000,0.102934
100,1,train,56,0.020000,0.013966
100,1,train,57,0.284200,0.276562
100,1,train,58,0.135000,0.140935
100,1,train,59,0.820000,0.784212
100,1,train,60,0.045300,0.043565
100,1,train,61,0.035400,0.027916
100,1,train,62,0.240000,0.239756
100,1,train,63,0.020000,0.004674
100,1,train,64,0.264400,0.262099
100,1,train,65,0.093900,0.092192
100,1,train,66,0.030000,0.046049
100,1,train,67,0.280000,0.261129
100,1,train,68,0.018000,0.020479
100,1,train,69,0.080000,0.084681
100,1,train,70,0.280000,0.260793
100,1,train,71,0.050000,0.056303
100,1,train,72,0.174900,0.158365
100,1,train,73,0.130000,0.135448
100,1,train,74,0.190000,0.186879
100,1,train,75,0.790000,0.728437
100,1,train,76,0.170000,0.148629
100,1,train,77,0.090000,0.101426
100,1,train,78,0.075400,0.092940
100,1,train,79,0.273300,0.265901
100,1,train,80,0.030000,0.107059
100,1,train,81,0.185100,0.166772
100,1,train,82,0.160000,0.149526
100,1,train,83,0.054300,0.058548
100,1,train,84,0.094900,0.098666
100,1,train,85,0.193500,0.183510
100,1,train,86,0.030000,0.038237
100,1,train,87,0.073410,0.106243
100,1,train,88,0.022000,0.036605
100,1,train,89,0.210000,0.199578
100,1,train,90,0.010000,0.031803
100,1,train,91,0.210000,0.187410
100,1,train,92,0.094600,0.100790
100,1,train,93,-0.030000,0.012152
100,1,train,94,0.180000,0.176943
100,1,train,95,0.032000,0.045128
100,1,train,96,0.114400,0.118334
100,1,train,97,0.290000,0.279945
100,1,train,98,0.150000,0.154114
100,1,train,99,0.350000,0.332995
100,1,train,100,0.190000,0.193580
100,1,train,101,0.160000,0.154992
100,1,train,102,0.240000,0.236521
100,1,train,103,0.232000,0.261059
100,1,train,104,0.137000,0.130521
100,1,train,105,0.270000,0.265901
100,1,train,106,0.060000,0.062908
100,1,train,107,0.380000,0.351790
100,1,train,108,0.160000,0.151255
100,1,train,109,0.072000,0.077002
100,1,train,110,0.130000,0.130219
100,1,train,111,0.100000,0.087842
100,1,train,112,0.540000,0.379006
100,1,train,113,0.160000,0.164211
100,1,train,114,0.133000,0.156657
100,1,train,115,0.240000,0.223727
100,1,train,116,0.025000,0.041370
100,1,train,117,0.260000,0.248063
100,1,train,118,0.065340,0.077144
100,1,train,119,0.052410,0.053096
100,1,train,120,0.020000,0.040133
100,1,train,121,0.260000,0.254770
100,1,train,122,0.240000,0.203345
100,1,train,123,0.011000,0.007362
100,1,train,124,0.035100,0.032864
100,1,train,125,0.030000,0.049096
100,1,train,126,0.020000,0.034935
100,1,train,127,0.370000,0.355015
100,1,train,128,0.020000,0.054713
100,1,train,129,0.095300,0.092576
100,2,test,0,0.310000,0.200664
100,2,test,1,0.260000,0.136667
100,2,test,2,0.072000,0.134501
100,2,test,3,0.270000,0.208088
100,2,test,4,0.180000,0.109594
100,2,test,5,0.210000,0.117033
100,2,test,6,0.052410,0.100571
100,2,test,7,0.080000,0.083910
100,2,test,8,0.032000,0.118892
100,2,test,9,0.280000,0.163791
100,2,test,10,0.093900,0.127120
100,2,test,11,0.240000,0.186929
100,2,test,12,0.100000,0.124929
100,2,test,13,0.150000,0.165323
100,2,test,14,0.090000,0.120135
100,2,test,15,0.273300,0.204530
100,2,test,16,0.110000,0.140168
100,2,test,17,0.011000,0.166076
100,2,test,18,0.200000,0.210948
100,2,test,19,0.111520,0.167079
100,2,test,20,-0.080000,0.104552
100,2,test,21,0.073410,0.092746
100,2,test,22,0.043800,0.088214
100,2,test,23,0.010000,0.135862
100,2,test,24,-0.350000,0.183047
100,2,test,25,0.260000,0.193210
100,2,test,26,0.084600,0.089516
100,2,test,27,0.224400,0.134994
100,2,test,28,0.010000,0.132775
100,2,test,29,0.035100,0.120106
100,2,test,30,0.174900,0.146602
100,2,test,31,0.018000,0.135121
100,2,test,32,0.020000,0.128626
100,2,train,0,0.115100,0.123882
100,2,train,1,0.320000,0.273856
100,2,train,2,0.023500,0.054325
100,2,train,3,0.790000,0.634682
100,2,train,4,-0.110000,-0.037171
100,2,train,5,0.080000,0.097151
100,2,train,6,0.024200,0.056449
100,2,train,7,0.190000,0.179145
100,2,train,8,0.170000,0.164449
100,2,train,9,0.133000,0.137648
100,2,train,10,0.040000,0.064451
100,2,train,11,0.020000,0.052124
100,2,train,12,0.010000,0.046966
100,2,train,13,0.144700,0.145915
100,2,train,14,0.040000,0.068665
100,2,train,15,0.030000,0.059092
100,2,train,16,0.820000,0.635344
100,2,train,17,0.090000,0.104613
100,2,train,18,0.010000,0.048294
100,2,train,19,0.244400,0.219906
100,2,train,20,0.190000,0.178962
100,2,train,21,0.144700,0.145915
100,2,train,22,0.020000,0.054534
100,2,train,23,0.264400,0.233854
100,2,train,24,0.048480,0.074945
100,2,train,25,0.240000,0.218459
100,2,train,26,0.110000,0.120225
100,2,train,27,0.062000,0.083527
100,2,train,28,0.065340,0.085818
100,2,train,29,0.180000,0.173025
100,2,train,30,0.030000,0.058792
100,2,train,31,0.120000,0.127941
100,2,train,32,0.025000,0.054252
100,2,train,33,0.114400,0.123835
100,2,train,34,-0.390000,-0.241175
100,2,train,35,0.030000,0.059433
100,2,train,36,0.020000,0.054633
100,2,train,37,0.018000,0.051963
100,2,train,38,0.090000,0.104449
100,2,train,39,0.151000,0.150570
100,2,train,40,0.790000,0.632795
100,2,train,41,0.094600,0.107915
100,2,train,42,0.020000,0.053931
100,2,train,43,0.190000,0.179918
100,2,train,44,0.050000,0.072789
100,2,train,45,0.040000,0.065651
100,2,train,46,0.240000,0.216344
100,2,train,47,0.439000,0.352379
100,2,train,48,0.050000,0.073704
100,2,train,49,0.000000,0.044481
100,2,train,50,0.185100,0.176149
100,2,train,51,0.270000,0.238085
100,2,train,52,0.151000,0.150568
100,2,train,53,0.130000,0.135218
100,2,train,54,0.540000,0.432229
100,2,train,55,0.240000,0.215458
100,2,train,56,0.075400,0.094199
100,2,train,57,0.010000,0.049947
100,2,train,58,0.144500,0.145850
100,2,train,59,0.075400,0.094199
100,2,train,60,0.130000,0.135114
100,2,train,61,-0.030000,0.021783
100,2,train,62,0.280000,0.244617
100,2,train,63,0.190000,0.180030
100,2,train,64,0.284200,0.246907
100,2,train,65,0.063300,0.082853
100,2,train,66,0.020000,0.052838
100,2,train,67,0.094900,0.108471
100,2,train,68,0.260000,0.233377
100,2,train,69,0.054300,0.077430
100,2,train,70,0.135000,0.138868
100,2,train,71,0.160000,0.157083
100,2,train,72,0.100000,0.112104
100,2,train,73,0.035400,0.062628
100,2,train,74,0.160000,0.157725
100,2,train,75,0.260000,0.233251
100,2,train,76,0.150000,0.149848
100,2,train,77,0.232000,0.210542
100,2,train,78,0.020000,0.054608
100,2,train,79,0.020000,0.054068
100,2,train,80,0.100000,0.112512
100,2,train,81,0.200000,0.185760
100,2,train,82,0.290000,0.249877
100,2,train,83,0.050000,0.073153
100,2,train,84,0.020000,0.054463
100,2,train,85,0.030000,0.060458
100,2,train,86,0.160000,0.157102
100,2,train,87,0.350000,0.298105
100,2,train,88,0.020000,0.053567
100,2,train,89,0.163300,0.158961
100,2,train,90,0.210000,0.194000
100,2,train,91,0.035100,0.064806
100,2,train,92,0.190000,0.178794
100,2,train,93,0.115100,0.123882
100,2,train,94,0.022000,0.054298
100,2,train,95,0.160000,0.157293
100,2,train,96,0.160000,0.157342
100,2,train,97,0.185100,0.176149
100,2,train,98,0.360000,0.308379
100,2,train,99,0.290000,0.252691
100,2,train,100,0.090000,0.106131
100,2,train,101,0.094700,0.108095
100,2,train,102,0.094900,0.108520
100,2,train,103,0.070000,0.089159
100,2,train,104,0.030000,0.058993
100,2,train,105,0.380000,0.315703
100,2,train,106,0.330000,0.286536
100,2,train,107,0.242000,0.218542
100,2,train,108,0.045300,0.069768
100,2,train,109,0.200000,0.186273
100,2,train,110,0.190000,0.179910
100,2,train,111,0.080000,0.098427
100,2,train,112,0.220000,0.202586
100,2,train,113,0.230000,0.209353
100,2,train,114,0.095300,0.109497
100,2,train,115,0.280000,0.247686
100,2,train,116,0.250000,0.225060
100,2,train,117,0.150000,0.149865
100,2,train,118,0.058480,0.080410
100,2,train,119,0.060000,0.082650
100,2,train,120,0.044200,0.069837
100,2,train,121,0.403000,0.347541
100,2,train,122,0.035400,0.062628
100,2,train,123,0.380000,0.314278
100,2,train,124,0.220000,0.202943
100,2,train,125,0.174900,0.168355
100,2,train,126,0.193500,0.182026
100,2,train,127,0.137000,0.139995
100,2,train,128,0.370000,0.312034
100,2,train,129,0.090000,0.105523
100,3,test,0,-0.030000,0.153337
100,3,test,1,0.150000,0.211332
100,3,test,2,0.310000,0.191542
100,3,test,3,0.180000,0.041421
100,3,test,4,0.044200,0.110699
100,3,test,5,0.062000,0.153161
100,3,test,6,0.094900,0.101617
100,3,test,7,0.030000,0.096521
100,3,test,8,0.230000,0.140045
100,3,test,9,0.063300,0.077832
100,3,test,10,0.090000,0.140093
100,3,test,11,0.020000,0.063097
100,3,test,12,0.273300,0.262576
100,3,test,13,0.040000,0.087366
100,3,test,14,0.052410,0.087185
100,3,test,15,0.023500,0.080882
100,3,test,16,0.058480,0.187774
100,3,test,17,0.439000,0.290398
100,3,test,18,0.232000,0.401111
100,3,test,19,0.790000,0.553407
100,3,test,20,0.120000,0.323304
100,3,test,21,-0.390000,0.099350
100,3,test,22,0.050000,0.087695
100,3,test,23,0.540000,0.137453
100,3,test,24,0.185100,0.179634
100,3,test,25,0.190000,0.172333
100,3,test,26,0.360000,0.190664
100,3,test,27,0.200000,0.162985
100,3,test,28,0.190000,0.153691
100,3,test,29,0.032000,0.152757
100,3,test,30,0.020000,0.106710
100,3,test,31,0.220000,0.117921
100,3,test,32,-0.080000,0.080747
100,3,train,0,0.090000,0.093208
100,3,train,1,0.080000,0.082101
100,3,train,2,0.073410,0.086536
100,3,train,3,0.045300,0.047451
100,3,train,4,0.011000,0.009553
100,3,train,5,0.350000,0.326650
100,3,train,6,0.264400,0.264242
100,3,train,7,0.290000,0.291194
100,3,train,8,0.030000,0.027196
100,3,train,9,0.130000,0.134692
100,3,train,10,0.370000,0.321033
100,3,train,11,0.010000,0.017633
100,3,train,12,0.193500,0.191720
100,3,train,13,0.130000,0.131868
100,3,train,14,0.137000,0.134600
100,3,train,15,0.100000,0.102943
100,3,train,16,0.020000,0.026768
100,3,train,17,0.330000,0.316023
100,3,train,18,0.093900,0.094715
100,3,train,19,0.174900,0.174389
100,3,train,20,0.200000,0.216065
100,3,train,21,0.075400,0.075626
100,3,train,22,0.094900,0.096006
100,3,train,23,0.030000,0.034666
100,3,train,24,0.084600,0.084478
100,3,train,25,0.111520,0.123412
100,3,train,26,0.030000,0.041337
100,3,train,27,0.160000,0.164892
100,3,train,28,0.144700,0.144866
100,3,train,29,0.284200,0.284407
100,3,train,30,0.160000,0.157479
100,3,train,31,0.090000,0.105859
100,3,train,32,0.144500,0.140687
100,3,train,33,0.030000,0.041207
100,3,train,34,0.100000,0.121523
100,3,train,35,0.020000,0.023176
100,3,train,36,0.090000,0.089746
100,3,train,37,0.240000,0.240334
100,3,train,38,0.022000,0.021351
100,3,train,39,0.144700,0.144866
100,3,train,40,0.280000,0.258292
100,3,train,41,0.035400,0.036456
100,3,train,42,0.260000,0.269092
100,3,train,43,0.224400,0.221862
100,3,train,44,0.163300,0.161313
100,3,train,45,0.260000,0.258815
100,3,train,46,0.403000,0.369486
100,3,train,47,0.020000,0.038725
100,3,train,48,0.040000,0.045333
100,3,train,49,0.020000,0.029672
100,3,train,50,0.072000,0.075228
100,3,train,51,0.043800,0.044222
100,3,train,52,0.048480,0.047970
100,3,train,53,0.270000,0.277107
100,3,train,54,0.025000,0.026528
100,3,train,55,0.160000,0.170849
100,3,train,56,0.020000,0.025363
100,3,train,57,0.270000,0.262576
100,3,train,58,0.024200,0.025674
100,3,train,59,0.114400,0.116919
100,3,train,60,0.050000,0.051941
100,3,train,61,0.080000,0.081992
100,3,train,62,0.035400,0.036456
100,3,train,63,0.100000,0.097645
100,3,train,64,0.020000,0.018870
100,3,train,65,0.174900,0.175275
100,3,train,66,0.250000,0.249342
100,3,train,67,0.200000,0.203457
100,3,train,68,0.135000,0.134402
100,3,train,69,0.185100,0.179634
100,3,train,70,0.190000,0.192438
100,3,train,71,0.035100,0.036988
100,3,train,72,0.018000,0.017125
100,3,train,73,0.320000,0.338477
100,3,train,74,0.040000,0.049186
100,3,train,75,0.110000,0.106944
100,3,train,76,0.240000,0.240859
100,3,train,77,0.010000,0.030076
100,3,train,78,0.094700,0.096469
100,3,train,79,0.290000,0.289221
100,3,train,80,0.260000,0.256069
100,3,train,81,0.150000,0.152227
100,3,train,82,0.010000,0.023183
100,3,train,83,0.820000,0.619688
100,3,train,84,0.060000,0.077832
100,3,train,85,0.260000,0.251977
100,3,train,86,0.000000,0.002960
100,3,train,87,0.050000,0.054809
100,3,train,88,0.170000,0.165660
100,3,train,89,0.160000,0.160244
100,3,train,90,0.190000,0.192436
100,3,train,91,0.180000,0.178791
100,3,train,92,0.244400,0.240568
100,3,train,93,0.280000,0.267609
100,3,train,94,0.115100,0.116715
100,3,train,95,0.210000,0.207206
100,3,train,96,0.210000,0.213012
100,3,train,97,0.075400,0.075626
100,3,train,98,0.065340,0.078425
100,3,train,99,0.095300,0.098229
100,3,train,100,0.035100,0.036370
100,3,train,101,0.240000,0.238386
100,3,train,102,0.242000,0.239973
100,3,train,103,0.380000,0.337398
100,3,train,104,0.160000,0.160749
100,3,train,105,0.020000,0.022037
100,3,train,106,0.110000,0.104523
100,3,train,107,0.010000,0.013010
100,3,train,108,0.220000,0.224892
100,3,train,109,0.070000,0.075721
100,3,train,110,0.115100,0.116715
100,3,train,111,0.240000,0.237448
100,3,train,112,0.190000,0.189541
100,3,train,113,0.280000,0.280275
100,3,train,114,-0.110000,-0.081521
100,3,train,115,0.151000,0.150915
100,3,train,116,0.054300,0.058741
100,3,train,117,0.133000,0.135167
100,3,train,118,0.151000,0.149773
100,3,train,119,0.150000,0.155308
100,3,train,120,-0.350000,-0.155430
100,3,train,121,0.380000,0.357344
100,3,train,122,0.010000,0.028485
100,3,train,123,0.080000,0.082879
100,3,train,124,0.018000,0.019259
100,3,train,125,0.094600,0.097449
100,3,train,126,0.020000,0.018836
100,3,train,127,0.790000,0.619688
100,3,train,128,0.190000,0.199829
100,3,train,129,0.090000,0.090600
100,4,test,0,0.439000,0.219472
100,4,test,1,0.073410,0.140469
100,4,test,2,0.080000,0.067106
100,4,test,3,0.151000,0.105417
100,4,test,4,0.000000,0.138120
100,4,test,5,0.044200,0.140630
100,4,test,6,0.090000,0.092780
100,4,test,7,0.244400,0.117212
100,4,test,8,0.290000,0.139874
100,4,test,9,0.052410,0.092987
100,4,test,10,0.010000,0.120536
100,4,test,11,0.170000,0.095616
100,4,test,12,0.040000,0.099295
100,4,test,13,0.060000,0.079574
100,4,test,14,0.260000,0.138552
100,4,test,15,0.084600,0.097283
100,4,test,16,0.054300,0.167820
100,4,test,17,0.224400,0.103793
100,4,test,18,-0.080000,0.068486
100,4,test,19,0.062000,0.204186
100,4,test,20,0.284200,0.182451
100,4,test,21,0.200000,0.153664
100,4,test,22,0.160000,0.076988
100,4,test,23,0.144500,0.075666
100,4,test,24,0.090000,0.103843
100,4,test,25,0.010000,0.110373
100,4,test,26,0.185100,0.155000
100,4,test,27,0.790000,0.169348
100,4,test,28,0.310000,0.213464
100,4,test,29,0.010000,0.102851
100,4,test,30,0.280000,0.175205
100,4,test,31,0.380000,0.211974
100,4,test,32,0.273300,0.185163
100,4,train,0,0.025000,0.023990
100,4,train,1,0.050000,0.053587
100,4,train,2,0.050000,0.081292
100,4,train,3,0.185100,0.155000
100,4,train,4,0.190000,0.210912
100,4,train,5,0.065340,0.094394
100,4,train,6,0.040000,0.078737
100,4,train,7,0.144700,0.143074
100,4,train,8,0.130000,0.115664
100,4,train,9,0.240000,0.226639
100,4,train,10,0.250000,0.211455
100,4,train,11,0.111520,0.135875
100,4,train,12,0.100000,0.101484
100,4,train,13,0.023500,0.063866
100,4,train,14,0.094700,0.096771
100,4,train,15,0.242000,0.181542
100,4,train,16,0.030000,0.112152
100,4,train,17,0.200000,0.199067
100,4,train,18,0.360000,0.228793
100,4,train,19,0.270000,0.228903
100,4,train,20,0.150000,0.161674
100,4,train,21,0.380000,0.367679
100,4,train,22,0.270000,0.247315
100,4,train,23,0.040000,0.089618
100,4,train,24,0.080000,0.088524
100,4,train,25,0.020000,0.035280
100,4,train,26,0.011000,0.058022
100,4,train,27,0.080000,0.078819
100,4,train,28,0.090000,0.118437
100,4,train,29,0.070000,0.078148
100,4,train,30,0.193500,0.162992
100,4,train,31,0.190000,0.177645
100,4,train,32,0.264400,0.250612
100,4,train,33,0.150000,0.150631
100,4,train,34,0.280000,0.269546
100,4,train,35,0.018000,0.050140
100,4,train,36,0.022000,0.074310
100,4,train,37,0.035400,0.048865
100,4,train,38,0.032000,0.067960
100,4,train,39,0.240000,0.233417
100,4,train,40,0.163300,0.153184
100,4,train,41,0.094900,0.118728
100,4,train,42,0.030000,0.064264
100,4,train,43,0.110000,0.098535
100,4,train,44,0.030000,0.028994
100,4,train,45,0.540000,0.345778
100,4,train,46,0.230000,0.179706
100,4,train,47,0.280000,0.250202
100,4,train,48,0.115100,0.115994
100,4,train,49,0.210000,0.208388
100,4,train,50,0.063300,0.079574
100,4,train,51,0.058480,0.079759
100,4,train,52,0.320000,0.237824
100,4,train,53,0.020000,0.075288
100,4,train,54,0.115100,0.115994
100,4,train,55,0.220000,0.236622
100,4,train,56,0.020000,0.069866
100,4,train,57,0.190000,0.194743
100,4,train,58,0.100000,0.082976
100,4,train,59,0.370000,0.314734
100,4,train,60,0.095300,0.098967
100,4,train,61,0.350000,0.292472
100,4,train,62,0.190000,0.156036
100,4,train,63,0.020000,0.029922
100,4,train,64,0.035100,0.048018
100,4,train,65,0.048480,0.064887
100,4,train,66,0.035100,0.044180
100,4,train,67,0.072000,0.069830
100,4,train,68,0.110000,0.117944
100,4,train,69,0.190000,0.137665
100,4,train,70,0.190000,0.176504
100,4,train,71,0.075400,0.075262
100,4,train,72,0.240000,0.226245
100,4,train,73,0.260000,0.225953
100,4,train,74,0.090000,0.087020
100,4,train,75,0.090000,0.120704
100,4,train,76,-0.030000,0.055833
100,4,train,77,0.133000,0.151582
100,4,train,78,-0.350000,-0.025249
100,4,train,79,0.174900,0.147958
100,4,train,80,0.290000,0.276750
100,4,train,81,0.160000,0.153184
100,4,train,82,0.030000,0.050982
100,4,train,83,0.137000,0.131952
100,4,train,84,0.180000,0.184221
100,4,train,85,0.820000,0.473466
100,4,train,86,0.093900,0.104096
100,4,train,87,0.094900,0.120986
100,4,train,88,0.024200,0.081297
100,4,train,89,0.020000,0.067634
100,4,train,90,0.020000,0.029026
100,4,train,91,0.144700,0.143074
100,4,train,92,0.151000,0.135255
100,4,train,93,0.050000,0.026984
100,4,train,94,0.100000,0.065088
100,4,train,95,0.403000,0.299523
100,4,train,96,0.035400,0.048865
100,4,train,97,0.130000,0.119064
100,4,train,98,0.150000,0.151267
100,4,train,99,0.260000,0.268271
100,4,train,100,0.180000,0.174545
100,4,train,101,0.018000,0.011101
100,4,train,102,0.135000,0.122034
100,4,train,103,0.160000,0.139162
100,4,train,104,-0.110000,0.019062
100,4,train,105,0.210000,0.176621
100,4,train,106,0.010000,0.058816
100,4,train,107,0.114400,0.104903
100,4,train,108,-0.390000,-0.036001
100,4,train,109,0.010000,0.059299
100,4,train,110,0.094600,0.101638
100,4,train,111,0.020000,0.104912
100,4,train,112,0.790000,0.466387
100,4,train,113,0.160000,0.144939
100,4,train,114,0.260000,0.225393
100,4,train,115,0.045300,0.024847
100,4,train,116,0.043800,0.037809
100,4,train,117,0.020000,0.078959
100,4,train,118,0.232000,0.234489
100,4,train,119,0.020000,0.049130
100,4,train,120,0.075400,0.075262
100,4,train,121,0.030000,0.111323
100,4,train,122,0.200000,0.203614
100,4,train,123,0.330000,0.246760
100,4,train,124,0.020000,0.061769
100,4,train,125,0.160000,0.142959
100,4,train,126,0.174900,0.155463
100,4,train,127,0.220000,0.209378
100,4,train,128,0.240000,0.151550
100,4,train,129,0.120000,0.165412
100,5,test,0,0.054300,0.156773
100,5,test,1,0.240000,0.181026
100,5,test,2,0.040000,0.137185
100,5,test,3,0.790000,0.222761
100,5,test,4,0.100000,0.153568
100,5,test,5,0.010000,0.113191
100,5,test,6,0.094600,0.099655
100,5,test,7,-0.350000,0.172360
100,5,test,8,0.240000,0.163617
100,5,test,9,0.093900,0.158441
100,5,test,10,0.185100,0.144764
100,5,test,11,0.190000,0.161063
100,5,test,12,0.024200,0.114705
100,5,test,13,0.032000,0.169449
100,5,test,14,0.280000,0.226913
100,5,test,15,-0.030000,0.124003
100,5,test,16,0.030000,0.136713
100,5,test,17,0.160000,0.122761
100,5,test,18,0.260000,0.229447
100,5,test,19,0.063300,0.131946
100,5,test,20,0.190000,0.126321
100,5,test,21,0.160000,0.108162
100,5,test,22,0.163300,0.110002
100,5,test,23,0.023500,0.122880
100,5,test,24,0.094700,0.176424
100,5,test,25,0.174900,0.137183
100,5,test,26,0.090000,0.136313
100,5,test,27,0.035100,0.134663
100,5,test,28,0.052410,0.152181
100,5,test,29,0.200000,0.227734
100,5,test,30,0.010000,0.125470
100,5,test,31,0.220000,0.154195
100,5,test,32,0.190000,0.201886
100,5,train,0,0.160000,0.167253
100,5,train,1,0.790000,0.254650
100,5,train,2,0.075400,0.078396
100,5,train,3,0.050000,0.100002
100,5,train,4,0.110000,0.127379
100,5,train,5,0.310000,0.224706
100,5,train,6,0.040000,0.151078
100,5,train,7,0.090000,0.134044
100,5,train,8,0.174900,0.150935
100,5,train,9,0.020000,0.123708
100,5,train,10,0.144700,0.160414
100,5,train,11,-0.110000,0.075782
100,5,train,12,0.133000,0.148163
100,5,train,13,0.048480,0.121314
100,5,train,14,0.010000,0.108658
100,5,train,15,0.220000,0.203453
100,5,train,16,0.250000,0.194294
100,5,train,17,0.190000,0.129591
100,5,train,18,0.270000,0.162923
100,5,train,19,0.193500,0.171549
100,5,train,20,0.232000,0.215766
100,5,train,21,0.260000,0.207808
100,5,train,22,0.370000,0.212056
100,5,train,23,0.100000,0.163552
100,5,train,24,0.260000,0.179766
100,5,train,25,0.060000,0.131946
100,5,train,26,0.151000,0.139651
100,5,train,27,0.020000,0.094954
100,5,train,28,0.244400,0.154917
100,5,train,29,0.094900,0.126620
100,5,train,30,0.025000,0.067679
100,5,train,31,0.018000,0.068303
100,5,train,32,0.210000,0.161596
100,5,train,33,0.065340,0.143266
100,5,train,34,0.111520,0.137524
100,5,train,35,0.150000,0.147194
100,5,train,36,0.190000,0.175072
100,5,train,37,0.070000,0.121635
100,5,train,38,0.160000,0.147412
100,5,train,39,0.137000,0.155844
100,5,train,40,0.210000,0.152935
100,5,train,41,0.095300,0.123441
100,5,train,42,0.100000,0.151940
100,5,train,43,0.403000,0.211771
100,5,train,44,0.170000,0.155586
100,5,train,45,0.260000,0.181045
100,5,train,46,0.020000,0.110822
100,5,train,47,0.020000,0.095797
100,5,train,48,0.035400,0.103991
100,5,train,49,0.022000,0.108244
100,5,train,50,0.151000,0.139693
100,5,train,51,0.150000,0.189348
100,5,train,52,0.094900,0.125780
100,5,train,53,0.135000,0.150920
100,5,train,54,0.130000,0.139964
100,5,train,55,0.080000,0.138697
100,5,train,56,0.073410,0.158701
100,5,train,57,0.020000,0.115697
100,5,train,58,0.084600,0.085556
100,5,train,59,0.284200,0.186439
100,5,train,60,0.240000,0.194093
100,5,train,61,0.230000,0.158540
100,5,train,62,0.044200,0.116896
100,5,train,63,0.072000,0.124905
100,5,train,64,0.280000,0.168422
100,5,train,65,0.010000,0.133055
100,5,train,66,0.115100,0.133107
100,5,train,67,0.080000,0.098050
100,5,train,68,0.075400,0.078396
100,5,train,69,0.190000,0.190000
100,5,train,70,0.120000,0.222945
100,5,train,71,0.110000,0.172947
100,5,train,72,0.144700,0.160414
100,5,train,73,0.242000,0.174026
100,5,train,74,0.224400,0.128612
100,5,train,75,0.030000,0.094799
100,5,train,76,0.115100,0.133107
100,5,train,77,0.035100,0.119180
100,5,train,78,0.180000,0.152049
100,5,train,79,0.020000,0.099525
100,5,train,80,0.380000,0.215068
100,5,train,81,0.030000,0.081776
100,5,train,82,0.080000,0.122269
100,5,train,83,0.090000,0.098896
100,5,train,84,0.160000,0.110002
100,5,train,85,0.150000,0.189816
100,5,train,86,0.030000,0.136303
100,5,train,87,0.040000,0.114647
100,5,train,88,0.320000,0.191946
100,5,train,89,0.439000,0.215576
100,5,train,90,-0.390000,0.045372
100,5,train,91,0.180000,0.189250
100,5,train,92,0.000000,0.107765
100,5,train,93,0.144500,0.130407
100,5,train,94,0.035400,0.103991
100,5,train,95,0.020000,0.135697
100,5,train,96,0.045300,0.095066
100,5,train,97,0.540000,0.223262
100,5,train,98,0.280000,0.167520
100,5,train,99,0.058480,0.138640
100,5,train,100,0.360000,0.188411
100,5,train,101,0.050000,0.088795
100,5,train,102,0.010000,0.104045
100,5,train,103,0.820000,0.253667
100,5,train,104,0.020000,0.125177
100,5,train,105,0.330000,0.192995
100,5,train,106,0.200000,0.188095
100,5,train,107,0.200000,0.171156
100,5,train,108,0.240000,0.140769
100,5,train,109,0.273300,0.162923
100,5,train,110,0.090000,0.115160
100,5,train,111,0.020000,0.106753
100,5,train,112,0.290000,0.193375
100,5,train,113,0.270000,0.202161
100,5,train,114,0.130000,0.150794
100,5,train,115,0.114400,0.136348
100,5,train,116,-0.080000,0.065263
100,5,train,117,0.043800,0.071773
100,5,train,118,0.264400,0.208422
100,5,train,119,0.185100,0.144764
100,5,train,120,0.030000,0.066918
100,5,train,121,0.062000,0.146593
100,5,train,122,0.380000,0.215451
100,5,train,123,0.050000,0.100654
100,5,train,124,0.090000,0.183327
100,5,train,125,0.350000,0.210271
100,5,train,126,0.020000,0.101626
100,5,train,127,0.011000,0.161459
100,5,train,128,0.290000,0.229447
100,5,train,129,0.018000,0.088011
100,6,test,0,0.190000,0.148651
100,6,test,1,0.310000,0.213381
100,6,test,2,0.220000,0.175018
100,6,test,3,0.095300,0.126442
100,6,test,4,0.280000,0.161389
100,6,test,5,0.100000,0.104736
100,6,test,6,0.020000,0.166857
100,6,test,7,0.190000,0.143894
100,6,test,8,0.290000,0.136168
100,6,test,9,0.144700,0.149153
100,6,test,10,0.790000,0.187593
100,6,test,11,0.020000,0.184149
100,6,test,12,0.020000,0.096957
100,6,test,13,0.160000,0.183834
100,6,test,14,0.114400,0.145242
100,6,test,15,0.174900,0.126872
100,6,test,16,0.260000,0.160550
100,6,test,17,0.210000,0.129656
100,6,test,18,0.045300,0.100302
100,6,test,19,0.084600,0.114187
100,6,test,20,0.150000,0.197468
100,6,test,21,0.040000,0.133866
100,6,test,22,0.151000,0.135271
100,6,test,23,0.280000,0.191093
100,6,test,24,0.151000,0.136340
100,6,test,25,0.035400,0.130373
100,6,test,26,0.144500,0.150903
100,6,test,27,0.030000,0.108976
100,6,test,28,0.160000,0.151553
100,6,test,29,-0.390000,0.119999
100,6,test,30,0.035100,0.140936
100,6,test,31,0.200000,0.158233
100,6,test,32,0.035400,0.130373
100,6,train,0,0.133000,0.144974
100,6,train,1,0.190000,0.190121
100,6,train,2,0.200000,0.179403
100,6,train,3,0.093900,0.119836
100,6,train,4,0.030000,0.125707
100,6,train,5,0.135000,0.148282
100,6,train,6,0.000000,0.116253
100,6,train,7,0.110000,0.122482
100,6,train,8,0.100000,0.120595
100,6,train,9,0.190000,0.204705
100,6,train,10,0.163300,0.115189
100,6,train,11,0.080000,0.139186
100,6,train,12,0.094900,0.127194
100,6,train,13,0.025000,0.084552
100,6,train,14,0.260000,0.174255
100,6,train,15,0.370000,0.208255
100,6,train,16,0.018000,0.070302
100,6,train,17,0.150000,0.177904
100,6,train,18,0.264400,0.193925
100,6,train,19,0.100000,0.097373
100,6,train,20,0.240000,0.177125
100,6,train,21,0.185100,0.154647
100,6,train,22,0.230000,0.183873
100,6,train,23,0.043800,0.089113
100,6,train,24,0.020000,0.087091
100,6,train,25,0.160000,0.142171
100,6,train,26,0.170000,0.145476
100,6,train,27,0.270000,0.170315
100,6,train,28,0.094700,0.156614
100,6,train,29,0.020000,0.105116
100,6,train,30,0.090000,0.113425
100,6,train,31,0.120000,0.193324
100,6,train,32,0.284200,0.203685
100,6,train,33,0.240000,0.161299
100,6,train,34,0.020000,0.104868
100,6,train,35,0.065340,0.152981
100,6,train,36,0.330000,0.182345
100,6,train,37,0.190000,0.166148
100,6,train,38,0.020000,0.095838
100,6,train,39,0.220000,0.157169
100,6,train,40,0.130000,0.126213
100,6,train,41,0.180000,0.153395
100,6,train,42,0.050000,0.077471
100,6,train,43,0.080000,0.101489
100,6,train,44,0.224400,0.123844
100,6,train,45,0.018000,0.079779
100,6,train,46,0.320000,0.197331
100,6,train,47,0.075400,0.092081
100,6,train,48,0.090000,0.164185
100,6,train,49,0.010000,0.120659
100,6,train,50,0.072000,0.136791
100,6,train,51,0.200000,0.177325
100,6,train,52,-0.080000,0.066805
100,6,train,53,0.020000,0.083043
100,6,train,54,0.190000,0.182501
100,6,train,55,0.011000,0.075108
100,6,train,56,0.080000,0.115156
100,6,train,57,0.040000,0.107524
100,6,train,58,0.280000,0.171961
100,6,train,59,0.150000,0.190045
100,6,train,60,0.240000,0.192874
100,6,train,61,0.094600,0.121431
100,6,train,62,0.044200,0.115067
100,6,train,63,0.022000,0.093992
100,6,train,64,0.062000,0.127451
100,6,train,65,0.260000,0.196712
100,6,train,66,0.380000,0.204425
100,6,train,67,0.094900,0.129658
100,6,train,68,0.242000,0.170176
100,6,train,69,0.010000,0.081595
100,6,train,70,0.180000,0.172539
100,6,train,71,0.048480,0.089673
100,6,train,72,0.380000,0.198092
100,6,train,73,0.290000,0.211714
100,6,train,74,0.023500,0.139768
100,6,train,75,0.024200,0.111726
100,6,train,76,0.073410,0.143427
100,6,train,77,0.050000,0.093689
100,6,train,78,0.273300,0.170315
100,6,train,79,0.137000,0.134867
100,6,train,80,0.111520,0.174595
100,6,train,81,0.075400,0.092081
100,6,train,82,0.032000,0.108981
100,6,train,83,0.090000,0.123429
100,6,train,84,0.020000,0.100587
100,6,train,85,0.030000,0.084314
100,6,train,86,0.020000,0.099814
100,6,train,87,0.010000,0.087041
100,6,train,88,0.115100,0.144178
100,6,train,89,0.403000,0.203764
100,6,train,90,-0.030000,0.086684
100,6,train,91,0.070000,0.114840
100,6,train,92,0.063300,0.101228
100,6,train,93,-0.350000,0.056527
100,6,train,94,0.115100,0.144178
100,6,train,95,0.360000,0.180621
100,6,train,96,0.160000,0.190869
100,6,train,97,0.232000,0.186282
100,6,train,98,0.193500,0.187513
100,6,train,99,0.244400,0.154018
100,6,train,100,0.250000,0.198006
100,6,train,101,0.110000,0.153721
100,6,train,102,0.060000,0.100096
100,6,train,103,-0.110000,0.061099
100,6,train,104,0.210000,0.137740
100,6,train,105,0.439000,0.200519
100,6,train,106,0.040000,0.102251
100,6,train,107,0.820000,0.241066
100,6,train,108,0.260000,0.211714
100,6,train,109,0.130000,0.131127
100,6,train,110,0.090000,0.130323
100,6,train,111,0.270000,0.178585
100,6,train,112,0.030000,0.099139
100,6,train,113,0.058480,0.111635
100,6,train,114,0.790000,0.241066
100,6,train,115,0.350000,0.206084
100,6,train,116,0.540000,0.206101
100,6,train,117,0.010000,0.105563
100,6,train,118,0.054300,0.166479
100,6,train,119,0.144700,0.149153
100,6,train,120,0.174900,0.156514
100,6,train,121,0.240000,0.189088
100,6,train,122,0.052410,0.082334
100,6,train,123,0.160000,0.115641
100,6,train,124,0.185100,0.154647
100,6,train,125,0.050000,0.098974
100,6,train,126,0.035100,0.127591
100,6,train,127,0.030000,0.161471
100,6,train,128,0.090000,0.114832
100,6,train,129,0.010000,0.099678
100,7,test,0,0.144700,0.139587
100,7,test,1,0.130000,0.156272
100,7,test,2,0.095300,0.085485
100,7,test,3,0.030000,0.188574
100,7,test,4,0.290000,0.241838
100,7,test,5,0.075400,0.063664
100,7,test,6,0.150000,0.183678
100,7,test,7,0.020000,0.183348
100,7,test,8,0.094700,0.156648
100,7,test,9,0.280000,0.274423
100,7,test,10,0.073410,0.147309
100,7,test,11,0.200000,0.205459
100,7,test,12,0.380000,0.209310
100,7,test,13,0.190000,0.163353
100,7,test,14,0.020000,0.046172
100,7,test,15,0.072000,0.141283
100,7,test,16,0.080000,0.073175
100,7,test,17,0.018000,0.034504
100,7,test,18,0.220000,0.190170
100,7,test,19,0.240000,0.187929
100,7,test,20,0.020000,0.064914
100,7,test,21,0.084600,0.064826
100,7,test,22,0.160000,0.088808
100,7,test,23,0.790000,0.241723
100,7,test,24,0.060000,0.062383
100,7,test,25,0.090000,0.073668
100,7,test,26,0.135000,0.216955
100,7,test,27,0.210000,0.095530
100,7,test,28,0.230000,0.173862
100,7,test,29,0.115100,0.174942
100,7,test,30,0.115100,0.174942
100,7,test,31,0.790000,0.232051
100,7,test,32,0.110000,0.198564
100,7,train,0,0.244400,0.237369
100,7,train,1,0.260000,0.262869
100,7,train,2,0.035100,0.031332
100,7,train,3,0.160000,0.145493
100,7,train,4,0.022000,0.035846
100,7,train,5,0.160000,0.158332
100,7,train,6,0.100000,0.104843
100,7,train,7,0.032000,0.051403
100,7,train,8,0.063300,0.059430
100,7,train,9,0.190000,0.192671
100,7,train,10,-0.110000,-0.073472
100,7,train,11,0.010000,0.026450
100,7,train,12,0.137000,0.130850
100,7,train,13,0.018000,0.017779
100,7,train,14,0.054300,0.059757
100,7,train,15,-0.080000,-0.063023
100,7,train,16,-0.030000,0.011191
100,7,train,17,0.273300,0.280440
100,7,train,18,0.048480,0.035597
100,7,train,19,0.200000,0.183844
100,7,train,20,0.094900,0.096584
100,7,train,21,0.190000,0.197487
100,7,train,22,0.100000,0.087607
100,7,train,23,-0.350000,-0.172352
100,7,train,24,0.080000,0.089090
100,7,train,25,0.439000,0.404079
100,7,train,26,-0.390000,-0.234748
100,7,train,27,0.011000,0.009443
100,7,train,28,0.185100,0.182746
100,7,train,29,0.020000,0.029662
100,7,train,30,0.260000,0.266444
100,7,train,31,0.350000,0.348625
100,7,train,32,0.035400,0.039741
100,7,train,33,0.130000,0.115197
100,7,train,34,0.224400,0.187965
100,7,train,35,0.180000,0.178157
100,7,train,36,0.163300,0.157035
100,7,train,37,0.075400,0.063664
100,7,train,38,0.040000,0.049151
100,7,train,39,0.190000,0.177804
100,7,train,40,0.030000,0.044244
100,7,train,41,0.193500,0.184678
100,7,train,42,0.090000,0.090793
100,7,train,43,0.024200,0.036669
100,7,train,44,0.030000,0.024661
100,7,train,45,0.020000,0.034426
100,7,train,46,0.090000,0.078382
100,7,train,47,0.190000,0.168334
100,7,train,48,0.065340,0.090409
100,7,train,49,0.080000,0.086701
100,7,train,50,0.180000,0.174756
100,7,train,51,0.094900,0.098095
100,7,train,52,0.280000,0.272845
100,7,train,53,0.090000,0.088944
100,7,train,54,0.190000,0.203342
100,7,train,55,0.044200,0.047813
100,7,train,56,0.330000,0.307417
100,7,train,57,0.025000,0.014136
100,7,train,58,0.030000,0.036717
100,7,train,59,0.150000,0.158603
100,7,train,60,0.000000,0.008327
100,7,train,61,0.160000,0.173161
100,7,train,62,0.820000,0.584068
100,7,train,63,0.280000,0.268722
100,7,train,64,0.058480,0.074304
100,7,train,65,0.151000,0.149389
100,7,train,66,0.240000,0.219036
100,7,train,67,0.020000,0.018244
100,7,train,68,0.260000,0.257131
100,7,train,69,0.232000,0.261512
100,7,train,70,0.114400,0.124817
100,7,train,71,0.242000,0.247167
100,7,train,72,0.040000,0.061498
100,7,train,73,0.150000,0.159068
100,7,train,74,0.264400,0.258629
100,7,train,75,0.062000,0.071583
100,7,train,76,0.240000,0.235346
100,7,train,77,0.035100,0.021373
100,7,train,78,0.050000,0.060015
100,7,train,79,0.110000,0.098733
100,7,train,80,0.120000,0.112811
100,7,train,81,0.320000,0.307365
100,7,train,82,0.094600,0.086392
100,7,train,83,0.100000,0.088941
100,7,train,84,0.160000,0.157861
100,7,train,85,0.270000,0.254883
100,7,train,86,0.380000,0.376383
100,7,train,87,0.270000,0.262474
100,7,train,88,0.170000,0.152572
100,7,train,89,0.111520,0.137060
100,7,train,90,0.050000,0.045467
100,7,train,91,0.020000,0.014589
100,7,train,92,0.040000,0.038668
100,7,train,93,0.260000,0.241582
100,7,train,94,0.250000,0.222321
100,7,train,95,0.403000,0.401180
100,7,train,96,0.151000,0.135880
100,7,train,97,0.290000,0.274633
100,7,train,98,0.240000,0.234009
100,7,train,99,0.035400,0.039741
100,7,train,100,0.090000,0.108888
100,7,train,101,0.174900,0.166816
100,7,train,102,0.220000,0.229897
100,7,train,103,0.045300,0.032260
100,7,train,104,0.020000,0.030005
100,7,train,105,0.284200,0.259673
100,7,train,106,0.050000,0.045889
100,7,train,107,0.010000,0.021838
100,7,train,108,0.070000,0.074905
100,7,train,109,0.043800,0.047794
100,7,train,110,0.144500,0.140144
100,7,train,111,0.310000,0.308953
100,7,train,112,0.020000,0.008708
100,7,train,113,0.174900,0.168994
100,7,train,114,0.020000,0.061501
100,7,train,115,0.010000,0.010312
100,7,train,116,0.210000,0.210468
100,7,train,117,0.540000,0.444925
100,7,train,118,0.010000,0.010099
100,7,train,119,0.023500,0.020064
100,7,train,120,0.010000,0.017835
100,7,train,121,0.144700,0.139587
100,7,train,122,0.370000,0.368088
100,7,train,123,0.093900,0.102150
100,7,train,124,0.133000,0.135865
100,7,train,125,0.185100,0.182746
100,7,train,126,0.200000,0.204457
100,7,train,127,0.360000,0.340042
100,7,train,128,0.030000,0.038325
100,7,train,129,0.052410,0.041031
100,8,test,0,0.018000,0.030827
100,8,test,1,-0.030000,0.109561
100,8,test,2,0.439000,0.226049
100,8,test,3,0.264400,0.217031
100,8,test,4,0.100000,0.068241
100,8,test,5,0.114400,0.161757
100,8,test,6,0.100000,0.097638
100,8,test,7,0.160000,0.172266
100,8,test,8,0.160000,0.135984
100,8,test,9,0.043800,0.077495
100,8,test,10,0.200000,0.193654
100,8,test,11,0.240000,0.181221
100,8,test,12,0.220000,0.251456
100,8,test,13,0.054300,0.142320
100,8,test,14,0.180000,0.111736
100,8,test,15,0.075400,0.071141
100,8,test,16,0.380000,0.209539
100,8,test,17,0.052410,0.077353
100,8,test,18,0.070000,0.121826
100,8,test,19,0.144700,0.153099
100,8,test,20,0.030000,0.086993
100,8,test,21,0.093900,0.165897
100,8,test,22,0.020000,0.091391
100,8,test,23,0.290000,0.169857
100,8,test,24,0.210000,0.128240
100,8,test,25,0.160000,0.169510
100,8,test,26,-0.390000,0.098288
100,8,test,27,0.150000,0.223001
100,8,test,28,0.030000,0.108841
100,8,test,29,0.110000,0.108923
100,8,test,30,0.240000,0.182340
100,8,test,31,0.010000,0.115529
100,8,test,32,0.820000,0.354689
100,8,train,0,0.094900,0.098706
100,8,train,1,0.150000,0.166600
100,8,train,2,0.020000,0.090935
100,8,train,3,0.018000,0.032333
100,8,train,4,0.224400,0.175006
100,8,train,5,0.010000,0.035573
100,8,train,6,0.290000,0.286407
100,8,train,7,0.232000,0.232717
100,8,train,8,0.090000,0.092293
100,8,train,9,0.137000,0.137977
100,8,train,10,0.020000,0.073881
100,8,train,11,0.284200,0.261389
100,8,train,12,0.350000,0.310249
100,8,train,13,0.030000,0.082606
100,8,train,14,0.094900,0.096130
100,8,train,15,0.174900,0.172257
100,8,train,16,0.360000,0.264895
100,8,train,17,0.090000,0.113348
100,8,train,18,0.242000,0.214916
100,8,train,19,0.050000,0.036151
100,8,train,20,0.240000,0.192912
100,8,train,21,0.273300,0.248830
100,8,train,22,0.115100,0.118770
100,8,train,23,0.111520,0.133970
100,8,train,24,0.040000,0.077049
100,8,train,25,-0.080000,0.019271
100,8,train,26,0.193500,0.188583
100,8,train,27,0.320000,0.293037
100,8,train,28,0.403000,0.343217
100,8,train,29,0.063300,0.069581
100,8,train,30,0.330000,0.285798
100,8,train,31,0.090000,0.089041
100,8,train,32,0.210000,0.201909
100,8,train,33,0.020000,0.066366
100,8,train,34,0.133000,0.151314
100,8,train,35,0.185100,0.164577
100,8,train,36,0.280000,0.256789
100,8,train,37,0.090000,0.077201
100,8,train,38,0.032000,0.056745
100,8,train,39,0.022000,0.037973
100,8,train,40,0.200000,0.196989
100,8,train,41,0.190000,0.186090
100,8,train,42,0.260000,0.246334
100,8,train,43,0.073410,0.097542
100,8,train,44,0.200000,0.195219
100,8,train,45,0.035100,0.064522
100,8,train,46,0.020000,0.029265
100,8,train,47,0.115100,0.118770
100,8,train,48,0.190000,0.200298
100,8,train,49,0.174900,0.166887
100,8,train,50,0.040000,0.060451
100,8,train,51,0.010000,0.037412
100,8,train,52,0.144500,0.143896
100,8,train,53,0.023500,0.059056
100,8,train,54,0.790000,0.511291
100,8,train,55,0.010000,0.070203
100,8,train,56,0.020000,0.032438
100,8,train,57,0.135000,0.133364
100,8,train,58,0.310000,0.290509
100,8,train,59,0.094700,0.099778
100,8,train,60,0.163300,0.137510
100,8,train,61,0.120000,0.139012
100,8,train,62,0.190000,0.175592
100,8,train,63,0.250000,0.200521
100,8,train,64,0.075400,0.071141
100,8,train,65,0.020000,0.062878
100,8,train,66,0.095300,0.093355
100,8,train,67,0.540000,0.345369
100,8,train,68,0.790000,0.509263
100,8,train,69,0.180000,0.174121
100,8,train,70,0.144700,0.153099
100,8,train,71,0.048480,0.046652
100,8,train,72,0.260000,0.258880
100,8,train,73,0.160000,0.132029
100,8,train,74,0.045300,0.034843
100,8,train,75,0.280000,0.247668
100,8,train,76,-0.350000,-0.035947
100,8,train,77,0.380000,0.324334
100,8,train,78,0.170000,0.148213
100,8,train,79,0.020000,0.036254
100,8,train,80,0.044200,0.066463
100,8,train,81,0.035400,0.046472
100,8,train,82,0.244400,0.210878
100,8,train,83,0.260000,0.247001
100,8,train,84,0.370000,0.296733
100,8,train,85,0.094600,0.096288
100,8,train,86,0.084600,0.082607
100,8,train,87,0.065340,0.105216
100,8,train,88,0.058480,0.084643
100,8,train,89,0.130000,0.128894
100,8,train,90,0.060000,0.071268
100,8,train,91,0.160000,0.153543
100,8,train,92,0.035100,0.064430
100,8,train,93,0.185100,0.164577
100,8,train,94,0.090000,0.103217
100,8,train,95,0.080000,0.082845
100,8,train,96,0.151000,0.137571
100,8,train,97,0.270000,0.262429
100,8,train,98,0.240000,0.224348
100,8,train,99,0.072000,0.093878
100,8,train,100,-0.110000,-0.018468
100,8,train,101,0.050000,0.057681
100,8,train,102,0.011000,0.030764
100,8,train,103,0.260000,0.221613
100,8,train,104,0.190000,0.159908
100,8,train,105,0.190000,0.166117
100,8,train,106,0.280000,0.243495
100,8,train,107,0.025000,0.032651
100,8,train,108,0.230000,0.176943
100,8,train,109,0.080000,0.070079
100,8,train,110,0.000000,0.040940
100,8,train,111,0.020000,0.065971
100,8,train,112,0.130000,0.134308
100,8,train,113,0.151000,0.136687
100,8,train,114,0.062000,0.092150
100,8,train,115,0.270000,0.245902
100,8,train,116,0.020000,0.054684
100,8,train,117,0.080000,0.087472
100,8,train,118,0.040000,0.085975
100,8,train,119,0.150000,0.158491
100,8,train,120,0.190000,0.185210
100,8,train,121,0.110000,0.121228
100,8,train,122,0.030000,0.106960
100,8,train,123,0.024200,0.056874
100,8,train,124,0.220000,0.203281
100,8,train,125,0.035400,0.046472
100,8,train,126,0.010000,0.034302
100,8,train,127,0.030000,0.054174
100,8,train,128,0.050000,0.057436
100,8,train,129,0.100000,0.102508
100,9,test,0,0.163300,0.159950
100,9,test,1,0.190000,0.078997
100,9,test,2,0.032000,0.031600
100,9,test,3,0.072000,0.081908
100,9,test,4,0.025000,0.115044
100,9,test,5,0.080000,0.062055
100,9,test,6,0.240000,0.202474
100,9,test,7,0.080000,0.205882
100,9,test,8,0.095300,0.048013
100,9,test,9,0.190000,0.147385
100,9,test,10,0.120000,0.324514
100,9,test,11,0.043800,-0.057717
100,9,test,12,0.010000,0.107265
100,9,test,13,0.174900,0.180475
100,9,test,14,0.094900,0.106209
100,9,test,15,0.100000,0.028780
100,9,test,16,0.100000,0.033289
100,9,test,17,0.151000,0.149382
100,9,test,18,0.020000,0.013736
100,9,test,19,0.264400,0.168840
100,9,test,20,0.244400,0.096383
100,9,test,21,0.020000,-0.099147
100,9,test,22,0.190000,0.317443
100,9,test,23,0.180000,0.157115
100,9,test,24,0.090000,0.158089
100,9,test,25,0.280000,0.052644
100,9,test,26,0.193500,0.135136
100,9,test,27,0.054300,0.112777
100,9,test,28,0.190000,0.147626
100,9,test,29,0.058480,0.151581
100,9,test,30,0.144700,0.144746
100,9,test,31,0.050000,-0.067785
100,9,test,32,0.280000,0.132181
100,9,train,0,0.052410,0.051888
100,9,train,1,0.094600,0.094560
100,9,train,2,0.035400,0.035288
100,9,train,3,0.190000,0.189345
100,9,train,4,0.010000,0.010101
100,9,train,5,0.790000,0.789930
100,9,train,6,0.350000,0.350041
100,9,train,7,0.540000,0.537957
100,9,train,8,0.065340,0.065373
100,9,train,9,0.070000,0.069787
100,9,train,10,0.010000,0.009828
100,9,train,11,-0.030000,-0.029722
100,9,train,12,0.035400,0.035288
100,9,train,13,0.093900,0.093953
100,9,train,14,0.115100,0.115145
100,9,train,15,0.050000,0.049955
100,9,train,16,0.030000,0.029921
100,9,train,17,0.111520,0.111250
100,9,train,18,0.044200,0.044248
100,9,train,19,0.040000,0.039546
100,9,train,20,0.084600,0.084304
100,9,train,21,0.020000,0.020309
100,9,train,22,0.115100,0.115145
100,9,train,23,0.380000,0.380462
100,9,train,24,0.100000,0.099505
100,9,train,25,0.290000,0.289791
100,9,train,26,0.045300,0.045407
100,9,train,27,0.320000,0.320520
100,9,train,28,0.290000,0.289654
100,9,train,29,0.035100,0.035067
100,9,train,30,0.310000,0.309983
100,9,train,31,0.185100,0.185095
100,9,train,32,0.380000,0.380006
100,9,train,33,0.130000,0.129562
100,9,train,34,0.011000,0.010974
100,9,train,35,0.020000,0.020209
100,9,train,36,0.022000,0.021943
100,9,train,37,0.110000,0.109988
100,9,train,38,0.075400,0.075362
100,9,train,39,0.020000,0.019839
100,9,train,40,0.260000,0.259618
100,9,train,41,0.020000,0.019992
100,9,train,42,0.090000,0.090024
100,9,train,43,0.094900,0.094769
100,9,train,44,0.232000,0.232067
100,9,train,45,0.150000,0.150442
100,9,train,46,0.242000,0.242178
100,9,train,47,0.260000,0.259669
100,9,train,48,0.150000,0.149062
100,9,train,49,0.048480,0.048372
100,9,train,50,0.075400,0.075362
100,9,train,51,0.135000,0.134552
100,9,train,52,0.010000,0.009958
100,9,train,53,0.200000,0.199899
100,9,train,54,0.174900,0.174841
100,9,train,55,0.080000,0.080291
100,9,train,56,0.210000,0.210263
100,9,train,57,0.110000,0.109947
100,9,train,58,0.020000,0.020395
100,9,train,59,0.030000,0.029797
100,9,train,60,0.151000,0.150969
100,9,train,61,0.024200,0.024115
100,9,train,62,0.790000,0.790062
100,9,train,63,0.050000,0.050268
100,9,train,64,0.023500,0.023462
100,9,train,65,0.273300,0.273625
100,9,train,66,0.018000,0.018272
100,9,train,67,0.270000,0.270028
100,9,train,68,0.130000,0.130324
100,9,train,69,0.160000,0.160712
100,9,train,70,0.224400,0.224299
100,9,train,71,-0.110000,-0.109530
100,9,train,72,0.230000,0.230136
100,9,train,73,0.094700,0.094965
100,9,train,74,0.090000,0.090154
100,9,train,75,0.260000,0.259832
100,9,train,76,0.144700,0.144746
100,9,train,77,0.040000,0.040594
100,9,train,78,0.360000,0.360024
100,9,train,79,0.030000,0.030445
100,9,train,80,0.284200,0.284027
100,9,train,81,0.240000,0.239624
100,9,train,82,0.170000,0.170421
100,9,train,83,0.370000,0.369877
100,9,train,84,0.439000,0.439205
100,9,train,85,0.030000,0.029924
100,9,train,86,0.114400,0.114256
100,9,train,87,0.133000,0.133436
100,9,train,88,0.073410,0.073751
100,9,train,89,0.280000,0.279764
100,9,train,90,0.200000,0.199977
100,9,train,91,0.030000,0.029872
100,9,train,92,0.820000,0.819796
100,9,train,93,0.190000,0.190287
100,9,train,94,0.062000,0.061920
100,9,train,95,0.040000,0.039921
100,9,train,96,0.403000,0.402989
100,9,train,97,0.160000,0.157656
100,9,train,98,0.018000,0.017563
100,9,train,99,0.220000,0.220139
100,9,train,100,0.180000,0.179910
100,9,train,101,0.090000,0.090230
100,9,train,102,0.060000,0.059340
100,9,train,103,0.330000,0.329660
100,9,train,104,0.220000,0.219980
100,9,train,105,0.210000,0.210191
100,9,train,106,0.160000,0.160019
100,9,train,107,0.020000,0.020008
100,9,train,108,-0.350000,-0.347854
100,9,train,109,0.144500,0.144623
100,9,train,110,0.240000,0.239920
100,9,train,111,0.240000,0.240100
100,9,train,112,0.000000,0.000129
100,9,train,113,0.090000,0.089988
100,9,train,114,0.200000,0.199489
100,9,train,115,0.250000,0.250254
100,9,train,116,0.160000,0.159591
100,9,train,117,0.160000,0.159553
100,9,train,118,0.035100,0.034998
100,9,train,119,-0.390000,-0.386332
100,9,train,120,0.063300,0.063630
100,9,train,121,0.020000,0.020583
100,9,train,122,0.137000,0.137058
100,9,train,123,-0.080000,-0.079757
100,9,train,124,0.270000,0.270469
100,9,train,125,0.150000,0.149954
100,9,train,126,0.010000,0.009839
100,9,train,127,0.020000,0.019582
100,9,train,128,0.185100,0.185095
100,9,train,129,0.260000,0.259493
100,10,test,0,0.111520,0.216268
100,10,test,1,0.020000,0.166870
100,10,test,2,0.044200,0.103088
100,10,test,3,0.073410,0.127125
100,10,test,4,0.035100,0.102515
100,10,test,5,0.110000,0.042470
100,10,test,6,0.790000,0.169311
100,10,test,7,0.020000,0.112031
100,10,test,8,0.330000,0.105608
100,10,test,9,0.090000,0.111871
100,10,test,10,0.070000,0.055217
100,10,test,11,0.060000,0.068587
100,10,test,12,0.163300,0.156110
100,10,test,13,0.065340,0.169845
100,10,test,14,0.045300,0.052023
100,10,test,15,0.032000,0.136664
100,10,test,16,0.200000,0.203714
100,10,test,17,0.240000,0.151390
100,10,test,18,0.030000,0.129294
100,10,test,19,0.130000,0.168404
100,10,test,20,0.144500,0.141335
100,10,test,21,0.018000,0.049743
100,10,test,22,0.160000,0.159642
100,10,test,23,0.220000,0.102981
100,10,test,24,0.094600,0.106539
100,10,test,25,0.193500,0.120312
100,10,test,26,0.035400,0.029254
100,10,test,27,0.010000,0.102696
100,10,test,28,0.020000,0.046029
100,10,test,29,-0.390000,0.100962
100,10,test,30,0.820000,0.331898
100,10,test,31,-0.030000,0.138583
100,10,test,32,0.210000,0.086351
100,10,train,0,0.210000,0.207896
100,10,train,1,0.540000,0.528627
100,10,train,2,0.280000,0.277529
100,10,train,3,0.020000,0.032111
100,10,train,4,0.230000,0.201428
100,10,train,5,0.020000,0.021566
100,10,train,6,0.150000,0.157475
100,10,train,7,0.370000,0.375109
100,10,train,8,0.790000,0.545625
100,10,train,9,0.260000,0.260368
100,10,train,10,0.190000,0.185026
100,10,train,11,0.050000,0.050190
100,10,train,12,0.160000,0.161938
100,10,train,13,0.030000,0.038724
100,10,train,14,0.075400,0.075442
100,10,train,15,0.054300,0.063803
100,10,train,16,0.151000,0.151869
100,10,train,17,-0.110000,-0.108296
100,10,train,18,0.273300,0.269032
100,10,train,19,0.010000,0.027388
100,10,train,20,0.135000,0.127691
100,10,train,21,0.270000,0.269884
100,10,train,22,0.115100,0.116228
100,10,train,23,0.024200,0.041184
100,10,train,24,0.011000,0.010459
100,10,train,25,0.052410,0.056704
100,10,train,26,0.190000,0.187528
100,10,train,27,0.094900,0.101516
100,10,train,28,0.040000,0.056332
100,10,train,29,0.160000,0.151016
100,10,train,30,0.174900,0.179938
100,10,train,31,0.190000,0.174755
100,10,train,32,0.080000,0.076049
100,10,train,33,0.380000,0.365426
100,10,train,34,0.224400,0.176959
100,10,train,35,0.180000,0.171593
100,10,train,36,0.062000,0.061993
100,10,train,37,0.090000,0.089533
100,10,train,38,0.190000,0.210022
100,10,train,39,0.095300,0.092451
100,10,train,40,0.180000,0.185128
100,10,train,41,0.360000,0.346274
100,10,train,42,0.084600,0.085045
100,10,train,43,0.050000,0.052560
100,10,train,44,0.050000,0.051568
100,10,train,45,0.023500,0.019127
100,10,train,46,0.035100,0.040240
100,10,train,47,0.240000,0.240406
100,10,train,48,0.133000,0.131388
100,10,train,49,0.090000,0.093397
100,10,train,50,0.030000,0.077366
100,10,train,51,0.439000,0.416977
100,10,train,52,0.110000,0.112732
100,10,train,53,0.310000,0.316922
100,10,train,54,0.115100,0.116228
100,10,train,55,0.290000,0.277097
100,10,train,56,0.250000,0.237396
100,10,train,57,0.260000,0.269322
100,10,train,58,0.284200,0.281907
100,10,train,59,0.018000,0.017544
100,10,train,60,0.160000,0.170955
100,10,train,61,0.035400,0.029254
100,10,train,62,0.020000,0.042036
100,10,train,63,0.030000,0.039044
100,10,train,64,0.220000,0.250257
100,10,train,65,0.200000,0.193900
100,10,train,66,0.043800,0.048467
100,10,train,67,0.010000,0.006239
100,10,train,68,0.100000,0.093526
100,10,train,69,0.100000,0.106696
100,10,train,70,0.072000,0.078744
100,10,train,71,0.290000,0.281861
100,10,train,72,0.174900,0.172642
100,10,train,73,0.380000,0.368492
100,10,train,74,0.094700,0.091035
100,10,train,75,0.100000,0.093468
100,10,train,76,-0.350000,-0.132062
100,10,train,77,0.280000,0.285286
100,10,train,78,0.260000,0.254238
100,10,train,79,0.185100,0.177359
100,10,train,80,0.010000,0.005860
100,10,train,81,0.020000,0.035422
100,10,train,82,0.020000,0.021302
100,10,train,83,0.022000,0.019181
100,10,train,84,0.040000,0.050925
100,10,train,85,0.244400,0.218260
100,10,train,86,0.090000,0.087674
100,10,train,87,0.200000,0.193347
100,10,train,88,0.075400,0.075442
100,10,train,89,0.093900,0.093202
100,10,train,90,0.137000,0.131581
100,10,train,91,0.010000,0.017059
100,10,train,92,0.151000,0.148933
100,10,train,93,0.000000,0.023466
100,10,train,94,0.264400,0.274603
100,10,train,95,0.048480,0.033965
100,10,train,96,0.232000,0.233167
100,10,train,97,0.058480,0.075743
100,10,train,98,-0.080000,-0.048514
100,10,train,99,0.144700,0.144108
100,10,train,100,0.114400,0.114918
100,10,train,101,0.130000,0.126639
100,10,train,102,0.185100,0.177359
100,10,train,103,0.260000,0.259484
100,10,train,104,0.080000,0.070253
100,10,train,105,0.144700,0.144108
100,10,train,106,0.025000,0.032715
100,10,train,107,0.150000,0.174880
100,10,train,108,0.242000,0.230564
100,10,train,109,0.160000,0.154372
100,10,train,110,0.120000,0.119683
100,10,train,111,0.080000,0.083825
100,10,train,112,0.094900,0.092327
100,10,train,113,0.190000,0.185357
100,10,train,114,0.240000,0.224231
100,10,train,115,0.320000,0.306318
100,10,train,116,0.190000,0.211307
100,10,train,117,0.150000,0.165015
100,10,train,118,0.063300,0.068587
100,10,train,119,0.020000,0.055505
100,10,train,120,0.020000,0.019813
100,10,train,121,0.350000,0.345430
100,10,train,122,0.403000,0.403435
100,10,train,123,0.040000,0.043608
100,10,train,124,0.240000,0.238391
100,10,train,125,0.030000,0.021751
100,10,train,126,0.170000,0.157112
100,10,train,127,0.090000,0.098223
100,10,train,128,0.270000,0.261225
100,10,train,129,0.280000,0.253997
480,1,test,0,0.043800,0.120728
480,1,test,1,0.044200,0.074868
480,1,test,2,0.075400,0.066395
480,1,test,3,0.115100,0.124845
480,1,test,4,0.020000,0.078928
480,1,test,5,0.090000,0.041537
480,1,test,6,-0.390000,0.075728
480,1,test,7,0.111520,0.258699
480,1,test,8,0.110000,0.188161
480,1,test,9,0.080000,0.056831
480,1,test,10,0.439000,0.205130
480,1,test,11,0.320000,0.290472
480,1,test,12,0.185100,0.180717
480,1,test,13,0.144500,0.124755
480,1,test,14,0.150000,0.277131
480,1,test,15,0.174900,0.148709
480,1,test,16,0.040000,0.092378
480,1,test,17,0.030000,0.096416
480,1,test,18,0.062000,0.132341
480,1,test,19,0.010000,0.100170
480,1,test,20,0.200000,0.295687
480,1,test,21,0.224400,0.145095
480,1,test,22,0.163300,0.150882
480,1,test,23,0.250000,0.128032
480,1,test,24,0.040000,0.111287
480,1,test,25,0.190000,0.150051
480,1,test,26,0.200000,0.284388
480,1,test,27,0.050000,0.100636
480,1,test,28,0.151000,0.130498
480,1,test,29,0.190000,0.231186
480,1,test,30,0.058480,0.226888
480,1,test,31,0.190000,0.112099
480,1,test,32,0.063300,0.084772
480,1,train,0,0.100000,0.100580
480,1,train,1,0.150000,0.151133
480,1,train,2,0.023500,0.026815
480,1,train,3,0.403000,0.390022
480,1,train,4,0.190000,0.176584
480,1,train,5,0.115100,0.124845
480,1,train,6,0.380000,0.367747
480,1,train,7,0.110000,0.124480
480,1,train,8,0.242000,0.237126
480,1,train,9,0.020000,0.040377
480,1,train,10,0.020000,0.013835
480,1,train,11,0.050000,0.051439
480,1,train,12,-0.110000,-0.096938
480,1,train,13,0.010000,0.003875
480,1,train,14,0.090000,0.090904
480,1,train,15,0.330000,0.318394
480,1,train,16,0.018000,0.016418
480,1,train,17,0.244400,0.204225
480,1,train,18,0.010000,0.018126
480,1,train,19,0.200000,0.209183
480,1,train,20,-0.350000,-0.104018
480,1,train,21,0.100000,0.087480
480,1,train,22,0.260000,0.274668
480,1,train,23,0.144700,0.145552
480,1,train,24,0.080000,0.080708
480,1,train,25,0.151000,0.140537
480,1,train,26,0.000000,0.046239
480,1,train,27,0.024200,0.063318
480,1,train,28,0.035400,0.034354
480,1,train,29,0.220000,0.234495
480,1,train,30,0.084600,0.082302
480,1,train,31,0.070000,0.086014
480,1,train,32,0.048480,0.054095
480,1,train,33,0.090000,0.110277
480,1,train,34,0.360000,0.353348
480,1,train,35,0.290000,0.277957
480,1,train,36,0.220000,0.218663
480,1,train,37,0.270000,0.267826
480,1,train,38,0.280000,0.266653
480,1,train,39,0.260000,0.260266
480,1,train,40,0.790000,0.767691
480,1,train,41,0.310000,0.310696
480,1,train,42,0.020000,0.048997
480,1,train,43,0.120000,0.111922
480,1,train,44,0.144700,0.145552
480,1,train,45,-0.080000,-0.065022
480,1,train,46,0.020000,0.011004
480,1,train,47,0.094900,0.091918
480,1,train,48,0.035100,0.050401
480,1,train,49,0.094700,0.093206
480,1,train,50,0.160000,0.152552
480,1,train,51,0.040000,0.057671
480,1,train,52,0.180000,0.173685
480,1,train,53,0.230000,0.210961
480,1,train,54,0.010000,0.024911
480,1,train,55,0.090000,0.090672
480,1,train,56,0.020000,0.022330
480,1,train,57,0.284200,0.270856
480,1,train,58,0.135000,0.136493
480,1,train,59,0.820000,0.754039
480,1,train,60,0.045300,0.031861
480,1,train,61,0.035400,0.034354
480,1,train,62,0.240000,0.226711
480,1,train,63,0.020000,0.022329
480,1,train,64,0.264400,0.267737
480,1,train,65,0.093900,0.100079
480,1,train,66,0.030000,0.031113
480,1,train,67,0.280000,0.255948
480,1,train,68,0.018000,0.011977
480,1,train,69,0.080000,0.077197
480,1,train,70,0.280000,0.272461
480,1,train,71,0.050000,0.052422
480,1,train,72,0.174900,0.171264
480,1,train,73,0.130000,0.128535
480,1,train,74,0.190000,0.172229
480,1,train,75,0.790000,0.710208
480,1,train,76,0.170000,0.159142
480,1,train,77,0.090000,0.087274
480,1,train,78,0.075400,0.066395
480,1,train,79,0.273300,0.275249
480,1,train,80,0.030000,0.052208
480,1,train,81,0.185100,0.180717
480,1,train,82,0.160000,0.150015
480,1,train,83,0.054300,0.066788
480,1,train,84,0.094900,0.100429
480,1,train,85,0.193500,0.189836
480,1,train,86,0.030000,0.029308
480,1,train,87,0.073410,0.073270
480,1,train,88,0.022000,0.021564
480,1,train,89,0.210000,0.208292
480,1,train,90,0.010000,0.006318
480,1,train,91,0.210000,0.206548
480,1,train,92,0.094600,0.090789
480,1,train,93,-0.030000,-0.025187
480,1,train,94,0.180000,0.170854
480,1,train,95,0.032000,0.045896
480,1,train,96,0.114400,0.113668
480,1,train,97,0.290000,0.285194
480,1,train,98,0.150000,0.173519
480,1,train,99,0.350000,0.341598
480,1,train,100,0.190000,0.195834
480,1,train,101,0.160000,0.163724
480,1,train,102,0.240000,0.241520
480,1,train,103,0.232000,0.249638
480,1,train,104,0.137000,0.141612
480,1,train,105,0.270000,0.271695
480,1,train,106,0.060000,0.058079
480,1,train,107,0.380000,0.326172
480,1,train,108,0.160000,0.153726
480,1,train,109,0.072000,0.069182
480,1,train,110,0.130000,0.125350
480,1,train,111,0.100000,0.101205
480,1,train,112,0.540000,0.392395
480,1,train,113,0.160000,0.190737
480,1,train,114,0.133000,0.157943
480,1,train,115,0.240000,0.231717
480,1,train,116,0.025000,0.024159
480,1,train,117,0.260000,0.227734
480,1,train,118,0.065340,0.084634
480,1,train,119,0.052410,0.052819
480,1,train,120,0.020000,0.048996
480,1,train,121,0.260000,0.267049
480,1,train,122,0.240000,0.206553
480,1,train,123,0.011000,0.015138
480,1,train,124,0.035100,0.027463
480,1,train,125,0.030000,0.030860
480,1,train,126,0.020000,0.028244
480,1,train,127,0.370000,0.338724
480,1,train,128,0.020000,0.046694
480,1,train,129,0.095300,0.083932
480,2,test,0,0.310000,0.189467
480,2,test,1,0.260000,0.120344
480,2,test,2,0.072000,0.086225
480,2,test,3,0.270000,0.237262
480,2,test,4,0.180000,0.085243
480,2,test,5,0.210000,0.123214
480,2,test,6,0.052410,0.154279
480,2,test,7,0.080000,0.156582
480,2,test,8,0.032000,0.158957
480,2,test,9,0.280000,0.148988
480,2,test,10,0.093900,0.122312
480,2,test,11,0.240000,0.138928
480,2,test,12,0.100000,0.128298
480,2,test,13,0.150000,0.212360
480,2,test,14,0.090000,0.099241
480,2,test,15,0.273300,0.131119
480,2,test,16,0.110000,0.155673
480,2,test,17,0.011000,0.210999
480,2,test,18,0.200000,0.178084
480,2,test,19,0.111520,0.143005
480,2,test,20,-0.080000,0.106613
480,2,test,21,0.073410,0.152505
480,2,test,22,0.043800,0.117037
480,2,test,23,0.010000,0.213564
480,2,test,24,-0.350000,0.221330
480,2,test,25,0.260000,0.234794
480,2,test,26,0.084600,0.087817
480,2,test,27,0.224400,0.143479
480,2,test,28,0.010000,0.158091
480,2,test,29,0.035100,0.091835
480,2,test,30,0.174900,0.101222
480,2,test,31,0.018000,0.118186
480,2,test,32,0.020000,0.162080
480,2,train,0,0.115100,0.128898
480,2,train,1,0.320000,0.309511
480,2,train,2,0.023500,0.097392
480,2,train,3,0.790000,0.296459
480,2,train,4,-0.110000,0.102041
480,2,train,5,0.080000,0.091592
480,2,train,6,0.024200,0.089510
480,2,train,7,0.190000,0.145851
480,2,train,8,0.170000,0.111688
480,2,train,9,0.133000,0.151660
480,2,train,10,0.040000,0.125795
480,2,train,11,0.020000,0.113314
480,2,train,12,0.010000,0.151207
480,2,train,13,0.144700,0.115626
480,2,train,14,0.040000,0.153343
480,2,train,15,0.030000,0.111183
480,2,train,16,0.820000,0.327506
480,2,train,17,0.090000,0.109576
480,2,train,18,0.010000,0.119715
480,2,train,19,0.244400,0.142017
480,2,train,20,0.190000,0.158589
480,2,train,21,0.144700,0.115626
480,2,train,22,0.020000,0.198059
480,2,train,23,0.264400,0.188223
480,2,train,24,0.048480,0.135145
480,2,train,25,0.240000,0.231807
480,2,train,26,0.110000,0.177515
480,2,train,27,0.062000,0.099957
480,2,train,28,0.065340,0.128782
480,2,train,29,0.180000,0.190316
480,2,train,30,0.030000,0.140591
480,2,train,31,0.120000,0.232120
480,2,train,32,0.025000,0.056136
480,2,train,33,0.114400,0.118945
480,2,train,34,-0.390000,0.064641
480,2,train,35,0.030000,0.072501
480,2,train,36,0.020000,0.098376
480,2,train,37,0.018000,0.043844
480,2,train,38,0.090000,0.118186
480,2,train,39,0.151000,0.103855
480,2,train,40,0.790000,0.300546
480,2,train,41,0.094600,0.097353
480,2,train,42,0.020000,0.162897
480,2,train,43,0.190000,0.169877
480,2,train,44,0.050000,0.099047
480,2,train,45,0.040000,0.098118
480,2,train,46,0.240000,0.155340
480,2,train,47,0.439000,0.216480
480,2,train,48,0.050000,0.096340
480,2,train,49,0.000000,0.081636
480,2,train,50,0.185100,0.156169
480,2,train,51,0.270000,0.134584
480,2,train,52,0.151000,0.096184
480,2,train,53,0.130000,0.136497
480,2,train,54,0.540000,0.189559
480,2,train,55,0.240000,0.215926
480,2,train,56,0.075400,0.102066
480,2,train,57,0.010000,0.161634
480,2,train,58,0.144500,0.158158
480,2,train,59,0.075400,0.102066
480,2,train,60,0.130000,0.151246
480,2,train,61,-0.030000,0.078659
480,2,train,62,0.280000,0.143433
480,2,train,63,0.190000,0.137344
480,2,train,64,0.284200,0.204687
480,2,train,65,0.063300,0.101994
480,2,train,66,0.020000,0.140799
480,2,train,67,0.094900,0.119899
480,2,train,68,0.260000,0.248079
480,2,train,69,0.054300,0.122081
480,2,train,70,0.135000,0.136133
480,2,train,71,0.160000,0.125150
480,2,train,72,0.100000,0.124553
480,2,train,73,0.035400,0.084755
480,2,train,74,0.160000,0.151327
480,2,train,75,0.260000,0.256352
480,2,train,76,0.150000,0.191015
480,2,train,77,0.232000,0.230147
480,2,train,78,0.020000,0.075006
480,2,train,79,0.020000,0.129382
480,2,train,80,0.100000,0.158502
480,2,train,81,0.200000,0.253734
480,2,train,82,0.290000,0.256724
480,2,train,83,0.050000,0.094690
480,2,train,84,0.020000,0.094317
480,2,train,85,0.030000,0.164841
480,2,train,86,0.160000,0.185328
480,2,train,87,0.350000,0.220771
480,2,train,88,0.020000,0.177070
480,2,train,89,0.163300,0.148870
480,2,train,90,0.210000,0.163511
480,2,train,91,0.035100,0.087366
480,2,train,92,0.190000,0.188798
480,2,train,93,0.115100,0.128898
480,2,train,94,0.022000,0.065096
480,2,train,95,0.160000,0.178107
480,2,train,96,0.160000,0.167841
480,2,train,97,0.185100,0.156169
480,2,train,98,0.360000,0.197601
480,2,train,99,0.290000,0.225968
480,2,train,100,0.090000,0.173861
480,2,train,101,0.094700,0.125231
480,2,train,102,0.094900,0.105346
480,2,train,103,0.070000,0.104973
480,2,train,104,0.030000,0.105803
480,2,train,105,0.380000,0.205846
480,2,train,106,0.330000,0.207569
480,2,train,107,0.242000,0.160352
480,2,train,108,0.045300,0.088250
480,2,train,109,0.200000,0.182917
480,2,train,110,0.190000,0.180194
480,2,train,111,0.080000,0.110847
480,2,train,112,0.220000,0.184242
480,2,train,113,0.230000,0.206325
480,2,train,114,0.095300,0.093342
480,2,train,115,0.280000,0.244966
480,2,train,116,0.250000,0.236635
480,2,train,117,0.150000,0.193027
480,2,train,118,0.058480,0.139430
480,2,train,119,0.060000,0.099645
480,2,train,120,0.044200,0.081590
480,2,train,121,0.403000,0.211160
480,2,train,122,0.035400,0.084755
480,2,train,123,0.380000,0.225393
480,2,train,124,0.220000,0.211787
480,2,train,125,0.174900,0.158655
480,2,train,126,0.193500,0.181904
480,2,train,127,0.137000,0.101477
480,2,train,128,0.370000,0.160058
480,2,train,129,0.090000,0.109508
480,3,test,0,-0.030000,0.110898
480,3,test,1,0.150000,0.141604
480,3,test,2,0.310000,0.216394
480,3,test,3,0.180000,0.125228
480,3,test,4,0.044200,0.146399
480,3,test,5,0.062000,0.208757
480,3,test,6,0.094900,0.097989
480,3,test,7,0.030000,0.045808
480,3,test,8,0.230000,0.076204
480,3,test,9,0.063300,0.059908
480,3,test,10,0.090000,0.116805
480,3,test,11,0.020000,0.064601
480,3,test,12,0.273300,0.256268
480,3,test,13,0.040000,0.096612
480,3,test,14,0.052410,0.060891
480,3,test,15,0.023500,0.093943
480,3,test,16,0.058480,0.108855
480,3,test,17,0.439000,0.256827
480,3,test,18,0.232000,0.343976
480,3,test,19,0.790000,0.618681
480,3,test,20,0.120000,0.146869
480,3,test,21,-0.390000,0.145316
480,3,test,22,0.050000,0.127556
480,3,test,23,0.540000,0.190632
480,3,test,24,0.185100,0.184738
480,3,test,25,0.190000,0.128523
480,3,test,26,0.360000,0.139632
480,3,test,27,0.200000,0.100175
480,3,test,28,0.190000,0.147706
480,3,test,29,0.032000,0.081042
480,3,test,30,0.020000,0.130501
480,3,test,31,0.220000,0.207470
480,3,test,32,-0.080000,0.064662
480,3,train,0,0.090000,0.090161
480,3,train,1,0.080000,0.080034
480,3,train,2,0.073410,0.073306
480,3,train,3,0.045300,0.045317
480,3,train,4,0.011000,0.011102
480,3,train,5,0.350000,0.350269
480,3,train,6,0.264400,0.264297
480,3,train,7,0.290000,0.290262
480,3,train,8,0.030000,0.029510
480,3,train,9,0.130000,0.130151
480,3,train,10,0.370000,0.369899
480,3,train,11,0.010000,0.010037
480,3,train,12,0.193500,0.193720
480,3,train,13,0.130000,0.130125
480,3,train,14,0.137000,0.136891
480,3,train,15,0.100000,0.099763
480,3,train,16,0.020000,0.020238
480,3,train,17,0.330000,0.329952
480,3,train,18,0.093900,0.093742
480,3,train,19,0.174900,0.174957
480,3,train,20,0.200000,0.199899
480,3,train,21,0.075400,0.075246
480,3,train,22,0.094900,0.095086
480,3,train,23,0.030000,0.029793
480,3,train,24,0.084600,0.084673
480,3,train,25,0.111520,0.111712
480,3,train,26,0.030000,0.030649
480,3,train,27,0.160000,0.160026
480,3,train,28,0.144700,0.144656
480,3,train,29,0.284200,0.284191
480,3,train,30,0.160000,0.159922
480,3,train,31,0.090000,0.090318
480,3,train,32,0.144500,0.144517
480,3,train,33,0.030000,0.030100
480,3,train,34,0.100000,0.100173
480,3,train,35,0.020000,0.020188
480,3,train,36,0.090000,0.090023
480,3,train,37,0.240000,0.240081
480,3,train,38,0.022000,0.022638
480,3,train,39,0.144700,0.144656
480,3,train,40,0.280000,0.279478
480,3,train,41,0.035400,0.035453
480,3,train,42,0.260000,0.259921
480,3,train,43,0.224400,0.224284
480,3,train,44,0.163300,0.163326
480,3,train,45,0.260000,0.260049
480,3,train,46,0.403000,0.402765
480,3,train,47,0.020000,0.020121
480,3,train,48,0.040000,0.039846
480,3,train,49,0.020000,0.019965
480,3,train,50,0.072000,0.072105
480,3,train,51,0.043800,0.043789
480,3,train,52,0.048480,0.048722
480,3,train,53,0.270000,0.270313
480,3,train,54,0.025000,0.024806
480,3,train,55,0.160000,0.159997
480,3,train,56,0.020000,0.020102
480,3,train,57,0.270000,0.269912
480,3,train,58,0.024200,0.024190
480,3,train,59,0.114400,0.114226
480,3,train,60,0.050000,0.049892
480,3,train,61,0.080000,0.079869
480,3,train,62,0.035400,0.035453
480,3,train,63,0.100000,0.099988
480,3,train,64,0.020000,0.019740
480,3,train,65,0.174900,0.175094
480,3,train,66,0.250000,0.249965
480,3,train,67,0.200000,0.200027
480,3,train,68,0.135000,0.135180
480,3,train,69,0.185100,0.184738
480,3,train,70,0.190000,0.189939
480,3,train,71,0.035100,0.035091
480,3,train,72,0.018000,0.018026
480,3,train,73,0.320000,0.319945
480,3,train,74,0.040000,0.040171
480,3,train,75,0.110000,0.109802
480,3,train,76,0.240000,0.239979
480,3,train,77,0.010000,0.009907
480,3,train,78,0.094700,0.094787
480,3,train,79,0.290000,0.289820
480,3,train,80,0.260000,0.260067
480,3,train,81,0.150000,0.149956
480,3,train,82,0.010000,0.009832
480,3,train,83,0.820000,0.817595
480,3,train,84,0.060000,0.059908
480,3,train,85,0.260000,0.259928
480,3,train,86,0.000000,-0.000048
480,3,train,87,0.050000,0.050277
480,3,train,88,0.170000,0.169735
480,3,train,89,0.160000,0.160092
480,3,train,90,0.190000,0.189964
480,3,train,91,0.180000,0.179902
480,3,train,92,0.244400,0.244046
480,3,train,93,0.280000,0.279562
480,3,train,94,0.115100,0.115291
480,3,train,95,0.210000,0.209908
480,3,train,96,0.210000,0.210042
480,3,train,97,0.075400,0.075246
480,3,train,98,0.065340,0.065295
480,3,train,99,0.095300,0.095007
480,3,train,100,0.035100,0.035133
480,3,train,101,0.240000,0.240059
480,3,train,102,0.242000,0.242029
480,3,train,103,0.380000,0.378645
480,3,train,104,0.160000,0.159840
480,3,train,105,0.020000,0.020108
480,3,train,106,0.110000,0.109803
480,3,train,107,0.010000,0.010297
480,3,train,108,0.220000,0.219886
480,3,train,109,0.070000,0.069915
480,3,train,110,0.115100,0.115291
480,3,train,111,0.240000,0.239749
480,3,train,112,0.190000,0.189893
480,3,train,113,0.280000,0.279641
480,3,train,114,-0.110000,-0.107554
480,3,train,115,0.151000,0.150906
480,3,train,116,0.054300,0.054500
480,3,train,117,0.133000,0.132931
480,3,train,118,0.151000,0.150906
480,3,train,119,0.150000,0.150026
480,3,train,120,-0.350000,-0.347282
480,3,train,121,0.380000,0.379623
480,3,train,122,0.010000,0.010396
480,3,train,123,0.080000,0.079895
480,3,train,124,0.018000,0.017971
480,3,train,125,0.094600,0.094611
480,3,train,126,0.020000,0.019792
480,3,train,127,0.790000,0.790040
480,3,train,128,0.190000,0.189984
480,3,train,129,0.090000,0.090047
480,4,test,0,0.439000,0.200389
480,4,test,1,0.073410,0.130983
480,4,test,2,0.080000,0.134625
480,4,test,3,0.151000,0.096964
480,4,test,4,0.000000,0.055197
480,4,test,5,0.044200,0.126636
480,4,test,6,0.090000,0.107354
480,4,test,7,0.244400,0.106019
480,4,test,8,0.290000,0.243274
480,4,test,9,0.052410,0.174961
480,4,test,10,0.010000,0.147343
480,4,test,11,0.170000,0.114856
480,4,test,12,0.040000,0.111056
480,4,test,13,0.060000,0.066428
480,4,test,14,0.260000,0.163667
480,4,test,15,0.084600,0.133795
480,4,test,16,0.054300,0.112170
480,4,test,17,0.224400,0.082655
480,4,test,18,-0.080000,0.054746
480,4,test,19,0.062000,0.168967
480,4,test,20,0.284200,0.160036
480,4,test,21,0.200000,0.239175
480,4,test,22,0.160000,0.119379
480,4,test,23,0.144500,0.081492
480,4,test,24,0.090000,0.110780
480,4,test,25,0.010000,0.082017
480,4,test,26,0.185100,0.119899
480,4,test,27,0.790000,0.219371
480,4,test,28,0.310000,0.234258
480,4,test,29,0.010000,0.126554
480,4,test,30,0.280000,0.156431
480,4,test,31,0.380000,0.168735
480,4,test,32,0.273300,0.208254
480,4,train,0,0.025000,0.012061
480,4,train,1,0.050000,0.052756
480,4,train,2,0.050000,0.060650
480,4,train,3,0.185100,0.119899
480,4,train,4,0.190000,0.202215
480,4,train,5,0.065340,0.119425
480,4,train,6,0.040000,0.087648
480,4,train,7,0.144700,0.151788
480,4,train,8,0.130000,0.120039
480,4,train,9,0.240000,0.229972
480,4,train,10,0.250000,0.208098
480,4,train,11,0.111520,0.098165
480,4,train,12,0.100000,0.116242
480,4,train,13,0.023500,0.120491
480,4,train,14,0.094700,0.083242
480,4,train,15,0.242000,0.137697
480,4,train,16,0.030000,0.136526
480,4,train,17,0.200000,0.222325
480,4,train,18,0.360000,0.268515
480,4,train,19,0.270000,0.223287
480,4,train,20,0.150000,0.151642
480,4,train,21,0.380000,0.314877
480,4,train,22,0.270000,0.205083
480,4,train,23,0.040000,0.081786
480,4,train,24,0.080000,0.092244
480,4,train,25,0.020000,0.052946
480,4,train,26,0.011000,0.106675
480,4,train,27,0.080000,0.048012
480,4,train,28,0.090000,0.084646
480,4,train,29,0.070000,0.070227
480,4,train,30,0.193500,0.169459
480,4,train,31,0.190000,0.161908
480,4,train,32,0.264400,0.225151
480,4,train,33,0.150000,0.217503
480,4,train,34,0.280000,0.248163
480,4,train,35,0.018000,0.058071
480,4,train,36,0.022000,0.050088
480,4,train,37,0.035400,0.052639
480,4,train,38,0.032000,0.045408
480,4,train,39,0.240000,0.219222
480,4,train,40,0.163300,0.140274
480,4,train,41,0.094900,0.097421
480,4,train,42,0.030000,0.063348
480,4,train,43,0.110000,0.085158
480,4,train,44,0.030000,0.062790
480,4,train,45,0.540000,0.284013
480,4,train,46,0.230000,0.201335
480,4,train,47,0.280000,0.226407
480,4,train,48,0.115100,0.098073
480,4,train,49,0.210000,0.173591
480,4,train,50,0.063300,0.058097
480,4,train,51,0.058480,0.102895
480,4,train,52,0.320000,0.274733
480,4,train,53,0.020000,0.109628
480,4,train,54,0.115100,0.098073
480,4,train,55,0.220000,0.243800
480,4,train,56,0.020000,0.084211
480,4,train,57,0.190000,0.107237
480,4,train,58,0.100000,0.100963
480,4,train,59,0.370000,0.305696
480,4,train,60,0.095300,0.080518
480,4,train,61,0.350000,0.276015
480,4,train,62,0.190000,0.157457
480,4,train,63,0.020000,0.048307
480,4,train,64,0.035100,0.048298
480,4,train,65,0.048480,0.084327
480,4,train,66,0.035100,0.034839
480,4,train,67,0.072000,0.066470
480,4,train,68,0.110000,0.142767
480,4,train,69,0.190000,0.154663
480,4,train,70,0.190000,0.177683
480,4,train,71,0.075400,0.060096
480,4,train,72,0.240000,0.225022
480,4,train,73,0.260000,0.205371
480,4,train,74,0.090000,0.111662
480,4,train,75,0.090000,0.143866
480,4,train,76,-0.030000,0.063787
480,4,train,77,0.133000,0.176650
480,4,train,78,-0.350000,-0.075041
480,4,train,79,0.174900,0.188634
480,4,train,80,0.290000,0.254552
480,4,train,81,0.160000,0.146074
480,4,train,82,0.030000,0.031510
480,4,train,83,0.137000,0.127995
480,4,train,84,0.180000,0.148286
480,4,train,85,0.820000,0.502316
480,4,train,86,0.093900,0.170297
480,4,train,87,0.094900,0.108866
480,4,train,88,0.024200,0.043364
480,4,train,89,0.020000,0.110901
480,4,train,90,0.020000,0.040721
480,4,train,91,0.144700,0.151788
480,4,train,92,0.151000,0.122098
480,4,train,93,0.050000,0.014777
480,4,train,94,0.100000,0.077608
480,4,train,95,0.403000,0.258225
480,4,train,96,0.035400,0.052639
480,4,train,97,0.130000,0.114657
480,4,train,98,0.150000,0.176267
480,4,train,99,0.260000,0.234470
480,4,train,100,0.180000,0.184103
480,4,train,101,0.018000,-0.008473
480,4,train,102,0.135000,0.093457
480,4,train,103,0.160000,0.136453
480,4,train,104,-0.110000,0.061730
480,4,train,105,0.210000,0.195376
480,4,train,106,0.010000,0.122505
480,4,train,107,0.114400,0.088384
480,4,train,108,-0.390000,-0.072982
480,4,train,109,0.010000,0.021937
480,4,train,110,0.094600,0.081308
480,4,train,111,0.020000,0.141409
480,4,train,112,0.790000,0.444351
480,4,train,113,0.160000,0.167807
480,4,train,114,0.260000,0.229101
480,4,train,115,0.045300,0.018084
480,4,train,116,0.043800,0.034327
480,4,train,117,0.020000,0.124014
480,4,train,118,0.232000,0.250582
480,4,train,119,0.020000,0.006536
480,4,train,120,0.075400,0.060096
480,4,train,121,0.030000,0.093955
480,4,train,122,0.200000,0.195992
480,4,train,123,0.330000,0.252504
480,4,train,124,0.020000,0.101886
480,4,train,125,0.160000,0.180118
480,4,train,126,0.174900,0.150422
480,4,train,127,0.220000,0.203202
480,4,train,128,0.240000,0.133633
480,4,train,129,0.120000,0.145492
480,5,test,0,0.054300,0.125059
480,5,test,1,0.240000,0.157608
480,5,test,2,0.040000,0.162879
480,5,test,3,0.790000,0.311847
480,5,test,4,0.100000,0.105677
480,5,test,5,0.010000,0.149998
480,5,test,6,0.094600,0.072081
480,5,test,7,-0.350000,0.193849
480,5,test,8,0.240000,0.143481
480,5,test,9,0.093900,0.190239
480,5,test,10,0.185100,0.148027
480,5,test,11,0.190000,0.187838
480,5,test,12,0.024200,0.130272
480,5,test,13,0.032000,0.150391
480,5,test,14,0.280000,0.205962
480,5,test,15,-0.030000,0.165177
480,5,test,16,0.030000,0.118698
480,5,test,17,0.160000,0.109608
480,5,test,18,0.260000,0.265546
480,5,test,19,0.063300,0.076973
480,5,test,20,0.190000,0.128132
480,5,test,21,0.160000,0.146459
480,5,test,22,0.163300,0.144248
480,5,test,23,0.023500,0.095152
480,5,test,24,0.094700,0.149621
480,5,test,25,0.174900,0.125294
480,5,test,26,0.090000,0.146805
480,5,test,27,0.035100,0.091777
480,5,test,28,0.052410,0.138593
480,5,test,29,0.200000,0.222403
480,5,test,30,0.010000,0.114739
480,5,test,31,0.220000,0.140140
480,5,test,32,0.190000,0.232582
480,5,train,0,0.160000,0.164832
480,5,train,1,0.790000,0.524878
480,5,train,2,0.075400,0.068032
480,5,train,3,0.050000,0.064334
480,5,train,4,0.110000,0.118018
480,5,train,5,0.310000,0.294002
480,5,train,6,0.040000,0.073265
480,5,train,7,0.090000,0.106708
480,5,train,8,0.174900,0.143852
480,5,train,9,0.020000,0.058887
480,5,train,10,0.144700,0.136330
480,5,train,11,-0.110000,0.003459
480,5,train,12,0.133000,0.152683
480,5,train,13,0.048480,0.071074
480,5,train,14,0.010000,0.065545
480,5,train,15,0.220000,0.229664
480,5,train,16,0.250000,0.193877
480,5,train,17,0.190000,0.157231
480,5,train,18,0.270000,0.240938
480,5,train,19,0.193500,0.185534
480,5,train,20,0.232000,0.244902
480,5,train,21,0.260000,0.246257
480,5,train,22,0.370000,0.311486
480,5,train,23,0.100000,0.116264
480,5,train,24,0.260000,0.229807
480,5,train,25,0.060000,0.076017
480,5,train,26,0.151000,0.134505
480,5,train,27,0.020000,0.043784
480,5,train,28,0.244400,0.177985
480,5,train,29,0.094900,0.103496
480,5,train,30,0.025000,0.026295
480,5,train,31,0.018000,0.024578
480,5,train,32,0.210000,0.193213
480,5,train,33,0.065340,0.111674
480,5,train,34,0.111520,0.118731
480,5,train,35,0.150000,0.147474
480,5,train,36,0.190000,0.170365
480,5,train,37,0.070000,0.108804
480,5,train,38,0.160000,0.153616
480,5,train,39,0.137000,0.128589
480,5,train,40,0.210000,0.191841
480,5,train,41,0.095300,0.103952
480,5,train,42,0.100000,0.107730
480,5,train,43,0.403000,0.359377
480,5,train,44,0.170000,0.141252
480,5,train,45,0.260000,0.231205
480,5,train,46,0.020000,0.070379
480,5,train,47,0.020000,0.044087
480,5,train,48,0.035400,0.055128
480,5,train,49,0.022000,0.041457
480,5,train,50,0.151000,0.135269
480,5,train,51,0.150000,0.168988
480,5,train,52,0.094900,0.103046
480,5,train,53,0.135000,0.142048
480,5,train,54,0.130000,0.127462
480,5,train,55,0.080000,0.075043
480,5,train,56,0.073410,0.094141
480,5,train,57,0.020000,0.073542
480,5,train,58,0.084600,0.072704
480,5,train,59,0.284200,0.242508
480,5,train,60,0.240000,0.221227
480,5,train,61,0.230000,0.181765
480,5,train,62,0.044200,0.058954
480,5,train,63,0.072000,0.070930
480,5,train,64,0.280000,0.223296
480,5,train,65,0.010000,0.059094
480,5,train,66,0.115100,0.121981
480,5,train,67,0.080000,0.075564
480,5,train,68,0.075400,0.068032
480,5,train,69,0.190000,0.182911
480,5,train,70,0.120000,0.165761
480,5,train,71,0.110000,0.120090
480,5,train,72,0.144700,0.136330
480,5,train,73,0.242000,0.227589
480,5,train,74,0.224400,0.165208
480,5,train,75,0.030000,0.055494
480,5,train,76,0.115100,0.121981
480,5,train,77,0.035100,0.057095
480,5,train,78,0.180000,0.155377
480,5,train,79,0.020000,0.066865
480,5,train,80,0.380000,0.320590
480,5,train,81,0.030000,0.034544
480,5,train,82,0.080000,0.084134
480,5,train,83,0.090000,0.091823
480,5,train,84,0.160000,0.146671
480,5,train,85,0.150000,0.188259
480,5,train,86,0.030000,0.114608
480,5,train,87,0.040000,0.102202
480,5,train,88,0.320000,0.300055
480,5,train,89,0.439000,0.350505
480,5,train,90,-0.390000,-0.032994
480,5,train,91,0.180000,0.174381
480,5,train,92,0.000000,0.043206
480,5,train,93,0.144500,0.116991
480,5,train,94,0.035400,0.055128
480,5,train,95,0.020000,0.087829
480,5,train,96,0.045300,0.075158
480,5,train,97,0.540000,0.360822
480,5,train,98,0.280000,0.239004
480,5,train,99,0.058480,0.093879
480,5,train,100,0.360000,0.311405
480,5,train,101,0.050000,0.058518
480,5,train,102,0.010000,0.066747
480,5,train,103,0.820000,0.524878
480,5,train,104,0.020000,0.086501
480,5,train,105,0.330000,0.284623
480,5,train,106,0.200000,0.201670
480,5,train,107,0.200000,0.190601
480,5,train,108,0.240000,0.180613
480,5,train,109,0.273300,0.239291
480,5,train,110,0.090000,0.090439
480,5,train,111,0.020000,0.071004
480,5,train,112,0.290000,0.257542
480,5,train,113,0.270000,0.254131
480,5,train,114,0.130000,0.135933
480,5,train,115,0.114400,0.111123
480,5,train,116,-0.080000,-0.005361
480,5,train,117,0.043800,0.060944
480,5,train,118,0.264400,0.248265
480,5,train,119,0.185100,0.148027
480,5,train,120,0.030000,0.038136
480,5,train,121,0.062000,0.073316
480,5,train,122,0.380000,0.318405
480,5,train,123,0.050000,0.070728
480,5,train,124,0.090000,0.131821
480,5,train,125,0.350000,0.310601
480,5,train,126,0.020000,0.037457
480,5,train,127,0.011000,0.072120
480,5,train,128,0.290000,0.276420
480,5,train,129,0.018000,0.037316
480,6,test,0,0.190000,0.174258
480,6,test,1,0.310000,0.265931
480,6,test,2,0.220000,0.263802
480,6,test,3,0.095300,0.095208
480,6,test,4,0.280000,0.197917
480,6,test,5,0.100000,0.104087
480,6,test,6,0.020000,0.122680
480,6,test,7,0.190000,0.163036
480,6,test,8,0.290000,0.188458
480,6,test,9,0.144700,0.135753
480,6,test,10,0.790000,0.357368
480,6,test,11,0.020000,0.191676
480,6,test,12,0.020000,0.069687
480,6,test,13,0.160000,0.190309
480,6,test,14,0.114400,0.141146
480,6,test,15,0.174900,0.140284
480,6,test,16,0.260000,0.182805
480,6,test,17,0.210000,0.111279
480,6,test,18,0.045300,0.103127
480,6,test,19,0.084600,0.074525
480,6,test,20,0.150000,0.256110
480,6,test,21,0.040000,0.136130
480,6,test,22,0.151000,0.079894
480,6,test,23,0.280000,0.189447
480,6,test,24,0.151000,0.082351
480,6,test,25,0.035400,0.119336
480,6,test,26,0.144500,0.109533
480,6,test,27,0.030000,0.065940
480,6,test,28,0.160000,0.153742
480,6,test,29,-0.390000,0.095378
480,6,test,30,0.035100,0.087801
480,6,test,31,0.200000,0.202597
480,6,test,32,0.035400,0.119336
480,6,train,0,0.133000,0.142962
480,6,train,1,0.190000,0.187945
480,6,train,2,0.200000,0.197811
480,6,train,3,0.093900,0.105067
480,6,train,4,0.030000,0.055034
480,6,train,5,0.135000,0.136039
480,6,train,6,0.000000,0.035079
480,6,train,7,0.110000,0.111570
480,6,train,8,0.100000,0.105675
480,6,train,9,0.190000,0.186897
480,6,train,10,0.163300,0.149747
480,6,train,11,0.080000,0.081662
480,6,train,12,0.094900,0.105658
480,6,train,13,0.025000,0.031199
480,6,train,14,0.260000,0.244765
480,6,train,15,0.370000,0.331934
480,6,train,16,0.018000,0.017998
480,6,train,17,0.150000,0.170261
480,6,train,18,0.264400,0.251264
480,6,train,19,0.100000,0.094237
480,6,train,20,0.240000,0.218094
480,6,train,21,0.185100,0.162083
480,6,train,22,0.230000,0.206965
480,6,train,23,0.043800,0.055502
480,6,train,24,0.020000,0.027247
480,6,train,25,0.160000,0.146121
480,6,train,26,0.170000,0.146654
480,6,train,27,0.270000,0.252836
480,6,train,28,0.094700,0.092280
480,6,train,29,0.020000,0.030578
480,6,train,30,0.090000,0.092834
480,6,train,31,0.120000,0.138148
480,6,train,32,0.284200,0.272970
480,6,train,33,0.240000,0.211619
480,6,train,34,0.020000,0.062352
480,6,train,35,0.065340,0.106774
480,6,train,36,0.330000,0.282690
480,6,train,37,0.190000,0.177113
480,6,train,38,0.020000,0.040011
480,6,train,39,0.220000,0.194827
480,6,train,40,0.130000,0.130830
480,6,train,41,0.180000,0.167999
480,6,train,42,0.050000,0.042491
480,6,train,43,0.080000,0.077993
480,6,train,44,0.224400,0.196471
480,6,train,45,0.018000,0.030320
480,6,train,46,0.320000,0.310419
480,6,train,47,0.075400,0.069033
480,6,train,48,0.090000,0.126634
480,6,train,49,0.010000,0.031889
480,6,train,50,0.072000,0.089562
480,6,train,51,0.200000,0.200452
480,6,train,52,-0.080000,-0.007070
480,6,train,53,0.020000,0.032380
480,6,train,54,0.190000,0.199864
480,6,train,55,0.011000,0.028474
480,6,train,56,0.080000,0.080301
480,6,train,57,0.040000,0.067916
480,6,train,58,0.280000,0.231292
480,6,train,59,0.150000,0.164662
480,6,train,60,0.240000,0.213146
480,6,train,61,0.094600,0.090703
480,6,train,62,0.044200,0.060609
480,6,train,63,0.022000,0.032429
480,6,train,64,0.062000,0.077050
480,6,train,65,0.260000,0.274136
480,6,train,66,0.380000,0.337644
480,6,train,67,0.094900,0.107339
480,6,train,68,0.242000,0.227497
480,6,train,69,0.010000,0.027148
480,6,train,70,0.180000,0.162453
480,6,train,71,0.048480,0.045182
480,6,train,72,0.380000,0.326821
480,6,train,73,0.290000,0.271946
480,6,train,74,0.023500,0.072055
480,6,train,75,0.024200,0.053541
480,6,train,76,0.073410,0.086130
480,6,train,77,0.050000,0.051469
480,6,train,78,0.273300,0.253824
480,6,train,79,0.137000,0.137796
480,6,train,80,0.111520,0.160134
480,6,train,81,0.075400,0.069033
480,6,train,82,0.032000,0.046455
480,6,train,83,0.090000,0.083483
480,6,train,84,0.020000,0.044305
480,6,train,85,0.030000,0.039283
480,6,train,86,0.020000,0.036760
480,6,train,87,0.010000,0.024617
480,6,train,88,0.115100,0.121212
480,6,train,89,0.403000,0.367745
480,6,train,90,-0.030000,0.021559
480,6,train,91,0.070000,0.080819
480,6,train,92,0.063300,0.082215
480,6,train,93,-0.350000,-0.031592
480,6,train,94,0.115100,0.121212
480,6,train,95,0.360000,0.298730
480,6,train,96,0.160000,0.197252
480,6,train,97,0.232000,0.251535
480,6,train,98,0.193500,0.198463
480,6,train,99,0.244400,0.184708
480,6,train,100,0.250000,0.219875
480,6,train,101,0.110000,0.118935
480,6,train,102,0.060000,0.078882
480,6,train,103,-0.110000,-0.023689
480,6,train,104,0.210000,0.176110
480,6,train,105,0.439000,0.368576
480,6,train,106,0.040000,0.045505
480,6,train,107,0.820000,0.557148
480,6,train,108,0.260000,0.249274
480,6,train,109,0.130000,0.136828
480,6,train,110,0.090000,0.095898
480,6,train,111,0.270000,0.243697
480,6,train,112,0.030000,0.042764
480,6,train,113,0.058480,0.076911
480,6,train,114,0.790000,0.546941
480,6,train,115,0.350000,0.307441
480,6,train,116,0.540000,0.351963
480,6,train,117,0.010000,0.043406
480,6,train,118,0.054300,0.077796
480,6,train,119,0.144700,0.135753
480,6,train,120,0.174900,0.166631
480,6,train,121,0.240000,0.239498
480,6,train,122,0.052410,0.057321
480,6,train,123,0.160000,0.148819
480,6,train,124,0.185100,0.162083
480,6,train,125,0.050000,0.068040
480,6,train,126,0.035100,0.053735
480,6,train,127,0.030000,0.090760
480,6,train,128,0.090000,0.095153
480,6,train,129,0.010000,0.045147
480,7,test,0,0.144700,0.144747
480,7,test,1,0.130000,0.158793
480,7,test,2,0.095300,0.173538
480,7,test,3,0.030000,0.177807
480,7,test,4,0.290000,0.051449
480,7,test,5,0.075400,0.053976
480,7,test,6,0.150000,0.259817
480,7,test,7,0.020000,0.131135
480,7,test,8,0.094700,0.086707
480,7,test,9,0.280000,0.203834
480,7,test,10,0.073410,0.049992
480,7,test,11,0.200000,0.207035
480,7,test,12,0.380000,0.211530
480,7,test,13,0.190000,0.136216
480,7,test,14,0.020000,0.091355
480,7,test,15,0.072000,0.103540
480,7,test,16,0.080000,0.087233
480,7,test,17,0.018000,0.121135
480,7,test,18,0.220000,0.151781
480,7,test,19,0.240000,0.132122
480,7,test,20,0.020000,0.156191
480,7,test,21,0.084600,0.045984
480,7,test,22,0.160000,0.116188
480,7,test,23,0.790000,0.153519
480,7,test,24,0.060000,0.068028
480,7,test,25,0.090000,0.071758
480,7,test,26,0.135000,0.165106
480,7,test,27,0.210000,0.124029
480,7,test,28,0.230000,0.158153
480,7,test,29,0.115100,0.137366
480,7,test,30,0.115100,0.137366
480,7,test,31,0.790000,0.244194
480,7,test,32,0.110000,0.195070
480,7,train,0,0.244400,0.221176
480,7,train,1,0.260000,0.261954
480,7,train,2,0.035100,0.042122
480,7,train,3,0.160000,0.164803
480,7,train,4,0.022000,0.021875
480,7,train,5,0.160000,0.162512
480,7,train,6,0.100000,0.095363
480,7,train,7,0.032000,0.034395
480,7,train,8,0.063300,0.067204
480,7,train,9,0.190000,0.168819
480,7,train,10,-0.110000,-0.058347
480,7,train,11,0.010000,0.031178
480,7,train,12,0.137000,0.131917
480,7,train,13,0.018000,0.017776
480,7,train,14,0.054300,0.058151
480,7,train,15,-0.080000,-0.039834
480,7,train,16,-0.030000,-0.001781
480,7,train,17,0.273300,0.263711
480,7,train,18,0.048480,0.043848
480,7,train,19,0.200000,0.204775
480,7,train,20,0.094900,0.099993
480,7,train,21,0.190000,0.199225
480,7,train,22,0.100000,0.080906
480,7,train,23,-0.350000,-0.135515
480,7,train,24,0.080000,0.086494
480,7,train,25,0.439000,0.402552
480,7,train,26,-0.390000,-0.189901
480,7,train,27,0.011000,0.017444
480,7,train,28,0.185100,0.180661
480,7,train,29,0.020000,0.026260
480,7,train,30,0.260000,0.270501
480,7,train,31,0.350000,0.336312
480,7,train,32,0.035400,0.034250
480,7,train,33,0.130000,0.119957
480,7,train,34,0.224400,0.184598
480,7,train,35,0.180000,0.167355
480,7,train,36,0.163300,0.160567
480,7,train,37,0.075400,0.053976
480,7,train,38,0.040000,0.052920
480,7,train,39,0.190000,0.177001
480,7,train,40,0.030000,0.038088
480,7,train,41,0.193500,0.193252
480,7,train,42,0.090000,0.088358
480,7,train,43,0.024200,0.031482
480,7,train,44,0.030000,0.031229
480,7,train,45,0.020000,0.024123
480,7,train,46,0.090000,0.092428
480,7,train,47,0.190000,0.161253
480,7,train,48,0.065340,0.104573
480,7,train,49,0.080000,0.074127
480,7,train,50,0.180000,0.184675
480,7,train,51,0.094900,0.094920
480,7,train,52,0.280000,0.279718
480,7,train,53,0.090000,0.096880
480,7,train,54,0.190000,0.199545
480,7,train,55,0.044200,0.042534
480,7,train,56,0.330000,0.308350
480,7,train,57,0.025000,0.020622
480,7,train,58,0.030000,0.066144
480,7,train,59,0.150000,0.169046
480,7,train,60,0.000000,0.019205
480,7,train,61,0.160000,0.161905
480,7,train,62,0.820000,0.480883
480,7,train,63,0.280000,0.276795
480,7,train,64,0.058480,0.088285
480,7,train,65,0.151000,0.141579
480,7,train,66,0.240000,0.218589
480,7,train,67,0.020000,0.017327
480,7,train,68,0.260000,0.253388
480,7,train,69,0.232000,0.237384
480,7,train,70,0.114400,0.119770
480,7,train,71,0.242000,0.241042
480,7,train,72,0.040000,0.062048
480,7,train,73,0.150000,0.154755
480,7,train,74,0.264400,0.277217
480,7,train,75,0.062000,0.072243
480,7,train,76,0.240000,0.230335
480,7,train,77,0.035100,0.020024
480,7,train,78,0.050000,0.055446
480,7,train,79,0.110000,0.111951
480,7,train,80,0.120000,0.136431
480,7,train,81,0.320000,0.305609
480,7,train,82,0.094600,0.084876
480,7,train,83,0.100000,0.100033
480,7,train,84,0.160000,0.166264
480,7,train,85,0.270000,0.254898
480,7,train,86,0.380000,0.369319
480,7,train,87,0.270000,0.287429
480,7,train,88,0.170000,0.152881
480,7,train,89,0.111520,0.147750
480,7,train,90,0.050000,0.050174
480,7,train,91,0.020000,0.030905
480,7,train,92,0.040000,0.040035
480,7,train,93,0.260000,0.249342
480,7,train,94,0.250000,0.226006
480,7,train,95,0.403000,0.407137
480,7,train,96,0.151000,0.145920
480,7,train,97,0.290000,0.271907
480,7,train,98,0.240000,0.232376
480,7,train,99,0.035400,0.034250
480,7,train,100,0.090000,0.099572
480,7,train,101,0.174900,0.171389
480,7,train,102,0.220000,0.226166
480,7,train,103,0.045300,0.044172
480,7,train,104,0.020000,0.046937
480,7,train,105,0.284200,0.275641
480,7,train,106,0.050000,0.041289
480,7,train,107,0.010000,0.040567
480,7,train,108,0.070000,0.077709
480,7,train,109,0.043800,0.033052
480,7,train,110,0.144500,0.134320
480,7,train,111,0.310000,0.315272
480,7,train,112,0.020000,0.006734
480,7,train,113,0.174900,0.174380
480,7,train,114,0.020000,0.048830
480,7,train,115,0.010000,0.010777
480,7,train,116,0.210000,0.203384
480,7,train,117,0.540000,0.433734
480,7,train,118,0.010000,0.005544
480,7,train,119,0.023500,0.020325
480,7,train,120,0.010000,0.018836
480,7,train,121,0.144700,0.144747
480,7,train,122,0.370000,0.358797
480,7,train,123,0.093900,0.097296
480,7,train,124,0.133000,0.148787
480,7,train,125,0.185100,0.180661
480,7,train,126,0.200000,0.199718
480,7,train,127,0.360000,0.326596
480,7,train,128,0.030000,0.029782
480,7,train,129,0.052410,0.056118
480,8,test,0,0.018000,0.049390
480,8,test,1,-0.030000,0.139180
480,8,test,2,0.439000,0.190795
480,8,test,3,0.264400,0.194451
480,8,test,4,0.100000,0.097919
480,8,test,5,0.114400,0.130403
480,8,test,6,0.100000,0.093512
480,8,test,7,0.160000,0.225214
480,8,test,8,0.160000,0.147833
480,8,test,9,0.043800,0.089545
480,8,test,10,0.200000,0.157958
480,8,test,11,0.240000,0.185420
480,8,test,12,0.220000,0.248343
480,8,test,13,0.054300,0.222397
480,8,test,14,0.180000,0.119109
480,8,test,15,0.075400,0.077399
480,8,test,16,0.380000,0.229281
480,8,test,17,0.052410,0.102969
480,8,test,18,0.070000,0.104121
480,8,test,19,0.144700,0.142027
480,8,test,20,0.030000,0.084024
480,8,test,21,0.093900,0.172849
480,8,test,22,0.020000,0.096417
480,8,test,23,0.290000,0.200122
480,8,test,24,0.210000,0.103425
480,8,test,25,0.160000,0.223147
480,8,test,26,-0.390000,0.114032
480,8,test,27,0.150000,0.235193
480,8,test,28,0.030000,0.060465
480,8,test,29,0.110000,0.099009
480,8,test,30,0.240000,0.187967
480,8,test,31,0.010000,0.115709
480,8,test,32,0.820000,0.404302
480,8,train,0,0.094900,0.099777
480,8,train,1,0.150000,0.159017
480,8,train,2,0.020000,0.059323
480,8,train,3,0.018000,0.020426
480,8,train,4,0.224400,0.210241
480,8,train,5,0.010000,0.033306
480,8,train,6,0.290000,0.281422
480,8,train,7,0.232000,0.240240
480,8,train,8,0.090000,0.098912
480,8,train,9,0.137000,0.134808
480,8,train,10,0.020000,0.028822
480,8,train,11,0.284200,0.277035
480,8,train,12,0.350000,0.330087
480,8,train,13,0.030000,0.058089
480,8,train,14,0.094900,0.098535
480,8,train,15,0.174900,0.171156
480,8,train,16,0.360000,0.329377
480,8,train,17,0.090000,0.109396
480,8,train,18,0.242000,0.235682
480,8,train,19,0.050000,0.057476
480,8,train,20,0.240000,0.218471
480,8,train,21,0.273300,0.263374
480,8,train,22,0.115100,0.118477
480,8,train,23,0.111520,0.122852
480,8,train,24,0.040000,0.055553
480,8,train,25,-0.080000,-0.044369
480,8,train,26,0.193500,0.189494
480,8,train,27,0.320000,0.325856
480,8,train,28,0.403000,0.379852
480,8,train,29,0.063300,0.074563
480,8,train,30,0.330000,0.310019
480,8,train,31,0.090000,0.090542
480,8,train,32,0.210000,0.199741
480,8,train,33,0.020000,0.041754
480,8,train,34,0.133000,0.142230
480,8,train,35,0.185100,0.178298
480,8,train,36,0.280000,0.257643
480,8,train,37,0.090000,0.088392
480,8,train,38,0.032000,0.042765
480,8,train,39,0.022000,0.027049
480,8,train,40,0.200000,0.215353
480,8,train,41,0.190000,0.199621
480,8,train,42,0.260000,0.270429
480,8,train,43,0.073410,0.126807
480,8,train,44,0.200000,0.208227
480,8,train,45,0.035100,0.041972
480,8,train,46,0.020000,0.008758
480,8,train,47,0.115100,0.118477
480,8,train,48,0.190000,0.187968
480,8,train,49,0.174900,0.177940
480,8,train,50,0.040000,0.042051
480,8,train,51,0.010000,0.036517
480,8,train,52,0.144500,0.143213
480,8,train,53,0.023500,0.029230
480,8,train,54,0.790000,0.492296
480,8,train,55,0.010000,0.035896
480,8,train,56,0.020000,0.027710
480,8,train,57,0.135000,0.142270
480,8,train,58,0.310000,0.312544
480,8,train,59,0.094700,0.097691
480,8,train,60,0.163300,0.148717
480,8,train,61,0.120000,0.166390
480,8,train,62,0.190000,0.184394
480,8,train,63,0.250000,0.236219
480,8,train,64,0.075400,0.077399
480,8,train,65,0.020000,0.034466
480,8,train,66,0.095300,0.097544
480,8,train,67,0.540000,0.366667
480,8,train,68,0.790000,0.493013
480,8,train,69,0.180000,0.167735
480,8,train,70,0.144700,0.142027
480,8,train,71,0.048480,0.033991
480,8,train,72,0.260000,0.276799
480,8,train,73,0.160000,0.153874
480,8,train,74,0.045300,0.047641
480,8,train,75,0.280000,0.270634
480,8,train,76,-0.350000,-0.105043
480,8,train,77,0.380000,0.337942
480,8,train,78,0.170000,0.159990
480,8,train,79,0.020000,0.033528
480,8,train,80,0.044200,0.052961
480,8,train,81,0.035400,0.040160
480,8,train,82,0.244400,0.224563
480,8,train,83,0.260000,0.250258
480,8,train,84,0.370000,0.331809
480,8,train,85,0.094600,0.097304
480,8,train,86,0.084600,0.082562
480,8,train,87,0.065340,0.085370
480,8,train,88,0.058480,0.072969
480,8,train,89,0.130000,0.132514
480,8,train,90,0.060000,0.074417
480,8,train,91,0.160000,0.161369
480,8,train,92,0.035100,0.041004
480,8,train,93,0.185100,0.178298
480,8,train,94,0.090000,0.099206
480,8,train,95,0.080000,0.083578
480,8,train,96,0.151000,0.146291
480,8,train,97,0.270000,0.267985
480,8,train,98,0.240000,0.244202
480,8,train,99,0.072000,0.075824
480,8,train,100,-0.110000,-0.041956
480,8,train,101,0.050000,0.058477
480,8,train,102,0.011000,0.035085
480,8,train,103,0.260000,0.250995
480,8,train,104,0.190000,0.171638
480,8,train,105,0.190000,0.193774
480,8,train,106,0.280000,0.261570
480,8,train,107,0.025000,0.022477
480,8,train,108,0.230000,0.205293
480,8,train,109,0.080000,0.082130
480,8,train,110,0.000000,0.012410
480,8,train,111,0.020000,0.029168
480,8,train,112,0.130000,0.127947
480,8,train,113,0.151000,0.146421
480,8,train,114,0.062000,0.067385
480,8,train,115,0.270000,0.263683
480,8,train,116,0.020000,0.024467
480,8,train,117,0.080000,0.076639
480,8,train,118,0.040000,0.063712
480,8,train,119,0.150000,0.166075
480,8,train,120,0.190000,0.185582
480,8,train,121,0.110000,0.108806
480,8,train,122,0.030000,0.067700
480,8,train,123,0.024200,0.037264
480,8,train,124,0.220000,0.225419
480,8,train,125,0.035400,0.040160
480,8,train,126,0.010000,0.024445
480,8,train,127,0.030000,0.035708
480,8,train,128,0.050000,0.052847
480,8,train,129,0.100000,0.122582
480,9,test,0,0.163300,0.160073
480,9,test,1,0.190000,-0.006681
480,9,test,2,0.032000,0.099151
480,9,test,3,0.072000,0.063886
480,9,test,4,0.025000,0.000259
480,9,test,5,0.080000,0.020703
480,9,test,6,0.240000,0.167843
480,9,test,7,0.080000,0.167128
480,9,test,8,0.095300,0.221853
480,9,test,9,0.190000,0.109604
480,9,test,10,0.120000,0.256174
480,9,test,11,0.043800,0.031913
480,9,test,12,0.010000,0.109876
480,9,test,13,0.174900,0.084934
480,9,test,14,0.094900,0.095254
480,9,test,15,0.100000,0.059879
480,9,test,16,0.100000,0.068764
480,9,test,17,0.151000,0.128632
480,9,test,18,0.020000,0.015959
480,9,test,19,0.264400,0.230280
480,9,test,20,0.244400,0.100745
480,9,test,21,0.020000,0.058577
480,9,test,22,0.190000,0.244637
480,9,test,23,0.180000,0.068577
480,9,test,24,0.090000,0.140830
480,9,test,25,0.280000,0.080151
480,9,test,26,0.193500,0.178012
480,9,test,27,0.054300,0.075544
480,9,test,28,0.190000,0.211540
480,9,test,29,0.058480,0.158877
480,9,test,30,0.144700,0.144509
480,9,test,31,0.050000,0.038152
480,9,test,32,0.280000,0.141166
480,9,train,0,0.052410,0.052615
480,9,train,1,0.094600,0.094239
480,9,train,2,0.035400,0.035644
480,9,train,3,0.190000,0.190009
480,9,train,4,0.010000,0.010076
480,9,train,5,0.790000,0.789757
480,9,train,6,0.350000,0.350007
480,9,train,7,0.540000,0.536760
480,9,train,8,0.065340,0.065345
480,9,train,9,0.070000,0.069803
480,9,train,10,0.010000,0.010185
480,9,train,11,-0.030000,-0.029677
480,9,train,12,0.035400,0.035644
480,9,train,13,0.093900,0.093865
480,9,train,14,0.115100,0.115029
480,9,train,15,0.050000,0.050021
480,9,train,16,0.030000,0.029745
480,9,train,17,0.111520,0.111318
480,9,train,18,0.044200,0.044122
480,9,train,19,0.040000,0.040144
480,9,train,20,0.084600,0.084565
480,9,train,21,0.020000,0.020201
480,9,train,22,0.115100,0.115029
480,9,train,23,0.380000,0.380486
480,9,train,24,0.100000,0.100383
480,9,train,25,0.290000,0.289973
480,9,train,26,0.045300,0.045408
480,9,train,27,0.320000,0.319898
480,9,train,28,0.290000,0.290029
480,9,train,29,0.035100,0.035004
480,9,train,30,0.310000,0.309921
480,9,train,31,0.185100,0.185261
480,9,train,32,0.380000,0.379443
480,9,train,33,0.130000,0.129898
480,9,train,34,0.011000,0.010646
480,9,train,35,0.020000,0.020244
480,9,train,36,0.022000,0.022146
480,9,train,37,0.110000,0.110381
480,9,train,38,0.075400,0.075517
480,9,train,39,0.020000,0.020093
480,9,train,40,0.260000,0.260222
480,9,train,41,0.020000,0.020184
480,9,train,42,0.090000,0.089961
480,9,train,43,0.094900,0.094878
480,9,train,44,0.232000,0.231877
480,9,train,45,0.150000,0.150413
480,9,train,46,0.242000,0.241947
480,9,train,47,0.260000,0.260126
480,9,train,48,0.150000,0.149463
480,9,train,49,0.048480,0.048435
480,9,train,50,0.075400,0.075517
480,9,train,51,0.135000,0.135776
480,9,train,52,0.010000,0.010132
480,9,train,53,0.200000,0.199765
480,9,train,54,0.174900,0.174901
480,9,train,55,0.080000,0.080033
480,9,train,56,0.210000,0.210019
480,9,train,57,0.110000,0.110201
480,9,train,58,0.020000,0.020201
480,9,train,59,0.030000,0.029842
480,9,train,60,0.151000,0.150920
480,9,train,61,0.024200,0.024254
480,9,train,62,0.790000,0.789846
480,9,train,63,0.050000,0.049939
480,9,train,64,0.023500,0.023475
480,9,train,65,0.273300,0.273572
480,9,train,66,0.018000,0.018220
480,9,train,67,0.270000,0.270234
480,9,train,68,0.130000,0.129812
480,9,train,69,0.160000,0.159635
480,9,train,70,0.224400,0.223704
480,9,train,71,-0.110000,-0.110134
480,9,train,72,0.230000,0.230252
480,9,train,73,0.094700,0.094788
480,9,train,74,0.090000,0.089828
480,9,train,75,0.260000,0.259870
480,9,train,76,0.144700,0.144509
480,9,train,77,0.040000,0.040220
480,9,train,78,0.360000,0.359981
480,9,train,79,0.030000,0.029642
480,9,train,80,0.284200,0.283455
480,9,train,81,0.240000,0.239870
480,9,train,82,0.170000,0.169977
480,9,train,83,0.370000,0.369872
480,9,train,84,0.439000,0.438960
480,9,train,85,0.030000,0.029897
480,9,train,86,0.114400,0.114887
480,9,train,87,0.133000,0.132895
480,9,train,88,0.073410,0.073379
480,9,train,89,0.280000,0.279730
480,9,train,90,0.200000,0.200190
480,9,train,91,0.030000,0.029893
480,9,train,92,0.820000,0.820282
480,9,train,93,0.190000,0.190429
480,9,train,94,0.062000,0.061887
480,9,train,95,0.040000,0.039890
480,9,train,96,0.403000,0.402708
480,9,train,97,0.160000,0.159812
480,9,train,98,0.018000,0.018093
480,9,train,99,0.220000,0.220112
480,9,train,100,0.180000,0.180223
480,9,train,101,0.090000,0.090098
480,9,train,102,0.060000,0.059895
480,9,train,103,0.330000,0.330103
480,9,train,104,0.220000,0.220084
480,9,train,105,0.210000,0.209693
480,9,train,106,0.160000,0.159868
480,9,train,107,0.020000,0.020014
480,9,train,108,-0.350000,-0.349927
480,9,train,109,0.144500,0.144577
480,9,train,110,0.240000,0.240257
480,9,train,111,0.240000,0.240227
480,9,train,112,0.000000,0.000189
480,9,train,113,0.090000,0.089795
480,9,train,114,0.200000,0.199775
480,9,train,115,0.250000,0.249686
480,9,train,116,0.160000,0.160073
480,9,train,117,0.160000,0.159937
480,9,train,118,0.035100,0.035326
480,9,train,119,-0.390000,-0.387022
480,9,train,120,0.063300,0.063354
480,9,train,121,0.020000,0.019781
480,9,train,122,0.137000,0.137017
480,9,train,123,-0.080000,-0.080215
480,9,train,124,0.270000,0.270101
480,9,train,125,0.150000,0.150131
480,9,train,126,0.010000,0.010083
480,9,train,127,0.020000,0.020057
480,9,train,128,0.185100,0.185261
480,9,train,129,0.260000,0.259664
480,10,test,0,0.111520,0.169706
480,10,test,1,0.020000,0.104012
480,10,test,2,0.044200,0.107224
480,10,test,3,0.073410,0.093495
480,10,test,4,0.035100,0.099943
480,10,test,5,0.110000,0.088855
480,10,test,6,0.790000,0.201932
480,10,test,7,0.020000,0.112581
480,10,test,8,0.330000,0.108565
480,10,test,9,0.090000,0.124213
480,10,test,10,0.070000,0.107273
480,10,test,11,0.060000,0.082415
480,10,test,12,0.163300,0.153295
480,10,test,13,0.065340,0.176749
480,10,test,14,0.045300,0.133848
480,10,test,15,0.032000,0.155438
480,10,test,16,0.200000,0.130664
480,10,test,17,0.240000,0.206028
480,10,test,18,0.030000,0.100495
480,10,test,19,0.130000,0.135034
480,10,test,20,0.144500,0.064266
480,10,test,21,0.018000,0.093656
480,10,test,22,0.160000,0.160589
480,10,test,23,0.220000,0.110596
480,10,test,24,0.094600,0.097241
480,10,test,25,0.193500,0.183603
480,10,test,26,0.035400,0.068322
480,10,test,27,0.010000,0.137878
480,10,test,28,0.020000,0.106553
480,10,test,29,-0.390000,0.122431
480,10,test,30,0.820000,0.205100
480,10,test,31,-0.030000,0.114941
480,10,test,32,0.210000,0.098206
480,10,train,0,0.210000,0.200377
480,10,train,1,0.540000,0.338539
480,10,train,2,0.280000,0.249345
480,10,train,3,0.020000,0.062921
480,10,train,4,0.230000,0.192928
480,10,train,5,0.020000,0.034090
480,10,train,6,0.150000,0.158714
480,10,train,7,0.370000,0.332741
480,10,train,8,0.790000,0.382015
480,10,train,9,0.260000,0.242327
480,10,train,10,0.190000,0.175550
480,10,train,11,0.050000,0.049500
480,10,train,12,0.160000,0.152558
480,10,train,13,0.030000,0.048651
480,10,train,14,0.075400,0.071301
480,10,train,15,0.054300,0.086950
480,10,train,16,0.151000,0.138781
480,10,train,17,-0.110000,-0.002809
480,10,train,18,0.273300,0.253710
480,10,train,19,0.010000,0.040955
480,10,train,20,0.135000,0.139944
480,10,train,21,0.270000,0.252472
480,10,train,22,0.115100,0.123684
480,10,train,23,0.024200,0.061152
480,10,train,24,0.011000,0.044742
480,10,train,25,0.052410,0.060636
480,10,train,26,0.190000,0.180239
480,10,train,27,0.094900,0.103245
480,10,train,28,0.040000,0.091785
480,10,train,29,0.160000,0.148644
480,10,train,30,0.174900,0.159189
480,10,train,31,0.190000,0.178519
480,10,train,32,0.080000,0.078361
480,10,train,33,0.380000,0.317354
480,10,train,34,0.224400,0.173995
480,10,train,35,0.180000,0.170124
480,10,train,36,0.062000,0.097376
480,10,train,37,0.090000,0.116964
480,10,train,38,0.190000,0.187758
480,10,train,39,0.095300,0.096166
480,10,train,40,0.180000,0.174014
480,10,train,41,0.360000,0.290153
480,10,train,42,0.084600,0.077704
480,10,train,43,0.050000,0.066338
480,10,train,44,0.050000,0.049730
480,10,train,45,0.023500,0.072320
480,10,train,46,0.035100,0.066609
480,10,train,47,0.240000,0.211985
480,10,train,48,0.133000,0.141764
480,10,train,49,0.090000,0.103706
480,10,train,50,0.030000,0.110544
480,10,train,51,0.439000,0.336178
480,10,train,52,0.110000,0.108660
480,10,train,53,0.310000,0.289859
480,10,train,54,0.115100,0.123684
480,10,train,55,0.290000,0.259624
480,10,train,56,0.250000,0.231686
480,10,train,57,0.260000,0.255135
480,10,train,58,0.284200,0.268283
480,10,train,59,0.018000,0.028877
480,10,train,60,0.160000,0.152725
480,10,train,61,0.035400,0.068322
480,10,train,62,0.020000,0.066381
480,10,train,63,0.030000,0.078909
480,10,train,64,0.220000,0.218703
480,10,train,65,0.200000,0.197853
480,10,train,66,0.043800,0.058073
480,10,train,67,0.010000,0.068522
480,10,train,68,0.100000,0.100159
480,10,train,69,0.100000,0.104537
480,10,train,70,0.072000,0.083433
480,10,train,71,0.290000,0.281232
480,10,train,72,0.174900,0.164156
480,10,train,73,0.380000,0.288813
480,10,train,74,0.094700,0.096711
480,10,train,75,0.100000,0.102719
480,10,train,76,-0.350000,-0.013207
480,10,train,77,0.280000,0.277066
480,10,train,78,0.260000,0.243266
480,10,train,79,0.185100,0.166926
480,10,train,80,0.010000,0.036300
480,10,train,81,0.020000,0.067201
480,10,train,82,0.020000,0.027654
480,10,train,83,0.022000,0.023603
480,10,train,84,0.040000,0.069046
480,10,train,85,0.244400,0.195148
480,10,train,86,0.090000,0.091116
480,10,train,87,0.200000,0.189537
480,10,train,88,0.075400,0.071301
480,10,train,89,0.093900,0.092310
480,10,train,90,0.137000,0.140493
480,10,train,91,0.010000,0.056538
480,10,train,92,0.151000,0.138220
480,10,train,93,0.000000,0.054902
480,10,train,94,0.264400,0.259609
480,10,train,95,0.048480,0.063177
480,10,train,96,0.232000,0.221394
480,10,train,97,0.058480,0.083442
480,10,train,98,-0.080000,0.025354
480,10,train,99,0.144700,0.137150
480,10,train,100,0.114400,0.130348
480,10,train,101,0.130000,0.127700
480,10,train,102,0.185100,0.166926
480,10,train,103,0.260000,0.247846
480,10,train,104,0.080000,0.086131
480,10,train,105,0.144700,0.137150
480,10,train,106,0.025000,0.032688
480,10,train,107,0.150000,0.161777
480,10,train,108,0.242000,0.216621
480,10,train,109,0.160000,0.161194
480,10,train,110,0.120000,0.136221
480,10,train,111,0.080000,0.082446
480,10,train,112,0.094900,0.100134
480,10,train,113,0.190000,0.188261
480,10,train,114,0.240000,0.224454
480,10,train,115,0.320000,0.280868
480,10,train,116,0.190000,0.198428
480,10,train,117,0.150000,0.170397
480,10,train,118,0.063300,0.081880
480,10,train,119,0.020000,0.077526
480,10,train,120,0.020000,0.047067
480,10,train,121,0.350000,0.299526
480,10,train,122,0.403000,0.337515
480,10,train,123,0.040000,0.069414
480,10,train,124,0.240000,0.222718
480,10,train,125,0.030000,0.042099
480,10,train,126,0.170000,0.151553
480,10,train,127,0.090000,0.096334
480,10,train,128,0.270000,0.245934
480,10,train,129,0.280000,0.243853
