max_features,random_state,dataset,index,experimental,predicted
20,1,test,0,0.043800,0.098323
20,1,test,1,0.044200,0.094516
20,1,test,2,0.075400,0.069301
20,1,test,3,0.115100,0.154325
20,1,test,4,0.020000,0.134813
20,1,test,5,0.090000,0.062566
20,1,test,6,-0.390000,0.179612
20,1,test,7,0.111520,0.199497
20,1,test,8,0.110000,0.108254
20,1,test,9,0.080000,0.078809
20,1,test,10,0.439000,0.210773
20,1,test,11,0.320000,0.233294
20,1,test,12,0.185100,0.155477
20,1,test,13,0.144500,0.099618
20,1,test,14,0.150000,0.213727
20,1,test,15,0.174900,0.128263
20,1,test,16,0.040000,0.084093
20,1,test,17,0.030000,0.043443
20,1,test,18,0.062000,0.127953
20,1,test,19,0.010000,0.038340
20,1,test,20,0.200000,0.208885
20,1,test,21,0.224400,0.224480
20,1,test,22,0.163300,0.116306
20,1,test,23,0.250000,0.224673
20,1,test,24,0.040000,0.113015
20,1,test,25,0.190000,0.113010
20,1,test,26,0.200000,0.175433
20,1,test,27,0.050000,0.105865
20,1,test,28,0.151000,0.116017
20,1,test,29,0.190000,0.078928
20,1,test,30,0.058480,0.113781
20,1,test,31,0.190000,0.185375
20,1,test,32,0.063300,0.116306
20,1,train,0,0.100000,0.105389
20,1,train,1,0.150000,0.202801
20,1,train,2,0.023500,0.051264
20,1,train,3,0.403000,0.289738
20,1,train,4,0.190000,0.184372
20,1,train,5,0.115100,0.144494
20,1,train,6,0.380000,0.336917
20,1,train,7,0.110000,0.106169
20,1,train,8,0.242000,0.212546
20,1,train,9,0.020000,0.066270
20,1,train,10,0.020000,0.057841
20,1,train,11,0.050000,0.073389
20,1,train,12,-0.110000,-0.041137
20,1,train,13,0.010000,0.024398
20,1,train,14,0.090000,0.090680
20,1,train,15,0.330000,0.267436
20,1,train,16,0.018000,0.080146
20,1,train,17,0.244400,0.240988
20,1,train,18,0.010000,0.052281
20,1,train,19,0.200000,0.187308
20,1,train,20,-0.350000,-0.151059
20,1,train,21,0.100000,0.103890
20,1,train,22,0.260000,0.221361
20,1,train,23,0.144700,0.113881
20,1,train,24,0.080000,0.065194
20,1,train,25,0.151000,0.121282
20,1,train,26,0.000000,0.044111
20,1,train,27,0.024200,0.063841
20,1,train,28,0.035400,0.049956
20,1,train,29,0.220000,0.191252
20,1,train,30,0.084600,0.098733
20,1,train,31,0.070000,0.061155
20,1,train,32,0.048480,0.061460
20,1,train,33,0.090000,0.110982
20,1,train,34,0.360000,0.328799
20,1,train,35,0.290000,0.222361
20,1,train,36,0.220000,0.208829
20,1,train,37,0.270000,0.266126
20,1,train,38,0.280000,0.280680
20,1,train,39,0.260000,0.248229
20,1,train,40,0.790000,0.739604
20,1,train,41,0.310000,0.301014
20,1,train,42,0.020000,0.067594
20,1,train,43,0.120000,0.173321
20,1,train,44,0.144700,0.113383
20,1,train,45,-0.080000,-0.007071
20,1,train,46,0.020000,0.046847
20,1,train,47,0.094900,0.104207
20,1,train,48,0.035100,0.052128
20,1,train,49,0.094700,0.113882
20,1,train,50,0.160000,0.125489
20,1,train,51,0.040000,0.055142
20,1,train,52,0.180000,0.158834
20,1,train,53,0.230000,0.222230
20,1,train,54,0.010000,0.043498
20,1,train,55,0.090000,0.088909
20,1,train,56,0.020000,0.068064
20,1,train,57,0.284200,0.236781
20,1,train,58,0.135000,0.176631
20,1,train,59,0.820000,0.749591
20,1,train,60,0.045300,0.050310
20,1,train,61,0.035400,0.051523
20,1,train,62,0.240000,0.220896
20,1,train,63,0.020000,0.047907
20,1,train,64,0.264400,0.247764
20,1,train,65,0.093900,0.087383
20,1,train,66,0.030000,0.077732
20,1,train,67,0.280000,0.197949
20,1,train,68,0.018000,0.031828
20,1,train,69,0.080000,0.104780
20,1,train,70,0.280000,0.263071
20,1,train,71,0.050000,0.059240
20,1,train,72,0.174900,0.138414
20,1,train,73,0.130000,0.130897
20,1,train,74,0.190000,0.167556
20,1,train,75,0.790000,0.753369
20,1,train,76,0.170000,0.104209
20,1,train,77,0.090000,0.100879
20,1,train,78,0.075400,0.075380
20,1,train,79,0.273300,0.240387
20,1,train,80,0.030000,0.084093
20,1,train,81,0.185100,0.162481
20,1,train,82,0.160000,0.153929
20,1,train,83,0.054300,0.081833
20,1,train,84,0.094900,0.099934
20,1,train,85,0.193500,0.195014
20,1,train,86,0.030000,0.060321
20,1,train,87,0.073410,0.081845
20,1,train,88,0.022000,0.036736
20,1,train,89,0.210000,0.170074
20,1,train,90,0.010000,0.058783
20,1,train,91,0.210000,0.206212
20,1,train,92,0.094600,0.114720
20,1,train,93,-0.030000,0.018438
20,1,train,94,0.180000,0.168011
20,1,train,95,0.032000,0.058902
20,1,train,96,0.114400,0.122590
20,1,train,97,0.290000,0.252627
20,1,train,98,0.150000,0.193014
20,1,train,99,0.350000,0.320324
20,1,train,100,0.190000,0.190217
20,1,train,101,0.160000,0.150360
20,1,train,102,0.240000,0.206121
20,1,train,103,0.232000,0.246401
20,1,train,104,0.137000,0.127385
20,1,train,105,0.270000,0.239151
20,1,train,106,0.060000,0.089984
20,1,train,107,0.380000,0.310065
20,1,train,108,0.160000,0.134813
20,1,train,109,0.072000,0.105664
20,1,train,110,0.130000,0.129597
20,1,train,111,0.100000,0.105864
20,1,train,112,0.540000,0.389840
20,1,train,113,0.160000,0.154096
20,1,train,114,0.133000,0.129465
20,1,train,115,0.240000,0.179637
20,1,train,116,0.025000,0.033859
20,1,train,117,0.260000,0.234639
20,1,train,118,0.065340,0.091382
20,1,train,119,0.052410,0.084058
20,1,train,120,0.020000,0.028935
20,1,train,121,0.260000,0.278140
20,1,train,122,0.240000,0.190112
20,1,train,123,0.011000,0.083682
20,1,train,124,0.035100,0.050871
20,1,train,125,0.030000,0.076981
20,1,train,126,0.020000,0.032895
20,1,train,127,0.370000,0.317434
20,1,train,128,0.020000,0.075134
20,1,train,129,0.095300,0.086207
20,2,test,0,0.310000,0.281303
20,2,test,1,0.260000,0.311016
20,2,test,2,0.072000,0.128106
20,2,test,3,0.270000,0.235063
20,2,test,4,0.180000,0.141752
20,2,test,5,0.210000,0.098785
20,2,test,6,0.052410,0.197180
20,2,test,7,0.080000,0.058040
20,2,test,8,0.032000,0.137658
20,2,test,9,0.280000,0.273775
20,2,test,10,0.093900,0.102986
20,2,test,11,0.240000,0.145356
20,2,test,12,0.100000,0.120123
20,2,test,13,0.150000,0.227371
20,2,test,14,0.090000,0.110081
20,2,test,15,0.273300,0.184947
20,2,test,16,0.110000,0.103560
20,2,test,17,0.011000,0.208426
20,2,test,18,0.200000,0.163978
20,2,test,19,0.111520,0.167696
20,2,test,20,-0.080000,0.112735
20,2,test,21,0.073410,0.136889
20,2,test,22,0.043800,0.086489
20,2,test,23,0.010000,0.067274
20,2,test,24,-0.350000,0.206687
20,2,test,25,0.260000,0.276931
20,2,test,26,0.084600,0.099446
20,2,test,27,0.224400,0.244894
20,2,test,28,0.010000,0.022247
20,2,test,29,0.035100,0.071709
20,2,test,30,0.174900,0.131384
20,2,test,31,0.018000,0.169579
20,2,test,32,0.020000,0.116923
20,2,train,0,0.115100,0.129457
20,2,train,1,0.320000,0.276931
20,2,train,2,0.023500,0.041117
20,2,train,3,0.790000,0.710472
20,2,train,4,-0.110000,-0.010007
20,2,train,5,0.080000,0.080493
20,2,train,6,0.024200,0.043210
20,2,train,7,0.190000,0.151262
20,2,train,8,0.170000,0.096265
20,2,train,9,0.133000,0.108844
20,2,train,10,0.040000,0.066907
20,2,train,11,0.020000,0.022247
20,2,train,12,0.010000,0.018571
20,2,train,13,0.144700,0.116588
20,2,train,14,0.040000,0.069938
20,2,train,15,0.030000,0.071911
20,2,train,16,0.820000,0.725385
20,2,train,17,0.090000,0.084142
20,2,train,18,0.010000,0.033269
20,2,train,19,0.244400,0.244018
20,2,train,20,0.190000,0.183120
20,2,train,21,0.144700,0.116168
20,2,train,22,0.020000,0.092849
20,2,train,23,0.264400,0.231497
20,2,train,24,0.048480,0.063873
20,2,train,25,0.240000,0.215389
20,2,train,26,0.110000,0.106693
20,2,train,27,0.062000,0.076007
20,2,train,28,0.065340,0.098616
20,2,train,29,0.180000,0.167969
20,2,train,30,0.030000,0.042392
20,2,train,31,0.120000,0.168451
20,2,train,32,0.025000,0.031071
20,2,train,33,0.114400,0.108463
20,2,train,34,-0.390000,-0.146353
20,2,train,35,0.030000,0.055824
20,2,train,36,0.020000,0.053589
20,2,train,37,0.018000,0.029224
20,2,train,38,0.090000,0.079865
20,2,train,39,0.151000,0.137634
20,2,train,40,0.790000,0.748000
20,2,train,41,0.094600,0.096807
20,2,train,42,0.020000,0.040600
20,2,train,43,0.190000,0.139605
20,2,train,44,0.050000,0.050476
20,2,train,45,0.040000,0.084881
20,2,train,46,0.240000,0.186181
20,2,train,47,0.439000,0.333916
20,2,train,48,0.050000,0.071925
20,2,train,49,0.000000,0.052687
20,2,train,50,0.185100,0.183449
20,2,train,51,0.270000,0.217631
20,2,train,52,0.151000,0.131025
20,2,train,53,0.130000,0.127666
20,2,train,54,0.540000,0.367214
20,2,train,55,0.240000,0.211581
20,2,train,56,0.075400,0.069324
20,2,train,57,0.010000,0.053277
20,2,train,58,0.144500,0.139919
20,2,train,59,0.075400,0.068126
20,2,train,60,0.130000,0.128565
20,2,train,61,-0.030000,0.019704
20,2,train,62,0.280000,0.214356
20,2,train,63,0.190000,0.172713
20,2,train,64,0.284200,0.241664
20,2,train,65,0.063300,0.106323
20,2,train,66,0.020000,0.070398
20,2,train,67,0.094900,0.104437
20,2,train,68,0.260000,0.245758
20,2,train,69,0.054300,0.136889
20,2,train,70,0.135000,0.171595
20,2,train,71,0.160000,0.118141
20,2,train,72,0.100000,0.116473
20,2,train,73,0.035400,0.046728
20,2,train,74,0.160000,0.122663
20,2,train,75,0.260000,0.248526
20,2,train,76,0.150000,0.180497
20,2,train,77,0.232000,0.277899
20,2,train,78,0.020000,0.066404
20,2,train,79,0.020000,0.067195
20,2,train,80,0.100000,0.120100
20,2,train,81,0.200000,0.226657
20,2,train,82,0.290000,0.252837
20,2,train,83,0.050000,0.070567
20,2,train,84,0.020000,0.042723
20,2,train,85,0.030000,0.063199
20,2,train,86,0.160000,0.145618
20,2,train,87,0.350000,0.290105
20,2,train,88,0.020000,0.023403
20,2,train,89,0.163300,0.137802
20,2,train,90,0.210000,0.218421
20,2,train,91,0.035100,0.064363
20,2,train,92,0.190000,0.171564
20,2,train,93,0.115100,0.127735
20,2,train,94,0.022000,0.027705
20,2,train,95,0.160000,0.157869
20,2,train,96,0.160000,0.156520
20,2,train,97,0.185100,0.182663
20,2,train,98,0.360000,0.314772
20,2,train,99,0.290000,0.243676
20,2,train,100,0.090000,0.109483
20,2,train,101,0.094700,0.122007
20,2,train,102,0.094900,0.100898
20,2,train,103,0.070000,0.058863
20,2,train,104,0.030000,0.057693
20,2,train,105,0.380000,0.317544
20,2,train,106,0.330000,0.253296
20,2,train,107,0.242000,0.228461
20,2,train,108,0.045300,0.057312
20,2,train,109,0.200000,0.209132
20,2,train,110,0.190000,0.189773
20,2,train,111,0.080000,0.090944
20,2,train,112,0.220000,0.195697
20,2,train,113,0.230000,0.235753
20,2,train,114,0.095300,0.090747
20,2,train,115,0.280000,0.256496
20,2,train,116,0.250000,0.236279
20,2,train,117,0.150000,0.168236
20,2,train,118,0.058480,0.083596
20,2,train,119,0.060000,0.080931
20,2,train,120,0.044200,0.061355
20,2,train,121,0.403000,0.316695
20,2,train,122,0.035400,0.044362
20,2,train,123,0.380000,0.305443
20,2,train,124,0.220000,0.212750
20,2,train,125,0.174900,0.141776
20,2,train,126,0.193500,0.182361
20,2,train,127,0.137000,0.134266
20,2,train,128,0.370000,0.311016
20,2,train,129,0.090000,0.103041
20,3,test,0,-0.030000,0.097409
20,3,test,1,0.150000,0.213613
20,3,test,2,0.310000,0.280721
20,3,test,3,0.180000,0.144676
20,3,test,4,0.044200,0.085823
20,3,test,5,0.062000,0.099281
20,3,test,6,0.094900,0.119742
20,3,test,7,0.030000,0.127296
20,3,test,8,0.230000,0.239040
20,3,test,9,0.063300,0.140802
20,3,test,10,0.090000,0.119620
20,3,test,11,0.020000,0.020232
20,3,test,12,0.273300,0.183553
20,3,test,13,0.040000,0.081017
20,3,test,14,0.052410,0.183610
20,3,test,15,0.023500,0.073665
20,3,test,16,0.058480,0.108969
20,3,test,17,0.439000,0.183797
20,3,test,18,0.232000,0.261471
20,3,test,19,0.790000,0.684520
20,3,test,20,0.120000,0.252596
20,3,test,21,-0.390000,0.195441
20,3,test,22,0.050000,0.050012
20,3,test,23,0.540000,0.082161
20,3,test,24,0.185100,0.158052
20,3,test,25,0.190000,0.156458
20,3,test,26,0.360000,0.294798
20,3,test,27,0.200000,0.177542
20,3,test,28,0.190000,0.163010
20,3,test,29,0.032000,0.136728
20,3,test,30,0.020000,0.139018
20,3,test,31,0.220000,0.177100
20,3,test,32,-0.080000,0.103341
20,3,train,0,0.090000,0.095575
20,3,train,1,0.080000,0.082414
20,3,train,2,0.073410,0.091600
20,3,train,3,0.045300,0.061106
20,3,train,4,0.011000,0.080031
20,3,train,5,0.350000,0.307009
20,3,train,6,0.264400,0.236784
20,3,train,7,0.290000,0.265991
20,3,train,8,0.030000,0.035267
20,3,train,9,0.130000,0.123669
20,3,train,10,0.370000,0.312330
20,3,train,11,0.010000,0.102887
20,3,train,12,0.193500,0.194359
20,3,train,13,0.130000,0.122475
20,3,train,14,0.137000,0.125086
20,3,train,15,0.100000,0.108783
20,3,train,16,0.020000,0.067680
20,3,train,17,0.330000,0.268610
20,3,train,18,0.093900,0.093254
20,3,train,19,0.174900,0.151887
20,3,train,20,0.200000,0.192130
20,3,train,21,0.075400,0.070006
20,3,train,22,0.094900,0.110180
20,3,train,23,0.030000,0.065484
20,3,train,24,0.084600,0.100944
20,3,train,25,0.111520,0.147722
20,3,train,26,0.030000,0.080906
20,3,train,27,0.160000,0.146639
20,3,train,28,0.144700,0.115605
20,3,train,29,0.284200,0.233867
20,3,train,30,0.160000,0.159907
20,3,train,31,0.090000,0.116022
20,3,train,32,0.144500,0.130084
20,3,train,33,0.030000,0.073078
20,3,train,34,0.100000,0.104328
20,3,train,35,0.020000,0.076349
20,3,train,36,0.090000,0.080221
20,3,train,37,0.240000,0.179305
20,3,train,38,0.022000,0.037450
20,3,train,39,0.144700,0.113244
20,3,train,40,0.280000,0.204759
20,3,train,41,0.035400,0.047310
20,3,train,42,0.260000,0.256056
20,3,train,43,0.224400,0.227020
20,3,train,44,0.163300,0.140950
20,3,train,45,0.260000,0.238086
20,3,train,46,0.403000,0.283056
20,3,train,47,0.020000,0.026597
20,3,train,48,0.040000,0.077830
20,3,train,49,0.020000,0.066683
20,3,train,50,0.072000,0.077902
20,3,train,51,0.043800,0.065718
20,3,train,52,0.048480,0.070071
20,3,train,53,0.270000,0.262355
20,3,train,54,0.025000,0.038420
20,3,train,55,0.160000,0.146639
20,3,train,56,0.020000,0.072998
20,3,train,57,0.270000,0.202499
20,3,train,58,0.024200,0.061434
20,3,train,59,0.114400,0.120873
20,3,train,60,0.050000,0.088513
20,3,train,61,0.080000,0.071325
20,3,train,62,0.035400,0.045636
20,3,train,63,0.100000,0.104038
20,3,train,64,0.020000,0.047965
20,3,train,65,0.174900,0.155100
20,3,train,66,0.250000,0.248738
20,3,train,67,0.200000,0.209282
20,3,train,68,0.135000,0.171670
20,3,train,69,0.185100,0.161808
20,3,train,70,0.190000,0.123256
20,3,train,71,0.035100,0.053654
20,3,train,72,0.018000,0.061210
20,3,train,73,0.320000,0.279099
20,3,train,74,0.040000,0.109470
20,3,train,75,0.110000,0.106150
20,3,train,76,0.240000,0.202976
20,3,train,77,0.010000,0.021613
20,3,train,78,0.094700,0.108819
20,3,train,79,0.290000,0.234882
20,3,train,80,0.260000,0.276293
20,3,train,81,0.150000,0.192886
20,3,train,82,0.010000,0.055713
20,3,train,83,0.820000,0.692589
20,3,train,84,0.060000,0.095997
20,3,train,85,0.260000,0.255261
20,3,train,86,0.000000,0.051484
20,3,train,87,0.050000,0.073201
20,3,train,88,0.170000,0.104838
20,3,train,89,0.160000,0.115959
20,3,train,90,0.190000,0.155589
20,3,train,91,0.180000,0.168021
20,3,train,92,0.244400,0.234321
20,3,train,93,0.280000,0.262426
20,3,train,94,0.115100,0.132527
20,3,train,95,0.210000,0.159117
20,3,train,96,0.210000,0.213315
20,3,train,97,0.075400,0.069294
20,3,train,98,0.065340,0.095486
20,3,train,99,0.095300,0.092206
20,3,train,100,0.035100,0.057600
20,3,train,101,0.240000,0.246866
20,3,train,102,0.242000,0.227097
20,3,train,103,0.380000,0.319256
20,3,train,104,0.160000,0.130302
20,3,train,105,0.020000,0.050012
20,3,train,106,0.110000,0.106245
20,3,train,107,0.010000,0.030354
20,3,train,108,0.220000,0.214959
20,3,train,109,0.070000,0.090157
20,3,train,110,0.115100,0.129947
20,3,train,111,0.240000,0.197954
20,3,train,112,0.190000,0.182350
20,3,train,113,0.280000,0.265410
20,3,train,114,-0.110000,-0.014988
20,3,train,115,0.151000,0.130789
20,3,train,116,0.054300,0.090733
20,3,train,117,0.133000,0.106460
20,3,train,118,0.151000,0.131089
20,3,train,119,0.150000,0.175334
20,3,train,120,-0.350000,-0.147203
20,3,train,121,0.380000,0.294798
20,3,train,122,0.010000,0.023770
20,3,train,123,0.080000,0.104162
20,3,train,124,0.018000,0.036706
20,3,train,125,0.094600,0.107927
20,3,train,126,0.020000,0.068181
20,3,train,127,0.790000,0.683747
20,3,train,128,0.190000,0.169964
20,3,train,129,0.090000,0.080483
20,4,test,0,0.439000,0.197306
20,4,test,1,0.073410,0.196471
20,4,test,2,0.080000,0.099337
20,4,test,3,0.151000,0.110145
20,4,test,4,0.000000,0.106813
20,4,test,5,0.044200,0.082371
20,4,test,6,0.090000,0.121101
20,4,test,7,0.244400,0.232616
20,4,test,8,0.290000,0.159613
20,4,test,9,0.052410,0.216553
20,4,test,10,0.010000,0.041846
20,4,test,11,0.170000,0.061715
20,4,test,12,0.040000,0.118219
20,4,test,13,0.060000,0.135417
20,4,test,14,0.260000,0.269763
20,4,test,15,0.084600,0.094906
20,4,test,16,0.054300,0.196471
20,4,test,17,0.224400,0.227535
20,4,test,18,-0.080000,0.086433
20,4,test,19,0.062000,0.104399
20,4,test,20,0.284200,0.149293
20,4,test,21,0.200000,0.180030
20,4,test,22,0.160000,0.118466
20,4,test,23,0.144500,0.084761
20,4,test,24,0.090000,0.070572
20,4,test,25,0.010000,0.058730
20,4,test,26,0.185100,0.150146
20,4,test,27,0.790000,0.680083
20,4,test,28,0.310000,0.266559
20,4,test,29,0.010000,0.034850
20,4,test,30,0.280000,0.250623
20,4,test,31,0.380000,0.248819
20,4,test,32,0.273300,0.173444
20,4,train,0,0.025000,0.031211
20,4,train,1,0.050000,0.050494
20,4,train,2,0.050000,0.070198
20,4,train,3,0.185100,0.151265
20,4,train,4,0.190000,0.158996
20,4,train,5,0.065340,0.112711
20,4,train,6,0.040000,0.062548
20,4,train,7,0.144700,0.124374
20,4,train,8,0.130000,0.138936
20,4,train,9,0.240000,0.196259
20,4,train,10,0.250000,0.236645
20,4,train,11,0.111520,0.132663
20,4,train,12,0.100000,0.113612
20,4,train,13,0.023500,0.046866
20,4,train,14,0.094700,0.110743
20,4,train,15,0.242000,0.221145
20,4,train,16,0.030000,0.051304
20,4,train,17,0.200000,0.189355
20,4,train,18,0.360000,0.291614
20,4,train,19,0.270000,0.226149
20,4,train,20,0.150000,0.154418
20,4,train,21,0.380000,0.317604
20,4,train,22,0.270000,0.266324
20,4,train,23,0.040000,0.053380
20,4,train,24,0.080000,0.095849
20,4,train,25,0.020000,0.068947
20,4,train,26,0.011000,0.083155
20,4,train,27,0.080000,0.077141
20,4,train,28,0.090000,0.106521
20,4,train,29,0.070000,0.068882
20,4,train,30,0.193500,0.185829
20,4,train,31,0.190000,0.180717
20,4,train,32,0.264400,0.244927
20,4,train,33,0.150000,0.166031
20,4,train,34,0.280000,0.245292
20,4,train,35,0.018000,0.064716
20,4,train,36,0.022000,0.029247
20,4,train,37,0.035400,0.048470
20,4,train,38,0.032000,0.062426
20,4,train,39,0.240000,0.183509
20,4,train,40,0.163300,0.139505
20,4,train,41,0.094900,0.100162
20,4,train,42,0.030000,0.063277
20,4,train,43,0.110000,0.113859
20,4,train,44,0.030000,0.067213
20,4,train,45,0.540000,0.379809
20,4,train,46,0.230000,0.218170
20,4,train,47,0.280000,0.203780
20,4,train,48,0.115100,0.127101
20,4,train,49,0.210000,0.172175
20,4,train,50,0.063300,0.093698
20,4,train,51,0.058480,0.070394
20,4,train,52,0.320000,0.268396
20,4,train,53,0.020000,0.042040
20,4,train,54,0.115100,0.123412
20,4,train,55,0.220000,0.204025
20,4,train,56,0.020000,0.080990
20,4,train,57,0.190000,0.152726
20,4,train,58,0.100000,0.114417
20,4,train,59,0.370000,0.323554
20,4,train,60,0.095300,0.083942
20,4,train,61,0.350000,0.301118
20,4,train,62,0.190000,0.185368
20,4,train,63,0.020000,0.041397
20,4,train,64,0.035100,0.050917
20,4,train,65,0.048480,0.066922
20,4,train,66,0.035100,0.052163
20,4,train,67,0.072000,0.095218
20,4,train,68,0.110000,0.112343
20,4,train,69,0.190000,0.184303
20,4,train,70,0.190000,0.169213
20,4,train,71,0.075400,0.073707
20,4,train,72,0.240000,0.211871
20,4,train,73,0.260000,0.276006
20,4,train,74,0.090000,0.086584
20,4,train,75,0.090000,0.102735
20,4,train,76,-0.030000,0.028402
20,4,train,77,0.133000,0.118489
20,4,train,78,-0.350000,-0.146221
20,4,train,79,0.174900,0.160368
20,4,train,80,0.290000,0.223858
20,4,train,81,0.160000,0.135417
20,4,train,82,0.030000,0.084689
20,4,train,83,0.137000,0.135944
20,4,train,84,0.180000,0.161703
20,4,train,85,0.820000,0.652645
20,4,train,86,0.093900,0.104145
20,4,train,87,0.094900,0.104764
20,4,train,88,0.024200,0.055312
20,4,train,89,0.020000,0.056832
20,4,train,90,0.020000,0.091514
20,4,train,91,0.144700,0.127145
20,4,train,92,0.151000,0.114682
20,4,train,93,0.050000,0.068506
20,4,train,94,0.100000,0.107199
20,4,train,95,0.403000,0.307914
20,4,train,96,0.035400,0.047279
20,4,train,97,0.130000,0.140195
20,4,train,98,0.150000,0.152225
20,4,train,99,0.260000,0.222439
20,4,train,100,0.180000,0.169654
20,4,train,101,0.018000,0.028321
20,4,train,102,0.135000,0.148696
20,4,train,103,0.160000,0.120371
20,4,train,104,-0.110000,-0.036675
20,4,train,105,0.210000,0.212006
20,4,train,106,0.010000,0.050982
20,4,train,107,0.114400,0.117041
20,4,train,108,-0.390000,-0.206763
20,4,train,109,0.010000,0.054609
20,4,train,110,0.094600,0.089717
20,4,train,111,0.020000,0.072589
20,4,train,112,0.790000,0.691699
20,4,train,113,0.160000,0.157717
20,4,train,114,0.260000,0.253226
20,4,train,115,0.045300,0.054343
20,4,train,116,0.043800,0.057986
20,4,train,117,0.020000,0.055339
20,4,train,118,0.232000,0.233537
20,4,train,119,0.020000,0.036481
20,4,train,120,0.075400,0.072814
20,4,train,121,0.030000,0.049896
20,4,train,122,0.200000,0.206690
20,4,train,123,0.330000,0.261105
20,4,train,124,0.020000,0.033366
20,4,train,125,0.160000,0.158105
20,4,train,126,0.174900,0.155497
20,4,train,127,0.220000,0.216174
20,4,train,128,0.240000,0.165364
20,4,train,129,0.120000,0.162323
20,5,test,0,0.054300,0.191037
20,5,test,1,0.240000,0.191102
20,5,test,2,0.040000,0.172170
20,5,test,3,0.790000,0.534995
20,5,test,4,0.100000,0.111209
20,5,test,5,0.010000,0.133716
20,5,test,6,0.094600,0.118472
20,5,test,7,-0.350000,0.137011
20,5,test,8,0.240000,0.145493
20,5,test,9,0.093900,0.113128
20,5,test,10,0.185100,0.163479
20,5,test,11,0.190000,0.161638
20,5,test,12,0.024200,0.111040
20,5,test,13,0.032000,0.135074
20,5,test,14,0.280000,0.182045
20,5,test,15,-0.030000,0.110255
20,5,test,16,0.030000,0.084698
20,5,test,17,0.160000,0.104022
20,5,test,18,0.260000,0.140731
20,5,test,19,0.063300,0.126889
20,5,test,20,0.190000,0.150085
20,5,test,21,0.160000,0.095881
20,5,test,22,0.163300,0.126889
20,5,test,23,0.023500,0.109429
20,5,test,24,0.094700,0.170425
20,5,test,25,0.174900,0.118004
20,5,test,26,0.090000,0.113128
20,5,test,27,0.035100,0.103841
20,5,test,28,0.052410,0.189568
20,5,test,29,0.200000,0.154362
20,5,test,30,0.010000,0.104359
20,5,test,31,0.220000,0.189586
20,5,test,32,0.190000,0.136790
20,5,train,0,0.160000,0.149635
20,5,train,1,0.790000,0.554342
20,5,train,2,0.075400,0.088520
20,5,train,3,0.050000,0.098646
20,5,train,4,0.110000,0.111626
20,5,train,5,0.310000,0.216799
20,5,train,6,0.040000,0.127087
20,5,train,7,0.090000,0.113475
20,5,train,8,0.174900,0.118004
20,5,train,9,0.020000,0.107816
20,5,train,10,0.144700,0.100860
20,5,train,11,-0.110000,0.068407
20,5,train,12,0.133000,0.109508
20,5,train,13,0.048480,0.104659
20,5,train,14,0.010000,0.100029
20,5,train,15,0.220000,0.162094
20,5,train,16,0.250000,0.191102
20,5,train,17,0.190000,0.132293
20,5,train,18,0.270000,0.145274
20,5,train,19,0.193500,0.179437
20,5,train,20,0.232000,0.239629
20,5,train,21,0.260000,0.191102
20,5,train,22,0.370000,0.204483
20,5,train,23,0.100000,0.128816
20,5,train,24,0.260000,0.203860
20,5,train,25,0.060000,0.125452
20,5,train,26,0.151000,0.113031
20,5,train,27,0.020000,0.098646
20,5,train,28,0.244400,0.205652
20,5,train,29,0.094900,0.114446
20,5,train,30,0.025000,0.107122
20,5,train,31,0.018000,0.107122
20,5,train,32,0.210000,0.194902
20,5,train,33,0.065340,0.134430
20,5,train,34,0.111520,0.177513
20,5,train,35,0.150000,0.172647
20,5,train,36,0.190000,0.177062
20,5,train,37,0.070000,0.111407
20,5,train,38,0.160000,0.149635
20,5,train,39,0.137000,0.131657
20,5,train,40,0.210000,0.130672
20,5,train,41,0.095300,0.090879
20,5,train,42,0.100000,0.110885
20,5,train,43,0.403000,0.237728
20,5,train,44,0.170000,0.089904
20,5,train,45,0.260000,0.204552
20,5,train,46,0.020000,0.127710
20,5,train,47,0.020000,0.104022
20,5,train,48,0.035400,0.090113
20,5,train,49,0.022000,0.102392
20,5,train,50,0.151000,0.110556
20,5,train,51,0.150000,0.184241
20,5,train,52,0.094900,0.114446
20,5,train,53,0.135000,0.180102
20,5,train,54,0.130000,0.119889
20,5,train,55,0.080000,0.097449
20,5,train,56,0.073410,0.191037
20,5,train,57,0.020000,0.106886
20,5,train,58,0.084600,0.113555
20,5,train,59,0.284200,0.187099
20,5,train,60,0.240000,0.133253
20,5,train,61,0.230000,0.196103
20,5,train,62,0.044200,0.106235
20,5,train,63,0.072000,0.106616
20,5,train,64,0.280000,0.147050
20,5,train,65,0.010000,0.117427
20,5,train,66,0.115100,0.160113
20,5,train,67,0.080000,0.102625
20,5,train,68,0.075400,0.088789
20,5,train,69,0.190000,0.121383
20,5,train,70,0.120000,0.191102
20,5,train,71,0.110000,0.112954
20,5,train,72,0.144700,0.098391
20,5,train,73,0.242000,0.192618
20,5,train,74,0.224400,0.203329
20,5,train,75,0.030000,0.121099
20,5,train,76,0.115100,0.168321
20,5,train,77,0.035100,0.100520
20,5,train,78,0.180000,0.137111
20,5,train,79,0.020000,0.113150
20,5,train,80,0.380000,0.224586
20,5,train,81,0.030000,0.109878
20,5,train,82,0.080000,0.119829
20,5,train,83,0.090000,0.103833
20,5,train,84,0.160000,0.125452
20,5,train,85,0.150000,0.166812
20,5,train,86,0.030000,0.104081
20,5,train,87,0.040000,0.104081
20,5,train,88,0.320000,0.204552
20,5,train,89,0.439000,0.236799
20,5,train,90,-0.390000,-0.002189
20,5,train,91,0.180000,0.137733
20,5,train,92,0.000000,0.100510
20,5,train,93,0.144500,0.134056
20,5,train,94,0.035400,0.090632
20,5,train,95,0.020000,0.104359
20,5,train,96,0.045300,0.083727
20,5,train,97,0.540000,0.168794
20,5,train,98,0.280000,0.216058
20,5,train,99,0.058480,0.118472
20,5,train,100,0.360000,0.233408
20,5,train,101,0.050000,0.093652
20,5,train,102,0.010000,0.084067
20,5,train,103,0.820000,0.533917
20,5,train,104,0.020000,0.135691
20,5,train,105,0.330000,0.176154
20,5,train,106,0.200000,0.163037
20,5,train,107,0.200000,0.189586
20,5,train,108,0.240000,0.130902
20,5,train,109,0.273300,0.145985
20,5,train,110,0.090000,0.091468
20,5,train,111,0.020000,0.100029
20,5,train,112,0.290000,0.191102
20,5,train,113,0.270000,0.188558
20,5,train,114,0.130000,0.119889
20,5,train,115,0.114400,0.131506
20,5,train,116,-0.080000,0.082927
20,5,train,117,0.043800,0.098549
20,5,train,118,0.264400,0.211527
20,5,train,119,0.185100,0.167631
20,5,train,120,0.030000,0.118534
20,5,train,121,0.062000,0.097595
20,5,train,122,0.380000,0.225059
20,5,train,123,0.050000,0.125563
20,5,train,124,0.090000,0.137733
20,5,train,125,0.350000,0.217785
20,5,train,126,0.020000,0.150041
20,5,train,127,0.011000,0.169378
20,5,train,128,0.290000,0.153222
20,5,train,129,0.018000,0.111135
20,6,test,0,0.190000,0.116454
20,6,test,1,0.310000,0.177355
20,6,test,2,0.220000,0.094538
20,6,test,3,0.095300,0.105973
20,6,test,4,0.280000,0.177355
20,6,test,5,0.100000,0.106670
20,6,test,6,0.020000,0.094379
20,6,test,7,0.190000,0.117460
20,6,test,8,0.290000,0.180759
20,6,test,9,0.144700,0.093345
20,6,test,10,0.790000,0.195074
20,6,test,11,0.020000,0.179684
20,6,test,12,0.020000,0.173733
20,6,test,13,0.160000,0.171094
20,6,test,14,0.114400,0.115926
20,6,test,15,0.174900,0.125007
20,6,test,16,0.260000,0.181851
20,6,test,17,0.210000,0.191475
20,6,test,18,0.045300,0.104124
20,6,test,19,0.084600,0.126819
20,6,test,20,0.150000,0.196664
20,6,test,21,0.040000,0.190013
20,6,test,22,0.151000,0.099011
20,6,test,23,0.280000,0.177962
20,6,test,24,0.151000,0.099722
20,6,test,25,0.035400,0.093287
20,6,test,26,0.144500,0.180411
20,6,test,27,0.030000,0.126039
20,6,test,28,0.160000,0.125568
20,6,test,29,-0.390000,0.176447
20,6,test,30,0.035100,0.097793
20,6,test,31,0.200000,0.094538
20,6,test,32,0.035400,0.092177
20,6,train,0,0.133000,0.105164
20,6,train,1,0.190000,0.171978
20,6,train,2,0.200000,0.190907
20,6,train,3,0.093900,0.120130
20,6,train,4,0.030000,0.092480
20,6,train,5,0.135000,0.180510
20,6,train,6,0.000000,0.104218
20,6,train,7,0.110000,0.093875
20,6,train,8,0.100000,0.107707
20,6,train,9,0.190000,0.101804
20,6,train,10,0.163300,0.119107
20,6,train,11,0.080000,0.105742
20,6,train,12,0.094900,0.127692
20,6,train,13,0.025000,0.119372
20,6,train,14,0.260000,0.191731
20,6,train,15,0.370000,0.191731
20,6,train,16,0.018000,0.119372
20,6,train,17,0.150000,0.196664
20,6,train,18,0.264400,0.194322
20,6,train,19,0.100000,0.124063
20,6,train,20,0.240000,0.175586
20,6,train,21,0.185100,0.177638
20,6,train,22,0.230000,0.190157
20,6,train,23,0.043800,0.101958
20,6,train,24,0.020000,0.098815
20,6,train,25,0.160000,0.098589
20,6,train,26,0.170000,0.100707
20,6,train,27,0.270000,0.121922
20,6,train,28,0.094700,0.180862
20,6,train,29,0.020000,0.116614
20,6,train,30,0.090000,0.120130
20,6,train,31,0.120000,0.180759
20,6,train,32,0.284200,0.182859
20,6,train,33,0.240000,0.123131
20,6,train,34,0.020000,0.173612
20,6,train,35,0.065340,0.101630
20,6,train,36,0.330000,0.176210
20,6,train,37,0.190000,0.180717
20,6,train,38,0.020000,0.098589
20,6,train,39,0.220000,0.191051
20,6,train,40,0.130000,0.100997
20,6,train,41,0.180000,0.097127
20,6,train,42,0.050000,0.147824
20,6,train,43,0.080000,0.123132
20,6,train,44,0.224400,0.190537
20,6,train,45,0.018000,0.175456
20,6,train,46,0.320000,0.190068
20,6,train,47,0.075400,0.097563
20,6,train,48,0.090000,0.110047
20,6,train,49,0.010000,0.125568
20,6,train,50,0.072000,0.101855
20,6,train,51,0.200000,0.180747
20,6,train,52,-0.080000,0.092843
20,6,train,53,0.020000,0.191281
20,6,train,54,0.190000,0.110047
20,6,train,55,0.011000,0.192908
20,6,train,56,0.080000,0.117826
20,6,train,57,0.040000,0.173402
20,6,train,58,0.280000,0.104044
20,6,train,59,0.150000,0.179166
20,6,train,60,0.240000,0.181277
20,6,train,61,0.094600,0.120183
20,6,train,62,0.044200,0.095778
20,6,train,63,0.022000,0.120962
20,6,train,64,0.062000,0.109875
20,6,train,65,0.260000,0.190062
20,6,train,66,0.380000,0.196664
20,6,train,67,0.094900,0.127661
20,6,train,68,0.242000,0.178125
20,6,train,69,0.010000,0.118687
20,6,train,70,0.180000,0.110047
20,6,train,71,0.048480,0.117049
20,6,train,72,0.380000,0.191365
20,6,train,73,0.290000,0.179510
20,6,train,74,0.023500,0.094564
20,6,train,75,0.024200,0.096063
20,6,train,76,0.073410,0.192702
20,6,train,77,0.050000,0.115876
20,6,train,78,0.273300,0.122161
20,6,train,79,0.137000,0.114693
20,6,train,80,0.111520,0.180572
20,6,train,81,0.075400,0.098301
20,6,train,82,0.032000,0.110047
20,6,train,83,0.090000,0.106673
20,6,train,84,0.020000,0.173733
20,6,train,85,0.030000,0.102213
20,6,train,86,0.020000,0.105742
20,6,train,87,0.010000,0.173733
20,6,train,88,0.115100,0.179347
20,6,train,89,0.403000,0.124826
20,6,train,90,-0.030000,0.095726
20,6,train,91,0.070000,0.095894
20,6,train,92,0.063300,0.119107
20,6,train,93,-0.350000,0.177572
20,6,train,94,0.115100,0.180185
20,6,train,95,0.360000,0.196664
20,6,train,96,0.160000,0.171094
20,6,train,97,0.232000,0.189150
20,6,train,98,0.193500,0.180822
20,6,train,99,0.244400,0.193300
20,6,train,100,0.250000,0.181851
20,6,train,101,0.110000,0.095143
20,6,train,102,0.060000,0.118521
20,6,train,103,-0.110000,0.099260
20,6,train,104,0.210000,0.119644
20,6,train,105,0.439000,0.131848
20,6,train,106,0.040000,0.109875
20,6,train,107,0.820000,0.195250
20,6,train,108,0.260000,0.179445
20,6,train,109,0.130000,0.102291
20,6,train,110,0.090000,0.125782
20,6,train,111,0.270000,0.179939
20,6,train,112,0.030000,0.125568
20,6,train,113,0.058480,0.120183
20,6,train,114,0.790000,0.197005
20,6,train,115,0.350000,0.177355
20,6,train,116,0.540000,0.102508
20,6,train,117,0.010000,0.092480
20,6,train,118,0.054300,0.192702
20,6,train,119,0.144700,0.094418
20,6,train,120,0.174900,0.125077
20,6,train,121,0.240000,0.126817
20,6,train,122,0.052410,0.190629
20,6,train,123,0.160000,0.118868
20,6,train,124,0.185100,0.178614
20,6,train,125,0.050000,0.098815
20,6,train,126,0.035100,0.098316
20,6,train,127,0.030000,0.173402
20,6,train,128,0.090000,0.117707
20,6,train,129,0.010000,0.173733
20,7,test,0,0.144700,0.080013
20,7,test,1,0.130000,0.129600
20,7,test,2,0.095300,0.064359
20,7,test,3,0.030000,0.091362
20,7,test,4,0.290000,0.171456
20,7,test,5,0.075400,0.064424
20,7,test,6,0.150000,0.202920
20,7,test,7,0.020000,0.032482
20,7,test,8,0.094700,0.130640
20,7,test,9,0.280000,0.200321
20,7,test,10,0.073410,0.089942
20,7,test,11,0.200000,0.171701
20,7,test,12,0.380000,0.234241
20,7,test,13,0.190000,0.174726
20,7,test,14,0.020000,0.031726
20,7,test,15,0.072000,0.093868
20,7,test,16,0.080000,0.055998
20,7,test,17,0.018000,0.125154
20,7,test,18,0.220000,0.206376
20,7,test,19,0.240000,0.174956
20,7,test,20,0.020000,0.084758
20,7,test,21,0.084600,0.102137
20,7,test,22,0.160000,0.068943
20,7,test,23,0.790000,0.557155
20,7,test,24,0.060000,0.136265
20,7,test,25,0.090000,0.063584
20,7,test,26,0.135000,0.218307
20,7,test,27,0.210000,0.233199
20,7,test,28,0.230000,0.221310
20,7,test,29,0.115100,0.198312
20,7,test,30,0.115100,0.197902
20,7,test,31,0.790000,0.574010
20,7,test,32,0.110000,0.112550
20,7,train,0,0.244400,0.236427
20,7,train,1,0.260000,0.250618
20,7,train,2,0.035100,0.054528
20,7,train,3,0.160000,0.150300
20,7,train,4,0.022000,0.031248
20,7,train,5,0.160000,0.136265
20,7,train,6,0.100000,0.108594
20,7,train,7,0.032000,0.071170
20,7,train,8,0.063300,0.099732
20,7,train,9,0.190000,0.197726
20,7,train,10,-0.110000,-0.046529
20,7,train,11,0.010000,0.034623
20,7,train,12,0.137000,0.121885
20,7,train,13,0.018000,0.029559
20,7,train,14,0.054300,0.089991
20,7,train,15,-0.080000,-0.014940
20,7,train,16,-0.030000,0.017973
20,7,train,17,0.273300,0.231645
20,7,train,18,0.048480,0.059498
20,7,train,19,0.200000,0.198065
20,7,train,20,0.094900,0.103730
20,7,train,21,0.190000,0.175010
20,7,train,22,0.100000,0.111896
20,7,train,23,-0.350000,-0.124797
20,7,train,24,0.080000,0.095848
20,7,train,25,0.439000,0.354270
20,7,train,26,-0.390000,-0.159919
20,7,train,27,0.011000,0.070175
20,7,train,28,0.185100,0.173206
20,7,train,29,0.020000,0.062523
20,7,train,30,0.260000,0.213982
20,7,train,31,0.350000,0.325212
20,7,train,32,0.035400,0.047270
20,7,train,33,0.130000,0.138247
20,7,train,34,0.224400,0.235103
20,7,train,35,0.180000,0.187083
20,7,train,36,0.163300,0.137135
20,7,train,37,0.075400,0.067716
20,7,train,38,0.040000,0.071035
20,7,train,39,0.190000,0.152289
20,7,train,40,0.030000,0.069737
20,7,train,41,0.193500,0.198541
20,7,train,42,0.090000,0.080426
20,7,train,43,0.024200,0.035932
20,7,train,44,0.030000,0.060621
20,7,train,45,0.020000,0.042685
20,7,train,46,0.090000,0.103271
20,7,train,47,0.190000,0.190170
20,7,train,48,0.065340,0.095327
20,7,train,49,0.080000,0.081103
20,7,train,50,0.180000,0.160160
20,7,train,51,0.094900,0.105722
20,7,train,52,0.280000,0.207744
20,7,train,53,0.090000,0.098729
20,7,train,54,0.190000,0.142638
20,7,train,55,0.044200,0.050050
20,7,train,56,0.330000,0.273500
20,7,train,57,0.025000,0.032222
20,7,train,58,0.030000,0.033710
20,7,train,59,0.150000,0.162952
20,7,train,60,0.000000,0.037054
20,7,train,61,0.160000,0.150308
20,7,train,62,0.820000,0.579204
20,7,train,63,0.280000,0.279856
20,7,train,64,0.058480,0.077251
20,7,train,65,0.151000,0.131931
20,7,train,66,0.240000,0.179550
20,7,train,67,0.020000,0.074949
20,7,train,68,0.260000,0.254873
20,7,train,69,0.232000,0.256369
20,7,train,70,0.114400,0.113650
20,7,train,71,0.242000,0.239381
20,7,train,72,0.040000,0.091626
20,7,train,73,0.150000,0.155142
20,7,train,74,0.264400,0.235021
20,7,train,75,0.062000,0.076035
20,7,train,76,0.240000,0.171439
20,7,train,77,0.035100,0.056609
20,7,train,78,0.050000,0.084758
20,7,train,79,0.110000,0.107607
20,7,train,80,0.120000,0.172191
20,7,train,81,0.320000,0.278697
20,7,train,82,0.094600,0.095417
20,7,train,83,0.100000,0.106944
20,7,train,84,0.160000,0.141099
20,7,train,85,0.270000,0.254587
20,7,train,86,0.380000,0.330733
20,7,train,87,0.270000,0.236674
20,7,train,88,0.170000,0.099748
20,7,train,89,0.111520,0.161388
20,7,train,90,0.050000,0.074370
20,7,train,91,0.020000,0.078408
20,7,train,92,0.040000,0.084022
20,7,train,93,0.260000,0.273347
20,7,train,94,0.250000,0.232956
20,7,train,95,0.403000,0.359500
20,7,train,96,0.151000,0.133996
20,7,train,97,0.290000,0.212760
20,7,train,98,0.240000,0.215877
20,7,train,99,0.035400,0.046580
20,7,train,100,0.090000,0.104855
20,7,train,101,0.174900,0.157750
20,7,train,102,0.220000,0.210870
20,7,train,103,0.045300,0.043225
20,7,train,104,0.020000,0.071757
20,7,train,105,0.284200,0.249581
20,7,train,106,0.050000,0.075391
20,7,train,107,0.010000,0.056332
20,7,train,108,0.070000,0.062143
20,7,train,109,0.043800,0.062059
20,7,train,110,0.144500,0.125369
20,7,train,111,0.310000,0.303352
20,7,train,112,0.020000,0.036448
20,7,train,113,0.174900,0.159499
20,7,train,114,0.020000,0.079371
20,7,train,115,0.010000,0.029659
20,7,train,116,0.210000,0.161617
20,7,train,117,0.540000,0.369824
20,7,train,118,0.010000,0.062965
20,7,train,119,0.023500,0.035172
20,7,train,120,0.010000,0.026568
20,7,train,121,0.144700,0.104441
20,7,train,122,0.370000,0.317670
20,7,train,123,0.093900,0.095358
20,7,train,124,0.133000,0.105131
20,7,train,125,0.185100,0.173184
20,7,train,126,0.200000,0.209337
20,7,train,127,0.360000,0.278024
20,7,train,128,0.030000,0.056101
20,7,train,129,0.052410,0.104090
20,8,test,0,0.018000,0.109133
20,8,test,1,-0.030000,0.113395
20,8,test,2,0.439000,0.132157
20,8,test,3,0.264400,0.237551
20,8,test,4,0.100000,0.098888
20,8,test,5,0.114400,0.117168
20,8,test,6,0.100000,0.113604
20,8,test,7,0.160000,0.154552
20,8,test,8,0.160000,0.112313
20,8,test,9,0.043800,0.094593
20,8,test,10,0.200000,0.203543
20,8,test,11,0.240000,0.149117
20,8,test,12,0.220000,0.128999
20,8,test,13,0.054300,0.209019
20,8,test,14,0.180000,0.111224
20,8,test,15,0.075400,0.084267
20,8,test,16,0.380000,0.250319
20,8,test,17,0.052410,0.214744
20,8,test,18,0.070000,0.113716
20,8,test,19,0.144700,0.078901
20,8,test,20,0.030000,0.115591
20,8,test,21,0.093900,0.098242
20,8,test,22,0.020000,0.096690
20,8,test,23,0.290000,0.202604
20,8,test,24,0.210000,0.228130
20,8,test,25,0.160000,0.154552
20,8,test,26,-0.390000,0.171344
20,8,test,27,0.150000,0.251166
20,8,test,28,0.030000,0.105657
20,8,test,29,0.110000,0.102007
20,8,test,30,0.240000,0.205495
20,8,test,31,0.010000,0.136010
20,8,test,32,0.820000,0.209780
20,8,train,0,0.094900,0.119258
20,8,train,1,0.150000,0.250229
20,8,train,2,0.020000,0.162672
20,8,train,3,0.018000,0.157201
20,8,train,4,0.224400,0.230936
20,8,train,5,0.010000,0.111763
20,8,train,6,0.290000,0.175873
20,8,train,7,0.232000,0.170496
20,8,train,8,0.090000,0.104527
20,8,train,9,0.137000,0.111373
20,8,train,10,0.020000,0.137492
20,8,train,11,0.284200,0.187669
20,8,train,12,0.350000,0.201505
20,8,train,13,0.030000,0.078466
20,8,train,14,0.094900,0.118755
20,8,train,15,0.174900,0.121514
20,8,train,16,0.360000,0.250888
20,8,train,17,0.090000,0.112832
20,8,train,18,0.242000,0.194232
20,8,train,19,0.050000,0.142287
20,8,train,20,0.240000,0.143263
20,8,train,21,0.273300,0.133979
20,8,train,22,0.115100,0.174061
20,8,train,23,0.111520,0.189197
20,8,train,24,0.040000,0.179189
20,8,train,25,-0.080000,0.091312
20,8,train,26,0.193500,0.177479
20,8,train,27,0.320000,0.221953
20,8,train,28,0.403000,0.136041
20,8,train,29,0.063300,0.111709
20,8,train,30,0.330000,0.186094
20,8,train,31,0.090000,0.117316
20,8,train,32,0.210000,0.130275
20,8,train,33,0.020000,0.130046
20,8,train,34,0.133000,0.103356
20,8,train,35,0.185100,0.151478
20,8,train,36,0.280000,0.189953
20,8,train,37,0.090000,0.095223
20,8,train,38,0.032000,0.108427
20,8,train,39,0.022000,0.109794
20,8,train,40,0.200000,0.129337
20,8,train,41,0.190000,0.113167
20,8,train,42,0.260000,0.222127
20,8,train,43,0.073410,0.208923
20,8,train,44,0.200000,0.175738
20,8,train,45,0.035100,0.084636
20,8,train,46,0.020000,0.093832
20,8,train,47,0.115100,0.174043
20,8,train,48,0.190000,0.102011
20,8,train,49,0.174900,0.120171
20,8,train,50,0.040000,0.113007
20,8,train,51,0.010000,0.137270
20,8,train,52,0.144500,0.153399
20,8,train,53,0.023500,0.076916
20,8,train,54,0.790000,0.286272
20,8,train,55,0.010000,0.078207
20,8,train,56,0.020000,0.178745
20,8,train,57,0.135000,0.182664
20,8,train,58,0.310000,0.203938
20,8,train,59,0.094700,0.167703
20,8,train,60,0.163300,0.111796
20,8,train,61,0.120000,0.204449
20,8,train,62,0.190000,0.118138
20,8,train,63,0.250000,0.213284
20,8,train,64,0.075400,0.085159
20,8,train,65,0.020000,0.093362
20,8,train,66,0.095300,0.096366
20,8,train,67,0.540000,0.128108
20,8,train,68,0.790000,0.289702
20,8,train,69,0.180000,0.112988
20,8,train,70,0.144700,0.079566
20,8,train,71,0.048480,0.093534
20,8,train,72,0.260000,0.170366
20,8,train,73,0.160000,0.093362
20,8,train,74,0.045300,0.085861
20,8,train,75,0.280000,0.203938
20,8,train,76,-0.350000,0.136908
20,8,train,77,0.380000,0.252920
20,8,train,78,0.170000,0.103960
20,8,train,79,0.020000,0.104063
20,8,train,80,0.044200,0.077338
20,8,train,81,0.035400,0.085059
20,8,train,82,0.244400,0.236293
20,8,train,83,0.260000,0.220364
20,8,train,84,0.370000,0.225910
20,8,train,85,0.094600,0.117824
20,8,train,86,0.084600,0.113113
20,8,train,87,0.065340,0.111601
20,8,train,88,0.058480,0.117044
20,8,train,89,0.130000,0.117486
20,8,train,90,0.060000,0.112063
20,8,train,91,0.160000,0.133668
20,8,train,92,0.035100,0.084312
20,8,train,93,0.185100,0.151597
20,8,train,94,0.090000,0.113689
20,8,train,95,0.080000,0.115949
20,8,train,96,0.151000,0.088712
20,8,train,97,0.270000,0.203327
20,8,train,98,0.240000,0.132698
20,8,train,99,0.072000,0.101387
20,8,train,100,-0.110000,0.095375
20,8,train,101,0.050000,0.096690
20,8,train,102,0.011000,0.193998
20,8,train,103,0.260000,0.225910
20,8,train,104,0.190000,0.133601
20,8,train,105,0.190000,0.161226
20,8,train,106,0.280000,0.128754
20,8,train,107,0.025000,0.109133
20,8,train,108,0.230000,0.220186
20,8,train,109,0.080000,0.098796
20,8,train,110,0.000000,0.091848
20,8,train,111,0.020000,0.075112
20,8,train,112,0.130000,0.115348
20,8,train,113,0.151000,0.087719
20,8,train,114,0.062000,0.104000
20,8,train,115,0.270000,0.134646
20,8,train,116,0.020000,0.135928
20,8,train,117,0.080000,0.096663
20,8,train,118,0.040000,0.132734
20,8,train,119,0.150000,0.192376
20,8,train,120,0.190000,0.176641
20,8,train,121,0.110000,0.105053
20,8,train,122,0.030000,0.132734
20,8,train,123,0.024200,0.078970
20,8,train,124,0.220000,0.202938
20,8,train,125,0.035400,0.086998
20,8,train,126,0.010000,0.115530
20,8,train,127,0.030000,0.118063
20,8,train,128,0.050000,0.116924
20,8,train,129,0.100000,0.114950
20,9,test,0,0.163300,0.086064
20,9,test,1,0.190000,0.092327
20,9,test,2,0.032000,0.134427
20,9,test,3,0.072000,0.113507
20,9,test,4,0.025000,0.045770
20,9,test,5,0.080000,0.054242
20,9,test,6,0.240000,0.259739
20,9,test,7,0.080000,0.130996
20,9,test,8,0.095300,0.076554
20,9,test,9,0.190000,0.170593
20,9,test,10,0.120000,0.274930
20,9,test,11,0.043800,0.089281
20,9,test,12,0.010000,0.025920
20,9,test,13,0.174900,0.132851
20,9,test,14,0.094900,0.108264
20,9,test,15,0.100000,0.137046
20,9,test,16,0.100000,0.137043
20,9,test,17,0.151000,0.109832
20,9,test,18,0.020000,0.151255
20,9,test,19,0.264400,0.202573
20,9,test,20,0.244400,0.192619
20,9,test,21,0.020000,0.080322
20,9,test,22,0.190000,0.159972
20,9,test,23,0.180000,0.118263
20,9,test,24,0.090000,0.080278
20,9,test,25,0.280000,0.076652
20,9,test,26,0.193500,0.153870
20,9,test,27,0.054300,0.103018
20,9,test,28,0.190000,0.146552
20,9,test,29,0.058480,0.116080
20,9,test,30,0.144700,0.089731
20,9,test,31,0.050000,0.132832
20,9,test,32,0.280000,0.277346
20,9,train,0,0.052410,0.107209
20,9,train,1,0.094600,0.115081
20,9,train,2,0.035400,0.045604
20,9,train,3,0.190000,0.182309
20,9,train,4,0.010000,0.018128
20,9,train,5,0.790000,0.751367
20,9,train,6,0.350000,0.305378
20,9,train,7,0.540000,0.359941
20,9,train,8,0.065340,0.102008
20,9,train,9,0.070000,0.059358
20,9,train,10,0.010000,0.041729
20,9,train,11,-0.030000,0.023102
20,9,train,12,0.035400,0.045988
20,9,train,13,0.093900,0.092409
20,9,train,14,0.115100,0.124690
20,9,train,15,0.050000,0.049236
20,9,train,16,0.030000,0.052274
20,9,train,17,0.111520,0.131188
20,9,train,18,0.044200,0.054536
20,9,train,19,0.040000,0.077751
20,9,train,20,0.084600,0.095460
20,9,train,21,0.020000,0.075590
20,9,train,22,0.115100,0.124896
20,9,train,23,0.380000,0.304117
20,9,train,24,0.100000,0.117040
20,9,train,25,0.290000,0.236348
20,9,train,26,0.045300,0.048988
20,9,train,27,0.320000,0.285897
20,9,train,28,0.290000,0.272230
20,9,train,29,0.035100,0.049509
20,9,train,30,0.310000,0.284819
20,9,train,31,0.185100,0.175979
20,9,train,32,0.380000,0.323940
20,9,train,33,0.130000,0.131084
20,9,train,34,0.011000,0.087758
20,9,train,35,0.020000,0.043317
20,9,train,36,0.022000,0.046063
20,9,train,37,0.110000,0.109763
20,9,train,38,0.075400,0.071437
20,9,train,39,0.020000,0.075748
20,9,train,40,0.260000,0.261218
20,9,train,41,0.020000,0.030190
20,9,train,42,0.090000,0.075698
20,9,train,43,0.094900,0.107307
20,9,train,44,0.232000,0.245976
20,9,train,45,0.150000,0.172847
20,9,train,46,0.242000,0.218142
20,9,train,47,0.260000,0.235398
20,9,train,48,0.150000,0.182896
20,9,train,49,0.048480,0.061711
20,9,train,50,0.075400,0.072482
20,9,train,51,0.135000,0.160860
20,9,train,52,0.010000,0.027991
20,9,train,53,0.200000,0.205994
20,9,train,54,0.174900,0.141673
20,9,train,55,0.080000,0.081161
20,9,train,56,0.210000,0.172206
20,9,train,57,0.110000,0.109135
20,9,train,58,0.020000,0.056796
20,9,train,59,0.030000,0.060947
20,9,train,60,0.151000,0.114855
20,9,train,61,0.024200,0.042585
20,9,train,62,0.790000,0.737117
20,9,train,63,0.050000,0.079117
20,9,train,64,0.023500,0.041015
20,9,train,65,0.273300,0.233546
20,9,train,66,0.018000,0.046791
20,9,train,67,0.270000,0.235961
20,9,train,68,0.130000,0.129615
20,9,train,69,0.160000,0.150655
20,9,train,70,0.224400,0.224043
20,9,train,71,-0.110000,-0.039090
20,9,train,72,0.230000,0.235401
20,9,train,73,0.094700,0.107778
20,9,train,74,0.090000,0.098120
20,9,train,75,0.260000,0.274989
20,9,train,76,0.144700,0.102339
20,9,train,77,0.040000,0.051055
20,9,train,78,0.360000,0.324339
20,9,train,79,0.030000,0.047307
20,9,train,80,0.284200,0.229920
20,9,train,81,0.240000,0.199518
20,9,train,82,0.170000,0.107151
20,9,train,83,0.370000,0.318930
20,9,train,84,0.439000,0.343052
20,9,train,85,0.030000,0.060679
20,9,train,86,0.114400,0.121811
20,9,train,87,0.133000,0.104193
20,9,train,88,0.073410,0.103803
20,9,train,89,0.280000,0.260237
20,9,train,90,0.200000,0.187501
20,9,train,91,0.030000,0.035045
20,9,train,92,0.820000,0.735011
20,9,train,93,0.190000,0.137468
20,9,train,94,0.062000,0.074194
20,9,train,95,0.040000,0.107105
20,9,train,96,0.403000,0.346994
20,9,train,97,0.160000,0.150266
20,9,train,98,0.018000,0.062630
20,9,train,99,0.220000,0.195330
20,9,train,100,0.180000,0.159641
20,9,train,101,0.090000,0.121925
20,9,train,102,0.060000,0.086996
20,9,train,103,0.330000,0.257262
20,9,train,104,0.220000,0.213948
20,9,train,105,0.210000,0.207602
20,9,train,106,0.160000,0.113520
20,9,train,107,0.020000,0.021865
20,9,train,108,-0.350000,-0.152473
20,9,train,109,0.144500,0.111493
20,9,train,110,0.240000,0.181708
20,9,train,111,0.240000,0.188139
20,9,train,112,0.000000,0.035231
20,9,train,113,0.090000,0.092852
20,9,train,114,0.200000,0.203163
20,9,train,115,0.250000,0.255494
20,9,train,116,0.160000,0.131412
20,9,train,117,0.160000,0.148555
20,9,train,118,0.035100,0.047386
20,9,train,119,-0.390000,-0.200779
20,9,train,120,0.063300,0.086064
20,9,train,121,0.020000,0.054010
20,9,train,122,0.137000,0.123105
20,9,train,123,-0.080000,-0.001334
20,9,train,124,0.270000,0.263249
20,9,train,125,0.150000,0.179867
20,9,train,126,0.010000,0.065748
20,9,train,127,0.020000,0.036885
20,9,train,128,0.185100,0.175915
20,9,train,129,0.260000,0.259531
20,10,test,0,0.111520,0.189339
20,10,test,1,0.020000,0.032610
20,10,test,2,0.044200,0.084641
20,10,test,3,0.073410,0.107091
20,10,test,4,0.035100,0.077172
20,10,test,5,0.110000,0.105435
20,10,test,6,0.790000,0.529187
20,10,test,7,0.020000,0.136407
20,10,test,8,0.330000,0.160370
20,10,test,9,0.090000,0.059212
20,10,test,10,0.070000,0.130580
20,10,test,11,0.060000,0.140341
20,10,test,12,0.163300,0.103360
20,10,test,13,0.065340,0.184588
20,10,test,14,0.045300,0.065311
20,10,test,15,0.032000,0.136582
20,10,test,16,0.200000,0.201634
20,10,test,17,0.240000,0.132864
20,10,test,18,0.030000,0.146667
20,10,test,19,0.130000,0.130205
20,10,test,20,0.144500,0.087268
20,10,test,21,0.018000,0.146846
20,10,test,22,0.160000,0.118610
20,10,test,23,0.220000,0.199880
20,10,test,24,0.094600,0.100272
20,10,test,25,0.193500,0.168933
20,10,test,26,0.035400,0.073729
20,10,test,27,0.010000,0.131814
20,10,test,28,0.020000,0.029588
20,10,test,29,-0.390000,0.200198
20,10,test,30,0.820000,0.425701
20,10,test,31,-0.030000,0.131759
20,10,test,32,0.210000,0.101554
20,10,train,0,0.210000,0.202197
20,10,train,1,0.540000,0.366635
20,10,train,2,0.280000,0.277215
20,10,train,3,0.020000,0.069978
20,10,train,4,0.230000,0.230902
20,10,train,5,0.020000,0.064753
20,10,train,6,0.150000,0.191911
20,10,train,7,0.370000,0.294531
20,10,train,8,0.790000,0.550543
20,10,train,9,0.260000,0.256467
20,10,train,10,0.190000,0.164726
20,10,train,11,0.050000,0.060486
20,10,train,12,0.160000,0.155061
20,10,train,13,0.030000,0.048038
20,10,train,14,0.075400,0.073672
20,10,train,15,0.054300,0.107062
20,10,train,16,0.151000,0.130689
20,10,train,17,-0.110000,-0.021176
20,10,train,18,0.273300,0.218341
20,10,train,19,0.010000,0.031588
20,10,train,20,0.135000,0.174964
20,10,train,21,0.270000,0.223510
20,10,train,22,0.115100,0.130382
20,10,train,23,0.024200,0.062850
20,10,train,24,0.011000,0.070421
20,10,train,25,0.052410,0.115837
20,10,train,26,0.190000,0.181485
20,10,train,27,0.094900,0.109977
20,10,train,28,0.040000,0.059279
20,10,train,29,0.160000,0.115959
20,10,train,30,0.174900,0.141306
20,10,train,31,0.190000,0.180344
20,10,train,32,0.080000,0.085483
20,10,train,33,0.380000,0.312779
20,10,train,34,0.224400,0.216568
20,10,train,35,0.180000,0.152504
20,10,train,36,0.062000,0.081723
20,10,train,37,0.090000,0.125951
20,10,train,38,0.190000,0.164370
20,10,train,39,0.095300,0.085090
20,10,train,40,0.180000,0.161948
20,10,train,41,0.360000,0.317922
20,10,train,42,0.084600,0.103081
20,10,train,43,0.050000,0.048987
20,10,train,44,0.050000,0.079561
20,10,train,45,0.023500,0.056987
20,10,train,46,0.035100,0.069506
20,10,train,47,0.240000,0.180073
20,10,train,48,0.133000,0.117062
20,10,train,49,0.090000,0.096026
20,10,train,50,0.030000,0.055618
20,10,train,51,0.439000,0.341457
20,10,train,52,0.110000,0.107990
20,10,train,53,0.310000,0.293653
20,10,train,54,0.115100,0.131280
20,10,train,55,0.290000,0.235381
20,10,train,56,0.250000,0.237284
20,10,train,57,0.260000,0.232230
20,10,train,58,0.284200,0.234906
20,10,train,59,0.018000,0.046299
20,10,train,60,0.160000,0.155310
20,10,train,61,0.035400,0.063852
20,10,train,62,0.020000,0.078792
20,10,train,63,0.030000,0.039551
20,10,train,64,0.220000,0.202097
20,10,train,65,0.200000,0.201238
20,10,train,66,0.043800,0.066663
20,10,train,67,0.010000,0.035029
20,10,train,68,0.100000,0.108914
20,10,train,69,0.100000,0.109874
20,10,train,70,0.072000,0.096706
20,10,train,71,0.290000,0.231609
20,10,train,72,0.174900,0.141762
20,10,train,73,0.380000,0.302524
20,10,train,74,0.094700,0.120279
20,10,train,75,0.100000,0.119191
20,10,train,76,-0.350000,-0.128560
20,10,train,77,0.280000,0.258430
20,10,train,78,0.260000,0.265458
20,10,train,79,0.185100,0.175244
20,10,train,80,0.010000,0.039459
20,10,train,81,0.020000,0.065419
20,10,train,82,0.020000,0.038448
20,10,train,83,0.022000,0.043986
20,10,train,84,0.040000,0.078621
20,10,train,85,0.244400,0.231060
20,10,train,86,0.090000,0.095371
20,10,train,87,0.200000,0.198206
20,10,train,88,0.075400,0.071642
20,10,train,89,0.093900,0.096503
20,10,train,90,0.137000,0.130945
20,10,train,91,0.010000,0.031235
20,10,train,92,0.151000,0.132253
20,10,train,93,0.000000,0.073047
20,10,train,94,0.264400,0.232798
20,10,train,95,0.048480,0.062884
20,10,train,96,0.232000,0.220720
20,10,train,97,0.058480,0.093521
20,10,train,98,-0.080000,0.016515
20,10,train,99,0.144700,0.116054
20,10,train,100,0.114400,0.114677
20,10,train,101,0.130000,0.135692
20,10,train,102,0.185100,0.175633
20,10,train,103,0.260000,0.246989
20,10,train,104,0.080000,0.088158
20,10,train,105,0.144700,0.114447
20,10,train,106,0.025000,0.047497
20,10,train,107,0.150000,0.174599
20,10,train,108,0.242000,0.217225
20,10,train,109,0.160000,0.140736
20,10,train,110,0.120000,0.175936
20,10,train,111,0.080000,0.095396
20,10,train,112,0.094900,0.109893
20,10,train,113,0.190000,0.149566
20,10,train,114,0.240000,0.169356
20,10,train,115,0.320000,0.274931
20,10,train,116,0.190000,0.142683
20,10,train,117,0.150000,0.189555
20,10,train,118,0.063300,0.103360
20,10,train,119,0.020000,0.080590
20,10,train,120,0.020000,0.066224
20,10,train,121,0.350000,0.315317
20,10,train,122,0.403000,0.331795
20,10,train,123,0.040000,0.079810
20,10,train,124,0.240000,0.217433
20,10,train,125,0.030000,0.066135
20,10,train,126,0.170000,0.109097
20,10,train,127,0.090000,0.106812
20,10,train,128,0.270000,0.258987
20,10,train,129,0.280000,0.220258
25,1,test,0,0.043800,0.083935
25,1,test,1,0.044200,0.112261
25,1,test,2,0.075400,0.057538
25,1,test,3,0.115100,0.141119
25,1,test,4,0.020000,0.144847
25,1,test,5,0.090000,0.061340
25,1,test,6,-0.390000,0.228729
25,1,test,7,0.111520,0.159737
25,1,test,8,0.110000,0.115316
25,1,test,9,0.080000,0.087211
25,1,test,10,0.439000,0.215137
25,1,test,11,0.320000,0.214095
25,1,test,12,0.185100,0.167518
25,1,test,13,0.144500,0.084053
25,1,test,14,0.150000,0.208664
25,1,test,15,0.174900,0.126846
25,1,test,16,0.040000,0.070717
25,1,test,17,0.030000,0.088250
25,1,test,18,0.062000,0.134172
25,1,test,19,0.010000,0.032793
25,1,test,20,0.200000,0.202380
25,1,test,21,0.224400,0.183941
25,1,test,22,0.163300,0.169708
25,1,test,23,0.250000,0.224775
25,1,test,24,0.040000,0.158421
25,1,test,25,0.190000,0.101852
25,1,test,26,0.200000,0.181181
25,1,test,27,0.050000,0.114405
25,1,test,28,0.151000,0.132873
25,1,test,29,0.190000,0.037138
25,1,test,30,0.058480,0.119931
25,1,test,31,0.190000,0.142274
25,1,test,32,0.063300,0.171269
25,1,train,0,0.100000,0.108603
25,1,train,1,0.150000,0.196795
25,1,train,2,0.023500,0.046169
25,1,train,3,0.403000,0.283453
25,1,train,4,0.190000,0.174390
25,1,train,5,0.115100,0.142476
25,1,train,6,0.380000,0.345952
25,1,train,7,0.110000,0.114595
25,1,train,8,0.242000,0.206596
25,1,train,9,0.020000,0.061199
25,1,train,10,0.020000,0.046134
25,1,train,11,0.050000,0.079065
25,1,train,12,-0.110000,-0.055495
25,1,train,13,0.010000,0.029459
25,1,train,14,0.090000,0.092966
25,1,train,15,0.330000,0.267333
25,1,train,16,0.018000,0.078200
25,1,train,17,0.244400,0.241837
25,1,train,18,0.010000,0.055520
25,1,train,19,0.200000,0.192613
25,1,train,20,-0.350000,-0.172926
25,1,train,21,0.100000,0.116120
25,1,train,22,0.260000,0.242793
25,1,train,23,0.144700,0.122908
25,1,train,24,0.080000,0.073129
25,1,train,25,0.151000,0.133253
25,1,train,26,0.000000,0.032044
25,1,train,27,0.024200,0.076926
25,1,train,28,0.035400,0.040416
25,1,train,29,0.220000,0.203537
25,1,train,30,0.084600,0.101214
25,1,train,31,0.070000,0.073521
25,1,train,32,0.048480,0.067461
25,1,train,33,0.090000,0.108093
25,1,train,34,0.360000,0.331768
25,1,train,35,0.290000,0.254144
25,1,train,36,0.220000,0.202290
25,1,train,37,0.270000,0.269550
25,1,train,38,0.280000,0.274396
25,1,train,39,0.260000,0.250000
25,1,train,40,0.790000,0.767247
25,1,train,41,0.310000,0.297189
25,1,train,42,0.020000,0.061199
25,1,train,43,0.120000,0.171712
25,1,train,44,0.144700,0.123952
25,1,train,45,-0.080000,-0.008873
25,1,train,46,0.020000,0.041500
25,1,train,47,0.094900,0.106589
25,1,train,48,0.035100,0.048843
25,1,train,49,0.094700,0.104810
25,1,train,50,0.160000,0.150022
25,1,train,51,0.040000,0.058908
25,1,train,52,0.180000,0.170868
25,1,train,53,0.230000,0.209500
25,1,train,54,0.010000,0.061319
25,1,train,55,0.090000,0.088016
25,1,train,56,0.020000,0.065243
25,1,train,57,0.284200,0.236846
25,1,train,58,0.135000,0.163718
25,1,train,59,0.820000,0.756046
25,1,train,60,0.045300,0.064332
25,1,train,61,0.035400,0.043298
25,1,train,62,0.240000,0.220360
25,1,train,63,0.020000,0.048366
25,1,train,64,0.264400,0.247452
25,1,train,65,0.093900,0.091186
25,1,train,66,0.030000,0.063600
25,1,train,67,0.280000,0.219414
25,1,train,68,0.018000,0.039748
25,1,train,69,0.080000,0.106647
25,1,train,70,0.280000,0.267027
25,1,train,71,0.050000,0.058366
25,1,train,72,0.174900,0.140762
25,1,train,73,0.130000,0.124282
25,1,train,74,0.190000,0.160165
25,1,train,75,0.790000,0.773423
25,1,train,76,0.170000,0.096751
25,1,train,77,0.090000,0.104559
25,1,train,78,0.075400,0.064750
25,1,train,79,0.273300,0.256629
25,1,train,80,0.030000,0.070717
25,1,train,81,0.185100,0.168830
25,1,train,82,0.160000,0.147907
25,1,train,83,0.054300,0.084162
25,1,train,84,0.094900,0.102042
25,1,train,85,0.193500,0.189593
25,1,train,86,0.030000,0.059137
25,1,train,87,0.073410,0.081517
25,1,train,88,0.022000,0.040021
25,1,train,89,0.210000,0.168495
25,1,train,90,0.010000,0.040682
25,1,train,91,0.210000,0.208196
25,1,train,92,0.094600,0.101016
25,1,train,93,-0.030000,0.025190
25,1,train,94,0.180000,0.160685
25,1,train,95,0.032000,0.053059
25,1,train,96,0.114400,0.116576
25,1,train,97,0.290000,0.249279
25,1,train,98,0.150000,0.197377
25,1,train,99,0.350000,0.307172
25,1,train,100,0.190000,0.189537
25,1,train,101,0.160000,0.148424
25,1,train,102,0.240000,0.202757
25,1,train,103,0.232000,0.243597
25,1,train,104,0.137000,0.129701
25,1,train,105,0.270000,0.242586
25,1,train,106,0.060000,0.108311
25,1,train,107,0.380000,0.304955
25,1,train,108,0.160000,0.144847
25,1,train,109,0.072000,0.095375
25,1,train,110,0.130000,0.124012
25,1,train,111,0.100000,0.108783
25,1,train,112,0.540000,0.395898
25,1,train,113,0.160000,0.148178
25,1,train,114,0.133000,0.132150
25,1,train,115,0.240000,0.199815
25,1,train,116,0.025000,0.041544
25,1,train,117,0.260000,0.214095
25,1,train,118,0.065340,0.102836
25,1,train,119,0.052410,0.075068
25,1,train,120,0.020000,0.033784
25,1,train,121,0.260000,0.285785
25,1,train,122,0.240000,0.177164
25,1,train,123,0.011000,0.062627
25,1,train,124,0.035100,0.050159
25,1,train,125,0.030000,0.059961
25,1,train,126,0.020000,0.032703
25,1,train,127,0.370000,0.334343
25,1,train,128,0.020000,0.077731
25,1,train,129,0.095300,0.092705
25,2,test,0,0.310000,0.266277
25,2,test,1,0.260000,0.303817
25,2,test,2,0.072000,0.093666
25,2,test,3,0.270000,0.246905
25,2,test,4,0.180000,0.161262
25,2,test,5,0.210000,0.085024
25,2,test,6,0.052410,0.161605
25,2,test,7,0.080000,0.078682
25,2,test,8,0.032000,0.113958
25,2,test,9,0.280000,0.259444
25,2,test,10,0.093900,0.095057
25,2,test,11,0.240000,0.136519
25,2,test,12,0.100000,0.116667
25,2,test,13,0.150000,0.247399
25,2,test,14,0.090000,0.095853
25,2,test,15,0.273300,0.180955
25,2,test,16,0.110000,0.114592
25,2,test,17,0.011000,0.188694
25,2,test,18,0.200000,0.186892
25,2,test,19,0.111520,0.161904
25,2,test,20,-0.080000,0.105455
25,2,test,21,0.073410,0.113013
25,2,test,22,0.043800,0.086553
25,2,test,23,0.010000,0.074442
25,2,test,24,-0.350000,0.197130
25,2,test,25,0.260000,0.261139
25,2,test,26,0.084600,0.118084
25,2,test,27,0.224400,0.227856
25,2,test,28,0.010000,0.024917
25,2,test,29,0.035100,0.071432
25,2,test,30,0.174900,0.126285
25,2,test,31,0.018000,0.161763
25,2,test,32,0.020000,0.116358
25,2,train,0,0.115100,0.118774
25,2,train,1,0.320000,0.261139
25,2,train,2,0.023500,0.040443
25,2,train,3,0.790000,0.721746
25,2,train,4,-0.110000,-0.011878
25,2,train,5,0.080000,0.088575
25,2,train,6,0.024200,0.050860
25,2,train,7,0.190000,0.156072
25,2,train,8,0.170000,0.095480
25,2,train,9,0.133000,0.132488
25,2,train,10,0.040000,0.064680
25,2,train,11,0.020000,0.024917
25,2,train,12,0.010000,0.020111
25,2,train,13,0.144700,0.130069
25,2,train,14,0.040000,0.082869
25,2,train,15,0.030000,0.073442
25,2,train,16,0.820000,0.727169
25,2,train,17,0.090000,0.084542
25,2,train,18,0.010000,0.039994
25,2,train,19,0.244400,0.252255
25,2,train,20,0.190000,0.174651
25,2,train,21,0.144700,0.126596
25,2,train,22,0.020000,0.100291
25,2,train,23,0.264400,0.244945
25,2,train,24,0.048480,0.060465
25,2,train,25,0.240000,0.219750
25,2,train,26,0.110000,0.112092
25,2,train,27,0.062000,0.080872
25,2,train,28,0.065340,0.105390
25,2,train,29,0.180000,0.175292
25,2,train,30,0.030000,0.042895
25,2,train,31,0.120000,0.168417
25,2,train,32,0.025000,0.031982
25,2,train,33,0.114400,0.112329
25,2,train,34,-0.390000,-0.148221
25,2,train,35,0.030000,0.055407
25,2,train,36,0.020000,0.059292
25,2,train,37,0.018000,0.029649
25,2,train,38,0.090000,0.084870
25,2,train,39,0.151000,0.144714
25,2,train,40,0.790000,0.743043
25,2,train,41,0.094600,0.101689
25,2,train,42,0.020000,0.031963
25,2,train,43,0.190000,0.129626
25,2,train,44,0.050000,0.049580
25,2,train,45,0.040000,0.082456
25,2,train,46,0.240000,0.211208
25,2,train,47,0.439000,0.344280
25,2,train,48,0.050000,0.072670
25,2,train,49,0.000000,0.045050
25,2,train,50,0.185100,0.180518
25,2,train,51,0.270000,0.226820
25,2,train,52,0.151000,0.142483
25,2,train,53,0.130000,0.122965
25,2,train,54,0.540000,0.352376
25,2,train,55,0.240000,0.198050
25,2,train,56,0.075400,0.072373
25,2,train,57,0.010000,0.043936
25,2,train,58,0.144500,0.152195
25,2,train,59,0.075400,0.071125
25,2,train,60,0.130000,0.123799
25,2,train,61,-0.030000,0.018110
25,2,train,62,0.280000,0.229886
25,2,train,63,0.190000,0.187253
25,2,train,64,0.284200,0.244423
25,2,train,65,0.063300,0.099040
25,2,train,66,0.020000,0.089307
25,2,train,67,0.094900,0.104645
25,2,train,68,0.260000,0.236158
25,2,train,69,0.054300,0.113013
25,2,train,70,0.135000,0.165650
25,2,train,71,0.160000,0.118718
25,2,train,72,0.100000,0.114783
25,2,train,73,0.035400,0.040080
25,2,train,74,0.160000,0.138010
25,2,train,75,0.260000,0.251583
25,2,train,76,0.150000,0.191272
25,2,train,77,0.232000,0.257167
25,2,train,78,0.020000,0.069162
25,2,train,79,0.020000,0.060422
25,2,train,80,0.100000,0.125907
25,2,train,81,0.200000,0.219417
25,2,train,82,0.290000,0.245622
25,2,train,83,0.050000,0.079019
25,2,train,84,0.020000,0.040330
25,2,train,85,0.030000,0.061347
25,2,train,86,0.160000,0.153079
25,2,train,87,0.350000,0.290234
25,2,train,88,0.020000,0.025028
25,2,train,89,0.163300,0.141971
25,2,train,90,0.210000,0.218792
25,2,train,91,0.035100,0.063793
25,2,train,92,0.190000,0.156966
25,2,train,93,0.115100,0.119495
25,2,train,94,0.022000,0.024617
25,2,train,95,0.160000,0.164933
25,2,train,96,0.160000,0.164433
25,2,train,97,0.185100,0.180518
25,2,train,98,0.360000,0.323072
25,2,train,99,0.290000,0.243917
25,2,train,100,0.090000,0.110966
25,2,train,101,0.094700,0.112911
25,2,train,102,0.094900,0.101857
25,2,train,103,0.070000,0.059415
25,2,train,104,0.030000,0.058515
25,2,train,105,0.380000,0.328259
25,2,train,106,0.330000,0.255232
25,2,train,107,0.242000,0.216672
25,2,train,108,0.045300,0.060232
25,2,train,109,0.200000,0.203000
25,2,train,110,0.190000,0.183223
25,2,train,111,0.080000,0.084680
25,2,train,112,0.220000,0.209691
25,2,train,113,0.230000,0.226126
25,2,train,114,0.095300,0.086525
25,2,train,115,0.280000,0.249390
25,2,train,116,0.250000,0.239833
25,2,train,117,0.150000,0.176262
25,2,train,118,0.058480,0.081559
25,2,train,119,0.060000,0.084998
25,2,train,120,0.044200,0.063352
25,2,train,121,0.403000,0.322821
25,2,train,122,0.035400,0.039580
25,2,train,123,0.380000,0.318498
25,2,train,124,0.220000,0.209916
25,2,train,125,0.174900,0.145117
25,2,train,126,0.193500,0.194204
25,2,train,127,0.137000,0.135886
25,2,train,128,0.370000,0.303817
25,2,train,129,0.090000,0.103497
25,3,test,0,-0.030000,0.093694
25,3,test,1,0.150000,0.232771
25,3,test,2,0.310000,0.277851
25,3,test,3,0.180000,0.152177
25,3,test,4,0.044200,0.100887
25,3,test,5,0.062000,0.117827
25,3,test,6,0.094900,0.118656
25,3,test,7,0.030000,0.118838
25,3,test,8,0.230000,0.221510
25,3,test,9,0.063300,0.160406
25,3,test,10,0.090000,0.119901
25,3,test,11,0.020000,0.018525
25,3,test,12,0.273300,0.207205
25,3,test,13,0.040000,0.086209
25,3,test,14,0.052410,0.167119
25,3,test,15,0.023500,0.075559
25,3,test,16,0.058480,0.111198
25,3,test,17,0.439000,0.201845
25,3,test,18,0.232000,0.283158
25,3,test,19,0.790000,0.676618
25,3,test,20,0.120000,0.252948
25,3,test,21,-0.390000,0.211189
25,3,test,22,0.050000,0.047032
25,3,test,23,0.540000,0.068643
25,3,test,24,0.185100,0.167434
25,3,test,25,0.190000,0.144803
25,3,test,26,0.360000,0.310970
25,3,test,27,0.200000,0.183182
25,3,test,28,0.190000,0.147423
25,3,test,29,0.032000,0.114559
25,3,test,30,0.020000,0.119768
25,3,test,31,0.220000,0.187398
25,3,test,32,-0.080000,0.104744
25,3,train,0,0.090000,0.092665
25,3,train,1,0.080000,0.085674
25,3,train,2,0.073410,0.089128
25,3,train,3,0.045300,0.061423
25,3,train,4,0.011000,0.074581
25,3,train,5,0.350000,0.304920
25,3,train,6,0.264400,0.244508
25,3,train,7,0.290000,0.268603
25,3,train,8,0.030000,0.042890
25,3,train,9,0.130000,0.125307
25,3,train,10,0.370000,0.316692
25,3,train,11,0.010000,0.090800
25,3,train,12,0.193500,0.197592
25,3,train,13,0.130000,0.123691
25,3,train,14,0.137000,0.126936
25,3,train,15,0.100000,0.110226
25,3,train,16,0.020000,0.071152
25,3,train,17,0.330000,0.271723
25,3,train,18,0.093900,0.093656
25,3,train,19,0.174900,0.162167
25,3,train,20,0.200000,0.211663
25,3,train,21,0.075400,0.071175
25,3,train,22,0.094900,0.107703
25,3,train,23,0.030000,0.064948
25,3,train,24,0.084600,0.095134
25,3,train,25,0.111520,0.133127
25,3,train,26,0.030000,0.086209
25,3,train,27,0.160000,0.149066
25,3,train,28,0.144700,0.129810
25,3,train,29,0.284200,0.233140
25,3,train,30,0.160000,0.156568
25,3,train,31,0.090000,0.115991
25,3,train,32,0.144500,0.122209
25,3,train,33,0.030000,0.047012
25,3,train,34,0.100000,0.105419
25,3,train,35,0.020000,0.071930
25,3,train,36,0.090000,0.082075
25,3,train,37,0.240000,0.180609
25,3,train,38,0.022000,0.029067
25,3,train,39,0.144700,0.129572
25,3,train,40,0.280000,0.210866
25,3,train,41,0.035400,0.045149
25,3,train,42,0.260000,0.261216
25,3,train,43,0.224400,0.223526
25,3,train,44,0.163300,0.160406
25,3,train,45,0.260000,0.239148
25,3,train,46,0.403000,0.288266
25,3,train,47,0.020000,0.023894
25,3,train,48,0.040000,0.090619
25,3,train,49,0.020000,0.063997
25,3,train,50,0.072000,0.060787
25,3,train,51,0.043800,0.059778
25,3,train,52,0.048480,0.064461
25,3,train,53,0.270000,0.262624
25,3,train,54,0.025000,0.031632
25,3,train,55,0.160000,0.149066
25,3,train,56,0.020000,0.068789
25,3,train,57,0.270000,0.216153
25,3,train,58,0.024200,0.064625
25,3,train,59,0.114400,0.117537
25,3,train,60,0.050000,0.077677
25,3,train,61,0.080000,0.076258
25,3,train,62,0.035400,0.044867
25,3,train,63,0.100000,0.106754
25,3,train,64,0.020000,0.043487
25,3,train,65,0.174900,0.165711
25,3,train,66,0.250000,0.249483
25,3,train,67,0.200000,0.204033
25,3,train,68,0.135000,0.163285
25,3,train,69,0.185100,0.170049
25,3,train,70,0.190000,0.132993
25,3,train,71,0.035100,0.043633
25,3,train,72,0.018000,0.070089
25,3,train,73,0.320000,0.286457
25,3,train,74,0.040000,0.095306
25,3,train,75,0.110000,0.110873
25,3,train,76,0.240000,0.201455
25,3,train,77,0.010000,0.016515
25,3,train,78,0.094700,0.106493
25,3,train,79,0.290000,0.249335
25,3,train,80,0.260000,0.274779
25,3,train,81,0.150000,0.191513
25,3,train,82,0.010000,0.049455
25,3,train,83,0.820000,0.695768
25,3,train,84,0.060000,0.098560
25,3,train,85,0.260000,0.256741
25,3,train,86,0.000000,0.048330
25,3,train,87,0.050000,0.072986
25,3,train,88,0.170000,0.103673
25,3,train,89,0.160000,0.119669
25,3,train,90,0.190000,0.153764
25,3,train,91,0.180000,0.170374
25,3,train,92,0.244400,0.243669
25,3,train,93,0.280000,0.261158
25,3,train,94,0.115100,0.118654
25,3,train,95,0.210000,0.168990
25,3,train,96,0.210000,0.216219
25,3,train,97,0.075400,0.071015
25,3,train,98,0.065340,0.093387
25,3,train,99,0.095300,0.090818
25,3,train,100,0.035100,0.044308
25,3,train,101,0.240000,0.247190
25,3,train,102,0.242000,0.221325
25,3,train,103,0.380000,0.315358
25,3,train,104,0.160000,0.147043
25,3,train,105,0.020000,0.047032
25,3,train,106,0.110000,0.112466
25,3,train,107,0.010000,0.037456
25,3,train,108,0.220000,0.212412
25,3,train,109,0.070000,0.087841
25,3,train,110,0.115100,0.117537
25,3,train,111,0.240000,0.196332
25,3,train,112,0.190000,0.193681
25,3,train,113,0.280000,0.259713
25,3,train,114,-0.110000,-0.024528
25,3,train,115,0.151000,0.136584
25,3,train,116,0.054300,0.092266
25,3,train,117,0.133000,0.121646
25,3,train,118,0.151000,0.139589
25,3,train,119,0.150000,0.186561
25,3,train,120,-0.350000,-0.151674
25,3,train,121,0.380000,0.311298
25,3,train,122,0.010000,0.022283
25,3,train,123,0.080000,0.097313
25,3,train,124,0.018000,0.028904
25,3,train,125,0.094600,0.098150
25,3,train,126,0.020000,0.070447
25,3,train,127,0.790000,0.678514
25,3,train,128,0.190000,0.164367
25,3,train,129,0.090000,0.083287
25,4,test,0,0.439000,0.190554
25,4,test,1,0.073410,0.190343
25,4,test,2,0.080000,0.096114
25,4,test,3,0.151000,0.126394
25,4,test,4,0.000000,0.132186
25,4,test,5,0.044200,0.097861
25,4,test,6,0.090000,0.109947
25,4,test,7,0.244400,0.247462
25,4,test,8,0.290000,0.168523
25,4,test,9,0.052410,0.192424
25,4,test,10,0.010000,0.050551
25,4,test,11,0.170000,0.055711
25,4,test,12,0.040000,0.131878
25,4,test,13,0.060000,0.151678
25,4,test,14,0.260000,0.269302
25,4,test,15,0.084600,0.111143
25,4,test,16,0.054300,0.190343
25,4,test,17,0.224400,0.231222
25,4,test,18,-0.080000,0.069547
25,4,test,19,0.062000,0.109792
25,4,test,20,0.284200,0.163475
25,4,test,21,0.200000,0.188566
25,4,test,22,0.160000,0.122750
25,4,test,23,0.144500,0.076867
25,4,test,24,0.090000,0.070386
25,4,test,25,0.010000,0.090552
25,4,test,26,0.185100,0.162154
25,4,test,27,0.790000,0.659113
25,4,test,28,0.310000,0.252515
25,4,test,29,0.010000,0.050438
25,4,test,30,0.280000,0.251265
25,4,test,31,0.380000,0.248844
25,4,test,32,0.273300,0.181301
25,4,train,0,0.025000,0.045180
25,4,train,1,0.050000,0.054887
25,4,train,2,0.050000,0.080918
25,4,train,3,0.185100,0.162730
25,4,train,4,0.190000,0.146652
25,4,train,5,0.065340,0.108632
25,4,train,6,0.040000,0.078246
25,4,train,7,0.144700,0.123605
25,4,train,8,0.130000,0.124107
25,4,train,9,0.240000,0.209640
25,4,train,10,0.250000,0.236818
25,4,train,11,0.111520,0.125571
25,4,train,12,0.100000,0.103822
25,4,train,13,0.023500,0.037493
25,4,train,14,0.094700,0.098432
25,4,train,15,0.242000,0.212318
25,4,train,16,0.030000,0.058671
25,4,train,17,0.200000,0.207614
25,4,train,18,0.360000,0.288079
25,4,train,19,0.270000,0.230267
25,4,train,20,0.150000,0.156582
25,4,train,21,0.380000,0.310928
25,4,train,22,0.270000,0.265439
25,4,train,23,0.040000,0.056887
25,4,train,24,0.080000,0.094586
25,4,train,25,0.020000,0.072582
25,4,train,26,0.011000,0.063282
25,4,train,27,0.080000,0.070002
25,4,train,28,0.090000,0.101554
25,4,train,29,0.070000,0.055365
25,4,train,30,0.193500,0.194458
25,4,train,31,0.190000,0.188265
25,4,train,32,0.264400,0.244253
25,4,train,33,0.150000,0.166127
25,4,train,34,0.280000,0.245893
25,4,train,35,0.018000,0.053514
25,4,train,36,0.022000,0.046627
25,4,train,37,0.035400,0.047581
25,4,train,38,0.032000,0.054407
25,4,train,39,0.240000,0.183220
25,4,train,40,0.163300,0.141462
25,4,train,41,0.094900,0.107137
25,4,train,42,0.030000,0.058091
25,4,train,43,0.110000,0.110304
25,4,train,44,0.030000,0.068566
25,4,train,45,0.540000,0.352944
25,4,train,46,0.230000,0.222751
25,4,train,47,0.280000,0.208262
25,4,train,48,0.115100,0.118324
25,4,train,49,0.210000,0.167969
25,4,train,50,0.063300,0.102825
25,4,train,51,0.058480,0.090638
25,4,train,52,0.320000,0.269302
25,4,train,53,0.020000,0.050779
25,4,train,54,0.115100,0.118501
25,4,train,55,0.220000,0.208519
25,4,train,56,0.020000,0.081083
25,4,train,57,0.190000,0.149313
25,4,train,58,0.100000,0.104504
25,4,train,59,0.370000,0.320125
25,4,train,60,0.095300,0.078729
25,4,train,61,0.350000,0.282812
25,4,train,62,0.190000,0.178765
25,4,train,63,0.020000,0.047046
25,4,train,64,0.035100,0.053195
25,4,train,65,0.048480,0.076292
25,4,train,66,0.035100,0.054440
25,4,train,67,0.072000,0.090772
25,4,train,68,0.110000,0.108449
25,4,train,69,0.190000,0.172954
25,4,train,70,0.190000,0.149077
25,4,train,71,0.075400,0.069857
25,4,train,72,0.240000,0.218258
25,4,train,73,0.260000,0.280152
25,4,train,74,0.090000,0.085236
25,4,train,75,0.090000,0.108187
25,4,train,76,-0.030000,0.015001
25,4,train,77,0.133000,0.132888
25,4,train,78,-0.350000,-0.159105
25,4,train,79,0.174900,0.154479
25,4,train,80,0.290000,0.248068
25,4,train,81,0.160000,0.151678
25,4,train,82,0.030000,0.071307
25,4,train,83,0.137000,0.126592
25,4,train,84,0.180000,0.155421
25,4,train,85,0.820000,0.649943
25,4,train,86,0.093900,0.107366
25,4,train,87,0.094900,0.111114
25,4,train,88,0.024200,0.069953
25,4,train,89,0.020000,0.057306
25,4,train,90,0.020000,0.079823
25,4,train,91,0.144700,0.126400
25,4,train,92,0.151000,0.126394
25,4,train,93,0.050000,0.081513
25,4,train,94,0.100000,0.111548
25,4,train,95,0.403000,0.323200
25,4,train,96,0.035400,0.047144
25,4,train,97,0.130000,0.125195
25,4,train,98,0.150000,0.174659
25,4,train,99,0.260000,0.218409
25,4,train,100,0.180000,0.167573
25,4,train,101,0.018000,0.043209
25,4,train,102,0.135000,0.162513
25,4,train,103,0.160000,0.118416
25,4,train,104,-0.110000,-0.023229
25,4,train,105,0.210000,0.204730
25,4,train,106,0.010000,0.050909
25,4,train,107,0.114400,0.115552
25,4,train,108,-0.390000,-0.229773
25,4,train,109,0.010000,0.058375
25,4,train,110,0.094600,0.096109
25,4,train,111,0.020000,0.065729
25,4,train,112,0.790000,0.676892
25,4,train,113,0.160000,0.163432
25,4,train,114,0.260000,0.252992
25,4,train,115,0.045300,0.053214
25,4,train,116,0.043800,0.063081
25,4,train,117,0.020000,0.069309
25,4,train,118,0.232000,0.229169
25,4,train,119,0.020000,0.043924
25,4,train,120,0.075400,0.069402
25,4,train,121,0.030000,0.053932
25,4,train,122,0.200000,0.214026
25,4,train,123,0.330000,0.273597
25,4,train,124,0.020000,0.050438
25,4,train,125,0.160000,0.163659
25,4,train,126,0.174900,0.155219
25,4,train,127,0.220000,0.222889
25,4,train,128,0.240000,0.158107
25,4,train,129,0.120000,0.168182
25,5,test,0,0.054300,0.206349
25,5,test,1,0.240000,0.182457
25,5,test,2,0.040000,0.202317
25,5,test,3,0.790000,0.206887
25,5,test,4,0.100000,0.105678
25,5,test,5,0.010000,0.130075
25,5,test,6,0.094600,0.129464
25,5,test,7,-0.350000,0.181523
25,5,test,8,0.240000,0.122732
25,5,test,9,0.093900,0.126139
25,5,test,10,0.185100,0.183403
25,5,test,11,0.190000,0.198606
25,5,test,12,0.024200,0.114946
25,5,test,13,0.032000,0.107285
25,5,test,14,0.280000,0.179709
25,5,test,15,-0.030000,0.111058
25,5,test,16,0.030000,0.088891
25,5,test,17,0.160000,0.091261
25,5,test,18,0.260000,0.179146
25,5,test,19,0.063300,0.125840
25,5,test,20,0.190000,0.128260
25,5,test,21,0.160000,0.104594
25,5,test,22,0.163300,0.125840
25,5,test,23,0.023500,0.104701
25,5,test,24,0.094700,0.193935
25,5,test,25,0.174900,0.129354
25,5,test,26,0.090000,0.126139
25,5,test,27,0.035100,0.114956
25,5,test,28,0.052410,0.206261
25,5,test,29,0.200000,0.181202
25,5,test,30,0.010000,0.176735
25,5,test,31,0.220000,0.203776
25,5,test,32,0.190000,0.107285
25,5,train,0,0.160000,0.198605
25,5,train,1,0.790000,0.204587
25,5,train,2,0.075400,0.106693
25,5,train,3,0.050000,0.091917
25,5,train,4,0.110000,0.096718
25,5,train,5,0.310000,0.190051
25,5,train,6,0.040000,0.107375
25,5,train,7,0.090000,0.133249
25,5,train,8,0.174900,0.126705
25,5,train,9,0.020000,0.118022
25,5,train,10,0.144700,0.100284
25,5,train,11,-0.110000,0.107642
25,5,train,12,0.133000,0.101014
25,5,train,13,0.048480,0.131238
25,5,train,14,0.010000,0.176735
25,5,train,15,0.220000,0.110648
25,5,train,16,0.250000,0.182504
25,5,train,17,0.190000,0.123315
25,5,train,18,0.270000,0.130585
25,5,train,19,0.193500,0.192907
25,5,train,20,0.232000,0.205408
25,5,train,21,0.260000,0.182504
25,5,train,22,0.370000,0.206728
25,5,train,23,0.100000,0.128233
25,5,train,24,0.260000,0.206728
25,5,train,25,0.060000,0.125071
25,5,train,26,0.151000,0.116152
25,5,train,27,0.020000,0.091917
25,5,train,28,0.244400,0.205901
25,5,train,29,0.094900,0.127097
25,5,train,30,0.025000,0.117650
25,5,train,31,0.018000,0.117650
25,5,train,32,0.210000,0.206815
25,5,train,33,0.065340,0.113222
25,5,train,34,0.111520,0.189529
25,5,train,35,0.150000,0.179821
25,5,train,36,0.190000,0.192550
25,5,train,37,0.070000,0.111058
25,5,train,38,0.160000,0.198605
25,5,train,39,0.137000,0.124422
25,5,train,40,0.210000,0.121577
25,5,train,41,0.095300,0.121255
25,5,train,42,0.100000,0.112708
25,5,train,43,0.403000,0.131201
25,5,train,44,0.170000,0.110390
25,5,train,45,0.260000,0.203671
25,5,train,46,0.020000,0.176562
25,5,train,47,0.020000,0.091261
25,5,train,48,0.035400,0.091986
25,5,train,49,0.022000,0.119317
25,5,train,50,0.151000,0.104725
25,5,train,51,0.150000,0.205415
25,5,train,52,0.094900,0.130859
25,5,train,53,0.135000,0.189690
25,5,train,54,0.130000,0.099246
25,5,train,55,0.080000,0.118022
25,5,train,56,0.073410,0.206349
25,5,train,57,0.020000,0.104038
25,5,train,58,0.084600,0.132079
25,5,train,59,0.284200,0.194423
25,5,train,60,0.240000,0.182849
25,5,train,61,0.230000,0.203798
25,5,train,62,0.044200,0.108266
25,5,train,63,0.072000,0.094068
25,5,train,64,0.280000,0.116802
25,5,train,65,0.010000,0.099102
25,5,train,66,0.115100,0.184501
25,5,train,67,0.080000,0.128207
25,5,train,68,0.075400,0.098879
25,5,train,69,0.190000,0.112764
25,5,train,70,0.120000,0.182457
25,5,train,71,0.110000,0.103809
25,5,train,72,0.144700,0.091540
25,5,train,73,0.242000,0.190012
25,5,train,74,0.224400,0.205587
25,5,train,75,0.030000,0.099268
25,5,train,76,0.115100,0.190042
25,5,train,77,0.035100,0.103509
25,5,train,78,0.180000,0.114233
25,5,train,79,0.020000,0.129987
25,5,train,80,0.380000,0.205415
25,5,train,81,0.030000,0.112900
25,5,train,82,0.080000,0.120525
25,5,train,83,0.090000,0.118048
25,5,train,84,0.160000,0.125708
25,5,train,85,0.150000,0.205415
25,5,train,86,0.030000,0.174968
25,5,train,87,0.040000,0.174954
25,5,train,88,0.320000,0.203660
25,5,train,89,0.439000,0.134003
25,5,train,90,-0.390000,0.173046
25,5,train,91,0.180000,0.107285
25,5,train,92,0.000000,0.116344
25,5,train,93,0.144500,0.187563
25,5,train,94,0.035400,0.098922
25,5,train,95,0.020000,0.176735
25,5,train,96,0.045300,0.116796
25,5,train,97,0.540000,0.111195
25,5,train,98,0.280000,0.190051
25,5,train,99,0.058480,0.136224
25,5,train,100,0.360000,0.205415
25,5,train,101,0.050000,0.119541
25,5,train,102,0.010000,0.089938
25,5,train,103,0.820000,0.205717
25,5,train,104,0.020000,0.188742
25,5,train,105,0.330000,0.188621
25,5,train,106,0.200000,0.110648
25,5,train,107,0.200000,0.204373
25,5,train,108,0.240000,0.100422
25,5,train,109,0.273300,0.130794
25,5,train,110,0.090000,0.120525
25,5,train,111,0.020000,0.176735
25,5,train,112,0.290000,0.182457
25,5,train,113,0.270000,0.181693
25,5,train,114,0.130000,0.106398
25,5,train,115,0.114400,0.133874
25,5,train,116,-0.080000,0.106546
25,5,train,117,0.043800,0.115248
25,5,train,118,0.264400,0.206278
25,5,train,119,0.185100,0.190438
25,5,train,120,0.030000,0.119924
25,5,train,121,0.062000,0.107375
25,5,train,122,0.380000,0.205625
25,5,train,123,0.050000,0.126525
25,5,train,124,0.090000,0.107285
25,5,train,125,0.350000,0.190051
25,5,train,126,0.020000,0.203925
25,5,train,127,0.011000,0.205575
25,5,train,128,0.290000,0.180154
25,5,train,129,0.018000,0.176623
25,6,test,0,0.190000,0.103960
25,6,test,1,0.310000,0.170475
25,6,test,2,0.220000,0.105254
25,6,test,3,0.095300,0.105673
25,6,test,4,0.280000,0.170475
25,6,test,5,0.100000,0.105503
25,6,test,6,0.020000,0.096031
25,6,test,7,0.190000,0.112376
25,6,test,8,0.290000,0.173634
25,6,test,9,0.144700,0.091904
25,6,test,10,0.790000,0.237088
25,6,test,11,0.020000,0.165266
25,6,test,12,0.020000,0.144280
25,6,test,13,0.160000,0.175151
25,6,test,14,0.114400,0.107457
25,6,test,15,0.174900,0.110862
25,6,test,16,0.260000,0.186594
25,6,test,17,0.210000,0.220721
25,6,test,18,0.045300,0.104562
25,6,test,19,0.084600,0.110673
25,6,test,20,0.150000,0.230611
25,6,test,21,0.040000,0.198114
25,6,test,22,0.151000,0.094971
25,6,test,23,0.280000,0.162706
25,6,test,24,0.151000,0.094828
25,6,test,25,0.035400,0.099100
25,6,test,26,0.144500,0.162856
25,6,test,27,0.030000,0.111121
25,6,test,28,0.160000,0.119574
25,6,test,29,-0.390000,0.158510
25,6,test,30,0.035100,0.094164
25,6,test,31,0.200000,0.106744
25,6,test,32,0.035400,0.099100
25,6,train,0,0.133000,0.113659
25,6,train,1,0.190000,0.174865
25,6,train,2,0.200000,0.194695
25,6,train,3,0.093900,0.115614
25,6,train,4,0.030000,0.084714
25,6,train,5,0.135000,0.171834
25,6,train,6,0.000000,0.103286
25,6,train,7,0.110000,0.099013
25,6,train,8,0.100000,0.105563
25,6,train,9,0.190000,0.111476
25,6,train,10,0.163300,0.123317
25,6,train,11,0.080000,0.105372
25,6,train,12,0.094900,0.114027
25,6,train,13,0.025000,0.103198
25,6,train,14,0.260000,0.223227
25,6,train,15,0.370000,0.223227
25,6,train,16,0.018000,0.103800
25,6,train,17,0.150000,0.231039
25,6,train,18,0.264400,0.214808
25,6,train,19,0.100000,0.125702
25,6,train,20,0.240000,0.159205
25,6,train,21,0.185100,0.161357
25,6,train,22,0.230000,0.212032
25,6,train,23,0.043800,0.101679
25,6,train,24,0.020000,0.100866
25,6,train,25,0.160000,0.101898
25,6,train,26,0.170000,0.106069
25,6,train,27,0.270000,0.135240
25,6,train,28,0.094700,0.181382
25,6,train,29,0.020000,0.104199
25,6,train,30,0.090000,0.116539
25,6,train,31,0.120000,0.176701
25,6,train,32,0.284200,0.179519
25,6,train,33,0.240000,0.120537
25,6,train,34,0.020000,0.144717
25,6,train,35,0.065340,0.112960
25,6,train,36,0.330000,0.175999
25,6,train,37,0.190000,0.180109
25,6,train,38,0.020000,0.101898
25,6,train,39,0.220000,0.194695
25,6,train,40,0.130000,0.110142
25,6,train,41,0.180000,0.099182
25,6,train,42,0.050000,0.141964
25,6,train,43,0.080000,0.116588
25,6,train,44,0.224400,0.208166
25,6,train,45,0.018000,0.149830
25,6,train,46,0.320000,0.214006
25,6,train,47,0.075400,0.095460
25,6,train,48,0.090000,0.126340
25,6,train,49,0.010000,0.112171
25,6,train,50,0.072000,0.101461
25,6,train,51,0.200000,0.171178
25,6,train,52,-0.080000,0.095379
25,6,train,53,0.020000,0.197488
25,6,train,54,0.190000,0.126340
25,6,train,55,0.011000,0.207653
25,6,train,56,0.080000,0.100598
25,6,train,57,0.040000,0.137879
25,6,train,58,0.280000,0.111092
25,6,train,59,0.150000,0.168584
25,6,train,60,0.240000,0.182120
25,6,train,61,0.094600,0.108065
25,6,train,62,0.044200,0.093813
25,6,train,63,0.022000,0.106182
25,6,train,64,0.062000,0.114391
25,6,train,65,0.260000,0.214006
25,6,train,66,0.380000,0.230611
25,6,train,67,0.094900,0.114823
25,6,train,68,0.242000,0.177872
25,6,train,69,0.010000,0.113003
25,6,train,70,0.180000,0.126340
25,6,train,71,0.048480,0.113751
25,6,train,72,0.380000,0.214038
25,6,train,73,0.290000,0.168075
25,6,train,74,0.023500,0.094213
25,6,train,75,0.024200,0.095245
25,6,train,76,0.073410,0.209030
25,6,train,77,0.050000,0.103110
25,6,train,78,0.273300,0.131822
25,6,train,79,0.137000,0.113732
25,6,train,80,0.111520,0.177714
25,6,train,81,0.075400,0.095258
25,6,train,82,0.032000,0.125583
25,6,train,83,0.090000,0.103581
25,6,train,84,0.020000,0.144280
25,6,train,85,0.030000,0.100632
25,6,train,86,0.020000,0.105372
25,6,train,87,0.010000,0.144280
25,6,train,88,0.115100,0.172728
25,6,train,89,0.403000,0.151730
25,6,train,90,-0.030000,0.092447
25,6,train,91,0.070000,0.091847
25,6,train,92,0.063300,0.123317
25,6,train,93,-0.350000,0.150985
25,6,train,94,0.115100,0.172728
25,6,train,95,0.360000,0.231039
25,6,train,96,0.160000,0.175151
25,6,train,97,0.232000,0.210368
25,6,train,98,0.193500,0.178275
25,6,train,99,0.244400,0.214060
25,6,train,100,0.250000,0.186594
25,6,train,101,0.110000,0.098863
25,6,train,102,0.060000,0.126801
25,6,train,103,-0.110000,0.097927
25,6,train,104,0.210000,0.111603
25,6,train,105,0.439000,0.156635
25,6,train,106,0.040000,0.125231
25,6,train,107,0.820000,0.255266
25,6,train,108,0.260000,0.168099
25,6,train,109,0.130000,0.110385
25,6,train,110,0.090000,0.125225
25,6,train,111,0.270000,0.177729
25,6,train,112,0.030000,0.112013
25,6,train,113,0.058480,0.122364
25,6,train,114,0.790000,0.255505
25,6,train,115,0.350000,0.170735
25,6,train,116,0.540000,0.109610
25,6,train,117,0.010000,0.087630
25,6,train,118,0.054300,0.209030
25,6,train,119,0.144700,0.093905
25,6,train,120,0.174900,0.112064
25,6,train,121,0.240000,0.131144
25,6,train,122,0.052410,0.205524
25,6,train,123,0.160000,0.127501
25,6,train,124,0.185100,0.161357
25,6,train,125,0.050000,0.100866
25,6,train,126,0.035100,0.094479
25,6,train,127,0.030000,0.137879
25,6,train,128,0.090000,0.100641
25,6,train,129,0.010000,0.144280
25,7,test,0,0.144700,0.085279
25,7,test,1,0.130000,0.125872
25,7,test,2,0.095300,0.062177
25,7,test,3,0.030000,0.098998
25,7,test,4,0.290000,0.168379
25,7,test,5,0.075400,0.065869
25,7,test,6,0.150000,0.219273
25,7,test,7,0.020000,0.037673
25,7,test,8,0.094700,0.142921
25,7,test,9,0.280000,0.199209
25,7,test,10,0.073410,0.085722
25,7,test,11,0.200000,0.174217
25,7,test,12,0.380000,0.240391
25,7,test,13,0.190000,0.161747
25,7,test,14,0.020000,0.036738
25,7,test,15,0.072000,0.068177
25,7,test,16,0.080000,0.056061
25,7,test,17,0.018000,0.148558
25,7,test,18,0.220000,0.197316
25,7,test,19,0.240000,0.172991
25,7,test,20,0.020000,0.085537
25,7,test,21,0.084600,0.103745
25,7,test,22,0.160000,0.078403
25,7,test,23,0.790000,0.553770
25,7,test,24,0.060000,0.155515
25,7,test,25,0.090000,0.065134
25,7,test,26,0.135000,0.227640
25,7,test,27,0.210000,0.249719
25,7,test,28,0.230000,0.211904
25,7,test,29,0.115100,0.184918
25,7,test,30,0.115100,0.185197
25,7,test,31,0.790000,0.575410
25,7,test,32,0.110000,0.113327
25,7,train,0,0.244400,0.240523
25,7,train,1,0.260000,0.249741
25,7,train,2,0.035100,0.051901
25,7,train,3,0.160000,0.151687
25,7,train,4,0.022000,0.029977
25,7,train,5,0.160000,0.155801
25,7,train,6,0.100000,0.106629
25,7,train,7,0.032000,0.077245
25,7,train,8,0.063300,0.104929
25,7,train,9,0.190000,0.198934
25,7,train,10,-0.110000,-0.043533
25,7,train,11,0.010000,0.039959
25,7,train,12,0.137000,0.122017
25,7,train,13,0.018000,0.029090
25,7,train,14,0.054300,0.085925
25,7,train,15,-0.080000,-0.012582
25,7,train,16,-0.030000,0.018195
25,7,train,17,0.273300,0.232382
25,7,train,18,0.048480,0.059193
25,7,train,19,0.200000,0.200274
25,7,train,20,0.094900,0.102966
25,7,train,21,0.190000,0.163491
25,7,train,22,0.100000,0.127922
25,7,train,23,-0.350000,-0.132176
25,7,train,24,0.080000,0.094268
25,7,train,25,0.439000,0.351839
25,7,train,26,-0.390000,-0.157330
25,7,train,27,0.011000,0.059337
25,7,train,28,0.185100,0.182311
25,7,train,29,0.020000,0.076846
25,7,train,30,0.260000,0.209056
25,7,train,31,0.350000,0.325749
25,7,train,32,0.035400,0.046269
25,7,train,33,0.130000,0.131714
25,7,train,34,0.224400,0.226360
25,7,train,35,0.180000,0.184865
25,7,train,36,0.163300,0.143311
25,7,train,37,0.075400,0.070123
25,7,train,38,0.040000,0.069852
25,7,train,39,0.190000,0.155160
25,7,train,40,0.030000,0.058721
25,7,train,41,0.193500,0.202632
25,7,train,42,0.090000,0.080863
25,7,train,43,0.024200,0.044815
25,7,train,44,0.030000,0.058555
25,7,train,45,0.020000,0.045391
25,7,train,46,0.090000,0.096972
25,7,train,47,0.190000,0.179184
25,7,train,48,0.065340,0.090482
25,7,train,49,0.080000,0.083186
25,7,train,50,0.180000,0.176861
25,7,train,51,0.094900,0.104973
25,7,train,52,0.280000,0.212224
25,7,train,53,0.090000,0.098011
25,7,train,54,0.190000,0.132722
25,7,train,55,0.044200,0.054213
25,7,train,56,0.330000,0.276357
25,7,train,57,0.025000,0.031929
25,7,train,58,0.030000,0.034450
25,7,train,59,0.150000,0.166595
25,7,train,60,0.000000,0.043757
25,7,train,61,0.160000,0.151736
25,7,train,62,0.820000,0.580155
25,7,train,63,0.280000,0.278519
25,7,train,64,0.058480,0.074922
25,7,train,65,0.151000,0.134579
25,7,train,66,0.240000,0.183725
25,7,train,67,0.020000,0.068513
25,7,train,68,0.260000,0.255427
25,7,train,69,0.232000,0.280338
25,7,train,70,0.114400,0.113092
25,7,train,71,0.242000,0.240510
25,7,train,72,0.040000,0.099101
25,7,train,73,0.150000,0.167665
25,7,train,74,0.264400,0.238519
25,7,train,75,0.062000,0.081987
25,7,train,76,0.240000,0.179897
25,7,train,77,0.035100,0.053183
25,7,train,78,0.050000,0.085537
25,7,train,79,0.110000,0.112190
25,7,train,80,0.120000,0.171153
25,7,train,81,0.320000,0.279163
25,7,train,82,0.094600,0.098352
25,7,train,83,0.100000,0.104449
25,7,train,84,0.160000,0.137580
25,7,train,85,0.270000,0.253226
25,7,train,86,0.380000,0.325733
25,7,train,87,0.270000,0.243153
25,7,train,88,0.170000,0.103654
25,7,train,89,0.111520,0.159302
25,7,train,90,0.050000,0.078437
25,7,train,91,0.020000,0.082502
25,7,train,92,0.040000,0.113365
25,7,train,93,0.260000,0.275856
25,7,train,94,0.250000,0.232021
25,7,train,95,0.403000,0.369834
25,7,train,96,0.151000,0.135006
25,7,train,97,0.290000,0.213062
25,7,train,98,0.240000,0.220481
25,7,train,99,0.035400,0.046993
25,7,train,100,0.090000,0.110511
25,7,train,101,0.174900,0.157862
25,7,train,102,0.220000,0.211929
25,7,train,103,0.045300,0.047883
25,7,train,104,0.020000,0.076395
25,7,train,105,0.284200,0.249264
25,7,train,106,0.050000,0.067063
25,7,train,107,0.010000,0.061505
25,7,train,108,0.070000,0.059152
25,7,train,109,0.043800,0.058363
25,7,train,110,0.144500,0.121010
25,7,train,111,0.310000,0.302122
25,7,train,112,0.020000,0.037049
25,7,train,113,0.174900,0.160632
25,7,train,114,0.020000,0.090971
25,7,train,115,0.010000,0.035312
25,7,train,116,0.210000,0.158888
25,7,train,117,0.540000,0.365975
25,7,train,118,0.010000,0.049521
25,7,train,119,0.023500,0.039250
25,7,train,120,0.010000,0.029592
25,7,train,121,0.144700,0.103331
25,7,train,122,0.370000,0.320331
25,7,train,123,0.093900,0.095886
25,7,train,124,0.133000,0.111814
25,7,train,125,0.185100,0.182288
25,7,train,126,0.200000,0.197784
25,7,train,127,0.360000,0.288416
25,7,train,128,0.030000,0.055301
25,7,train,129,0.052410,0.096729
25,8,test,0,0.018000,0.112752
25,8,test,1,-0.030000,0.106844
25,8,test,2,0.439000,0.119950
25,8,test,3,0.264400,0.194009
25,8,test,4,0.100000,0.111360
25,8,test,5,0.114400,0.116733
25,8,test,6,0.100000,0.104954
25,8,test,7,0.160000,0.164950
25,8,test,8,0.160000,0.112863
25,8,test,9,0.043800,0.103088
25,8,test,10,0.200000,0.188533
25,8,test,11,0.240000,0.129677
25,8,test,12,0.220000,0.100573
25,8,test,13,0.054300,0.191824
25,8,test,14,0.180000,0.101039
25,8,test,15,0.075400,0.099915
25,8,test,16,0.380000,0.193708
25,8,test,17,0.052410,0.190068
25,8,test,18,0.070000,0.106791
25,8,test,19,0.144700,0.099224
25,8,test,20,0.030000,0.113287
25,8,test,21,0.093900,0.110563
25,8,test,22,0.020000,0.105635
25,8,test,23,0.290000,0.186685
25,8,test,24,0.210000,0.191799
25,8,test,25,0.160000,0.164950
25,8,test,26,-0.390000,0.179471
25,8,test,27,0.150000,0.193708
25,8,test,28,0.030000,0.100914
25,8,test,29,0.110000,0.102885
25,8,test,30,0.240000,0.186941
25,8,test,31,0.010000,0.181575
25,8,test,32,0.820000,0.187433
25,8,train,0,0.094900,0.116676
25,8,train,1,0.150000,0.193708
25,8,train,2,0.020000,0.183034
25,8,train,3,0.018000,0.184176
25,8,train,4,0.224400,0.190694
25,8,train,5,0.010000,0.113259
25,8,train,6,0.290000,0.181253
25,8,train,7,0.232000,0.183720
25,8,train,8,0.090000,0.110563
25,8,train,9,0.137000,0.110908
25,8,train,10,0.020000,0.181575
25,8,train,11,0.284200,0.189715
25,8,train,12,0.350000,0.186544
25,8,train,13,0.030000,0.100808
25,8,train,14,0.094900,0.115590
25,8,train,15,0.174900,0.116894
25,8,train,16,0.360000,0.193708
25,8,train,17,0.090000,0.107705
25,8,train,18,0.242000,0.186909
25,8,train,19,0.050000,0.134764
25,8,train,20,0.240000,0.125833
25,8,train,21,0.273300,0.117963
25,8,train,22,0.115100,0.185156
25,8,train,23,0.111520,0.188078
25,8,train,24,0.040000,0.185244
25,8,train,25,-0.080000,0.098844
25,8,train,26,0.193500,0.186958
25,8,train,27,0.320000,0.189689
25,8,train,28,0.403000,0.119554
25,8,train,29,0.063300,0.112820
25,8,train,30,0.330000,0.184556
25,8,train,31,0.090000,0.114451
25,8,train,32,0.210000,0.117203
25,8,train,33,0.020000,0.181197
25,8,train,34,0.133000,0.102833
25,8,train,35,0.185100,0.183200
25,8,train,36,0.280000,0.183732
25,8,train,37,0.090000,0.102065
25,8,train,38,0.032000,0.107705
25,8,train,39,0.022000,0.113725
25,8,train,40,0.200000,0.100573
25,8,train,41,0.190000,0.107705
25,8,train,42,0.260000,0.189800
25,8,train,43,0.073410,0.191824
25,8,train,44,0.200000,0.181747
25,8,train,45,0.035100,0.105560
25,8,train,46,0.020000,0.111308
25,8,train,47,0.115100,0.185961
25,8,train,48,0.190000,0.101874
25,8,train,49,0.174900,0.115664
25,8,train,50,0.040000,0.107722
25,8,train,51,0.010000,0.181575
25,8,train,52,0.144500,0.182541
25,8,train,53,0.023500,0.099335
25,8,train,54,0.790000,0.193820
25,8,train,55,0.010000,0.101365
25,8,train,56,0.020000,0.185502
25,8,train,57,0.135000,0.188023
25,8,train,58,0.310000,0.186544
25,8,train,59,0.094700,0.186907
25,8,train,60,0.163300,0.112820
25,8,train,61,0.120000,0.186751
25,8,train,62,0.190000,0.112279
25,8,train,63,0.250000,0.187505
25,8,train,64,0.075400,0.100309
25,8,train,65,0.020000,0.105398
25,8,train,66,0.095300,0.106734
25,8,train,67,0.540000,0.103328
25,8,train,68,0.790000,0.195361
25,8,train,69,0.180000,0.107705
25,8,train,70,0.144700,0.098016
25,8,train,71,0.048480,0.112089
25,8,train,72,0.260000,0.181111
25,8,train,73,0.160000,0.105398
25,8,train,74,0.045300,0.101999
25,8,train,75,0.280000,0.186544
25,8,train,76,-0.350000,0.178541
25,8,train,77,0.380000,0.191853
25,8,train,78,0.170000,0.100614
25,8,train,79,0.020000,0.102748
25,8,train,80,0.044200,0.103002
25,8,train,81,0.035400,0.098315
25,8,train,82,0.244400,0.193661
25,8,train,83,0.260000,0.187374
25,8,train,84,0.370000,0.192760
25,8,train,85,0.094600,0.115566
25,8,train,86,0.084600,0.115840
25,8,train,87,0.065340,0.101782
25,8,train,88,0.058480,0.117271
25,8,train,89,0.130000,0.105157
25,8,train,90,0.060000,0.112395
25,8,train,91,0.160000,0.128540
25,8,train,92,0.035100,0.104235
25,8,train,93,0.185100,0.182445
25,8,train,94,0.090000,0.117236
25,8,train,95,0.080000,0.114451
25,8,train,96,0.151000,0.106769
25,8,train,97,0.270000,0.185216
25,8,train,98,0.240000,0.180835
25,8,train,99,0.072000,0.100651
25,8,train,100,-0.110000,0.098863
25,8,train,101,0.050000,0.105635
25,8,train,102,0.011000,0.188235
25,8,train,103,0.260000,0.192760
25,8,train,104,0.190000,0.116873
25,8,train,105,0.190000,0.166174
25,8,train,106,0.280000,0.102087
25,8,train,107,0.025000,0.112752
25,8,train,108,0.230000,0.189579
25,8,train,109,0.080000,0.112043
25,8,train,110,0.000000,0.102055
25,8,train,111,0.020000,0.099152
25,8,train,112,0.130000,0.104094
25,8,train,113,0.151000,0.105350
25,8,train,114,0.062000,0.107722
25,8,train,115,0.270000,0.117938
25,8,train,116,0.020000,0.181575
25,8,train,117,0.080000,0.102748
25,8,train,118,0.040000,0.181291
25,8,train,119,0.150000,0.185229
25,8,train,120,0.190000,0.186808
25,8,train,121,0.110000,0.103848
25,8,train,122,0.030000,0.181193
25,8,train,123,0.024200,0.105281
25,8,train,124,0.220000,0.188223
25,8,train,125,0.035400,0.098989
25,8,train,126,0.010000,0.127212
25,8,train,127,0.030000,0.127212
25,8,train,128,0.050000,0.114085
25,8,train,129,0.100000,0.105644
25,9,test,0,0.163300,0.102276
25,9,test,1,0.190000,0.098969
25,9,test,2,0.032000,0.112520
25,9,test,3,0.072000,0.122791
25,9,test,4,0.025000,0.043411
25,9,test,5,0.080000,0.059731
25,9,test,6,0.240000,0.259111
25,9,test,7,0.080000,0.123374
25,9,test,8,0.095300,0.075077
25,9,test,9,0.190000,0.151704
25,9,test,10,0.120000,0.273081
25,9,test,11,0.043800,0.079030
25,9,test,12,0.010000,0.028785
25,9,test,13,0.174900,0.135527
25,9,test,14,0.094900,0.103349
25,9,test,15,0.100000,0.124773
25,9,test,16,0.100000,0.124257
25,9,test,17,0.151000,0.115969
25,9,test,18,0.020000,0.115632
25,9,test,19,0.264400,0.208313
25,9,test,20,0.244400,0.205351
25,9,test,21,0.020000,0.071723
25,9,test,22,0.190000,0.120953
25,9,test,23,0.180000,0.124469
25,9,test,24,0.090000,0.081150
25,9,test,25,0.280000,0.092895
25,9,test,26,0.193500,0.184871
25,9,test,27,0.054300,0.101921
25,9,test,28,0.190000,0.184533
25,9,test,29,0.058480,0.122030
25,9,test,30,0.144700,0.094521
25,9,test,31,0.050000,0.107209
25,9,test,32,0.280000,0.272957
25,9,train,0,0.052410,0.102274
25,9,train,1,0.094600,0.101797
25,9,train,2,0.035400,0.044121
25,9,train,3,0.190000,0.171172
25,9,train,4,0.010000,0.019764
25,9,train,5,0.790000,0.751799
25,9,train,6,0.350000,0.308673
25,9,train,7,0.540000,0.356373
25,9,train,8,0.065340,0.097328
25,9,train,9,0.070000,0.058154
25,9,train,10,0.010000,0.054283
25,9,train,11,-0.030000,0.020284
25,9,train,12,0.035400,0.044080
25,9,train,13,0.093900,0.094115
25,9,train,14,0.115100,0.121413
25,9,train,15,0.050000,0.049671
25,9,train,16,0.030000,0.051090
25,9,train,17,0.111520,0.124008
25,9,train,18,0.044200,0.063470
25,9,train,19,0.040000,0.093221
25,9,train,20,0.084600,0.095252
25,9,train,21,0.020000,0.075283
25,9,train,22,0.115100,0.120295
25,9,train,23,0.380000,0.298847
25,9,train,24,0.100000,0.123156
25,9,train,25,0.290000,0.241348
25,9,train,26,0.045300,0.055163
25,9,train,27,0.320000,0.286249
25,9,train,28,0.290000,0.268377
25,9,train,29,0.035100,0.045926
25,9,train,30,0.310000,0.284636
25,9,train,31,0.185100,0.179495
25,9,train,32,0.380000,0.326078
25,9,train,33,0.130000,0.129023
25,9,train,34,0.011000,0.079006
25,9,train,35,0.020000,0.046838
25,9,train,36,0.022000,0.041298
25,9,train,37,0.110000,0.110460
25,9,train,38,0.075400,0.069116
25,9,train,39,0.020000,0.078067
25,9,train,40,0.260000,0.261325
25,9,train,41,0.020000,0.031022
25,9,train,42,0.090000,0.078813
25,9,train,43,0.094900,0.103154
25,9,train,44,0.232000,0.249557
25,9,train,45,0.150000,0.171042
25,9,train,46,0.242000,0.212554
25,9,train,47,0.260000,0.230453
25,9,train,48,0.150000,0.185843
25,9,train,49,0.048480,0.067993
25,9,train,50,0.075400,0.069880
25,9,train,51,0.135000,0.161351
25,9,train,52,0.010000,0.034883
25,9,train,53,0.200000,0.204308
25,9,train,54,0.174900,0.144327
25,9,train,55,0.080000,0.082762
25,9,train,56,0.210000,0.164886
25,9,train,57,0.110000,0.111702
25,9,train,58,0.020000,0.062999
25,9,train,59,0.030000,0.064731
25,9,train,60,0.151000,0.117338
25,9,train,61,0.024200,0.052326
25,9,train,62,0.790000,0.738352
25,9,train,63,0.050000,0.081134
25,9,train,64,0.023500,0.037260
25,9,train,65,0.273300,0.241163
25,9,train,66,0.018000,0.043878
25,9,train,67,0.270000,0.244311
25,9,train,68,0.130000,0.130216
25,9,train,69,0.160000,0.150982
25,9,train,70,0.224400,0.215492
25,9,train,71,-0.110000,-0.036377
25,9,train,72,0.230000,0.230746
25,9,train,73,0.094700,0.110173
25,9,train,74,0.090000,0.100111
25,9,train,75,0.260000,0.275916
25,9,train,76,0.144700,0.101185
25,9,train,77,0.040000,0.054592
25,9,train,78,0.360000,0.326730
25,9,train,79,0.030000,0.050744
25,9,train,80,0.284200,0.223570
25,9,train,81,0.240000,0.203756
25,9,train,82,0.170000,0.114791
25,9,train,83,0.370000,0.321700
25,9,train,84,0.439000,0.349858
25,9,train,85,0.030000,0.070824
25,9,train,86,0.114400,0.120616
25,9,train,87,0.133000,0.114699
25,9,train,88,0.073410,0.103183
25,9,train,89,0.280000,0.256019
25,9,train,90,0.200000,0.189418
25,9,train,91,0.030000,0.039597
25,9,train,92,0.820000,0.735295
25,9,train,93,0.190000,0.129625
25,9,train,94,0.062000,0.080756
25,9,train,95,0.040000,0.100217
25,9,train,96,0.403000,0.355096
25,9,train,97,0.160000,0.150982
25,9,train,98,0.018000,0.073199
25,9,train,99,0.220000,0.198082
25,9,train,100,0.180000,0.170569
25,9,train,101,0.090000,0.107309
25,9,train,102,0.060000,0.095311
25,9,train,103,0.330000,0.256201
25,9,train,104,0.220000,0.212290
25,9,train,105,0.210000,0.210057
25,9,train,106,0.160000,0.119960
25,9,train,107,0.020000,0.023744
25,9,train,108,-0.350000,-0.157988
25,9,train,109,0.144500,0.115629
25,9,train,110,0.240000,0.185926
25,9,train,111,0.240000,0.191335
25,9,train,112,0.000000,0.042573
25,9,train,113,0.090000,0.092196
25,9,train,114,0.200000,0.208768
25,9,train,115,0.250000,0.254797
25,9,train,116,0.160000,0.145337
25,9,train,117,0.160000,0.144969
25,9,train,118,0.035100,0.043936
25,9,train,119,-0.390000,-0.196423
25,9,train,120,0.063300,0.102276
25,9,train,121,0.020000,0.053560
25,9,train,122,0.137000,0.132783
25,9,train,123,-0.080000,-0.000425
25,9,train,124,0.270000,0.262916
25,9,train,125,0.150000,0.184040
25,9,train,126,0.010000,0.067568
25,9,train,127,0.020000,0.036914
25,9,train,128,0.185100,0.179003
25,9,train,129,0.260000,0.259221
25,10,test,0,0.111520,0.178739
25,10,test,1,0.020000,0.033429
25,10,test,2,0.044200,0.090522
25,10,test,3,0.073410,0.082668
25,10,test,4,0.035100,0.077443
25,10,test,5,0.110000,0.106562
25,10,test,6,0.790000,0.537107
25,10,test,7,0.020000,0.174064
25,10,test,8,0.330000,0.182721
25,10,test,9,0.090000,0.054615
25,10,test,10,0.070000,0.145225
25,10,test,11,0.060000,0.159258
25,10,test,12,0.163300,0.114065
25,10,test,13,0.065340,0.163863
25,10,test,14,0.045300,0.077944
25,10,test,15,0.032000,0.140824
25,10,test,16,0.200000,0.174478
25,10,test,17,0.240000,0.175950
25,10,test,18,0.030000,0.115927
25,10,test,19,0.130000,0.127112
25,10,test,20,0.144500,0.080565
25,10,test,21,0.018000,0.159969
25,10,test,22,0.160000,0.116061
25,10,test,23,0.220000,0.172290
25,10,test,24,0.094600,0.090106
25,10,test,25,0.193500,0.183104
25,10,test,26,0.035400,0.077568
25,10,test,27,0.010000,0.153836
25,10,test,28,0.020000,0.031164
25,10,test,29,-0.390000,0.195727
25,10,test,30,0.820000,0.498368
25,10,test,31,-0.030000,0.142914
25,10,test,32,0.210000,0.068037
25,10,train,0,0.210000,0.220513
25,10,train,1,0.540000,0.374146
25,10,train,2,0.280000,0.279574
25,10,train,3,0.020000,0.063597
25,10,train,4,0.230000,0.219224
25,10,train,5,0.020000,0.052318
25,10,train,6,0.150000,0.203668
25,10,train,7,0.370000,0.315995
25,10,train,8,0.790000,0.550173
25,10,train,9,0.260000,0.260883
25,10,train,10,0.190000,0.182328
25,10,train,11,0.050000,0.058302
25,10,train,12,0.160000,0.160513
25,10,train,13,0.030000,0.071724
25,10,train,14,0.075400,0.075100
25,10,train,15,0.054300,0.082816
25,10,train,16,0.151000,0.137563
25,10,train,17,-0.110000,-0.039096
25,10,train,18,0.273300,0.224922
25,10,train,19,0.010000,0.029635
25,10,train,20,0.135000,0.171493
25,10,train,21,0.270000,0.240264
25,10,train,22,0.115100,0.125459
25,10,train,23,0.024200,0.062541
25,10,train,24,0.011000,0.056938
25,10,train,25,0.052410,0.089893
25,10,train,26,0.190000,0.169131
25,10,train,27,0.094900,0.102714
25,10,train,28,0.040000,0.061077
25,10,train,29,0.160000,0.116985
25,10,train,30,0.174900,0.159702
25,10,train,31,0.190000,0.179623
25,10,train,32,0.080000,0.083430
25,10,train,33,0.380000,0.322722
25,10,train,34,0.224400,0.220576
25,10,train,35,0.180000,0.184160
25,10,train,36,0.062000,0.083365
25,10,train,37,0.090000,0.118717
25,10,train,38,0.190000,0.168403
25,10,train,39,0.095300,0.085402
25,10,train,40,0.180000,0.195293
25,10,train,41,0.360000,0.328670
25,10,train,42,0.084600,0.092055
25,10,train,43,0.050000,0.050344
25,10,train,44,0.050000,0.075158
25,10,train,45,0.023500,0.040592
25,10,train,46,0.035100,0.068321
25,10,train,47,0.240000,0.171378
25,10,train,48,0.133000,0.120826
25,10,train,49,0.090000,0.093703
25,10,train,50,0.030000,0.057018
25,10,train,51,0.439000,0.361835
25,10,train,52,0.110000,0.113692
25,10,train,53,0.310000,0.305945
25,10,train,54,0.115100,0.126386
25,10,train,55,0.290000,0.242353
25,10,train,56,0.250000,0.241225
25,10,train,57,0.260000,0.236828
25,10,train,58,0.284200,0.238177
25,10,train,59,0.018000,0.027474
25,10,train,60,0.160000,0.161077
25,10,train,61,0.035400,0.061435
25,10,train,62,0.020000,0.074284
25,10,train,63,0.030000,0.039995
25,10,train,64,0.220000,0.212099
25,10,train,65,0.200000,0.203058
25,10,train,66,0.043800,0.058479
25,10,train,67,0.010000,0.032303
25,10,train,68,0.100000,0.109875
25,10,train,69,0.100000,0.112130
25,10,train,70,0.072000,0.083234
25,10,train,71,0.290000,0.242404
25,10,train,72,0.174900,0.156054
25,10,train,73,0.380000,0.320414
25,10,train,74,0.094700,0.112642
25,10,train,75,0.100000,0.146747
25,10,train,76,-0.350000,-0.141310
25,10,train,77,0.280000,0.258833
25,10,train,78,0.260000,0.274855
25,10,train,79,0.185100,0.171894
25,10,train,80,0.010000,0.058092
25,10,train,81,0.020000,0.061397
25,10,train,82,0.020000,0.037550
25,10,train,83,0.022000,0.027012
25,10,train,84,0.040000,0.076393
25,10,train,85,0.244400,0.243982
25,10,train,86,0.090000,0.100908
25,10,train,87,0.200000,0.200662
25,10,train,88,0.075400,0.073428
25,10,train,89,0.093900,0.091733
25,10,train,90,0.137000,0.131371
25,10,train,91,0.010000,0.034414
25,10,train,92,0.151000,0.137263
25,10,train,93,0.000000,0.050045
25,10,train,94,0.264400,0.235307
25,10,train,95,0.048480,0.057079
25,10,train,96,0.232000,0.259351
25,10,train,97,0.058480,0.072670
25,10,train,98,-0.080000,-0.008027
25,10,train,99,0.144700,0.129071
25,10,train,100,0.114400,0.109314
25,10,train,101,0.130000,0.137441
25,10,train,102,0.185100,0.171974
25,10,train,103,0.260000,0.253368
25,10,train,104,0.080000,0.089386
25,10,train,105,0.144700,0.128344
25,10,train,106,0.025000,0.030147
25,10,train,107,0.150000,0.177480
25,10,train,108,0.242000,0.219580
25,10,train,109,0.160000,0.158993
25,10,train,110,0.120000,0.168534
25,10,train,111,0.080000,0.079781
25,10,train,112,0.094900,0.102483
25,10,train,113,0.190000,0.156927
25,10,train,114,0.240000,0.177197
25,10,train,115,0.320000,0.285302
25,10,train,116,0.190000,0.142168
25,10,train,117,0.150000,0.189611
25,10,train,118,0.063300,0.115042
25,10,train,119,0.020000,0.088893
25,10,train,120,0.020000,0.067001
25,10,train,121,0.350000,0.325779
25,10,train,122,0.403000,0.373287
25,10,train,123,0.040000,0.126987
25,10,train,124,0.240000,0.215593
25,10,train,125,0.030000,0.058372
25,10,train,126,0.170000,0.100749
25,10,train,127,0.090000,0.094488
25,10,train,128,0.270000,0.259776
25,10,train,129,0.280000,0.232884
30,1,test,0,0.043800,0.078202
30,1,test,1,0.044200,0.106423
30,1,test,2,0.075400,0.056508
30,1,test,3,0.115100,0.135780
30,1,test,4,0.020000,0.138651
30,1,test,5,0.090000,0.082441
30,1,test,6,-0.390000,0.204010
30,1,test,7,0.111520,0.185865
30,1,test,8,0.110000,0.116644
30,1,test,9,0.080000,0.075883
30,1,test,10,0.439000,0.227199
30,1,test,11,0.320000,0.245252
30,1,test,12,0.185100,0.166320
30,1,test,13,0.144500,0.093682
30,1,test,14,0.150000,0.225173
30,1,test,15,0.174900,0.134284
30,1,test,16,0.040000,0.084538
30,1,test,17,0.030000,0.081717
30,1,test,18,0.062000,0.145491
30,1,test,19,0.010000,0.033049
30,1,test,20,0.200000,0.223807
30,1,test,21,0.224400,0.160985
30,1,test,22,0.163300,0.143247
30,1,test,23,0.250000,0.226220
30,1,test,24,0.040000,0.152524
30,1,test,25,0.190000,0.081708
30,1,test,26,0.200000,0.184247
30,1,test,27,0.050000,0.112312
30,1,test,28,0.151000,0.121116
30,1,test,29,0.190000,0.081407
30,1,test,30,0.058480,0.155554
30,1,test,31,0.190000,0.166201
30,1,test,32,0.063300,0.165196
30,1,train,0,0.100000,0.104765
30,1,train,1,0.150000,0.191515
30,1,train,2,0.023500,0.041961
30,1,train,3,0.403000,0.293371
30,1,train,4,0.190000,0.175604
30,1,train,5,0.115100,0.132498
30,1,train,6,0.380000,0.333863
30,1,train,7,0.110000,0.108970
30,1,train,8,0.242000,0.203713
30,1,train,9,0.020000,0.033296
30,1,train,10,0.020000,0.064268
30,1,train,11,0.050000,0.085775
30,1,train,12,-0.110000,-0.048501
30,1,train,13,0.010000,0.015366
30,1,train,14,0.090000,0.090715
30,1,train,15,0.330000,0.274799
30,1,train,16,0.018000,0.102259
30,1,train,17,0.244400,0.241563
30,1,train,18,0.010000,0.046608
30,1,train,19,0.200000,0.211829
30,1,train,20,-0.350000,-0.137607
30,1,train,21,0.100000,0.108063
30,1,train,22,0.260000,0.248171
30,1,train,23,0.144700,0.120047
30,1,train,24,0.080000,0.067424
30,1,train,25,0.151000,0.122434
30,1,train,26,0.000000,0.020881
30,1,train,27,0.024200,0.066006
30,1,train,28,0.035400,0.045485
30,1,train,29,0.220000,0.200740
30,1,train,30,0.084600,0.094989
30,1,train,31,0.070000,0.055595
30,1,train,32,0.048480,0.071705
30,1,train,33,0.090000,0.107526
30,1,train,34,0.360000,0.323458
30,1,train,35,0.290000,0.256220
30,1,train,36,0.220000,0.197010
30,1,train,37,0.270000,0.263293
30,1,train,38,0.280000,0.268944
30,1,train,39,0.260000,0.245732
30,1,train,40,0.790000,0.746098
30,1,train,41,0.310000,0.304390
30,1,train,42,0.020000,0.090163
30,1,train,43,0.120000,0.165122
30,1,train,44,0.144700,0.123875
30,1,train,45,-0.080000,-0.012861
30,1,train,46,0.020000,0.041681
30,1,train,47,0.094900,0.098065
30,1,train,48,0.035100,0.049207
30,1,train,49,0.094700,0.116146
30,1,train,50,0.160000,0.138461
30,1,train,51,0.040000,0.060229
30,1,train,52,0.180000,0.160798
30,1,train,53,0.230000,0.232387
30,1,train,54,0.010000,0.057294
30,1,train,55,0.090000,0.089807
30,1,train,56,0.020000,0.074619
30,1,train,57,0.284200,0.237288
30,1,train,58,0.135000,0.160398
30,1,train,59,0.820000,0.757341
30,1,train,60,0.045300,0.056244
30,1,train,61,0.035400,0.044402
30,1,train,62,0.240000,0.214878
30,1,train,63,0.020000,0.053335
30,1,train,64,0.264400,0.242666
30,1,train,65,0.093900,0.094221
30,1,train,66,0.030000,0.043844
30,1,train,67,0.280000,0.209594
30,1,train,68,0.018000,0.024070
30,1,train,69,0.080000,0.102205
30,1,train,70,0.280000,0.266951
30,1,train,71,0.050000,0.061750
30,1,train,72,0.174900,0.142093
30,1,train,73,0.130000,0.130601
30,1,train,74,0.190000,0.162590
30,1,train,75,0.790000,0.769756
30,1,train,76,0.170000,0.110919
30,1,train,77,0.090000,0.097776
30,1,train,78,0.075400,0.065419
30,1,train,79,0.273300,0.246928
30,1,train,80,0.030000,0.100846
30,1,train,81,0.185100,0.171993
30,1,train,82,0.160000,0.142094
30,1,train,83,0.054300,0.092435
30,1,train,84,0.094900,0.103918
30,1,train,85,0.193500,0.193732
30,1,train,86,0.030000,0.057055
30,1,train,87,0.073410,0.088713
30,1,train,88,0.022000,0.024589
30,1,train,89,0.210000,0.177691
30,1,train,90,0.010000,0.040512
30,1,train,91,0.210000,0.202998
30,1,train,92,0.094600,0.098469
30,1,train,93,-0.030000,0.021499
30,1,train,94,0.180000,0.166800
30,1,train,95,0.032000,0.052685
30,1,train,96,0.114400,0.130591
30,1,train,97,0.290000,0.247317
30,1,train,98,0.150000,0.199268
30,1,train,99,0.350000,0.319634
30,1,train,100,0.190000,0.184121
30,1,train,101,0.160000,0.162193
30,1,train,102,0.240000,0.213380
30,1,train,103,0.232000,0.222543
30,1,train,104,0.137000,0.117799
30,1,train,105,0.270000,0.241702
30,1,train,106,0.060000,0.122523
30,1,train,107,0.380000,0.330071
30,1,train,108,0.160000,0.138651
30,1,train,109,0.072000,0.095877
30,1,train,110,0.130000,0.129016
30,1,train,111,0.100000,0.107375
30,1,train,112,0.540000,0.388791
30,1,train,113,0.160000,0.159975
30,1,train,114,0.133000,0.129435
30,1,train,115,0.240000,0.178780
30,1,train,116,0.025000,0.026545
30,1,train,117,0.260000,0.245252
30,1,train,118,0.065340,0.099417
30,1,train,119,0.052410,0.089145
30,1,train,120,0.020000,0.020488
30,1,train,121,0.260000,0.275951
30,1,train,122,0.240000,0.195413
30,1,train,123,0.011000,0.055746
30,1,train,124,0.035100,0.047318
30,1,train,125,0.030000,0.059293
30,1,train,126,0.020000,0.021585
30,1,train,127,0.370000,0.329610
30,1,train,128,0.020000,0.070488
30,1,train,129,0.095300,0.086461
30,2,test,0,0.310000,0.270592
30,2,test,1,0.260000,0.285650
30,2,test,2,0.072000,0.133169
30,2,test,3,0.270000,0.248291
30,2,test,4,0.180000,0.137683
30,2,test,5,0.210000,0.093587
30,2,test,6,0.052410,0.169260
30,2,test,7,0.080000,0.079660
30,2,test,8,0.032000,0.127715
30,2,test,9,0.280000,0.235020
30,2,test,10,0.093900,0.105775
30,2,test,11,0.240000,0.112120
30,2,test,12,0.100000,0.117315
30,2,test,13,0.150000,0.233352
30,2,test,14,0.090000,0.113470
30,2,test,15,0.273300,0.167709
30,2,test,16,0.110000,0.119733
30,2,test,17,0.011000,0.134162
30,2,test,18,0.200000,0.165389
30,2,test,19,0.111520,0.154296
30,2,test,20,-0.080000,0.118838
30,2,test,21,0.073410,0.123556
30,2,test,22,0.043800,0.089606
30,2,test,23,0.010000,0.109837
30,2,test,24,-0.350000,0.209698
30,2,test,25,0.260000,0.277486
30,2,test,26,0.084600,0.113442
30,2,test,27,0.224400,0.196988
30,2,test,28,0.010000,0.031795
30,2,test,29,0.035100,0.070167
30,2,test,30,0.174900,0.123247
30,2,test,31,0.018000,0.144484
30,2,test,32,0.020000,0.091647
30,2,train,0,0.115100,0.120966
30,2,train,1,0.320000,0.277486
30,2,train,2,0.023500,0.039617
30,2,train,3,0.790000,0.738100
30,2,train,4,-0.110000,-0.001150
30,2,train,5,0.080000,0.086067
30,2,train,6,0.024200,0.055853
30,2,train,7,0.190000,0.152272
30,2,train,8,0.170000,0.117729
30,2,train,9,0.133000,0.119380
30,2,train,10,0.040000,0.060217
30,2,train,11,0.020000,0.031795
30,2,train,12,0.010000,0.029310
30,2,train,13,0.144700,0.132943
30,2,train,14,0.040000,0.103149
30,2,train,15,0.030000,0.110414
30,2,train,16,0.820000,0.749661
30,2,train,17,0.090000,0.086117
30,2,train,18,0.010000,0.037188
30,2,train,19,0.244400,0.234763
30,2,train,20,0.190000,0.169580
30,2,train,21,0.144700,0.129969
30,2,train,22,0.020000,0.092264
30,2,train,23,0.264400,0.238340
30,2,train,24,0.048480,0.061416
30,2,train,25,0.240000,0.215374
30,2,train,26,0.110000,0.117945
30,2,train,27,0.062000,0.081667
30,2,train,28,0.065340,0.093038
30,2,train,29,0.180000,0.171728
30,2,train,30,0.030000,0.043465
30,2,train,31,0.120000,0.170167
30,2,train,32,0.025000,0.031932
30,2,train,33,0.114400,0.114421
30,2,train,34,-0.390000,-0.166068
30,2,train,35,0.030000,0.054785
30,2,train,36,0.020000,0.037977
30,2,train,37,0.018000,0.029156
30,2,train,38,0.090000,0.084564
30,2,train,39,0.151000,0.136584
30,2,train,40,0.790000,0.758791
30,2,train,41,0.094600,0.101349
30,2,train,42,0.020000,0.041431
30,2,train,43,0.190000,0.140006
30,2,train,44,0.050000,0.052934
30,2,train,45,0.040000,0.076725
30,2,train,46,0.240000,0.195043
30,2,train,47,0.439000,0.352171
30,2,train,48,0.050000,0.082524
30,2,train,49,0.000000,0.048913
30,2,train,50,0.185100,0.182384
30,2,train,51,0.270000,0.203723
30,2,train,52,0.151000,0.135318
30,2,train,53,0.130000,0.128990
30,2,train,54,0.540000,0.365902
30,2,train,55,0.240000,0.206238
30,2,train,56,0.075400,0.071008
30,2,train,57,0.010000,0.054250
30,2,train,58,0.144500,0.145373
30,2,train,59,0.075400,0.071386
30,2,train,60,0.130000,0.129096
30,2,train,61,-0.030000,0.018765
30,2,train,62,0.280000,0.208982
30,2,train,63,0.190000,0.185069
30,2,train,64,0.284200,0.239052
30,2,train,65,0.063300,0.083741
30,2,train,66,0.020000,0.085012
30,2,train,67,0.094900,0.106940
30,2,train,68,0.260000,0.246375
30,2,train,69,0.054300,0.123556
30,2,train,70,0.135000,0.162267
30,2,train,71,0.160000,0.119161
30,2,train,72,0.100000,0.114937
30,2,train,73,0.035400,0.044170
30,2,train,74,0.160000,0.146340
30,2,train,75,0.260000,0.250711
30,2,train,76,0.150000,0.198499
30,2,train,77,0.232000,0.255045
30,2,train,78,0.020000,0.070784
30,2,train,79,0.020000,0.064319
30,2,train,80,0.100000,0.133821
30,2,train,81,0.200000,0.226357
30,2,train,82,0.290000,0.256746
30,2,train,83,0.050000,0.069386
30,2,train,84,0.020000,0.042642
30,2,train,85,0.030000,0.075429
30,2,train,86,0.160000,0.150688
30,2,train,87,0.350000,0.289511
30,2,train,88,0.020000,0.034055
30,2,train,89,0.163300,0.146312
30,2,train,90,0.210000,0.216796
30,2,train,91,0.035100,0.060783
30,2,train,92,0.190000,0.154217
30,2,train,93,0.115100,0.122049
30,2,train,94,0.022000,0.029562
30,2,train,95,0.160000,0.159480
30,2,train,96,0.160000,0.145431
30,2,train,97,0.185100,0.180750
30,2,train,98,0.360000,0.331110
30,2,train,99,0.290000,0.248453
30,2,train,100,0.090000,0.122456
30,2,train,101,0.094700,0.117831
30,2,train,102,0.094900,0.101879
30,2,train,103,0.070000,0.059797
30,2,train,104,0.030000,0.072159
30,2,train,105,0.380000,0.333898
30,2,train,106,0.330000,0.252794
30,2,train,107,0.242000,0.218369
30,2,train,108,0.045300,0.060996
30,2,train,109,0.200000,0.206898
30,2,train,110,0.190000,0.180469
30,2,train,111,0.080000,0.090951
30,2,train,112,0.220000,0.186571
30,2,train,113,0.230000,0.223172
30,2,train,114,0.095300,0.090784
30,2,train,115,0.280000,0.246982
30,2,train,116,0.250000,0.237353
30,2,train,117,0.150000,0.181527
30,2,train,118,0.058480,0.088755
30,2,train,119,0.060000,0.088959
30,2,train,120,0.044200,0.065383
30,2,train,121,0.403000,0.350230
30,2,train,122,0.035400,0.042831
30,2,train,123,0.380000,0.313499
30,2,train,124,0.220000,0.194591
30,2,train,125,0.174900,0.143735
30,2,train,126,0.193500,0.188339
30,2,train,127,0.137000,0.126608
30,2,train,128,0.370000,0.285650
30,2,train,129,0.090000,0.100376
30,3,test,0,-0.030000,0.083743
30,3,test,1,0.150000,0.232634
30,3,test,2,0.310000,0.279368
30,3,test,3,0.180000,0.128120
30,3,test,4,0.044200,0.112153
30,3,test,5,0.062000,0.116408
30,3,test,6,0.094900,0.132819
30,3,test,7,0.030000,0.138490
30,3,test,8,0.230000,0.227348
30,3,test,9,0.063300,0.142982
30,3,test,10,0.090000,0.116047
30,3,test,11,0.020000,0.020721
30,3,test,12,0.273300,0.212874
30,3,test,13,0.040000,0.084083
30,3,test,14,0.052410,0.174424
30,3,test,15,0.023500,0.056623
30,3,test,16,0.058480,0.147839
30,3,test,17,0.439000,0.214233
30,3,test,18,0.232000,0.328229
30,3,test,19,0.790000,0.709026
30,3,test,20,0.120000,0.252890
30,3,test,21,-0.390000,0.180660
30,3,test,22,0.050000,0.047054
30,3,test,23,0.540000,0.074596
30,3,test,24,0.185100,0.159540
30,3,test,25,0.190000,0.138474
30,3,test,26,0.360000,0.294764
30,3,test,27,0.200000,0.135341
30,3,test,28,0.190000,0.140813
30,3,test,29,0.032000,0.105337
30,3,test,30,0.020000,0.140741
30,3,test,31,0.220000,0.141274
30,3,test,32,-0.080000,0.113065
30,3,train,0,0.090000,0.093428
30,3,train,1,0.080000,0.079171
30,3,train,2,0.073410,0.092193
30,3,train,3,0.045300,0.060422
30,3,train,4,0.011000,0.057039
30,3,train,5,0.350000,0.294061
30,3,train,6,0.264400,0.228636
30,3,train,7,0.290000,0.270264
30,3,train,8,0.030000,0.044529
30,3,train,9,0.130000,0.124573
30,3,train,10,0.370000,0.313166
30,3,train,11,0.010000,0.077585
30,3,train,12,0.193500,0.188655
30,3,train,13,0.130000,0.123599
30,3,train,14,0.137000,0.117321
30,3,train,15,0.100000,0.109534
30,3,train,16,0.020000,0.064551
30,3,train,17,0.330000,0.252094
30,3,train,18,0.093900,0.092705
30,3,train,19,0.174900,0.163006
30,3,train,20,0.200000,0.211810
30,3,train,21,0.075400,0.069440
30,3,train,22,0.094900,0.117681
30,3,train,23,0.030000,0.059783
30,3,train,24,0.084600,0.096430
30,3,train,25,0.111520,0.134160
30,3,train,26,0.030000,0.081143
30,3,train,27,0.160000,0.138544
30,3,train,28,0.144700,0.132618
30,3,train,29,0.284200,0.230640
30,3,train,30,0.160000,0.148474
30,3,train,31,0.090000,0.118258
30,3,train,32,0.144500,0.124341
30,3,train,33,0.030000,0.045524
30,3,train,34,0.100000,0.104934
30,3,train,35,0.020000,0.080747
30,3,train,36,0.090000,0.082283
30,3,train,37,0.240000,0.177345
30,3,train,38,0.022000,0.025774
30,3,train,39,0.144700,0.133268
30,3,train,40,0.280000,0.208487
30,3,train,41,0.035400,0.044835
30,3,train,42,0.260000,0.263995
30,3,train,43,0.224400,0.218890
30,3,train,44,0.163300,0.155945
30,3,train,45,0.260000,0.243813
30,3,train,46,0.403000,0.298469
30,3,train,47,0.020000,0.031168
30,3,train,48,0.040000,0.092850
30,3,train,49,0.020000,0.052436
30,3,train,50,0.072000,0.068608
30,3,train,51,0.043800,0.052488
30,3,train,52,0.048480,0.059847
30,3,train,53,0.270000,0.264060
30,3,train,54,0.025000,0.026870
30,3,train,55,0.160000,0.135487
30,3,train,56,0.020000,0.070561
30,3,train,57,0.270000,0.219945
30,3,train,58,0.024200,0.074339
30,3,train,59,0.114400,0.124169
30,3,train,60,0.050000,0.066725
30,3,train,61,0.080000,0.082372
30,3,train,62,0.035400,0.042769
30,3,train,63,0.100000,0.106051
30,3,train,64,0.020000,0.041566
30,3,train,65,0.174900,0.165240
30,3,train,66,0.250000,0.249482
30,3,train,67,0.200000,0.214195
30,3,train,68,0.135000,0.155311
30,3,train,69,0.185100,0.162709
30,3,train,70,0.190000,0.133945
30,3,train,71,0.035100,0.047019
30,3,train,72,0.018000,0.058375
30,3,train,73,0.320000,0.290141
30,3,train,74,0.040000,0.110067
30,3,train,75,0.110000,0.110664
30,3,train,76,0.240000,0.210664
30,3,train,77,0.010000,0.022620
30,3,train,78,0.094700,0.107520
30,3,train,79,0.290000,0.232028
30,3,train,80,0.260000,0.275065
30,3,train,81,0.150000,0.194925
30,3,train,82,0.010000,0.052467
30,3,train,83,0.820000,0.707837
30,3,train,84,0.060000,0.112527
30,3,train,85,0.260000,0.257443
30,3,train,86,0.000000,0.052216
30,3,train,87,0.050000,0.082394
30,3,train,88,0.170000,0.098291
30,3,train,89,0.160000,0.116138
30,3,train,90,0.190000,0.150474
30,3,train,91,0.180000,0.166760
30,3,train,92,0.244400,0.232019
30,3,train,93,0.280000,0.260987
30,3,train,94,0.115100,0.121558
30,3,train,95,0.210000,0.175511
30,3,train,96,0.210000,0.212708
30,3,train,97,0.075400,0.069110
30,3,train,98,0.065340,0.081381
30,3,train,99,0.095300,0.097548
30,3,train,100,0.035100,0.047392
30,3,train,101,0.240000,0.247471
30,3,train,102,0.242000,0.217577
30,3,train,103,0.380000,0.322108
30,3,train,104,0.160000,0.152123
30,3,train,105,0.020000,0.047054
30,3,train,106,0.110000,0.110855
30,3,train,107,0.010000,0.038367
30,3,train,108,0.220000,0.209019
30,3,train,109,0.070000,0.083760
30,3,train,110,0.115100,0.120366
30,3,train,111,0.240000,0.191790
30,3,train,112,0.190000,0.187257
30,3,train,113,0.280000,0.262771
30,3,train,114,-0.110000,-0.027876
30,3,train,115,0.151000,0.135493
30,3,train,116,0.054300,0.092509
30,3,train,117,0.133000,0.123977
30,3,train,118,0.151000,0.137006
30,3,train,119,0.150000,0.188144
30,3,train,120,-0.350000,-0.154825
30,3,train,121,0.380000,0.294764
30,3,train,122,0.010000,0.023458
30,3,train,123,0.080000,0.098444
30,3,train,124,0.018000,0.024267
30,3,train,125,0.094600,0.101400
30,3,train,126,0.020000,0.091038
30,3,train,127,0.790000,0.702099
30,3,train,128,0.190000,0.156300
30,3,train,129,0.090000,0.084707
30,4,test,0,0.439000,0.205753
30,4,test,1,0.073410,0.207404
30,4,test,2,0.080000,0.101122
30,4,test,3,0.151000,0.114169
30,4,test,4,0.000000,0.121337
30,4,test,5,0.044200,0.102281
30,4,test,6,0.090000,0.111297
30,4,test,7,0.244400,0.226153
30,4,test,8,0.290000,0.187977
30,4,test,9,0.052410,0.190514
30,4,test,10,0.010000,0.059294
30,4,test,11,0.170000,0.062704
30,4,test,12,0.040000,0.161186
30,4,test,13,0.060000,0.142586
30,4,test,14,0.260000,0.246427
30,4,test,15,0.084600,0.114035
30,4,test,16,0.054300,0.207404
30,4,test,17,0.224400,0.192434
30,4,test,18,-0.080000,0.072765
30,4,test,19,0.062000,0.115245
30,4,test,20,0.284200,0.158826
30,4,test,21,0.200000,0.171917
30,4,test,22,0.160000,0.120115
30,4,test,23,0.144500,0.075055
30,4,test,24,0.090000,0.111739
30,4,test,25,0.010000,0.092538
30,4,test,26,0.185100,0.155017
30,4,test,27,0.790000,0.669680
30,4,test,28,0.310000,0.258473
30,4,test,29,0.010000,0.061089
30,4,test,30,0.280000,0.231450
30,4,test,31,0.380000,0.224510
30,4,test,32,0.273300,0.161194
30,4,train,0,0.025000,0.048916
30,4,train,1,0.050000,0.058249
30,4,train,2,0.050000,0.091737
30,4,train,3,0.185100,0.157072
30,4,train,4,0.190000,0.135932
30,4,train,5,0.065340,0.115047
30,4,train,6,0.040000,0.098351
30,4,train,7,0.144700,0.116726
30,4,train,8,0.130000,0.122928
30,4,train,9,0.240000,0.185913
30,4,train,10,0.250000,0.228796
30,4,train,11,0.111520,0.132413
30,4,train,12,0.100000,0.109994
30,4,train,13,0.023500,0.053895
30,4,train,14,0.094700,0.135925
30,4,train,15,0.242000,0.201949
30,4,train,16,0.030000,0.070787
30,4,train,17,0.200000,0.199452
30,4,train,18,0.360000,0.259959
30,4,train,19,0.270000,0.177244
30,4,train,20,0.150000,0.162172
30,4,train,21,0.380000,0.275731
30,4,train,22,0.270000,0.247634
30,4,train,23,0.040000,0.078358
30,4,train,24,0.080000,0.118817
30,4,train,25,0.020000,0.113478
30,4,train,26,0.011000,0.069196
30,4,train,27,0.080000,0.105506
30,4,train,28,0.090000,0.112434
30,4,train,29,0.070000,0.059517
30,4,train,30,0.193500,0.165530
30,4,train,31,0.190000,0.166111
30,4,train,32,0.264400,0.228298
30,4,train,33,0.150000,0.174736
30,4,train,34,0.280000,0.239942
30,4,train,35,0.018000,0.077019
30,4,train,36,0.022000,0.044411
30,4,train,37,0.035400,0.057163
30,4,train,38,0.032000,0.070780
30,4,train,39,0.240000,0.156646
30,4,train,40,0.163300,0.144984
30,4,train,41,0.094900,0.111126
30,4,train,42,0.030000,0.080662
30,4,train,43,0.110000,0.120645
30,4,train,44,0.030000,0.074215
30,4,train,45,0.540000,0.267995
30,4,train,46,0.230000,0.215069
30,4,train,47,0.280000,0.167612
30,4,train,48,0.115100,0.131668
30,4,train,49,0.210000,0.146511
30,4,train,50,0.063300,0.127541
30,4,train,51,0.058480,0.117252
30,4,train,52,0.320000,0.246427
30,4,train,53,0.020000,0.061000
30,4,train,54,0.115100,0.131005
30,4,train,55,0.220000,0.178053
30,4,train,56,0.020000,0.098737
30,4,train,57,0.190000,0.125865
30,4,train,58,0.100000,0.111498
30,4,train,59,0.370000,0.251182
30,4,train,60,0.095300,0.086834
30,4,train,61,0.350000,0.264860
30,4,train,62,0.190000,0.159740
30,4,train,63,0.020000,0.052992
30,4,train,64,0.035100,0.068114
30,4,train,65,0.048480,0.083269
30,4,train,66,0.035100,0.068444
30,4,train,67,0.072000,0.103142
30,4,train,68,0.110000,0.119961
30,4,train,69,0.190000,0.154181
30,4,train,70,0.190000,0.129209
30,4,train,71,0.075400,0.069471
30,4,train,72,0.240000,0.217098
30,4,train,73,0.260000,0.241781
30,4,train,74,0.090000,0.095651
30,4,train,75,0.090000,0.108647
30,4,train,76,-0.030000,0.030957
30,4,train,77,0.133000,0.116581
30,4,train,78,-0.350000,-0.100623
30,4,train,79,0.174900,0.147019
30,4,train,80,0.290000,0.217579
30,4,train,81,0.160000,0.141147
30,4,train,82,0.030000,0.094675
30,4,train,83,0.137000,0.129376
30,4,train,84,0.180000,0.141628
30,4,train,85,0.820000,0.689765
30,4,train,86,0.093900,0.108652
30,4,train,87,0.094900,0.112369
30,4,train,88,0.024200,0.083389
30,4,train,89,0.020000,0.055345
30,4,train,90,0.020000,0.126150
30,4,train,91,0.144700,0.115943
30,4,train,92,0.151000,0.113219
30,4,train,93,0.050000,0.079404
30,4,train,94,0.100000,0.126843
30,4,train,95,0.403000,0.273624
30,4,train,96,0.035400,0.057374
30,4,train,97,0.130000,0.125528
30,4,train,98,0.150000,0.186945
30,4,train,99,0.260000,0.224535
30,4,train,100,0.180000,0.152170
30,4,train,101,0.018000,0.047811
30,4,train,102,0.135000,0.157082
30,4,train,103,0.160000,0.111321
30,4,train,104,-0.110000,0.012452
30,4,train,105,0.210000,0.209768
30,4,train,106,0.010000,0.065367
30,4,train,107,0.114400,0.137353
30,4,train,108,-0.390000,-0.219869
30,4,train,109,0.010000,0.055137
30,4,train,110,0.094600,0.115946
30,4,train,111,0.020000,0.111335
30,4,train,112,0.790000,0.681265
30,4,train,113,0.160000,0.139926
30,4,train,114,0.260000,0.236585
30,4,train,115,0.045300,0.066014
30,4,train,116,0.043800,0.068928
30,4,train,117,0.020000,0.073822
30,4,train,118,0.232000,0.258289
30,4,train,119,0.020000,0.052037
30,4,train,120,0.075400,0.069952
30,4,train,121,0.030000,0.099617
30,4,train,122,0.200000,0.211980
30,4,train,123,0.330000,0.234227
30,4,train,124,0.020000,0.061089
30,4,train,125,0.160000,0.151450
30,4,train,126,0.174900,0.141235
30,4,train,127,0.220000,0.197889
30,4,train,128,0.240000,0.146324
30,4,train,129,0.120000,0.191417
30,5,test,0,0.054300,0.180524
30,5,test,1,0.240000,0.209275
30,5,test,2,0.040000,0.150889
30,5,test,3,0.790000,0.675250
30,5,test,4,0.100000,0.120396
30,5,test,5,0.010000,0.131459
30,5,test,6,0.094600,0.126624
30,5,test,7,-0.350000,0.201337
30,5,test,8,0.240000,0.155266
30,5,test,9,0.093900,0.117042
30,5,test,10,0.185100,0.168908
30,5,test,11,0.190000,0.151568
30,5,test,12,0.024200,0.121151
30,5,test,13,0.032000,0.124350
30,5,test,14,0.280000,0.208046
30,5,test,15,-0.030000,0.099108
30,5,test,16,0.030000,0.078873
30,5,test,17,0.160000,0.077575
30,5,test,18,0.260000,0.186040
30,5,test,19,0.063300,0.150507
30,5,test,20,0.190000,0.136076
30,5,test,21,0.160000,0.120248
30,5,test,22,0.163300,0.135200
30,5,test,23,0.023500,0.091629
30,5,test,24,0.094700,0.165601
30,5,test,25,0.174900,0.116617
30,5,test,26,0.090000,0.117433
30,5,test,27,0.035100,0.097020
30,5,test,28,0.052410,0.186522
30,5,test,29,0.200000,0.207427
30,5,test,30,0.010000,0.073580
30,5,test,31,0.220000,0.170888
30,5,test,32,0.190000,0.128728
30,5,train,0,0.160000,0.148018
30,5,train,1,0.790000,0.675266
30,5,train,2,0.075400,0.079597
30,5,train,3,0.050000,0.065588
30,5,train,4,0.110000,0.122470
30,5,train,5,0.310000,0.222756
30,5,train,6,0.040000,0.134049
30,5,train,7,0.090000,0.120391
30,5,train,8,0.174900,0.119915
30,5,train,9,0.020000,0.118636
30,5,train,10,0.144700,0.116915
30,5,train,11,-0.110000,0.055467
30,5,train,12,0.133000,0.116780
30,5,train,13,0.048480,0.104047
30,5,train,14,0.010000,0.064555
30,5,train,15,0.220000,0.153926
30,5,train,16,0.250000,0.220330
30,5,train,17,0.190000,0.116848
30,5,train,18,0.270000,0.165102
30,5,train,19,0.193500,0.172786
30,5,train,20,0.232000,0.233691
30,5,train,21,0.260000,0.223041
30,5,train,22,0.370000,0.220406
30,5,train,23,0.100000,0.157869
30,5,train,24,0.260000,0.218438
30,5,train,25,0.060000,0.138416
30,5,train,26,0.151000,0.121161
30,5,train,27,0.020000,0.062372
30,5,train,28,0.244400,0.207319
30,5,train,29,0.094900,0.113131
30,5,train,30,0.025000,0.070297
30,5,train,31,0.018000,0.070041
30,5,train,32,0.210000,0.200776
30,5,train,33,0.065340,0.114608
30,5,train,34,0.111520,0.161247
30,5,train,35,0.150000,0.195590
30,5,train,36,0.190000,0.172113
30,5,train,37,0.070000,0.098942
30,5,train,38,0.160000,0.130341
30,5,train,39,0.137000,0.125260
30,5,train,40,0.210000,0.129986
30,5,train,41,0.095300,0.108231
30,5,train,42,0.100000,0.120311
30,5,train,43,0.403000,0.285441
30,5,train,44,0.170000,0.104625
30,5,train,45,0.260000,0.227872
30,5,train,46,0.020000,0.115145
30,5,train,47,0.020000,0.077270
30,5,train,48,0.035400,0.075213
30,5,train,49,0.022000,0.068348
30,5,train,50,0.151000,0.119945
30,5,train,51,0.150000,0.194990
30,5,train,52,0.094900,0.112526
30,5,train,53,0.135000,0.180175
30,5,train,54,0.130000,0.125648
30,5,train,55,0.080000,0.111476
30,5,train,56,0.073410,0.177749
30,5,train,57,0.020000,0.086726
30,5,train,58,0.084600,0.117326
30,5,train,59,0.284200,0.194284
30,5,train,60,0.240000,0.140711
30,5,train,61,0.230000,0.214874
30,5,train,62,0.044200,0.110827
30,5,train,63,0.072000,0.113726
30,5,train,64,0.280000,0.145573
30,5,train,65,0.010000,0.056515
30,5,train,66,0.115100,0.146607
30,5,train,67,0.080000,0.094700
30,5,train,68,0.075400,0.078806
30,5,train,69,0.190000,0.119126
30,5,train,70,0.120000,0.210725
30,5,train,71,0.110000,0.122938
30,5,train,72,0.144700,0.115191
30,5,train,73,0.242000,0.200324
30,5,train,74,0.224400,0.198237
30,5,train,75,0.030000,0.069063
30,5,train,76,0.115100,0.148686
30,5,train,77,0.035100,0.093842
30,5,train,78,0.180000,0.132946
30,5,train,79,0.020000,0.093713
30,5,train,80,0.380000,0.234186
30,5,train,81,0.030000,0.109124
30,5,train,82,0.080000,0.116561
30,5,train,83,0.090000,0.102770
30,5,train,84,0.160000,0.131581
30,5,train,85,0.150000,0.186245
30,5,train,86,0.030000,0.119740
30,5,train,87,0.040000,0.091151
30,5,train,88,0.320000,0.230345
30,5,train,89,0.439000,0.272291
30,5,train,90,-0.390000,-0.144512
30,5,train,91,0.180000,0.154269
30,5,train,92,0.000000,0.101993
30,5,train,93,0.144500,0.152065
30,5,train,94,0.035400,0.075958
30,5,train,95,0.020000,0.075156
30,5,train,96,0.045300,0.082311
30,5,train,97,0.540000,0.206920
30,5,train,98,0.280000,0.214011
30,5,train,99,0.058480,0.134926
30,5,train,100,0.360000,0.242464
30,5,train,101,0.050000,0.092177
30,5,train,102,0.010000,0.074254
30,5,train,103,0.820000,0.685315
30,5,train,104,0.020000,0.116946
30,5,train,105,0.330000,0.191353
30,5,train,106,0.200000,0.152303
30,5,train,107,0.200000,0.193873
30,5,train,108,0.240000,0.155470
30,5,train,109,0.273300,0.169191
30,5,train,110,0.090000,0.094883
30,5,train,111,0.020000,0.065549
30,5,train,112,0.290000,0.223136
30,5,train,113,0.270000,0.223448
30,5,train,114,0.130000,0.125999
30,5,train,115,0.114400,0.132075
30,5,train,116,-0.080000,0.075813
30,5,train,117,0.043800,0.083688
30,5,train,118,0.264400,0.206258
30,5,train,119,0.185100,0.171145
30,5,train,120,0.030000,0.084758
30,5,train,121,0.062000,0.110905
30,5,train,122,0.380000,0.241293
30,5,train,123,0.050000,0.105386
30,5,train,124,0.090000,0.126062
30,5,train,125,0.350000,0.228472
30,5,train,126,0.020000,0.142885
30,5,train,127,0.011000,0.096032
30,5,train,128,0.290000,0.196325
30,5,train,129,0.018000,0.106174
30,6,test,0,0.190000,0.130125
30,6,test,1,0.310000,0.158162
30,6,test,2,0.220000,0.111971
30,6,test,3,0.095300,0.100244
30,6,test,4,0.280000,0.161131
30,6,test,5,0.100000,0.110842
30,6,test,6,0.020000,0.090461
30,6,test,7,0.190000,0.154301
30,6,test,8,0.290000,0.179306
30,6,test,9,0.144700,0.105090
30,6,test,10,0.790000,0.261357
30,6,test,11,0.020000,0.138765
30,6,test,12,0.020000,0.110466
30,6,test,13,0.160000,0.167397
30,6,test,14,0.114400,0.120290
30,6,test,15,0.174900,0.121447
30,6,test,16,0.260000,0.195617
30,6,test,17,0.210000,0.215691
30,6,test,18,0.045300,0.085514
30,6,test,19,0.084600,0.124112
30,6,test,20,0.150000,0.232024
30,6,test,21,0.040000,0.172509
30,6,test,22,0.151000,0.094586
30,6,test,23,0.280000,0.171485
30,6,test,24,0.151000,0.094586
30,6,test,25,0.035400,0.088610
30,6,test,26,0.144500,0.147113
30,6,test,27,0.030000,0.128786
30,6,test,28,0.160000,0.096296
30,6,test,29,-0.390000,0.148622
30,6,test,30,0.035100,0.089954
30,6,test,31,0.200000,0.111971
30,6,test,32,0.035400,0.088610
30,6,train,0,0.133000,0.132334
30,6,train,1,0.190000,0.184862
30,6,train,2,0.200000,0.187249
30,6,train,3,0.093900,0.104584
30,6,train,4,0.030000,0.095162
30,6,train,5,0.135000,0.168542
30,6,train,6,0.000000,0.095536
30,6,train,7,0.110000,0.112526
30,6,train,8,0.100000,0.110842
30,6,train,9,0.190000,0.115691
30,6,train,10,0.163300,0.139386
30,6,train,11,0.080000,0.113484
30,6,train,12,0.094900,0.121167
30,6,train,13,0.025000,0.089394
30,6,train,14,0.260000,0.220987
30,6,train,15,0.370000,0.220987
30,6,train,16,0.018000,0.089394
30,6,train,17,0.150000,0.224255
30,6,train,18,0.264400,0.212636
30,6,train,19,0.100000,0.147628
30,6,train,20,0.240000,0.130662
30,6,train,21,0.185100,0.181275
30,6,train,22,0.230000,0.234359
30,6,train,23,0.043800,0.104257
30,6,train,24,0.020000,0.099164
30,6,train,25,0.160000,0.110308
30,6,train,26,0.170000,0.116307
30,6,train,27,0.270000,0.181342
30,6,train,28,0.094700,0.170787
30,6,train,29,0.020000,0.096085
30,6,train,30,0.090000,0.118340
30,6,train,31,0.120000,0.188735
30,6,train,32,0.284200,0.194451
30,6,train,33,0.240000,0.106405
30,6,train,34,0.020000,0.110466
30,6,train,35,0.065340,0.110773
30,6,train,36,0.330000,0.158640
30,6,train,37,0.190000,0.189921
30,6,train,38,0.020000,0.110308
30,6,train,39,0.220000,0.183585
30,6,train,40,0.130000,0.119652
30,6,train,41,0.180000,0.099088
30,6,train,42,0.050000,0.165027
30,6,train,43,0.080000,0.100807
30,6,train,44,0.224400,0.187101
30,6,train,45,0.018000,0.116172
30,6,train,46,0.320000,0.234584
30,6,train,47,0.075400,0.079742
30,6,train,48,0.090000,0.142598
30,6,train,49,0.010000,0.087159
30,6,train,50,0.072000,0.109411
30,6,train,51,0.200000,0.165151
30,6,train,52,-0.080000,0.103995
30,6,train,53,0.020000,0.180333
30,6,train,54,0.190000,0.142598
30,6,train,55,0.011000,0.163672
30,6,train,56,0.080000,0.116427
30,6,train,57,0.040000,0.117196
30,6,train,58,0.280000,0.129827
30,6,train,59,0.150000,0.179306
30,6,train,60,0.240000,0.188735
30,6,train,61,0.094600,0.118645
30,6,train,62,0.044200,0.096909
30,6,train,63,0.022000,0.088147
30,6,train,64,0.062000,0.116532
30,6,train,65,0.260000,0.234584
30,6,train,66,0.380000,0.232024
30,6,train,67,0.094900,0.121167
30,6,train,68,0.242000,0.176450
30,6,train,69,0.010000,0.138293
30,6,train,70,0.180000,0.142598
30,6,train,71,0.048480,0.099796
30,6,train,72,0.380000,0.214288
30,6,train,73,0.290000,0.165151
30,6,train,74,0.023500,0.090461
30,6,train,75,0.024200,0.100914
30,6,train,76,0.073410,0.207564
30,6,train,77,0.050000,0.129113
30,6,train,78,0.273300,0.179531
30,6,train,79,0.137000,0.107573
30,6,train,80,0.111520,0.161886
30,6,train,81,0.075400,0.079742
30,6,train,82,0.032000,0.134564
30,6,train,83,0.090000,0.105651
30,6,train,84,0.020000,0.110466
30,6,train,85,0.030000,0.113700
30,6,train,86,0.020000,0.113484
30,6,train,87,0.010000,0.110466
30,6,train,88,0.115100,0.167648
30,6,train,89,0.403000,0.189211
30,6,train,90,-0.030000,0.076239
30,6,train,91,0.070000,0.076239
30,6,train,92,0.063300,0.171192
30,6,train,93,-0.350000,0.154499
30,6,train,94,0.115100,0.162320
30,6,train,95,0.360000,0.224255
30,6,train,96,0.160000,0.190131
30,6,train,97,0.232000,0.188602
30,6,train,98,0.193500,0.189921
30,6,train,99,0.244400,0.206609
30,6,train,100,0.250000,0.195617
30,6,train,101,0.110000,0.112526
30,6,train,102,0.060000,0.173003
30,6,train,103,-0.110000,0.099174
30,6,train,104,0.210000,0.134065
30,6,train,105,0.439000,0.180074
30,6,train,106,0.040000,0.131620
30,6,train,107,0.820000,0.247799
30,6,train,108,0.260000,0.165151
30,6,train,109,0.130000,0.119652
30,6,train,110,0.090000,0.115599
30,6,train,111,0.270000,0.187796
30,6,train,112,0.030000,0.087159
30,6,train,113,0.058480,0.142427
30,6,train,114,0.790000,0.282141
30,6,train,115,0.350000,0.158162
30,6,train,116,0.540000,0.118899
30,6,train,117,0.010000,0.097089
30,6,train,118,0.054300,0.207564
30,6,train,119,0.144700,0.105090
30,6,train,120,0.174900,0.122638
30,6,train,121,0.240000,0.124325
30,6,train,122,0.052410,0.180656
30,6,train,123,0.160000,0.138840
30,6,train,124,0.185100,0.181275
30,6,train,125,0.050000,0.099164
30,6,train,126,0.035100,0.089954
30,6,train,127,0.030000,0.127002
30,6,train,128,0.090000,0.120597
30,6,train,129,0.010000,0.110466
30,7,test,0,0.144700,0.103457
30,7,test,1,0.130000,0.120612
30,7,test,2,0.095300,0.108872
30,7,test,3,0.030000,0.161094
30,7,test,4,0.290000,0.148731
30,7,test,5,0.075400,0.090699
30,7,test,6,0.150000,0.165497
30,7,test,7,0.020000,0.136653
30,7,test,8,0.094700,0.178052
30,7,test,9,0.280000,0.147337
30,7,test,10,0.073410,0.169029
30,7,test,11,0.200000,0.137800
30,7,test,12,0.380000,0.169031
30,7,test,13,0.190000,0.151095
30,7,test,14,0.020000,0.135366
30,7,test,15,0.072000,0.114482
30,7,test,16,0.080000,0.121589
30,7,test,17,0.018000,0.152416
30,7,test,18,0.220000,0.158035
30,7,test,19,0.240000,0.150320
30,7,test,20,0.020000,0.101202
30,7,test,21,0.084600,0.122500
30,7,test,22,0.160000,0.100526
30,7,test,23,0.790000,0.202800
30,7,test,24,0.060000,0.150085
30,7,test,25,0.090000,0.113626
30,7,test,26,0.135000,0.168675
30,7,test,27,0.210000,0.185199
30,7,test,28,0.230000,0.187917
30,7,test,29,0.115100,0.163161
30,7,test,30,0.115100,0.163320
30,7,test,31,0.790000,0.210418
30,7,test,32,0.110000,0.120067
30,7,train,0,0.244400,0.171915
30,7,train,1,0.260000,0.152899
30,7,train,2,0.035100,0.101516
30,7,train,3,0.160000,0.133082
30,7,train,4,0.022000,0.096877
30,7,train,5,0.160000,0.128083
30,7,train,6,0.100000,0.120069
30,7,train,7,0.032000,0.139117
30,7,train,8,0.063300,0.147073
30,7,train,9,0.190000,0.168372
30,7,train,10,-0.110000,0.110236
30,7,train,11,0.010000,0.135670
30,7,train,12,0.137000,0.122060
30,7,train,13,0.018000,0.099246
30,7,train,14,0.054300,0.169029
30,7,train,15,-0.080000,0.114394
30,7,train,16,-0.030000,0.091182
30,7,train,17,0.273300,0.153278
30,7,train,18,0.048480,0.112851
30,7,train,19,0.200000,0.143022
30,7,train,20,0.094900,0.117144
30,7,train,21,0.190000,0.145659
30,7,train,22,0.100000,0.155218
30,7,train,23,-0.350000,0.123566
30,7,train,24,0.080000,0.114029
30,7,train,25,0.439000,0.174985
30,7,train,26,-0.390000,0.100888
30,7,train,27,0.011000,0.133984
30,7,train,28,0.185100,0.165237
30,7,train,29,0.020000,0.100526
30,7,train,30,0.260000,0.137934
30,7,train,31,0.350000,0.201474
30,7,train,32,0.035400,0.091729
30,7,train,33,0.130000,0.121287
30,7,train,34,0.224400,0.152846
30,7,train,35,0.180000,0.132917
30,7,train,36,0.163300,0.126894
30,7,train,37,0.075400,0.090522
30,7,train,38,0.040000,0.151983
30,7,train,39,0.190000,0.112812
30,7,train,40,0.030000,0.112636
30,7,train,41,0.193500,0.168341
30,7,train,42,0.090000,0.111186
30,7,train,43,0.024200,0.106234
30,7,train,44,0.030000,0.103096
30,7,train,45,0.020000,0.089867
30,7,train,46,0.090000,0.129615
30,7,train,47,0.190000,0.131018
30,7,train,48,0.065340,0.115094
30,7,train,49,0.080000,0.108734
30,7,train,50,0.180000,0.148846
30,7,train,51,0.094900,0.117624
30,7,train,52,0.280000,0.145547
30,7,train,53,0.090000,0.124541
30,7,train,54,0.190000,0.117268
30,7,train,55,0.044200,0.104655
30,7,train,56,0.330000,0.146885
30,7,train,57,0.025000,0.099145
30,7,train,58,0.030000,0.087902
30,7,train,59,0.150000,0.144874
30,7,train,60,0.000000,0.111649
30,7,train,61,0.160000,0.149022
30,7,train,62,0.820000,0.211059
30,7,train,63,0.280000,0.197717
30,7,train,64,0.058480,0.141865
30,7,train,65,0.151000,0.110761
30,7,train,66,0.240000,0.123063
30,7,train,67,0.020000,0.153238
30,7,train,68,0.260000,0.189422
30,7,train,69,0.232000,0.196565
30,7,train,70,0.114400,0.125136
30,7,train,71,0.242000,0.170132
30,7,train,72,0.040000,0.139404
30,7,train,73,0.150000,0.164036
30,7,train,74,0.264400,0.171379
30,7,train,75,0.062000,0.121821
30,7,train,76,0.240000,0.144018
30,7,train,77,0.035100,0.100984
30,7,train,78,0.050000,0.101202
30,7,train,79,0.110000,0.119680
30,7,train,80,0.120000,0.150164
30,7,train,81,0.320000,0.189515
30,7,train,82,0.094600,0.124843
30,7,train,83,0.100000,0.119394
30,7,train,84,0.160000,0.119413
30,7,train,85,0.270000,0.150637
30,7,train,86,0.380000,0.201238
30,7,train,87,0.270000,0.155548
30,7,train,88,0.170000,0.115936
30,7,train,89,0.111520,0.172138
30,7,train,90,0.050000,0.113307
30,7,train,91,0.020000,0.129422
30,7,train,92,0.040000,0.146743
30,7,train,93,0.260000,0.194170
30,7,train,94,0.250000,0.152051
30,7,train,95,0.403000,0.176352
30,7,train,96,0.151000,0.109386
30,7,train,97,0.290000,0.138854
30,7,train,98,0.240000,0.172956
30,7,train,99,0.035400,0.091632
30,7,train,100,0.090000,0.145659
30,7,train,101,0.174900,0.117888
30,7,train,102,0.220000,0.142278
30,7,train,103,0.045300,0.095690
30,7,train,104,0.020000,0.136118
30,7,train,105,0.284200,0.174911
30,7,train,106,0.050000,0.124444
30,7,train,107,0.010000,0.120380
30,7,train,108,0.070000,0.092403
30,7,train,109,0.043800,0.100243
30,7,train,110,0.144500,0.144133
30,7,train,111,0.310000,0.201404
30,7,train,112,0.020000,0.109719
30,7,train,113,0.174900,0.117929
30,7,train,114,0.020000,0.180931
30,7,train,115,0.010000,0.136653
30,7,train,116,0.210000,0.119997
30,7,train,117,0.540000,0.123286
30,7,train,118,0.010000,0.110529
30,7,train,119,0.023500,0.090498
30,7,train,120,0.010000,0.089237
30,7,train,121,0.144700,0.103591
30,7,train,122,0.370000,0.194838
30,7,train,123,0.093900,0.123595
30,7,train,124,0.133000,0.123631
30,7,train,125,0.185100,0.164460
30,7,train,126,0.200000,0.175970
30,7,train,127,0.360000,0.170694
30,7,train,128,0.030000,0.115751
30,7,train,129,0.052410,0.159616
30,8,test,0,0.018000,0.045396
30,8,test,1,-0.030000,0.110379
30,8,test,2,0.439000,0.215627
30,8,test,3,0.264400,0.208672
30,8,test,4,0.100000,0.142554
30,8,test,5,0.114400,0.134194
30,8,test,6,0.100000,0.120523
30,8,test,7,0.160000,0.148412
30,8,test,8,0.160000,0.120287
30,8,test,9,0.043800,0.079021
30,8,test,10,0.200000,0.212271
30,8,test,11,0.240000,0.172447
30,8,test,12,0.220000,0.171840
30,8,test,13,0.054300,0.116743
30,8,test,14,0.180000,0.136587
30,8,test,15,0.075400,0.056329
30,8,test,16,0.380000,0.236486
30,8,test,17,0.052410,0.178457
30,8,test,18,0.070000,0.105694
30,8,test,19,0.144700,0.111597
30,8,test,20,0.030000,0.097481
30,8,test,21,0.093900,0.097072
30,8,test,22,0.020000,0.065793
30,8,test,23,0.290000,0.170919
30,8,test,24,0.210000,0.227167
30,8,test,25,0.160000,0.123009
30,8,test,26,-0.390000,0.189839
30,8,test,27,0.150000,0.223868
30,8,test,28,0.030000,0.119493
30,8,test,29,0.110000,0.113441
30,8,test,30,0.240000,0.167893
30,8,test,31,0.010000,0.030857
30,8,test,32,0.820000,0.575665
30,8,train,0,0.094900,0.109479
30,8,train,1,0.150000,0.182128
30,8,train,2,0.020000,0.099483
30,8,train,3,0.018000,0.074852
30,8,train,4,0.224400,0.218585
30,8,train,5,0.010000,0.047258
30,8,train,6,0.290000,0.239844
30,8,train,7,0.232000,0.243398
30,8,train,8,0.090000,0.099169
30,8,train,9,0.137000,0.121688
30,8,train,10,0.020000,0.026325
30,8,train,11,0.284200,0.234033
30,8,train,12,0.350000,0.322403
30,8,train,13,0.030000,0.041575
30,8,train,14,0.094900,0.106538
30,8,train,15,0.174900,0.161346
30,8,train,16,0.360000,0.275451
30,8,train,17,0.090000,0.107133
30,8,train,18,0.242000,0.224721
30,8,train,19,0.050000,0.086387
30,8,train,20,0.240000,0.191859
30,8,train,21,0.273300,0.235356
30,8,train,22,0.115100,0.121385
30,8,train,23,0.111520,0.129460
30,8,train,24,0.040000,0.070519
30,8,train,25,-0.080000,-0.012212
30,8,train,26,0.193500,0.190131
30,8,train,27,0.320000,0.286112
30,8,train,28,0.403000,0.302585
30,8,train,29,0.063300,0.097438
30,8,train,30,0.330000,0.260258
30,8,train,31,0.090000,0.085330
30,8,train,32,0.210000,0.169377
30,8,train,33,0.020000,0.067079
30,8,train,34,0.133000,0.130274
30,8,train,35,0.185100,0.175153
30,8,train,36,0.280000,0.259491
30,8,train,37,0.090000,0.082487
30,8,train,38,0.032000,0.059372
30,8,train,39,0.022000,0.038243
30,8,train,40,0.200000,0.181709
30,8,train,41,0.190000,0.160654
30,8,train,42,0.260000,0.260935
30,8,train,43,0.073410,0.116756
30,8,train,44,0.200000,0.201928
30,8,train,45,0.035100,0.045168
30,8,train,46,0.020000,0.034694
30,8,train,47,0.115100,0.121614
30,8,train,48,0.190000,0.138272
30,8,train,49,0.174900,0.158964
30,8,train,50,0.040000,0.081383
30,8,train,51,0.010000,0.021771
30,8,train,52,0.144500,0.116665
30,8,train,53,0.023500,0.036645
30,8,train,54,0.790000,0.690272
30,8,train,55,0.010000,0.036922
30,8,train,56,0.020000,0.062083
30,8,train,57,0.135000,0.165268
30,8,train,58,0.310000,0.301480
30,8,train,59,0.094700,0.108125
30,8,train,60,0.163300,0.134880
30,8,train,61,0.120000,0.167765
30,8,train,62,0.190000,0.153701
30,8,train,63,0.250000,0.226337
30,8,train,64,0.075400,0.063266
30,8,train,65,0.020000,0.060765
30,8,train,66,0.095300,0.091220
30,8,train,67,0.540000,0.354025
30,8,train,68,0.790000,0.698974
30,8,train,69,0.180000,0.173741
30,8,train,70,0.144700,0.113731
30,8,train,71,0.048480,0.061861
30,8,train,72,0.260000,0.241615
30,8,train,73,0.160000,0.121953
30,8,train,74,0.045300,0.056480
30,8,train,75,0.280000,0.269244
30,8,train,76,-0.350000,-0.137833
30,8,train,77,0.380000,0.319730
30,8,train,78,0.170000,0.096531
30,8,train,79,0.020000,0.069746
30,8,train,80,0.044200,0.065979
30,8,train,81,0.035400,0.041764
30,8,train,82,0.244400,0.222040
30,8,train,83,0.260000,0.248571
30,8,train,84,0.370000,0.316553
30,8,train,85,0.094600,0.100797
30,8,train,86,0.084600,0.093020
30,8,train,87,0.065340,0.097977
30,8,train,88,0.058480,0.090089
30,8,train,89,0.130000,0.125708
30,8,train,90,0.060000,0.098761
30,8,train,91,0.160000,0.154305
30,8,train,92,0.035100,0.046511
30,8,train,93,0.185100,0.174640
30,8,train,94,0.090000,0.094868
30,8,train,95,0.080000,0.101881
30,8,train,96,0.151000,0.138326
30,8,train,97,0.270000,0.262648
30,8,train,98,0.240000,0.172795
30,8,train,99,0.072000,0.102172
30,8,train,100,-0.110000,-0.027795
30,8,train,101,0.050000,0.065793
30,8,train,102,0.011000,0.054220
30,8,train,103,0.260000,0.272678
30,8,train,104,0.190000,0.179540
30,8,train,105,0.190000,0.169336
30,8,train,106,0.280000,0.213584
30,8,train,107,0.025000,0.045131
30,8,train,108,0.230000,0.225465
30,8,train,109,0.080000,0.083511
30,8,train,110,0.000000,0.049965
30,8,train,111,0.020000,0.033310
30,8,train,112,0.130000,0.127833
30,8,train,113,0.151000,0.139377
30,8,train,114,0.062000,0.085856
30,8,train,115,0.270000,0.233077
30,8,train,116,0.020000,0.027675
30,8,train,117,0.080000,0.076062
30,8,train,118,0.040000,0.057842
30,8,train,119,0.150000,0.170410
30,8,train,120,0.190000,0.188529
30,8,train,121,0.110000,0.109763
30,8,train,122,0.030000,0.069036
30,8,train,123,0.024200,0.053167
30,8,train,124,0.220000,0.200001
30,8,train,125,0.035400,0.043616
30,8,train,126,0.010000,0.036131
30,8,train,127,0.030000,0.050101
30,8,train,128,0.050000,0.073834
30,8,train,129,0.100000,0.114678
30,9,test,0,0.163300,0.129618
30,9,test,1,0.190000,0.077929
30,9,test,2,0.032000,0.106473
30,9,test,3,0.072000,0.118295
30,9,test,4,0.025000,0.039188
30,9,test,5,0.080000,0.060050
30,9,test,6,0.240000,0.261921
30,9,test,7,0.080000,0.128753
30,9,test,8,0.095300,0.059448
30,9,test,9,0.190000,0.145820
30,9,test,10,0.120000,0.276246
30,9,test,11,0.043800,0.082572
30,9,test,12,0.010000,0.036007
30,9,test,13,0.174900,0.131697
30,9,test,14,0.094900,0.115633
30,9,test,15,0.100000,0.121160
30,9,test,16,0.100000,0.121110
30,9,test,17,0.151000,0.120554
30,9,test,18,0.020000,0.128223
30,9,test,19,0.264400,0.202026
30,9,test,20,0.244400,0.184661
30,9,test,21,0.020000,0.071302
30,9,test,22,0.190000,0.111180
30,9,test,23,0.180000,0.133829
30,9,test,24,0.090000,0.082080
30,9,test,25,0.280000,0.080171
30,9,test,26,0.193500,0.174877
30,9,test,27,0.054300,0.094276
30,9,test,28,0.190000,0.173674
30,9,test,29,0.058480,0.144742
30,9,test,30,0.144700,0.103899
30,9,test,31,0.050000,0.109858
30,9,test,32,0.280000,0.229527
30,9,train,0,0.052410,0.082438
30,9,train,1,0.094600,0.114443
30,9,train,2,0.035400,0.044367
30,9,train,3,0.190000,0.175664
30,9,train,4,0.010000,0.025807
30,9,train,5,0.790000,0.741600
30,9,train,6,0.350000,0.292543
30,9,train,7,0.540000,0.369668
30,9,train,8,0.065340,0.103293
30,9,train,9,0.070000,0.050273
30,9,train,10,0.010000,0.051000
30,9,train,11,-0.030000,0.014081
30,9,train,12,0.035400,0.044066
30,9,train,13,0.093900,0.091326
30,9,train,14,0.115100,0.121745
30,9,train,15,0.050000,0.042538
30,9,train,16,0.030000,0.057752
30,9,train,17,0.111520,0.117556
30,9,train,18,0.044200,0.062079
30,9,train,19,0.040000,0.080740
30,9,train,20,0.084600,0.098741
30,9,train,21,0.020000,0.095890
30,9,train,22,0.115100,0.119954
30,9,train,23,0.380000,0.308709
30,9,train,24,0.100000,0.137272
30,9,train,25,0.290000,0.217076
30,9,train,26,0.045300,0.054273
30,9,train,27,0.320000,0.287064
30,9,train,28,0.290000,0.268646
30,9,train,29,0.035100,0.050441
30,9,train,30,0.310000,0.270490
30,9,train,31,0.185100,0.180691
30,9,train,32,0.380000,0.302678
30,9,train,33,0.130000,0.129363
30,9,train,34,0.011000,0.075455
30,9,train,35,0.020000,0.058163
30,9,train,36,0.022000,0.035918
30,9,train,37,0.110000,0.116247
30,9,train,38,0.075400,0.070022
30,9,train,39,0.020000,0.071441
30,9,train,40,0.260000,0.265631
30,9,train,41,0.020000,0.036007
30,9,train,42,0.090000,0.083721
30,9,train,43,0.094900,0.115282
30,9,train,44,0.232000,0.284016
30,9,train,45,0.150000,0.163084
30,9,train,46,0.242000,0.217019
30,9,train,47,0.260000,0.236626
30,9,train,48,0.150000,0.189077
30,9,train,49,0.048480,0.071253
30,9,train,50,0.075400,0.069622
30,9,train,51,0.135000,0.151314
30,9,train,52,0.010000,0.034938
30,9,train,53,0.200000,0.200783
30,9,train,54,0.174900,0.149046
30,9,train,55,0.080000,0.083972
30,9,train,56,0.210000,0.168196
30,9,train,57,0.110000,0.119197
30,9,train,58,0.020000,0.041673
30,9,train,59,0.030000,0.052383
30,9,train,60,0.151000,0.123602
30,9,train,61,0.024200,0.058887
30,9,train,62,0.790000,0.727800
30,9,train,63,0.050000,0.083347
30,9,train,64,0.023500,0.030513
30,9,train,65,0.273300,0.230000
30,9,train,66,0.018000,0.039188
30,9,train,67,0.270000,0.235428
30,9,train,68,0.130000,0.129813
30,9,train,69,0.160000,0.138175
30,9,train,70,0.224400,0.181977
30,9,train,71,-0.110000,-0.026130
30,9,train,72,0.230000,0.233366
30,9,train,73,0.094700,0.122325
30,9,train,74,0.090000,0.100292
30,9,train,75,0.260000,0.270557
30,9,train,76,0.144700,0.108526
30,9,train,77,0.040000,0.047980
30,9,train,78,0.360000,0.315590
30,9,train,79,0.030000,0.060813
30,9,train,80,0.284200,0.229957
30,9,train,81,0.240000,0.199089
30,9,train,82,0.170000,0.104090
30,9,train,83,0.370000,0.309057
30,9,train,84,0.439000,0.327104
30,9,train,85,0.030000,0.073600
30,9,train,86,0.114400,0.127279
30,9,train,87,0.133000,0.114982
30,9,train,88,0.073410,0.094486
30,9,train,89,0.280000,0.263611
30,9,train,90,0.200000,0.184776
30,9,train,91,0.030000,0.043698
30,9,train,92,0.820000,0.749120
30,9,train,93,0.190000,0.134450
30,9,train,94,0.062000,0.076843
30,9,train,95,0.040000,0.083590
30,9,train,96,0.403000,0.348981
30,9,train,97,0.160000,0.135864
30,9,train,98,0.018000,0.052810
30,9,train,99,0.220000,0.200431
30,9,train,100,0.180000,0.158679
30,9,train,101,0.090000,0.095680
30,9,train,102,0.060000,0.101365
30,9,train,103,0.330000,0.256190
30,9,train,104,0.220000,0.203729
30,9,train,105,0.210000,0.202202
30,9,train,106,0.160000,0.099073
30,9,train,107,0.020000,0.030007
30,9,train,108,-0.350000,-0.191445
30,9,train,109,0.144500,0.116570
30,9,train,110,0.240000,0.182251
30,9,train,111,0.240000,0.180410
30,9,train,112,0.000000,0.045819
30,9,train,113,0.090000,0.091906
30,9,train,114,0.200000,0.173276
30,9,train,115,0.250000,0.255581
30,9,train,116,0.160000,0.140633
30,9,train,117,0.160000,0.152340
30,9,train,118,0.035100,0.046470
30,9,train,119,-0.390000,-0.229905
30,9,train,120,0.063300,0.102522
30,9,train,121,0.020000,0.033420
30,9,train,122,0.137000,0.125823
30,9,train,123,-0.080000,0.001221
30,9,train,124,0.270000,0.264631
30,9,train,125,0.150000,0.172200
30,9,train,126,0.010000,0.059078
30,9,train,127,0.020000,0.026938
30,9,train,128,0.185100,0.179349
30,9,train,129,0.260000,0.258681
30,10,test,0,0.111520,0.157036
30,10,test,1,0.020000,0.057921
30,10,test,2,0.044200,0.114838
30,10,test,3,0.073410,0.146190
30,10,test,4,0.035100,0.090900
30,10,test,5,0.110000,0.124693
30,10,test,6,0.790000,0.517293
30,10,test,7,0.020000,0.149401
30,10,test,8,0.330000,0.138743
30,10,test,9,0.090000,0.078517
30,10,test,10,0.070000,0.115309
30,10,test,11,0.060000,0.146568
30,10,test,12,0.163300,0.126683
30,10,test,13,0.065340,0.149652
30,10,test,14,0.045300,0.096226
30,10,test,15,0.032000,0.126623
30,10,test,16,0.200000,0.185071
30,10,test,17,0.240000,0.157326
30,10,test,18,0.030000,0.131430
30,10,test,19,0.130000,0.128431
30,10,test,20,0.144500,0.109499
30,10,test,21,0.018000,0.153863
30,10,test,22,0.160000,0.141386
30,10,test,23,0.220000,0.159383
30,10,test,24,0.094600,0.117910
30,10,test,25,0.193500,0.166357
30,10,test,26,0.035400,0.077461
30,10,test,27,0.010000,0.127858
30,10,test,28,0.020000,0.055140
30,10,test,29,-0.390000,0.187018
30,10,test,30,0.820000,0.461959
30,10,test,31,-0.030000,0.113926
30,10,test,32,0.210000,0.112498
30,10,train,0,0.210000,0.198051
30,10,train,1,0.540000,0.255581
30,10,train,2,0.280000,0.234693
30,10,train,3,0.020000,0.064060
30,10,train,4,0.230000,0.214579
30,10,train,5,0.020000,0.080871
30,10,train,6,0.150000,0.210177
30,10,train,7,0.370000,0.236360
30,10,train,8,0.790000,0.538586
30,10,train,9,0.260000,0.231368
30,10,train,10,0.190000,0.167173
30,10,train,11,0.050000,0.082089
30,10,train,12,0.160000,0.138559
30,10,train,13,0.030000,0.054209
30,10,train,14,0.075400,0.077153
30,10,train,15,0.054300,0.146209
30,10,train,16,0.151000,0.126984
30,10,train,17,-0.110000,0.037855
30,10,train,18,0.273300,0.178509
30,10,train,19,0.010000,0.057332
30,10,train,20,0.135000,0.183781
30,10,train,21,0.270000,0.181970
30,10,train,22,0.115100,0.136397
30,10,train,23,0.024200,0.105427
30,10,train,24,0.011000,0.068109
30,10,train,25,0.052410,0.137389
30,10,train,26,0.190000,0.151531
30,10,train,27,0.094900,0.116732
30,10,train,28,0.040000,0.074678
30,10,train,29,0.160000,0.108449
30,10,train,30,0.174900,0.130696
30,10,train,31,0.190000,0.165047
30,10,train,32,0.080000,0.092247
30,10,train,33,0.380000,0.253282
30,10,train,34,0.224400,0.182278
30,10,train,35,0.180000,0.148718
30,10,train,36,0.062000,0.113182
30,10,train,37,0.090000,0.130536
30,10,train,38,0.190000,0.138222
30,10,train,39,0.095300,0.103553
30,10,train,40,0.180000,0.164348
30,10,train,41,0.360000,0.262599
30,10,train,42,0.084600,0.113827
30,10,train,43,0.050000,0.055587
30,10,train,44,0.050000,0.101806
30,10,train,45,0.023500,0.064120
30,10,train,46,0.035100,0.089626
30,10,train,47,0.240000,0.169089
30,10,train,48,0.133000,0.126618
30,10,train,49,0.090000,0.108448
30,10,train,50,0.030000,0.107191
30,10,train,51,0.439000,0.300787
30,10,train,52,0.110000,0.125879
30,10,train,53,0.310000,0.248665
30,10,train,54,0.115100,0.136364
30,10,train,55,0.290000,0.230824
30,10,train,56,0.250000,0.230775
30,10,train,57,0.260000,0.221406
30,10,train,58,0.284200,0.205798
30,10,train,59,0.018000,0.060423
30,10,train,60,0.160000,0.152130
30,10,train,61,0.035400,0.073618
30,10,train,62,0.020000,0.102368
30,10,train,63,0.030000,0.057153
30,10,train,64,0.220000,0.177580
30,10,train,65,0.200000,0.176105
30,10,train,66,0.043800,0.075253
30,10,train,67,0.010000,0.055933
30,10,train,68,0.100000,0.120934
30,10,train,69,0.100000,0.121157
30,10,train,70,0.072000,0.121922
30,10,train,71,0.290000,0.222275
30,10,train,72,0.174900,0.134985
30,10,train,73,0.380000,0.249959
30,10,train,74,0.094700,0.133760
30,10,train,75,0.100000,0.144474
30,10,train,76,-0.350000,-0.093765
30,10,train,77,0.280000,0.240678
30,10,train,78,0.260000,0.231192
30,10,train,79,0.185100,0.169481
30,10,train,80,0.010000,0.046862
30,10,train,81,0.020000,0.079213
30,10,train,82,0.020000,0.048770
30,10,train,83,0.022000,0.058301
30,10,train,84,0.040000,0.111108
30,10,train,85,0.244400,0.213296
30,10,train,86,0.090000,0.113109
30,10,train,87,0.200000,0.205501
30,10,train,88,0.075400,0.076507
30,10,train,89,0.093900,0.107641
30,10,train,90,0.137000,0.125890
30,10,train,91,0.010000,0.058060
30,10,train,92,0.151000,0.127181
30,10,train,93,0.000000,0.103242
30,10,train,94,0.264400,0.208412
30,10,train,95,0.048480,0.092453
30,10,train,96,0.232000,0.222206
30,10,train,97,0.058480,0.131275
30,10,train,98,-0.080000,0.064343
30,10,train,99,0.144700,0.113798
30,10,train,100,0.114400,0.122903
30,10,train,101,0.130000,0.129940
30,10,train,102,0.185100,0.169667
30,10,train,103,0.260000,0.233097
30,10,train,104,0.080000,0.121370
30,10,train,105,0.144700,0.114076
30,10,train,106,0.025000,0.061063
30,10,train,107,0.150000,0.192764
30,10,train,108,0.242000,0.203533
30,10,train,109,0.160000,0.133220
30,10,train,110,0.120000,0.210190
30,10,train,111,0.080000,0.106210
30,10,train,112,0.094900,0.114855
30,10,train,113,0.190000,0.127818
30,10,train,114,0.240000,0.148897
30,10,train,115,0.320000,0.237460
30,10,train,116,0.190000,0.124696
30,10,train,117,0.150000,0.198971
30,10,train,118,0.063300,0.134866
30,10,train,119,0.020000,0.120509
30,10,train,120,0.020000,0.104812
30,10,train,121,0.350000,0.256215
30,10,train,122,0.403000,0.311776
30,10,train,123,0.040000,0.129928
30,10,train,124,0.240000,0.224234
30,10,train,125,0.030000,0.078405
30,10,train,126,0.170000,0.108859
30,10,train,127,0.090000,0.114561
30,10,train,128,0.270000,0.242136
30,10,train,129,0.280000,0.173758
50,1,test,0,0.043800,0.080529
50,1,test,1,0.044200,0.092670
50,1,test,2,0.075400,0.057724
50,1,test,3,0.115100,0.141084
50,1,test,4,0.020000,0.132509
50,1,test,5,0.090000,0.076975
50,1,test,6,-0.390000,0.182388
50,1,test,7,0.111520,0.163639
50,1,test,8,0.110000,0.121358
50,1,test,9,0.080000,0.082850
50,1,test,10,0.439000,0.238137
50,1,test,11,0.320000,0.235307
50,1,test,12,0.185100,0.166772
50,1,test,13,0.144500,0.089169
50,1,test,14,0.150000,0.277548
50,1,test,15,0.174900,0.133862
50,1,test,16,0.040000,0.106229
50,1,test,17,0.030000,0.075569
50,1,test,18,0.062000,0.122216
50,1,test,19,0.010000,0.034148
50,1,test,20,0.200000,0.197203
50,1,test,21,0.224400,0.162766
50,1,test,22,0.163300,0.130480
50,1,test,23,0.250000,0.234984
50,1,test,24,0.040000,0.161455
50,1,test,25,0.190000,0.077766
50,1,test,26,0.200000,0.145476
50,1,test,27,0.050000,0.115868
50,1,test,28,0.151000,0.113595
50,1,test,29,0.190000,0.085660
50,1,test,30,0.058480,0.131360
50,1,test,31,0.190000,0.128417
50,1,test,32,0.063300,0.119765
50,1,train,0,0.100000,0.110576
50,1,train,1,0.150000,0.199493
50,1,train,2,0.023500,0.040010
50,1,train,3,0.403000,0.294444
50,1,train,4,0.190000,0.166656
50,1,train,5,0.115100,0.137472
50,1,train,6,0.380000,0.321898
50,1,train,7,0.110000,0.117723
50,1,train,8,0.242000,0.216198
50,1,train,9,0.020000,0.039224
50,1,train,10,0.020000,0.074761
50,1,train,11,0.050000,0.075156
50,1,train,12,-0.110000,-0.024484
50,1,train,13,0.010000,0.027406
50,1,train,14,0.090000,0.092472
50,1,train,15,0.330000,0.255689
50,1,train,16,0.018000,0.082618
50,1,train,17,0.244400,0.229252
50,1,train,18,0.010000,0.047259
50,1,train,19,0.200000,0.207059
50,1,train,20,-0.350000,-0.142375
50,1,train,21,0.100000,0.113869
50,1,train,22,0.260000,0.232437
50,1,train,23,0.144700,0.132570
50,1,train,24,0.080000,0.070580
50,1,train,25,0.151000,0.114783
50,1,train,26,0.000000,0.041005
50,1,train,27,0.024200,0.066615
50,1,train,28,0.035400,0.042666
50,1,train,29,0.220000,0.191033
50,1,train,30,0.084600,0.094598
50,1,train,31,0.070000,0.067988
50,1,train,32,0.048480,0.072372
50,1,train,33,0.090000,0.122179
50,1,train,34,0.360000,0.291912
50,1,train,35,0.290000,0.255032
50,1,train,36,0.220000,0.189124
50,1,train,37,0.270000,0.257871
50,1,train,38,0.280000,0.270088
50,1,train,39,0.260000,0.250978
50,1,train,40,0.790000,0.753214
50,1,train,41,0.310000,0.294223
50,1,train,42,0.020000,0.091845
50,1,train,43,0.120000,0.172041
50,1,train,44,0.144700,0.131876
50,1,train,45,-0.080000,-0.000761
50,1,train,46,0.020000,0.042300
50,1,train,47,0.094900,0.101370
50,1,train,48,0.035100,0.048869
50,1,train,49,0.094700,0.117509
50,1,train,50,0.160000,0.132270
50,1,train,51,0.040000,0.076787
50,1,train,52,0.180000,0.176890
50,1,train,53,0.230000,0.216683
50,1,train,54,0.010000,0.054198
50,1,train,55,0.090000,0.094953
50,1,train,56,0.020000,0.076180
50,1,train,57,0.284200,0.225611
50,1,train,58,0.135000,0.165893
50,1,train,59,0.820000,0.755149
50,1,train,60,0.045300,0.056609
50,1,train,61,0.035400,0.044444
50,1,train,62,0.240000,0.233435
50,1,train,63,0.020000,0.045821
50,1,train,64,0.264400,0.221680
50,1,train,65,0.093900,0.091938
50,1,train,66,0.030000,0.081784
50,1,train,67,0.280000,0.196356
50,1,train,68,0.018000,0.027643
50,1,train,69,0.080000,0.101111
50,1,train,70,0.280000,0.260652
50,1,train,71,0.050000,0.057101
50,1,train,72,0.174900,0.138459
50,1,train,73,0.130000,0.128736
50,1,train,74,0.190000,0.162175
50,1,train,75,0.790000,0.761172
50,1,train,76,0.170000,0.094591
50,1,train,77,0.090000,0.103820
50,1,train,78,0.075400,0.064167
50,1,train,79,0.273300,0.241971
50,1,train,80,0.030000,0.105579
50,1,train,81,0.185100,0.170634
50,1,train,82,0.160000,0.135225
50,1,train,83,0.054300,0.100194
50,1,train,84,0.094900,0.100380
50,1,train,85,0.193500,0.196708
50,1,train,86,0.030000,0.047562
50,1,train,87,0.073410,0.098001
50,1,train,88,0.022000,0.030509
50,1,train,89,0.210000,0.153820
50,1,train,90,0.010000,0.040887
50,1,train,91,0.210000,0.220829
50,1,train,92,0.094600,0.103238
50,1,train,93,-0.030000,0.020119
50,1,train,94,0.180000,0.167382
50,1,train,95,0.032000,0.069877
50,1,train,96,0.114400,0.118165
50,1,train,97,0.290000,0.250489
50,1,train,98,0.150000,0.196066
50,1,train,99,0.350000,0.312002
50,1,train,100,0.190000,0.194406
50,1,train,101,0.160000,0.155868
50,1,train,102,0.240000,0.213194
50,1,train,103,0.232000,0.262533
50,1,train,104,0.137000,0.122505
50,1,train,105,0.270000,0.238378
50,1,train,106,0.060000,0.108761
50,1,train,107,0.380000,0.306200
50,1,train,108,0.160000,0.132509
50,1,train,109,0.072000,0.101287
50,1,train,110,0.130000,0.127690
50,1,train,111,0.100000,0.111414
50,1,train,112,0.540000,0.349897
50,1,train,113,0.160000,0.158681
50,1,train,114,0.133000,0.128287
50,1,train,115,0.240000,0.176285
50,1,train,116,0.025000,0.029929
50,1,train,117,0.260000,0.235288
50,1,train,118,0.065340,0.086984
50,1,train,119,0.052410,0.109471
50,1,train,120,0.020000,0.032340
50,1,train,121,0.260000,0.268878
50,1,train,122,0.240000,0.188351
50,1,train,123,0.011000,0.061734
50,1,train,124,0.035100,0.047668
50,1,train,125,0.030000,0.053531
50,1,train,126,0.020000,0.032244
50,1,train,127,0.370000,0.308975
50,1,train,128,0.020000,0.090626
50,1,train,129,0.095300,0.092060
50,2,test,0,0.310000,0.277778
50,2,test,1,0.260000,0.277794
50,2,test,2,0.072000,0.121084
50,2,test,3,0.270000,0.250066
50,2,test,4,0.180000,0.150080
50,2,test,5,0.210000,0.090284
50,2,test,6,0.052410,0.218761
50,2,test,7,0.080000,0.065225
50,2,test,8,0.032000,0.147564
50,2,test,9,0.280000,0.231816
50,2,test,10,0.093900,0.101351
50,2,test,11,0.240000,0.138313
50,2,test,12,0.100000,0.114831
50,2,test,13,0.150000,0.253462
50,2,test,14,0.090000,0.101782
50,2,test,15,0.273300,0.199316
50,2,test,16,0.110000,0.122331
50,2,test,17,0.011000,0.160386
50,2,test,18,0.200000,0.145354
50,2,test,19,0.111520,0.160679
50,2,test,20,-0.080000,0.123791
50,2,test,21,0.073410,0.163358
50,2,test,22,0.043800,0.092692
50,2,test,23,0.010000,0.100310
50,2,test,24,-0.350000,0.226286
50,2,test,25,0.260000,0.284848
50,2,test,26,0.084600,0.105396
50,2,test,27,0.224400,0.188470
50,2,test,28,0.010000,0.028543
50,2,test,29,0.035100,0.075775
50,2,test,30,0.174900,0.134765
50,2,test,31,0.018000,0.146989
50,2,test,32,0.020000,0.127711
50,2,train,0,0.115100,0.124333
50,2,train,1,0.320000,0.284953
50,2,train,2,0.023500,0.036183
50,2,train,3,0.790000,0.745408
50,2,train,4,-0.110000,-0.005606
50,2,train,5,0.080000,0.082749
50,2,train,6,0.024200,0.051332
50,2,train,7,0.190000,0.154636
50,2,train,8,0.170000,0.130130
50,2,train,9,0.133000,0.133590
50,2,train,10,0.040000,0.063189
50,2,train,11,0.020000,0.028543
50,2,train,12,0.010000,0.023688
50,2,train,13,0.144700,0.135626
50,2,train,14,0.040000,0.101816
50,2,train,15,0.030000,0.102396
50,2,train,16,0.820000,0.758802
50,2,train,17,0.090000,0.083767
50,2,train,18,0.010000,0.034170
50,2,train,19,0.244400,0.228773
50,2,train,20,0.190000,0.174192
50,2,train,21,0.144700,0.135264
50,2,train,22,0.020000,0.093997
50,2,train,23,0.264400,0.225064
50,2,train,24,0.048480,0.068023
50,2,train,25,0.240000,0.236555
50,2,train,26,0.110000,0.118893
50,2,train,27,0.062000,0.084051
50,2,train,28,0.065340,0.089632
50,2,train,29,0.180000,0.175166
50,2,train,30,0.030000,0.046042
50,2,train,31,0.120000,0.167406
50,2,train,32,0.025000,0.032236
50,2,train,33,0.114400,0.113333
50,2,train,34,-0.390000,-0.157612
50,2,train,35,0.030000,0.061981
50,2,train,36,0.020000,0.033706
50,2,train,37,0.018000,0.029404
50,2,train,38,0.090000,0.082908
50,2,train,39,0.151000,0.137183
50,2,train,40,0.790000,0.753318
50,2,train,41,0.094600,0.099768
50,2,train,42,0.020000,0.045528
50,2,train,43,0.190000,0.146898
50,2,train,44,0.050000,0.046356
50,2,train,45,0.040000,0.074321
50,2,train,46,0.240000,0.181979
50,2,train,47,0.439000,0.364790
50,2,train,48,0.050000,0.073186
50,2,train,49,0.000000,0.042883
50,2,train,50,0.185100,0.181398
50,2,train,51,0.270000,0.214260
50,2,train,52,0.151000,0.136152
50,2,train,53,0.130000,0.131646
50,2,train,54,0.540000,0.351057
50,2,train,55,0.240000,0.216893
50,2,train,56,0.075400,0.069917
50,2,train,57,0.010000,0.057718
50,2,train,58,0.144500,0.149684
50,2,train,59,0.075400,0.069559
50,2,train,60,0.130000,0.130613
50,2,train,61,-0.030000,0.018575
50,2,train,62,0.280000,0.216220
50,2,train,63,0.190000,0.196220
50,2,train,64,0.284200,0.238848
50,2,train,65,0.063300,0.076424
50,2,train,66,0.020000,0.072013
50,2,train,67,0.094900,0.102091
50,2,train,68,0.260000,0.247955
50,2,train,69,0.054300,0.131523
50,2,train,70,0.135000,0.167701
50,2,train,71,0.160000,0.116110
50,2,train,72,0.100000,0.113883
50,2,train,73,0.035400,0.046333
50,2,train,74,0.160000,0.143974
50,2,train,75,0.260000,0.254577
50,2,train,76,0.150000,0.199284
50,2,train,77,0.232000,0.267516
50,2,train,78,0.020000,0.075789
50,2,train,79,0.020000,0.059507
50,2,train,80,0.100000,0.133561
50,2,train,81,0.200000,0.222648
50,2,train,82,0.290000,0.266944
50,2,train,83,0.050000,0.064044
50,2,train,84,0.020000,0.035324
50,2,train,85,0.030000,0.077745
50,2,train,86,0.160000,0.161401
50,2,train,87,0.350000,0.290884
50,2,train,88,0.020000,0.029591
50,2,train,89,0.163300,0.145990
50,2,train,90,0.210000,0.222530
50,2,train,91,0.035100,0.069752
50,2,train,92,0.190000,0.163892
50,2,train,93,0.115100,0.124543
50,2,train,94,0.022000,0.031828
50,2,train,95,0.160000,0.159078
50,2,train,96,0.160000,0.153749
50,2,train,97,0.185100,0.180348
50,2,train,98,0.360000,0.308122
50,2,train,99,0.290000,0.262294
50,2,train,100,0.090000,0.118703
50,2,train,101,0.094700,0.119636
50,2,train,102,0.094900,0.100056
50,2,train,103,0.070000,0.063090
50,2,train,104,0.030000,0.074294
50,2,train,105,0.380000,0.318210
50,2,train,106,0.330000,0.251622
50,2,train,107,0.242000,0.235173
50,2,train,108,0.045300,0.059020
50,2,train,109,0.200000,0.202588
50,2,train,110,0.190000,0.171648
50,2,train,111,0.080000,0.085600
50,2,train,112,0.220000,0.179506
50,2,train,113,0.230000,0.239765
50,2,train,114,0.095300,0.098664
50,2,train,115,0.280000,0.265496
50,2,train,116,0.250000,0.244398
50,2,train,117,0.150000,0.194196
50,2,train,118,0.058480,0.089454
50,2,train,119,0.060000,0.076320
50,2,train,120,0.044200,0.063540
50,2,train,121,0.403000,0.365688
50,2,train,122,0.035400,0.044510
50,2,train,123,0.380000,0.309891
50,2,train,124,0.220000,0.196099
50,2,train,125,0.174900,0.142792
50,2,train,126,0.193500,0.199723
50,2,train,127,0.137000,0.125111
50,2,train,128,0.370000,0.277794
50,2,train,129,0.090000,0.095766
50,3,test,0,-0.030000,0.096221
50,3,test,1,0.150000,0.201024
50,3,test,2,0.310000,0.243435
50,3,test,3,0.180000,0.107904
50,3,test,4,0.044200,0.091376
50,3,test,5,0.062000,0.107205
50,3,test,6,0.094900,0.120188
50,3,test,7,0.030000,0.088368
50,3,test,8,0.230000,0.238047
50,3,test,9,0.063300,0.110081
50,3,test,10,0.090000,0.110871
50,3,test,11,0.020000,0.050116
50,3,test,12,0.273300,0.173621
50,3,test,13,0.040000,0.097530
50,3,test,14,0.052410,0.240284
50,3,test,15,0.023500,0.074000
50,3,test,16,0.058480,0.128390
50,3,test,17,0.439000,0.194463
50,3,test,18,0.232000,0.252599
50,3,test,19,0.790000,0.719928
50,3,test,20,0.120000,0.241046
50,3,test,21,-0.390000,0.170249
50,3,test,22,0.050000,0.057727
50,3,test,23,0.540000,0.083633
50,3,test,24,0.185100,0.157017
50,3,test,25,0.190000,0.143114
50,3,test,26,0.360000,0.221581
50,3,test,27,0.200000,0.116765
50,3,test,28,0.190000,0.141121
50,3,test,29,0.032000,0.118065
50,3,test,30,0.020000,0.135489
50,3,test,31,0.220000,0.120450
50,3,test,32,-0.080000,0.091977
50,3,train,0,0.090000,0.094512
50,3,train,1,0.080000,0.082700
50,3,train,2,0.073410,0.131652
50,3,train,3,0.045300,0.050685
50,3,train,4,0.011000,0.065327
50,3,train,5,0.350000,0.251874
50,3,train,6,0.264400,0.201963
50,3,train,7,0.290000,0.240372
50,3,train,8,0.030000,0.055121
50,3,train,9,0.130000,0.124535
50,3,train,10,0.370000,0.285027
50,3,train,11,0.010000,0.070026
50,3,train,12,0.193500,0.193228
50,3,train,13,0.130000,0.123033
50,3,train,14,0.137000,0.102681
50,3,train,15,0.100000,0.109823
50,3,train,16,0.020000,0.078192
50,3,train,17,0.330000,0.237166
50,3,train,18,0.093900,0.094946
50,3,train,19,0.174900,0.135410
50,3,train,20,0.200000,0.196171
50,3,train,21,0.075400,0.069096
50,3,train,22,0.094900,0.116003
50,3,train,23,0.030000,0.079019
50,3,train,24,0.084600,0.112092
50,3,train,25,0.111520,0.153997
50,3,train,26,0.030000,0.082089
50,3,train,27,0.160000,0.145202
50,3,train,28,0.144700,0.127943
50,3,train,29,0.284200,0.206407
50,3,train,30,0.160000,0.141934
50,3,train,31,0.090000,0.123068
50,3,train,32,0.144500,0.112316
50,3,train,33,0.030000,0.078436
50,3,train,34,0.100000,0.103078
50,3,train,35,0.020000,0.084909
50,3,train,36,0.090000,0.082793
50,3,train,37,0.240000,0.160090
50,3,train,38,0.022000,0.039861
50,3,train,39,0.144700,0.124411
50,3,train,40,0.280000,0.172489
50,3,train,41,0.035400,0.058337
50,3,train,42,0.260000,0.258856
50,3,train,43,0.224400,0.214461
50,3,train,44,0.163300,0.138012
50,3,train,45,0.260000,0.229909
50,3,train,46,0.403000,0.265788
50,3,train,47,0.020000,0.049821
50,3,train,48,0.040000,0.111283
50,3,train,49,0.020000,0.064071
50,3,train,50,0.072000,0.065357
50,3,train,51,0.043800,0.070612
50,3,train,52,0.048480,0.064239
50,3,train,53,0.270000,0.251648
50,3,train,54,0.025000,0.044634
50,3,train,55,0.160000,0.136531
50,3,train,56,0.020000,0.115868
50,3,train,57,0.270000,0.176564
50,3,train,58,0.024200,0.084328
50,3,train,59,0.114400,0.124438
50,3,train,60,0.050000,0.096498
50,3,train,61,0.080000,0.080712
50,3,train,62,0.035400,0.057356
50,3,train,63,0.100000,0.104071
50,3,train,64,0.020000,0.049252
50,3,train,65,0.174900,0.134082
50,3,train,66,0.250000,0.241193
50,3,train,67,0.200000,0.213616
50,3,train,68,0.135000,0.180248
50,3,train,69,0.185100,0.160105
50,3,train,70,0.190000,0.119237
50,3,train,71,0.035100,0.068528
50,3,train,72,0.018000,0.076250
50,3,train,73,0.320000,0.272973
50,3,train,74,0.040000,0.103298
50,3,train,75,0.110000,0.115992
50,3,train,76,0.240000,0.195252
50,3,train,77,0.010000,0.047910
50,3,train,78,0.094700,0.109022
50,3,train,79,0.290000,0.242314
50,3,train,80,0.260000,0.263262
50,3,train,81,0.150000,0.203689
50,3,train,82,0.010000,0.079881
50,3,train,83,0.820000,0.692343
50,3,train,84,0.060000,0.106499
50,3,train,85,0.260000,0.247790
50,3,train,86,0.000000,0.076702
50,3,train,87,0.050000,0.091087
50,3,train,88,0.170000,0.083696
50,3,train,89,0.160000,0.099932
50,3,train,90,0.190000,0.137044
50,3,train,91,0.180000,0.154096
50,3,train,92,0.244400,0.207649
50,3,train,93,0.280000,0.250242
50,3,train,94,0.115100,0.145287
50,3,train,95,0.210000,0.137503
50,3,train,96,0.210000,0.209675
50,3,train,97,0.075400,0.067956
50,3,train,98,0.065340,0.078810
50,3,train,99,0.095300,0.087501
50,3,train,100,0.035100,0.063309
50,3,train,101,0.240000,0.240458
50,3,train,102,0.242000,0.204149
50,3,train,103,0.380000,0.306858
50,3,train,104,0.160000,0.135188
50,3,train,105,0.020000,0.057727
50,3,train,106,0.110000,0.117653
50,3,train,107,0.010000,0.053670
50,3,train,108,0.220000,0.206037
50,3,train,109,0.070000,0.089563
50,3,train,110,0.115100,0.142199
50,3,train,111,0.240000,0.162650
50,3,train,112,0.190000,0.188797
50,3,train,113,0.280000,0.251886
50,3,train,114,-0.110000,0.006518
50,3,train,115,0.151000,0.114983
50,3,train,116,0.054300,0.137456
50,3,train,117,0.133000,0.111753
50,3,train,118,0.151000,0.115994
50,3,train,119,0.150000,0.178973
50,3,train,120,-0.350000,-0.128525
50,3,train,121,0.380000,0.254035
50,3,train,122,0.010000,0.050263
50,3,train,123,0.080000,0.111724
50,3,train,124,0.018000,0.043130
50,3,train,125,0.094600,0.123286
50,3,train,126,0.020000,0.122730
50,3,train,127,0.790000,0.715692
50,3,train,128,0.190000,0.147406
50,3,train,129,0.090000,0.103390
50,4,test,0,0.439000,0.198665
50,4,test,1,0.073410,0.216522
50,4,test,2,0.080000,0.096652
50,4,test,3,0.151000,0.106930
50,4,test,4,0.000000,0.111161
50,4,test,5,0.044200,0.092877
50,4,test,6,0.090000,0.114044
50,4,test,7,0.244400,0.195133
50,4,test,8,0.290000,0.209366
50,4,test,9,0.052410,0.212415
50,4,test,10,0.010000,0.077460
50,4,test,11,0.170000,0.108068
50,4,test,12,0.040000,0.132866
50,4,test,13,0.060000,0.127375
50,4,test,14,0.260000,0.254752
50,4,test,15,0.084600,0.106744
50,4,test,16,0.054300,0.200610
50,4,test,17,0.224400,0.173209
50,4,test,18,-0.080000,0.114727
50,4,test,19,0.062000,0.111196
50,4,test,20,0.284200,0.136946
50,4,test,21,0.200000,0.138803
50,4,test,22,0.160000,0.136143
50,4,test,23,0.144500,0.104793
50,4,test,24,0.090000,0.110837
50,4,test,25,0.010000,0.090563
50,4,test,26,0.185100,0.144387
50,4,test,27,0.790000,0.689261
50,4,test,28,0.310000,0.238505
50,4,test,29,0.010000,0.075836
50,4,test,30,0.280000,0.210636
50,4,test,31,0.380000,0.183452
50,4,test,32,0.273300,0.168248
50,4,train,0,0.025000,0.055062
50,4,train,1,0.050000,0.054096
50,4,train,2,0.050000,0.093185
50,4,train,3,0.185100,0.145675
50,4,train,4,0.190000,0.142071
50,4,train,5,0.065340,0.095833
50,4,train,6,0.040000,0.102651
50,4,train,7,0.144700,0.125306
50,4,train,8,0.130000,0.121999
50,4,train,9,0.240000,0.193749
50,4,train,10,0.250000,0.214650
50,4,train,11,0.111520,0.129043
50,4,train,12,0.100000,0.108721
50,4,train,13,0.023500,0.053909
50,4,train,14,0.094700,0.112751
50,4,train,15,0.242000,0.203013
50,4,train,16,0.030000,0.078647
50,4,train,17,0.200000,0.197433
50,4,train,18,0.360000,0.276630
50,4,train,19,0.270000,0.179340
50,4,train,20,0.150000,0.149724
50,4,train,21,0.380000,0.288481
50,4,train,22,0.270000,0.237475
50,4,train,23,0.040000,0.076500
50,4,train,24,0.080000,0.108744
50,4,train,25,0.020000,0.120589
50,4,train,26,0.011000,0.068713
50,4,train,27,0.080000,0.108045
50,4,train,28,0.090000,0.111980
50,4,train,29,0.070000,0.060780
50,4,train,30,0.193500,0.177445
50,4,train,31,0.190000,0.176997
50,4,train,32,0.264400,0.208229
50,4,train,33,0.150000,0.184301
50,4,train,34,0.280000,0.242857
50,4,train,35,0.018000,0.068479
50,4,train,36,0.022000,0.050347
50,4,train,37,0.035400,0.058715
50,4,train,38,0.032000,0.069577
50,4,train,39,0.240000,0.155733
50,4,train,40,0.163300,0.134791
50,4,train,41,0.094900,0.108413
50,4,train,42,0.030000,0.066890
50,4,train,43,0.110000,0.118519
50,4,train,44,0.030000,0.077186
50,4,train,45,0.540000,0.259382
50,4,train,46,0.230000,0.226118
50,4,train,47,0.280000,0.175001
50,4,train,48,0.115100,0.129958
50,4,train,49,0.210000,0.139774
50,4,train,50,0.063300,0.119766
50,4,train,51,0.058480,0.103715
50,4,train,52,0.320000,0.254349
50,4,train,53,0.020000,0.077734
50,4,train,54,0.115100,0.129234
50,4,train,55,0.220000,0.159486
50,4,train,56,0.020000,0.130433
50,4,train,57,0.190000,0.130062
50,4,train,58,0.100000,0.108633
50,4,train,59,0.370000,0.262840
50,4,train,60,0.095300,0.098201
50,4,train,61,0.350000,0.242575
50,4,train,62,0.190000,0.162531
50,4,train,63,0.020000,0.049096
50,4,train,64,0.035100,0.069340
50,4,train,65,0.048480,0.079216
50,4,train,66,0.035100,0.069194
50,4,train,67,0.072000,0.104909
50,4,train,68,0.110000,0.119562
50,4,train,69,0.190000,0.150657
50,4,train,70,0.190000,0.126608
50,4,train,71,0.075400,0.068140
50,4,train,72,0.240000,0.212969
50,4,train,73,0.260000,0.248300
50,4,train,74,0.090000,0.092573
50,4,train,75,0.090000,0.108865
50,4,train,76,-0.030000,0.031899
50,4,train,77,0.133000,0.127227
50,4,train,78,-0.350000,-0.116845
50,4,train,79,0.174900,0.132374
50,4,train,80,0.290000,0.225119
50,4,train,81,0.160000,0.130596
50,4,train,82,0.030000,0.117707
50,4,train,83,0.137000,0.120774
50,4,train,84,0.180000,0.142574
50,4,train,85,0.820000,0.684536
50,4,train,86,0.093900,0.110975
50,4,train,87,0.094900,0.109808
50,4,train,88,0.024200,0.087885
50,4,train,89,0.020000,0.052686
50,4,train,90,0.020000,0.132784
50,4,train,91,0.144700,0.125306
50,4,train,92,0.151000,0.109263
50,4,train,93,0.050000,0.085574
50,4,train,94,0.100000,0.121694
50,4,train,95,0.403000,0.251257
50,4,train,96,0.035400,0.059053
50,4,train,97,0.130000,0.121557
50,4,train,98,0.150000,0.198687
50,4,train,99,0.260000,0.197651
50,4,train,100,0.180000,0.148730
50,4,train,101,0.018000,0.054226
50,4,train,102,0.135000,0.137533
50,4,train,103,0.160000,0.097642
50,4,train,104,-0.110000,0.060403
50,4,train,105,0.210000,0.222032
50,4,train,106,0.010000,0.057872
50,4,train,107,0.114400,0.116007
50,4,train,108,-0.390000,-0.190694
50,4,train,109,0.010000,0.064758
50,4,train,110,0.094600,0.114341
50,4,train,111,0.020000,0.105914
50,4,train,112,0.790000,0.684418
50,4,train,113,0.160000,0.141774
50,4,train,114,0.260000,0.225303
50,4,train,115,0.045300,0.061718
50,4,train,116,0.043800,0.067638
50,4,train,117,0.020000,0.065693
50,4,train,118,0.232000,0.280778
50,4,train,119,0.020000,0.061103
50,4,train,120,0.075400,0.068036
50,4,train,121,0.030000,0.107473
50,4,train,122,0.200000,0.205754
50,4,train,123,0.330000,0.213310
50,4,train,124,0.020000,0.075836
50,4,train,125,0.160000,0.157643
50,4,train,126,0.174900,0.130059
50,4,train,127,0.220000,0.204017
50,4,train,128,0.240000,0.155384
50,4,train,129,0.120000,0.191078
50,5,test,0,0.054300,0.191715
50,5,test,1,0.240000,0.216142
50,5,test,2,0.040000,0.154204
50,5,test,3,0.790000,0.681681
50,5,test,4,0.100000,0.118744
50,5,test,5,0.010000,0.129647
50,5,test,6,0.094600,0.115163
50,5,test,7,-0.350000,0.194245
50,5,test,8,0.240000,0.164584
50,5,test,9,0.093900,0.110546
50,5,test,10,0.185100,0.167288
50,5,test,11,0.190000,0.139473
50,5,test,12,0.024200,0.109637
50,5,test,13,0.032000,0.145947
50,5,test,14,0.280000,0.214077
50,5,test,15,-0.030000,0.112447
50,5,test,16,0.030000,0.083374
50,5,test,17,0.160000,0.066700
50,5,test,18,0.260000,0.191037
50,5,test,19,0.063300,0.127828
50,5,test,20,0.190000,0.131524
50,5,test,21,0.160000,0.140225
50,5,test,22,0.163300,0.124823
50,5,test,23,0.023500,0.087386
50,5,test,24,0.094700,0.150515
50,5,test,25,0.174900,0.117900
50,5,test,26,0.090000,0.113200
50,5,test,27,0.035100,0.098688
50,5,test,28,0.052410,0.210267
50,5,test,29,0.200000,0.203572
50,5,test,30,0.010000,0.061240
50,5,test,31,0.220000,0.175232
50,5,test,32,0.190000,0.129102
50,5,train,0,0.160000,0.142489
50,5,train,1,0.790000,0.683124
50,5,train,2,0.075400,0.077027
50,5,train,3,0.050000,0.060631
50,5,train,4,0.110000,0.119190
50,5,train,5,0.310000,0.242191
50,5,train,6,0.040000,0.127970
50,5,train,7,0.090000,0.110433
50,5,train,8,0.174900,0.119824
50,5,train,9,0.020000,0.111331
50,5,train,10,0.144700,0.122350
50,5,train,11,-0.110000,0.049332
50,5,train,12,0.133000,0.114350
50,5,train,13,0.048480,0.093013
50,5,train,14,0.010000,0.056889
50,5,train,15,0.220000,0.164577
50,5,train,16,0.250000,0.219770
50,5,train,17,0.190000,0.125298
50,5,train,18,0.270000,0.180779
50,5,train,19,0.193500,0.186998
50,5,train,20,0.232000,0.248315
50,5,train,21,0.260000,0.229568
50,5,train,22,0.370000,0.250685
50,5,train,23,0.100000,0.149900
50,5,train,24,0.260000,0.237855
50,5,train,25,0.060000,0.122289
50,5,train,26,0.151000,0.118591
50,5,train,27,0.020000,0.055656
50,5,train,28,0.244400,0.212717
50,5,train,29,0.094900,0.107166
50,5,train,30,0.025000,0.058632
50,5,train,31,0.018000,0.058014
50,5,train,32,0.210000,0.216099
50,5,train,33,0.065340,0.107713
50,5,train,34,0.111520,0.152570
50,5,train,35,0.150000,0.197344
50,5,train,36,0.190000,0.185099
50,5,train,37,0.070000,0.103413
50,5,train,38,0.160000,0.130902
50,5,train,39,0.137000,0.121068
50,5,train,40,0.210000,0.127523
50,5,train,41,0.095300,0.105516
50,5,train,42,0.100000,0.119274
50,5,train,43,0.403000,0.306533
50,5,train,44,0.170000,0.103344
50,5,train,45,0.260000,0.249741
50,5,train,46,0.020000,0.124057
50,5,train,47,0.020000,0.066480
50,5,train,48,0.035400,0.073130
50,5,train,49,0.022000,0.052658
50,5,train,50,0.151000,0.117201
50,5,train,51,0.150000,0.194422
50,5,train,52,0.094900,0.106683
50,5,train,53,0.135000,0.176330
50,5,train,54,0.130000,0.124888
50,5,train,55,0.080000,0.101479
50,5,train,56,0.073410,0.172684
50,5,train,57,0.020000,0.083580
50,5,train,58,0.084600,0.106914
50,5,train,59,0.284200,0.201610
50,5,train,60,0.240000,0.151915
50,5,train,61,0.230000,0.229233
50,5,train,62,0.044200,0.099522
50,5,train,63,0.072000,0.106789
50,5,train,64,0.280000,0.153737
50,5,train,65,0.010000,0.059938
50,5,train,66,0.115100,0.143528
50,5,train,67,0.080000,0.092165
50,5,train,68,0.075400,0.076434
50,5,train,69,0.190000,0.125754
50,5,train,70,0.120000,0.200648
50,5,train,71,0.110000,0.119133
50,5,train,72,0.144700,0.122175
50,5,train,73,0.242000,0.216297
50,5,train,74,0.224400,0.201315
50,5,train,75,0.030000,0.071699
50,5,train,76,0.115100,0.144069
50,5,train,77,0.035100,0.095601
50,5,train,78,0.180000,0.141817
50,5,train,79,0.020000,0.091998
50,5,train,80,0.380000,0.259728
50,5,train,81,0.030000,0.102007
50,5,train,82,0.080000,0.107004
50,5,train,83,0.090000,0.097722
50,5,train,84,0.160000,0.124023
50,5,train,85,0.150000,0.198982
50,5,train,86,0.030000,0.092563
50,5,train,87,0.040000,0.081489
50,5,train,88,0.320000,0.257724
50,5,train,89,0.439000,0.302056
50,5,train,90,-0.390000,-0.146155
50,5,train,91,0.180000,0.153905
50,5,train,92,0.000000,0.089893
50,5,train,93,0.144500,0.152559
50,5,train,94,0.035400,0.074200
50,5,train,95,0.020000,0.061670
50,5,train,96,0.045300,0.079002
50,5,train,97,0.540000,0.218366
50,5,train,98,0.280000,0.236518
50,5,train,99,0.058480,0.114849
50,5,train,100,0.360000,0.246241
50,5,train,101,0.050000,0.087595
50,5,train,102,0.010000,0.070250
50,5,train,103,0.820000,0.698123
50,5,train,104,0.020000,0.109342
50,5,train,105,0.330000,0.216133
50,5,train,106,0.200000,0.150944
50,5,train,107,0.200000,0.196234
50,5,train,108,0.240000,0.168794
50,5,train,109,0.273300,0.183376
50,5,train,110,0.090000,0.094709
50,5,train,111,0.020000,0.058254
50,5,train,112,0.290000,0.222269
50,5,train,113,0.270000,0.226409
50,5,train,114,0.130000,0.124810
50,5,train,115,0.114400,0.122837
50,5,train,116,-0.080000,0.066367
50,5,train,117,0.043800,0.078840
50,5,train,118,0.264400,0.217414
50,5,train,119,0.185100,0.168783
50,5,train,120,0.030000,0.075293
50,5,train,121,0.062000,0.104674
50,5,train,122,0.380000,0.274441
50,5,train,123,0.050000,0.093377
50,5,train,124,0.090000,0.124100
50,5,train,125,0.350000,0.248398
50,5,train,126,0.020000,0.149284
50,5,train,127,0.011000,0.078980
50,5,train,128,0.290000,0.217495
50,5,train,129,0.018000,0.093358
50,6,test,0,0.190000,0.087404
50,6,test,1,0.310000,0.178135
50,6,test,2,0.220000,0.092677
50,6,test,3,0.095300,0.115668
50,6,test,4,0.280000,0.165125
50,6,test,5,0.100000,0.113942
50,6,test,6,0.020000,0.087627
50,6,test,7,0.190000,0.113120
50,6,test,8,0.290000,0.173078
50,6,test,9,0.144700,0.102498
50,6,test,10,0.790000,0.268314
50,6,test,11,0.020000,0.176079
50,6,test,12,0.020000,0.136042
50,6,test,13,0.160000,0.141116
50,6,test,14,0.114400,0.122226
50,6,test,15,0.174900,0.109649
50,6,test,16,0.260000,0.182223
50,6,test,17,0.210000,0.208471
50,6,test,18,0.045300,0.091550
50,6,test,19,0.084600,0.117681
50,6,test,20,0.150000,0.248186
50,6,test,21,0.040000,0.195968
50,6,test,22,0.151000,0.107540
50,6,test,23,0.280000,0.167153
50,6,test,24,0.151000,0.107049
50,6,test,25,0.035400,0.086729
50,6,test,26,0.144500,0.182035
50,6,test,27,0.030000,0.094886
50,6,test,28,0.160000,0.107370
50,6,test,29,-0.390000,0.169645
50,6,test,30,0.035100,0.108577
50,6,test,31,0.200000,0.093402
50,6,test,32,0.035400,0.087004
50,6,train,0,0.133000,0.110543
50,6,train,1,0.190000,0.171815
50,6,train,2,0.200000,0.209317
50,6,train,3,0.093900,0.113395
50,6,train,4,0.030000,0.083317
50,6,train,5,0.135000,0.184837
50,6,train,6,0.000000,0.105815
50,6,train,7,0.110000,0.111462
50,6,train,8,0.100000,0.113110
50,6,train,9,0.190000,0.116965
50,6,train,10,0.163300,0.106753
50,6,train,11,0.080000,0.103863
50,6,train,12,0.094900,0.119140
50,6,train,13,0.025000,0.094107
50,6,train,14,0.260000,0.207332
50,6,train,15,0.370000,0.207332
50,6,train,16,0.018000,0.094107
50,6,train,17,0.150000,0.248668
50,6,train,18,0.264400,0.224704
50,6,train,19,0.100000,0.125307
50,6,train,20,0.240000,0.144540
50,6,train,21,0.185100,0.173910
50,6,train,22,0.230000,0.223183
50,6,train,23,0.043800,0.083915
50,6,train,24,0.020000,0.091381
50,6,train,25,0.160000,0.085469
50,6,train,26,0.170000,0.108684
50,6,train,27,0.270000,0.144904
50,6,train,28,0.094700,0.189281
50,6,train,29,0.020000,0.093813
50,6,train,30,0.090000,0.114316
50,6,train,31,0.120000,0.176874
50,6,train,32,0.284200,0.189242
50,6,train,33,0.240000,0.112929
50,6,train,34,0.020000,0.138237
50,6,train,35,0.065340,0.098552
50,6,train,36,0.330000,0.170895
50,6,train,37,0.190000,0.192746
50,6,train,38,0.020000,0.085469
50,6,train,39,0.220000,0.201067
50,6,train,40,0.130000,0.119492
50,6,train,41,0.180000,0.089385
50,6,train,42,0.050000,0.140626
50,6,train,43,0.080000,0.097743
50,6,train,44,0.224400,0.197694
50,6,train,45,0.018000,0.165352
50,6,train,46,0.320000,0.221866
50,6,train,47,0.075400,0.081626
50,6,train,48,0.090000,0.130942
50,6,train,49,0.010000,0.095457
50,6,train,50,0.072000,0.103064
50,6,train,51,0.200000,0.170787
50,6,train,52,-0.080000,0.097343
50,6,train,53,0.020000,0.194129
50,6,train,54,0.190000,0.130942
50,6,train,55,0.011000,0.171324
50,6,train,56,0.080000,0.115516
50,6,train,57,0.040000,0.127743
50,6,train,58,0.280000,0.111295
50,6,train,59,0.150000,0.175172
50,6,train,60,0.240000,0.180689
50,6,train,61,0.094600,0.119782
50,6,train,62,0.044200,0.103098
50,6,train,63,0.022000,0.093136
50,6,train,64,0.062000,0.121966
50,6,train,65,0.260000,0.221866
50,6,train,66,0.380000,0.248668
50,6,train,67,0.094900,0.119328
50,6,train,68,0.242000,0.179036
50,6,train,69,0.010000,0.097639
50,6,train,70,0.180000,0.130942
50,6,train,71,0.048480,0.096496
50,6,train,72,0.380000,0.212631
50,6,train,73,0.290000,0.174613
50,6,train,74,0.023500,0.088005
50,6,train,75,0.024200,0.109886
50,6,train,76,0.073410,0.216554
50,6,train,77,0.050000,0.109267
50,6,train,78,0.273300,0.142455
50,6,train,79,0.137000,0.100081
50,6,train,80,0.111520,0.194279
50,6,train,81,0.075400,0.081406
50,6,train,82,0.032000,0.128821
50,6,train,83,0.090000,0.094651
50,6,train,84,0.020000,0.136042
50,6,train,85,0.030000,0.097500
50,6,train,86,0.020000,0.103863
50,6,train,87,0.010000,0.136042
50,6,train,88,0.115100,0.183793
50,6,train,89,0.403000,0.169684
50,6,train,90,-0.030000,0.076744
50,6,train,91,0.070000,0.076563
50,6,train,92,0.063300,0.124124
50,6,train,93,-0.350000,0.150717
50,6,train,94,0.115100,0.183793
50,6,train,95,0.360000,0.248668
50,6,train,96,0.160000,0.166351
50,6,train,97,0.232000,0.200696
50,6,train,98,0.193500,0.192788
50,6,train,99,0.244400,0.225280
50,6,train,100,0.250000,0.182223
50,6,train,101,0.110000,0.111215
50,6,train,102,0.060000,0.124827
50,6,train,103,-0.110000,0.092761
50,6,train,104,0.210000,0.127620
50,6,train,105,0.439000,0.172945
50,6,train,106,0.040000,0.132325
50,6,train,107,0.820000,0.266718
50,6,train,108,0.260000,0.173945
50,6,train,109,0.130000,0.119546
50,6,train,110,0.090000,0.128657
50,6,train,111,0.270000,0.171348
50,6,train,112,0.030000,0.095276
50,6,train,113,0.058480,0.132202
50,6,train,114,0.790000,0.272154
50,6,train,115,0.350000,0.178414
50,6,train,116,0.540000,0.113352
50,6,train,117,0.010000,0.091870
50,6,train,118,0.054300,0.216554
50,6,train,119,0.144700,0.103594
50,6,train,120,0.174900,0.110651
50,6,train,121,0.240000,0.135960
50,6,train,122,0.052410,0.205045
50,6,train,123,0.160000,0.106233
50,6,train,124,0.185100,0.174126
50,6,train,125,0.050000,0.091381
50,6,train,126,0.035100,0.108751
50,6,train,127,0.030000,0.136240
50,6,train,128,0.090000,0.116209
50,6,train,129,0.010000,0.136042
50,7,test,0,0.144700,0.099001
50,7,test,1,0.130000,0.131378
50,7,test,2,0.095300,0.114619
50,7,test,3,0.030000,0.169986
50,7,test,4,0.290000,0.135680
50,7,test,5,0.075400,0.090500
50,7,test,6,0.150000,0.181807
50,7,test,7,0.020000,0.148852
50,7,test,8,0.094700,0.190046
50,7,test,9,0.280000,0.135455
50,7,test,10,0.073410,0.187214
50,7,test,11,0.200000,0.127091
50,7,test,12,0.380000,0.187096
50,7,test,13,0.190000,0.150581
50,7,test,14,0.020000,0.147804
50,7,test,15,0.072000,0.114068
50,7,test,16,0.080000,0.121432
50,7,test,17,0.018000,0.169427
50,7,test,18,0.220000,0.162048
50,7,test,19,0.240000,0.135698
50,7,test,20,0.020000,0.109747
50,7,test,21,0.084600,0.112186
50,7,test,22,0.160000,0.109962
50,7,test,23,0.790000,0.204676
50,7,test,24,0.060000,0.139403
50,7,test,25,0.090000,0.114640
50,7,test,26,0.135000,0.176864
50,7,test,27,0.210000,0.182731
50,7,test,28,0.230000,0.186759
50,7,test,29,0.115100,0.176298
50,7,test,30,0.115100,0.176298
50,7,test,31,0.790000,0.208807
50,7,test,32,0.110000,0.133461
50,7,train,0,0.244400,0.186969
50,7,train,1,0.260000,0.142795
50,7,train,2,0.035100,0.101004
50,7,train,3,0.160000,0.134675
50,7,train,4,0.022000,0.100397
50,7,train,5,0.160000,0.120068
50,7,train,6,0.100000,0.124840
50,7,train,7,0.032000,0.150444
50,7,train,8,0.063300,0.138821
50,7,train,9,0.190000,0.173581
50,7,train,10,-0.110000,0.107291
50,7,train,11,0.010000,0.147804
50,7,train,12,0.137000,0.114573
50,7,train,13,0.018000,0.100113
50,7,train,14,0.054300,0.185982
50,7,train,15,-0.080000,0.112527
50,7,train,16,-0.030000,0.091958
50,7,train,17,0.273300,0.145222
50,7,train,18,0.048480,0.110138
50,7,train,19,0.200000,0.130784
50,7,train,20,0.094900,0.104212
50,7,train,21,0.190000,0.157683
50,7,train,22,0.100000,0.152715
50,7,train,23,-0.350000,0.123040
50,7,train,24,0.080000,0.110871
50,7,train,25,0.439000,0.175690
50,7,train,26,-0.390000,0.095320
50,7,train,27,0.011000,0.140942
50,7,train,28,0.185100,0.179549
50,7,train,29,0.020000,0.109962
50,7,train,30,0.260000,0.122941
50,7,train,31,0.350000,0.193225
50,7,train,32,0.035400,0.096305
50,7,train,33,0.130000,0.131378
50,7,train,34,0.224400,0.153872
50,7,train,35,0.180000,0.129200
50,7,train,36,0.163300,0.119984
50,7,train,37,0.075400,0.090358
50,7,train,38,0.040000,0.153079
50,7,train,39,0.190000,0.107328
50,7,train,40,0.030000,0.121759
50,7,train,41,0.193500,0.173581
50,7,train,42,0.090000,0.109440
50,7,train,43,0.024200,0.108846
50,7,train,44,0.030000,0.096821
50,7,train,45,0.020000,0.088589
50,7,train,46,0.090000,0.117620
50,7,train,47,0.190000,0.126553
50,7,train,48,0.065340,0.112419
50,7,train,49,0.080000,0.107161
50,7,train,50,0.180000,0.161426
50,7,train,51,0.094900,0.103919
50,7,train,52,0.280000,0.135743
50,7,train,53,0.090000,0.121204
50,7,train,54,0.190000,0.121471
50,7,train,55,0.044200,0.106119
50,7,train,56,0.330000,0.144847
50,7,train,57,0.025000,0.100113
50,7,train,58,0.030000,0.090744
50,7,train,59,0.150000,0.128040
50,7,train,60,0.000000,0.109958
50,7,train,61,0.160000,0.155327
50,7,train,62,0.820000,0.220429
50,7,train,63,0.280000,0.191773
50,7,train,64,0.058480,0.128141
50,7,train,65,0.151000,0.108756
50,7,train,66,0.240000,0.121718
50,7,train,67,0.020000,0.153262
50,7,train,68,0.260000,0.186805
50,7,train,69,0.232000,0.186897
50,7,train,70,0.114400,0.118870
50,7,train,71,0.242000,0.168600
50,7,train,72,0.040000,0.153519
50,7,train,73,0.150000,0.178853
50,7,train,74,0.264400,0.186646
50,7,train,75,0.062000,0.122188
50,7,train,76,0.240000,0.152784
50,7,train,77,0.035100,0.101558
50,7,train,78,0.050000,0.109747
50,7,train,79,0.110000,0.133461
50,7,train,80,0.120000,0.135680
50,7,train,81,0.320000,0.186805
50,7,train,82,0.094600,0.119433
50,7,train,83,0.100000,0.124840
50,7,train,84,0.160000,0.126921
50,7,train,85,0.270000,0.141963
50,7,train,86,0.380000,0.192157
50,7,train,87,0.270000,0.145298
50,7,train,88,0.170000,0.113068
50,7,train,89,0.111520,0.178667
50,7,train,90,0.050000,0.108237
50,7,train,91,0.020000,0.125715
50,7,train,92,0.040000,0.163145
50,7,train,93,0.260000,0.193893
50,7,train,94,0.250000,0.138435
50,7,train,95,0.403000,0.176011
50,7,train,96,0.151000,0.108875
50,7,train,97,0.290000,0.131624
50,7,train,98,0.240000,0.170174
50,7,train,99,0.035400,0.096447
50,7,train,100,0.090000,0.159051
50,7,train,101,0.174900,0.101394
50,7,train,102,0.220000,0.134683
50,7,train,103,0.045300,0.099429
50,7,train,104,0.020000,0.149298
50,7,train,105,0.284200,0.181735
50,7,train,106,0.050000,0.114040
50,7,train,107,0.010000,0.118596
50,7,train,108,0.070000,0.091716
50,7,train,109,0.043800,0.098461
50,7,train,110,0.144500,0.164677
50,7,train,111,0.310000,0.193423
50,7,train,112,0.020000,0.110595
50,7,train,113,0.174900,0.101101
50,7,train,114,0.020000,0.174755
50,7,train,115,0.010000,0.148852
50,7,train,116,0.210000,0.118768
50,7,train,117,0.540000,0.123607
50,7,train,118,0.010000,0.119579
50,7,train,119,0.023500,0.089491
50,7,train,120,0.010000,0.097124
50,7,train,121,0.144700,0.099555
50,7,train,122,0.370000,0.193893
50,7,train,123,0.093900,0.117353
50,7,train,124,0.133000,0.122020
50,7,train,125,0.185100,0.179549
50,7,train,126,0.200000,0.177043
50,7,train,127,0.360000,0.188328
50,7,train,128,0.030000,0.112121
50,7,train,129,0.052410,0.162627
50,8,test,0,0.018000,0.112302
50,8,test,1,-0.030000,0.106617
50,8,test,2,0.439000,0.118910
50,8,test,3,0.264400,0.191402
50,8,test,4,0.100000,0.114703
50,8,test,5,0.114400,0.117427
50,8,test,6,0.100000,0.104473
50,8,test,7,0.160000,0.165203
50,8,test,8,0.160000,0.114673
50,8,test,9,0.043800,0.103401
50,8,test,10,0.200000,0.189758
50,8,test,11,0.240000,0.135338
50,8,test,12,0.220000,0.099309
50,8,test,13,0.054300,0.189318
50,8,test,14,0.180000,0.100217
50,8,test,15,0.075400,0.099123
50,8,test,16,0.380000,0.190563
50,8,test,17,0.052410,0.190862
50,8,test,18,0.070000,0.106677
50,8,test,19,0.144700,0.101287
50,8,test,20,0.030000,0.115090
50,8,test,21,0.093900,0.114286
50,8,test,22,0.020000,0.106092
50,8,test,23,0.290000,0.187443
50,8,test,24,0.210000,0.192348
50,8,test,25,0.160000,0.162357
50,8,test,26,-0.390000,0.181657
50,8,test,27,0.150000,0.190563
50,8,test,28,0.030000,0.101846
50,8,test,29,0.110000,0.103353
50,8,test,30,0.240000,0.187547
50,8,test,31,0.010000,0.180374
50,8,test,32,0.820000,0.187975
50,8,train,0,0.094900,0.119233
50,8,train,1,0.150000,0.190563
50,8,train,2,0.020000,0.183686
50,8,train,3,0.018000,0.183172
50,8,train,4,0.224400,0.191027
50,8,train,5,0.010000,0.114439
50,8,train,6,0.290000,0.183427
50,8,train,7,0.232000,0.186269
50,8,train,8,0.090000,0.114286
50,8,train,9,0.137000,0.112012
50,8,train,10,0.020000,0.180374
50,8,train,11,0.284200,0.185738
50,8,train,12,0.350000,0.185571
50,8,train,13,0.030000,0.103272
50,8,train,14,0.094900,0.118175
50,8,train,15,0.174900,0.119312
50,8,train,16,0.360000,0.190563
50,8,train,17,0.090000,0.105947
50,8,train,18,0.242000,0.184494
50,8,train,19,0.050000,0.139314
50,8,train,20,0.240000,0.127766
50,8,train,21,0.273300,0.120547
50,8,train,22,0.115100,0.182977
50,8,train,23,0.111520,0.183817
50,8,train,24,0.040000,0.184550
50,8,train,25,-0.080000,0.099505
50,8,train,26,0.193500,0.184914
50,8,train,27,0.320000,0.190533
50,8,train,28,0.403000,0.118303
50,8,train,29,0.063300,0.116898
50,8,train,30,0.330000,0.184214
50,8,train,31,0.090000,0.116793
50,8,train,32,0.210000,0.117486
50,8,train,33,0.020000,0.181483
50,8,train,34,0.133000,0.101541
50,8,train,35,0.185100,0.181095
50,8,train,36,0.280000,0.185731
50,8,train,37,0.090000,0.102983
50,8,train,38,0.032000,0.105947
50,8,train,39,0.022000,0.112753
50,8,train,40,0.200000,0.099309
50,8,train,41,0.190000,0.105947
50,8,train,42,0.260000,0.190384
50,8,train,43,0.073410,0.189318
50,8,train,44,0.200000,0.183354
50,8,train,45,0.035100,0.105602
50,8,train,46,0.020000,0.111632
50,8,train,47,0.115100,0.183363
50,8,train,48,0.190000,0.102588
50,8,train,49,0.174900,0.117824
50,8,train,50,0.040000,0.106064
50,8,train,51,0.010000,0.180374
50,8,train,52,0.144500,0.179707
50,8,train,53,0.023500,0.099439
50,8,train,54,0.790000,0.193797
50,8,train,55,0.010000,0.103600
50,8,train,56,0.020000,0.185447
50,8,train,57,0.135000,0.184343
50,8,train,58,0.310000,0.185571
50,8,train,59,0.094700,0.182587
50,8,train,60,0.163300,0.114880
50,8,train,61,0.120000,0.187547
50,8,train,62,0.190000,0.114553
50,8,train,63,0.250000,0.187679
50,8,train,64,0.075400,0.099655
50,8,train,65,0.020000,0.106026
50,8,train,66,0.095300,0.106469
50,8,train,67,0.540000,0.103502
50,8,train,68,0.790000,0.194829
50,8,train,69,0.180000,0.105947
50,8,train,70,0.144700,0.100237
50,8,train,71,0.048480,0.111944
50,8,train,72,0.260000,0.183320
50,8,train,73,0.160000,0.106026
50,8,train,74,0.045300,0.100834
50,8,train,75,0.280000,0.182829
50,8,train,76,-0.350000,0.179654
50,8,train,77,0.380000,0.192919
50,8,train,78,0.170000,0.100951
50,8,train,79,0.020000,0.103623
50,8,train,80,0.044200,0.104692
50,8,train,81,0.035400,0.097602
50,8,train,82,0.244400,0.190720
50,8,train,83,0.260000,0.187864
50,8,train,84,0.370000,0.190475
50,8,train,85,0.094600,0.117671
50,8,train,86,0.084600,0.118327
50,8,train,87,0.065340,0.100291
50,8,train,88,0.058480,0.117875
50,8,train,89,0.130000,0.105015
50,8,train,90,0.060000,0.116513
50,8,train,91,0.160000,0.131712
50,8,train,92,0.035100,0.104484
50,8,train,93,0.185100,0.180765
50,8,train,94,0.090000,0.118784
50,8,train,95,0.080000,0.116793
50,8,train,96,0.151000,0.106342
50,8,train,97,0.270000,0.186218
50,8,train,98,0.240000,0.180695
50,8,train,99,0.072000,0.100660
50,8,train,100,-0.110000,0.100508
50,8,train,101,0.050000,0.106092
50,8,train,102,0.011000,0.185347
50,8,train,103,0.260000,0.190475
50,8,train,104,0.190000,0.120372
50,8,train,105,0.190000,0.164505
50,8,train,106,0.280000,0.102253
50,8,train,107,0.025000,0.112302
50,8,train,108,0.230000,0.189697
50,8,train,109,0.080000,0.113043
50,8,train,110,0.000000,0.102936
50,8,train,111,0.020000,0.099151
50,8,train,112,0.130000,0.104322
50,8,train,113,0.151000,0.105067
50,8,train,114,0.062000,0.106312
50,8,train,115,0.270000,0.120473
50,8,train,116,0.020000,0.180374
50,8,train,117,0.080000,0.103623
50,8,train,118,0.040000,0.180543
50,8,train,119,0.150000,0.186856
50,8,train,120,0.190000,0.184908
50,8,train,121,0.110000,0.104076
50,8,train,122,0.030000,0.180464
50,8,train,123,0.024200,0.104825
50,8,train,124,0.220000,0.189529
50,8,train,125,0.035400,0.098182
50,8,train,126,0.010000,0.132592
50,8,train,127,0.030000,0.132592
50,8,train,128,0.050000,0.115530
50,8,train,129,0.100000,0.105077
50,9,test,0,0.163300,0.127174
50,9,test,1,0.190000,0.093897
50,9,test,2,0.032000,0.141769
50,9,test,3,0.072000,0.124388
50,9,test,4,0.025000,0.037403
50,9,test,5,0.080000,0.053586
50,9,test,6,0.240000,0.254666
50,9,test,7,0.080000,0.133456
50,9,test,8,0.095300,0.084884
50,9,test,9,0.190000,0.138715
50,9,test,10,0.120000,0.269210
50,9,test,11,0.043800,0.078814
50,9,test,12,0.010000,0.027929
50,9,test,13,0.174900,0.140041
50,9,test,14,0.094900,0.103155
50,9,test,15,0.100000,0.141064
50,9,test,16,0.100000,0.141160
50,9,test,17,0.151000,0.112475
50,9,test,18,0.020000,0.158007
50,9,test,19,0.264400,0.189692
50,9,test,20,0.244400,0.184243
50,9,test,21,0.020000,0.075886
50,9,test,22,0.190000,0.130527
50,9,test,23,0.180000,0.142364
50,9,test,24,0.090000,0.094249
50,9,test,25,0.280000,0.089329
50,9,test,26,0.193500,0.204182
50,9,test,27,0.054300,0.137154
50,9,test,28,0.190000,0.203244
50,9,test,29,0.058480,0.127142
50,9,test,30,0.144700,0.109876
50,9,test,31,0.050000,0.108664
50,9,test,32,0.280000,0.245020
50,9,train,0,0.052410,0.113981
50,9,train,1,0.094600,0.105893
50,9,train,2,0.035400,0.043302
50,9,train,3,0.190000,0.165189
50,9,train,4,0.010000,0.019391
50,9,train,5,0.790000,0.756666
50,9,train,6,0.350000,0.312820
50,9,train,7,0.540000,0.347334
50,9,train,8,0.065340,0.095159
50,9,train,9,0.070000,0.060463
50,9,train,10,0.010000,0.043460
50,9,train,11,-0.030000,0.018483
50,9,train,12,0.035400,0.044011
50,9,train,13,0.093900,0.093781
50,9,train,14,0.115100,0.122722
50,9,train,15,0.050000,0.047250
50,9,train,16,0.030000,0.061177
50,9,train,17,0.111520,0.124570
50,9,train,18,0.044200,0.059260
50,9,train,19,0.040000,0.098432
50,9,train,20,0.084600,0.092635
50,9,train,21,0.020000,0.094029
50,9,train,22,0.115100,0.122606
50,9,train,23,0.380000,0.304102
50,9,train,24,0.100000,0.128326
50,9,train,25,0.290000,0.240689
50,9,train,26,0.045300,0.054633
50,9,train,27,0.320000,0.288132
50,9,train,28,0.290000,0.267139
50,9,train,29,0.035100,0.048471
50,9,train,30,0.310000,0.294120
50,9,train,31,0.185100,0.175265
50,9,train,32,0.380000,0.309309
50,9,train,33,0.130000,0.126660
50,9,train,34,0.011000,0.063312
50,9,train,35,0.020000,0.049455
50,9,train,36,0.022000,0.033266
50,9,train,37,0.110000,0.113023
50,9,train,38,0.075400,0.068215
50,9,train,39,0.020000,0.082644
50,9,train,40,0.260000,0.262909
50,9,train,41,0.020000,0.027833
50,9,train,42,0.090000,0.081601
50,9,train,43,0.094900,0.102947
50,9,train,44,0.232000,0.262200
50,9,train,45,0.150000,0.186680
50,9,train,46,0.242000,0.216856
50,9,train,47,0.260000,0.223529
50,9,train,48,0.150000,0.179527
50,9,train,49,0.048480,0.068183
50,9,train,50,0.075400,0.068825
50,9,train,51,0.135000,0.156709
50,9,train,52,0.010000,0.038118
50,9,train,53,0.200000,0.211123
50,9,train,54,0.174900,0.142971
50,9,train,55,0.080000,0.081885
50,9,train,56,0.210000,0.169151
50,9,train,57,0.110000,0.113893
50,9,train,58,0.020000,0.059459
50,9,train,59,0.030000,0.053848
50,9,train,60,0.151000,0.115410
50,9,train,61,0.024200,0.046383
50,9,train,62,0.790000,0.746924
50,9,train,63,0.050000,0.082089
50,9,train,64,0.023500,0.033753
50,9,train,65,0.273300,0.246604
50,9,train,66,0.018000,0.037784
50,9,train,67,0.270000,0.244711
50,9,train,68,0.130000,0.127531
50,9,train,69,0.160000,0.148785
50,9,train,70,0.224400,0.196118
50,9,train,71,-0.110000,-0.035267
50,9,train,72,0.230000,0.234966
50,9,train,73,0.094700,0.104561
50,9,train,74,0.090000,0.102245
50,9,train,75,0.260000,0.273515
50,9,train,76,0.144700,0.111426
50,9,train,77,0.040000,0.065040
50,9,train,78,0.360000,0.288442
50,9,train,79,0.030000,0.083695
50,9,train,80,0.284200,0.227229
50,9,train,81,0.240000,0.217153
50,9,train,82,0.170000,0.108092
50,9,train,83,0.370000,0.318473
50,9,train,84,0.439000,0.354325
50,9,train,85,0.030000,0.058675
50,9,train,86,0.114400,0.126642
50,9,train,87,0.133000,0.115777
50,9,train,88,0.073410,0.118609
50,9,train,89,0.280000,0.258370
50,9,train,90,0.200000,0.174696
50,9,train,91,0.030000,0.052738
50,9,train,92,0.820000,0.751812
50,9,train,93,0.190000,0.148786
50,9,train,94,0.062000,0.089587
50,9,train,95,0.040000,0.111966
50,9,train,96,0.403000,0.365441
50,9,train,97,0.160000,0.133788
50,9,train,98,0.018000,0.068059
50,9,train,99,0.220000,0.190046
50,9,train,100,0.180000,0.166819
50,9,train,101,0.090000,0.111197
50,9,train,102,0.060000,0.082358
50,9,train,103,0.330000,0.252192
50,9,train,104,0.220000,0.205850
50,9,train,105,0.210000,0.221623
50,9,train,106,0.160000,0.116232
50,9,train,107,0.020000,0.023245
50,9,train,108,-0.350000,-0.148721
50,9,train,109,0.144500,0.117956
50,9,train,110,0.240000,0.182079
50,9,train,111,0.240000,0.184447
50,9,train,112,0.000000,0.033773
50,9,train,113,0.090000,0.091555
50,9,train,114,0.200000,0.196360
50,9,train,115,0.250000,0.253148
50,9,train,116,0.160000,0.132829
50,9,train,117,0.160000,0.157395
50,9,train,118,0.035100,0.048404
50,9,train,119,-0.390000,-0.200709
50,9,train,120,0.063300,0.083614
50,9,train,121,0.020000,0.032741
50,9,train,122,0.137000,0.124077
50,9,train,123,-0.080000,-0.000504
50,9,train,124,0.270000,0.261437
50,9,train,125,0.150000,0.181798
50,9,train,126,0.010000,0.060672
50,9,train,127,0.020000,0.034894
50,9,train,128,0.185100,0.175450
50,9,train,129,0.260000,0.259469
50,10,test,0,0.111520,0.165248
50,10,test,1,0.020000,0.038119
50,10,test,2,0.044200,0.102293
50,10,test,3,0.073410,0.142868
50,10,test,4,0.035100,0.073885
50,10,test,5,0.110000,0.121288
50,10,test,6,0.790000,0.533002
50,10,test,7,0.020000,0.139141
50,10,test,8,0.330000,0.140803
50,10,test,9,0.090000,0.070356
50,10,test,10,0.070000,0.125281
50,10,test,11,0.060000,0.124667
50,10,test,12,0.163300,0.129696
50,10,test,13,0.065340,0.153364
50,10,test,14,0.045300,0.080564
50,10,test,15,0.032000,0.145846
50,10,test,16,0.200000,0.182009
50,10,test,17,0.240000,0.176441
50,10,test,18,0.030000,0.139525
50,10,test,19,0.130000,0.127544
50,10,test,20,0.144500,0.100945
50,10,test,21,0.018000,0.180031
50,10,test,22,0.160000,0.146877
50,10,test,23,0.220000,0.154508
50,10,test,24,0.094600,0.104635
50,10,test,25,0.193500,0.191692
50,10,test,26,0.035400,0.069583
50,10,test,27,0.010000,0.127941
50,10,test,28,0.020000,0.035636
50,10,test,29,-0.390000,0.177345
50,10,test,30,0.820000,0.487255
50,10,test,31,-0.030000,0.135602
50,10,test,32,0.210000,0.095569
50,10,train,0,0.210000,0.207744
50,10,train,1,0.540000,0.337946
50,10,train,2,0.280000,0.263213
50,10,train,3,0.020000,0.046114
50,10,train,4,0.230000,0.229500
50,10,train,5,0.020000,0.065431
50,10,train,6,0.150000,0.199780
50,10,train,7,0.370000,0.296126
50,10,train,8,0.790000,0.551043
50,10,train,9,0.260000,0.261275
50,10,train,10,0.190000,0.191427
50,10,train,11,0.050000,0.069327
50,10,train,12,0.160000,0.147141
50,10,train,13,0.030000,0.043324
50,10,train,14,0.075400,0.073971
50,10,train,15,0.054300,0.121505
50,10,train,16,0.151000,0.132120
50,10,train,17,-0.110000,-0.009679
50,10,train,18,0.273300,0.232278
50,10,train,19,0.010000,0.037297
50,10,train,20,0.135000,0.172985
50,10,train,21,0.270000,0.232912
50,10,train,22,0.115100,0.127923
50,10,train,23,0.024200,0.079540
50,10,train,24,0.011000,0.054469
50,10,train,25,0.052410,0.123012
50,10,train,26,0.190000,0.169775
50,10,train,27,0.094900,0.105116
50,10,train,28,0.040000,0.058614
50,10,train,29,0.160000,0.112713
50,10,train,30,0.174900,0.156429
50,10,train,31,0.190000,0.169573
50,10,train,32,0.080000,0.084478
50,10,train,33,0.380000,0.307488
50,10,train,34,0.224400,0.188546
50,10,train,35,0.180000,0.167971
50,10,train,36,0.062000,0.097739
50,10,train,37,0.090000,0.118005
50,10,train,38,0.190000,0.155992
50,10,train,39,0.095300,0.100989
50,10,train,40,0.180000,0.170049
50,10,train,41,0.360000,0.300945
50,10,train,42,0.084600,0.097539
50,10,train,43,0.050000,0.046912
50,10,train,44,0.050000,0.079078
50,10,train,45,0.023500,0.045815
50,10,train,46,0.035100,0.069527
50,10,train,47,0.240000,0.180163
50,10,train,48,0.133000,0.137549
50,10,train,49,0.090000,0.096609
50,10,train,50,0.030000,0.075476
50,10,train,51,0.439000,0.350163
50,10,train,52,0.110000,0.119394
50,10,train,53,0.310000,0.290692
50,10,train,54,0.115100,0.128493
50,10,train,55,0.290000,0.250165
50,10,train,56,0.250000,0.241870
50,10,train,57,0.260000,0.235486
50,10,train,58,0.284200,0.228756
50,10,train,59,0.018000,0.033729
50,10,train,60,0.160000,0.158461
50,10,train,61,0.035400,0.063063
50,10,train,62,0.020000,0.085350
50,10,train,63,0.030000,0.046840
50,10,train,64,0.220000,0.200979
50,10,train,65,0.200000,0.187374
50,10,train,66,0.043800,0.065226
50,10,train,67,0.010000,0.035178
50,10,train,68,0.100000,0.112725
50,10,train,69,0.100000,0.113884
50,10,train,70,0.072000,0.103148
50,10,train,71,0.290000,0.256404
50,10,train,72,0.174900,0.159121
50,10,train,73,0.380000,0.301624
50,10,train,74,0.094700,0.123325
50,10,train,75,0.100000,0.136756
50,10,train,76,-0.350000,-0.129775
50,10,train,77,0.280000,0.257033
50,10,train,78,0.260000,0.260023
50,10,train,79,0.185100,0.172626
50,10,train,80,0.010000,0.034817
50,10,train,81,0.020000,0.063165
50,10,train,82,0.020000,0.034910
50,10,train,83,0.022000,0.035693
50,10,train,84,0.040000,0.073681
50,10,train,85,0.244400,0.233150
50,10,train,86,0.090000,0.100248
50,10,train,87,0.200000,0.212518
50,10,train,88,0.075400,0.072014
50,10,train,89,0.093900,0.095816
50,10,train,90,0.137000,0.126103
50,10,train,91,0.010000,0.037341
50,10,train,92,0.151000,0.132755
50,10,train,93,0.000000,0.060452
50,10,train,94,0.264400,0.220331
50,10,train,95,0.048480,0.072297
50,10,train,96,0.232000,0.242021
50,10,train,97,0.058480,0.088630
50,10,train,98,-0.080000,0.021281
50,10,train,99,0.144700,0.127563
50,10,train,100,0.114400,0.112147
50,10,train,101,0.130000,0.128884
50,10,train,102,0.185100,0.173387
50,10,train,103,0.260000,0.251599
50,10,train,104,0.080000,0.103793
50,10,train,105,0.144700,0.127300
50,10,train,106,0.025000,0.035165
50,10,train,107,0.150000,0.198425
50,10,train,108,0.242000,0.217175
50,10,train,109,0.160000,0.140293
50,10,train,110,0.120000,0.177743
50,10,train,111,0.080000,0.088121
50,10,train,112,0.094900,0.103152
50,10,train,113,0.190000,0.152005
50,10,train,114,0.240000,0.164947
50,10,train,115,0.320000,0.282468
50,10,train,116,0.190000,0.147837
50,10,train,117,0.150000,0.193876
50,10,train,118,0.063300,0.110272
50,10,train,119,0.020000,0.092961
50,10,train,120,0.020000,0.071295
50,10,train,121,0.350000,0.309158
50,10,train,122,0.403000,0.365369
50,10,train,123,0.040000,0.107174
50,10,train,124,0.240000,0.235619
50,10,train,125,0.030000,0.065469
50,10,train,126,0.170000,0.106095
50,10,train,127,0.090000,0.099620
50,10,train,128,0.270000,0.257010
50,10,train,129,0.280000,0.211363
100,1,test,0,0.043800,0.082646
100,1,test,1,0.044200,0.103826
100,1,test,2,0.075400,0.056607
100,1,test,3,0.115100,0.141778
100,1,test,4,0.020000,0.135101
100,1,test,5,0.090000,0.080875
100,1,test,6,-0.390000,0.176601
100,1,test,7,0.111520,0.162454
100,1,test,8,0.110000,0.121136
100,1,test,9,0.080000,0.088527
100,1,test,10,0.439000,0.235892
100,1,test,11,0.320000,0.229984
100,1,test,12,0.185100,0.148932
100,1,test,13,0.144500,0.113104
100,1,test,14,0.150000,0.286609
100,1,test,15,0.174900,0.131065
100,1,test,16,0.040000,0.114780
100,1,test,17,0.030000,0.088198
100,1,test,18,0.062000,0.129116
100,1,test,19,0.010000,0.037420
100,1,test,20,0.200000,0.195652
100,1,test,21,0.224400,0.151812
100,1,test,22,0.163300,0.124318
100,1,test,23,0.250000,0.233309
100,1,test,24,0.040000,0.156473
100,1,test,25,0.190000,0.089452
100,1,test,26,0.200000,0.151544
100,1,test,27,0.050000,0.119548
100,1,test,28,0.151000,0.104704
100,1,test,29,0.190000,0.093869
100,1,test,30,0.058480,0.135420
100,1,test,31,0.190000,0.134142
100,1,test,32,0.063300,0.120319
100,1,train,0,0.100000,0.109470
100,1,train,1,0.150000,0.205954
100,1,train,2,0.023500,0.046865
100,1,train,3,0.403000,0.281753
100,1,train,4,0.190000,0.162708
100,1,train,5,0.115100,0.138799
100,1,train,6,0.380000,0.314386
100,1,train,7,0.110000,0.118310
100,1,train,8,0.242000,0.210123
100,1,train,9,0.020000,0.047319
100,1,train,10,0.020000,0.082812
100,1,train,11,0.050000,0.077597
100,1,train,12,-0.110000,-0.010293
100,1,train,13,0.010000,0.031815
100,1,train,14,0.090000,0.098071
100,1,train,15,0.330000,0.236142
100,1,train,16,0.018000,0.080209
100,1,train,17,0.244400,0.227554
100,1,train,18,0.010000,0.049176
100,1,train,19,0.200000,0.203390
100,1,train,20,-0.350000,-0.131758
100,1,train,21,0.100000,0.113203
100,1,train,22,0.260000,0.211745
100,1,train,23,0.144700,0.124788
100,1,train,24,0.080000,0.075677
100,1,train,25,0.151000,0.107711
100,1,train,26,0.000000,0.061202
100,1,train,27,0.024200,0.071912
100,1,train,28,0.035400,0.046567
100,1,train,29,0.220000,0.183416
100,1,train,30,0.084600,0.098958
100,1,train,31,0.070000,0.060817
100,1,train,32,0.048480,0.073227
100,1,train,33,0.090000,0.121834
100,1,train,34,0.360000,0.279654
100,1,train,35,0.290000,0.245764
100,1,train,36,0.220000,0.188238
100,1,train,37,0.270000,0.244832
100,1,train,38,0.280000,0.266484
100,1,train,39,0.260000,0.239234
100,1,train,40,0.790000,0.748852
100,1,train,41,0.310000,0.283456
100,1,train,42,0.020000,0.098818
100,1,train,43,0.120000,0.177462
100,1,train,44,0.144700,0.125141
100,1,train,45,-0.080000,0.015541
100,1,train,46,0.020000,0.042080
100,1,train,47,0.094900,0.104162
100,1,train,48,0.035100,0.060410
100,1,train,49,0.094700,0.113472
100,1,train,50,0.160000,0.124153
100,1,train,51,0.040000,0.080114
100,1,train,52,0.180000,0.155268
100,1,train,53,0.230000,0.217070
100,1,train,54,0.010000,0.052767
100,1,train,55,0.090000,0.102703
100,1,train,56,0.020000,0.074564
100,1,train,57,0.284200,0.219387
100,1,train,58,0.135000,0.171885
100,1,train,59,0.820000,0.752986
100,1,train,60,0.045300,0.059087
100,1,train,61,0.035400,0.047975
100,1,train,62,0.240000,0.231364
100,1,train,63,0.020000,0.051128
100,1,train,64,0.264400,0.218362
100,1,train,65,0.093900,0.097786
100,1,train,66,0.030000,0.080790
100,1,train,67,0.280000,0.180011
100,1,train,68,0.018000,0.033600
100,1,train,69,0.080000,0.106173
100,1,train,70,0.280000,0.246208
100,1,train,71,0.050000,0.059882
100,1,train,72,0.174900,0.133386
100,1,train,73,0.130000,0.128656
100,1,train,74,0.190000,0.155456
100,1,train,75,0.790000,0.754375
100,1,train,76,0.170000,0.082142
100,1,train,77,0.090000,0.110691
100,1,train,78,0.075400,0.060174
100,1,train,79,0.273300,0.225318
100,1,train,80,0.030000,0.109673
100,1,train,81,0.185100,0.151823
100,1,train,82,0.160000,0.133331
100,1,train,83,0.054300,0.111298
100,1,train,84,0.094900,0.104488
100,1,train,85,0.193500,0.196584
100,1,train,86,0.030000,0.054092
100,1,train,87,0.073410,0.112862
100,1,train,88,0.022000,0.036114
100,1,train,89,0.210000,0.143815
100,1,train,90,0.010000,0.043638
100,1,train,91,0.210000,0.208424
100,1,train,92,0.094600,0.105524
100,1,train,93,-0.030000,0.022723
100,1,train,94,0.180000,0.161360
100,1,train,95,0.032000,0.082124
100,1,train,96,0.114400,0.115710
100,1,train,97,0.290000,0.250455
100,1,train,98,0.150000,0.192393
100,1,train,99,0.350000,0.303136
100,1,train,100,0.190000,0.194563
100,1,train,101,0.160000,0.164286
100,1,train,102,0.240000,0.212752
100,1,train,103,0.232000,0.253516
100,1,train,104,0.137000,0.116749
100,1,train,105,0.270000,0.221082
100,1,train,106,0.060000,0.105594
100,1,train,107,0.380000,0.293636
100,1,train,108,0.160000,0.135101
100,1,train,109,0.072000,0.098390
100,1,train,110,0.130000,0.127476
100,1,train,111,0.100000,0.109877
100,1,train,112,0.540000,0.313927
100,1,train,113,0.160000,0.153497
100,1,train,114,0.133000,0.122941
100,1,train,115,0.240000,0.153922
100,1,train,116,0.025000,0.035300
100,1,train,117,0.260000,0.229984
100,1,train,118,0.065340,0.083643
100,1,train,119,0.052410,0.110947
100,1,train,120,0.020000,0.035174
100,1,train,121,0.260000,0.263046
100,1,train,122,0.240000,0.194415
100,1,train,123,0.011000,0.054378
100,1,train,124,0.035100,0.062303
100,1,train,125,0.030000,0.054454
100,1,train,126,0.020000,0.034212
100,1,train,127,0.370000,0.294711
100,1,train,128,0.020000,0.095446
100,1,train,129,0.095300,0.091074
100,2,test,0,0.310000,0.283141
100,2,test,1,0.260000,0.267003
100,2,test,2,0.072000,0.121385
100,2,test,3,0.270000,0.239631
100,2,test,4,0.180000,0.154481
100,2,test,5,0.210000,0.083316
100,2,test,6,0.052410,0.205885
100,2,test,7,0.080000,0.070326
100,2,test,8,0.032000,0.162031
100,2,test,9,0.280000,0.242835
100,2,test,10,0.093900,0.104295
100,2,test,11,0.240000,0.160390
100,2,test,12,0.100000,0.119659
100,2,test,13,0.150000,0.236404
100,2,test,14,0.090000,0.107906
100,2,test,15,0.273300,0.197014
100,2,test,16,0.110000,0.118293
100,2,test,17,0.011000,0.149579
100,2,test,18,0.200000,0.134555
100,2,test,19,0.111520,0.170951
100,2,test,20,-0.080000,0.108922
100,2,test,21,0.073410,0.166539
100,2,test,22,0.043800,0.092445
100,2,test,23,0.010000,0.101579
100,2,test,24,-0.350000,0.214537
100,2,test,25,0.260000,0.284674
100,2,test,26,0.084600,0.101703
100,2,test,27,0.224400,0.177910
100,2,test,28,0.010000,0.021760
100,2,test,29,0.035100,0.084063
100,2,test,30,0.174900,0.135054
100,2,test,31,0.018000,0.144998
100,2,test,32,0.020000,0.145912
100,2,train,0,0.115100,0.126404
100,2,train,1,0.320000,0.284674
100,2,train,2,0.023500,0.036506
100,2,train,3,0.790000,0.716699
100,2,train,4,-0.110000,0.009311
100,2,train,5,0.080000,0.088572
100,2,train,6,0.024200,0.045807
100,2,train,7,0.190000,0.159778
100,2,train,8,0.170000,0.116105
100,2,train,9,0.133000,0.135472
100,2,train,10,0.040000,0.059483
100,2,train,11,0.020000,0.021760
100,2,train,12,0.010000,0.017985
100,2,train,13,0.144700,0.133421
100,2,train,14,0.040000,0.096866
100,2,train,15,0.030000,0.105865
100,2,train,16,0.820000,0.732659
100,2,train,17,0.090000,0.086593
100,2,train,18,0.010000,0.041948
100,2,train,19,0.244400,0.233445
100,2,train,20,0.190000,0.170661
100,2,train,21,0.144700,0.133202
100,2,train,22,0.020000,0.096266
100,2,train,23,0.264400,0.222859
100,2,train,24,0.048480,0.068759
100,2,train,25,0.240000,0.240598
100,2,train,26,0.110000,0.114491
100,2,train,27,0.062000,0.086062
100,2,train,28,0.065340,0.078986
100,2,train,29,0.180000,0.171647
100,2,train,30,0.030000,0.058264
100,2,train,31,0.120000,0.168352
100,2,train,32,0.025000,0.033806
100,2,train,33,0.114400,0.114161
100,2,train,34,-0.390000,-0.168487
100,2,train,35,0.030000,0.057541
100,2,train,36,0.020000,0.037627
100,2,train,37,0.018000,0.031163
100,2,train,38,0.090000,0.085763
100,2,train,39,0.151000,0.139557
100,2,train,40,0.790000,0.735941
100,2,train,41,0.094600,0.104960
100,2,train,42,0.020000,0.040912
100,2,train,43,0.190000,0.143834
100,2,train,44,0.050000,0.049135
100,2,train,45,0.040000,0.060841
100,2,train,46,0.240000,0.188736
100,2,train,47,0.439000,0.352612
100,2,train,48,0.050000,0.084251
100,2,train,49,0.000000,0.042002
100,2,train,50,0.185100,0.182358
100,2,train,51,0.270000,0.213169
100,2,train,52,0.151000,0.136055
100,2,train,53,0.130000,0.128865
100,2,train,54,0.540000,0.355711
100,2,train,55,0.240000,0.213759
100,2,train,56,0.075400,0.069258
100,2,train,57,0.010000,0.047499
100,2,train,58,0.144500,0.137397
100,2,train,59,0.075400,0.070207
100,2,train,60,0.130000,0.129171
100,2,train,61,-0.030000,0.011756
100,2,train,62,0.280000,0.213794
100,2,train,63,0.190000,0.201333
100,2,train,64,0.284200,0.239247
100,2,train,65,0.063300,0.079307
100,2,train,66,0.020000,0.077694
100,2,train,67,0.094900,0.095253
100,2,train,68,0.260000,0.236097
100,2,train,69,0.054300,0.128290
100,2,train,70,0.135000,0.164778
100,2,train,71,0.160000,0.119693
100,2,train,72,0.100000,0.118817
100,2,train,73,0.035400,0.041645
100,2,train,74,0.160000,0.147540
100,2,train,75,0.260000,0.242818
100,2,train,76,0.150000,0.197297
100,2,train,77,0.232000,0.236412
100,2,train,78,0.020000,0.062508
100,2,train,79,0.020000,0.063648
100,2,train,80,0.100000,0.134713
100,2,train,81,0.200000,0.216691
100,2,train,82,0.290000,0.263679
100,2,train,83,0.050000,0.066478
100,2,train,84,0.020000,0.040105
100,2,train,85,0.030000,0.066878
100,2,train,86,0.160000,0.158601
100,2,train,87,0.350000,0.292320
100,2,train,88,0.020000,0.022730
100,2,train,89,0.163300,0.145199
100,2,train,90,0.210000,0.213787
100,2,train,91,0.035100,0.074465
100,2,train,92,0.190000,0.158487
100,2,train,93,0.115100,0.131148
100,2,train,94,0.022000,0.032676
100,2,train,95,0.160000,0.161971
100,2,train,96,0.160000,0.153309
100,2,train,97,0.185100,0.181771
100,2,train,98,0.360000,0.296153
100,2,train,99,0.290000,0.268025
100,2,train,100,0.090000,0.113181
100,2,train,101,0.094700,0.121816
100,2,train,102,0.094900,0.093235
100,2,train,103,0.070000,0.057342
100,2,train,104,0.030000,0.077823
100,2,train,105,0.380000,0.324651
100,2,train,106,0.330000,0.248695
100,2,train,107,0.242000,0.240319
100,2,train,108,0.045300,0.063508
100,2,train,109,0.200000,0.196682
100,2,train,110,0.190000,0.173011
100,2,train,111,0.080000,0.085438
100,2,train,112,0.220000,0.184891
100,2,train,113,0.230000,0.247908
100,2,train,114,0.095300,0.097570
100,2,train,115,0.280000,0.255842
100,2,train,116,0.250000,0.248543
100,2,train,117,0.150000,0.188735
100,2,train,118,0.058480,0.093095
100,2,train,119,0.060000,0.079699
100,2,train,120,0.044200,0.065498
100,2,train,121,0.403000,0.352573
100,2,train,122,0.035400,0.040162
100,2,train,123,0.380000,0.308482
100,2,train,124,0.220000,0.188780
100,2,train,125,0.174900,0.141490
100,2,train,126,0.193500,0.204151
100,2,train,127,0.137000,0.119899
100,2,train,128,0.370000,0.267003
100,2,train,129,0.090000,0.102485
100,3,test,0,-0.030000,0.100518
100,3,test,1,0.150000,0.216987
100,3,test,2,0.310000,0.275026
100,3,test,3,0.180000,0.111667
100,3,test,4,0.044200,0.096079
100,3,test,5,0.062000,0.118349
100,3,test,6,0.094900,0.108721
100,3,test,7,0.030000,0.131076
100,3,test,8,0.230000,0.239095
100,3,test,9,0.063300,0.128917
100,3,test,10,0.090000,0.116546
100,3,test,11,0.020000,0.020173
100,3,test,12,0.273300,0.205528
100,3,test,13,0.040000,0.101603
100,3,test,14,0.052410,0.222250
100,3,test,15,0.023500,0.058738
100,3,test,16,0.058480,0.141507
100,3,test,17,0.439000,0.205064
100,3,test,18,0.232000,0.274976
100,3,test,19,0.790000,0.690286
100,3,test,20,0.120000,0.224476
100,3,test,21,-0.390000,0.155541
100,3,test,22,0.050000,0.053785
100,3,test,23,0.540000,0.072943
100,3,test,24,0.185100,0.142304
100,3,test,25,0.190000,0.150446
100,3,test,26,0.360000,0.226955
100,3,test,27,0.200000,0.116101
100,3,test,28,0.190000,0.146511
100,3,test,29,0.032000,0.135782
100,3,test,30,0.020000,0.148296
100,3,test,31,0.220000,0.121200
100,3,test,32,-0.080000,0.076880
100,3,train,0,0.090000,0.096086
100,3,train,1,0.080000,0.088756
100,3,train,2,0.073410,0.112068
100,3,train,3,0.045300,0.056558
100,3,train,4,0.011000,0.085689
100,3,train,5,0.350000,0.283011
100,3,train,6,0.264400,0.210101
100,3,train,7,0.290000,0.254139
100,3,train,8,0.030000,0.050071
100,3,train,9,0.130000,0.123622
100,3,train,10,0.370000,0.282442
100,3,train,11,0.010000,0.107926
100,3,train,12,0.193500,0.196372
100,3,train,13,0.130000,0.124272
100,3,train,14,0.137000,0.119744
100,3,train,15,0.100000,0.130193
100,3,train,16,0.020000,0.081739
100,3,train,17,0.330000,0.245488
100,3,train,18,0.093900,0.092830
100,3,train,19,0.174900,0.159415
100,3,train,20,0.200000,0.182572
100,3,train,21,0.075400,0.066365
100,3,train,22,0.094900,0.106007
100,3,train,23,0.030000,0.063349
100,3,train,24,0.084600,0.101668
100,3,train,25,0.111520,0.137060
100,3,train,26,0.030000,0.095641
100,3,train,27,0.160000,0.155708
100,3,train,28,0.144700,0.128820
100,3,train,29,0.284200,0.200605
100,3,train,30,0.160000,0.160133
100,3,train,31,0.090000,0.120754
100,3,train,32,0.144500,0.112387
100,3,train,33,0.030000,0.076299
100,3,train,34,0.100000,0.104722
100,3,train,35,0.020000,0.083129
100,3,train,36,0.090000,0.080804
100,3,train,37,0.240000,0.149642
100,3,train,38,0.022000,0.034488
100,3,train,39,0.144700,0.129728
100,3,train,40,0.280000,0.189011
100,3,train,41,0.035400,0.043500
100,3,train,42,0.260000,0.267194
100,3,train,43,0.224400,0.211704
100,3,train,44,0.163300,0.144105
100,3,train,45,0.260000,0.204052
100,3,train,46,0.403000,0.266301
100,3,train,47,0.020000,0.024324
100,3,train,48,0.040000,0.119075
100,3,train,49,0.020000,0.053855
100,3,train,50,0.072000,0.063165
100,3,train,51,0.043800,0.057800
100,3,train,52,0.048480,0.077326
100,3,train,53,0.270000,0.246869
100,3,train,54,0.025000,0.037691
100,3,train,55,0.160000,0.139724
100,3,train,56,0.020000,0.107655
100,3,train,57,0.270000,0.210596
100,3,train,58,0.024200,0.077231
100,3,train,59,0.114400,0.125411
100,3,train,60,0.050000,0.085864
100,3,train,61,0.080000,0.074768
100,3,train,62,0.035400,0.043286
100,3,train,63,0.100000,0.104298
100,3,train,64,0.020000,0.048271
100,3,train,65,0.174900,0.159582
100,3,train,66,0.250000,0.240659
100,3,train,67,0.200000,0.211289
100,3,train,68,0.135000,0.168448
100,3,train,69,0.185100,0.149766
100,3,train,70,0.190000,0.135714
100,3,train,71,0.035100,0.045500
100,3,train,72,0.018000,0.070695
100,3,train,73,0.320000,0.268340
100,3,train,74,0.040000,0.128310
100,3,train,75,0.110000,0.114126
100,3,train,76,0.240000,0.206205
100,3,train,77,0.010000,0.022369
100,3,train,78,0.094700,0.111602
100,3,train,79,0.290000,0.246902
100,3,train,80,0.260000,0.278550
100,3,train,81,0.150000,0.194695
100,3,train,82,0.010000,0.069130
100,3,train,83,0.820000,0.689081
100,3,train,84,0.060000,0.128999
100,3,train,85,0.260000,0.247233
100,3,train,86,0.000000,0.053780
100,3,train,87,0.050000,0.070637
100,3,train,88,0.170000,0.080103
100,3,train,89,0.160000,0.097716
100,3,train,90,0.190000,0.138814
100,3,train,91,0.180000,0.157576
100,3,train,92,0.244400,0.222284
100,3,train,93,0.280000,0.253170
100,3,train,94,0.115100,0.129136
100,3,train,95,0.210000,0.149905
100,3,train,96,0.210000,0.218168
100,3,train,97,0.075400,0.065392
100,3,train,98,0.065340,0.074718
100,3,train,99,0.095300,0.086888
100,3,train,100,0.035100,0.045429
100,3,train,101,0.240000,0.235479
100,3,train,102,0.242000,0.221183
100,3,train,103,0.380000,0.304129
100,3,train,104,0.160000,0.147204
100,3,train,105,0.020000,0.053785
100,3,train,106,0.110000,0.114554
100,3,train,107,0.010000,0.043290
100,3,train,108,0.220000,0.205052
100,3,train,109,0.070000,0.095842
100,3,train,110,0.115100,0.127406
100,3,train,111,0.240000,0.179809
100,3,train,112,0.190000,0.194179
100,3,train,113,0.280000,0.271655
100,3,train,114,-0.110000,0.019989
100,3,train,115,0.151000,0.120987
100,3,train,116,0.054300,0.116054
100,3,train,117,0.133000,0.119831
100,3,train,118,0.151000,0.121350
100,3,train,119,0.150000,0.220763
100,3,train,120,-0.350000,-0.093209
100,3,train,121,0.380000,0.264996
100,3,train,122,0.010000,0.022733
100,3,train,123,0.080000,0.109497
100,3,train,124,0.018000,0.037228
100,3,train,125,0.094600,0.107254
100,3,train,126,0.020000,0.117669
100,3,train,127,0.790000,0.683551
100,3,train,128,0.190000,0.152954
100,3,train,129,0.090000,0.076423
100,4,test,0,0.439000,0.150073
100,4,test,1,0.073410,0.205369
100,4,test,2,0.080000,0.097894
100,4,test,3,0.151000,0.106414
100,4,test,4,0.000000,0.114736
100,4,test,5,0.044200,0.105209
100,4,test,6,0.090000,0.118019
100,4,test,7,0.244400,0.180355
100,4,test,8,0.290000,0.170273
100,4,test,9,0.052410,0.185018
100,4,test,10,0.010000,0.120053
100,4,test,11,0.170000,0.097312
100,4,test,12,0.040000,0.150645
100,4,test,13,0.060000,0.126176
100,4,test,14,0.260000,0.202513
100,4,test,15,0.084600,0.117664
100,4,test,16,0.054300,0.197526
100,4,test,17,0.224400,0.143303
100,4,test,18,-0.080000,0.106169
100,4,test,19,0.062000,0.113595
100,4,test,20,0.284200,0.146077
100,4,test,21,0.200000,0.127492
100,4,test,22,0.160000,0.136858
100,4,test,23,0.144500,0.115743
100,4,test,24,0.090000,0.102724
100,4,test,25,0.010000,0.102897
100,4,test,26,0.185100,0.152398
100,4,test,27,0.790000,0.654361
100,4,test,28,0.310000,0.181157
100,4,test,29,0.010000,0.114552
100,4,test,30,0.280000,0.177893
100,4,test,31,0.380000,0.189248
100,4,test,32,0.273300,0.128377
100,4,train,0,0.025000,0.081601
100,4,train,1,0.050000,0.086170
100,4,train,2,0.050000,0.095619
100,4,train,3,0.185100,0.153600
100,4,train,4,0.190000,0.124644
100,4,train,5,0.065340,0.099767
100,4,train,6,0.040000,0.116833
100,4,train,7,0.144700,0.110498
100,4,train,8,0.130000,0.119669
100,4,train,9,0.240000,0.167938
100,4,train,10,0.250000,0.177259
100,4,train,11,0.111520,0.147171
100,4,train,12,0.100000,0.116433
100,4,train,13,0.023500,0.083624
100,4,train,14,0.094700,0.145253
100,4,train,15,0.242000,0.174464
100,4,train,16,0.030000,0.102504
100,4,train,17,0.200000,0.159044
100,4,train,18,0.360000,0.226301
100,4,train,19,0.270000,0.129343
100,4,train,20,0.150000,0.178124
100,4,train,21,0.380000,0.225567
100,4,train,22,0.270000,0.183802
100,4,train,23,0.040000,0.114110
100,4,train,24,0.080000,0.113723
100,4,train,25,0.020000,0.121020
100,4,train,26,0.011000,0.090806
100,4,train,27,0.080000,0.116373
100,4,train,28,0.090000,0.120153
100,4,train,29,0.070000,0.085881
100,4,train,30,0.193500,0.177611
100,4,train,31,0.190000,0.177203
100,4,train,32,0.264400,0.197161
100,4,train,33,0.150000,0.190546
100,4,train,34,0.280000,0.187577
100,4,train,35,0.018000,0.115086
100,4,train,36,0.022000,0.079332
100,4,train,37,0.035400,0.085669
100,4,train,38,0.032000,0.101803
100,4,train,39,0.240000,0.152113
100,4,train,40,0.163300,0.113090
100,4,train,41,0.094900,0.115039
100,4,train,42,0.030000,0.107096
100,4,train,43,0.110000,0.119942
100,4,train,44,0.030000,0.093996
100,4,train,45,0.540000,0.165962
100,4,train,46,0.230000,0.197540
100,4,train,47,0.280000,0.142286
100,4,train,48,0.115100,0.145338
100,4,train,49,0.210000,0.105376
100,4,train,50,0.063300,0.125211
100,4,train,51,0.058480,0.119172
100,4,train,52,0.320000,0.202513
100,4,train,53,0.020000,0.120053
100,4,train,54,0.115100,0.146063
100,4,train,55,0.220000,0.145176
100,4,train,56,0.020000,0.140567
100,4,train,57,0.190000,0.111159
100,4,train,58,0.100000,0.116433
100,4,train,59,0.370000,0.195621
100,4,train,60,0.095300,0.104305
100,4,train,61,0.350000,0.181704
100,4,train,62,0.190000,0.141305
100,4,train,63,0.020000,0.085375
100,4,train,64,0.035100,0.103694
100,4,train,65,0.048480,0.104773
100,4,train,66,0.035100,0.103694
100,4,train,67,0.072000,0.114120
100,4,train,68,0.110000,0.119854
100,4,train,69,0.190000,0.124923
100,4,train,70,0.190000,0.118108
100,4,train,71,0.075400,0.085160
100,4,train,72,0.240000,0.173988
100,4,train,73,0.260000,0.193435
100,4,train,74,0.090000,0.101883
100,4,train,75,0.090000,0.114241
100,4,train,76,-0.030000,0.082000
100,4,train,77,0.133000,0.121099
100,4,train,78,-0.350000,0.001886
100,4,train,79,0.174900,0.124724
100,4,train,80,0.290000,0.191068
100,4,train,81,0.160000,0.112829
100,4,train,82,0.030000,0.120453
100,4,train,83,0.137000,0.113955
100,4,train,84,0.180000,0.128428
100,4,train,85,0.820000,0.689811
100,4,train,86,0.093900,0.112960
100,4,train,87,0.094900,0.115569
100,4,train,88,0.024200,0.099501
100,4,train,89,0.020000,0.082868
100,4,train,90,0.020000,0.156644
100,4,train,91,0.144700,0.110122
100,4,train,92,0.151000,0.106414
100,4,train,93,0.050000,0.111348
100,4,train,94,0.100000,0.123490
100,4,train,95,0.403000,0.182498
100,4,train,96,0.035400,0.085846
100,4,train,97,0.130000,0.119801
100,4,train,98,0.150000,0.168392
100,4,train,99,0.260000,0.159041
100,4,train,100,0.180000,0.130354
100,4,train,101,0.018000,0.081554
100,4,train,102,0.135000,0.146582
100,4,train,103,0.160000,0.101044
100,4,train,104,-0.110000,0.088635
100,4,train,105,0.210000,0.188196
100,4,train,106,0.010000,0.097882
100,4,train,107,0.114400,0.117898
100,4,train,108,-0.390000,-0.097398
100,4,train,109,0.010000,0.101825
100,4,train,110,0.094600,0.117812
100,4,train,111,0.020000,0.131470
100,4,train,112,0.790000,0.657693
100,4,train,113,0.160000,0.121896
100,4,train,114,0.260000,0.196227
100,4,train,115,0.045300,0.081644
100,4,train,116,0.043800,0.091028
100,4,train,117,0.020000,0.096460
100,4,train,118,0.232000,0.232460
100,4,train,119,0.020000,0.092796
100,4,train,120,0.075400,0.085337
100,4,train,121,0.030000,0.119270
100,4,train,122,0.200000,0.190390
100,4,train,123,0.330000,0.168482
100,4,train,124,0.020000,0.114088
100,4,train,125,0.160000,0.139934
100,4,train,126,0.174900,0.124466
100,4,train,127,0.220000,0.184009
100,4,train,128,0.240000,0.131747
100,4,train,129,0.120000,0.166569
100,5,test,0,0.054300,0.185187
100,5,test,1,0.240000,0.221290
100,5,test,2,0.040000,0.179772
100,5,test,3,0.790000,0.431417
100,5,test,4,0.100000,0.141444
100,5,test,5,0.010000,0.142381
100,5,test,6,0.094600,0.114948
100,5,test,7,-0.350000,0.200675
100,5,test,8,0.240000,0.190343
100,5,test,9,0.093900,0.104857
100,5,test,10,0.185100,0.169052
100,5,test,11,0.190000,0.158379
100,5,test,12,0.024200,0.102601
100,5,test,13,0.032000,0.143389
100,5,test,14,0.280000,0.204442
100,5,test,15,-0.030000,0.093592
100,5,test,16,0.030000,0.069254
100,5,test,17,0.160000,0.071432
100,5,test,18,0.260000,0.194141
100,5,test,19,0.063300,0.130535
100,5,test,20,0.190000,0.118776
100,5,test,21,0.160000,0.104456
100,5,test,22,0.163300,0.115677
100,5,test,23,0.023500,0.078541
100,5,test,24,0.094700,0.169036
100,5,test,25,0.174900,0.094870
100,5,test,26,0.090000,0.112398
100,5,test,27,0.035100,0.102216
100,5,test,28,0.052410,0.215834
100,5,test,29,0.200000,0.204150
100,5,test,30,0.010000,0.071526
100,5,test,31,0.220000,0.171385
100,5,test,32,0.190000,0.127680
100,5,train,0,0.160000,0.158831
100,5,train,1,0.790000,0.433802
100,5,train,2,0.075400,0.075167
100,5,train,3,0.050000,0.070752
100,5,train,4,0.110000,0.144477
100,5,train,5,0.310000,0.264492
100,5,train,6,0.040000,0.160360
100,5,train,7,0.090000,0.108866
100,5,train,8,0.174900,0.095138
100,5,train,9,0.020000,0.117538
100,5,train,10,0.144700,0.089208
100,5,train,11,-0.110000,0.056628
100,5,train,12,0.133000,0.088438
100,5,train,13,0.048480,0.088032
100,5,train,14,0.010000,0.070733
100,5,train,15,0.220000,0.177996
100,5,train,16,0.250000,0.225227
100,5,train,17,0.190000,0.100745
100,5,train,18,0.270000,0.148600
100,5,train,19,0.193500,0.236862
100,5,train,20,0.232000,0.348472
100,5,train,21,0.260000,0.226977
100,5,train,22,0.370000,0.230367
100,5,train,23,0.100000,0.157804
100,5,train,24,0.260000,0.229805
100,5,train,25,0.060000,0.128262
100,5,train,26,0.151000,0.103006
100,5,train,27,0.020000,0.070752
100,5,train,28,0.244400,0.208745
100,5,train,29,0.094900,0.101301
100,5,train,30,0.025000,0.065998
100,5,train,31,0.018000,0.065998
100,5,train,32,0.210000,0.276730
100,5,train,33,0.065340,0.093628
100,5,train,34,0.111520,0.180631
100,5,train,35,0.150000,0.207300
100,5,train,36,0.190000,0.236202
100,5,train,37,0.070000,0.091639
100,5,train,38,0.160000,0.143469
100,5,train,39,0.137000,0.097574
100,5,train,40,0.210000,0.113941
100,5,train,41,0.095300,0.097198
100,5,train,42,0.100000,0.143840
100,5,train,43,0.403000,0.224761
100,5,train,44,0.170000,0.073865
100,5,train,45,0.260000,0.242739
100,5,train,46,0.020000,0.123765
100,5,train,47,0.020000,0.071432
100,5,train,48,0.035400,0.072686
100,5,train,49,0.022000,0.067028
100,5,train,50,0.151000,0.101822
100,5,train,51,0.150000,0.188179
100,5,train,52,0.094900,0.103066
100,5,train,53,0.135000,0.180477
100,5,train,54,0.130000,0.145386
100,5,train,55,0.080000,0.094861
100,5,train,56,0.073410,0.183796
100,5,train,57,0.020000,0.076399
100,5,train,58,0.084600,0.105149
100,5,train,59,0.284200,0.192410
100,5,train,60,0.240000,0.144371
100,5,train,61,0.230000,0.232267
100,5,train,62,0.044200,0.099605
100,5,train,63,0.072000,0.083066
100,5,train,64,0.280000,0.169290
100,5,train,65,0.010000,0.085311
100,5,train,66,0.115100,0.166149
100,5,train,67,0.080000,0.095549
100,5,train,68,0.075400,0.073995
100,5,train,69,0.190000,0.099124
100,5,train,70,0.120000,0.221430
100,5,train,71,0.110000,0.146181
100,5,train,72,0.144700,0.088045
100,5,train,73,0.242000,0.225628
100,5,train,74,0.224400,0.207699
100,5,train,75,0.030000,0.083559
100,5,train,76,0.115100,0.164777
100,5,train,77,0.035100,0.101130
100,5,train,78,0.180000,0.166684
100,5,train,79,0.020000,0.098459
100,5,train,80,0.380000,0.261489
100,5,train,81,0.030000,0.085467
100,5,train,82,0.080000,0.103113
100,5,train,83,0.090000,0.100916
100,5,train,84,0.160000,0.114894
100,5,train,85,0.150000,0.163466
100,5,train,86,0.030000,0.165952
100,5,train,87,0.040000,0.083247
100,5,train,88,0.320000,0.242988
100,5,train,89,0.439000,0.220126
100,5,train,90,-0.390000,0.036363
100,5,train,91,0.180000,0.169816
100,5,train,92,0.000000,0.084944
100,5,train,93,0.144500,0.162280
100,5,train,94,0.035400,0.074776
100,5,train,95,0.020000,0.073602
100,5,train,96,0.045300,0.081903
100,5,train,97,0.540000,0.158781
100,5,train,98,0.280000,0.248956
100,5,train,99,0.058480,0.114524
100,5,train,100,0.360000,0.268300
100,5,train,101,0.050000,0.110790
100,5,train,102,0.010000,0.071732
100,5,train,103,0.820000,0.430616
100,5,train,104,0.020000,0.141059
100,5,train,105,0.330000,0.210668
100,5,train,106,0.200000,0.177853
100,5,train,107,0.200000,0.197218
100,5,train,108,0.240000,0.117314
100,5,train,109,0.273300,0.148217
100,5,train,110,0.090000,0.110896
100,5,train,111,0.020000,0.070733
100,5,train,112,0.290000,0.222860
100,5,train,113,0.270000,0.219474
100,5,train,114,0.130000,0.147090
100,5,train,115,0.114400,0.121412
100,5,train,116,-0.080000,0.066639
100,5,train,117,0.043800,0.082789
100,5,train,118,0.264400,0.207636
100,5,train,119,0.185100,0.167680
100,5,train,120,0.030000,0.074937
100,5,train,121,0.062000,0.095941
100,5,train,122,0.380000,0.280112
100,5,train,123,0.050000,0.094266
100,5,train,124,0.090000,0.128391
100,5,train,125,0.350000,0.261210
100,5,train,126,0.020000,0.170218
100,5,train,127,0.011000,0.138890
100,5,train,128,0.290000,0.201763
100,5,train,129,0.018000,0.086144
100,6,test,0,0.190000,0.119887
100,6,test,1,0.310000,0.176613
100,6,test,2,0.220000,0.102267
100,6,test,3,0.095300,0.102759
100,6,test,4,0.280000,0.176092
100,6,test,5,0.100000,0.101697
100,6,test,6,0.020000,0.102113
100,6,test,7,0.190000,0.119890
100,6,test,8,0.290000,0.178710
100,6,test,9,0.144700,0.102227
100,6,test,10,0.790000,0.196645
100,6,test,11,0.020000,0.177485
100,6,test,12,0.020000,0.178856
100,6,test,13,0.160000,0.171112
100,6,test,14,0.114400,0.119010
100,6,test,15,0.174900,0.118706
100,6,test,16,0.260000,0.179641
100,6,test,17,0.210000,0.193741
100,6,test,18,0.045300,0.102238
100,6,test,19,0.084600,0.118231
100,6,test,20,0.150000,0.196254
100,6,test,21,0.040000,0.191884
100,6,test,22,0.151000,0.102491
100,6,test,23,0.280000,0.177523
100,6,test,24,0.151000,0.102617
100,6,test,25,0.035400,0.102085
100,6,test,26,0.144500,0.175975
100,6,test,27,0.030000,0.119553
100,6,test,28,0.160000,0.126673
100,6,test,29,-0.390000,0.176751
100,6,test,30,0.035100,0.102491
100,6,test,31,0.200000,0.102267
100,6,test,32,0.035400,0.102085
100,6,train,0,0.133000,0.105505
100,6,train,1,0.190000,0.171633
100,6,train,2,0.200000,0.192559
100,6,train,3,0.093900,0.119249
100,6,train,4,0.030000,0.101480
100,6,train,5,0.135000,0.176645
100,6,train,6,0.000000,0.103270
100,6,train,7,0.110000,0.102042
100,6,train,8,0.100000,0.101697
100,6,train,9,0.190000,0.102821
100,6,train,10,0.163300,0.119242
100,6,train,11,0.080000,0.103208
100,6,train,12,0.094900,0.117937
100,6,train,13,0.025000,0.121098
100,6,train,14,0.260000,0.193479
100,6,train,15,0.370000,0.193479
100,6,train,16,0.018000,0.121098
100,6,train,17,0.150000,0.196254
100,6,train,18,0.264400,0.193907
100,6,train,19,0.100000,0.118592
100,6,train,20,0.240000,0.178710
100,6,train,21,0.185100,0.176101
100,6,train,22,0.230000,0.192900
100,6,train,23,0.043800,0.103151
100,6,train,24,0.020000,0.105379
100,6,train,25,0.160000,0.105379
100,6,train,26,0.170000,0.102109
100,6,train,27,0.270000,0.119877
100,6,train,28,0.094700,0.176518
100,6,train,29,0.020000,0.117946
100,6,train,30,0.090000,0.119249
100,6,train,31,0.120000,0.178710
100,6,train,32,0.284200,0.176907
100,6,train,33,0.240000,0.125651
100,6,train,34,0.020000,0.178960
100,6,train,35,0.065340,0.102118
100,6,train,36,0.330000,0.176583
100,6,train,37,0.190000,0.177532
100,6,train,38,0.020000,0.105379
100,6,train,39,0.220000,0.192559
100,6,train,40,0.130000,0.101893
100,6,train,41,0.180000,0.102898
100,6,train,42,0.050000,0.141361
100,6,train,43,0.080000,0.119247
100,6,train,44,0.224400,0.192834
100,6,train,45,0.018000,0.176873
100,6,train,46,0.320000,0.192644
100,6,train,47,0.075400,0.101835
100,6,train,48,0.090000,0.104337
100,6,train,49,0.010000,0.126835
100,6,train,50,0.072000,0.104341
100,6,train,51,0.200000,0.178338
100,6,train,52,-0.080000,0.102258
100,6,train,53,0.020000,0.192403
100,6,train,54,0.190000,0.104337
100,6,train,55,0.011000,0.194022
100,6,train,56,0.080000,0.118807
100,6,train,57,0.040000,0.176288
100,6,train,58,0.280000,0.103158
100,6,train,59,0.150000,0.177361
100,6,train,60,0.240000,0.179366
100,6,train,61,0.094600,0.118504
100,6,train,62,0.044200,0.102010
100,6,train,63,0.022000,0.121098
100,6,train,64,0.062000,0.104736
100,6,train,65,0.260000,0.192644
100,6,train,66,0.380000,0.196254
100,6,train,67,0.094900,0.118063
100,6,train,68,0.242000,0.176214
100,6,train,69,0.010000,0.118967
100,6,train,70,0.180000,0.104337
100,6,train,71,0.048480,0.118883
100,6,train,72,0.380000,0.192834
100,6,train,73,0.290000,0.177373
100,6,train,74,0.023500,0.101999
100,6,train,75,0.024200,0.102266
100,6,train,76,0.073410,0.193139
100,6,train,77,0.050000,0.118288
100,6,train,78,0.273300,0.119763
100,6,train,79,0.137000,0.119284
100,6,train,80,0.111520,0.176512
100,6,train,81,0.075400,0.101835
100,6,train,82,0.032000,0.104337
100,6,train,83,0.090000,0.102501
100,6,train,84,0.020000,0.178856
100,6,train,85,0.030000,0.102628
100,6,train,86,0.020000,0.103208
100,6,train,87,0.010000,0.178856
100,6,train,88,0.115100,0.176870
100,6,train,89,0.403000,0.121344
100,6,train,90,-0.030000,0.101683
100,6,train,91,0.070000,0.101683
100,6,train,92,0.063300,0.119763
100,6,train,93,-0.350000,0.176094
100,6,train,94,0.115100,0.176996
100,6,train,95,0.360000,0.196254
100,6,train,96,0.160000,0.171633
100,6,train,97,0.232000,0.192826
100,6,train,98,0.193500,0.177418
100,6,train,99,0.244400,0.193389
100,6,train,100,0.250000,0.179641
100,6,train,101,0.110000,0.102042
100,6,train,102,0.060000,0.119877
100,6,train,103,-0.110000,0.102109
100,6,train,104,0.210000,0.121101
100,6,train,105,0.439000,0.121195
100,6,train,106,0.040000,0.104225
100,6,train,107,0.820000,0.196246
100,6,train,108,0.260000,0.177212
100,6,train,109,0.130000,0.101893
100,6,train,110,0.090000,0.119768
100,6,train,111,0.270000,0.179641
100,6,train,112,0.030000,0.126835
100,6,train,113,0.058480,0.119404
100,6,train,114,0.790000,0.197164
100,6,train,115,0.350000,0.176613
100,6,train,116,0.540000,0.102109
100,6,train,117,0.010000,0.102125
100,6,train,118,0.054300,0.193139
100,6,train,119,0.144700,0.102352
100,6,train,120,0.174900,0.118832
100,6,train,121,0.240000,0.125492
100,6,train,122,0.052410,0.192584
100,6,train,123,0.160000,0.119356
100,6,train,124,0.185100,0.176227
100,6,train,125,0.050000,0.105379
100,6,train,126,0.035100,0.102617
100,6,train,127,0.030000,0.176288
100,6,train,128,0.090000,0.118807
100,6,train,129,0.010000,0.178856
100,7,test,0,0.144700,0.108385
100,7,test,1,0.130000,0.124268
100,7,test,2,0.095300,0.086404
100,7,test,3,0.030000,0.146453
100,7,test,4,0.290000,0.192051
100,7,test,5,0.075400,0.060309
100,7,test,6,0.150000,0.267054
100,7,test,7,0.020000,0.039204
100,7,test,8,0.094700,0.166335
100,7,test,9,0.280000,0.208606
100,7,test,10,0.073410,0.169269
100,7,test,11,0.200000,0.163027
100,7,test,12,0.380000,0.207771
100,7,test,13,0.190000,0.141319
100,7,test,14,0.020000,0.035594
100,7,test,15,0.072000,0.115337
100,7,test,16,0.080000,0.067049
100,7,test,17,0.018000,0.171442
100,7,test,18,0.220000,0.167798
100,7,test,19,0.240000,0.193016
100,7,test,20,0.020000,0.062957
100,7,test,21,0.084600,0.104317
100,7,test,22,0.160000,0.052106
100,7,test,23,0.790000,0.535686
100,7,test,24,0.060000,0.119015
100,7,test,25,0.090000,0.070035
100,7,test,26,0.135000,0.221806
100,7,test,27,0.210000,0.218004
100,7,test,28,0.230000,0.242818
100,7,test,29,0.115100,0.182797
100,7,test,30,0.115100,0.183335
100,7,test,31,0.790000,0.547985
100,7,test,32,0.110000,0.120372
100,7,train,0,0.244400,0.235556
100,7,train,1,0.260000,0.244059
100,7,train,2,0.035100,0.051258
100,7,train,3,0.160000,0.140466
100,7,train,4,0.022000,0.029636
100,7,train,5,0.160000,0.147914
100,7,train,6,0.100000,0.108355
100,7,train,7,0.032000,0.082642
100,7,train,8,0.063300,0.104866
100,7,train,9,0.190000,0.204271
100,7,train,10,-0.110000,-0.034858
100,7,train,11,0.010000,0.038675
100,7,train,12,0.137000,0.129596
100,7,train,13,0.018000,0.028584
100,7,train,14,0.054300,0.123847
100,7,train,15,-0.080000,-0.003193
100,7,train,16,-0.030000,0.023910
100,7,train,17,0.273300,0.244519
100,7,train,18,0.048480,0.065507
100,7,train,19,0.200000,0.178979
100,7,train,20,0.094900,0.099664
100,7,train,21,0.190000,0.166592
100,7,train,22,0.100000,0.131502
100,7,train,23,-0.350000,-0.128446
100,7,train,24,0.080000,0.098903
100,7,train,25,0.439000,0.350248
100,7,train,26,-0.390000,-0.166974
100,7,train,27,0.011000,0.056937
100,7,train,28,0.185100,0.187161
100,7,train,29,0.020000,0.051455
100,7,train,30,0.260000,0.204534
100,7,train,31,0.350000,0.320418
100,7,train,32,0.035400,0.044284
100,7,train,33,0.130000,0.127156
100,7,train,34,0.224400,0.196479
100,7,train,35,0.180000,0.171204
100,7,train,36,0.163300,0.148625
100,7,train,37,0.075400,0.066541
100,7,train,38,0.040000,0.072042
100,7,train,39,0.190000,0.153581
100,7,train,40,0.030000,0.043786
100,7,train,41,0.193500,0.207076
100,7,train,42,0.090000,0.081664
100,7,train,43,0.024200,0.052629
100,7,train,44,0.030000,0.059160
100,7,train,45,0.020000,0.035628
100,7,train,46,0.090000,0.096417
100,7,train,47,0.190000,0.172109
100,7,train,48,0.065340,0.086913
100,7,train,49,0.080000,0.084557
100,7,train,50,0.180000,0.166226
100,7,train,51,0.094900,0.100740
100,7,train,52,0.280000,0.209442
100,7,train,53,0.090000,0.093885
100,7,train,54,0.190000,0.144055
100,7,train,55,0.044200,0.060426
100,7,train,56,0.330000,0.254300
100,7,train,57,0.025000,0.031351
100,7,train,58,0.030000,0.048363
100,7,train,59,0.150000,0.171357
100,7,train,60,0.000000,0.040938
100,7,train,61,0.160000,0.147882
100,7,train,62,0.820000,0.591707
100,7,train,63,0.280000,0.267655
100,7,train,64,0.058480,0.084701
100,7,train,65,0.151000,0.133342
100,7,train,66,0.240000,0.177116
100,7,train,67,0.020000,0.071508
100,7,train,68,0.260000,0.263210
100,7,train,69,0.232000,0.259298
100,7,train,70,0.114400,0.119617
100,7,train,71,0.242000,0.232663
100,7,train,72,0.040000,0.089384
100,7,train,73,0.150000,0.179514
100,7,train,74,0.264400,0.231965
100,7,train,75,0.062000,0.083285
100,7,train,76,0.240000,0.180525
100,7,train,77,0.035100,0.053391
100,7,train,78,0.050000,0.062957
100,7,train,79,0.110000,0.118439
100,7,train,80,0.120000,0.158329
100,7,train,81,0.320000,0.287361
100,7,train,82,0.094600,0.104452
100,7,train,83,0.100000,0.108157
100,7,train,84,0.160000,0.154824
100,7,train,85,0.270000,0.231495
100,7,train,86,0.380000,0.307423
100,7,train,87,0.270000,0.246537
100,7,train,88,0.170000,0.104963
100,7,train,89,0.111520,0.152498
100,7,train,90,0.050000,0.070492
100,7,train,91,0.020000,0.074502
100,7,train,92,0.040000,0.110840
100,7,train,93,0.260000,0.271099
100,7,train,94,0.250000,0.215659
100,7,train,95,0.403000,0.365328
100,7,train,96,0.151000,0.135930
100,7,train,97,0.290000,0.248643
100,7,train,98,0.240000,0.215041
100,7,train,99,0.035400,0.043639
100,7,train,100,0.090000,0.115629
100,7,train,101,0.174900,0.162768
100,7,train,102,0.220000,0.202570
100,7,train,103,0.045300,0.048836
100,7,train,104,0.020000,0.085883
100,7,train,105,0.284200,0.242302
100,7,train,106,0.050000,0.071935
100,7,train,107,0.010000,0.051162
100,7,train,108,0.070000,0.061808
100,7,train,109,0.043800,0.058977
100,7,train,110,0.144500,0.136406
100,7,train,111,0.310000,0.302422
100,7,train,112,0.020000,0.042916
100,7,train,113,0.174900,0.163362
100,7,train,114,0.020000,0.097265
100,7,train,115,0.010000,0.038429
100,7,train,116,0.210000,0.162123
100,7,train,117,0.540000,0.353996
100,7,train,118,0.010000,0.032925
100,7,train,119,0.023500,0.036701
100,7,train,120,0.010000,0.036949
100,7,train,121,0.144700,0.112218
100,7,train,122,0.370000,0.316763
100,7,train,123,0.093900,0.093643
100,7,train,124,0.133000,0.134631
100,7,train,125,0.185100,0.186432
100,7,train,126,0.200000,0.193087
100,7,train,127,0.360000,0.300594
100,7,train,128,0.030000,0.078945
100,7,train,129,0.052410,0.114600
100,8,test,0,0.018000,0.110627
100,8,test,1,-0.030000,0.104808
100,8,test,2,0.439000,0.107239
100,8,test,3,0.264400,0.194646
100,8,test,4,0.100000,0.108150
100,8,test,5,0.114400,0.112690
100,8,test,6,0.100000,0.100541
100,8,test,7,0.160000,0.184280
100,8,test,8,0.160000,0.109917
100,8,test,9,0.043800,0.103671
100,8,test,10,0.200000,0.194063
100,8,test,11,0.240000,0.113465
100,8,test,12,0.220000,0.105268
100,8,test,13,0.054300,0.192638
100,8,test,14,0.180000,0.105241
100,8,test,15,0.075400,0.102141
100,8,test,16,0.380000,0.193736
100,8,test,17,0.052410,0.193087
100,8,test,18,0.070000,0.104808
100,8,test,19,0.144700,0.105301
100,8,test,20,0.030000,0.108389
100,8,test,21,0.093900,0.110185
100,8,test,22,0.020000,0.105905
100,8,test,23,0.290000,0.188235
100,8,test,24,0.210000,0.195021
100,8,test,25,0.160000,0.183156
100,8,test,26,-0.390000,0.185590
100,8,test,27,0.150000,0.193736
100,8,test,28,0.030000,0.103290
100,8,test,29,0.110000,0.105191
100,8,test,30,0.240000,0.188235
100,8,test,31,0.010000,0.187805
100,8,test,32,0.820000,0.190204
100,8,train,0,0.094900,0.106947
100,8,train,1,0.150000,0.193736
100,8,train,2,0.020000,0.186743
100,8,train,3,0.018000,0.187142
100,8,train,4,0.224400,0.195122
100,8,train,5,0.010000,0.109878
100,8,train,6,0.290000,0.185672
100,8,train,7,0.232000,0.190398
100,8,train,8,0.090000,0.110185
100,8,train,9,0.137000,0.111648
100,8,train,10,0.020000,0.187805
100,8,train,11,0.284200,0.188239
100,8,train,12,0.350000,0.188826
100,8,train,13,0.030000,0.105217
100,8,train,14,0.094900,0.106947
100,8,train,15,0.174900,0.108955
100,8,train,16,0.360000,0.193736
100,8,train,17,0.090000,0.100722
100,8,train,18,0.242000,0.188716
100,8,train,19,0.050000,0.116053
100,8,train,20,0.240000,0.110788
100,8,train,21,0.273300,0.111203
100,8,train,22,0.115100,0.187148
100,8,train,23,0.111520,0.188267
100,8,train,24,0.040000,0.190435
100,8,train,25,-0.080000,0.105933
100,8,train,26,0.193500,0.188255
100,8,train,27,0.320000,0.194247
100,8,train,28,0.403000,0.109854
100,8,train,29,0.063300,0.111203
100,8,train,30,0.330000,0.188571
100,8,train,31,0.090000,0.111596
100,8,train,32,0.210000,0.111779
100,8,train,33,0.020000,0.187915
100,8,train,34,0.133000,0.102840
100,8,train,35,0.185100,0.185140
100,8,train,36,0.280000,0.188154
100,8,train,37,0.090000,0.101599
100,8,train,38,0.032000,0.100722
100,8,train,39,0.022000,0.110627
100,8,train,40,0.200000,0.105268
100,8,train,41,0.190000,0.100722
100,8,train,42,0.260000,0.194312
100,8,train,43,0.073410,0.192638
100,8,train,44,0.200000,0.185620
100,8,train,45,0.035100,0.105164
100,8,train,46,0.020000,0.109346
100,8,train,47,0.115100,0.187148
100,8,train,48,0.190000,0.103778
100,8,train,49,0.174900,0.108955
100,8,train,50,0.040000,0.100722
100,8,train,51,0.010000,0.187805
100,8,train,52,0.144500,0.185541
100,8,train,53,0.023500,0.105174
100,8,train,54,0.790000,0.194855
100,8,train,55,0.010000,0.105327
100,8,train,56,0.020000,0.190407
100,8,train,57,0.135000,0.188267
100,8,train,58,0.310000,0.188826
100,8,train,59,0.094700,0.186047
100,8,train,60,0.163300,0.110078
100,8,train,61,0.120000,0.188235
100,8,train,62,0.190000,0.111886
100,8,train,63,0.250000,0.188310
100,8,train,64,0.075400,0.102141
100,8,train,65,0.020000,0.105905
100,8,train,66,0.095300,0.103640
100,8,train,67,0.540000,0.103318
100,8,train,68,0.790000,0.194827
100,8,train,69,0.180000,0.100722
100,8,train,70,0.144700,0.105301
100,8,train,71,0.048480,0.109640
100,8,train,72,0.260000,0.185539
100,8,train,73,0.160000,0.105905
100,8,train,74,0.045300,0.102421
100,8,train,75,0.280000,0.187845
100,8,train,76,-0.350000,0.183350
100,8,train,77,0.380000,0.195122
100,8,train,78,0.170000,0.103318
100,8,train,79,0.020000,0.103750
100,8,train,80,0.044200,0.106099
100,8,train,81,0.035400,0.104177
100,8,train,82,0.244400,0.194673
100,8,train,83,0.260000,0.188310
100,8,train,84,0.370000,0.193803
100,8,train,85,0.094600,0.110654
100,8,train,86,0.084600,0.107855
100,8,train,87,0.065340,0.102653
100,8,train,88,0.058480,0.110764
100,8,train,89,0.130000,0.102576
100,8,train,90,0.060000,0.110947
100,8,train,91,0.160000,0.111320
100,8,train,92,0.035100,0.105164
100,8,train,93,0.185100,0.185140
100,8,train,94,0.090000,0.110157
100,8,train,95,0.080000,0.111596
100,8,train,96,0.151000,0.105164
100,8,train,97,0.270000,0.188310
100,8,train,98,0.240000,0.185880
100,8,train,99,0.072000,0.102757
100,8,train,100,-0.110000,0.103318
100,8,train,101,0.050000,0.105905
100,8,train,102,0.011000,0.191052
100,8,train,103,0.260000,0.193803
100,8,train,104,0.190000,0.113038
100,8,train,105,0.190000,0.184280
100,8,train,106,0.280000,0.103750
100,8,train,107,0.025000,0.110627
100,8,train,108,0.230000,0.194312
100,8,train,109,0.080000,0.109033
100,8,train,110,0.000000,0.103750
100,8,train,111,0.020000,0.105013
100,8,train,112,0.130000,0.102576
100,8,train,113,0.151000,0.105164
100,8,train,114,0.062000,0.100832
100,8,train,115,0.270000,0.111042
100,8,train,116,0.020000,0.187805
100,8,train,117,0.080000,0.103750
100,8,train,118,0.040000,0.187201
100,8,train,119,0.150000,0.188154
100,8,train,120,0.190000,0.188094
100,8,train,121,0.110000,0.105191
100,8,train,122,0.030000,0.187201
100,8,train,123,0.024200,0.106099
100,8,train,124,0.220000,0.194063
100,8,train,125,0.035400,0.104177
100,8,train,126,0.010000,0.112334
100,8,train,127,0.030000,0.112334
100,8,train,128,0.050000,0.111624
100,8,train,129,0.100000,0.100541
100,9,test,0,0.163300,0.123416
100,9,test,1,0.190000,0.099812
100,9,test,2,0.032000,0.129630
100,9,test,3,0.072000,0.154785
100,9,test,4,0.025000,0.045309
100,9,test,5,0.080000,0.068267
100,9,test,6,0.240000,0.224304
100,9,test,7,0.080000,0.136838
100,9,test,8,0.095300,0.068080
100,9,test,9,0.190000,0.157315
100,9,test,10,0.120000,0.223291
100,9,test,11,0.043800,0.092126
100,9,test,12,0.010000,0.024937
100,9,test,13,0.174900,0.138992
100,9,test,14,0.094900,0.108942
100,9,test,15,0.100000,0.130508
100,9,test,16,0.100000,0.135951
100,9,test,17,0.151000,0.119409
100,9,test,18,0.020000,0.095076
100,9,test,19,0.264400,0.174540
100,9,test,20,0.244400,0.176185
100,9,test,21,0.020000,0.090138
100,9,test,22,0.190000,0.112334
100,9,test,23,0.180000,0.160003
100,9,test,24,0.090000,0.101752
100,9,test,25,0.280000,0.103039
100,9,test,26,0.193500,0.191142
100,9,test,27,0.054300,0.143072
100,9,test,28,0.190000,0.189763
100,9,test,29,0.058480,0.150928
100,9,test,30,0.144700,0.114125
100,9,test,31,0.050000,0.093758
100,9,test,32,0.280000,0.242794
100,9,train,0,0.052410,0.105247
100,9,train,1,0.094600,0.110953
100,9,train,2,0.035400,0.048384
100,9,train,3,0.190000,0.163639
100,9,train,4,0.010000,0.016203
100,9,train,5,0.790000,0.763418
100,9,train,6,0.350000,0.318585
100,9,train,7,0.540000,0.370218
100,9,train,8,0.065340,0.090991
100,9,train,9,0.070000,0.062644
100,9,train,10,0.010000,0.026722
100,9,train,11,-0.030000,0.018043
100,9,train,12,0.035400,0.047878
100,9,train,13,0.093900,0.093711
100,9,train,14,0.115100,0.123537
100,9,train,15,0.050000,0.042090
100,9,train,16,0.030000,0.099037
100,9,train,17,0.111520,0.119277
100,9,train,18,0.044200,0.065906
100,9,train,19,0.040000,0.063519
100,9,train,20,0.084600,0.091762
100,9,train,21,0.020000,0.107215
100,9,train,22,0.115100,0.124423
100,9,train,23,0.380000,0.307362
100,9,train,24,0.100000,0.127714
100,9,train,25,0.290000,0.245316
100,9,train,26,0.045300,0.061341
100,9,train,27,0.320000,0.291177
100,9,train,28,0.290000,0.238354
100,9,train,29,0.035100,0.052634
100,9,train,30,0.310000,0.304003
100,9,train,31,0.185100,0.182630
100,9,train,32,0.380000,0.283433
100,9,train,33,0.130000,0.128354
100,9,train,34,0.011000,0.043020
100,9,train,35,0.020000,0.063419
100,9,train,36,0.022000,0.036427
100,9,train,37,0.110000,0.115823
100,9,train,38,0.075400,0.058607
100,9,train,39,0.020000,0.073823
100,9,train,40,0.260000,0.267324
100,9,train,41,0.020000,0.025190
100,9,train,42,0.090000,0.082289
100,9,train,43,0.094900,0.108942
100,9,train,44,0.232000,0.245203
100,9,train,45,0.150000,0.194086
100,9,train,46,0.242000,0.215284
100,9,train,47,0.260000,0.199494
100,9,train,48,0.150000,0.166386
100,9,train,49,0.048480,0.066696
100,9,train,50,0.075400,0.060126
100,9,train,51,0.135000,0.158005
100,9,train,52,0.010000,0.044458
100,9,train,53,0.200000,0.198233
100,9,train,54,0.174900,0.143043
100,9,train,55,0.080000,0.085276
100,9,train,56,0.210000,0.172644
100,9,train,57,0.110000,0.115823
100,9,train,58,0.020000,0.033265
100,9,train,59,0.030000,0.057586
100,9,train,60,0.151000,0.122862
100,9,train,61,0.024200,0.063047
100,9,train,62,0.790000,0.732328
100,9,train,63,0.050000,0.093647
100,9,train,64,0.023500,0.037852
100,9,train,65,0.273300,0.244404
100,9,train,66,0.018000,0.047309
100,9,train,67,0.270000,0.248200
100,9,train,68,0.130000,0.127089
100,9,train,69,0.160000,0.157982
100,9,train,70,0.224400,0.199454
100,9,train,71,-0.110000,-0.024532
100,9,train,72,0.230000,0.233829
100,9,train,73,0.094700,0.113337
100,9,train,74,0.090000,0.093797
100,9,train,75,0.260000,0.275537
100,9,train,76,0.144700,0.114058
100,9,train,77,0.040000,0.066761
100,9,train,78,0.360000,0.299554
100,9,train,79,0.030000,0.096065
100,9,train,80,0.284200,0.219609
100,9,train,81,0.240000,0.218740
100,9,train,82,0.170000,0.109170
100,9,train,83,0.370000,0.317309
100,9,train,84,0.439000,0.324234
100,9,train,85,0.030000,0.033304
100,9,train,86,0.114400,0.117654
100,9,train,87,0.133000,0.118758
100,9,train,88,0.073410,0.126236
100,9,train,89,0.280000,0.262152
100,9,train,90,0.200000,0.188778
100,9,train,91,0.030000,0.048874
100,9,train,92,0.820000,0.778886
100,9,train,93,0.190000,0.156685
100,9,train,94,0.062000,0.078633
100,9,train,95,0.040000,0.064703
100,9,train,96,0.403000,0.382905
100,9,train,97,0.160000,0.134203
100,9,train,98,0.018000,0.071763
100,9,train,99,0.220000,0.208224
100,9,train,100,0.180000,0.164395
100,9,train,101,0.090000,0.094648
100,9,train,102,0.060000,0.072542
100,9,train,103,0.330000,0.263234
100,9,train,104,0.220000,0.201603
100,9,train,105,0.210000,0.235205
100,9,train,106,0.160000,0.091746
100,9,train,107,0.020000,0.020506
100,9,train,108,-0.350000,-0.213158
100,9,train,109,0.144500,0.112952
100,9,train,110,0.240000,0.186506
100,9,train,111,0.240000,0.168506
100,9,train,112,0.000000,0.024584
100,9,train,113,0.090000,0.097630
100,9,train,114,0.200000,0.172025
100,9,train,115,0.250000,0.233671
100,9,train,116,0.160000,0.127680
100,9,train,117,0.160000,0.154039
100,9,train,118,0.035100,0.051892
100,9,train,119,-0.390000,-0.236039
100,9,train,120,0.063300,0.074213
100,9,train,121,0.020000,0.040122
100,9,train,122,0.137000,0.124371
100,9,train,123,-0.080000,-0.003577
100,9,train,124,0.270000,0.247241
100,9,train,125,0.150000,0.192802
100,9,train,126,0.010000,0.071404
100,9,train,127,0.020000,0.025381
100,9,train,128,0.185100,0.183516
100,9,train,129,0.260000,0.255949
100,10,test,0,0.111520,0.175474
100,10,test,1,0.020000,0.033140
100,10,test,2,0.044200,0.103061
100,10,test,3,0.073410,0.142206
100,10,test,4,0.035100,0.079213
100,10,test,5,0.110000,0.120574
100,10,test,6,0.790000,0.534910
100,10,test,7,0.020000,0.136940
100,10,test,8,0.330000,0.144249
100,10,test,9,0.090000,0.071884
100,10,test,10,0.070000,0.121198
100,10,test,11,0.060000,0.118221
100,10,test,12,0.163300,0.130113
100,10,test,13,0.065340,0.139852
100,10,test,14,0.045300,0.072322
100,10,test,15,0.032000,0.153099
100,10,test,16,0.200000,0.180605
100,10,test,17,0.240000,0.170097
100,10,test,18,0.030000,0.150481
100,10,test,19,0.130000,0.128629
100,10,test,20,0.144500,0.104742
100,10,test,21,0.018000,0.175611
100,10,test,22,0.160000,0.149319
100,10,test,23,0.220000,0.156353
100,10,test,24,0.094600,0.102178
100,10,test,25,0.193500,0.189812
100,10,test,26,0.035400,0.068092
100,10,test,27,0.010000,0.124412
100,10,test,28,0.020000,0.028915
100,10,test,29,-0.390000,0.178150
100,10,test,30,0.820000,0.482339
100,10,test,31,-0.030000,0.130848
100,10,test,32,0.210000,0.081075
100,10,train,0,0.210000,0.207680
100,10,train,1,0.540000,0.364958
100,10,train,2,0.280000,0.270948
100,10,train,3,0.020000,0.036297
100,10,train,4,0.230000,0.231803
100,10,train,5,0.020000,0.050313
100,10,train,6,0.150000,0.206284
100,10,train,7,0.370000,0.306484
100,10,train,8,0.790000,0.550749
100,10,train,9,0.260000,0.261580
100,10,train,10,0.190000,0.189166
100,10,train,11,0.050000,0.069150
100,10,train,12,0.160000,0.150021
100,10,train,13,0.030000,0.045095
100,10,train,14,0.075400,0.074504
100,10,train,15,0.054300,0.113472
100,10,train,16,0.151000,0.136373
100,10,train,17,-0.110000,-0.031044
100,10,train,18,0.273300,0.239732
100,10,train,19,0.010000,0.031930
100,10,train,20,0.135000,0.167938
100,10,train,21,0.270000,0.239764
100,10,train,22,0.115100,0.125619
100,10,train,23,0.024200,0.070857
100,10,train,24,0.011000,0.063238
100,10,train,25,0.052410,0.114319
100,10,train,26,0.190000,0.169933
100,10,train,27,0.094900,0.101252
100,10,train,28,0.040000,0.064159
100,10,train,29,0.160000,0.113554
100,10,train,30,0.174900,0.159907
100,10,train,31,0.190000,0.173825
100,10,train,32,0.080000,0.087556
100,10,train,33,0.380000,0.312150
100,10,train,34,0.224400,0.189173
100,10,train,35,0.180000,0.170612
100,10,train,36,0.062000,0.083511
100,10,train,37,0.090000,0.117490
100,10,train,38,0.190000,0.168004
100,10,train,39,0.095300,0.094889
100,10,train,40,0.180000,0.178169
100,10,train,41,0.360000,0.309376
100,10,train,42,0.084600,0.091353
100,10,train,43,0.050000,0.044775
100,10,train,44,0.050000,0.076139
100,10,train,45,0.023500,0.035908
100,10,train,46,0.035100,0.071622
100,10,train,47,0.240000,0.176616
100,10,train,48,0.133000,0.140002
100,10,train,49,0.090000,0.095115
100,10,train,50,0.030000,0.076153
100,10,train,51,0.439000,0.362776
100,10,train,52,0.110000,0.118421
100,10,train,53,0.310000,0.296661
100,10,train,54,0.115100,0.126015
100,10,train,55,0.290000,0.263013
100,10,train,56,0.250000,0.245075
100,10,train,57,0.260000,0.225086
100,10,train,58,0.284200,0.230654
100,10,train,59,0.018000,0.027208
100,10,train,60,0.160000,0.160166
100,10,train,61,0.035400,0.059862
100,10,train,62,0.020000,0.073510
100,10,train,63,0.030000,0.045669
100,10,train,64,0.220000,0.205553
100,10,train,65,0.200000,0.192319
100,10,train,66,0.043800,0.065208
100,10,train,67,0.010000,0.038149
100,10,train,68,0.100000,0.108303
100,10,train,69,0.100000,0.109110
100,10,train,70,0.072000,0.105069
100,10,train,71,0.290000,0.256191
100,10,train,72,0.174900,0.162828
100,10,train,73,0.380000,0.303936
100,10,train,74,0.094700,0.115825
100,10,train,75,0.100000,0.134099
100,10,train,76,-0.350000,-0.133418
100,10,train,77,0.280000,0.255701
100,10,train,78,0.260000,0.265408
100,10,train,79,0.185100,0.174255
100,10,train,80,0.010000,0.034892
100,10,train,81,0.020000,0.059503
100,10,train,82,0.020000,0.032006
100,10,train,83,0.022000,0.030529
100,10,train,84,0.040000,0.071685
100,10,train,85,0.244400,0.237705
100,10,train,86,0.090000,0.095258
100,10,train,87,0.200000,0.204142
100,10,train,88,0.075400,0.072613
100,10,train,89,0.093900,0.093979
100,10,train,90,0.137000,0.129600
100,10,train,91,0.010000,0.032064
100,10,train,92,0.151000,0.138507
100,10,train,93,0.000000,0.047794
100,10,train,94,0.264400,0.224800
100,10,train,95,0.048480,0.062770
100,10,train,96,0.232000,0.230656
100,10,train,97,0.058480,0.089293
100,10,train,98,-0.080000,0.005886
100,10,train,99,0.144700,0.133417
100,10,train,100,0.114400,0.115886
100,10,train,101,0.130000,0.130850
100,10,train,102,0.185100,0.174611
100,10,train,103,0.260000,0.240948
100,10,train,104,0.080000,0.101956
100,10,train,105,0.144700,0.132980
100,10,train,106,0.025000,0.030065
100,10,train,107,0.150000,0.202234
100,10,train,108,0.242000,0.222996
100,10,train,109,0.160000,0.140841
100,10,train,110,0.120000,0.162685
100,10,train,111,0.080000,0.080377
100,10,train,112,0.094900,0.100922
100,10,train,113,0.190000,0.156903
100,10,train,114,0.240000,0.167397
100,10,train,115,0.320000,0.285314
100,10,train,116,0.190000,0.156211
100,10,train,117,0.150000,0.181389
100,10,train,118,0.063300,0.102332
100,10,train,119,0.020000,0.099125
100,10,train,120,0.020000,0.066039
100,10,train,121,0.350000,0.316684
100,10,train,122,0.403000,0.371431
100,10,train,123,0.040000,0.108487
100,10,train,124,0.240000,0.237978
100,10,train,125,0.030000,0.057700
100,10,train,126,0.170000,0.116105
100,10,train,127,0.090000,0.096020
100,10,train,128,0.270000,0.251839
100,10,train,129,0.280000,0.228229
1026,1,test,0,0.043800,0.083019
1026,1,test,1,0.044200,0.099290
1026,1,test,2,0.075400,0.056044
1026,1,test,3,0.115100,0.148503
1026,1,test,4,0.020000,0.134963
1026,1,test,5,0.090000,0.075255
1026,1,test,6,-0.390000,0.180187
1026,1,test,7,0.111520,0.175144
1026,1,test,8,0.110000,0.122734
1026,1,test,9,0.080000,0.084865
1026,1,test,10,0.439000,0.233923
1026,1,test,11,0.320000,0.226491
1026,1,test,12,0.185100,0.166778
1026,1,test,13,0.144500,0.094704
1026,1,test,14,0.150000,0.275675
1026,1,test,15,0.174900,0.127860
1026,1,test,16,0.040000,0.116005
1026,1,test,17,0.030000,0.084302
1026,1,test,18,0.062000,0.119592
1026,1,test,19,0.010000,0.037930
1026,1,test,20,0.200000,0.208139
1026,1,test,21,0.224400,0.149867
1026,1,test,22,0.163300,0.124437
1026,1,test,23,0.250000,0.233743
1026,1,test,24,0.040000,0.169649
1026,1,test,25,0.190000,0.087975
1026,1,test,26,0.200000,0.146591
1026,1,test,27,0.050000,0.113236
1026,1,test,28,0.151000,0.108947
1026,1,test,29,0.190000,0.086375
1026,1,test,30,0.058480,0.123627
1026,1,test,31,0.190000,0.136888
1026,1,test,32,0.063300,0.122373
1026,1,train,0,0.100000,0.112952
1026,1,train,1,0.150000,0.204481
1026,1,train,2,0.023500,0.045506
1026,1,train,3,0.403000,0.272082
1026,1,train,4,0.190000,0.172217
1026,1,train,5,0.115100,0.145233
1026,1,train,6,0.380000,0.313770
1026,1,train,7,0.110000,0.121013
1026,1,train,8,0.242000,0.215859
1026,1,train,9,0.020000,0.043832
1026,1,train,10,0.020000,0.086819
1026,1,train,11,0.050000,0.084472
1026,1,train,12,-0.110000,0.003556
1026,1,train,13,0.010000,0.034110
1026,1,train,14,0.090000,0.095401
1026,1,train,15,0.330000,0.242421
1026,1,train,16,0.018000,0.083949
1026,1,train,17,0.244400,0.224842
1026,1,train,18,0.010000,0.055860
1026,1,train,19,0.200000,0.203264
1026,1,train,20,-0.350000,-0.129890
1026,1,train,21,0.100000,0.114528
1026,1,train,22,0.260000,0.219236
1026,1,train,23,0.144700,0.122978
1026,1,train,24,0.080000,0.073815
1026,1,train,25,0.151000,0.110733
1026,1,train,26,0.000000,0.056349
1026,1,train,27,0.024200,0.077613
1026,1,train,28,0.035400,0.047856
1026,1,train,29,0.220000,0.183953
1026,1,train,30,0.084600,0.098954
1026,1,train,31,0.070000,0.060978
1026,1,train,32,0.048480,0.071503
1026,1,train,33,0.090000,0.121769
1026,1,train,34,0.360000,0.279929
1026,1,train,35,0.290000,0.250489
1026,1,train,36,0.220000,0.195286
1026,1,train,37,0.270000,0.246649
1026,1,train,38,0.280000,0.266209
1026,1,train,39,0.260000,0.235838
1026,1,train,40,0.790000,0.750142
1026,1,train,41,0.310000,0.281855
1026,1,train,42,0.020000,0.110118
1026,1,train,43,0.120000,0.176671
1026,1,train,44,0.144700,0.123493
1026,1,train,45,-0.080000,0.024691
1026,1,train,46,0.020000,0.047796
1026,1,train,47,0.094900,0.102315
1026,1,train,48,0.035100,0.063246
1026,1,train,49,0.094700,0.123873
1026,1,train,50,0.160000,0.122746
1026,1,train,51,0.040000,0.087504
1026,1,train,52,0.180000,0.163749
1026,1,train,53,0.230000,0.215190
1026,1,train,54,0.010000,0.057694
1026,1,train,55,0.090000,0.099324
1026,1,train,56,0.020000,0.078256
1026,1,train,57,0.284200,0.216479
1026,1,train,58,0.135000,0.166553
1026,1,train,59,0.820000,0.754419
1026,1,train,60,0.045300,0.058162
1026,1,train,61,0.035400,0.049279
1026,1,train,62,0.240000,0.231951
1026,1,train,63,0.020000,0.056861
1026,1,train,64,0.264400,0.217282
1026,1,train,65,0.093900,0.093719
1026,1,train,66,0.030000,0.083828
1026,1,train,67,0.280000,0.182779
1026,1,train,68,0.018000,0.034688
1026,1,train,69,0.080000,0.107934
1026,1,train,70,0.280000,0.247664
1026,1,train,71,0.050000,0.066058
1026,1,train,72,0.174900,0.130926
1026,1,train,73,0.130000,0.127266
1026,1,train,74,0.190000,0.154976
1026,1,train,75,0.790000,0.754546
1026,1,train,76,0.170000,0.093220
1026,1,train,77,0.090000,0.107490
1026,1,train,78,0.075400,0.060242
1026,1,train,79,0.273300,0.221151
1026,1,train,80,0.030000,0.112598
1026,1,train,81,0.185100,0.170184
1026,1,train,82,0.160000,0.133932
1026,1,train,83,0.054300,0.117883
1026,1,train,84,0.094900,0.101657
1026,1,train,85,0.193500,0.199222
1026,1,train,86,0.030000,0.053755
1026,1,train,87,0.073410,0.114089
1026,1,train,88,0.022000,0.035452
1026,1,train,89,0.210000,0.143319
1026,1,train,90,0.010000,0.045113
1026,1,train,91,0.210000,0.200693
1026,1,train,92,0.094600,0.104729
1026,1,train,93,-0.030000,0.025732
1026,1,train,94,0.180000,0.160107
1026,1,train,95,0.032000,0.078429
1026,1,train,96,0.114400,0.115778
1026,1,train,97,0.290000,0.250412
1026,1,train,98,0.150000,0.199238
1026,1,train,99,0.350000,0.292850
1026,1,train,100,0.190000,0.197665
1026,1,train,101,0.160000,0.158851
1026,1,train,102,0.240000,0.210004
1026,1,train,103,0.232000,0.251666
1026,1,train,104,0.137000,0.108982
1026,1,train,105,0.270000,0.218132
1026,1,train,106,0.060000,0.111435
1026,1,train,107,0.380000,0.288319
1026,1,train,108,0.160000,0.134963
1026,1,train,109,0.072000,0.099451
1026,1,train,110,0.130000,0.127763
1026,1,train,111,0.100000,0.112539
1026,1,train,112,0.540000,0.298575
1026,1,train,113,0.160000,0.158896
1026,1,train,114,0.133000,0.121130
1026,1,train,115,0.240000,0.158622
1026,1,train,116,0.025000,0.036177
1026,1,train,117,0.260000,0.227056
1026,1,train,118,0.065340,0.079185
1026,1,train,119,0.052410,0.113795
1026,1,train,120,0.020000,0.037310
1026,1,train,121,0.260000,0.252878
1026,1,train,122,0.240000,0.180194
1026,1,train,123,0.011000,0.060344
1026,1,train,124,0.035100,0.062689
1026,1,train,125,0.030000,0.054272
1026,1,train,126,0.020000,0.036331
1026,1,train,127,0.370000,0.280937
1026,1,train,128,0.020000,0.097876
1026,1,train,129,0.095300,0.096067
1026,2,test,0,0.310000,0.274931
1026,2,test,1,0.260000,0.277889
1026,2,test,2,0.072000,0.126059
1026,2,test,3,0.270000,0.237991
1026,2,test,4,0.180000,0.144220
1026,2,test,5,0.210000,0.086544
1026,2,test,6,0.052410,0.229977
1026,2,test,7,0.080000,0.064395
1026,2,test,8,0.032000,0.154875
1026,2,test,9,0.280000,0.241414
1026,2,test,10,0.093900,0.100835
1026,2,test,11,0.240000,0.134288
1026,2,test,12,0.100000,0.115792
1026,2,test,13,0.150000,0.225120
1026,2,test,14,0.090000,0.102580
1026,2,test,15,0.273300,0.198547
1026,2,test,16,0.110000,0.121222
1026,2,test,17,0.011000,0.146793
1026,2,test,18,0.200000,0.138994
1026,2,test,19,0.111520,0.159752
1026,2,test,20,-0.080000,0.118754
1026,2,test,21,0.073410,0.165334
1026,2,test,22,0.043800,0.098130
1026,2,test,23,0.010000,0.091698
1026,2,test,24,-0.350000,0.213531
1026,2,test,25,0.260000,0.281735
1026,2,test,26,0.084600,0.101753
1026,2,test,27,0.224400,0.188287
1026,2,test,28,0.010000,0.026755
1026,2,test,29,0.035100,0.073951
1026,2,test,30,0.174900,0.136631
1026,2,test,31,0.018000,0.151381
1026,2,test,32,0.020000,0.125406
1026,2,train,0,0.115100,0.124263
1026,2,train,1,0.320000,0.281798
1026,2,train,2,0.023500,0.037208
1026,2,train,3,0.790000,0.746759
1026,2,train,4,-0.110000,-0.003800
1026,2,train,5,0.080000,0.086945
1026,2,train,6,0.024200,0.052590
1026,2,train,7,0.190000,0.155432
1026,2,train,8,0.170000,0.125770
1026,2,train,9,0.133000,0.130551
1026,2,train,10,0.040000,0.068207
1026,2,train,11,0.020000,0.026612
1026,2,train,12,0.010000,0.020236
1026,2,train,13,0.144700,0.133306
1026,2,train,14,0.040000,0.106580
1026,2,train,15,0.030000,0.093528
1026,2,train,16,0.820000,0.760090
1026,2,train,17,0.090000,0.086276
1026,2,train,18,0.010000,0.036137
1026,2,train,19,0.244400,0.232315
1026,2,train,20,0.190000,0.169256
1026,2,train,21,0.144700,0.133037
1026,2,train,22,0.020000,0.082779
1026,2,train,23,0.264400,0.227285
1026,2,train,24,0.048480,0.066350
1026,2,train,25,0.240000,0.237997
1026,2,train,26,0.110000,0.117687
1026,2,train,27,0.062000,0.082062
1026,2,train,28,0.065340,0.082070
1026,2,train,29,0.180000,0.170428
1026,2,train,30,0.030000,0.049448
1026,2,train,31,0.120000,0.166199
1026,2,train,32,0.025000,0.028609
1026,2,train,33,0.114400,0.111946
1026,2,train,34,-0.390000,-0.164252
1026,2,train,35,0.030000,0.054496
1026,2,train,36,0.020000,0.037139
1026,2,train,37,0.018000,0.025775
1026,2,train,38,0.090000,0.085008
1026,2,train,39,0.151000,0.138481
1026,2,train,40,0.790000,0.753196
1026,2,train,41,0.094600,0.098250
1026,2,train,42,0.020000,0.046717
1026,2,train,43,0.190000,0.149855
1026,2,train,44,0.050000,0.047241
1026,2,train,45,0.040000,0.071621
1026,2,train,46,0.240000,0.183924
1026,2,train,47,0.439000,0.357602
1026,2,train,48,0.050000,0.076277
1026,2,train,49,0.000000,0.036804
1026,2,train,50,0.185100,0.180749
1026,2,train,51,0.270000,0.213918
1026,2,train,52,0.151000,0.135614
1026,2,train,53,0.130000,0.131485
1026,2,train,54,0.540000,0.347760
1026,2,train,55,0.240000,0.208893
1026,2,train,56,0.075400,0.069867
1026,2,train,57,0.010000,0.058693
1026,2,train,58,0.144500,0.141182
1026,2,train,59,0.075400,0.068827
1026,2,train,60,0.130000,0.130679
1026,2,train,61,-0.030000,0.015713
1026,2,train,62,0.280000,0.215674
1026,2,train,63,0.190000,0.197529
1026,2,train,64,0.284200,0.237306
1026,2,train,65,0.063300,0.078483
1026,2,train,66,0.020000,0.069629
1026,2,train,67,0.094900,0.101950
1026,2,train,68,0.260000,0.230805
1026,2,train,69,0.054300,0.130094
1026,2,train,70,0.135000,0.163825
1026,2,train,71,0.160000,0.118403
1026,2,train,72,0.100000,0.114864
1026,2,train,73,0.035400,0.045398
1026,2,train,74,0.160000,0.144550
1026,2,train,75,0.260000,0.240072
1026,2,train,76,0.150000,0.200260
1026,2,train,77,0.232000,0.251028
1026,2,train,78,0.020000,0.073027
1026,2,train,79,0.020000,0.062616
1026,2,train,80,0.100000,0.141084
1026,2,train,81,0.200000,0.207508
1026,2,train,82,0.290000,0.259306
1026,2,train,83,0.050000,0.073932
1026,2,train,84,0.020000,0.036048
1026,2,train,85,0.030000,0.079021
1026,2,train,86,0.160000,0.161053
1026,2,train,87,0.350000,0.286191
1026,2,train,88,0.020000,0.025820
1026,2,train,89,0.163300,0.146676
1026,2,train,90,0.210000,0.219893
1026,2,train,91,0.035100,0.067752
1026,2,train,92,0.190000,0.159403
1026,2,train,93,0.115100,0.125426
1026,2,train,94,0.022000,0.032010
1026,2,train,95,0.160000,0.154921
1026,2,train,96,0.160000,0.151926
1026,2,train,97,0.185100,0.179567
1026,2,train,98,0.360000,0.311516
1026,2,train,99,0.290000,0.267924
1026,2,train,100,0.090000,0.114388
1026,2,train,101,0.094700,0.119585
1026,2,train,102,0.094900,0.100559
1026,2,train,103,0.070000,0.059883
1026,2,train,104,0.030000,0.077905
1026,2,train,105,0.380000,0.318167
1026,2,train,106,0.330000,0.258479
1026,2,train,107,0.242000,0.231007
1026,2,train,108,0.045300,0.059160
1026,2,train,109,0.200000,0.203817
1026,2,train,110,0.190000,0.172517
1026,2,train,111,0.080000,0.084654
1026,2,train,112,0.220000,0.184269
1026,2,train,113,0.230000,0.237807
1026,2,train,114,0.095300,0.098226
1026,2,train,115,0.280000,0.247050
1026,2,train,116,0.250000,0.246507
1026,2,train,117,0.150000,0.192957
1026,2,train,118,0.058480,0.085623
1026,2,train,119,0.060000,0.076365
1026,2,train,120,0.044200,0.065179
1026,2,train,121,0.403000,0.361456
1026,2,train,122,0.035400,0.043811
1026,2,train,123,0.380000,0.310795
1026,2,train,124,0.220000,0.197821
1026,2,train,125,0.174900,0.144431
1026,2,train,126,0.193500,0.198704
1026,2,train,127,0.137000,0.123743
1026,2,train,128,0.370000,0.277889
1026,2,train,129,0.090000,0.100498
1026,3,test,0,-0.030000,0.097530
1026,3,test,1,0.150000,0.218760
1026,3,test,2,0.310000,0.261698
1026,3,test,3,0.180000,0.128651
1026,3,test,4,0.044200,0.095015
1026,3,test,5,0.062000,0.105885
1026,3,test,6,0.094900,0.109248
1026,3,test,7,0.030000,0.127091
1026,3,test,8,0.230000,0.239068
1026,3,test,9,0.063300,0.125302
1026,3,test,10,0.090000,0.113379
1026,3,test,11,0.020000,0.030211
1026,3,test,12,0.273300,0.184078
1026,3,test,13,0.040000,0.099311
1026,3,test,14,0.052410,0.215977
1026,3,test,15,0.023500,0.065003
1026,3,test,16,0.058480,0.134988
1026,3,test,17,0.439000,0.206659
1026,3,test,18,0.232000,0.284662
1026,3,test,19,0.790000,0.688478
1026,3,test,20,0.120000,0.237585
1026,3,test,21,-0.390000,0.171379
1026,3,test,22,0.050000,0.048984
1026,3,test,23,0.540000,0.061634
1026,3,test,24,0.185100,0.154688
1026,3,test,25,0.190000,0.142223
1026,3,test,26,0.360000,0.235224
1026,3,test,27,0.200000,0.139906
1026,3,test,28,0.190000,0.148512
1026,3,test,29,0.032000,0.143645
1026,3,test,30,0.020000,0.161800
1026,3,test,31,0.220000,0.143752
1026,3,test,32,-0.080000,0.084519
1026,3,train,0,0.090000,0.091215
1026,3,train,1,0.080000,0.084180
1026,3,train,2,0.073410,0.101366
1026,3,train,3,0.045300,0.054085
1026,3,train,4,0.011000,0.079960
1026,3,train,5,0.350000,0.282033
1026,3,train,6,0.264400,0.209191
1026,3,train,7,0.290000,0.258241
1026,3,train,8,0.030000,0.056077
1026,3,train,9,0.130000,0.120335
1026,3,train,10,0.370000,0.276559
1026,3,train,11,0.010000,0.110596
1026,3,train,12,0.193500,0.188226
1026,3,train,13,0.130000,0.119425
1026,3,train,14,0.137000,0.120713
1026,3,train,15,0.100000,0.120323
1026,3,train,16,0.020000,0.080502
1026,3,train,17,0.330000,0.232538
1026,3,train,18,0.093900,0.093250
1026,3,train,19,0.174900,0.160765
1026,3,train,20,0.200000,0.205178
1026,3,train,21,0.075400,0.063564
1026,3,train,22,0.094900,0.106651
1026,3,train,23,0.030000,0.064294
1026,3,train,24,0.084600,0.099573
1026,3,train,25,0.111520,0.129219
1026,3,train,26,0.030000,0.093225
1026,3,train,27,0.160000,0.149528
1026,3,train,28,0.144700,0.129365
1026,3,train,29,0.284200,0.194194
1026,3,train,30,0.160000,0.164809
1026,3,train,31,0.090000,0.119768
1026,3,train,32,0.144500,0.119350
1026,3,train,33,0.030000,0.063189
1026,3,train,34,0.100000,0.103979
1026,3,train,35,0.020000,0.084367
1026,3,train,36,0.090000,0.085577
1026,3,train,37,0.240000,0.152735
1026,3,train,38,0.022000,0.032871
1026,3,train,39,0.144700,0.128020
1026,3,train,40,0.280000,0.193073
1026,3,train,41,0.035400,0.045095
1026,3,train,42,0.260000,0.269055
1026,3,train,43,0.224400,0.216389
1026,3,train,44,0.163300,0.138103
1026,3,train,45,0.260000,0.210012
1026,3,train,46,0.403000,0.271908
1026,3,train,47,0.020000,0.027331
1026,3,train,48,0.040000,0.117797
1026,3,train,49,0.020000,0.059155
1026,3,train,50,0.072000,0.052864
1026,3,train,51,0.043800,0.057692
1026,3,train,52,0.048480,0.076414
1026,3,train,53,0.270000,0.253011
1026,3,train,54,0.025000,0.033416
1026,3,train,55,0.160000,0.133544
1026,3,train,56,0.020000,0.112449
1026,3,train,57,0.270000,0.197027
1026,3,train,58,0.024200,0.074428
1026,3,train,59,0.114400,0.122725
1026,3,train,60,0.050000,0.083092
1026,3,train,61,0.080000,0.071715
1026,3,train,62,0.035400,0.043675
1026,3,train,63,0.100000,0.104990
1026,3,train,64,0.020000,0.048676
1026,3,train,65,0.174900,0.161335
1026,3,train,66,0.250000,0.244590
1026,3,train,67,0.200000,0.215195
1026,3,train,68,0.135000,0.172430
1026,3,train,69,0.185100,0.157623
1026,3,train,70,0.190000,0.136621
1026,3,train,71,0.035100,0.045667
1026,3,train,72,0.018000,0.064782
1026,3,train,73,0.320000,0.269731
1026,3,train,74,0.040000,0.140617
1026,3,train,75,0.110000,0.114537
1026,3,train,76,0.240000,0.213862
1026,3,train,77,0.010000,0.026043
1026,3,train,78,0.094700,0.109116
1026,3,train,79,0.290000,0.247933
1026,3,train,80,0.260000,0.275077
1026,3,train,81,0.150000,0.193168
1026,3,train,82,0.010000,0.053546
1026,3,train,83,0.820000,0.691572
1026,3,train,84,0.060000,0.115663
1026,3,train,85,0.260000,0.253457
1026,3,train,86,0.000000,0.051643
1026,3,train,87,0.050000,0.075904
1026,3,train,88,0.170000,0.074672
1026,3,train,89,0.160000,0.093026
1026,3,train,90,0.190000,0.143802
1026,3,train,91,0.180000,0.155532
1026,3,train,92,0.244400,0.217043
1026,3,train,93,0.280000,0.246535
1026,3,train,94,0.115100,0.128345
1026,3,train,95,0.210000,0.152046
1026,3,train,96,0.210000,0.215107
1026,3,train,97,0.075400,0.061928
1026,3,train,98,0.065340,0.074699
1026,3,train,99,0.095300,0.089471
1026,3,train,100,0.035100,0.045853
1026,3,train,101,0.240000,0.235944
1026,3,train,102,0.242000,0.224789
1026,3,train,103,0.380000,0.307567
1026,3,train,104,0.160000,0.134213
1026,3,train,105,0.020000,0.048984
1026,3,train,106,0.110000,0.116092
1026,3,train,107,0.010000,0.050295
1026,3,train,108,0.220000,0.205735
1026,3,train,109,0.070000,0.093322
1026,3,train,110,0.115100,0.126623
1026,3,train,111,0.240000,0.173635
1026,3,train,112,0.190000,0.187576
1026,3,train,113,0.280000,0.256604
1026,3,train,114,-0.110000,0.015157
1026,3,train,115,0.151000,0.120329
1026,3,train,116,0.054300,0.113258
1026,3,train,117,0.133000,0.123132
1026,3,train,118,0.151000,0.122774
1026,3,train,119,0.150000,0.223693
1026,3,train,120,-0.350000,-0.087067
1026,3,train,121,0.380000,0.274136
1026,3,train,122,0.010000,0.031701
1026,3,train,123,0.080000,0.112429
1026,3,train,124,0.018000,0.032774
1026,3,train,125,0.094600,0.108444
1026,3,train,126,0.020000,0.125914
1026,3,train,127,0.790000,0.684726
1026,3,train,128,0.190000,0.150717
1026,3,train,129,0.090000,0.081973
1026,4,test,0,0.439000,0.184432
1026,4,test,1,0.073410,0.223223
1026,4,test,2,0.080000,0.099994
1026,4,test,3,0.151000,0.102866
1026,4,test,4,0.000000,0.109376
1026,4,test,5,0.044200,0.093210
1026,4,test,6,0.090000,0.113716
1026,4,test,7,0.244400,0.201474
1026,4,test,8,0.290000,0.205359
1026,4,test,9,0.052410,0.212635
1026,4,test,10,0.010000,0.069134
1026,4,test,11,0.170000,0.093044
1026,4,test,12,0.040000,0.133139
1026,4,test,13,0.060000,0.123643
1026,4,test,14,0.260000,0.254592
1026,4,test,15,0.084600,0.112864
1026,4,test,16,0.054300,0.207496
1026,4,test,17,0.224400,0.180158
1026,4,test,18,-0.080000,0.093903
1026,4,test,19,0.062000,0.108010
1026,4,test,20,0.284200,0.137978
1026,4,test,21,0.200000,0.134300
1026,4,test,22,0.160000,0.138431
1026,4,test,23,0.144500,0.092562
1026,4,test,24,0.090000,0.096966
1026,4,test,25,0.010000,0.092185
1026,4,test,26,0.185100,0.145718
1026,4,test,27,0.790000,0.687997
1026,4,test,28,0.310000,0.230437
1026,4,test,29,0.010000,0.068960
1026,4,test,30,0.280000,0.209828
1026,4,test,31,0.380000,0.188988
1026,4,test,32,0.273300,0.153561
1026,4,train,0,0.025000,0.056749
1026,4,train,1,0.050000,0.060987
1026,4,train,2,0.050000,0.084086
1026,4,train,3,0.185100,0.148187
1026,4,train,4,0.190000,0.133453
1026,4,train,5,0.065340,0.090157
1026,4,train,6,0.040000,0.109108
1026,4,train,7,0.144700,0.120555
1026,4,train,8,0.130000,0.121669
1026,4,train,9,0.240000,0.199248
1026,4,train,10,0.250000,0.217211
1026,4,train,11,0.111520,0.133740
1026,4,train,12,0.100000,0.112639
1026,4,train,13,0.023500,0.063309
1026,4,train,14,0.094700,0.126253
1026,4,train,15,0.242000,0.194032
1026,4,train,16,0.030000,0.080129
1026,4,train,17,0.200000,0.188798
1026,4,train,18,0.360000,0.261342
1026,4,train,19,0.270000,0.159979
1026,4,train,20,0.150000,0.166223
1026,4,train,21,0.380000,0.284681
1026,4,train,22,0.270000,0.227980
1026,4,train,23,0.040000,0.078538
1026,4,train,24,0.080000,0.109927
1026,4,train,25,0.020000,0.098573
1026,4,train,26,0.011000,0.076857
1026,4,train,27,0.080000,0.093760
1026,4,train,28,0.090000,0.110785
1026,4,train,29,0.070000,0.067776
1026,4,train,30,0.193500,0.182472
1026,4,train,31,0.190000,0.182134
1026,4,train,32,0.264400,0.211592
1026,4,train,33,0.150000,0.191544
1026,4,train,34,0.280000,0.232023
1026,4,train,35,0.018000,0.075447
1026,4,train,36,0.022000,0.054520
1026,4,train,37,0.035400,0.062582
1026,4,train,38,0.032000,0.087548
1026,4,train,39,0.240000,0.154048
1026,4,train,40,0.163300,0.123365
1026,4,train,41,0.094900,0.110623
1026,4,train,42,0.030000,0.065763
1026,4,train,43,0.110000,0.116738
1026,4,train,44,0.030000,0.071462
1026,4,train,45,0.540000,0.247139
1026,4,train,46,0.230000,0.228300
1026,4,train,47,0.280000,0.169216
1026,4,train,48,0.115100,0.131807
1026,4,train,49,0.210000,0.132714
1026,4,train,50,0.063300,0.118491
1026,4,train,51,0.058480,0.109205
1026,4,train,52,0.320000,0.254391
1026,4,train,53,0.020000,0.070494
1026,4,train,54,0.115100,0.132330
1026,4,train,55,0.220000,0.167980
1026,4,train,56,0.020000,0.115913
1026,4,train,57,0.190000,0.128771
1026,4,train,58,0.100000,0.112931
1026,4,train,59,0.370000,0.257789
1026,4,train,60,0.095300,0.089975
1026,4,train,61,0.350000,0.238852
1026,4,train,62,0.190000,0.161126
1026,4,train,63,0.020000,0.055169
1026,4,train,64,0.035100,0.075734
1026,4,train,65,0.048480,0.085793
1026,4,train,66,0.035100,0.075590
1026,4,train,67,0.072000,0.109315
1026,4,train,68,0.110000,0.116341
1026,4,train,69,0.190000,0.157273
1026,4,train,70,0.190000,0.131057
1026,4,train,71,0.075400,0.072946
1026,4,train,72,0.240000,0.211202
1026,4,train,73,0.260000,0.241392
1026,4,train,74,0.090000,0.089358
1026,4,train,75,0.090000,0.111131
1026,4,train,76,-0.030000,0.039933
1026,4,train,77,0.133000,0.119588
1026,4,train,78,-0.350000,-0.077910
1026,4,train,79,0.174900,0.139195
1026,4,train,80,0.290000,0.230974
1026,4,train,81,0.160000,0.122030
1026,4,train,82,0.030000,0.115914
1026,4,train,83,0.137000,0.119862
1026,4,train,84,0.180000,0.133591
1026,4,train,85,0.820000,0.701027
1026,4,train,86,0.093900,0.107492
1026,4,train,87,0.094900,0.111442
1026,4,train,88,0.024200,0.087765
1026,4,train,89,0.020000,0.061270
1026,4,train,90,0.020000,0.139025
1026,4,train,91,0.144700,0.119966
1026,4,train,92,0.151000,0.103008
1026,4,train,93,0.050000,0.088154
1026,4,train,94,0.100000,0.123111
1026,4,train,95,0.403000,0.242836
1026,4,train,96,0.035400,0.061973
1026,4,train,97,0.130000,0.122409
1026,4,train,98,0.150000,0.190545
1026,4,train,99,0.260000,0.193551
1026,4,train,100,0.180000,0.149653
1026,4,train,101,0.018000,0.056156
1026,4,train,102,0.135000,0.140782
1026,4,train,103,0.160000,0.103141
1026,4,train,104,-0.110000,0.057082
1026,4,train,105,0.210000,0.207787
1026,4,train,106,0.010000,0.054367
1026,4,train,107,0.114400,0.122298
1026,4,train,108,-0.390000,-0.167897
1026,4,train,109,0.010000,0.072552
1026,4,train,110,0.094600,0.112461
1026,4,train,111,0.020000,0.114372
1026,4,train,112,0.790000,0.688072
1026,4,train,113,0.160000,0.143359
1026,4,train,114,0.260000,0.225539
1026,4,train,115,0.045300,0.064033
1026,4,train,116,0.043800,0.073645
1026,4,train,117,0.020000,0.074794
1026,4,train,118,0.232000,0.249056
1026,4,train,119,0.020000,0.068334
1026,4,train,120,0.075400,0.072870
1026,4,train,121,0.030000,0.088094
1026,4,train,122,0.200000,0.200740
1026,4,train,123,0.330000,0.208900
1026,4,train,124,0.020000,0.068960
1026,4,train,125,0.160000,0.153784
1026,4,train,126,0.174900,0.138411
1026,4,train,127,0.220000,0.199152
1026,4,train,128,0.240000,0.156320
1026,4,train,129,0.120000,0.182245
1026,5,test,0,0.054300,0.192716
1026,5,test,1,0.240000,0.222703
1026,5,test,2,0.040000,0.137138
1026,5,test,3,0.790000,0.691282
1026,5,test,4,0.100000,0.116994
1026,5,test,5,0.010000,0.129724
1026,5,test,6,0.094600,0.107157
1026,5,test,7,-0.350000,0.179048
1026,5,test,8,0.240000,0.168580
1026,5,test,9,0.093900,0.108372
1026,5,test,10,0.185100,0.173470
1026,5,test,11,0.190000,0.148792
1026,5,test,12,0.024200,0.108838
1026,5,test,13,0.032000,0.154776
1026,5,test,14,0.280000,0.204054
1026,5,test,15,-0.030000,0.102671
1026,5,test,16,0.030000,0.080204
1026,5,test,17,0.160000,0.049923
1026,5,test,18,0.260000,0.170476
1026,5,test,19,0.063300,0.127152
1026,5,test,20,0.190000,0.149678
1026,5,test,21,0.160000,0.139430
1026,5,test,22,0.163300,0.133965
1026,5,test,23,0.023500,0.071884
1026,5,test,24,0.094700,0.153711
1026,5,test,25,0.174900,0.132526
1026,5,test,26,0.090000,0.109817
1026,5,test,27,0.035100,0.087495
1026,5,test,28,0.052410,0.225026
1026,5,test,29,0.200000,0.181646
1026,5,test,30,0.010000,0.044086
1026,5,test,31,0.220000,0.179457
1026,5,test,32,0.190000,0.124389
1026,5,train,0,0.160000,0.155869
1026,5,train,1,0.790000,0.687986
1026,5,train,2,0.075400,0.070821
1026,5,train,3,0.050000,0.048111
1026,5,train,4,0.110000,0.116867
1026,5,train,5,0.310000,0.275790
1026,5,train,6,0.040000,0.114773
1026,5,train,7,0.090000,0.105357
1026,5,train,8,0.174900,0.133160
1026,5,train,9,0.020000,0.082859
1026,5,train,10,0.144700,0.127964
1026,5,train,11,-0.110000,0.008714
1026,5,train,12,0.133000,0.117729
1026,5,train,13,0.048480,0.081742
1026,5,train,14,0.010000,0.035195
1026,5,train,15,0.220000,0.193758
1026,5,train,16,0.250000,0.233728
1026,5,train,17,0.190000,0.145827
1026,5,train,18,0.270000,0.215369
1026,5,train,19,0.193500,0.191406
1026,5,train,20,0.232000,0.254872
1026,5,train,21,0.260000,0.233792
1026,5,train,22,0.370000,0.289553
1026,5,train,23,0.100000,0.149891
1026,5,train,24,0.260000,0.259486
1026,5,train,25,0.060000,0.117015
1026,5,train,26,0.151000,0.126522
1026,5,train,27,0.020000,0.039434
1026,5,train,28,0.244400,0.229855
1026,5,train,29,0.094900,0.100924
1026,5,train,30,0.025000,0.038656
1026,5,train,31,0.018000,0.037226
1026,5,train,32,0.210000,0.215443
1026,5,train,33,0.065340,0.098445
1026,5,train,34,0.111520,0.142339
1026,5,train,35,0.150000,0.181076
1026,5,train,36,0.190000,0.189023
1026,5,train,37,0.070000,0.094259
1026,5,train,38,0.160000,0.142110
1026,5,train,39,0.137000,0.117770
1026,5,train,40,0.210000,0.146990
1026,5,train,41,0.095300,0.103753
1026,5,train,42,0.100000,0.115659
1026,5,train,43,0.403000,0.344293
1026,5,train,44,0.170000,0.108339
1026,5,train,45,0.260000,0.264161
1026,5,train,46,0.020000,0.108787
1026,5,train,47,0.020000,0.049409
1026,5,train,48,0.035400,0.056422
1026,5,train,49,0.022000,0.034337
1026,5,train,50,0.151000,0.125451
1026,5,train,51,0.150000,0.184657
1026,5,train,52,0.094900,0.101371
1026,5,train,53,0.135000,0.171252
1026,5,train,54,0.130000,0.127129
1026,5,train,55,0.080000,0.083386
1026,5,train,56,0.073410,0.154753
1026,5,train,57,0.020000,0.065909
1026,5,train,58,0.084600,0.096571
1026,5,train,59,0.284200,0.217816
1026,5,train,60,0.240000,0.165668
1026,5,train,61,0.230000,0.236718
1026,5,train,62,0.044200,0.087635
1026,5,train,63,0.072000,0.100824
1026,5,train,64,0.280000,0.180099
1026,5,train,65,0.010000,0.035045
1026,5,train,66,0.115100,0.129833
1026,5,train,67,0.080000,0.089495
1026,5,train,68,0.075400,0.069951
1026,5,train,69,0.190000,0.141238
1026,5,train,70,0.120000,0.175828
1026,5,train,71,0.110000,0.116328
1026,5,train,72,0.144700,0.126427
1026,5,train,73,0.242000,0.236119
1026,5,train,74,0.224400,0.211067
1026,5,train,75,0.030000,0.047791
1026,5,train,76,0.115100,0.129906
1026,5,train,77,0.035100,0.084024
1026,5,train,78,0.180000,0.165221
1026,5,train,79,0.020000,0.066207
1026,5,train,80,0.380000,0.291209
1026,5,train,81,0.030000,0.094535
1026,5,train,82,0.080000,0.104945
1026,5,train,83,0.090000,0.089095
1026,5,train,84,0.160000,0.133075
1026,5,train,85,0.150000,0.195987
1026,5,train,86,0.030000,0.079267
1026,5,train,87,0.040000,0.066427
1026,5,train,88,0.320000,0.284133
1026,5,train,89,0.439000,0.337795
1026,5,train,90,-0.390000,-0.174007
1026,5,train,91,0.180000,0.162505
1026,5,train,92,0.000000,0.061069
1026,5,train,93,0.144500,0.144885
1026,5,train,94,0.035400,0.058706
1026,5,train,95,0.020000,0.044658
1026,5,train,96,0.045300,0.069839
1026,5,train,97,0.540000,0.306919
1026,5,train,98,0.280000,0.264281
1026,5,train,99,0.058480,0.100015
1026,5,train,100,0.360000,0.274875
1026,5,train,101,0.050000,0.076498
1026,5,train,102,0.010000,0.058224
1026,5,train,103,0.820000,0.707334
1026,5,train,104,0.020000,0.099038
1026,5,train,105,0.330000,0.243327
1026,5,train,106,0.200000,0.173949
1026,5,train,107,0.200000,0.201786
1026,5,train,108,0.240000,0.182058
1026,5,train,109,0.273300,0.217628
1026,5,train,110,0.090000,0.087993
1026,5,train,111,0.020000,0.038269
1026,5,train,112,0.290000,0.244753
1026,5,train,113,0.270000,0.229382
1026,5,train,114,0.130000,0.126721
1026,5,train,115,0.114400,0.125801
1026,5,train,116,-0.080000,0.029443
1026,5,train,117,0.043800,0.067293
1026,5,train,118,0.264400,0.233592
1026,5,train,119,0.185100,0.175553
1026,5,train,120,0.030000,0.058262
1026,5,train,121,0.062000,0.091774
1026,5,train,122,0.380000,0.311101
1026,5,train,123,0.050000,0.072699
1026,5,train,124,0.090000,0.115423
1026,5,train,125,0.350000,0.284544
1026,5,train,126,0.020000,0.122682
1026,5,train,127,0.011000,0.065117
1026,5,train,128,0.290000,0.232737
1026,5,train,129,0.018000,0.070187
1026,6,test,0,0.190000,0.110799
1026,6,test,1,0.310000,0.182919
1026,6,test,2,0.220000,0.095567
1026,6,test,3,0.095300,0.110993
1026,6,test,4,0.280000,0.182175
1026,6,test,5,0.100000,0.109338
1026,6,test,6,0.020000,0.092235
1026,6,test,7,0.190000,0.113072
1026,6,test,8,0.290000,0.180323
1026,6,test,9,0.144700,0.090145
1026,6,test,10,0.790000,0.198966
1026,6,test,11,0.020000,0.183595
1026,6,test,12,0.020000,0.176203
1026,6,test,13,0.160000,0.178345
1026,6,test,14,0.114400,0.117170
1026,6,test,15,0.174900,0.122107
1026,6,test,16,0.260000,0.181150
1026,6,test,17,0.210000,0.196417
1026,6,test,18,0.045300,0.106507
1026,6,test,19,0.084600,0.124565
1026,6,test,20,0.150000,0.198110
1026,6,test,21,0.040000,0.194178
1026,6,test,22,0.151000,0.101319
1026,6,test,23,0.280000,0.177522
1026,6,test,24,0.151000,0.102050
1026,6,test,25,0.035400,0.093762
1026,6,test,26,0.144500,0.181509
1026,6,test,27,0.030000,0.121691
1026,6,test,28,0.160000,0.116582
1026,6,test,29,-0.390000,0.176875
1026,6,test,30,0.035100,0.100598
1026,6,test,31,0.200000,0.095567
1026,6,test,32,0.035400,0.091928
1026,6,train,0,0.133000,0.104866
1026,6,train,1,0.190000,0.179575
1026,6,train,2,0.200000,0.194447
1026,6,train,3,0.093900,0.118247
1026,6,train,4,0.030000,0.088561
1026,6,train,5,0.135000,0.182595
1026,6,train,6,0.000000,0.106533
1026,6,train,7,0.110000,0.096323
1026,6,train,8,0.100000,0.111248
1026,6,train,9,0.190000,0.104689
1026,6,train,10,0.163300,0.114931
1026,6,train,11,0.080000,0.107435
1026,6,train,12,0.094900,0.123961
1026,6,train,13,0.025000,0.113567
1026,6,train,14,0.260000,0.195984
1026,6,train,15,0.370000,0.195984
1026,6,train,16,0.018000,0.113567
1026,6,train,17,0.150000,0.198110
1026,6,train,18,0.264400,0.196323
1026,6,train,19,0.100000,0.122195
1026,6,train,20,0.240000,0.177882
1026,6,train,21,0.185100,0.179061
1026,6,train,22,0.230000,0.194773
1026,6,train,23,0.043800,0.101093
1026,6,train,24,0.020000,0.093923
1026,6,train,25,0.160000,0.093619
1026,6,train,26,0.170000,0.103920
1026,6,train,27,0.270000,0.120800
1026,6,train,28,0.094700,0.182742
1026,6,train,29,0.020000,0.115124
1026,6,train,30,0.090000,0.118247
1026,6,train,31,0.120000,0.180323
1026,6,train,32,0.284200,0.184153
1026,6,train,33,0.240000,0.114711
1026,6,train,34,0.020000,0.176301
1026,6,train,35,0.065340,0.103500
1026,6,train,36,0.330000,0.181313
1026,6,train,37,0.190000,0.183474
1026,6,train,38,0.020000,0.093619
1026,6,train,39,0.220000,0.194366
1026,6,train,40,0.130000,0.104255
1026,6,train,41,0.180000,0.097928
1026,6,train,42,0.050000,0.137594
1026,6,train,43,0.080000,0.120032
1026,6,train,44,0.224400,0.195161
1026,6,train,45,0.018000,0.177957
1026,6,train,46,0.320000,0.194725
1026,6,train,47,0.075400,0.096671
1026,6,train,48,0.090000,0.110003
1026,6,train,49,0.010000,0.111441
1026,6,train,50,0.072000,0.100734
1026,6,train,51,0.200000,0.180019
1026,6,train,52,-0.080000,0.095171
1026,6,train,53,0.020000,0.194557
1026,6,train,54,0.190000,0.110003
1026,6,train,55,0.011000,0.194725
1026,6,train,56,0.080000,0.114083
1026,6,train,57,0.040000,0.174386
1026,6,train,58,0.280000,0.108400
1026,6,train,59,0.150000,0.178966
1026,6,train,60,0.240000,0.180935
1026,6,train,61,0.094600,0.116863
1026,6,train,62,0.044200,0.097001
1026,6,train,63,0.022000,0.114870
1026,6,train,64,0.062000,0.109283
1026,6,train,65,0.260000,0.194745
1026,6,train,66,0.380000,0.198110
1026,6,train,67,0.094900,0.124023
1026,6,train,68,0.242000,0.182167
1026,6,train,69,0.010000,0.116376
1026,6,train,70,0.180000,0.110003
1026,6,train,71,0.048480,0.115793
1026,6,train,72,0.380000,0.195816
1026,6,train,73,0.290000,0.179050
1026,6,train,74,0.023500,0.092385
1026,6,train,75,0.024200,0.100281
1026,6,train,76,0.073410,0.194660
1026,6,train,77,0.050000,0.112572
1026,6,train,78,0.273300,0.120865
1026,6,train,79,0.137000,0.111088
1026,6,train,80,0.111520,0.182803
1026,6,train,81,0.075400,0.098048
1026,6,train,82,0.032000,0.110003
1026,6,train,83,0.090000,0.107911
1026,6,train,84,0.020000,0.176203
1026,6,train,85,0.030000,0.105714
1026,6,train,86,0.020000,0.107435
1026,6,train,87,0.010000,0.176203
1026,6,train,88,0.115100,0.180636
1026,6,train,89,0.403000,0.125196
1026,6,train,90,-0.030000,0.094183
1026,6,train,91,0.070000,0.094687
1026,6,train,92,0.063300,0.115404
1026,6,train,93,-0.350000,0.176384
1026,6,train,94,0.115100,0.181226
1026,6,train,95,0.360000,0.198110
1026,6,train,96,0.160000,0.179047
1026,6,train,97,0.232000,0.195092
1026,6,train,98,0.193500,0.183479
1026,6,train,99,0.244400,0.196001
1026,6,train,100,0.250000,0.181272
1026,6,train,101,0.110000,0.098410
1026,6,train,102,0.060000,0.115209
1026,6,train,103,-0.110000,0.102855
1026,6,train,104,0.210000,0.115225
1026,6,train,105,0.439000,0.133129
1026,6,train,106,0.040000,0.109944
1026,6,train,107,0.820000,0.198748
1026,6,train,108,0.260000,0.179068
1026,6,train,109,0.130000,0.106387
1026,6,train,110,0.090000,0.125627
1026,6,train,111,0.270000,0.179566
1026,6,train,112,0.030000,0.111448
1026,6,train,113,0.058480,0.121790
1026,6,train,114,0.790000,0.200045
1026,6,train,115,0.350000,0.182919
1026,6,train,116,0.540000,0.105301
1026,6,train,117,0.010000,0.090038
1026,6,train,118,0.054300,0.194660
1026,6,train,119,0.144700,0.090953
1026,6,train,120,0.174900,0.122230
1026,6,train,121,0.240000,0.121726
1026,6,train,122,0.052410,0.194412
1026,6,train,123,0.160000,0.114990
1026,6,train,124,0.185100,0.179796
1026,6,train,125,0.050000,0.093923
1026,6,train,126,0.035100,0.101058
1026,6,train,127,0.030000,0.174386
1026,6,train,128,0.090000,0.114083
1026,6,train,129,0.010000,0.176203
1026,7,test,0,0.144700,0.097537
1026,7,test,1,0.130000,0.107440
1026,7,test,2,0.095300,0.119510
1026,7,test,3,0.030000,0.160947
1026,7,test,4,0.290000,0.160938
1026,7,test,5,0.075400,0.097899
1026,7,test,6,0.150000,0.168512
1026,7,test,7,0.020000,0.161382
1026,7,test,8,0.094700,0.184782
1026,7,test,9,0.280000,0.158847
1026,7,test,10,0.073410,0.180183
1026,7,test,11,0.200000,0.154475
1026,7,test,12,0.380000,0.168512
1026,7,test,13,0.190000,0.154442
1026,7,test,14,0.020000,0.161382
1026,7,test,15,0.072000,0.098501
1026,7,test,16,0.080000,0.118877
1026,7,test,17,0.018000,0.167932
1026,7,test,18,0.220000,0.172223
1026,7,test,19,0.240000,0.160938
1026,7,test,20,0.020000,0.101215
1026,7,test,21,0.084600,0.122831
1026,7,test,22,0.160000,0.100861
1026,7,test,23,0.790000,0.176511
1026,7,test,24,0.060000,0.133001
1026,7,test,25,0.090000,0.111987
1026,7,test,26,0.135000,0.186159
1026,7,test,27,0.210000,0.187372
1026,7,test,28,0.230000,0.185554
1026,7,test,29,0.115100,0.178234
1026,7,test,30,0.115100,0.178702
1026,7,test,31,0.790000,0.182889
1026,7,test,32,0.110000,0.107313
1026,7,train,0,0.244400,0.182636
1026,7,train,1,0.260000,0.160938
1026,7,train,2,0.035100,0.106464
1026,7,train,3,0.160000,0.145795
1026,7,train,4,0.022000,0.103290
1026,7,train,5,0.160000,0.123095
1026,7,train,6,0.100000,0.114269
1026,7,train,7,0.032000,0.112820
1026,7,train,8,0.063300,0.133972
1026,7,train,9,0.190000,0.182694
1026,7,train,10,-0.110000,0.108212
1026,7,train,11,0.010000,0.161382
1026,7,train,12,0.137000,0.118491
1026,7,train,13,0.018000,0.101608
1026,7,train,14,0.054300,0.180183
1026,7,train,15,-0.080000,0.111146
1026,7,train,16,-0.030000,0.095964
1026,7,train,17,0.273300,0.137303
1026,7,train,18,0.048480,0.120432
1026,7,train,19,0.200000,0.109542
1026,7,train,20,0.094900,0.118561
1026,7,train,21,0.190000,0.112820
1026,7,train,22,0.100000,0.134155
1026,7,train,23,-0.350000,0.155549
1026,7,train,24,0.080000,0.109287
1026,7,train,25,0.439000,0.135213
1026,7,train,26,-0.390000,0.144860
1026,7,train,27,0.011000,0.158883
1026,7,train,28,0.185100,0.180628
1026,7,train,29,0.020000,0.100861
1026,7,train,30,0.260000,0.154851
1026,7,train,31,0.350000,0.187140
1026,7,train,32,0.035400,0.090895
1026,7,train,33,0.130000,0.109526
1026,7,train,34,0.224400,0.181360
1026,7,train,35,0.180000,0.106310
1026,7,train,36,0.163300,0.124172
1026,7,train,37,0.075400,0.096542
1026,7,train,38,0.040000,0.173540
1026,7,train,39,0.190000,0.109514
1026,7,train,40,0.030000,0.112346
1026,7,train,41,0.193500,0.182694
1026,7,train,42,0.090000,0.109287
1026,7,train,43,0.024200,0.118842
1026,7,train,44,0.030000,0.106209
1026,7,train,45,0.020000,0.100637
1026,7,train,46,0.090000,0.131869
1026,7,train,47,0.190000,0.120867
1026,7,train,48,0.065340,0.110459
1026,7,train,49,0.080000,0.119072
1026,7,train,50,0.180000,0.112820
1026,7,train,51,0.094900,0.118181
1026,7,train,52,0.280000,0.119763
1026,7,train,53,0.090000,0.125882
1026,7,train,54,0.190000,0.117323
1026,7,train,55,0.044200,0.113323
1026,7,train,56,0.330000,0.180292
1026,7,train,57,0.025000,0.101608
1026,7,train,58,0.030000,0.090913
1026,7,train,59,0.150000,0.158905
1026,7,train,60,0.000000,0.113699
1026,7,train,61,0.160000,0.154080
1026,7,train,62,0.820000,0.177579
1026,7,train,63,0.280000,0.185521
1026,7,train,64,0.058480,0.135051
1026,7,train,65,0.151000,0.111608
1026,7,train,66,0.240000,0.112414
1026,7,train,67,0.020000,0.174517
1026,7,train,68,0.260000,0.183755
1026,7,train,69,0.232000,0.185321
1026,7,train,70,0.114400,0.127386
1026,7,train,71,0.242000,0.187043
1026,7,train,72,0.040000,0.160947
1026,7,train,73,0.150000,0.168512
1026,7,train,74,0.264400,0.180513
1026,7,train,75,0.062000,0.111443
1026,7,train,76,0.240000,0.169931
1026,7,train,77,0.035100,0.106551
1026,7,train,78,0.050000,0.101215
1026,7,train,79,0.110000,0.105456
1026,7,train,80,0.120000,0.160938
1026,7,train,81,0.320000,0.183755
1026,7,train,82,0.094600,0.124901
1026,7,train,83,0.100000,0.112374
1026,7,train,84,0.160000,0.114711
1026,7,train,85,0.270000,0.159936
1026,7,train,86,0.380000,0.185375
1026,7,train,87,0.270000,0.136475
1026,7,train,88,0.170000,0.114452
1026,7,train,89,0.111520,0.182346
1026,7,train,90,0.050000,0.107594
1026,7,train,91,0.020000,0.118877
1026,7,train,92,0.040000,0.113106
1026,7,train,93,0.260000,0.191653
1026,7,train,94,0.250000,0.160938
1026,7,train,95,0.403000,0.133162
1026,7,train,96,0.151000,0.111075
1026,7,train,97,0.290000,0.154475
1026,7,train,98,0.240000,0.147266
1026,7,train,99,0.035400,0.092251
1026,7,train,100,0.090000,0.112820
1026,7,train,101,0.174900,0.114823
1026,7,train,102,0.220000,0.109542
1026,7,train,103,0.045300,0.106455
1026,7,train,104,0.020000,0.164106
1026,7,train,105,0.284200,0.187170
1026,7,train,106,0.050000,0.127351
1026,7,train,107,0.010000,0.117061
1026,7,train,108,0.070000,0.095964
1026,7,train,109,0.043800,0.107484
1026,7,train,110,0.144500,0.172717
1026,7,train,111,0.310000,0.187140
1026,7,train,112,0.020000,0.114376
1026,7,train,113,0.174900,0.115039
1026,7,train,114,0.020000,0.183731
1026,7,train,115,0.010000,0.161382
1026,7,train,116,0.210000,0.110886
1026,7,train,117,0.540000,0.113032
1026,7,train,118,0.010000,0.112346
1026,7,train,119,0.023500,0.101538
1026,7,train,120,0.010000,0.096212
1026,7,train,121,0.144700,0.097696
1026,7,train,122,0.370000,0.191653
1026,7,train,123,0.093900,0.125882
1026,7,train,124,0.133000,0.106332
1026,7,train,125,0.185100,0.180161
1026,7,train,126,0.200000,0.174903
1026,7,train,127,0.360000,0.168512
1026,7,train,128,0.030000,0.108958
1026,7,train,129,0.052410,0.179694
1026,8,test,0,0.018000,0.048571
1026,8,test,1,-0.030000,0.126131
1026,8,test,2,0.439000,0.213901
1026,8,test,3,0.264400,0.211519
1026,8,test,4,0.100000,0.133789
1026,8,test,5,0.114400,0.127957
1026,8,test,6,0.100000,0.120010
1026,8,test,7,0.160000,0.143033
1026,8,test,8,0.160000,0.121655
1026,8,test,9,0.043800,0.083657
1026,8,test,10,0.200000,0.206449
1026,8,test,11,0.240000,0.181152
1026,8,test,12,0.220000,0.167834
1026,8,test,13,0.054300,0.147016
1026,8,test,14,0.180000,0.141667
1026,8,test,15,0.075400,0.058420
1026,8,test,16,0.380000,0.201889
1026,8,test,17,0.052410,0.222333
1026,8,test,18,0.070000,0.124984
1026,8,test,19,0.144700,0.106925
1026,8,test,20,0.030000,0.100387
1026,8,test,21,0.093900,0.092895
1026,8,test,22,0.020000,0.062580
1026,8,test,23,0.290000,0.205767
1026,8,test,24,0.210000,0.231168
1026,8,test,25,0.160000,0.131944
1026,8,test,26,-0.390000,0.175321
1026,8,test,27,0.150000,0.255605
1026,8,test,28,0.030000,0.148272
1026,8,test,29,0.110000,0.125703
1026,8,test,30,0.240000,0.207396
1026,8,test,31,0.010000,0.026858
1026,8,test,32,0.820000,0.619502
1026,8,train,0,0.094900,0.100169
1026,8,train,1,0.150000,0.180394
1026,8,train,2,0.020000,0.111369
1026,8,train,3,0.018000,0.076300
1026,8,train,4,0.224400,0.214031
1026,8,train,5,0.010000,0.055432
1026,8,train,6,0.290000,0.254736
1026,8,train,7,0.232000,0.239937
1026,8,train,8,0.090000,0.093952
1026,8,train,9,0.137000,0.123954
1026,8,train,10,0.020000,0.026771
1026,8,train,11,0.284200,0.223592
1026,8,train,12,0.350000,0.316547
1026,8,train,13,0.030000,0.053860
1026,8,train,14,0.094900,0.099601
1026,8,train,15,0.174900,0.162199
1026,8,train,16,0.360000,0.279003
1026,8,train,17,0.090000,0.106614
1026,8,train,18,0.242000,0.232103
1026,8,train,19,0.050000,0.085100
1026,8,train,20,0.240000,0.189569
1026,8,train,21,0.273300,0.238928
1026,8,train,22,0.115100,0.124754
1026,8,train,23,0.111520,0.132251
1026,8,train,24,0.040000,0.072485
1026,8,train,25,-0.080000,-0.000069
1026,8,train,26,0.193500,0.195035
1026,8,train,27,0.320000,0.288633
1026,8,train,28,0.403000,0.291865
1026,8,train,29,0.063300,0.083916
1026,8,train,30,0.330000,0.260928
1026,8,train,31,0.090000,0.085755
1026,8,train,32,0.210000,0.161816
1026,8,train,33,0.020000,0.082388
1026,8,train,34,0.133000,0.136057
1026,8,train,35,0.185100,0.173687
1026,8,train,36,0.280000,0.252124
1026,8,train,37,0.090000,0.082352
1026,8,train,38,0.032000,0.069729
1026,8,train,39,0.022000,0.043872
1026,8,train,40,0.200000,0.168670
1026,8,train,41,0.190000,0.160689
1026,8,train,42,0.260000,0.263894
1026,8,train,43,0.073410,0.134229
1026,8,train,44,0.200000,0.192087
1026,8,train,45,0.035100,0.051284
1026,8,train,46,0.020000,0.045957
1026,8,train,47,0.115100,0.124516
1026,8,train,48,0.190000,0.150337
1026,8,train,49,0.174900,0.161077
1026,8,train,50,0.040000,0.085302
1026,8,train,51,0.010000,0.022435
1026,8,train,52,0.144500,0.134200
1026,8,train,53,0.023500,0.039483
1026,8,train,54,0.790000,0.689118
1026,8,train,55,0.010000,0.038244
1026,8,train,56,0.020000,0.066306
1026,8,train,57,0.135000,0.165224
1026,8,train,58,0.310000,0.298436
1026,8,train,59,0.094700,0.114495
1026,8,train,60,0.163300,0.136533
1026,8,train,61,0.120000,0.158273
1026,8,train,62,0.190000,0.155642
1026,8,train,63,0.250000,0.226511
1026,8,train,64,0.075400,0.065004
1026,8,train,65,0.020000,0.062114
1026,8,train,66,0.095300,0.090840
1026,8,train,67,0.540000,0.337225
1026,8,train,68,0.790000,0.697502
1026,8,train,69,0.180000,0.153645
1026,8,train,70,0.144700,0.109613
1026,8,train,71,0.048480,0.066066
1026,8,train,72,0.260000,0.216416
1026,8,train,73,0.160000,0.118678
1026,8,train,74,0.045300,0.056285
1026,8,train,75,0.280000,0.270992
1026,8,train,76,-0.350000,-0.132029
1026,8,train,77,0.380000,0.321542
1026,8,train,78,0.170000,0.099244
1026,8,train,79,0.020000,0.067311
1026,8,train,80,0.044200,0.066690
1026,8,train,81,0.035400,0.043097
1026,8,train,82,0.244400,0.217874
1026,8,train,83,0.260000,0.239674
1026,8,train,84,0.370000,0.309316
1026,8,train,85,0.094600,0.098012
1026,8,train,86,0.084600,0.091593
1026,8,train,87,0.065340,0.086314
1026,8,train,88,0.058480,0.089586
1026,8,train,89,0.130000,0.131056
1026,8,train,90,0.060000,0.080251
1026,8,train,91,0.160000,0.157104
1026,8,train,92,0.035100,0.052714
1026,8,train,93,0.185100,0.174552
1026,8,train,94,0.090000,0.098992
1026,8,train,95,0.080000,0.104073
1026,8,train,96,0.151000,0.132895
1026,8,train,97,0.270000,0.251050
1026,8,train,98,0.240000,0.175426
1026,8,train,99,0.072000,0.093405
1026,8,train,100,-0.110000,-0.028576
1026,8,train,101,0.050000,0.062580
1026,8,train,102,0.011000,0.057493
1026,8,train,103,0.260000,0.266483
1026,8,train,104,0.190000,0.174481
1026,8,train,105,0.190000,0.170119
1026,8,train,106,0.280000,0.214669
1026,8,train,107,0.025000,0.048571
1026,8,train,108,0.230000,0.232300
1026,8,train,109,0.080000,0.082412
1026,8,train,110,0.000000,0.042313
1026,8,train,111,0.020000,0.036673
1026,8,train,112,0.130000,0.133353
1026,8,train,113,0.151000,0.134047
1026,8,train,114,0.062000,0.081692
1026,8,train,115,0.270000,0.238341
1026,8,train,116,0.020000,0.025327
1026,8,train,117,0.080000,0.075979
1026,8,train,118,0.040000,0.065437
1026,8,train,119,0.150000,0.175241
1026,8,train,120,0.190000,0.192640
1026,8,train,121,0.110000,0.120228
1026,8,train,122,0.030000,0.071200
1026,8,train,123,0.024200,0.057061
1026,8,train,124,0.220000,0.196449
1026,8,train,125,0.035400,0.044647
1026,8,train,126,0.010000,0.036616
1026,8,train,127,0.030000,0.049629
1026,8,train,128,0.050000,0.077550
1026,8,train,129,0.100000,0.117683
1026,9,test,0,0.163300,0.126780
1026,9,test,1,0.190000,0.094654
1026,9,test,2,0.032000,0.136602
1026,9,test,3,0.072000,0.130785
1026,9,test,4,0.025000,0.039562
1026,9,test,5,0.080000,0.059689
1026,9,test,6,0.240000,0.248661
1026,9,test,7,0.080000,0.139383
1026,9,test,8,0.095300,0.076638
1026,9,test,9,0.190000,0.145722
1026,9,test,10,0.120000,0.238005
1026,9,test,11,0.043800,0.089792
1026,9,test,12,0.010000,0.030250
1026,9,test,13,0.174900,0.139654
1026,9,test,14,0.094900,0.101497
1026,9,test,15,0.100000,0.145733
1026,9,test,16,0.100000,0.146710
1026,9,test,17,0.151000,0.111121
1026,9,test,18,0.020000,0.164290
1026,9,test,19,0.264400,0.186281
1026,9,test,20,0.244400,0.176191
1026,9,test,21,0.020000,0.082062
1026,9,test,22,0.190000,0.127831
1026,9,test,23,0.180000,0.155699
1026,9,test,24,0.090000,0.094488
1026,9,test,25,0.280000,0.097134
1026,9,test,26,0.193500,0.193042
1026,9,test,27,0.054300,0.142572
1026,9,test,28,0.190000,0.191976
1026,9,test,29,0.058480,0.140899
1026,9,test,30,0.144700,0.112574
1026,9,test,31,0.050000,0.103682
1026,9,test,32,0.280000,0.251426
1026,9,train,0,0.052410,0.116976
1026,9,train,1,0.094600,0.104198
1026,9,train,2,0.035400,0.043087
1026,9,train,3,0.190000,0.164817
1026,9,train,4,0.010000,0.020387
1026,9,train,5,0.790000,0.761329
1026,9,train,6,0.350000,0.315660
1026,9,train,7,0.540000,0.342004
1026,9,train,8,0.065340,0.084398
1026,9,train,9,0.070000,0.062055
1026,9,train,10,0.010000,0.043178
1026,9,train,11,-0.030000,0.020277
1026,9,train,12,0.035400,0.043946
1026,9,train,13,0.093900,0.093194
1026,9,train,14,0.115100,0.124370
1026,9,train,15,0.050000,0.046208
1026,9,train,16,0.030000,0.055585
1026,9,train,17,0.111520,0.128508
1026,9,train,18,0.044200,0.057318
1026,9,train,19,0.040000,0.101921
1026,9,train,20,0.084600,0.091350
1026,9,train,21,0.020000,0.089720
1026,9,train,22,0.115100,0.124795
1026,9,train,23,0.380000,0.300785
1026,9,train,24,0.100000,0.124204
1026,9,train,25,0.290000,0.248550
1026,9,train,26,0.045300,0.055215
1026,9,train,27,0.320000,0.290215
1026,9,train,28,0.290000,0.263876
1026,9,train,29,0.035100,0.047395
1026,9,train,30,0.310000,0.296565
1026,9,train,31,0.185100,0.175059
1026,9,train,32,0.380000,0.309181
1026,9,train,33,0.130000,0.128008
1026,9,train,34,0.011000,0.066330
1026,9,train,35,0.020000,0.060128
1026,9,train,36,0.022000,0.034703
1026,9,train,37,0.110000,0.114002
1026,9,train,38,0.075400,0.068777
1026,9,train,39,0.020000,0.083256
1026,9,train,40,0.260000,0.265080
1026,9,train,41,0.020000,0.032277
1026,9,train,42,0.090000,0.081596
1026,9,train,43,0.094900,0.102349
1026,9,train,44,0.232000,0.253106
1026,9,train,45,0.150000,0.187981
1026,9,train,46,0.242000,0.216878
1026,9,train,47,0.260000,0.217546
1026,9,train,48,0.150000,0.178771
1026,9,train,49,0.048480,0.070757
1026,9,train,50,0.075400,0.069432
1026,9,train,51,0.135000,0.153717
1026,9,train,52,0.010000,0.039421
1026,9,train,53,0.200000,0.205392
1026,9,train,54,0.174900,0.143838
1026,9,train,55,0.080000,0.085035
1026,9,train,56,0.210000,0.172719
1026,9,train,57,0.110000,0.114827
1026,9,train,58,0.020000,0.057131
1026,9,train,59,0.030000,0.054522
1026,9,train,60,0.151000,0.114018
1026,9,train,61,0.024200,0.046699
1026,9,train,62,0.790000,0.743833
1026,9,train,63,0.050000,0.086122
1026,9,train,64,0.023500,0.034638
1026,9,train,65,0.273300,0.247658
1026,9,train,66,0.018000,0.039876
1026,9,train,67,0.270000,0.249432
1026,9,train,68,0.130000,0.128836
1026,9,train,69,0.160000,0.147464
1026,9,train,70,0.224400,0.193103
1026,9,train,71,-0.110000,-0.033077
1026,9,train,72,0.230000,0.238736
1026,9,train,73,0.094700,0.113235
1026,9,train,74,0.090000,0.103278
1026,9,train,75,0.260000,0.273052
1026,9,train,76,0.144700,0.115899
1026,9,train,77,0.040000,0.066011
1026,9,train,78,0.360000,0.288788
1026,9,train,79,0.030000,0.080119
1026,9,train,80,0.284200,0.223338
1026,9,train,81,0.240000,0.212281
1026,9,train,82,0.170000,0.111459
1026,9,train,83,0.370000,0.318592
1026,9,train,84,0.439000,0.353110
1026,9,train,85,0.030000,0.058961
1026,9,train,86,0.114400,0.128375
1026,9,train,87,0.133000,0.116870
1026,9,train,88,0.073410,0.121985
1026,9,train,89,0.280000,0.256011
1026,9,train,90,0.200000,0.171933
1026,9,train,91,0.030000,0.048007
1026,9,train,92,0.820000,0.751441
1026,9,train,93,0.190000,0.153310
1026,9,train,94,0.062000,0.086301
1026,9,train,95,0.040000,0.116681
1026,9,train,96,0.403000,0.363259
1026,9,train,97,0.160000,0.132672
1026,9,train,98,0.018000,0.061432
1026,9,train,99,0.220000,0.197395
1026,9,train,100,0.180000,0.170171
1026,9,train,101,0.090000,0.111896
1026,9,train,102,0.060000,0.081551
1026,9,train,103,0.330000,0.251440
1026,9,train,104,0.220000,0.203794
1026,9,train,105,0.210000,0.218210
1026,9,train,106,0.160000,0.113887
1026,9,train,107,0.020000,0.024465
1026,9,train,108,-0.350000,-0.153684
1026,9,train,109,0.144500,0.115866
1026,9,train,110,0.240000,0.183034
1026,9,train,111,0.240000,0.187763
1026,9,train,112,0.000000,0.038508
1026,9,train,113,0.090000,0.091641
1026,9,train,114,0.200000,0.193065
1026,9,train,115,0.250000,0.248954
1026,9,train,116,0.160000,0.135171
1026,9,train,117,0.160000,0.158711
1026,9,train,118,0.035100,0.046962
1026,9,train,119,-0.390000,-0.202565
1026,9,train,120,0.063300,0.082743
1026,9,train,121,0.020000,0.034798
1026,9,train,122,0.137000,0.122255
1026,9,train,123,-0.080000,-0.000240
1026,9,train,124,0.270000,0.255934
1026,9,train,125,0.150000,0.182078
1026,9,train,126,0.010000,0.059264
1026,9,train,127,0.020000,0.033420
1026,9,train,128,0.185100,0.175729
1026,9,train,129,0.260000,0.255374
1026,10,test,0,0.111520,0.166815
1026,10,test,1,0.020000,0.029242
1026,10,test,2,0.044200,0.097053
1026,10,test,3,0.073410,0.146289
1026,10,test,4,0.035100,0.074702
1026,10,test,5,0.110000,0.119264
1026,10,test,6,0.790000,0.532116
1026,10,test,7,0.020000,0.132002
1026,10,test,8,0.330000,0.137459
1026,10,test,9,0.090000,0.077362
1026,10,test,10,0.070000,0.121935
1026,10,test,11,0.060000,0.121078
1026,10,test,12,0.163300,0.130130
1026,10,test,13,0.065340,0.136374
1026,10,test,14,0.045300,0.082843
1026,10,test,15,0.032000,0.153290
1026,10,test,16,0.200000,0.187291
1026,10,test,17,0.240000,0.171093
1026,10,test,18,0.030000,0.139851
1026,10,test,19,0.130000,0.128884
1026,10,test,20,0.144500,0.117734
1026,10,test,21,0.018000,0.181399
1026,10,test,22,0.160000,0.151937
1026,10,test,23,0.220000,0.164430
1026,10,test,24,0.094600,0.103197
1026,10,test,25,0.193500,0.192923
1026,10,test,26,0.035400,0.065760
1026,10,test,27,0.010000,0.136610
1026,10,test,28,0.020000,0.027896
1026,10,test,29,-0.390000,0.165443
1026,10,test,30,0.820000,0.485023
1026,10,test,31,-0.030000,0.131107
1026,10,test,32,0.210000,0.085018
1026,10,train,0,0.210000,0.204935
1026,10,train,1,0.540000,0.358061
1026,10,train,2,0.280000,0.268589
1026,10,train,3,0.020000,0.040450
1026,10,train,4,0.230000,0.228236
1026,10,train,5,0.020000,0.061256
1026,10,train,6,0.150000,0.201816
1026,10,train,7,0.370000,0.300859
1026,10,train,8,0.790000,0.547267
1026,10,train,9,0.260000,0.259161
1026,10,train,10,0.190000,0.192902
1026,10,train,11,0.050000,0.077285
1026,10,train,12,0.160000,0.148497
1026,10,train,13,0.030000,0.049226
1026,10,train,14,0.075400,0.073202
1026,10,train,15,0.054300,0.116042
1026,10,train,16,0.151000,0.131290
1026,10,train,17,-0.110000,-0.025375
1026,10,train,18,0.273300,0.233263
1026,10,train,19,0.010000,0.028215
1026,10,train,20,0.135000,0.171718
1026,10,train,21,0.270000,0.236894
1026,10,train,22,0.115100,0.126234
1026,10,train,23,0.024200,0.073791
1026,10,train,24,0.011000,0.055083
1026,10,train,25,0.052410,0.115654
1026,10,train,26,0.190000,0.168640
1026,10,train,27,0.094900,0.102843
1026,10,train,28,0.040000,0.063785
1026,10,train,29,0.160000,0.114792
1026,10,train,30,0.174900,0.159844
1026,10,train,31,0.190000,0.169653
1026,10,train,32,0.080000,0.083921
1026,10,train,33,0.380000,0.309139
1026,10,train,34,0.224400,0.184044
1026,10,train,35,0.180000,0.173064
1026,10,train,36,0.062000,0.086374
1026,10,train,37,0.090000,0.118399
1026,10,train,38,0.190000,0.160221
1026,10,train,39,0.095300,0.096929
1026,10,train,40,0.180000,0.173780
1026,10,train,41,0.360000,0.306317
1026,10,train,42,0.084600,0.095892
1026,10,train,43,0.050000,0.045617
1026,10,train,44,0.050000,0.077057
1026,10,train,45,0.023500,0.037932
1026,10,train,46,0.035100,0.069534
1026,10,train,47,0.240000,0.181065
1026,10,train,48,0.133000,0.140499
1026,10,train,49,0.090000,0.094534
1026,10,train,50,0.030000,0.083369
1026,10,train,51,0.439000,0.356503
1026,10,train,52,0.110000,0.115531
1026,10,train,53,0.310000,0.292650
1026,10,train,54,0.115100,0.127309
1026,10,train,55,0.290000,0.258083
1026,10,train,56,0.250000,0.243304
1026,10,train,57,0.260000,0.215768
1026,10,train,58,0.284200,0.231569
1026,10,train,59,0.018000,0.027388
1026,10,train,60,0.160000,0.159386
1026,10,train,61,0.035400,0.058484
1026,10,train,62,0.020000,0.079258
1026,10,train,63,0.030000,0.046609
1026,10,train,64,0.220000,0.203989
1026,10,train,65,0.200000,0.191460
1026,10,train,66,0.043800,0.066422
1026,10,train,67,0.010000,0.035839
1026,10,train,68,0.100000,0.114231
1026,10,train,69,0.100000,0.115280
1026,10,train,70,0.072000,0.102485
1026,10,train,71,0.290000,0.251554
1026,10,train,72,0.174900,0.162751
1026,10,train,73,0.380000,0.302260
1026,10,train,74,0.094700,0.124663
1026,10,train,75,0.100000,0.146622
1026,10,train,76,-0.350000,-0.130503
1026,10,train,77,0.280000,0.255052
1026,10,train,78,0.260000,0.263343
1026,10,train,79,0.185100,0.179953
1026,10,train,80,0.010000,0.035874
1026,10,train,81,0.020000,0.062653
1026,10,train,82,0.020000,0.032952
1026,10,train,83,0.022000,0.030726
1026,10,train,84,0.040000,0.074091
1026,10,train,85,0.244400,0.233661
1026,10,train,86,0.090000,0.090357
1026,10,train,87,0.200000,0.192890
1026,10,train,88,0.075400,0.071630
1026,10,train,89,0.093900,0.094357
1026,10,train,90,0.137000,0.127358
1026,10,train,91,0.010000,0.030330
1026,10,train,92,0.151000,0.131663
1026,10,train,93,0.000000,0.054505
1026,10,train,94,0.264400,0.225061
1026,10,train,95,0.048480,0.065903
1026,10,train,96,0.232000,0.226062
1026,10,train,97,0.058480,0.091300
1026,10,train,98,-0.080000,0.008143
1026,10,train,99,0.144700,0.130692
1026,10,train,100,0.114400,0.110632
1026,10,train,101,0.130000,0.129005
1026,10,train,102,0.185100,0.180532
1026,10,train,103,0.260000,0.236619
1026,10,train,104,0.080000,0.102022
1026,10,train,105,0.144700,0.129490
1026,10,train,106,0.025000,0.029848
1026,10,train,107,0.150000,0.195330
1026,10,train,108,0.242000,0.226863
1026,10,train,109,0.160000,0.140962
1026,10,train,110,0.120000,0.166720
1026,10,train,111,0.080000,0.082521
1026,10,train,112,0.094900,0.101573
1026,10,train,113,0.190000,0.156885
1026,10,train,114,0.240000,0.170138
1026,10,train,115,0.320000,0.282020
1026,10,train,116,0.190000,0.154485
1026,10,train,117,0.150000,0.186675
1026,10,train,118,0.063300,0.105100
1026,10,train,119,0.020000,0.089799
1026,10,train,120,0.020000,0.069102
1026,10,train,121,0.350000,0.309551
1026,10,train,122,0.403000,0.367894
1026,10,train,123,0.040000,0.118747
1026,10,train,124,0.240000,0.235457
1026,10,train,125,0.030000,0.058471
1026,10,train,126,0.170000,0.107306
1026,10,train,127,0.090000,0.098983
1026,10,train,128,0.270000,0.248642
1026,10,train,129,0.280000,0.217219
