max_features,random_state,dataset,index,experimental,predicted
20,1,test,0,584,590.397156
20,1,test,1,510,500.785095
20,1,test,2,525,475.638885
20,1,test,3,557,610.933228
20,1,test,4,596,592.410278
20,1,test,5,528,493.807343
20,1,test,6,645,579.996155
20,1,test,7,460,484.572815
20,1,test,8,572,580.285400
20,1,test,9,509,515.786560
20,1,test,10,577,577.157654
20,1,test,11,555,523.759155
20,1,test,12,485,525.640015
20,1,test,13,580,537.694519
20,1,test,14,456,475.057068
20,1,test,15,597,570.946899
20,1,test,16,484,504.165070
20,1,test,17,584,564.177917
20,1,test,18,502,517.741882
20,1,test,19,612,646.806580
20,1,test,20,644,642.311096
20,1,test,21,501,486.168365
20,1,test,22,462,496.075592
20,1,test,23,495,495.854248
20,1,test,24,601,637.815247
20,1,test,25,613,564.547668
20,1,test,26,610,564.547668
20,1,test,27,580,620.888977
20,1,test,28,545,583.270081
20,1,test,29,469,504.165070
20,1,test,30,479,486.168365
20,1,test,31,478,488.034088
20,1,test,32,446,504.165070
20,1,test,33,463,481.880219
20,1,test,34,613,564.547668
20,1,test,35,572,580.285400
20,1,train,0,572,580.285400
20,1,train,1,524,506.849060
20,1,train,2,575,578.990723
20,1,train,3,600,592.642822
20,1,train,4,560,512.294678
20,1,train,5,442,481.880219
20,1,train,6,451,481.880219
20,1,train,7,616,623.043640
20,1,train,8,534,556.515381
20,1,train,9,608,610.933228
20,1,train,10,489,497.830170
20,1,train,11,637,606.324341
20,1,train,12,648,583.270081
20,1,train,13,523,515.441650
20,1,train,14,519,517.741882
20,1,train,15,524,506.931793
20,1,train,16,500,501.255585
20,1,train,17,495,583.270081
20,1,train,18,585,592.410278
20,1,train,19,509,515.786560
20,1,train,20,577,577.157654
20,1,train,21,479,489.331665
20,1,train,22,504,496.075592
20,1,train,23,509,518.603271
20,1,train,24,606,615.253235
20,1,train,25,605,583.270081
20,1,train,26,484,488.034088
20,1,train,27,488,501.255585
20,1,train,28,630,635.751099
20,1,train,29,507,530.552673
20,1,train,30,522,515.786560
20,1,train,31,628,610.933228
20,1,train,32,522,515.786560
20,1,train,33,578,567.100403
20,1,train,34,640,663.271729
20,1,train,35,618,615.579041
20,1,train,36,431,496.075592
20,1,train,37,649,632.446960
20,1,train,38,526,518.356934
20,1,train,39,535,481.880219
20,1,train,40,507,517.741882
20,1,train,41,541,523.759155
20,1,train,42,612,610.933228
20,1,train,43,617,547.365906
20,1,train,44,459,475.638885
20,1,train,45,597,590.397156
20,1,train,46,538,523.759155
20,1,train,47,508,517.741882
20,1,train,48,525,506.931793
20,1,train,49,455,534.074585
20,1,train,50,472,512.294678
20,1,train,51,596,598.662354
20,1,train,52,617,615.253235
20,1,train,53,623,625.181702
20,1,train,54,594,610.933228
20,1,train,55,480,488.034088
20,1,train,56,504,495.854248
20,1,train,57,516,510.640411
20,1,train,58,541,521.746948
20,1,train,59,505,517.741882
20,1,train,60,515,517.415161
20,1,train,61,522,499.323029
20,1,train,62,506,521.746948
20,1,train,63,577,583.270081
20,1,train,64,574,583.294922
20,1,train,65,624,646.806580
20,1,train,66,543,496.075592
20,1,train,67,644,608.716125
20,1,train,68,584,590.397156
20,1,train,69,500,495.746002
20,1,train,70,689,676.093018
20,1,train,71,586,523.759155
20,1,train,72,617,615.253235
20,1,train,73,473,528.236084
20,1,train,74,572,580.285400
20,1,train,75,595,564.547668
20,1,train,76,528,583.270081
20,1,train,77,492,488.034088
20,1,train,78,516,510.640411
20,1,train,79,473,461.382935
20,1,train,80,505,518.356934
20,1,train,81,534,481.880219
20,1,train,82,630,635.751099
20,1,train,83,670,662.732788
20,1,train,84,598,570.946899
20,1,train,85,488,487.435974
20,1,train,86,481,501.255585
20,1,train,87,455,493.717010
20,1,train,88,550,540.261230
20,1,train,89,505,497.830170
20,1,train,90,608,610.074707
20,1,train,91,482,501.255585
20,1,train,92,466,504.165070
20,1,train,93,471,497.830170
20,1,train,94,624,615.253235
20,1,train,95,591,552.292480
20,1,train,96,488,486.168365
20,1,train,97,606,580.285400
20,1,train,98,693,580.025513
20,1,train,99,475,475.638885
20,1,train,100,484,488.034088
20,1,train,101,580,580.285400
20,1,train,102,511,503.610413
20,1,train,103,562,496.075592
20,1,train,104,630,559.128662
20,1,train,105,583,615.253235
20,1,train,106,465,484.837708
20,1,train,107,524,516.092285
20,1,train,108,472,486.168365
20,1,train,109,456,504.165070
20,1,train,110,456,492.824921
20,1,train,111,475,475.638885
20,1,train,112,465,472.847198
20,1,train,113,561,504.165070
20,1,train,114,464,475.638885
20,1,train,115,490,481.880219
20,1,train,116,450,481.880219
20,1,train,117,601,632.446960
20,1,train,118,463,461.382935
20,1,train,119,670,662.732788
20,1,train,120,597,590.397156
20,1,train,121,592,592.642822
20,1,train,122,597,590.397156
20,1,train,123,371,461.382935
20,1,train,124,500,496.075592
20,1,train,125,476,486.168365
20,1,train,126,464,513.167847
20,1,train,127,494,488.034088
20,1,train,128,585,592.410278
20,1,train,129,507,481.880219
20,1,train,130,568,534.074585
20,1,train,131,500,517.741882
20,1,train,132,605,610.933228
20,1,train,133,519,517.741882
20,1,train,134,504,501.255585
20,1,train,135,487,497.830170
20,1,train,136,517,517.741882
20,1,train,137,532,517.741882
20,1,train,138,493,495.854248
20,1,train,139,477,491.824554
20,1,train,140,648,623.043640
20,2,test,0,495,578.256348
20,2,test,1,473,589.821045
20,2,test,2,618,572.045410
20,2,test,3,568,548.616577
20,2,test,4,584,553.580750
20,2,test,5,507,528.322205
20,2,test,6,455,548.616577
20,2,test,7,543,491.209839
20,2,test,8,597,587.353943
20,2,test,9,600,593.309265
20,2,test,10,524,501.652222
20,2,test,11,475,483.004150
20,2,test,12,459,483.004150
20,2,test,13,500,491.209839
20,2,test,14,689,607.203674
20,2,test,15,606,616.527100
20,2,test,16,580,518.427246
20,2,test,17,541,547.371399
20,2,test,18,580,621.782898
20,2,test,19,476,487.737244
20,2,test,20,617,520.420837
20,2,test,21,628,598.906372
20,2,test,22,509,517.462341
20,2,test,23,509,517.462341
20,2,test,24,463,484.037628
20,2,test,25,596,583.183655
20,2,test,26,522,517.462341
20,2,test,27,608,566.392212
20,2,test,28,560,510.479492
20,2,test,29,693,551.594238
20,2,test,30,517,510.445648
20,2,test,31,455,542.751953
20,2,test,32,446,484.195251
20,2,test,33,534,484.037628
20,2,test,34,577,575.383240
20,2,test,35,575,584.572632
20,2,train,0,528,512.920410
20,2,train,1,645,626.131714
20,2,train,2,585,583.183655
20,2,train,3,516,517.532959
20,2,train,4,479,487.737244
20,2,train,5,473,446.910614
20,2,train,6,487,489.618988
20,2,train,7,460,461.473846
20,2,train,8,500,499.979584
20,2,train,9,596,594.041016
20,2,train,10,519,510.445648
20,2,train,11,608,598.906372
20,2,train,12,492,483.004150
20,2,train,13,509,553.719971
20,2,train,14,479,494.987976
20,2,train,15,505,510.445648
20,2,train,16,466,484.195251
20,2,train,17,613,591.128601
20,2,train,18,630,628.004456
20,2,train,19,511,512.094116
20,2,train,20,478,483.004150
20,2,train,21,465,475.295441
20,2,train,22,605,598.906372
20,2,train,23,524,531.254150
20,2,train,24,515,514.620117
20,2,train,25,477,496.423523
20,2,train,26,494,483.004150
20,2,train,27,577,575.383240
20,2,train,28,488,491.209839
20,2,train,29,578,568.998657
20,2,train,30,484,484.195251
20,2,train,31,465,478.678986
20,2,train,32,480,483.004150
20,2,train,33,538,547.371399
20,2,train,34,586,547.371399
20,2,train,35,532,510.445648
20,2,train,36,598,587.353943
20,2,train,37,670,653.518616
20,2,train,38,507,484.037628
20,2,train,39,505,530.121704
20,2,train,40,500,507.223877
20,2,train,41,519,510.445648
20,2,train,42,525,501.652222
20,2,train,43,630,621.583862
20,2,train,44,508,510.445648
20,2,train,45,605,578.256348
20,2,train,46,442,484.037628
20,2,train,47,482,499.979584
20,2,train,48,484,483.004150
20,2,train,49,464,501.485718
20,2,train,50,451,484.037628
20,2,train,51,371,446.910614
20,2,train,52,524,512.969604
20,2,train,53,535,484.037628
20,2,train,54,472,510.479492
20,2,train,55,545,578.256348
20,2,train,56,572,575.833435
20,2,train,57,617,616.527100
20,2,train,58,649,619.547058
20,2,train,59,504,494.789734
20,2,train,60,463,446.910614
20,2,train,61,456,493.776733
20,2,train,62,601,619.547058
20,2,train,63,630,628.004456
20,2,train,64,572,575.833435
20,2,train,65,597,589.564270
20,2,train,66,648,578.256348
20,2,train,67,613,591.128601
20,2,train,68,500,510.445648
20,2,train,69,502,510.445648
20,2,train,70,464,483.004150
20,2,train,71,489,489.618988
20,2,train,72,504,499.979584
20,2,train,73,592,593.309265
20,2,train,74,475,483.004150
20,2,train,75,505,489.618988
20,2,train,76,534,549.148071
20,2,train,77,525,483.004150
20,2,train,78,481,499.979584
20,2,train,79,670,653.518616
20,2,train,80,612,598.906372
20,2,train,81,585,583.183655
20,2,train,82,528,578.256348
20,2,train,83,456,484.195251
20,2,train,84,574,587.353943
20,2,train,85,601,617.974365
20,2,train,86,577,578.256348
20,2,train,87,488,487.737244
20,2,train,88,472,487.737244
20,2,train,89,456,478.678986
20,2,train,90,591,562.890381
20,2,train,91,624,612.432739
20,2,train,92,431,491.209839
20,2,train,93,597,589.564270
20,2,train,94,584,589.564270
20,2,train,95,469,484.195251
20,2,train,96,522,517.462341
20,2,train,97,495,494.789734
20,2,train,98,526,530.121704
20,2,train,99,640,637.904114
20,2,train,100,616,626.462158
20,2,train,101,580,575.833435
20,2,train,102,623,600.747681
20,2,train,103,507,510.445648
20,2,train,104,597,589.564270
20,2,train,105,624,616.527100
20,2,train,106,471,489.618988
20,2,train,107,506,524.318787
20,2,train,108,583,616.527100
20,2,train,109,504,491.209839
20,2,train,110,594,598.906372
20,2,train,111,617,616.527100
20,2,train,112,557,598.906372
20,2,train,113,595,591.128601
20,2,train,114,488,499.979584
20,2,train,115,523,525.517944
20,2,train,116,637,607.204834
20,2,train,117,644,616.492615
20,2,train,118,572,575.833435
20,2,train,119,644,622.355225
20,2,train,120,485,495.562866
20,2,train,121,555,547.371399
20,2,train,122,572,575.833435
20,2,train,123,648,626.462158
20,2,train,124,510,499.979584
20,2,train,125,522,499.979584
20,2,train,126,484,483.004150
20,2,train,127,612,612.432739
20,2,train,128,490,484.037628
20,2,train,129,610,591.128601
20,2,train,130,462,491.209839
20,2,train,131,584,589.564270
20,2,train,132,541,524.318787
20,2,train,133,450,484.037628
20,2,train,134,516,517.532959
20,2,train,135,501,487.737244
20,2,train,136,606,575.833435
20,2,train,137,561,484.195251
20,2,train,138,493,494.789734
20,2,train,139,550,550.982605
20,2,train,140,562,491.209839
20,3,test,0,601,678.741211
20,3,test,1,596,591.064575
20,3,test,2,574,611.083740
20,3,test,3,466,484.959473
20,3,test,4,482,499.659729
20,3,test,5,473,617.426880
20,3,test,6,594,599.489868
20,3,test,7,493,495.352844
20,3,test,8,524,507.112823
20,3,test,9,644,582.237305
20,3,test,10,455,539.108765
20,3,test,11,475,485.574554
20,3,test,12,505,482.150635
20,3,test,13,612,599.489868
20,3,test,14,644,611.163269
20,3,test,15,459,485.574554
20,3,test,16,597,583.933777
20,3,test,17,550,516.687683
20,3,test,18,524,503.711823
20,3,test,19,506,548.965210
20,3,test,20,523,496.279907
20,3,test,21,500,517.306885
20,3,test,22,568,535.785156
20,3,test,23,640,678.215515
20,3,test,24,605,599.489868
20,3,test,25,465,486.715088
20,3,test,26,610,587.822266
20,3,test,27,608,589.076538
20,3,test,28,585,591.064575
20,3,test,29,584,583.933777
20,3,test,30,597,610.200256
20,3,test,31,555,536.634399
20,3,test,32,507,513.516968
20,3,test,33,670,669.529785
20,3,test,34,598,610.200256
20,3,test,35,617,518.301514
20,3,train,0,580,572.334961
20,3,train,1,595,587.822266
20,3,train,2,612,617.476013
20,3,train,3,463,447.112518
20,3,train,4,463,484.879425
20,3,train,5,541,548.965210
20,3,train,6,617,607.930298
20,3,train,7,572,576.581360
20,3,train,8,525,507.112823
20,3,train,9,495,569.180420
20,3,train,10,460,460.885651
20,3,train,11,693,600.712524
20,3,train,12,484,484.959473
20,3,train,13,495,495.352844
20,3,train,14,472,493.401428
20,3,train,15,623,615.352600
20,3,train,16,586,536.634399
20,3,train,17,488,499.659729
20,3,train,18,519,513.516968
20,3,train,19,585,591.064575
20,3,train,20,670,669.529785
20,3,train,21,630,625.347961
20,3,train,22,465,472.813019
20,3,train,23,618,615.509644
20,3,train,24,606,576.581360
20,3,train,25,572,576.581360
20,3,train,26,561,484.959473
20,3,train,27,605,569.180420
20,3,train,28,504,495.795135
20,3,train,29,473,447.112518
20,3,train,30,528,503.631775
20,3,train,31,490,484.879425
20,3,train,32,500,513.516968
20,3,train,33,649,626.649963
20,3,train,34,522,513.153931
20,3,train,35,628,599.489868
20,3,train,36,584,581.972778
20,3,train,37,455,535.785156
20,3,train,38,597,583.933777
20,3,train,39,516,513.153931
20,3,train,40,515,507.935730
20,3,train,41,525,485.574554
20,3,train,42,484,485.654602
20,3,train,43,502,513.516968
20,3,train,44,592,593.392761
20,3,train,45,488,493.401428
20,3,train,46,645,642.346924
20,3,train,47,577,569.180420
20,3,train,48,577,575.592041
20,3,train,49,476,493.401428
20,3,train,50,500,495.795135
20,3,train,51,481,499.659729
20,3,train,52,528,569.180420
20,3,train,53,494,485.654602
20,3,train,54,456,473.357880
20,3,train,55,580,577.673340
20,3,train,56,616,634.765503
20,3,train,57,534,568.918457
20,3,train,58,431,495.795135
20,3,train,59,606,607.930298
20,3,train,60,532,513.516968
20,3,train,61,477,498.730621
20,3,train,62,442,484.879425
20,3,train,63,451,484.879425
20,3,train,64,608,599.489868
20,3,train,65,479,493.401428
20,3,train,66,578,573.109619
20,3,train,67,464,498.810669
20,3,train,68,478,485.654602
20,3,train,69,624,607.930298
20,3,train,70,517,513.516968
20,3,train,71,464,485.574554
20,3,train,72,600,593.392761
20,3,train,73,630,614.747498
20,3,train,74,504,499.659729
20,3,train,75,507,504.732880
20,3,train,76,584,583.933777
20,3,train,77,597,583.933777
20,3,train,78,472,523.396851
20,3,train,79,501,493.401428
20,3,train,80,508,513.516968
20,3,train,81,456,484.171509
20,3,train,82,583,607.930298
20,3,train,83,624,617.476013
20,3,train,84,471,482.150635
20,3,train,85,545,569.180420
20,3,train,86,572,576.581360
20,3,train,87,630,625.347961
20,3,train,88,617,607.930298
20,3,train,89,522,500.720215
20,3,train,90,543,495.795135
20,3,train,91,504,495.352844
20,3,train,92,562,495.795135
20,3,train,93,526,521.108643
20,3,train,94,613,587.822266
20,3,train,95,475,485.574554
20,3,train,96,575,578.386719
20,3,train,97,462,495.795135
20,3,train,98,510,499.659729
20,3,train,99,648,569.180420
20,3,train,100,601,626.649963
20,3,train,101,560,523.396851
20,3,train,102,488,495.795135
20,3,train,103,577,575.592041
20,3,train,104,505,513.516968
20,3,train,105,580,576.581360
20,3,train,106,509,513.153931
20,3,train,107,507,484.879425
20,3,train,108,648,634.765503
20,3,train,109,487,482.150635
20,3,train,110,479,499.401581
20,3,train,111,637,622.220398
20,3,train,112,450,484.879425
20,3,train,113,480,485.654602
20,3,train,114,689,686.429321
20,3,train,115,613,587.822266
20,3,train,116,469,484.959473
20,3,train,117,516,513.153931
20,3,train,118,557,599.489868
20,3,train,119,572,576.581360
20,3,train,120,519,513.516968
20,3,train,121,456,484.959473
20,3,train,122,541,536.634399
20,3,train,123,509,535.842102
20,3,train,124,446,484.959473
20,3,train,125,489,482.150635
20,3,train,126,591,559.066589
20,3,train,127,371,447.112518
20,3,train,128,522,513.153931
20,3,train,129,484,485.654602
20,3,train,130,596,594.572632
20,3,train,131,492,485.654602
20,3,train,132,505,521.108643
20,3,train,133,524,519.518372
20,3,train,134,485,500.274994
20,3,train,135,500,499.659729
20,3,train,136,535,484.879425
20,3,train,137,538,536.634399
20,3,train,138,511,513.436768
20,3,train,139,534,484.879425
20,3,train,140,509,513.153931
20,4,test,0,541,506.381134
20,4,test,1,463,502.598938
20,4,test,2,460,503.641083
20,4,test,3,628,600.705322
20,4,test,4,489,492.704010
20,4,test,5,476,483.818054
20,4,test,6,591,554.090698
20,4,test,7,504,488.188934
20,4,test,8,475,501.973389
20,4,test,9,488,483.818054
20,4,test,10,572,588.155701
20,4,test,11,648,569.826538
20,4,test,12,524,522.443604
20,4,test,13,618,548.848572
20,4,test,14,637,600.980286
20,4,test,15,522,508.333374
20,4,test,16,600,595.441345
20,4,test,17,572,588.155701
20,4,test,18,522,508.333374
20,4,test,19,484,485.265167
20,4,test,20,572,588.155701
20,4,test,21,623,560.647888
20,4,test,22,479,506.562195
20,4,test,23,504,503.178192
20,4,test,24,459,501.973389
20,4,test,25,517,511.204285
20,4,test,26,557,600.705322
20,4,test,27,516,518.679993
20,4,test,28,371,502.598938
20,4,test,29,473,502.598938
20,4,test,30,610,586.134338
20,4,test,31,525,508.076904
20,4,test,32,495,569.826538
20,4,test,33,575,581.968811
20,4,test,34,488,490.938446
20,4,test,35,464,508.449951
20,4,train,0,545,569.826538
20,4,train,1,525,501.973389
20,4,train,2,541,540.230591
20,4,train,3,617,558.006287
20,4,train,4,500,511.204285
20,4,train,5,580,592.047791
20,4,train,6,693,589.930542
20,4,train,7,464,501.973389
20,4,train,8,451,483.842346
20,4,train,9,463,483.842346
20,4,train,10,585,588.218750
20,4,train,11,477,502.818542
20,4,train,12,568,527.789307
20,4,train,13,500,496.948578
20,4,train,14,522,490.760590
20,4,train,15,585,588.218750
20,4,train,16,613,586.134338
20,4,train,17,577,564.396729
20,4,train,18,577,564.396729
20,4,train,19,505,492.704010
20,4,train,20,584,589.888672
20,4,train,21,509,508.333374
20,4,train,22,488,496.948578
20,4,train,23,508,511.204285
20,4,train,24,574,591.513123
20,4,train,25,479,483.818054
20,4,train,26,630,630.081360
20,4,train,27,605,600.705322
20,4,train,28,617,613.489746
20,4,train,29,608,586.925598
20,4,train,30,507,511.204285
20,4,train,31,505,511.204285
20,4,train,32,597,589.888672
20,4,train,33,507,483.842346
20,4,train,34,645,621.063843
20,4,train,35,455,527.789307
20,4,train,36,515,513.476807
20,4,train,37,584,573.611328
20,4,train,38,597,592.286072
20,4,train,39,446,475.018524
20,4,train,40,580,564.569702
20,4,train,41,594,600.705322
20,4,train,42,455,506.992615
20,4,train,43,471,492.704010
20,4,train,44,482,496.948578
20,4,train,45,506,506.381134
20,4,train,46,478,485.265167
20,4,train,47,490,483.842346
20,4,train,48,450,483.842346
20,4,train,49,577,569.826538
20,4,train,50,500,503.178192
20,4,train,51,507,531.262573
20,4,train,52,550,544.813049
20,4,train,53,670,655.830261
20,4,train,54,606,588.155701
20,4,train,55,456,475.018524
20,4,train,56,586,540.230591
20,4,train,57,469,475.018524
20,4,train,58,543,503.178192
20,4,train,59,456,515.810608
20,4,train,60,595,586.134338
20,4,train,61,596,605.518005
20,4,train,62,598,592.286072
20,4,train,63,612,600.705322
20,4,train,64,510,498.644684
20,4,train,65,616,631.440186
20,4,train,66,528,509.972443
20,4,train,67,484,485.265167
20,4,train,68,689,668.362488
20,4,train,69,480,485.265167
20,4,train,70,592,595.441345
20,4,train,71,596,588.218750
20,4,train,72,528,569.826538
20,4,train,73,524,508.076904
20,4,train,74,605,569.826538
20,4,train,75,601,628.919678
20,4,train,76,612,617.742432
20,4,train,77,617,613.489746
20,4,train,78,494,485.265167
20,4,train,79,484,475.018524
20,4,train,80,502,511.204285
20,4,train,81,555,540.230591
20,4,train,82,534,483.842346
20,4,train,83,597,589.888672
20,4,train,84,562,503.178192
20,4,train,85,560,521.391174
20,4,train,86,640,660.716248
20,4,train,87,493,488.188934
20,4,train,88,648,631.440186
20,4,train,89,583,613.489746
20,4,train,90,472,483.818054
20,4,train,91,644,630.692810
20,4,train,92,485,533.113281
20,4,train,93,442,483.842346
20,4,train,94,578,569.447266
20,4,train,95,487,492.704010
20,4,train,96,613,586.134338
20,4,train,97,505,519.990479
20,4,train,98,524,513.978333
20,4,train,99,473,531.228210
20,4,train,100,501,483.818054
20,4,train,101,561,475.018524
20,4,train,102,504,496.948578
20,4,train,103,495,488.188934
20,4,train,104,462,503.178192
20,4,train,105,584,589.888672
20,4,train,106,670,655.830261
20,4,train,107,465,475.297791
20,4,train,108,456,489.877747
20,4,train,109,475,501.973389
20,4,train,110,481,496.948578
20,4,train,111,624,617.742432
20,4,train,112,431,503.178192
20,4,train,113,509,548.032349
20,4,train,114,580,588.155701
20,4,train,115,500,483.838928
20,4,train,116,630,595.331970
20,4,train,117,526,519.990479
20,4,train,118,534,537.077332
20,4,train,119,492,485.265167
20,4,train,120,535,483.842346
20,4,train,121,538,540.230591
20,4,train,122,511,509.070343
20,4,train,123,624,613.489746
20,4,train,124,519,511.204285
20,4,train,125,644,610.062500
20,4,train,126,608,600.705322
20,4,train,127,601,628.327209
20,4,train,128,465,507.834991
20,4,train,129,472,521.391174
20,4,train,130,509,508.333374
20,4,train,131,466,475.018524
20,4,train,132,572,588.155701
20,4,train,133,523,519.055786
20,4,train,134,532,511.204285
20,4,train,135,597,589.888672
20,4,train,136,630,630.081360
20,4,train,137,516,518.679993
20,4,train,138,519,511.204285
20,4,train,139,649,628.327209
20,4,train,140,606,613.489746
20,5,test,0,482,495.482941
20,5,test,1,601,643.067383
20,5,test,2,475,482.470001
20,5,test,3,605,564.670959
20,5,test,4,617,524.940552
20,5,test,5,465,481.601685
20,5,test,6,689,670.094116
20,5,test,7,616,650.793884
20,5,test,8,522,514.005188
20,5,test,9,500,513.852966
20,5,test,10,598,586.706665
20,5,test,11,560,535.332336
20,5,test,12,500,495.482941
20,5,test,13,594,599.689026
20,5,test,14,509,605.019165
20,5,test,15,568,504.657135
20,5,test,16,600,591.847412
20,5,test,17,580,559.962891
20,5,test,18,577,570.113647
20,5,test,19,535,477.460754
20,5,test,20,618,620.119080
20,5,test,21,534,571.655640
20,5,test,22,489,488.203583
20,5,test,23,617,607.430298
20,5,test,24,591,563.123718
20,5,test,25,456,668.125000
20,5,test,26,606,572.748413
20,5,test,27,605,599.689026
20,5,test,28,472,535.332336
20,5,test,29,516,516.588013
20,5,test,30,473,657.126831
20,5,test,31,504,493.232300
20,5,test,32,475,482.470001
20,5,test,33,505,513.852966
20,5,test,34,465,476.788544
20,5,test,35,596,584.152527
20,5,train,0,644,650.866028
20,5,train,1,541,525.184082
20,5,train,2,525,523.069824
20,5,train,3,670,668.633667
20,5,train,4,517,513.852966
20,5,train,5,480,484.373657
20,5,train,6,524,524.091736
20,5,train,7,463,440.445862
20,5,train,8,464,482.470001
20,5,train,9,511,514.651550
20,5,train,10,490,477.460754
20,5,train,11,495,564.670959
20,5,train,12,584,588.929016
20,5,train,13,597,588.929016
20,5,train,14,528,525.303284
20,5,train,15,597,588.929016
20,5,train,16,525,482.470001
20,5,train,17,371,440.445862
20,5,train,18,500,503.008362
20,5,train,19,488,495.482941
20,5,train,20,510,501.746124
20,5,train,21,459,482.470001
20,5,train,22,584,588.929016
20,5,train,23,550,537.132080
20,5,train,24,464,465.982239
20,5,train,25,577,564.670959
20,5,train,26,601,624.747009
20,5,train,27,534,477.460754
20,5,train,28,524,527.343262
20,5,train,29,578,577.758484
20,5,train,30,555,543.715088
20,5,train,31,630,630.558167
20,5,train,32,492,484.373657
20,5,train,33,479,479.340393
20,5,train,34,597,588.929016
20,5,train,35,505,521.707397
20,5,train,36,485,494.403900
20,5,train,37,462,499.349976
20,5,train,38,493,493.232300
20,5,train,39,580,572.748413
20,5,train,40,507,477.460754
20,5,train,41,584,585.067200
20,5,train,42,612,599.689026
20,5,train,43,487,488.203583
20,5,train,44,519,513.852966
20,5,train,45,456,482.146027
20,5,train,46,613,608.461548
20,5,train,47,557,599.689026
20,5,train,48,624,607.430298
20,5,train,49,561,482.146027
20,5,train,50,585,584.152527
20,5,train,51,501,482.287079
20,5,train,52,648,650.793884
20,5,train,53,572,572.748413
20,5,train,54,640,640.031677
20,5,train,55,431,499.349976
20,5,train,56,455,452.704498
20,5,train,57,476,482.287079
20,5,train,58,481,495.482941
20,5,train,59,606,607.430298
20,5,train,60,484,484.373657
20,5,train,61,505,488.203583
20,5,train,62,645,643.833862
20,5,train,63,456,456.200989
20,5,train,64,596,595.399719
20,5,train,65,543,499.349976
20,5,train,66,506,525.184082
20,5,train,67,488,482.287079
20,5,train,68,624,626.229553
20,5,train,69,526,521.707397
20,5,train,70,516,516.588013
20,5,train,71,507,520.786316
20,5,train,72,693,635.076721
20,5,train,73,442,477.460754
20,5,train,74,628,599.689026
20,5,train,75,574,586.961853
20,5,train,76,446,482.146027
20,5,train,77,500,499.349976
20,5,train,78,610,608.461548
20,5,train,79,477,471.442627
20,5,train,80,528,564.670959
20,5,train,81,504,499.349976
20,5,train,82,572,572.748413
20,5,train,83,460,457.365662
20,5,train,84,509,514.005188
20,5,train,85,545,564.670959
20,5,train,86,562,499.349976
20,5,train,87,613,608.461548
20,5,train,88,585,584.152527
20,5,train,89,637,623.550171
20,5,train,90,580,587.444641
20,5,train,91,484,482.146027
20,5,train,92,524,523.069824
20,5,train,93,572,572.748413
20,5,train,94,522,522.081726
20,5,train,95,595,608.461548
20,5,train,96,577,570.113647
20,5,train,97,466,482.146027
20,5,train,98,451,477.460754
20,5,train,99,617,607.430298
20,5,train,100,508,513.852966
20,5,train,101,488,481.594757
20,5,train,102,648,564.670959
20,5,train,103,484,484.373657
20,5,train,104,644,644.021057
20,5,train,105,592,591.847412
20,5,train,106,541,543.715088
20,5,train,107,612,626.229553
20,5,train,108,623,621.180786
20,5,train,109,522,514.005188
20,5,train,110,469,482.146027
20,5,train,111,507,513.852966
20,5,train,112,538,543.715088
20,5,train,113,523,522.850891
20,5,train,114,463,477.460754
20,5,train,115,649,624.747009
20,5,train,116,572,572.748413
20,5,train,117,519,513.852966
20,5,train,118,608,610.100525
20,5,train,119,509,514.005188
20,5,train,120,532,513.852966
20,5,train,121,583,607.430298
20,5,train,122,494,484.373657
20,5,train,123,502,513.852966
20,5,train,124,670,668.633667
20,5,train,125,630,624.831604
20,5,train,126,455,504.657135
20,5,train,127,608,599.689026
20,5,train,128,586,543.715088
20,5,train,129,471,488.203583
20,5,train,130,575,587.180054
20,5,train,131,473,440.445862
20,5,train,132,450,477.460754
20,5,train,133,478,484.373657
20,5,train,134,597,586.706665
20,5,train,135,479,482.287079
20,5,train,136,472,482.287079
20,5,train,137,495,493.232300
20,5,train,138,504,495.482941
20,5,train,139,515,509.892487
20,5,train,140,630,630.558167
20,6,test,0,493,493.473267
20,6,test,1,596,581.137695
20,6,test,2,509,514.782898
20,6,test,3,585,581.137695
20,6,test,4,525,471.543884
20,6,test,5,577,574.163757
20,6,test,6,500,497.467316
20,6,test,7,516,516.647400
20,6,test,8,617,612.414246
20,6,test,9,459,471.543884
20,6,test,10,630,485.077637
20,6,test,11,451,483.222351
20,6,test,12,516,516.647400
20,6,test,13,555,517.323425
20,6,test,14,644,606.091614
20,6,test,15,580,583.526123
20,6,test,16,541,517.323425
20,6,test,17,597,588.445618
20,6,test,18,489,486.292084
20,6,test,19,522,514.782898
20,6,test,20,464,471.543884
20,6,test,21,463,455.122406
20,6,test,22,584,588.445618
20,6,test,23,538,517.323425
20,6,test,24,644,562.807068
20,6,test,25,455,527.948120
20,6,test,26,484,505.233551
20,6,test,27,484,488.943451
20,6,test,28,476,487.239624
20,6,test,29,624,612.414246
20,6,test,30,481,499.145599
20,6,test,31,528,496.938843
20,6,test,32,463,483.222351
20,6,test,33,670,647.210510
20,6,test,34,613,599.736084
20,6,test,35,446,505.233551
20,6,train,0,560,504.703674
20,6,train,1,689,678.040833
20,6,train,2,371,455.122406
20,6,train,3,601,629.363220
20,6,train,4,492,488.943451
20,6,train,5,482,499.145599
20,6,train,6,648,624.250061
20,6,train,7,586,517.323425
20,6,train,8,442,483.222351
20,6,train,9,630,633.569336
20,6,train,10,473,483.338531
20,6,train,11,572,583.526123
20,6,train,12,630,633.569336
20,6,train,13,605,601.024292
20,6,train,14,624,638.968689
20,6,train,15,648,577.224548
20,6,train,16,506,528.299744
20,6,train,17,572,583.526123
20,6,train,18,628,601.024292
20,6,train,19,495,577.224548
20,6,train,20,572,583.526123
20,6,train,21,545,577.224548
20,6,train,22,465,480.181915
20,6,train,23,616,624.250061
20,6,train,24,507,512.247253
20,6,train,25,617,612.414246
20,6,train,26,478,488.943451
20,6,train,27,584,588.445618
20,6,train,28,510,501.572540
20,6,train,29,515,506.979492
20,6,train,30,605,577.224548
20,6,train,31,504,499.145599
20,6,train,32,608,601.024292
20,6,train,33,597,588.445618
20,6,train,34,594,601.024292
20,6,train,35,472,504.703674
20,6,train,36,572,583.526123
20,6,train,37,574,587.780701
20,6,train,38,649,629.363220
20,6,train,39,464,510.660370
20,6,train,40,473,455.122406
20,6,train,41,431,496.240814
20,6,train,42,507,483.222351
20,6,train,43,523,507.333405
20,6,train,44,504,493.473267
20,6,train,45,532,513.351685
20,6,train,46,456,505.233551
20,6,train,47,606,612.414246
20,6,train,48,526,516.424866
20,6,train,49,598,579.996277
20,6,train,50,475,471.543884
20,6,train,51,519,513.351685
20,6,train,52,460,463.657593
20,6,train,53,580,587.444092
20,6,train,54,597,579.996277
20,6,train,55,575,598.918091
20,6,train,56,485,495.515259
20,6,train,57,524,524.095276
20,6,train,58,500,499.145599
20,6,train,59,456,467.165009
20,6,train,60,477,506.905853
20,6,train,61,455,528.838135
20,6,train,62,495,493.473267
20,6,train,63,488,487.344727
20,6,train,64,508,513.351685
20,6,train,65,645,641.437134
20,6,train,66,585,581.137695
20,6,train,67,583,612.414246
20,6,train,68,528,577.224548
20,6,train,69,562,496.240814
20,6,train,70,500,513.351685
20,6,train,71,535,483.222351
20,6,train,72,610,599.736084
20,6,train,73,557,601.024292
20,6,train,74,479,487.239624
20,6,train,75,534,483.222351
20,6,train,76,541,528.299744
20,6,train,77,488,487.239624
20,6,train,78,637,600.195129
20,6,train,79,534,553.619385
20,6,train,80,504,496.240814
20,6,train,81,578,570.572571
20,6,train,82,450,483.222351
20,6,train,83,511,509.914886
20,6,train,84,580,568.081665
20,6,train,85,600,594.781189
20,6,train,86,693,572.950317
20,6,train,87,522,514.782898
20,6,train,88,479,502.429840
20,6,train,89,608,617.598267
20,6,train,90,561,505.233551
20,6,train,91,584,577.456787
20,6,train,92,505,486.292084
20,6,train,93,519,513.351685
20,6,train,94,484,488.943451
20,6,train,95,595,599.736084
20,6,train,96,577,577.224548
20,6,train,97,494,488.943451
20,6,train,98,612,601.024292
20,6,train,99,601,617.062256
20,6,train,100,596,591.878845
20,6,train,101,524,514.533020
20,6,train,102,618,615.709778
20,6,train,103,597,588.445618
20,6,train,104,500,496.240814
20,6,train,105,465,467.741943
20,6,train,106,606,583.526123
20,6,train,107,577,574.163757
20,6,train,108,522,501.835449
20,6,train,109,613,599.736084
20,6,train,110,490,483.222351
20,6,train,111,509,523.682617
20,6,train,112,505,513.351685
20,6,train,113,462,496.240814
20,6,train,114,543,496.240814
20,6,train,115,507,513.351685
20,6,train,116,456,460.110260
20,6,train,117,670,647.210510
20,6,train,118,550,538.613281
20,6,train,119,524,518.950073
20,6,train,120,502,513.351685
20,6,train,121,517,513.351685
20,6,train,122,612,638.968689
20,6,train,123,617,558.066895
20,6,train,124,472,487.239624
20,6,train,125,623,626.207092
20,6,train,126,592,594.781189
20,6,train,127,469,505.233551
20,6,train,128,488,499.145599
20,6,train,129,591,562.350891
20,6,train,130,525,514.533020
20,6,train,131,501,487.239624
20,6,train,132,475,471.543884
20,6,train,133,568,528.838135
20,6,train,134,480,488.943451
20,6,train,135,471,486.292084
20,6,train,136,640,650.665527
20,6,train,137,487,486.292084
20,6,train,138,466,505.233551
20,6,train,139,509,514.782898
20,6,train,140,505,516.424866
20,7,test,0,623,623.613403
20,7,test,1,456,478.952820
20,7,test,2,606,624.356384
20,7,test,3,597,590.846008
20,7,test,4,624,632.089905
20,7,test,5,524,495.500305
20,7,test,6,543,487.740143
20,7,test,7,507,520.284912
20,7,test,8,502,520.284912
20,7,test,9,561,481.513702
20,7,test,10,597,590.846008
20,7,test,11,644,589.580933
20,7,test,12,481,503.498535
20,7,test,13,572,584.595764
20,7,test,14,526,514.523193
20,7,test,15,451,480.918396
20,7,test,16,463,448.213287
20,7,test,17,670,658.445618
20,7,test,18,578,552.202209
20,7,test,19,504,487.740143
20,7,test,20,517,520.284912
20,7,test,21,488,472.130096
20,7,test,22,507,533.841187
20,7,test,23,478,488.208405
20,7,test,24,617,624.356384
20,7,test,25,689,663.484009
20,7,test,26,613,595.597412
20,7,test,27,630,634.348389
20,7,test,28,541,501.831268
20,7,test,29,693,537.667175
20,7,test,30,628,594.944397
20,7,test,31,583,624.356384
20,7,test,32,522,483.195618
20,7,test,33,500,520.284912
20,7,test,34,466,481.513702
20,7,test,35,519,520.284912
20,7,train,0,490,480.918396
20,7,train,1,577,584.194763
20,7,train,2,584,590.846008
20,7,train,3,586,531.095947
20,7,train,4,509,516.121582
20,7,train,5,504,493.568237
20,7,train,6,494,488.208405
20,7,train,7,516,512.811340
20,7,train,8,648,623.449585
20,7,train,9,577,584.194763
20,7,train,10,455,525.317078
20,7,train,11,505,514.523193
20,7,train,12,509,528.740967
20,7,train,13,492,488.208405
20,7,train,14,670,658.445618
20,7,train,15,463,480.918396
20,7,train,16,605,564.490845
20,7,train,17,456,481.513702
20,7,train,18,596,605.267456
20,7,train,19,506,501.831268
20,7,train,20,580,584.595764
20,7,train,21,598,586.285156
20,7,train,22,594,594.944397
20,7,train,23,618,603.602539
20,7,train,24,613,595.597412
20,7,train,25,446,481.513702
20,7,train,26,601,591.720459
20,7,train,27,500,487.740143
20,7,train,28,505,494.673401
20,7,train,29,480,488.208405
20,7,train,30,455,481.332336
20,7,train,31,591,563.431702
20,7,train,32,471,494.673401
20,7,train,33,608,615.335938
20,7,train,34,624,624.356384
20,7,train,35,524,514.446472
20,7,train,36,450,480.918396
20,7,train,37,479,482.178162
20,7,train,38,575,592.704529
20,7,train,39,612,594.944397
20,7,train,40,484,488.208405
20,7,train,41,572,584.595764
20,7,train,42,472,482.178162
20,7,train,43,510,492.320160
20,7,train,44,487,494.673401
20,7,train,45,431,487.740143
20,7,train,46,485,490.016876
20,7,train,47,580,592.831604
20,7,train,48,475,488.235931
20,7,train,49,616,623.449585
20,7,train,50,465,478.925293
20,7,train,51,525,495.500305
20,7,train,52,484,488.208405
20,7,train,53,509,516.121582
20,7,train,54,560,508.426666
20,7,train,55,572,584.595764
20,7,train,56,504,503.498535
20,7,train,57,606,584.595764
20,7,train,58,456,475.970703
20,7,train,59,600,593.917725
20,7,train,60,488,503.498535
20,7,train,61,442,480.918396
20,7,train,62,550,537.757568
20,7,train,63,596,598.252563
20,7,train,64,507,480.918396
20,7,train,65,460,475.324890
20,7,train,66,601,625.941345
20,7,train,67,488,482.178162
20,7,train,68,528,564.490845
20,7,train,69,522,516.121582
20,7,train,70,645,627.289429
20,7,train,71,495,564.490845
20,7,train,72,545,564.490845
20,7,train,73,610,595.597412
20,7,train,74,523,509.288818
20,7,train,75,482,503.498535
20,7,train,76,511,521.615784
20,7,train,77,535,480.918396
20,7,train,78,648,564.490845
20,7,train,79,597,590.846008
20,7,train,80,473,448.213287
20,7,train,81,541,531.095947
20,7,train,82,612,632.089905
20,7,train,83,489,494.673401
20,7,train,84,477,498.501099
20,7,train,85,495,493.568237
20,7,train,86,585,598.252563
20,7,train,87,465,470.882690
20,7,train,88,630,563.387878
20,7,train,89,617,558.353210
20,7,train,90,637,602.916992
20,7,train,91,519,520.284912
20,7,train,92,500,503.498535
20,7,train,93,476,482.178162
20,7,train,94,479,491.637604
20,7,train,95,649,625.941345
20,7,train,96,617,624.356384
20,7,train,97,464,499.806610
20,7,train,98,464,488.235931
20,7,train,99,584,580.051086
20,7,train,100,577,564.490845
20,7,train,101,524,505.103912
20,7,train,102,605,594.944397
20,7,train,103,462,487.740143
20,7,train,104,522,516.121582
20,7,train,105,515,511.164795
20,7,train,106,475,488.235931
20,7,train,107,584,590.846008
20,7,train,108,562,487.740143
20,7,train,109,630,634.348389
20,7,train,110,532,520.284912
20,7,train,111,555,531.095947
20,7,train,112,644,614.395020
20,7,train,113,528,513.851074
20,7,train,114,574,583.716492
20,7,train,115,597,586.285156
20,7,train,116,534,480.918396
20,7,train,117,534,539.856323
20,7,train,118,557,594.944397
20,7,train,119,608,594.944397
20,7,train,120,525,488.235931
20,7,train,121,459,488.235931
20,7,train,122,472,508.426666
20,7,train,123,501,482.178162
20,7,train,124,538,531.095947
20,7,train,125,508,520.284912
20,7,train,126,505,520.284912
20,7,train,127,592,593.917725
20,7,train,128,500,501.594269
20,7,train,129,580,555.265137
20,7,train,130,469,481.513702
20,7,train,131,585,598.252563
20,7,train,132,493,493.568237
20,7,train,133,473,515.581787
20,7,train,134,371,448.213287
20,7,train,135,516,512.811340
20,7,train,136,572,584.595764
20,7,train,137,484,481.513702
20,7,train,138,595,595.597412
20,7,train,139,568,525.317078
20,7,train,140,640,654.563904
20,8,test,0,511,531.617249
20,8,test,1,601,645.139526
20,8,test,2,572,582.969788
20,8,test,3,475,480.459930
20,8,test,4,562,500.555298
20,8,test,5,617,620.358826
20,8,test,6,689,705.530579
20,8,test,7,591,529.789978
20,8,test,8,534,550.071167
20,8,test,9,624,620.358826
20,8,test,10,601,640.221558
20,8,test,11,568,518.414429
20,8,test,12,462,500.555298
20,8,test,13,473,582.482788
20,8,test,14,519,515.546387
20,8,test,15,595,602.231934
20,8,test,16,455,518.414429
20,8,test,17,555,505.511261
20,8,test,18,586,505.511261
20,8,test,19,525,513.400269
20,8,test,20,597,574.738098
20,8,test,21,617,620.358826
20,8,test,22,605,572.375916
20,8,test,23,528,496.230713
20,8,test,24,446,507.135101
20,8,test,25,476,495.930206
20,8,test,26,475,480.459930
20,8,test,27,612,603.461731
20,8,test,28,465,487.652222
20,8,test,29,583,620.358826
20,8,test,30,488,500.886169
20,8,test,31,431,500.555298
20,8,test,32,507,515.546387
20,8,test,33,606,620.358826
20,8,test,34,481,500.886169
20,8,test,35,526,502.067444
20,8,train,0,630,589.991455
20,8,train,1,510,497.442352
20,8,train,2,617,531.236023
20,8,train,3,577,572.375916
20,8,train,4,488,495.930206
20,8,train,5,506,527.430481
20,8,train,6,471,495.402771
20,8,train,7,505,502.067444
20,8,train,8,504,493.278900
20,8,train,9,484,507.135101
20,8,train,10,515,505.820312
20,8,train,11,557,603.461731
20,8,train,12,456,450.561768
20,8,train,13,487,495.402771
20,8,train,14,572,582.969788
20,8,train,15,630,633.339050
20,8,train,16,538,505.511261
20,8,train,17,608,603.461731
20,8,train,18,371,478.250549
20,8,train,19,580,606.720398
20,8,train,20,584,561.504150
20,8,train,21,580,582.969788
20,8,train,22,500,515.546387
20,8,train,23,623,622.241943
20,8,train,24,495,572.375916
20,8,train,25,561,507.135101
20,8,train,26,628,603.461731
20,8,train,27,492,491.484467
20,8,train,28,574,573.502136
20,8,train,29,472,495.930206
20,8,train,30,509,511.759827
20,8,train,31,480,491.484467
20,8,train,32,516,509.521179
20,8,train,33,637,578.127258
20,8,train,34,613,602.231934
20,8,train,35,608,604.576782
20,8,train,36,524,514.199158
20,8,train,37,519,515.546387
20,8,train,38,597,574.738098
20,8,train,39,606,582.969788
20,8,train,40,523,526.326660
20,8,train,41,488,486.741119
20,8,train,42,477,512.124451
20,8,train,43,456,457.615448
20,8,train,44,618,612.840210
20,8,train,45,509,511.759827
20,8,train,46,493,493.278900
20,8,train,47,575,579.380066
20,8,train,48,577,583.157043
20,8,train,49,501,495.930206
20,8,train,50,585,586.791992
20,8,train,51,596,612.877563
20,8,train,52,463,489.803680
20,8,train,53,649,645.139526
20,8,train,54,598,562.477539
20,8,train,55,693,565.721741
20,8,train,56,630,633.339050
20,8,train,57,508,515.546387
20,8,train,58,469,507.135101
20,8,train,59,472,496.109558
20,8,train,60,524,513.400269
20,8,train,61,545,572.375916
20,8,train,62,597,562.477539
20,8,train,63,543,500.555298
20,8,train,64,484,491.484467
20,8,train,65,525,480.459930
20,8,train,66,580,574.654724
20,8,train,67,522,506.327667
20,8,train,68,505,515.546387
20,8,train,69,504,500.886169
20,8,train,70,450,489.803680
20,8,train,71,478,491.484467
20,8,train,72,495,493.278900
20,8,train,73,624,632.088745
20,8,train,74,584,574.738098
20,8,train,75,459,480.459930
20,8,train,76,500,500.886169
20,8,train,77,594,603.461731
20,8,train,78,616,621.792542
20,8,train,79,541,527.430481
20,8,train,80,560,496.109558
20,8,train,81,644,642.249207
20,8,train,82,505,495.402771
20,8,train,83,494,491.484467
20,8,train,84,463,478.250549
20,8,train,85,648,621.792542
20,8,train,86,592,594.638367
20,8,train,87,464,513.789307
20,8,train,88,484,491.484467
20,8,train,89,504,500.555298
20,8,train,90,585,586.791992
20,8,train,91,645,626.574585
20,8,train,92,479,502.084320
20,8,train,93,578,581.517273
20,8,train,94,541,505.511261
20,8,train,95,455,481.956970
20,8,train,96,610,602.231934
20,8,train,97,577,583.157043
20,8,train,98,535,489.803680
20,8,train,99,507,489.803680
20,8,train,100,612,632.088745
20,8,train,101,670,664.123352
20,8,train,102,490,489.803680
20,8,train,103,572,582.969788
20,8,train,104,550,531.692383
20,8,train,105,485,486.041626
20,8,train,106,489,495.402771
20,8,train,107,502,515.546387
20,8,train,108,534,489.803680
20,8,train,109,524,513.562195
20,8,train,110,509,533.592346
20,8,train,111,640,671.855164
20,8,train,112,500,500.555298
20,8,train,113,605,603.461731
20,8,train,114,596,586.791992
20,8,train,115,644,621.239807
20,8,train,116,528,572.375916
20,8,train,117,482,500.886169
20,8,train,118,572,582.969788
20,8,train,119,460,495.729797
20,8,train,120,648,572.375916
20,8,train,121,442,489.803680
20,8,train,122,670,664.123352
20,8,train,123,522,511.759827
20,8,train,124,473,478.250549
20,8,train,125,464,480.459930
20,8,train,126,532,515.546387
20,8,train,127,507,513.588928
20,8,train,128,451,489.803680
20,8,train,129,479,495.930206
20,8,train,130,465,475.640472
20,8,train,131,456,507.135101
20,8,train,132,613,602.231934
20,8,train,133,466,507.135101
20,8,train,134,600,594.638367
20,8,train,135,516,509.521179
20,8,train,136,584,574.738098
20,8,train,137,500,503.374512
20,8,train,138,517,515.546387
20,8,train,139,522,511.759827
20,8,train,140,597,574.738098
20,9,test,0,507,526.911987
20,9,test,1,510,502.162994
20,9,test,2,648,589.604919
20,9,test,3,500,507.866486
20,9,test,4,606,611.852173
20,9,test,5,482,507.866486
20,9,test,6,605,571.600525
20,9,test,7,488,488.560577
20,9,test,8,585,592.687378
20,9,test,9,585,592.687378
20,9,test,10,640,672.773682
20,9,test,11,630,510.063995
20,9,test,12,586,523.091003
20,9,test,13,644,548.887512
20,9,test,14,505,520.123169
20,9,test,15,495,494.204926
20,9,test,16,560,506.064331
20,9,test,17,472,506.064331
20,9,test,18,543,489.954132
20,9,test,19,572,577.892517
20,9,test,20,577,577.672729
20,9,test,21,612,647.066162
20,9,test,22,550,533.223083
20,9,test,23,595,591.217346
20,9,test,24,459,478.221802
20,9,test,25,597,594.907532
20,9,test,26,509,519.925171
20,9,test,27,492,486.392548
20,9,test,28,616,589.604919
20,9,test,29,591,542.471985
20,9,test,30,477,508.950653
20,9,test,31,500,516.881775
20,9,test,32,608,593.761963
20,9,test,33,371,468.767303
20,9,test,34,644,602.564514
20,9,test,35,504,507.866486
20,9,train,0,475,478.221802
20,9,train,1,528,571.600525
20,9,train,2,592,591.560791
20,9,train,3,541,523.091003
20,9,train,4,568,523.290955
20,9,train,5,535,481.642090
20,9,train,6,617,551.166687
20,9,train,7,524,512.414551
20,9,train,8,485,501.531036
20,9,train,9,456,490.740479
20,9,train,10,613,591.217346
20,9,train,11,472,490.053070
20,9,train,12,596,592.687378
20,9,train,13,471,490.752228
20,9,train,14,507,481.642090
20,9,train,15,525,512.414551
20,9,train,16,484,490.740479
20,9,train,17,606,577.892517
20,9,train,18,557,593.761963
20,9,train,19,562,489.954132
20,9,train,20,473,468.767303
20,9,train,21,473,512.016968
20,9,train,22,572,577.892517
20,9,train,23,598,575.788513
20,9,train,24,522,519.925171
20,9,train,25,584,581.411682
20,9,train,26,484,486.392548
20,9,train,27,610,591.217346
20,9,train,28,509,519.925171
20,9,train,29,628,593.761963
20,9,train,30,538,523.091003
20,9,train,31,511,515.521484
20,9,train,32,450,481.642090
20,9,train,33,500,492.806885
20,9,train,34,528,501.806854
20,9,train,35,612,593.761963
20,9,train,36,597,575.788513
20,9,train,37,541,523.371399
20,9,train,38,431,489.954132
20,9,train,39,584,594.907532
20,9,train,40,577,571.600525
20,9,train,41,478,486.392548
20,9,train,42,617,611.852173
20,9,train,43,500,489.954132
20,9,train,44,522,519.925171
20,9,train,45,649,632.393005
20,9,train,46,524,510.905243
20,9,train,47,494,486.392548
20,9,train,48,577,577.672729
20,9,train,49,487,490.752228
20,9,train,50,488,490.053070
20,9,train,51,584,594.907532
20,9,train,52,479,499.826782
20,9,train,53,465,485.793915
20,9,train,54,583,611.852173
20,9,train,55,613,591.217346
20,9,train,56,466,490.740479
20,9,train,57,670,654.509277
20,9,train,58,637,603.116394
20,9,train,59,630,636.563477
20,9,train,60,517,516.881775
20,9,train,61,455,493.630524
20,9,train,62,505,516.881775
20,9,train,63,578,578.457947
20,9,train,64,505,490.752228
20,9,train,65,624,647.066162
20,9,train,66,618,606.870728
20,9,train,67,605,593.761963
20,9,train,68,462,489.954132
20,9,train,69,501,490.053070
20,9,train,70,460,487.474213
20,9,train,71,534,481.642090
20,9,train,72,515,520.023926
20,9,train,73,617,611.852173
20,9,train,74,545,571.600525
20,9,train,75,508,516.881775
20,9,train,76,597,594.907532
20,9,train,77,489,490.752228
20,9,train,78,600,591.560791
20,9,train,79,481,507.866486
20,9,train,80,575,593.491211
20,9,train,81,623,620.391907
20,9,train,82,580,553.842712
20,9,train,83,608,606.399353
20,9,train,84,479,490.053070
20,9,train,85,469,490.740479
20,9,train,86,464,478.221802
20,9,train,87,670,654.509277
20,9,train,88,597,594.907532
20,9,train,89,580,596.559692
20,9,train,90,509,540.911438
20,9,train,91,572,577.892517
20,9,train,92,594,593.761963
20,9,train,93,456,472.619110
20,9,train,94,465,480.789856
20,9,train,95,451,481.642090
20,9,train,96,574,583.039368
20,9,train,97,475,478.221802
20,9,train,98,493,494.204926
20,9,train,99,476,490.053070
20,9,train,100,484,486.392548
20,9,train,101,693,560.493530
20,9,train,102,463,481.642090
20,9,train,103,507,516.881775
20,9,train,104,504,494.204926
20,9,train,105,506,523.371399
20,9,train,106,624,611.852173
20,9,train,107,630,636.563477
20,9,train,108,555,523.091003
20,9,train,109,504,489.954132
20,9,train,110,524,510.982697
20,9,train,111,490,481.642090
20,9,train,112,523,519.668274
20,9,train,113,463,468.767303
20,9,train,114,516,516.087341
20,9,train,115,580,577.892517
20,9,train,116,601,632.393005
20,9,train,117,532,516.881775
20,9,train,118,596,584.097717
20,9,train,119,525,478.221802
20,9,train,120,464,512.214417
20,9,train,121,519,516.881775
20,9,train,122,648,571.600525
20,9,train,123,495,571.600525
20,9,train,124,645,613.447876
20,9,train,125,522,496.560333
20,9,train,126,480,486.392548
20,9,train,127,456,503.445709
20,9,train,128,488,507.866486
20,9,train,129,572,577.892517
20,9,train,130,526,520.123169
20,9,train,131,601,613.793518
20,9,train,132,442,481.642090
20,9,train,133,561,490.740479
20,9,train,134,455,523.290955
20,9,train,135,502,516.881775
20,9,train,136,446,490.740479
20,9,train,137,534,553.800354
20,9,train,138,689,685.239197
20,9,train,139,516,516.087341
20,9,train,140,519,516.881775
20,10,test,0,557,616.345276
20,10,test,1,572,567.373230
20,10,test,2,507,487.789032
20,10,test,3,510,484.499908
20,10,test,4,534,587.771973
20,10,test,5,613,580.438599
20,10,test,6,526,553.281433
20,10,test,7,616,627.553711
20,10,test,8,462,501.715942
20,10,test,9,577,575.710693
20,10,test,10,525,467.910065
20,10,test,11,509,553.035583
20,10,test,12,472,515.522461
20,10,test,13,464,467.910065
20,10,test,14,572,567.373230
20,10,test,15,442,487.789032
20,10,test,16,584,587.970398
20,10,test,17,524,493.505157
20,10,test,18,469,490.820221
20,10,test,19,506,587.771973
20,10,test,20,475,467.910065
20,10,test,21,481,496.493225
20,10,test,22,610,580.438599
20,10,test,23,580,567.373230
20,10,test,24,595,580.438599
20,10,test,25,500,504.868164
20,10,test,26,592,574.059814
20,10,test,27,517,506.989471
20,10,test,28,456,490.820221
20,10,test,29,488,482.446747
20,10,test,30,543,501.715942
20,10,test,31,524,503.476196
20,10,test,32,612,616.345276
20,10,test,33,504,501.715942
20,10,test,34,522,484.499908
20,10,test,35,591,594.058777
20,10,train,0,584,587.970398
20,10,train,1,572,567.373230
20,10,train,2,693,572.807739
20,10,train,3,466,490.820221
20,10,train,4,583,609.090210
20,10,train,5,535,487.789032
20,10,train,6,640,641.574890
20,10,train,7,490,487.789032
20,10,train,8,523,548.822144
20,10,train,9,630,635.836731
20,10,train,10,504,496.493225
20,10,train,11,489,496.703094
20,10,train,12,630,635.836731
20,10,train,13,606,567.373230
20,10,train,14,446,490.820221
20,10,train,15,645,616.369629
20,10,train,16,505,553.281433
20,10,train,17,584,580.067810
20,10,train,18,601,614.911621
20,10,train,19,505,496.703094
20,10,train,20,541,553.100647
20,10,train,21,456,467.910065
20,10,train,22,528,497.130646
20,10,train,23,644,597.205933
20,10,train,24,624,609.090210
20,10,train,25,371,460.022827
20,10,train,26,689,657.852661
20,10,train,27,494,484.452271
20,10,train,28,484,484.452271
20,10,train,29,585,592.265503
20,10,train,30,471,496.703094
20,10,train,31,493,496.926788
20,10,train,32,484,484.452271
20,10,train,33,670,657.086914
20,10,train,34,608,568.554565
20,10,train,35,624,612.330627
20,10,train,36,522,517.522583
20,10,train,37,600,574.059814
20,10,train,38,568,527.664612
20,10,train,39,596,592.265503
20,10,train,40,572,567.373230
20,10,train,41,492,484.452271
20,10,train,42,644,620.537048
20,10,train,43,460,466.928986
20,10,train,44,541,587.771973
20,10,train,45,580,626.640015
20,10,train,46,475,467.910065
20,10,train,47,473,566.467224
20,10,train,48,511,500.794525
20,10,train,49,618,587.771973
20,10,train,50,648,627.553711
20,10,train,51,488,488.151855
20,10,train,52,623,592.444092
20,10,train,53,628,616.345276
20,10,train,54,598,591.587036
20,10,train,55,500,506.989471
20,10,train,56,580,537.496521
20,10,train,57,487,496.703094
20,10,train,58,473,460.022827
20,10,train,59,479,482.446747
20,10,train,60,596,588.351624
20,10,train,61,500,496.493225
20,10,train,62,495,575.710693
20,10,train,63,505,506.989471
20,10,train,64,561,490.820221
20,10,train,65,613,580.438599
20,10,train,66,459,467.910065
20,10,train,67,509,517.522583
20,10,train,68,597,591.587036
20,10,train,69,508,506.989471
20,10,train,70,507,506.989471
20,10,train,71,516,516.048157
20,10,train,72,574,599.795593
20,10,train,73,534,487.789032
20,10,train,74,451,487.789032
20,10,train,75,597,587.970398
20,10,train,76,562,501.715942
20,10,train,77,617,600.105164
20,10,train,78,519,506.989471
20,10,train,79,555,553.100647
20,10,train,80,463,487.789032
20,10,train,81,608,616.345276
20,10,train,82,456,507.498077
20,10,train,83,597,587.970398
20,10,train,84,597,587.970398
20,10,train,85,524,500.161835
20,10,train,86,577,574.452942
20,10,train,87,501,482.446747
20,10,train,88,450,487.789032
20,10,train,89,594,616.345276
20,10,train,90,605,575.710693
20,10,train,91,577,574.452942
20,10,train,92,478,484.452271
20,10,train,93,605,616.345276
20,10,train,94,515,521.673462
20,10,train,95,532,506.989471
20,10,train,96,649,614.911621
20,10,train,97,504,496.926788
20,10,train,98,509,517.522583
20,10,train,99,484,490.820221
20,10,train,100,522,517.522583
20,10,train,101,648,575.710693
20,10,train,102,586,553.100647
20,10,train,103,578,491.450317
20,10,train,104,465,481.685455
20,10,train,105,612,612.330627
20,10,train,106,455,527.664612
20,10,train,107,477,502.121094
20,10,train,108,585,592.265503
20,10,train,109,630,558.367249
20,10,train,110,670,657.086914
20,10,train,111,516,516.048157
20,10,train,112,463,460.022827
20,10,train,113,519,506.989471
20,10,train,114,507,521.492676
20,10,train,115,525,493.505157
20,10,train,116,482,496.493225
20,10,train,117,488,496.493225
20,10,train,118,637,616.096802
20,10,train,119,480,484.452271
20,10,train,120,606,609.090210
20,10,train,121,485,516.145081
20,10,train,122,617,609.090210
20,10,train,123,560,515.522461
20,10,train,124,464,493.505157
20,10,train,125,617,609.090210
20,10,train,126,545,575.710693
20,10,train,127,465,484.452271
20,10,train,128,601,623.603271
20,10,train,129,538,553.100647
20,10,train,130,495,496.926788
20,10,train,131,472,482.446747
20,10,train,132,431,501.715942
20,10,train,133,500,501.715942
20,10,train,134,476,482.446747
20,10,train,135,479,466.524292
20,10,train,136,575,586.372498
20,10,train,137,455,525.705017
20,10,train,138,550,535.460938
20,10,train,139,502,506.989471
20,10,train,140,528,575.710693
50,1,test,0,584,583.984131
50,1,test,1,510,489.686951
50,1,test,2,525,449.026245
50,1,test,3,557,594.789246
50,1,test,4,596,585.076172
50,1,test,5,528,553.246216
50,1,test,6,645,596.078491
50,1,test,7,460,495.473328
50,1,test,8,572,571.728149
50,1,test,9,509,509.205353
50,1,test,10,577,576.882019
50,1,test,11,555,554.219727
50,1,test,12,485,573.023132
50,1,test,13,580,558.690247
50,1,test,14,456,462.578552
50,1,test,15,597,569.223450
50,1,test,16,484,461.652924
50,1,test,17,584,577.661438
50,1,test,18,502,512.298218
50,1,test,19,612,602.348755
50,1,test,20,644,646.835388
50,1,test,21,501,472.961182
50,1,test,22,462,504.926575
50,1,test,23,495,493.092529
50,1,test,24,601,622.361206
50,1,test,25,613,573.863831
50,1,test,26,610,595.501465
50,1,test,27,580,613.586304
50,1,test,28,545,604.676208
50,1,test,29,469,435.926208
50,1,test,30,479,490.274231
50,1,test,31,478,466.219360
50,1,test,32,446,461.652924
50,1,test,33,463,450.814209
50,1,test,34,613,573.863831
50,1,test,35,572,571.728149
50,1,train,0,572,571.728149
50,1,train,1,524,524.538757
50,1,train,2,575,574.804932
50,1,train,3,600,595.903015
50,1,train,4,560,560.186462
50,1,train,5,442,441.764801
50,1,train,6,451,450.579895
50,1,train,7,616,615.833191
50,1,train,8,534,533.782898
50,1,train,9,608,609.905396
50,1,train,10,489,494.516083
50,1,train,11,637,636.581055
50,1,train,12,648,645.984497
50,1,train,13,523,523.038757
50,1,train,14,519,519.465881
50,1,train,15,524,524.450500
50,1,train,16,500,501.782043
50,1,train,17,495,511.128143
50,1,train,18,585,585.076172
50,1,train,19,509,509.205353
50,1,train,20,577,576.882019
50,1,train,21,479,478.904510
50,1,train,22,504,504.926575
50,1,train,23,509,509.137238
50,1,train,24,606,605.979614
50,1,train,25,605,604.676208
50,1,train,26,484,484.759766
50,1,train,27,488,487.914551
50,1,train,28,630,630.089355
50,1,train,29,507,507.287445
50,1,train,30,522,521.976074
50,1,train,31,628,617.050293
50,1,train,32,522,521.976074
50,1,train,33,578,578.446533
50,1,train,34,640,639.958740
50,1,train,35,618,617.924561
50,1,train,36,431,431.159058
50,1,train,37,649,649.057739
50,1,train,38,526,526.053162
50,1,train,39,535,535.409607
50,1,train,40,507,506.771759
50,1,train,41,541,554.219727
50,1,train,42,612,609.905396
50,1,train,43,617,616.882141
50,1,train,44,459,458.983643
50,1,train,45,597,596.951721
50,1,train,46,538,554.219727
50,1,train,47,508,512.298218
50,1,train,48,525,524.450500
50,1,train,49,455,455.715759
50,1,train,50,472,471.921997
50,1,train,51,596,596.419556
50,1,train,52,617,617.112732
50,1,train,53,623,622.504883
50,1,train,54,594,594.789246
50,1,train,55,480,477.786438
50,1,train,56,504,503.807465
50,1,train,57,516,516.062195
50,1,train,58,541,521.778992
50,1,train,59,505,504.695923
50,1,train,60,515,515.259644
50,1,train,61,522,522.042358
50,1,train,62,506,521.778992
50,1,train,63,577,577.293640
50,1,train,64,574,573.423340
50,1,train,65,624,623.131042
50,1,train,66,543,544.017334
50,1,train,67,644,644.306274
50,1,train,68,584,583.984131
50,1,train,69,500,499.915161
50,1,train,70,689,689.027954
50,1,train,71,586,554.219727
50,1,train,72,617,617.112732
50,1,train,73,473,473.045624
50,1,train,74,572,571.728149
50,1,train,75,595,595.501465
50,1,train,76,528,511.128143
50,1,train,77,492,493.335266
50,1,train,78,516,516.062195
50,1,train,79,473,475.472107
50,1,train,80,505,504.792114
50,1,train,81,534,533.975708
50,1,train,82,630,630.089355
50,1,train,83,670,670.024536
50,1,train,84,598,598.564758
50,1,train,85,488,487.854645
50,1,train,86,481,481.098450
50,1,train,87,455,454.848450
50,1,train,88,550,549.998901
50,1,train,89,505,494.516083
50,1,train,90,608,607.537842
50,1,train,91,482,482.184723
50,1,train,92,466,466.183777
50,1,train,93,471,470.238953
50,1,train,94,624,623.705383
50,1,train,95,591,590.935669
50,1,train,96,488,487.738617
50,1,train,97,606,606.292664
50,1,train,98,693,692.650269
50,1,train,99,475,473.717896
50,1,train,100,484,484.084778
50,1,train,101,580,580.299255
50,1,train,102,511,511.444702
50,1,train,103,562,561.519958
50,1,train,104,630,630.479370
50,1,train,105,583,583.176758
50,1,train,106,465,465.254028
50,1,train,107,524,523.351746
50,1,train,108,472,474.115479
50,1,train,109,456,458.396851
50,1,train,110,456,455.747925
50,1,train,111,475,473.717896
50,1,train,112,465,465.055054
50,1,train,113,561,560.979309
50,1,train,114,464,465.979126
50,1,train,115,490,497.160065
50,1,train,116,450,450.814209
50,1,train,117,601,601.112976
50,1,train,118,463,411.952118
50,1,train,119,670,670.024536
50,1,train,120,597,596.951721
50,1,train,121,592,595.903015
50,1,train,122,597,596.925354
50,1,train,123,371,411.952118
50,1,train,124,500,499.518219
50,1,train,125,476,474.115479
50,1,train,126,464,463.810669
50,1,train,127,494,493.335266
50,1,train,128,585,585.076172
50,1,train,129,507,497.160065
50,1,train,130,568,565.003601
50,1,train,131,500,499.963593
50,1,train,132,605,617.050293
50,1,train,133,519,519.043030
50,1,train,134,504,501.782043
50,1,train,135,487,486.925110
50,1,train,136,517,512.298218
50,1,train,137,532,532.324463
50,1,train,138,493,493.092529
50,1,train,139,477,477.119080
50,1,train,140,648,647.707397
50,2,test,0,495,546.293335
50,2,test,1,473,508.319366
50,2,test,2,618,617.191223
50,2,test,3,568,566.025635
50,2,test,4,584,583.028931
50,2,test,5,507,553.046570
50,2,test,6,455,563.896179
50,2,test,7,543,502.784241
50,2,test,8,597,602.080078
50,2,test,9,600,591.690796
50,2,test,10,524,523.823792
50,2,test,11,475,479.685486
50,2,test,12,459,505.911377
50,2,test,13,500,506.677704
50,2,test,14,689,610.180054
50,2,test,15,606,557.006409
50,2,test,16,580,547.161743
50,2,test,17,541,562.858521
50,2,test,18,580,602.766846
50,2,test,19,476,479.488953
50,2,test,20,617,547.007812
50,2,test,21,628,603.477905
50,2,test,22,509,524.045410
50,2,test,23,509,524.045410
50,2,test,24,463,467.241577
50,2,test,25,596,584.394165
50,2,test,26,522,522.045837
50,2,test,27,608,611.103271
50,2,test,28,560,479.476166
50,2,test,29,693,574.364502
50,2,test,30,517,503.853394
50,2,test,31,455,566.618347
50,2,test,32,446,477.254883
50,2,test,33,534,486.915009
50,2,test,34,577,567.175110
50,2,test,35,575,554.781128
50,2,train,0,528,523.742676
50,2,train,1,645,641.641357
50,2,train,2,585,584.394165
50,2,train,3,516,516.033936
50,2,train,4,479,481.867523
50,2,train,5,473,467.586578
50,2,train,6,487,485.854187
50,2,train,7,460,471.529083
50,2,train,8,500,502.178223
50,2,train,9,596,597.509583
50,2,train,10,519,519.694458
50,2,train,11,608,605.627930
50,2,train,12,492,491.432892
50,2,train,13,509,522.489990
50,2,train,14,479,479.167419
50,2,train,15,505,502.125946
50,2,train,16,466,471.819305
50,2,train,17,613,606.119446
50,2,train,18,630,629.547974
50,2,train,19,511,512.973389
50,2,train,20,478,486.543243
50,2,train,21,465,466.761658
50,2,train,22,605,603.477905
50,2,train,23,524,531.514526
50,2,train,24,515,509.069275
50,2,train,25,477,471.123962
50,2,train,26,494,491.432892
50,2,train,27,577,567.175110
50,2,train,28,488,487.634308
50,2,train,29,578,571.673584
50,2,train,30,484,477.254883
50,2,train,31,465,463.218811
50,2,train,32,480,479.894104
50,2,train,33,538,562.858521
50,2,train,34,586,562.858521
50,2,train,35,532,537.788330
50,2,train,36,598,590.955505
50,2,train,37,670,670.341248
50,2,train,38,507,488.869690
50,2,train,39,505,508.426239
50,2,train,40,500,501.552948
50,2,train,41,519,504.622498
50,2,train,42,525,523.823792
50,2,train,43,630,616.890076
50,2,train,44,508,503.853394
50,2,train,45,605,576.196838
50,2,train,46,442,450.187988
50,2,train,47,482,481.548553
50,2,train,48,484,476.782074
50,2,train,49,464,471.010101
50,2,train,50,451,453.150818
50,2,train,51,371,416.702209
50,2,train,52,524,515.894592
50,2,train,53,535,529.505554
50,2,train,54,472,476.909485
50,2,train,55,545,576.196838
50,2,train,56,572,572.436462
50,2,train,57,617,619.184326
50,2,train,58,649,638.386963
50,2,train,59,504,505.833557
50,2,train,60,463,416.702209
50,2,train,61,456,458.319275
50,2,train,62,601,608.636780
50,2,train,63,630,629.547974
50,2,train,64,572,572.436462
50,2,train,65,597,591.980713
50,2,train,66,648,620.461609
50,2,train,67,613,606.119446
50,2,train,68,500,505.014130
50,2,train,69,502,503.853394
50,2,train,70,464,488.661804
50,2,train,71,489,488.585999
50,2,train,72,504,502.178223
50,2,train,73,592,591.690796
50,2,train,74,475,479.685486
50,2,train,75,505,488.585999
50,2,train,76,534,529.134766
50,2,train,77,525,513.582397
50,2,train,78,481,482.981049
50,2,train,79,670,670.341248
50,2,train,80,612,605.627930
50,2,train,81,585,584.394165
50,2,train,82,528,546.293335
50,2,train,83,456,480.101990
50,2,train,84,574,579.917175
50,2,train,85,601,601.823120
50,2,train,86,577,575.617676
50,2,train,87,488,494.859619
50,2,train,88,472,479.488953
50,2,train,89,456,458.216034
50,2,train,90,591,574.996582
50,2,train,91,624,628.809082
50,2,train,92,431,434.148254
50,2,train,93,597,591.980713
50,2,train,94,584,587.856750
50,2,train,95,469,458.230133
50,2,train,96,522,522.045837
50,2,train,97,495,489.937592
50,2,train,98,526,526.288269
50,2,train,99,640,640.007019
50,2,train,100,616,619.271851
50,2,train,101,580,578.451294
50,2,train,102,623,621.417419
50,2,train,103,507,509.469574
50,2,train,104,597,595.712524
50,2,train,105,624,620.400208
50,2,train,106,471,489.481628
50,2,train,107,506,523.099060
50,2,train,108,583,589.002502
50,2,train,109,504,482.497559
50,2,train,110,594,583.364319
50,2,train,111,617,619.184326
50,2,train,112,557,583.364319
50,2,train,113,595,604.969910
50,2,train,114,488,490.422638
50,2,train,115,523,519.470764
50,2,train,116,637,632.280823
50,2,train,117,644,635.713379
50,2,train,118,572,572.436462
50,2,train,119,644,642.354004
50,2,train,120,485,491.091064
50,2,train,121,555,562.858521
50,2,train,122,572,572.436462
50,2,train,123,648,645.098022
50,2,train,124,510,507.533051
50,2,train,125,522,518.612366
50,2,train,126,484,493.896393
50,2,train,127,612,614.299438
50,2,train,128,490,488.869690
50,2,train,129,610,604.969910
50,2,train,130,462,482.497559
50,2,train,131,584,587.856750
50,2,train,132,541,523.099060
50,2,train,133,450,467.241577
50,2,train,134,516,516.033936
50,2,train,135,501,494.286438
50,2,train,136,606,600.812378
50,2,train,137,561,556.507568
50,2,train,138,493,489.937592
50,2,train,139,550,556.365906
50,2,train,140,562,547.179688
50,3,test,0,601,643.880615
50,3,test,1,596,593.791565
50,3,test,2,574,556.465881
50,3,test,3,466,492.233398
50,3,test,4,482,487.281555
50,3,test,5,473,510.211395
50,3,test,6,594,592.620483
50,3,test,7,493,497.725677
50,3,test,8,524,526.497253
50,3,test,9,644,566.707336
50,3,test,10,455,457.571259
50,3,test,11,475,476.633301
50,3,test,12,505,490.535980
50,3,test,13,612,608.730103
50,3,test,14,644,651.531860
50,3,test,15,459,519.575134
50,3,test,16,597,598.270264
50,3,test,17,550,523.304382
50,3,test,18,524,505.783813
50,3,test,19,506,533.091858
50,3,test,20,523,490.992096
50,3,test,21,500,506.965240
50,3,test,22,568,561.125122
50,3,test,23,640,673.488464
50,3,test,24,605,622.123901
50,3,test,25,465,465.462494
50,3,test,26,610,598.890320
50,3,test,27,608,572.442749
50,3,test,28,585,593.791565
50,3,test,29,584,589.031189
50,3,test,30,597,534.020996
50,3,test,31,555,557.430481
50,3,test,32,507,508.548248
50,3,test,33,670,671.479858
50,3,test,34,598,543.127380
50,3,test,35,617,599.733032
50,3,train,0,580,581.730042
50,3,train,1,595,598.890320
50,3,train,2,612,611.847717
50,3,train,3,463,427.839813
50,3,train,4,463,463.177582
50,3,train,5,541,533.091858
50,3,train,6,617,621.358826
50,3,train,7,572,571.255859
50,3,train,8,525,526.497253
50,3,train,9,495,522.365417
50,3,train,10,460,467.810944
50,3,train,11,693,666.012817
50,3,train,12,484,472.976685
50,3,train,13,495,497.725677
50,3,train,14,472,476.638977
50,3,train,15,623,622.448669
50,3,train,16,586,557.430481
50,3,train,17,488,488.603912
50,3,train,18,519,512.754333
50,3,train,19,585,593.791565
50,3,train,20,670,671.479858
50,3,train,21,630,628.330994
50,3,train,22,465,468.625305
50,3,train,23,618,615.136230
50,3,train,24,606,614.111755
50,3,train,25,572,571.255859
50,3,train,26,561,559.271606
50,3,train,27,605,572.532471
50,3,train,28,504,463.371429
50,3,train,29,473,463.210938
50,3,train,30,528,530.933716
50,3,train,31,490,484.651184
50,3,train,32,500,505.553589
50,3,train,33,649,653.699951
50,3,train,34,522,519.199524
50,3,train,35,628,622.123901
50,3,train,36,584,586.983154
50,3,train,37,455,456.370605
50,3,train,38,597,591.785706
50,3,train,39,516,524.698242
50,3,train,40,515,506.396973
50,3,train,41,525,498.846985
50,3,train,42,484,482.054993
50,3,train,43,502,508.548248
50,3,train,44,592,598.658081
50,3,train,45,488,493.232147
50,3,train,46,645,643.201538
50,3,train,47,577,563.401123
50,3,train,48,577,569.806641
50,3,train,49,476,476.638977
50,3,train,50,500,513.972778
50,3,train,51,481,487.472382
50,3,train,52,528,522.365417
50,3,train,53,494,491.272369
50,3,train,54,456,468.893158
50,3,train,55,580,588.408569
50,3,train,56,616,614.377441
50,3,train,57,534,534.262451
50,3,train,58,431,436.997101
50,3,train,59,606,600.161560
50,3,train,60,532,535.014709
50,3,train,61,477,482.057617
50,3,train,62,442,461.177704
50,3,train,63,451,454.231506
50,3,train,64,608,608.730103
50,3,train,65,479,473.006500
50,3,train,66,578,553.129639
50,3,train,67,464,474.138214
50,3,train,68,478,479.610260
50,3,train,69,624,622.532776
50,3,train,70,517,508.548248
50,3,train,71,464,485.531738
50,3,train,72,600,598.658081
50,3,train,73,630,602.956360
50,3,train,74,504,501.046661
50,3,train,75,507,511.142578
50,3,train,76,584,589.031189
50,3,train,77,597,598.270264
50,3,train,78,472,480.339539
50,3,train,79,501,492.096954
50,3,train,80,508,508.548248
50,3,train,81,456,459.234802
50,3,train,82,583,587.008789
50,3,train,83,624,628.313232
50,3,train,84,471,480.328918
50,3,train,85,545,572.532471
50,3,train,86,572,571.255859
50,3,train,87,630,628.330994
50,3,train,88,617,621.358826
50,3,train,89,522,509.455017
50,3,train,90,543,543.232666
50,3,train,91,504,510.098602
50,3,train,92,562,545.226929
50,3,train,93,526,528.967163
50,3,train,94,613,603.556580
50,3,train,95,475,476.633301
50,3,train,96,575,570.150452
50,3,train,97,462,463.371429
50,3,train,98,510,507.719360
50,3,train,99,648,623.723267
50,3,train,100,601,612.041992
50,3,train,101,560,554.517517
50,3,train,102,488,504.850586
50,3,train,103,577,569.806641
50,3,train,104,505,507.393768
50,3,train,105,580,580.266479
50,3,train,106,509,505.860077
50,3,train,107,507,484.651184
50,3,train,108,648,641.297729
50,3,train,109,487,476.187744
50,3,train,110,479,485.683289
50,3,train,111,637,626.519165
50,3,train,112,450,463.177582
50,3,train,113,480,480.520599
50,3,train,114,689,668.138916
50,3,train,115,613,603.556580
50,3,train,116,469,468.093811
50,3,train,117,516,524.698242
50,3,train,118,557,592.620483
50,3,train,119,572,571.255859
50,3,train,120,519,515.784790
50,3,train,121,456,477.460876
50,3,train,122,541,557.430481
50,3,train,123,509,521.813416
50,3,train,124,446,472.976685
50,3,train,125,489,490.535980
50,3,train,126,591,585.474670
50,3,train,127,371,427.839813
50,3,train,128,522,519.199524
50,3,train,129,484,495.065430
50,3,train,130,596,608.587219
50,3,train,131,492,491.272369
50,3,train,132,505,503.401550
50,3,train,133,524,529.164307
50,3,train,134,485,487.090240
50,3,train,135,500,501.046661
50,3,train,136,535,522.026489
50,3,train,137,538,557.430481
50,3,train,138,511,514.861206
50,3,train,139,534,514.281006
50,3,train,140,509,505.860077
50,4,test,0,541,505.301086
50,4,test,1,463,473.156708
50,4,test,2,460,501.418701
50,4,test,3,628,607.531494
50,4,test,4,489,497.727448
50,4,test,5,476,471.923126
50,4,test,6,591,546.454102
50,4,test,7,504,496.025208
50,4,test,8,475,473.612854
50,4,test,9,488,492.630157
50,4,test,10,572,570.857910
50,4,test,11,648,552.412170
50,4,test,12,524,536.188660
50,4,test,13,618,559.301208
50,4,test,14,637,644.630310
50,4,test,15,522,496.332764
50,4,test,16,600,591.749268
50,4,test,17,572,570.857910
50,4,test,18,522,496.332764
50,4,test,19,484,489.991821
50,4,test,20,572,570.857910
50,4,test,21,623,571.652039
50,4,test,22,479,497.800781
50,4,test,23,504,468.124451
50,4,test,24,459,516.222717
50,4,test,25,517,502.730103
50,4,test,26,557,594.313904
50,4,test,27,516,516.383789
50,4,test,28,371,473.156708
50,4,test,29,473,483.442657
50,4,test,30,610,595.977478
50,4,test,31,525,525.596191
50,4,test,32,495,530.705811
50,4,test,33,575,558.936340
50,4,test,34,488,511.679474
50,4,test,35,464,511.336395
50,4,train,0,545,574.389587
50,4,train,1,525,520.138611
50,4,train,2,541,555.273193
50,4,train,3,617,617.505920
50,4,train,4,500,503.205872
50,4,train,5,580,580.287292
50,4,train,6,693,693.729553
50,4,train,7,464,486.947296
50,4,train,8,451,448.800507
50,4,train,9,463,461.924469
50,4,train,10,585,588.985168
50,4,train,11,477,476.955078
50,4,train,12,568,561.088196
50,4,train,13,500,502.060822
50,4,train,14,522,521.899658
50,4,train,15,585,588.985168
50,4,train,16,613,610.748535
50,4,train,17,577,576.160400
50,4,train,18,577,576.160400
50,4,train,19,505,497.727448
50,4,train,20,584,584.408569
50,4,train,21,509,509.040283
50,4,train,22,488,491.609283
50,4,train,23,508,502.730103
50,4,train,24,574,572.938477
50,4,train,25,479,476.674774
50,4,train,26,630,629.949768
50,4,train,27,605,607.531494
50,4,train,28,617,618.373230
50,4,train,29,608,607.961304
50,4,train,30,507,507.480499
50,4,train,31,505,502.661652
50,4,train,32,597,596.964966
50,4,train,33,507,492.037201
50,4,train,34,645,645.323669
50,4,train,35,455,456.914154
50,4,train,36,515,516.086243
50,4,train,37,584,584.173279
50,4,train,38,597,598.683167
50,4,train,39,446,468.844299
50,4,train,40,580,578.602234
50,4,train,41,594,594.313904
50,4,train,42,455,454.692139
50,4,train,43,471,479.882812
50,4,train,44,482,482.067810
50,4,train,45,506,505.301086
50,4,train,46,478,483.493896
50,4,train,47,490,492.037201
50,4,train,48,450,461.924469
50,4,train,49,577,576.959412
50,4,train,50,500,506.972321
50,4,train,51,507,508.191254
50,4,train,52,550,552.188721
50,4,train,53,670,669.668213
50,4,train,54,606,606.223877
50,4,train,55,456,470.401306
50,4,train,56,586,555.273193
50,4,train,57,469,465.500580
50,4,train,58,543,539.707031
50,4,train,59,456,455.953033
50,4,train,60,595,595.977478
50,4,train,61,596,596.133606
50,4,train,62,598,594.976196
50,4,train,63,612,609.240479
50,4,train,64,510,509.762421
50,4,train,65,616,619.021484
50,4,train,66,528,533.902710
50,4,train,67,484,484.595856
50,4,train,68,689,686.334717
50,4,train,69,480,467.839294
50,4,train,70,592,591.749268
50,4,train,71,596,588.985168
50,4,train,72,528,530.705811
50,4,train,73,524,525.596191
50,4,train,74,605,574.389587
50,4,train,75,601,601.040588
50,4,train,76,612,610.739380
50,4,train,77,617,618.373230
50,4,train,78,494,491.772400
50,4,train,79,484,468.844299
50,4,train,80,502,502.730103
50,4,train,81,555,555.273193
50,4,train,82,534,514.499817
50,4,train,83,597,596.964966
50,4,train,84,562,557.202881
50,4,train,85,560,558.242981
50,4,train,86,640,641.459717
50,4,train,87,493,493.948242
50,4,train,88,648,643.890503
50,4,train,89,583,587.423767
50,4,train,90,472,471.923126
50,4,train,91,644,644.324524
50,4,train,92,485,486.144470
50,4,train,93,442,445.834381
50,4,train,94,578,575.413940
50,4,train,95,487,483.937805
50,4,train,96,613,610.748535
50,4,train,97,505,501.917877
50,4,train,98,524,517.336426
50,4,train,99,473,472.405487
50,4,train,100,501,499.611908
50,4,train,101,561,558.296753
50,4,train,102,504,502.060822
50,4,train,103,495,493.948242
50,4,train,104,462,468.124451
50,4,train,105,584,584.408569
50,4,train,106,670,669.668213
50,4,train,107,465,465.661896
50,4,train,108,456,453.518646
50,4,train,109,475,473.612854
50,4,train,110,481,481.062012
50,4,train,111,624,624.996155
50,4,train,112,431,430.885651
50,4,train,113,509,512.839111
50,4,train,114,580,579.830750
50,4,train,115,500,501.206360
50,4,train,116,630,627.656433
50,4,train,117,526,527.023254
50,4,train,118,534,534.381897
50,4,train,119,492,491.772400
50,4,train,120,535,536.352661
50,4,train,121,538,555.273193
50,4,train,122,511,514.314697
50,4,train,123,624,618.096802
50,4,train,124,519,517.431641
50,4,train,125,644,643.767212
50,4,train,126,608,609.240479
50,4,train,127,601,602.984131
50,4,train,128,465,463.900055
50,4,train,129,472,474.273590
50,4,train,130,509,509.040283
50,4,train,131,466,467.227020
50,4,train,132,572,570.857910
50,4,train,133,523,523.010620
50,4,train,134,532,534.472839
50,4,train,135,597,595.220093
50,4,train,136,630,629.949768
50,4,train,137,516,516.383789
50,4,train,138,519,518.070190
50,4,train,139,649,648.929077
50,4,train,140,606,604.590088
50,5,test,0,482,493.053650
50,5,test,1,601,647.205078
50,5,test,2,475,477.968231
50,5,test,3,605,554.291199
50,5,test,4,617,586.556946
50,5,test,5,465,488.119019
50,5,test,6,689,658.420837
50,5,test,7,616,606.855286
50,5,test,8,522,513.383179
50,5,test,9,500,519.770081
50,5,test,10,598,534.150574
50,5,test,11,560,496.234680
50,5,test,12,500,508.393005
50,5,test,13,594,587.673584
50,5,test,14,509,565.375305
50,5,test,15,568,557.419373
50,5,test,16,600,615.289368
50,5,test,17,580,563.088440
50,5,test,18,577,569.734497
50,5,test,19,535,519.484253
50,5,test,20,618,590.605286
50,5,test,21,534,512.392517
50,5,test,22,489,495.391663
50,5,test,23,617,627.028442
50,5,test,24,591,546.710022
50,5,test,25,456,581.724976
50,5,test,26,606,584.273560
50,5,test,27,605,606.419250
50,5,test,28,472,463.096924
50,5,test,29,516,522.567261
50,5,test,30,473,544.303040
50,5,test,31,504,489.738373
50,5,test,32,475,477.968231
50,5,test,33,505,503.708313
50,5,test,34,465,456.009094
50,5,test,35,596,589.560730
50,5,train,0,644,653.179871
50,5,train,1,541,523.141785
50,5,train,2,525,525.268799
50,5,train,3,670,668.670288
50,5,train,4,517,508.877930
50,5,train,5,480,486.480286
50,5,train,6,524,528.530273
50,5,train,7,463,417.121399
50,5,train,8,464,490.880371
50,5,train,9,511,523.495605
50,5,train,10,490,492.144165
50,5,train,11,495,527.898560
50,5,train,12,584,581.843140
50,5,train,13,597,599.445923
50,5,train,14,528,511.600555
50,5,train,15,597,595.563049
50,5,train,16,525,513.955505
50,5,train,17,371,417.121399
50,5,train,18,500,505.740540
50,5,train,19,488,505.264160
50,5,train,20,510,516.726196
50,5,train,21,459,499.770264
50,5,train,22,584,581.843140
50,5,train,23,550,563.572510
50,5,train,24,464,483.283569
50,5,train,25,577,571.192200
50,5,train,26,601,607.407043
50,5,train,27,534,507.007385
50,5,train,28,524,502.021851
50,5,train,29,578,568.374451
50,5,train,30,555,554.690002
50,5,train,31,630,626.591858
50,5,train,32,492,485.085846
50,5,train,33,479,479.570740
50,5,train,34,597,595.563049
50,5,train,35,505,493.824524
50,5,train,36,485,508.162720
50,5,train,37,462,475.483307
50,5,train,38,493,489.738373
50,5,train,39,580,577.539490
50,5,train,40,507,492.144165
50,5,train,41,584,580.953308
50,5,train,42,612,607.761047
50,5,train,43,487,492.861450
50,5,train,44,519,498.618958
50,5,train,45,456,487.744080
50,5,train,46,613,607.227844
50,5,train,47,557,587.673584
50,5,train,48,624,605.827698
50,5,train,49,561,544.629700
50,5,train,50,585,589.560730
50,5,train,51,501,494.866241
50,5,train,52,648,638.984680
50,5,train,53,572,569.425232
50,5,train,54,640,643.180420
50,5,train,55,431,450.325378
50,5,train,56,455,459.419189
50,5,train,57,476,478.940643
50,5,train,58,481,483.565826
50,5,train,59,606,595.567627
50,5,train,60,484,489.167358
50,5,train,61,505,495.391663
50,5,train,62,645,638.038574
50,5,train,63,456,450.993256
50,5,train,64,596,598.893921
50,5,train,65,543,530.881897
50,5,train,66,506,523.141785
50,5,train,67,488,490.221619
50,5,train,68,624,625.585449
50,5,train,69,526,518.830811
50,5,train,70,516,522.567261
50,5,train,71,507,525.640564
50,5,train,72,693,640.196167
50,5,train,73,442,480.255737
50,5,train,74,628,606.419250
50,5,train,75,574,557.954773
50,5,train,76,446,478.480652
50,5,train,77,500,521.403320
50,5,train,78,610,607.794250
50,5,train,79,477,464.242432
50,5,train,80,528,527.898560
50,5,train,81,504,475.483307
50,5,train,82,572,569.425232
50,5,train,83,460,489.322968
50,5,train,84,509,514.484863
50,5,train,85,545,554.291199
50,5,train,86,562,528.056274
50,5,train,87,613,607.227844
50,5,train,88,585,589.560730
50,5,train,89,637,635.787292
50,5,train,90,580,590.495605
50,5,train,91,484,478.480652
50,5,train,92,524,525.268799
50,5,train,93,572,569.425232
50,5,train,94,522,520.755310
50,5,train,95,595,607.794250
50,5,train,96,577,569.734497
50,5,train,97,466,476.217255
50,5,train,98,451,453.451935
50,5,train,99,617,627.028442
50,5,train,100,508,508.877930
50,5,train,101,488,494.750488
50,5,train,102,648,593.243042
50,5,train,103,484,482.745819
50,5,train,104,644,623.410522
50,5,train,105,592,615.289368
50,5,train,106,541,554.690002
50,5,train,107,612,615.587585
50,5,train,108,623,614.023804
50,5,train,109,522,513.383179
50,5,train,110,469,458.467773
50,5,train,111,507,506.134338
50,5,train,112,538,554.690002
50,5,train,113,523,514.142761
50,5,train,114,463,458.661804
50,5,train,115,649,635.049316
50,5,train,116,572,569.425232
50,5,train,117,519,508.878510
50,5,train,118,608,602.113647
50,5,train,119,509,514.484863
50,5,train,120,532,539.029907
50,5,train,121,583,600.276001
50,5,train,122,494,485.085846
50,5,train,123,502,508.877930
50,5,train,124,670,668.670288
50,5,train,125,630,574.588684
50,5,train,126,455,470.552826
50,5,train,127,608,607.761047
50,5,train,128,586,554.690002
50,5,train,129,471,501.227142
50,5,train,130,575,566.012024
50,5,train,131,473,470.742737
50,5,train,132,450,458.661804
50,5,train,133,478,493.979004
50,5,train,134,597,582.159607
50,5,train,135,479,487.057251
50,5,train,136,472,478.940643
50,5,train,137,495,489.738373
50,5,train,138,504,508.393005
50,5,train,139,515,510.724213
50,5,train,140,630,626.591858
50,6,test,0,493,497.123779
50,6,test,1,596,582.725464
50,6,test,2,509,513.418335
50,6,test,3,585,582.725464
50,6,test,4,525,493.359558
50,6,test,5,577,569.723328
50,6,test,6,500,507.520264
50,6,test,7,516,525.701904
50,6,test,8,617,625.238708
50,6,test,9,459,478.699982
50,6,test,10,630,494.668976
50,6,test,11,451,452.395020
50,6,test,12,516,525.701904
50,6,test,13,555,573.368225
50,6,test,14,644,656.258545
50,6,test,15,580,570.170654
50,6,test,16,541,573.368225
50,6,test,17,597,594.703430
50,6,test,18,489,494.502930
50,6,test,19,522,516.688293
50,6,test,20,464,488.645569
50,6,test,21,463,370.705017
50,6,test,22,584,584.391907
50,6,test,23,538,573.368225
50,6,test,24,644,597.416565
50,6,test,25,455,475.791840
50,6,test,26,484,488.306946
50,6,test,27,484,495.633850
50,6,test,28,476,480.945587
50,6,test,29,624,605.744324
50,6,test,30,481,487.135406
50,6,test,31,528,501.276520
50,6,test,32,463,466.388916
50,6,test,33,670,666.643982
50,6,test,34,613,597.939575
50,6,test,35,446,488.306946
50,6,train,0,560,552.680725
50,6,train,1,689,682.388000
50,6,train,2,371,370.705017
50,6,train,3,601,607.762512
50,6,train,4,492,492.918396
50,6,train,5,482,479.637390
50,6,train,6,648,638.022888
50,6,train,7,586,573.368225
50,6,train,8,442,460.478973
50,6,train,9,630,631.377014
50,6,train,10,473,467.862518
50,6,train,11,572,569.814331
50,6,train,12,630,631.377014
50,6,train,13,605,609.820129
50,6,train,14,624,627.722290
50,6,train,15,648,611.870178
50,6,train,16,506,523.095642
50,6,train,17,572,569.814331
50,6,train,18,628,609.820129
50,6,train,19,495,519.959656
50,6,train,20,572,569.814331
50,6,train,21,545,578.389954
50,6,train,22,465,465.349548
50,6,train,23,616,613.379761
50,6,train,24,507,516.320312
50,6,train,25,617,625.238708
50,6,train,26,478,481.074829
50,6,train,27,584,584.391907
50,6,train,28,510,513.038391
50,6,train,29,515,513.249695
50,6,train,30,605,578.389954
50,6,train,31,504,502.408691
50,6,train,32,608,609.417175
50,6,train,33,597,594.703430
50,6,train,34,594,586.336853
50,6,train,35,472,476.603577
50,6,train,36,572,569.814331
50,6,train,37,574,568.928528
50,6,train,38,649,643.939819
50,6,train,39,464,478.148865
50,6,train,40,473,471.054077
50,6,train,41,431,436.486298
50,6,train,42,507,491.282074
50,6,train,43,523,522.897522
50,6,train,44,504,501.561035
50,6,train,45,532,537.902954
50,6,train,46,456,491.063721
50,6,train,47,606,603.867188
50,6,train,48,526,524.772949
50,6,train,49,598,579.248718
50,6,train,50,475,478.071869
50,6,train,51,519,513.204834
50,6,train,52,460,472.874664
50,6,train,53,580,580.704407
50,6,train,54,597,599.912903
50,6,train,55,575,574.965637
50,6,train,56,485,485.746887
50,6,train,57,524,532.305298
50,6,train,58,500,502.408691
50,6,train,59,456,456.811127
50,6,train,60,477,474.042053
50,6,train,61,455,465.101929
50,6,train,62,495,497.123779
50,6,train,63,488,484.757812
50,6,train,64,508,507.952454
50,6,train,65,645,644.627136
50,6,train,66,585,582.725464
50,6,train,67,583,589.438721
50,6,train,68,528,519.959656
50,6,train,69,562,540.097229
50,6,train,70,500,507.176331
50,6,train,71,535,526.427612
50,6,train,72,610,601.691223
50,6,train,73,557,586.336853
50,6,train,74,479,480.296661
50,6,train,75,534,507.033752
50,6,train,76,541,523.095642
50,6,train,77,488,485.869629
50,6,train,78,637,636.320557
50,6,train,79,534,534.770142
50,6,train,80,504,472.545502
50,6,train,81,578,569.475830
50,6,train,82,450,466.388916
50,6,train,83,511,516.659607
50,6,train,84,580,580.156006
50,6,train,85,600,596.106934
50,6,train,86,693,689.372437
50,6,train,87,522,516.688293
50,6,train,88,479,479.599457
50,6,train,89,608,610.857422
50,6,train,90,561,554.677185
50,6,train,91,584,585.308899
50,6,train,92,505,494.502930
50,6,train,93,519,519.202637
50,6,train,94,484,482.732391
50,6,train,95,595,601.691223
50,6,train,96,577,575.889709
50,6,train,97,494,492.918396
50,6,train,98,612,609.417175
50,6,train,99,601,601.584045
50,6,train,100,596,594.625427
50,6,train,101,524,525.673035
50,6,train,102,618,616.113281
50,6,train,103,597,598.496582
50,6,train,104,500,522.171753
50,6,train,105,465,466.540192
50,6,train,106,606,606.777832
50,6,train,107,577,569.723328
50,6,train,108,522,520.768555
50,6,train,109,613,597.939575
50,6,train,110,490,491.282074
50,6,train,111,509,526.689819
50,6,train,112,505,502.203156
50,6,train,113,462,472.545502
50,6,train,114,543,538.007019
50,6,train,115,507,505.162964
50,6,train,116,456,453.999512
50,6,train,117,670,666.643982
50,6,train,118,550,563.596069
50,6,train,119,524,504.179382
50,6,train,120,502,507.952454
50,6,train,121,517,507.952454
50,6,train,122,612,610.144043
50,6,train,123,617,618.825806
50,6,train,124,472,480.945587
50,6,train,125,623,624.222351
50,6,train,126,592,596.106934
50,6,train,127,469,465.912628
50,6,train,128,488,491.471222
50,6,train,129,591,578.782959
50,6,train,130,525,525.673035
50,6,train,131,501,498.290985
50,6,train,132,475,478.071869
50,6,train,133,568,571.927795
50,6,train,134,480,488.089447
50,6,train,135,471,488.350891
50,6,train,136,640,644.210266
50,6,train,137,487,485.774292
50,6,train,138,466,466.870514
50,6,train,139,509,513.418335
50,6,train,140,505,501.952850
50,7,test,0,623,585.085205
50,7,test,1,456,473.051422
50,7,test,2,606,565.008057
50,7,test,3,597,586.228088
50,7,test,4,624,625.180603
50,7,test,5,524,530.063904
50,7,test,6,543,521.690979
50,7,test,7,507,497.884888
50,7,test,8,502,501.855713
50,7,test,9,561,502.743164
50,7,test,10,597,586.228088
50,7,test,11,644,629.656494
50,7,test,12,481,469.225372
50,7,test,13,572,562.717285
50,7,test,14,526,510.210114
50,7,test,15,451,461.838257
50,7,test,16,463,384.415924
50,7,test,17,670,658.235535
50,7,test,18,578,488.609985
50,7,test,19,504,459.981537
50,7,test,20,517,501.855713
50,7,test,21,488,501.511993
50,7,test,22,507,577.158875
50,7,test,23,478,493.374786
50,7,test,24,617,629.278320
50,7,test,25,689,650.351685
50,7,test,26,613,591.343689
50,7,test,27,630,631.307922
50,7,test,28,541,519.554199
50,7,test,29,693,619.193970
50,7,test,30,628,608.702087
50,7,test,31,583,588.178772
50,7,test,32,522,499.177673
50,7,test,33,500,514.456177
50,7,test,34,466,453.826752
50,7,test,35,519,496.671661
50,7,train,0,490,491.581024
50,7,train,1,577,569.664673
50,7,train,2,584,587.067688
50,7,train,3,586,559.443481
50,7,train,4,509,514.843933
50,7,train,5,504,495.656921
50,7,train,6,494,491.920013
50,7,train,7,516,520.913574
50,7,train,8,648,640.970459
50,7,train,9,577,569.664673
50,7,train,10,455,463.045776
50,7,train,11,505,504.729980
50,7,train,12,509,527.270935
50,7,train,13,492,491.920013
50,7,train,14,670,658.235535
50,7,train,15,463,461.267944
50,7,train,16,605,573.255859
50,7,train,17,456,468.648956
50,7,train,18,596,605.310852
50,7,train,19,506,519.554199
50,7,train,20,580,589.693298
50,7,train,21,598,594.161621
50,7,train,22,594,590.100342
50,7,train,23,618,581.273071
50,7,train,24,613,591.343689
50,7,train,25,446,462.155670
50,7,train,26,601,609.916504
50,7,train,27,500,507.519806
50,7,train,28,505,493.299713
50,7,train,29,480,477.112274
50,7,train,30,455,450.896545
50,7,train,31,591,573.769104
50,7,train,32,471,488.346741
50,7,train,33,608,601.916443
50,7,train,34,624,622.304016
50,7,train,35,524,520.934753
50,7,train,36,450,461.267944
50,7,train,37,479,480.110321
50,7,train,38,575,566.741516
50,7,train,39,612,605.316772
50,7,train,40,484,490.871277
50,7,train,41,572,562.717285
50,7,train,42,472,476.156464
50,7,train,43,510,510.064453
50,7,train,44,487,492.970245
50,7,train,45,431,433.888855
50,7,train,46,485,488.138702
50,7,train,47,580,583.764832
50,7,train,48,475,477.627747
50,7,train,49,616,622.937683
50,7,train,50,465,467.638916
50,7,train,51,525,530.063904
50,7,train,52,484,486.772034
50,7,train,53,509,514.843933
50,7,train,54,560,547.100830
50,7,train,55,572,562.717285
50,7,train,56,504,493.755280
50,7,train,57,606,606.477722
50,7,train,58,456,469.521942
50,7,train,59,600,598.750000
50,7,train,60,488,490.566162
50,7,train,61,442,469.816406
50,7,train,62,550,572.072449
50,7,train,63,596,588.169312
50,7,train,64,507,491.581024
50,7,train,65,460,472.400909
50,7,train,66,601,615.678467
50,7,train,67,488,494.584198
50,7,train,68,528,526.225647
50,7,train,69,522,517.801025
50,7,train,70,645,644.592346
50,7,train,71,495,526.225647
50,7,train,72,545,573.255859
50,7,train,73,610,602.203491
50,7,train,74,523,516.582214
50,7,train,75,482,489.003845
50,7,train,76,511,512.796143
50,7,train,77,535,520.002625
50,7,train,78,648,607.926392
50,7,train,79,597,591.989014
50,7,train,80,473,458.602173
50,7,train,81,541,559.443481
50,7,train,82,612,616.114502
50,7,train,83,489,493.299713
50,7,train,84,477,468.075897
50,7,train,85,495,495.656921
50,7,train,86,585,588.169312
50,7,train,87,465,461.875336
50,7,train,88,630,578.092102
50,7,train,89,617,612.606995
50,7,train,90,637,641.771851
50,7,train,91,519,511.588379
50,7,train,92,500,493.755280
50,7,train,93,476,476.156464
50,7,train,94,479,472.447296
50,7,train,95,649,637.831543
50,7,train,96,617,629.278320
50,7,train,97,464,471.618378
50,7,train,98,464,497.422943
50,7,train,99,584,575.048584
50,7,train,100,577,569.795654
50,7,train,101,524,530.555908
50,7,train,102,605,608.702087
50,7,train,103,462,459.981537
50,7,train,104,522,517.801025
50,7,train,105,515,513.188477
50,7,train,106,475,477.627747
50,7,train,107,584,587.067688
50,7,train,108,562,541.262756
50,7,train,109,630,631.307922
50,7,train,110,532,537.827637
50,7,train,111,555,559.443481
50,7,train,112,644,635.001892
50,7,train,113,528,534.450073
50,7,train,114,574,581.003174
50,7,train,115,597,597.615906
50,7,train,116,534,513.717407
50,7,train,117,534,543.509644
50,7,train,118,557,590.100342
50,7,train,119,608,605.316772
50,7,train,120,525,506.316010
50,7,train,121,459,501.348907
50,7,train,122,472,490.867676
50,7,train,123,501,489.007721
50,7,train,124,538,559.443481
50,7,train,125,508,501.855713
50,7,train,126,505,506.072906
50,7,train,127,592,598.750000
50,7,train,128,500,503.634552
50,7,train,129,580,571.018494
50,7,train,130,469,453.826752
50,7,train,131,585,588.169312
50,7,train,132,493,495.656921
50,7,train,133,473,478.547180
50,7,train,134,371,384.415924
50,7,train,135,516,520.913574
50,7,train,136,572,562.717285
50,7,train,137,484,462.155670
50,7,train,138,595,602.203491
50,7,train,139,568,560.551147
50,7,train,140,640,643.647888
50,8,test,0,511,514.969849
50,8,test,1,601,612.905212
50,8,test,2,572,559.246643
50,8,test,3,475,483.801483
50,8,test,4,562,501.877411
50,8,test,5,617,620.118958
50,8,test,6,689,645.504883
50,8,test,7,591,514.748901
50,8,test,8,534,522.509277
50,8,test,9,624,600.472717
50,8,test,10,601,622.546509
50,8,test,11,568,535.971741
50,8,test,12,462,510.605255
50,8,test,13,473,570.523193
50,8,test,14,519,538.366272
50,8,test,15,595,595.691589
50,8,test,16,455,531.608398
50,8,test,17,555,534.231995
50,8,test,18,586,534.231995
50,8,test,19,525,496.990417
50,8,test,20,597,586.730042
50,8,test,21,617,620.118958
50,8,test,22,605,569.273193
50,8,test,23,528,498.850800
50,8,test,24,446,485.432159
50,8,test,25,476,496.290649
50,8,test,26,475,483.801483
50,8,test,27,612,604.696533
50,8,test,28,465,499.050079
50,8,test,29,583,591.072693
50,8,test,30,488,513.818115
50,8,test,31,431,513.345947
50,8,test,32,507,509.308868
50,8,test,33,606,582.058350
50,8,test,34,481,489.588562
50,8,test,35,526,506.823792
50,8,train,0,630,618.739380
50,8,train,1,510,510.511139
50,8,train,2,617,608.698792
50,8,train,3,577,564.521912
50,8,train,4,488,495.847809
50,8,train,5,506,519.180054
50,8,train,6,471,516.311646
50,8,train,7,505,505.769714
50,8,train,8,504,501.274719
50,8,train,9,484,485.432159
50,8,train,10,515,516.350769
50,8,train,11,557,590.239136
50,8,train,12,456,513.658325
50,8,train,13,487,511.761993
50,8,train,14,572,559.246643
50,8,train,15,630,629.853882
50,8,train,16,538,534.231995
50,8,train,17,608,604.696533
50,8,train,18,371,423.589905
50,8,train,19,580,611.928223
50,8,train,20,584,586.047119
50,8,train,21,580,571.292603
50,8,train,22,500,521.747009
50,8,train,23,623,603.794983
50,8,train,24,495,550.448608
50,8,train,25,561,526.243347
50,8,train,26,628,602.899475
50,8,train,27,492,489.246826
50,8,train,28,574,588.200439
50,8,train,29,472,496.290649
50,8,train,30,509,517.046814
50,8,train,31,480,493.280334
50,8,train,32,516,515.320740
50,8,train,33,637,609.250305
50,8,train,34,613,591.073792
50,8,train,35,608,593.448547
50,8,train,36,524,512.822693
50,8,train,37,519,507.143311
50,8,train,38,597,584.293091
50,8,train,39,606,603.232849
50,8,train,40,523,521.984009
50,8,train,41,488,510.499023
50,8,train,42,477,464.695618
50,8,train,43,456,469.873810
50,8,train,44,618,590.322876
50,8,train,45,509,517.046814
50,8,train,46,493,495.024933
50,8,train,47,575,558.757324
50,8,train,48,577,569.681091
50,8,train,49,501,491.364746
50,8,train,50,585,587.591492
50,8,train,51,596,596.219849
50,8,train,52,463,475.594543
50,8,train,53,649,618.265503
50,8,train,54,598,581.175720
50,8,train,55,693,638.503540
50,8,train,56,630,629.853882
50,8,train,57,508,512.617859
50,8,train,58,469,470.429108
50,8,train,59,472,491.357666
50,8,train,60,524,496.990417
50,8,train,61,545,569.273193
50,8,train,62,597,576.775024
50,8,train,63,543,515.492981
50,8,train,64,484,493.094818
50,8,train,65,525,497.133759
50,8,train,66,580,573.739319
50,8,train,67,522,519.030884
50,8,train,68,505,508.268158
50,8,train,69,504,496.802094
50,8,train,70,450,475.594543
50,8,train,71,478,489.458435
50,8,train,72,495,495.024933
50,8,train,73,624,621.523987
50,8,train,74,584,583.432373
50,8,train,75,459,493.554321
50,8,train,76,500,496.802094
50,8,train,77,594,590.239136
50,8,train,78,616,599.822327
50,8,train,79,541,519.180054
50,8,train,80,560,549.162781
50,8,train,81,644,615.942444
50,8,train,82,505,501.826233
50,8,train,83,494,489.246826
50,8,train,84,463,423.589905
50,8,train,85,648,626.725159
50,8,train,86,592,613.552856
50,8,train,87,464,482.852081
50,8,train,88,484,471.580627
50,8,train,89,504,510.605255
50,8,train,90,585,587.591492
50,8,train,91,645,619.371094
50,8,train,92,479,467.798676
50,8,train,93,578,561.997925
50,8,train,94,541,534.231995
50,8,train,95,455,490.647247
50,8,train,96,610,595.691589
50,8,train,97,577,569.681091
50,8,train,98,535,519.448608
50,8,train,99,507,496.346344
50,8,train,100,612,613.327393
50,8,train,101,670,660.703552
50,8,train,102,490,496.346344
50,8,train,103,572,559.246643
50,8,train,104,550,566.245422
50,8,train,105,485,506.418640
50,8,train,106,489,501.826233
50,8,train,107,502,512.617859
50,8,train,108,534,498.516846
50,8,train,109,524,497.146027
50,8,train,110,509,548.768311
50,8,train,111,640,648.000244
50,8,train,112,500,506.710632
50,8,train,113,605,602.899475
50,8,train,114,596,587.591492
50,8,train,115,644,631.572815
50,8,train,116,528,550.448608
50,8,train,117,482,507.725586
50,8,train,118,572,559.246643
50,8,train,119,460,506.680786
50,8,train,120,648,576.890076
50,8,train,121,442,478.153137
50,8,train,122,670,660.703552
50,8,train,123,522,513.561951
50,8,train,124,473,484.427948
50,8,train,125,464,493.943665
50,8,train,126,532,536.585571
50,8,train,127,507,549.335144
50,8,train,128,451,466.867371
50,8,train,129,479,497.182190
50,8,train,130,465,473.284393
50,8,train,131,456,497.001038
50,8,train,132,613,591.073792
50,8,train,133,466,479.953705
50,8,train,134,600,613.552856
50,8,train,135,516,515.320740
50,8,train,136,584,583.432373
50,8,train,137,500,506.989929
50,8,train,138,517,512.617859
50,8,train,139,522,513.561951
50,8,train,140,597,584.293091
50,9,test,0,507,530.631531
50,9,test,1,510,528.349731
50,9,test,2,648,573.112854
50,9,test,3,500,505.636658
50,9,test,4,606,574.532104
50,9,test,5,482,490.095947
50,9,test,6,605,555.476990
50,9,test,7,488,519.246765
50,9,test,8,585,594.815674
50,9,test,9,585,594.815674
50,9,test,10,640,707.576904
50,9,test,11,630,503.889496
50,9,test,12,586,545.934570
50,9,test,13,644,566.911255
50,9,test,14,505,486.497437
50,9,test,15,495,495.084412
50,9,test,16,560,510.342438
50,9,test,17,472,461.234802
50,9,test,18,543,517.744446
50,9,test,19,572,572.097412
50,9,test,20,577,571.622437
50,9,test,21,612,607.871216
50,9,test,22,550,575.399292
50,9,test,23,595,614.444275
50,9,test,24,459,490.058777
50,9,test,25,597,595.198669
50,9,test,26,509,511.057678
50,9,test,27,492,492.062683
50,9,test,28,616,562.367920
50,9,test,29,591,529.541443
50,9,test,30,477,437.359406
50,9,test,31,500,516.642151
50,9,test,32,608,607.677856
50,9,test,33,371,462.894775
50,9,test,34,644,664.952454
50,9,test,35,504,505.636658
50,9,train,0,475,473.529022
50,9,train,1,528,516.874939
50,9,train,2,592,596.295044
50,9,train,3,541,545.934570
50,9,train,4,568,560.695557
50,9,train,5,535,535.610657
50,9,train,6,617,617.519592
50,9,train,7,524,524.591309
50,9,train,8,485,488.778625
50,9,train,9,456,473.374084
50,9,train,10,613,608.490234
50,9,train,11,472,474.565887
50,9,train,12,596,594.815674
50,9,train,13,471,480.242218
50,9,train,14,507,490.146698
50,9,train,15,525,524.591309
50,9,train,16,484,469.609009
50,9,train,17,606,606.050415
50,9,train,18,557,579.701843
50,9,train,19,562,556.461060
50,9,train,20,473,473.100800
50,9,train,21,473,469.671844
50,9,train,22,572,572.097412
50,9,train,23,598,591.188477
50,9,train,24,522,521.200623
50,9,train,25,584,583.106384
50,9,train,26,484,485.722626
50,9,train,27,610,614.444275
50,9,train,28,509,511.057678
50,9,train,29,628,614.571838
50,9,train,30,538,545.934570
50,9,train,31,511,518.244446
50,9,train,32,450,460.558655
50,9,train,33,500,501.521118
50,9,train,34,528,530.978516
50,9,train,35,612,607.677856
50,9,train,36,597,600.486450
50,9,train,37,541,523.379944
50,9,train,38,431,433.251038
50,9,train,39,584,584.953857
50,9,train,40,577,575.296204
50,9,train,41,478,479.382385
50,9,train,42,617,618.121033
50,9,train,43,500,511.480072
50,9,train,44,522,521.200623
50,9,train,45,649,646.359985
50,9,train,46,524,517.415222
50,9,train,47,494,492.062683
50,9,train,48,577,571.622437
50,9,train,49,487,484.225464
50,9,train,50,488,489.136017
50,9,train,51,584,584.953857
50,9,train,52,479,479.007660
50,9,train,53,465,463.936493
50,9,train,54,583,588.453247
50,9,train,55,613,608.490234
50,9,train,56,466,470.673431
50,9,train,57,670,669.164429
50,9,train,58,637,636.429993
50,9,train,59,630,629.838318
50,9,train,60,517,508.153137
50,9,train,61,455,454.366089
50,9,train,62,505,503.534821
50,9,train,63,578,574.824463
50,9,train,64,505,493.429199
50,9,train,65,624,627.370605
50,9,train,66,618,613.154663
50,9,train,67,605,614.571838
50,9,train,68,462,477.110077
50,9,train,69,501,497.875153
50,9,train,70,460,466.080994
50,9,train,71,534,515.071716
50,9,train,72,515,512.329590
50,9,train,73,617,618.121033
50,9,train,74,545,555.476990
50,9,train,75,508,508.153137
50,9,train,76,597,595.198669
50,9,train,77,489,493.429199
50,9,train,78,600,596.295044
50,9,train,79,481,480.542389
50,9,train,80,575,573.644958
50,9,train,81,623,625.587341
50,9,train,82,580,580.392639
50,9,train,83,608,608.572388
50,9,train,84,479,478.802856
50,9,train,85,469,460.609467
50,9,train,86,464,487.369965
50,9,train,87,670,669.164429
50,9,train,88,597,596.714294
50,9,train,89,580,579.630676
50,9,train,90,509,515.560486
50,9,train,91,572,572.097412
50,9,train,92,594,579.701843
50,9,train,93,456,457.089600
50,9,train,94,465,463.405426
50,9,train,95,451,452.109711
50,9,train,96,574,573.744568
50,9,train,97,475,473.529022
50,9,train,98,493,495.084412
50,9,train,99,476,474.565887
50,9,train,100,484,481.859772
50,9,train,101,693,690.526733
50,9,train,102,463,460.558655
50,9,train,103,507,506.145660
50,9,train,104,504,500.208069
50,9,train,105,506,523.379944
50,9,train,106,624,617.594604
50,9,train,107,630,629.838318
50,9,train,108,555,545.934570
50,9,train,109,504,477.110077
50,9,train,110,524,525.579224
50,9,train,111,490,490.146698
50,9,train,112,523,522.302429
50,9,train,113,463,462.894775
50,9,train,114,516,516.454529
50,9,train,115,580,579.559265
50,9,train,116,601,603.971741
50,9,train,117,532,533.533142
50,9,train,118,596,595.773987
50,9,train,119,525,515.592712
50,9,train,120,464,467.301056
50,9,train,121,519,519.274963
50,9,train,122,648,633.212524
50,9,train,123,495,516.874939
50,9,train,124,645,644.430664
50,9,train,125,522,520.317749
50,9,train,126,480,472.882141
50,9,train,127,456,455.885437
50,9,train,128,488,492.411011
50,9,train,129,572,572.097412
50,9,train,130,526,526.995972
50,9,train,131,601,602.424805
50,9,train,132,442,449.667633
50,9,train,133,561,557.988281
50,9,train,134,455,459.248108
50,9,train,135,502,508.153137
50,9,train,136,446,469.609009
50,9,train,137,534,534.932983
50,9,train,138,689,689.665771
50,9,train,139,516,516.454529
50,9,train,140,519,514.812988
50,10,test,0,557,592.054260
50,10,test,1,572,572.322815
50,10,test,2,507,493.881470
50,10,test,3,510,510.256683
50,10,test,4,534,548.638611
50,10,test,5,613,612.968811
50,10,test,6,526,532.906799
50,10,test,7,616,641.811584
50,10,test,8,462,469.559326
50,10,test,9,577,530.313110
50,10,test,10,525,466.115967
50,10,test,11,509,583.454590
50,10,test,12,472,527.472717
50,10,test,13,464,468.054932
50,10,test,14,572,572.322815
50,10,test,15,442,489.883423
50,10,test,16,584,583.852173
50,10,test,17,524,523.455811
50,10,test,18,469,458.530396
50,10,test,19,506,540.533936
50,10,test,20,475,474.234985
50,10,test,21,481,480.988281
50,10,test,22,610,613.305115
50,10,test,23,580,574.356445
50,10,test,24,595,613.305115
50,10,test,25,500,492.790680
50,10,test,26,592,600.713440
50,10,test,27,517,505.530731
50,10,test,28,456,499.472107
50,10,test,29,488,493.902588
50,10,test,30,543,530.349426
50,10,test,31,524,541.538025
50,10,test,32,612,607.329590
50,10,test,33,504,469.559326
50,10,test,34,522,515.405212
50,10,test,35,591,551.371887
50,10,train,0,584,583.852173
50,10,train,1,572,572.322815
50,10,train,2,693,691.374878
50,10,train,3,466,466.254791
50,10,train,4,583,586.418396
50,10,train,5,535,533.885803
50,10,train,6,640,640.553040
50,10,train,7,490,493.881470
50,10,train,8,523,523.501343
50,10,train,9,630,629.990479
50,10,train,10,504,501.913574
50,10,train,11,489,496.139374
50,10,train,12,630,629.990479
50,10,train,13,606,606.443237
50,10,train,14,446,467.827240
50,10,train,15,645,644.747253
50,10,train,16,505,505.388702
50,10,train,17,584,583.000854
50,10,train,18,601,602.473572
50,10,train,19,505,496.139374
50,10,train,20,541,554.441284
50,10,train,21,456,455.002808
50,10,train,22,528,528.305481
50,10,train,23,644,643.237061
50,10,train,24,624,623.039612
50,10,train,25,371,419.198883
50,10,train,26,689,688.925598
50,10,train,27,494,492.153656
50,10,train,28,484,486.347900
50,10,train,29,585,588.599609
50,10,train,30,471,473.166779
50,10,train,31,493,494.495239
50,10,train,32,484,484.072296
50,10,train,33,670,670.222900
50,10,train,34,608,607.689819
50,10,train,35,624,626.930115
50,10,train,36,522,520.861938
50,10,train,37,600,600.713440
50,10,train,38,568,568.974976
50,10,train,39,596,588.599609
50,10,train,40,572,572.322815
50,10,train,41,492,492.153656
50,10,train,42,644,643.031799
50,10,train,43,460,459.824646
50,10,train,44,541,540.533936
50,10,train,45,580,581.749939
50,10,train,46,475,474.234985
50,10,train,47,473,473.481537
50,10,train,48,511,511.599426
50,10,train,49,618,615.085327
50,10,train,50,648,648.283081
50,10,train,51,488,488.136322
50,10,train,52,623,623.748413
50,10,train,53,628,614.096436
50,10,train,54,598,598.811890
50,10,train,55,500,500.540131
50,10,train,56,580,578.975037
50,10,train,57,487,484.025848
50,10,train,58,473,472.229095
50,10,train,59,479,480.203217
50,10,train,60,596,599.539673
50,10,train,61,500,501.913574
50,10,train,62,495,511.431580
50,10,train,63,505,505.011200
50,10,train,64,561,560.487854
50,10,train,65,613,612.968811
50,10,train,66,459,468.108673
50,10,train,67,509,510.173737
50,10,train,68,597,597.571472
50,10,train,69,508,505.530731
50,10,train,70,507,508.026154
50,10,train,71,516,515.845520
50,10,train,72,574,574.849915
50,10,train,73,534,531.614624
50,10,train,74,451,449.435303
50,10,train,75,597,597.499573
50,10,train,76,562,559.107605
50,10,train,77,617,614.579346
50,10,train,78,519,518.968445
50,10,train,79,555,554.441284
50,10,train,80,463,457.813446
50,10,train,81,608,607.329590
50,10,train,82,456,456.644989
50,10,train,83,597,597.251160
50,10,train,84,597,597.251160
50,10,train,85,524,524.498535
50,10,train,86,577,576.472595
50,10,train,87,501,500.569489
50,10,train,88,450,457.813446
50,10,train,89,594,592.054260
50,10,train,90,605,573.720947
50,10,train,91,577,576.472595
50,10,train,92,478,474.562622
50,10,train,93,605,614.096436
50,10,train,94,515,515.320251
50,10,train,95,532,532.527832
50,10,train,96,649,646.392090
50,10,train,97,504,503.264679
50,10,train,98,509,510.173737
50,10,train,99,484,467.827240
50,10,train,100,522,520.861938
50,10,train,101,648,645.943237
50,10,train,102,586,554.441284
50,10,train,103,578,577.424011
50,10,train,104,465,466.774963
50,10,train,105,612,609.773193
50,10,train,106,455,454.399475
50,10,train,107,477,475.944550
50,10,train,108,585,588.599609
50,10,train,109,630,623.832642
50,10,train,110,670,670.222900
50,10,train,111,516,515.845520
50,10,train,112,463,419.198883
50,10,train,113,519,516.540344
50,10,train,114,507,506.548584
50,10,train,115,525,523.455811
50,10,train,116,482,484.017792
50,10,train,117,488,487.341431
50,10,train,118,637,635.675598
50,10,train,119,480,479.095490
50,10,train,120,606,603.878601
50,10,train,121,485,487.016327
50,10,train,122,617,616.711914
50,10,train,123,560,561.166443
50,10,train,124,464,464.690002
50,10,train,125,617,616.711914
50,10,train,126,545,573.720947
50,10,train,127,465,465.454102
50,10,train,128,601,601.576172
50,10,train,129,538,554.441284
50,10,train,130,495,494.495239
50,10,train,131,472,473.306763
50,10,train,132,431,431.934998
50,10,train,133,500,501.829742
50,10,train,134,476,473.306763
50,10,train,135,479,479.788696
50,10,train,136,575,573.372375
50,10,train,137,455,455.172272
50,10,train,138,550,553.139465
50,10,train,139,502,505.530731
50,10,train,140,528,511.431580
69,1,test,0,584,574.969421
69,1,test,1,510,534.210449
69,1,test,2,525,476.486145
69,1,test,3,557,591.513062
69,1,test,4,596,591.949463
69,1,test,5,528,495.764130
69,1,test,6,645,584.680115
69,1,test,7,460,526.825134
69,1,test,8,572,571.148376
69,1,test,9,509,513.825073
69,1,test,10,577,564.749451
69,1,test,11,555,548.774658
69,1,test,12,485,531.609558
69,1,test,13,580,581.028442
69,1,test,14,456,466.176605
69,1,test,15,597,557.316284
69,1,test,16,484,492.854919
69,1,test,17,584,566.433289
69,1,test,18,502,508.638916
69,1,test,19,612,607.510498
69,1,test,20,644,633.317078
69,1,test,21,501,492.715546
69,1,test,22,462,513.207764
69,1,test,23,495,493.476562
69,1,test,24,601,633.030396
69,1,test,25,613,571.775024
69,1,test,26,610,577.801147
69,1,test,27,580,622.078369
69,1,test,28,545,591.314819
69,1,test,29,469,454.496979
69,1,test,30,479,500.851624
69,1,test,31,478,522.092468
69,1,test,32,446,492.854919
69,1,test,33,463,467.288208
69,1,test,34,613,571.775024
69,1,test,35,572,571.148376
69,1,train,0,572,571.148376
69,1,train,1,524,527.624146
69,1,train,2,575,565.076172
69,1,train,3,600,595.217285
69,1,train,4,560,543.339966
69,1,train,5,442,468.424377
69,1,train,6,451,451.441315
69,1,train,7,616,622.226990
69,1,train,8,534,534.976257
69,1,train,9,608,607.360596
69,1,train,10,489,499.038330
69,1,train,11,637,625.559998
69,1,train,12,648,600.518066
69,1,train,13,523,516.139160
69,1,train,14,519,511.786560
69,1,train,15,524,525.026489
69,1,train,16,500,502.311157
69,1,train,17,495,524.923096
69,1,train,18,585,591.949463
69,1,train,19,509,513.825073
69,1,train,20,577,564.749451
69,1,train,21,479,481.412964
69,1,train,22,504,506.852966
69,1,train,23,509,522.969727
69,1,train,24,606,594.757263
69,1,train,25,605,600.641235
69,1,train,26,484,480.211456
69,1,train,27,488,487.513672
69,1,train,28,630,627.625305
69,1,train,29,507,535.017456
69,1,train,30,522,519.992554
69,1,train,31,628,606.911316
69,1,train,32,522,519.992554
69,1,train,33,578,577.441223
69,1,train,34,640,654.857544
69,1,train,35,618,621.555176
69,1,train,36,431,443.099335
69,1,train,37,649,636.004089
69,1,train,38,526,526.135315
69,1,train,39,535,516.575745
69,1,train,40,507,509.402679
69,1,train,41,541,556.074951
69,1,train,42,612,607.360596
69,1,train,43,617,622.258606
69,1,train,44,459,491.543549
69,1,train,45,597,596.667847
69,1,train,46,538,548.774658
69,1,train,47,508,508.638916
69,1,train,48,525,522.127991
69,1,train,49,455,478.709686
69,1,train,50,472,490.505554
69,1,train,51,596,592.521484
69,1,train,52,617,620.577576
69,1,train,53,623,616.577026
69,1,train,54,594,591.513062
69,1,train,55,480,480.996765
69,1,train,56,504,503.206940
69,1,train,57,516,515.627075
69,1,train,58,541,529.820679
69,1,train,59,505,506.239349
69,1,train,60,515,510.419495
69,1,train,61,522,520.084229
69,1,train,62,506,523.925903
69,1,train,63,577,572.071045
69,1,train,64,574,577.734680
69,1,train,65,624,618.178772
69,1,train,66,543,535.546570
69,1,train,67,644,628.389221
69,1,train,68,584,574.969421
69,1,train,69,500,500.649536
69,1,train,70,689,671.771790
69,1,train,71,586,556.074951
69,1,train,72,617,620.577576
69,1,train,73,473,484.326599
69,1,train,74,572,571.148376
69,1,train,75,595,577.801147
69,1,train,76,528,524.923096
69,1,train,77,492,491.999115
69,1,train,78,516,515.627075
69,1,train,79,473,481.400604
69,1,train,80,505,507.852661
69,1,train,81,534,501.317627
69,1,train,82,630,627.625305
69,1,train,83,670,667.725952
69,1,train,84,598,587.337646
69,1,train,85,488,505.130341
69,1,train,86,481,481.677124
69,1,train,87,455,455.717682
69,1,train,88,550,552.372498
69,1,train,89,505,494.297180
69,1,train,90,608,597.383972
69,1,train,91,482,480.714233
69,1,train,92,466,469.517395
69,1,train,93,471,490.665436
69,1,train,94,624,610.177246
69,1,train,95,591,583.172791
69,1,train,96,488,490.931030
69,1,train,97,606,608.294800
69,1,train,98,693,675.773499
69,1,train,99,475,482.620544
69,1,train,100,484,487.113922
69,1,train,101,580,573.758484
69,1,train,102,511,509.861938
69,1,train,103,562,556.909668
69,1,train,104,630,605.014160
69,1,train,105,583,592.442688
69,1,train,106,465,467.226624
69,1,train,107,524,514.776733
69,1,train,108,472,480.464203
69,1,train,109,456,489.150269
69,1,train,110,456,470.663544
69,1,train,111,475,482.620544
69,1,train,112,465,479.564240
69,1,train,113,561,539.064819
69,1,train,114,464,482.523010
69,1,train,115,490,483.101440
69,1,train,116,450,467.288208
69,1,train,117,601,614.986511
69,1,train,118,463,417.281067
69,1,train,119,670,667.725952
69,1,train,120,597,596.667847
69,1,train,121,592,595.217285
69,1,train,122,597,590.425537
69,1,train,123,371,417.281067
69,1,train,124,500,511.559479
69,1,train,125,476,480.464203
69,1,train,126,464,474.258270
69,1,train,127,494,491.999115
69,1,train,128,585,591.949463
69,1,train,129,507,496.218811
69,1,train,130,568,557.570618
69,1,train,131,500,508.287598
69,1,train,132,605,606.911316
69,1,train,133,519,517.430420
69,1,train,134,504,502.311157
69,1,train,135,487,487.911652
69,1,train,136,517,508.638916
69,1,train,137,532,536.908203
69,1,train,138,493,493.476562
69,1,train,139,477,470.074249
69,1,train,140,648,643.244446
69,2,test,0,495,531.835083
69,2,test,1,473,570.682251
69,2,test,2,618,586.278809
69,2,test,3,568,567.793213
69,2,test,4,584,595.822998
69,2,test,5,507,535.523438
69,2,test,6,455,575.029724
69,2,test,7,543,498.681580
69,2,test,8,597,599.963440
69,2,test,9,600,591.204102
69,2,test,10,524,527.874146
69,2,test,11,475,473.632782
69,2,test,12,459,543.613159
69,2,test,13,500,481.699249
69,2,test,14,689,632.341125
69,2,test,15,606,574.179688
69,2,test,16,580,556.813538
69,2,test,17,541,572.012695
69,2,test,18,580,625.876160
69,2,test,19,476,475.873962
69,2,test,20,617,557.500305
69,2,test,21,628,602.914673
69,2,test,22,509,524.713684
69,2,test,23,509,524.713684
69,2,test,24,463,466.850037
69,2,test,25,596,587.054565
69,2,test,26,522,521.543823
69,2,test,27,608,577.397949
69,2,test,28,560,490.730133
69,2,test,29,693,602.798462
69,2,test,30,517,502.000671
69,2,test,31,455,562.523376
69,2,test,32,446,473.071106
69,2,test,33,534,488.612457
69,2,test,34,577,574.089783
69,2,test,35,575,587.678528
69,2,train,0,528,525.944092
69,2,train,1,645,618.431274
69,2,train,2,585,587.054565
69,2,train,3,516,517.121643
69,2,train,4,479,481.541534
69,2,train,5,473,463.709198
69,2,train,6,487,484.211426
69,2,train,7,460,478.483948
69,2,train,8,500,500.722931
69,2,train,9,596,595.325439
69,2,train,10,519,520.502197
69,2,train,11,608,606.006897
69,2,train,12,492,490.781982
69,2,train,13,509,527.609131
69,2,train,14,479,480.880981
69,2,train,15,505,502.003784
69,2,train,16,466,490.632507
69,2,train,17,613,603.765808
69,2,train,18,630,627.772095
69,2,train,19,511,502.077271
69,2,train,20,478,479.128784
69,2,train,21,465,475.153595
69,2,train,22,605,602.914673
69,2,train,23,524,521.690125
69,2,train,24,515,515.248291
69,2,train,25,477,477.251007
69,2,train,26,494,490.781982
69,2,train,27,577,574.089783
69,2,train,28,488,488.714691
69,2,train,29,578,571.171082
69,2,train,30,484,473.071106
69,2,train,31,465,469.362396
69,2,train,32,480,477.494720
69,2,train,33,538,551.858704
69,2,train,34,586,572.012695
69,2,train,35,532,533.454956
69,2,train,36,598,596.321899
69,2,train,37,670,648.411865
69,2,train,38,507,495.079926
69,2,train,39,505,501.814178
69,2,train,40,500,499.557526
69,2,train,41,519,517.495422
69,2,train,42,525,526.245667
69,2,train,43,630,610.677185
69,2,train,44,508,502.000671
69,2,train,45,605,590.959961
69,2,train,46,442,468.554871
69,2,train,47,482,483.680695
69,2,train,48,484,486.506897
69,2,train,49,464,468.940338
69,2,train,50,451,462.980652
69,2,train,51,371,447.770874
69,2,train,52,524,523.084900
69,2,train,53,535,513.967468
69,2,train,54,472,483.348969
69,2,train,55,545,581.419800
69,2,train,56,572,574.208557
69,2,train,57,617,620.155762
69,2,train,58,649,629.414673
69,2,train,59,504,505.569153
69,2,train,60,463,447.770874
69,2,train,61,456,497.178101
69,2,train,62,601,599.367737
69,2,train,63,630,627.772095
69,2,train,64,572,574.208557
69,2,train,65,597,594.718811
69,2,train,66,648,605.267944
69,2,train,67,613,603.765808
69,2,train,68,500,499.423248
69,2,train,69,502,502.000671
69,2,train,70,464,479.342804
69,2,train,71,489,496.582214
69,2,train,72,504,500.722931
69,2,train,73,592,591.204102
69,2,train,74,475,473.632782
69,2,train,75,505,499.295349
69,2,train,76,534,528.287354
69,2,train,77,525,513.632385
69,2,train,78,481,485.405518
69,2,train,79,670,648.411865
69,2,train,80,612,606.006897
69,2,train,81,585,587.054565
69,2,train,82,528,531.835083
69,2,train,83,456,473.732819
69,2,train,84,574,580.033203
69,2,train,85,601,599.907288
69,2,train,86,577,575.089417
69,2,train,87,488,485.986084
69,2,train,88,472,475.873962
69,2,train,89,456,464.591553
69,2,train,90,591,585.316772
69,2,train,91,624,623.078857
69,2,train,92,431,457.429016
69,2,train,93,597,594.718811
69,2,train,94,584,583.152344
69,2,train,95,469,464.370422
69,2,train,96,522,521.543823
69,2,train,97,495,493.843201
69,2,train,98,526,528.562927
69,2,train,99,640,640.331421
69,2,train,100,616,624.272217
69,2,train,101,580,577.466064
69,2,train,102,623,606.744751
69,2,train,103,507,508.612183
69,2,train,104,597,597.591736
69,2,train,105,624,618.614197
69,2,train,106,471,487.160309
69,2,train,107,506,511.979065
69,2,train,108,583,582.201477
69,2,train,109,504,488.796387
69,2,train,110,594,578.512024
69,2,train,111,617,620.155762
69,2,train,112,557,578.512024
69,2,train,113,595,602.817505
69,2,train,114,488,486.909668
69,2,train,115,523,523.464172
69,2,train,116,637,618.431274
69,2,train,117,644,616.161987
69,2,train,118,572,574.208557
69,2,train,119,644,639.216553
69,2,train,120,485,492.921936
69,2,train,121,555,551.858704
69,2,train,122,572,574.208557
69,2,train,123,648,635.082947
69,2,train,124,510,516.037415
69,2,train,125,522,525.126892
69,2,train,126,484,487.904480
69,2,train,127,612,612.897095
69,2,train,128,490,493.890686
69,2,train,129,610,602.817505
69,2,train,130,462,475.146942
69,2,train,131,584,583.152344
69,2,train,132,541,537.569275
69,2,train,133,450,466.850037
69,2,train,134,516,517.121643
69,2,train,135,501,501.236115
69,2,train,136,606,598.780518
69,2,train,137,561,548.006348
69,2,train,138,493,493.843201
69,2,train,139,550,548.528015
69,2,train,140,562,553.290833
69,3,test,0,601,626.844055
69,3,test,1,596,593.398865
69,3,test,2,574,567.647217
69,3,test,3,466,480.903839
69,3,test,4,482,486.264313
69,3,test,5,473,529.633911
69,3,test,6,594,569.773682
69,3,test,7,493,494.717529
69,3,test,8,524,528.423279
69,3,test,9,644,598.761719
69,3,test,10,455,483.798309
69,3,test,11,475,477.879822
69,3,test,12,505,482.904785
69,3,test,13,612,602.036011
69,3,test,14,644,615.765808
69,3,test,15,459,526.348267
69,3,test,16,597,589.152710
69,3,test,17,550,551.797607
69,3,test,18,524,513.153259
69,3,test,19,506,554.187317
69,3,test,20,523,516.504639
69,3,test,21,500,506.668945
69,3,test,22,568,547.018127
69,3,test,23,640,663.331848
69,3,test,24,605,603.938171
69,3,test,25,465,473.479675
69,3,test,26,610,596.651733
69,3,test,27,608,581.428040
69,3,test,28,585,593.398865
69,3,test,29,584,581.523560
69,3,test,30,597,546.021301
69,3,test,31,555,544.700989
69,3,test,32,507,508.032013
69,3,test,33,670,646.640015
69,3,test,34,598,546.548523
69,3,test,35,617,599.974670
69,3,train,0,580,578.619751
69,3,train,1,595,596.651733
69,3,train,2,612,613.649841
69,3,train,3,463,425.023438
69,3,train,4,463,461.171265
69,3,train,5,541,533.934753
69,3,train,6,617,621.387268
69,3,train,7,572,569.949097
69,3,train,8,525,515.886047
69,3,train,9,495,524.227905
69,3,train,10,460,483.219025
69,3,train,11,693,653.307373
69,3,train,12,484,470.382599
69,3,train,13,495,494.717529
69,3,train,14,472,479.625000
69,3,train,15,623,608.767334
69,3,train,16,586,555.653381
69,3,train,17,488,489.942902
69,3,train,18,519,509.969086
69,3,train,19,585,593.398865
69,3,train,20,670,646.640015
69,3,train,21,630,631.169983
69,3,train,22,465,481.032074
69,3,train,23,618,613.748840
69,3,train,24,606,599.524292
69,3,train,25,572,569.949097
69,3,train,26,561,537.721558
69,3,train,27,605,586.590393
69,3,train,28,504,495.627319
69,3,train,29,473,478.646454
69,3,train,30,528,512.987732
69,3,train,31,490,483.991974
69,3,train,32,500,510.222290
69,3,train,33,649,636.814270
69,3,train,34,522,518.088989
69,3,train,35,628,603.938171
69,3,train,36,584,575.472961
69,3,train,37,455,479.914429
69,3,train,38,597,589.363098
69,3,train,39,516,516.473328
69,3,train,40,515,511.816864
69,3,train,41,525,499.499420
69,3,train,42,484,477.458557
69,3,train,43,502,508.579071
69,3,train,44,592,600.356323
69,3,train,45,488,487.934143
69,3,train,46,645,624.933899
69,3,train,47,577,571.739136
69,3,train,48,577,570.840759
69,3,train,49,476,479.625000
69,3,train,50,500,501.770844
69,3,train,51,481,487.067169
69,3,train,52,528,524.227905
69,3,train,53,494,489.357117
69,3,train,54,456,489.440247
69,3,train,55,580,601.093567
69,3,train,56,616,614.628967
69,3,train,57,534,531.590698
69,3,train,58,431,444.573303
69,3,train,59,606,596.920532
69,3,train,60,532,538.162109
69,3,train,61,477,470.380920
69,3,train,62,442,477.023804
69,3,train,63,451,460.515717
69,3,train,64,608,602.036011
69,3,train,65,479,484.127075
69,3,train,66,578,568.466797
69,3,train,67,464,475.020142
69,3,train,68,478,485.257385
69,3,train,69,624,607.535095
69,3,train,70,517,508.579071
69,3,train,71,464,486.298615
69,3,train,72,600,600.356323
69,3,train,73,630,602.877930
69,3,train,74,504,501.494476
69,3,train,75,507,525.759155
69,3,train,76,584,581.523560
69,3,train,77,597,589.152710
69,3,train,78,472,485.628693
69,3,train,79,501,495.886749
69,3,train,80,508,508.579071
69,3,train,81,456,463.762299
69,3,train,82,583,589.597961
69,3,train,83,624,621.480835
69,3,train,84,471,488.048218
69,3,train,85,545,566.471313
69,3,train,86,572,569.949097
69,3,train,87,630,631.169983
69,3,train,88,617,621.387268
69,3,train,89,522,520.328857
69,3,train,90,543,539.752625
69,3,train,91,504,507.291138
69,3,train,92,562,551.466736
69,3,train,93,526,521.200134
69,3,train,94,613,601.266113
69,3,train,95,475,477.879822
69,3,train,96,575,563.167603
69,3,train,97,462,484.409088
69,3,train,98,510,519.177002
69,3,train,99,648,604.822205
69,3,train,100,601,616.362549
69,3,train,101,560,542.261169
69,3,train,102,488,497.985382
69,3,train,103,577,570.840759
69,3,train,104,505,506.484314
69,3,train,105,580,572.276245
69,3,train,106,509,513.661133
69,3,train,107,507,497.492157
69,3,train,108,648,630.476135
69,3,train,109,487,487.817535
69,3,train,110,479,482.826904
69,3,train,111,637,619.622498
69,3,train,112,450,461.171265
69,3,train,113,480,480.307709
69,3,train,114,689,671.458374
69,3,train,115,613,601.266113
69,3,train,116,469,461.088257
69,3,train,117,516,516.473328
69,3,train,118,557,569.773682
69,3,train,119,572,569.949097
69,3,train,120,519,522.541626
69,3,train,121,456,480.759369
69,3,train,122,541,555.653381
69,3,train,123,509,530.578552
69,3,train,124,446,470.382599
69,3,train,125,489,497.111481
69,3,train,126,591,577.806580
69,3,train,127,371,425.023438
69,3,train,128,522,518.088989
69,3,train,129,484,488.408264
69,3,train,130,596,595.176514
69,3,train,131,492,489.357117
69,3,train,132,505,505.955200
69,3,train,133,524,517.194824
69,3,train,134,485,492.149139
69,3,train,135,500,501.494476
69,3,train,136,535,521.803345
69,3,train,137,538,544.700989
69,3,train,138,511,509.416229
69,3,train,139,534,514.149353
69,3,train,140,509,513.661133
69,4,test,0,541,469.900970
69,4,test,1,463,488.092133
69,4,test,2,460,512.906494
69,4,test,3,628,609.180054
69,4,test,4,489,496.214417
69,4,test,5,476,471.704193
69,4,test,6,591,571.550232
69,4,test,7,504,492.325134
69,4,test,8,475,476.863068
69,4,test,9,488,494.246765
69,4,test,10,572,570.430786
69,4,test,11,648,509.185242
69,4,test,12,524,531.949890
69,4,test,13,618,574.424194
69,4,test,14,637,577.400452
69,4,test,15,522,500.036224
69,4,test,16,600,593.043213
69,4,test,17,572,570.430786
69,4,test,18,522,500.036224
69,4,test,19,484,484.976044
69,4,test,20,572,570.430786
69,4,test,21,623,543.705505
69,4,test,22,479,483.243439
69,4,test,23,504,461.273865
69,4,test,24,459,542.814270
69,4,test,25,517,505.409271
69,4,test,26,557,591.574341
69,4,test,27,516,515.089355
69,4,test,28,371,488.092133
69,4,test,29,473,501.281860
69,4,test,30,610,595.644348
69,4,test,31,525,510.442596
69,4,test,32,495,529.693542
69,4,test,33,575,573.096619
69,4,test,34,488,485.816010
69,4,test,35,464,494.661835
69,4,train,0,545,548.342041
69,4,train,1,525,516.221924
69,4,train,2,541,560.746155
69,4,train,3,617,617.470703
69,4,train,4,500,501.760773
69,4,train,5,580,583.384766
69,4,train,6,693,691.887451
69,4,train,7,464,481.110016
69,4,train,8,451,452.411072
69,4,train,9,463,458.971222
69,4,train,10,585,588.616516
69,4,train,11,477,475.247253
69,4,train,12,568,564.979126
69,4,train,13,500,500.943848
69,4,train,14,522,521.247742
69,4,train,15,585,588.616516
69,4,train,16,613,610.141418
69,4,train,17,577,573.598083
69,4,train,18,577,573.598083
69,4,train,19,505,501.794769
69,4,train,20,584,585.648560
69,4,train,21,509,510.714142
69,4,train,22,488,489.566406
69,4,train,23,508,505.409271
69,4,train,24,574,574.334961
69,4,train,25,479,481.112488
69,4,train,26,630,630.428345
69,4,train,27,605,609.180054
69,4,train,28,617,616.827332
69,4,train,29,608,606.051819
69,4,train,30,507,506.528412
69,4,train,31,505,507.796051
69,4,train,32,597,596.170898
69,4,train,33,507,481.580719
69,4,train,34,645,643.710876
69,4,train,35,455,451.990082
69,4,train,36,515,515.547119
69,4,train,37,584,584.269165
69,4,train,38,597,601.016663
69,4,train,39,446,462.853119
69,4,train,40,580,578.573303
69,4,train,41,594,591.574341
69,4,train,42,455,459.460968
69,4,train,43,471,478.578888
69,4,train,44,482,478.924316
69,4,train,45,506,506.694916
69,4,train,46,478,478.959656
69,4,train,47,490,479.551544
69,4,train,48,450,458.971222
69,4,train,49,577,577.150024
69,4,train,50,500,498.076782
69,4,train,51,507,513.092041
69,4,train,52,550,553.704529
69,4,train,53,670,668.948059
69,4,train,54,606,606.936951
69,4,train,55,456,466.027679
69,4,train,56,586,560.746155
69,4,train,57,469,465.497070
69,4,train,58,543,541.692505
69,4,train,59,456,458.280853
69,4,train,60,595,595.644348
69,4,train,61,596,595.337280
69,4,train,62,598,597.934631
69,4,train,63,612,608.990540
69,4,train,64,510,514.479065
69,4,train,65,616,618.918945
69,4,train,66,528,529.504822
69,4,train,67,484,484.976044
69,4,train,68,689,682.686951
69,4,train,69,480,469.098236
69,4,train,70,592,593.043213
69,4,train,71,596,588.616516
69,4,train,72,528,529.693542
69,4,train,73,524,524.585999
69,4,train,74,605,594.148743
69,4,train,75,601,601.670044
69,4,train,76,612,608.785461
69,4,train,77,617,616.827332
69,4,train,78,494,493.047455
69,4,train,79,484,462.853119
69,4,train,80,502,505.409271
69,4,train,81,555,546.810974
69,4,train,82,534,531.921936
69,4,train,83,597,596.170898
69,4,train,84,562,564.906128
69,4,train,85,560,552.188721
69,4,train,86,640,647.530884
69,4,train,87,493,492.694550
69,4,train,88,648,645.089355
69,4,train,89,583,587.044739
69,4,train,90,472,471.704193
69,4,train,91,644,642.224548
69,4,train,92,485,485.127777
69,4,train,93,442,481.580719
69,4,train,94,578,577.973877
69,4,train,95,487,482.390015
69,4,train,96,613,610.141418
69,4,train,97,505,505.073730
69,4,train,98,524,522.684204
69,4,train,99,473,472.697327
69,4,train,100,501,500.797485
69,4,train,101,561,559.788696
69,4,train,102,504,500.943848
69,4,train,103,495,492.694550
69,4,train,104,462,461.969513
69,4,train,105,584,585.648560
69,4,train,106,670,668.948059
69,4,train,107,465,463.680206
69,4,train,108,456,454.875641
69,4,train,109,475,476.863068
69,4,train,110,481,481.056183
69,4,train,111,624,621.411560
69,4,train,112,431,433.310913
69,4,train,113,509,512.752686
69,4,train,114,580,578.077820
69,4,train,115,500,499.206757
69,4,train,116,630,627.414185
69,4,train,117,526,520.702026
69,4,train,118,534,535.387390
69,4,train,119,492,493.047455
69,4,train,120,535,533.873962
69,4,train,121,538,546.810974
69,4,train,122,511,509.978943
69,4,train,123,624,621.097168
69,4,train,124,519,512.669922
69,4,train,125,644,644.702515
69,4,train,126,608,608.990540
69,4,train,127,601,610.044006
69,4,train,128,465,465.669769
69,4,train,129,472,477.707886
69,4,train,130,509,510.714142
69,4,train,131,466,468.746979
69,4,train,132,572,570.430786
69,4,train,133,523,525.126770
69,4,train,134,532,531.594055
69,4,train,135,597,595.796814
69,4,train,136,630,630.428345
69,4,train,137,516,515.089355
69,4,train,138,519,521.552307
69,4,train,139,649,643.667786
69,4,train,140,606,600.932129
69,5,test,0,482,483.939087
69,5,test,1,601,606.181946
69,5,test,2,475,471.858002
69,5,test,3,605,571.224487
69,5,test,4,617,575.957947
69,5,test,5,465,500.823730
69,5,test,6,689,623.977112
69,5,test,7,616,631.952271
69,5,test,8,522,521.699707
69,5,test,9,500,509.326660
69,5,test,10,598,572.575012
69,5,test,11,560,503.011383
69,5,test,12,500,500.917175
69,5,test,13,594,565.498962
69,5,test,14,509,594.960388
69,5,test,15,568,543.436218
69,5,test,16,600,587.275146
69,5,test,17,580,555.094910
69,5,test,18,577,573.268250
69,5,test,19,535,517.661011
69,5,test,20,618,586.467407
69,5,test,21,534,526.690613
69,5,test,22,489,504.226318
69,5,test,23,617,621.486389
69,5,test,24,591,508.192291
69,5,test,25,456,595.175354
69,5,test,26,606,561.719849
69,5,test,27,605,615.604309
69,5,test,28,472,490.294434
69,5,test,29,516,517.330627
69,5,test,30,473,562.737000
69,5,test,31,504,509.636719
69,5,test,32,475,471.858002
69,5,test,33,505,507.313446
69,5,test,34,465,465.309814
69,5,test,35,596,585.532410
69,5,train,0,644,640.635376
69,5,train,1,541,539.967529
69,5,train,2,525,526.714355
69,5,train,3,670,652.001282
69,5,train,4,517,509.326660
69,5,train,5,480,476.200439
69,5,train,6,524,522.955078
69,5,train,7,463,441.612579
69,5,train,8,464,482.857697
69,5,train,9,511,510.227295
69,5,train,10,490,487.007416
69,5,train,11,495,513.958069
69,5,train,12,584,583.258179
69,5,train,13,597,596.172852
69,5,train,14,528,529.305481
69,5,train,15,597,593.344727
69,5,train,16,525,503.514160
69,5,train,17,371,441.612579
69,5,train,18,500,505.070923
69,5,train,19,488,486.606171
69,5,train,20,510,514.413025
69,5,train,21,459,469.333466
69,5,train,22,584,583.258179
69,5,train,23,550,547.370239
69,5,train,24,464,467.883728
69,5,train,25,577,574.532837
69,5,train,26,601,601.668457
69,5,train,27,534,499.817993
69,5,train,28,524,523.576904
69,5,train,29,578,573.684692
69,5,train,30,555,547.427429
69,5,train,31,630,626.703735
69,5,train,32,492,493.081543
69,5,train,33,479,485.805084
69,5,train,34,597,593.344727
69,5,train,35,505,506.851288
69,5,train,36,485,496.369354
69,5,train,37,462,472.699341
69,5,train,38,493,495.013824
69,5,train,39,580,575.285950
69,5,train,40,507,491.381073
69,5,train,41,584,582.747864
69,5,train,42,612,608.393494
69,5,train,43,487,485.843903
69,5,train,44,519,518.923035
69,5,train,45,456,470.227539
69,5,train,46,613,609.178162
69,5,train,47,557,565.498962
69,5,train,48,624,618.750854
69,5,train,49,561,550.170410
69,5,train,50,585,585.532410
69,5,train,51,501,501.492065
69,5,train,52,648,636.793518
69,5,train,53,572,572.064697
69,5,train,54,640,636.186707
69,5,train,55,431,456.572357
69,5,train,56,455,465.542419
69,5,train,57,476,476.499298
69,5,train,58,481,485.294434
69,5,train,59,606,602.039795
69,5,train,60,484,488.405151
69,5,train,61,505,504.173492
69,5,train,62,645,633.033691
69,5,train,63,456,463.939880
69,5,train,64,596,594.455322
69,5,train,65,543,542.209900
69,5,train,66,506,508.776093
69,5,train,67,488,489.413483
69,5,train,68,624,623.087280
69,5,train,69,526,525.225830
69,5,train,70,516,517.330627
69,5,train,71,507,513.026917
69,5,train,72,693,641.038513
69,5,train,73,442,468.380310
69,5,train,74,628,615.604309
69,5,train,75,574,574.431946
69,5,train,76,446,470.182251
69,5,train,77,500,493.702362
69,5,train,78,610,600.121094
69,5,train,79,477,477.513397
69,5,train,80,528,513.958069
69,5,train,81,504,497.593079
69,5,train,82,572,572.064697
69,5,train,83,460,482.696960
69,5,train,84,509,510.400055
69,5,train,85,545,565.854431
69,5,train,86,562,552.666016
69,5,train,87,613,609.178162
69,5,train,88,585,585.532410
69,5,train,89,637,624.089294
69,5,train,90,580,581.075378
69,5,train,91,484,470.182251
69,5,train,92,524,523.690735
69,5,train,93,572,572.064697
69,5,train,94,522,523.549561
69,5,train,95,595,600.121094
69,5,train,96,577,573.268250
69,5,train,97,466,484.418549
69,5,train,98,451,462.608032
69,5,train,99,617,621.486389
69,5,train,100,508,509.326660
69,5,train,101,488,489.191772
69,5,train,102,648,610.347717
69,5,train,103,484,488.405151
69,5,train,104,644,632.650696
69,5,train,105,592,587.275146
69,5,train,106,541,558.988647
69,5,train,107,612,604.081482
69,5,train,108,623,615.507935
69,5,train,109,522,521.699707
69,5,train,110,469,465.330627
69,5,train,111,507,509.326660
69,5,train,112,538,547.427429
69,5,train,113,523,524.306213
69,5,train,114,463,465.975677
69,5,train,115,649,630.179077
69,5,train,116,572,572.064697
69,5,train,117,519,519.449463
69,5,train,118,608,587.045959
69,5,train,119,509,510.400055
69,5,train,120,532,533.010498
69,5,train,121,583,583.774780
69,5,train,122,494,493.081543
69,5,train,123,502,509.326660
69,5,train,124,670,652.001282
69,5,train,125,630,612.980957
69,5,train,126,455,465.542419
69,5,train,127,608,608.393494
69,5,train,128,586,558.988647
69,5,train,129,471,483.612793
69,5,train,130,575,573.226868
69,5,train,131,473,470.190247
69,5,train,132,450,465.975677
69,5,train,133,478,478.866333
69,5,train,134,597,595.507141
69,5,train,135,479,479.849518
69,5,train,136,472,476.499298
69,5,train,137,495,495.013824
69,5,train,138,504,500.917175
69,5,train,139,515,515.686768
69,5,train,140,630,626.703735
69,6,test,0,493,493.256989
69,6,test,1,596,584.275696
69,6,test,2,509,517.532471
69,6,test,3,585,584.275696
69,6,test,4,525,488.158905
69,6,test,5,577,560.488037
69,6,test,6,500,508.643921
69,6,test,7,516,518.182495
69,6,test,8,617,627.437195
69,6,test,9,459,506.263641
69,6,test,10,630,546.827026
69,6,test,11,451,465.213470
69,6,test,12,516,518.182495
69,6,test,13,555,556.813232
69,6,test,14,644,602.007141
69,6,test,15,580,565.950134
69,6,test,16,541,566.012695
69,6,test,17,597,593.459412
69,6,test,18,489,510.620544
69,6,test,19,522,513.790527
69,6,test,20,464,489.373077
69,6,test,21,463,394.101410
69,6,test,22,584,578.159851
69,6,test,23,538,556.813232
69,6,test,24,644,596.126160
69,6,test,25,455,490.862976
69,6,test,26,484,490.936493
69,6,test,27,484,498.603546
69,6,test,28,476,487.661652
69,6,test,29,624,587.915466
69,6,test,30,481,510.426270
69,6,test,31,528,494.873749
69,6,test,32,463,471.001678
69,6,test,33,670,653.035767
69,6,test,34,613,592.830933
69,6,test,35,446,490.936493
69,6,train,0,560,547.078369
69,6,train,1,689,671.834534
69,6,train,2,371,394.101410
69,6,train,3,601,614.669434
69,6,train,4,492,492.328033
69,6,train,5,482,479.664124
69,6,train,6,648,639.928772
69,6,train,7,586,566.012695
69,6,train,8,442,471.969086
69,6,train,9,630,629.091553
69,6,train,10,473,483.414490
69,6,train,11,572,570.333679
69,6,train,12,630,629.091553
69,6,train,13,605,602.644348
69,6,train,14,624,619.737305
69,6,train,15,648,590.842834
69,6,train,16,506,523.971802
69,6,train,17,572,570.333679
69,6,train,18,628,602.644348
69,6,train,19,495,525.577515
69,6,train,20,572,570.333679
69,6,train,21,545,570.724121
69,6,train,22,465,462.825317
69,6,train,23,616,613.874817
69,6,train,24,507,531.573303
69,6,train,25,617,627.437195
69,6,train,26,478,483.356506
69,6,train,27,584,578.159851
69,6,train,28,510,515.407776
69,6,train,29,515,505.768280
69,6,train,30,605,586.135437
69,6,train,31,504,502.761963
69,6,train,32,608,605.231873
69,6,train,33,597,593.459412
69,6,train,34,594,577.013672
69,6,train,35,472,489.471100
69,6,train,36,572,570.333679
69,6,train,37,574,577.982910
69,6,train,38,649,636.149475
69,6,train,39,464,473.699646
69,6,train,40,473,463.969055
69,6,train,41,431,442.756958
69,6,train,42,507,498.431305
69,6,train,43,523,514.564758
69,6,train,44,504,503.470978
69,6,train,45,532,536.003296
69,6,train,46,456,490.080109
69,6,train,47,606,595.152954
69,6,train,48,526,522.416931
69,6,train,49,598,582.404358
69,6,train,50,475,487.831116
69,6,train,51,519,509.998657
69,6,train,52,460,491.241302
69,6,train,53,580,587.853821
69,6,train,54,597,588.701599
69,6,train,55,575,561.952271
69,6,train,56,485,496.942810
69,6,train,57,524,524.433655
69,6,train,58,500,502.761963
69,6,train,59,456,476.192657
69,6,train,60,477,471.738373
69,6,train,61,455,482.169037
69,6,train,62,495,493.256989
69,6,train,63,488,494.828033
69,6,train,64,508,508.414062
69,6,train,65,645,638.796143
69,6,train,66,585,584.275696
69,6,train,67,583,588.356018
69,6,train,68,528,525.577515
69,6,train,69,562,551.769043
69,6,train,70,500,507.242889
69,6,train,71,535,516.785950
69,6,train,72,610,599.537109
69,6,train,73,557,577.013672
69,6,train,74,479,493.469849
69,6,train,75,534,502.265411
69,6,train,76,541,530.034790
69,6,train,77,488,489.698914
69,6,train,78,637,625.890808
69,6,train,79,534,531.728149
69,6,train,80,504,498.054077
69,6,train,81,578,571.841919
69,6,train,82,450,471.001678
69,6,train,83,511,509.585571
69,6,train,84,580,576.589050
69,6,train,85,600,594.778870
69,6,train,86,693,670.395264
69,6,train,87,522,513.790527
69,6,train,88,479,478.686646
69,6,train,89,608,601.469910
69,6,train,90,561,537.455505
69,6,train,91,584,578.595642
69,6,train,92,505,499.052246
69,6,train,93,519,512.763428
69,6,train,94,484,482.287842
69,6,train,95,595,599.537109
69,6,train,96,577,571.524658
69,6,train,97,494,492.328033
69,6,train,98,612,605.231873
69,6,train,99,601,605.876831
69,6,train,100,596,591.701660
69,6,train,101,524,525.439697
69,6,train,102,618,614.559143
69,6,train,103,597,588.752136
69,6,train,104,500,506.711914
69,6,train,105,465,481.549622
69,6,train,106,606,604.614258
69,6,train,107,577,560.488037
69,6,train,108,522,521.763306
69,6,train,109,613,592.830933
69,6,train,110,490,486.823151
69,6,train,111,509,532.747925
69,6,train,112,505,509.239319
69,6,train,113,462,495.889587
69,6,train,114,543,536.580750
69,6,train,115,507,508.590088
69,6,train,116,456,460.875092
69,6,train,117,670,653.035767
69,6,train,118,550,550.974060
69,6,train,119,524,513.268677
69,6,train,120,502,508.414062
69,6,train,121,517,508.414062
69,6,train,122,612,609.433044
69,6,train,123,617,622.684998
69,6,train,124,472,487.661652
69,6,train,125,623,618.093445
69,6,train,126,592,594.778870
69,6,train,127,469,462.496246
69,6,train,128,488,487.996887
69,6,train,129,591,581.602234
69,6,train,130,525,520.496399
69,6,train,131,501,496.644409
69,6,train,132,475,487.831116
69,6,train,133,568,558.442383
69,6,train,134,480,484.694336
69,6,train,135,471,493.201721
69,6,train,136,640,653.355530
69,6,train,137,487,490.349457
69,6,train,138,466,476.123962
69,6,train,139,509,517.532471
69,6,train,140,505,510.578308
69,7,test,0,623,565.599426
69,7,test,1,456,466.669586
69,7,test,2,606,579.258667
69,7,test,3,597,581.756714
69,7,test,4,624,632.003479
69,7,test,5,524,525.311218
69,7,test,6,543,537.648621
69,7,test,7,507,507.203156
69,7,test,8,502,506.722107
69,7,test,9,561,507.256104
69,7,test,10,597,581.756714
69,7,test,11,644,619.607727
69,7,test,12,481,503.534576
69,7,test,13,572,572.083801
69,7,test,14,526,504.184875
69,7,test,15,451,487.854279
69,7,test,16,463,375.870575
69,7,test,17,670,669.189026
69,7,test,18,578,517.511902
69,7,test,19,504,459.969879
69,7,test,20,517,506.722107
69,7,test,21,488,508.862152
69,7,test,22,507,558.534241
69,7,test,23,478,488.804443
69,7,test,24,617,618.491150
69,7,test,25,689,637.055725
69,7,test,26,613,613.636841
69,7,test,27,630,630.062744
69,7,test,28,541,475.946655
69,7,test,29,693,579.102661
69,7,test,30,628,603.395569
69,7,test,31,583,575.331177
69,7,test,32,522,545.150879
69,7,test,33,500,512.882568
69,7,test,34,466,480.735962
69,7,test,35,519,490.594910
69,7,train,0,490,489.134796
69,7,train,1,577,576.823975
69,7,train,2,584,583.901001
69,7,train,3,586,560.603516
69,7,train,4,509,509.965454
69,7,train,5,504,503.390076
69,7,train,6,494,493.288239
69,7,train,7,516,515.885193
69,7,train,8,648,647.386597
69,7,train,9,577,576.823975
69,7,train,10,455,455.144623
69,7,train,11,505,506.915222
69,7,train,12,509,509.600616
69,7,train,13,492,493.288239
69,7,train,14,670,669.189026
69,7,train,15,463,456.909271
69,7,train,16,605,603.163330
69,7,train,17,456,458.296600
69,7,train,18,596,596.515503
69,7,train,19,506,505.175110
69,7,train,20,580,580.106567
69,7,train,21,598,598.214233
69,7,train,22,594,576.266846
69,7,train,23,618,617.750671
69,7,train,24,613,613.636841
69,7,train,25,446,466.852814
69,7,train,26,601,601.789917
69,7,train,27,500,501.271423
69,7,train,28,505,502.376617
69,7,train,29,480,476.273438
69,7,train,30,455,453.841309
69,7,train,31,591,590.902161
69,7,train,32,471,474.104584
69,7,train,33,608,607.097717
69,7,train,34,624,624.085083
69,7,train,35,524,523.227600
69,7,train,36,450,456.909271
69,7,train,37,479,478.649445
69,7,train,38,575,574.081238
69,7,train,39,612,609.853088
69,7,train,40,484,486.661316
69,7,train,41,572,572.083801
69,7,train,42,472,474.216339
69,7,train,43,510,510.035614
69,7,train,44,487,484.648346
69,7,train,45,431,431.505005
69,7,train,46,485,483.213806
69,7,train,47,580,580.208740
69,7,train,48,475,474.559448
69,7,train,49,616,616.248718
69,7,train,50,465,465.216248
69,7,train,51,525,527.262451
69,7,train,52,484,482.519104
69,7,train,53,509,509.965454
69,7,train,54,560,559.140015
69,7,train,55,572,572.083801
69,7,train,56,504,502.730225
69,7,train,57,606,604.764526
69,7,train,58,456,456.728851
69,7,train,59,600,596.344177
69,7,train,60,488,488.038818
69,7,train,61,442,447.226593
69,7,train,62,550,550.773376
69,7,train,63,596,589.027893
69,7,train,64,507,499.417908
69,7,train,65,460,460.275238
69,7,train,66,601,604.324768
69,7,train,67,488,487.402039
69,7,train,68,528,510.775146
69,7,train,69,522,521.261353
69,7,train,70,645,645.269958
69,7,train,71,495,510.775146
69,7,train,72,545,547.169495
69,7,train,73,610,602.043030
69,7,train,74,523,520.628967
69,7,train,75,482,483.517120
69,7,train,76,511,511.224060
69,7,train,77,535,534.556641
69,7,train,78,648,645.662109
69,7,train,79,597,596.695740
69,7,train,80,473,469.138367
69,7,train,81,541,560.603516
69,7,train,82,612,612.209961
69,7,train,83,489,490.143005
69,7,train,84,477,476.460724
69,7,train,85,495,494.466187
69,7,train,86,585,589.027893
69,7,train,87,465,464.453735
69,7,train,88,630,628.701416
69,7,train,89,617,617.035645
69,7,train,90,637,638.563354
69,7,train,91,519,520.025635
69,7,train,92,500,502.730225
69,7,train,93,476,474.216339
69,7,train,94,479,478.145630
69,7,train,95,649,645.613281
69,7,train,96,617,618.491150
69,7,train,97,464,464.167633
69,7,train,98,464,472.342224
69,7,train,99,584,583.092163
69,7,train,100,577,576.516602
69,7,train,101,524,524.012756
69,7,train,102,605,603.395569
69,7,train,103,462,460.519470
69,7,train,104,522,521.261353
69,7,train,105,515,511.747162
69,7,train,106,475,474.559448
69,7,train,107,584,583.901001
69,7,train,108,562,560.863037
69,7,train,109,630,630.062744
69,7,train,110,532,531.947388
69,7,train,111,555,543.369263
69,7,train,112,644,643.894653
69,7,train,113,528,528.399109
69,7,train,114,574,574.281128
69,7,train,115,597,598.093994
69,7,train,116,534,534.760559
69,7,train,117,534,534.580933
69,7,train,118,557,576.266846
69,7,train,119,608,609.853088
69,7,train,120,525,519.361145
69,7,train,121,459,459.837891
69,7,train,122,472,473.288269
69,7,train,123,501,500.597870
69,7,train,124,538,543.369263
69,7,train,125,508,506.722107
69,7,train,126,505,506.470154
69,7,train,127,592,596.344177
69,7,train,128,500,499.023407
69,7,train,129,580,579.651245
69,7,train,130,469,468.924133
69,7,train,131,585,589.027893
69,7,train,132,493,494.466187
69,7,train,133,473,473.284637
69,7,train,134,371,375.870575
69,7,train,135,516,515.885193
69,7,train,136,572,572.083801
69,7,train,137,484,466.852814
69,7,train,138,595,602.043030
69,7,train,139,568,568.702271
69,7,train,140,640,641.190063
69,8,test,0,511,508.248718
69,8,test,1,601,648.087158
69,8,test,2,572,572.385071
69,8,test,3,475,483.792572
69,8,test,4,562,578.257385
69,8,test,5,617,649.394165
69,8,test,6,689,638.763123
69,8,test,7,591,510.791534
69,8,test,8,534,519.357178
69,8,test,9,624,629.055664
69,8,test,10,601,638.052002
69,8,test,11,568,545.920471
69,8,test,12,462,493.239227
69,8,test,13,473,584.181580
69,8,test,14,519,543.781921
69,8,test,15,595,610.081055
69,8,test,16,455,501.734344
69,8,test,17,555,539.322571
69,8,test,18,586,539.322571
69,8,test,19,525,500.632324
69,8,test,20,597,594.795715
69,8,test,21,617,649.394165
69,8,test,22,605,551.434326
69,8,test,23,528,538.156250
69,8,test,24,446,481.817841
69,8,test,25,476,472.763489
69,8,test,26,475,483.792572
69,8,test,27,612,608.175232
69,8,test,28,465,503.372284
69,8,test,29,583,569.735229
69,8,test,30,488,483.554230
69,8,test,31,431,511.900391
69,8,test,32,507,507.745331
69,8,test,33,606,567.418945
69,8,test,34,481,509.052521
69,8,test,35,526,511.616089
69,8,train,0,630,629.395386
69,8,train,1,510,511.339020
69,8,train,2,617,616.980286
69,8,train,3,577,576.835327
69,8,train,4,488,489.737671
69,8,train,5,506,506.624969
69,8,train,6,471,473.337524
69,8,train,7,505,504.364044
69,8,train,8,504,504.332092
69,8,train,9,484,481.817841
69,8,train,10,515,514.630615
69,8,train,11,557,575.709412
69,8,train,12,456,457.622131
69,8,train,13,487,485.359314
69,8,train,14,572,572.385071
69,8,train,15,630,629.842529
69,8,train,16,538,539.322571
69,8,train,17,608,608.175232
69,8,train,18,371,417.679901
69,8,train,19,580,580.085144
69,8,train,20,584,583.201660
69,8,train,21,580,577.777771
69,8,train,22,500,502.359161
69,8,train,23,623,622.068665
69,8,train,24,495,512.583923
69,8,train,25,561,560.279968
69,8,train,26,628,616.031128
69,8,train,27,492,493.227203
69,8,train,28,574,576.383911
69,8,train,29,472,472.763489
69,8,train,30,509,509.454346
69,8,train,31,480,475.292267
69,8,train,32,516,515.310242
69,8,train,33,637,635.297974
69,8,train,34,613,612.723938
69,8,train,35,608,607.358154
69,8,train,36,524,523.976501
69,8,train,37,519,518.584290
69,8,train,38,597,596.705566
69,8,train,39,606,606.325562
69,8,train,40,523,523.192444
69,8,train,41,488,488.777252
69,8,train,42,477,476.678589
69,8,train,43,456,456.070526
69,8,train,44,618,618.507812
69,8,train,45,509,509.454346
69,8,train,46,493,493.449249
69,8,train,47,575,574.326660
69,8,train,48,577,576.333740
69,8,train,49,501,501.059082
69,8,train,50,585,588.724121
69,8,train,51,596,595.920105
69,8,train,52,463,457.274780
69,8,train,53,649,648.087158
69,8,train,54,598,596.117065
69,8,train,55,693,690.505188
69,8,train,56,630,629.842529
69,8,train,57,508,508.089447
69,8,train,58,469,466.257385
69,8,train,59,472,472.558350
69,8,train,60,524,524.526001
69,8,train,61,545,546.713196
69,8,train,62,597,596.819702
69,8,train,63,543,542.878052
69,8,train,64,484,485.373779
69,8,train,65,525,523.671082
69,8,train,66,580,579.675781
69,8,train,67,522,522.177551
69,8,train,68,505,504.524292
69,8,train,69,504,501.744049
69,8,train,70,450,457.274780
69,8,train,71,478,478.055054
69,8,train,72,495,493.449249
69,8,train,73,624,623.605408
69,8,train,74,584,583.971008
69,8,train,75,459,459.269836
69,8,train,76,500,501.744049
69,8,train,77,594,575.709412
69,8,train,78,616,616.186646
69,8,train,79,541,540.302490
69,8,train,80,560,559.551880
69,8,train,81,644,642.267029
69,8,train,82,505,503.313080
69,8,train,83,494,493.227203
69,8,train,84,463,417.679901
69,8,train,85,648,649.370605
69,8,train,86,592,595.886230
69,8,train,87,464,464.391785
69,8,train,88,484,485.373779
69,8,train,89,504,502.798035
69,8,train,90,585,588.724121
69,8,train,91,645,644.544556
69,8,train,92,479,478.934021
69,8,train,93,578,578.236694
69,8,train,94,541,539.322571
69,8,train,95,455,456.021088
69,8,train,96,610,610.081055
69,8,train,97,577,576.333740
69,8,train,98,535,535.681641
69,8,train,99,507,503.523468
69,8,train,100,612,611.985840
69,8,train,101,670,669.911011
69,8,train,102,490,489.877686
69,8,train,103,572,572.385071
69,8,train,104,550,548.872009
69,8,train,105,485,485.427673
69,8,train,106,489,490.195526
69,8,train,107,502,508.089447
69,8,train,108,534,533.134155
69,8,train,109,524,523.925110
69,8,train,110,509,509.338989
69,8,train,111,640,639.794739
69,8,train,112,500,499.883087
69,8,train,113,605,616.031128
69,8,train,114,596,588.724121
69,8,train,115,644,644.067505
69,8,train,116,528,512.583923
69,8,train,117,482,482.372070
69,8,train,118,572,572.385071
69,8,train,119,460,462.554749
69,8,train,120,648,645.715698
69,8,train,121,442,445.929535
69,8,train,122,670,669.911011
69,8,train,123,522,522.060242
69,8,train,124,473,472.327423
69,8,train,125,464,466.912598
69,8,train,126,532,532.080200
69,8,train,127,507,507.797272
69,8,train,128,451,454.123718
69,8,train,129,479,478.314484
69,8,train,130,465,464.795685
69,8,train,131,456,460.746338
69,8,train,132,613,612.723938
69,8,train,133,466,466.618408
69,8,train,134,600,595.886230
69,8,train,135,516,515.310242
69,8,train,136,584,583.971008
69,8,train,137,500,500.610229
69,8,train,138,517,508.089447
69,8,train,139,522,522.060242
69,8,train,140,597,596.705566
69,9,test,0,507,508.404297
69,9,test,1,510,534.176514
69,9,test,2,648,612.627563
69,9,test,3,500,505.035309
69,9,test,4,606,584.054871
69,9,test,5,482,494.618530
69,9,test,6,605,548.856384
69,9,test,7,488,468.303864
69,9,test,8,585,594.679199
69,9,test,9,585,594.679199
69,9,test,10,640,672.643738
69,9,test,11,630,580.446960
69,9,test,12,586,543.164917
69,9,test,13,644,615.473145
69,9,test,14,505,525.946716
69,9,test,15,495,492.191040
69,9,test,16,560,562.463623
69,9,test,17,472,501.811127
69,9,test,18,543,540.391846
69,9,test,19,572,571.809753
69,9,test,20,577,574.909241
69,9,test,21,612,627.020386
69,9,test,22,550,529.174500
69,9,test,23,595,611.713745
69,9,test,24,459,496.880524
69,9,test,25,597,594.872559
69,9,test,26,509,513.871033
69,9,test,27,492,494.825256
69,9,test,28,616,618.282410
69,9,test,29,591,543.898376
69,9,test,30,477,434.202820
69,9,test,31,500,507.969940
69,9,test,32,608,611.322021
69,9,test,33,371,460.530762
69,9,test,34,644,599.878601
69,9,test,35,504,505.035309
69,9,train,0,475,476.909271
69,9,train,1,528,513.114197
69,9,train,2,592,596.575195
69,9,train,3,541,543.164917
69,9,train,4,568,567.559692
69,9,train,5,535,538.655273
69,9,train,6,617,617.685669
69,9,train,7,524,524.461548
69,9,train,8,485,486.656555
69,9,train,9,456,465.773590
69,9,train,10,613,611.713379
69,9,train,11,472,474.667755
69,9,train,12,596,594.679199
69,9,train,13,471,479.032318
69,9,train,14,507,495.911865
69,9,train,15,525,523.552612
69,9,train,16,484,465.783508
69,9,train,17,606,604.568665
69,9,train,18,557,575.998657
69,9,train,19,562,560.786255
69,9,train,20,473,476.242126
69,9,train,21,473,470.910278
69,9,train,22,572,571.809753
69,9,train,23,598,595.957886
69,9,train,24,522,520.635864
69,9,train,25,584,585.697510
69,9,train,26,484,483.649048
69,9,train,27,610,611.713745
69,9,train,28,509,513.871033
69,9,train,29,628,615.726501
69,9,train,30,538,545.666443
69,9,train,31,511,513.060852
69,9,train,32,450,457.484131
69,9,train,33,500,497.618774
69,9,train,34,528,529.567139
69,9,train,35,612,611.322021
69,9,train,36,597,598.956665
69,9,train,37,541,540.074280
69,9,train,38,431,430.656525
69,9,train,39,584,585.270874
69,9,train,40,577,577.242249
69,9,train,41,478,480.652710
69,9,train,42,617,618.006714
69,9,train,43,500,504.020325
69,9,train,44,522,520.635864
69,9,train,45,649,646.147217
69,9,train,46,524,521.010986
69,9,train,47,494,494.825256
69,9,train,48,577,574.909241
69,9,train,49,487,481.640900
69,9,train,50,488,486.764984
69,9,train,51,584,585.270874
69,9,train,52,479,478.518860
69,9,train,53,465,464.705078
69,9,train,54,583,583.166748
69,9,train,55,613,611.713379
69,9,train,56,466,471.406372
69,9,train,57,670,669.822021
69,9,train,58,637,636.383728
69,9,train,59,630,629.531311
69,9,train,60,517,508.824219
69,9,train,61,455,454.567230
69,9,train,62,505,509.208801
69,9,train,63,578,575.494019
69,9,train,64,505,499.268982
69,9,train,65,624,626.090759
69,9,train,66,618,613.773926
69,9,train,67,605,615.726501
69,9,train,68,462,469.179260
69,9,train,69,501,499.787201
69,9,train,70,460,459.518982
69,9,train,71,534,523.956238
69,9,train,72,515,514.198608
69,9,train,73,617,618.006714
69,9,train,74,545,549.212769
69,9,train,75,508,508.824219
69,9,train,76,597,594.872559
69,9,train,77,489,489.277557
69,9,train,78,600,596.575195
69,9,train,79,481,478.529694
69,9,train,80,575,573.646667
69,9,train,81,623,624.061768
69,9,train,82,580,580.379822
69,9,train,83,608,610.798279
69,9,train,84,479,478.934631
69,9,train,85,469,464.656738
69,9,train,86,464,476.548553
69,9,train,87,670,669.822021
69,9,train,88,597,597.549011
69,9,train,89,580,581.654724
69,9,train,90,509,510.575287
69,9,train,91,572,571.809753
69,9,train,92,594,575.998657
69,9,train,93,456,454.981812
69,9,train,94,465,466.224457
69,9,train,95,451,451.016174
69,9,train,96,574,574.058411
69,9,train,97,475,476.909271
69,9,train,98,493,492.191040
69,9,train,99,476,474.667755
69,9,train,100,484,483.259766
69,9,train,101,693,691.232605
69,9,train,102,463,457.484131
69,9,train,103,507,509.112579
69,9,train,104,504,505.700562
69,9,train,105,506,507.288300
69,9,train,106,624,624.508972
69,9,train,107,630,629.531311
69,9,train,108,555,545.666443
69,9,train,109,504,498.079346
69,9,train,110,524,522.723755
69,9,train,111,490,489.121826
69,9,train,112,523,522.627502
69,9,train,113,463,460.530762
69,9,train,114,516,514.966125
69,9,train,115,580,577.919312
69,9,train,116,601,601.970886
69,9,train,117,532,532.193726
69,9,train,118,596,596.196411
69,9,train,119,525,518.697632
69,9,train,120,464,463.934998
69,9,train,121,519,519.500732
69,9,train,122,648,641.428162
69,9,train,123,495,513.114197
69,9,train,124,645,644.443909
69,9,train,125,522,521.233459
69,9,train,126,480,472.180786
69,9,train,127,456,455.891449
69,9,train,128,488,491.930756
69,9,train,129,572,571.809753
69,9,train,130,526,527.002869
69,9,train,131,601,601.627014
69,9,train,132,442,449.082184
69,9,train,133,561,556.587280
69,9,train,134,455,456.901489
69,9,train,135,502,508.824219
69,9,train,136,446,465.783508
69,9,train,137,534,534.716492
69,9,train,138,689,689.523071
69,9,train,139,516,514.966125
69,9,train,140,519,514.559570
69,10,test,0,557,591.586060
69,10,test,1,572,572.199707
69,10,test,2,507,516.231934
69,10,test,3,510,528.536072
69,10,test,4,534,554.395081
69,10,test,5,613,611.548645
69,10,test,6,526,527.537231
69,10,test,7,616,646.032654
69,10,test,8,462,467.327789
69,10,test,9,577,565.029053
69,10,test,10,525,490.114929
69,10,test,11,509,576.531006
69,10,test,12,472,513.792969
69,10,test,13,464,488.987305
69,10,test,14,572,572.199707
69,10,test,15,442,516.231934
69,10,test,16,584,583.317932
69,10,test,17,524,533.715454
69,10,test,18,469,453.324921
69,10,test,19,506,544.586243
69,10,test,20,475,473.571716
69,10,test,21,481,493.937653
69,10,test,22,610,601.570618
69,10,test,23,580,562.963623
69,10,test,24,595,601.570618
69,10,test,25,500,497.980377
69,10,test,26,592,599.333252
69,10,test,27,517,504.954773
69,10,test,28,456,509.854858
69,10,test,29,488,484.883545
69,10,test,30,543,538.291321
69,10,test,31,524,529.195129
69,10,test,32,612,605.856323
69,10,test,33,504,477.988556
69,10,test,34,522,523.244507
69,10,test,35,591,572.723206
69,10,train,0,584,583.317932
69,10,train,1,572,572.199707
69,10,train,2,693,688.742310
69,10,train,3,466,465.277496
69,10,train,4,583,586.942749
69,10,train,5,535,537.326538
69,10,train,6,640,644.825134
69,10,train,7,490,489.401093
69,10,train,8,523,521.279358
69,10,train,9,630,630.294006
69,10,train,10,504,501.863190
69,10,train,11,489,494.472229
69,10,train,12,630,630.294006
69,10,train,13,606,606.805786
69,10,train,14,446,465.978333
69,10,train,15,645,644.162292
69,10,train,16,505,508.802490
69,10,train,17,584,583.092041
69,10,train,18,601,608.609314
69,10,train,19,505,497.867767
69,10,train,20,541,562.036743
69,10,train,21,456,456.236023
69,10,train,22,528,527.955505
69,10,train,23,644,641.895264
69,10,train,24,624,623.695435
69,10,train,25,371,419.036560
69,10,train,26,689,681.201111
69,10,train,27,494,493.311340
69,10,train,28,484,486.575775
69,10,train,29,585,588.941833
69,10,train,30,471,479.533661
69,10,train,31,493,494.064301
69,10,train,32,484,480.965485
69,10,train,33,670,669.396912
69,10,train,34,608,605.841919
69,10,train,35,624,628.495605
69,10,train,36,522,520.062561
69,10,train,37,600,599.333252
69,10,train,38,568,571.110474
69,10,train,39,596,588.941833
69,10,train,40,572,572.199707
69,10,train,41,492,493.311340
69,10,train,42,644,644.255249
69,10,train,43,460,461.443695
69,10,train,44,541,539.729858
69,10,train,45,580,583.964600
69,10,train,46,475,473.571716
69,10,train,47,473,477.688843
69,10,train,48,511,511.259033
69,10,train,49,618,616.213684
69,10,train,50,648,648.192322
69,10,train,51,488,486.288239
69,10,train,52,623,622.976318
69,10,train,53,628,617.434753
69,10,train,54,598,597.831909
69,10,train,55,500,501.734100
69,10,train,56,580,578.966187
69,10,train,57,487,480.552795
69,10,train,58,473,468.945618
69,10,train,59,479,478.898041
69,10,train,60,596,596.846375
69,10,train,61,500,501.863190
69,10,train,62,495,512.488831
69,10,train,63,505,505.315887
69,10,train,64,561,558.615417
69,10,train,65,613,611.548645
69,10,train,66,459,467.955841
69,10,train,67,509,511.091187
69,10,train,68,597,598.600098
69,10,train,69,508,504.954773
69,10,train,70,507,506.138855
69,10,train,71,516,515.248596
69,10,train,72,574,574.331543
69,10,train,73,534,529.264893
69,10,train,74,451,451.675446
69,10,train,75,597,596.324402
69,10,train,76,562,562.096069
69,10,train,77,617,617.712646
69,10,train,78,519,520.115967
69,10,train,79,555,547.263855
69,10,train,80,463,456.416626
69,10,train,81,608,605.856323
69,10,train,82,456,460.479279
69,10,train,83,597,597.135437
69,10,train,84,597,597.135437
69,10,train,85,524,523.291504
69,10,train,86,577,575.859680
69,10,train,87,501,499.776398
69,10,train,88,450,456.416626
69,10,train,89,594,591.586060
69,10,train,90,605,597.097778
69,10,train,91,577,575.859680
69,10,train,92,478,478.504578
69,10,train,93,605,617.434753
69,10,train,94,515,510.053436
69,10,train,95,532,533.055420
69,10,train,96,649,645.733215
69,10,train,97,504,503.989349
69,10,train,98,509,511.091187
69,10,train,99,484,465.978333
69,10,train,100,522,520.062561
69,10,train,101,648,636.403931
69,10,train,102,586,562.036743
69,10,train,103,578,578.004395
69,10,train,104,465,466.205627
69,10,train,105,612,607.566956
69,10,train,106,455,453.704193
69,10,train,107,477,474.898163
69,10,train,108,585,588.941833
69,10,train,109,630,621.063538
69,10,train,110,670,669.396912
69,10,train,111,516,515.248596
69,10,train,112,463,419.036560
69,10,train,113,519,513.697327
69,10,train,114,507,509.953186
69,10,train,115,525,524.187683
69,10,train,116,482,481.683502
69,10,train,117,488,487.247711
69,10,train,118,637,634.885498
69,10,train,119,480,480.590729
69,10,train,120,606,602.746277
69,10,train,121,485,487.773438
69,10,train,122,617,617.768311
69,10,train,123,560,560.347778
69,10,train,124,464,466.941437
69,10,train,125,617,617.768311
69,10,train,126,545,558.969788
69,10,train,127,465,464.005402
69,10,train,128,601,603.900513
69,10,train,129,538,547.263855
69,10,train,130,495,494.064301
69,10,train,131,472,474.889130
69,10,train,132,431,432.396576
69,10,train,133,500,501.305695
69,10,train,134,476,474.889130
69,10,train,135,479,478.856812
69,10,train,136,575,576.418945
69,10,train,137,455,455.910065
69,10,train,138,550,551.286377
69,10,train,139,502,504.954773
69,10,train,140,528,512.488831
100,1,test,0,584,582.239258
100,1,test,1,510,526.898315
100,1,test,2,525,504.275208
100,1,test,3,557,595.693848
100,1,test,4,596,602.141968
100,1,test,5,528,524.193237
100,1,test,6,645,582.614746
100,1,test,7,460,522.504272
100,1,test,8,572,573.504639
100,1,test,9,509,511.777008
100,1,test,10,577,557.517029
100,1,test,11,555,533.851624
100,1,test,12,485,544.147705
100,1,test,13,580,591.300171
100,1,test,14,456,476.361908
100,1,test,15,597,557.105835
100,1,test,16,484,494.432312
100,1,test,17,584,566.773499
100,1,test,18,502,508.279816
100,1,test,19,612,623.634521
100,1,test,20,644,616.320374
100,1,test,21,501,494.459503
100,1,test,22,462,517.869141
100,1,test,23,495,496.509186
100,1,test,24,601,616.274841
100,1,test,25,613,574.230469
100,1,test,26,610,595.098145
100,1,test,27,580,617.393555
100,1,test,28,545,571.078857
100,1,test,29,469,464.983032
100,1,test,30,479,499.492981
100,1,test,31,478,510.336029
100,1,test,32,446,494.432312
100,1,test,33,463,456.031860
100,1,test,34,613,573.683655
100,1,test,35,572,568.782532
100,1,train,0,572,572.139526
100,1,train,1,524,524.743530
100,1,train,2,575,574.896362
100,1,train,3,600,598.314453
100,1,train,4,560,558.851624
100,1,train,5,442,444.303192
100,1,train,6,451,451.933594
100,1,train,7,616,616.100830
100,1,train,8,534,534.033447
100,1,train,9,608,607.976990
100,1,train,10,489,489.509644
100,1,train,11,637,635.848450
100,1,train,12,648,639.555420
100,1,train,13,523,522.937988
100,1,train,14,519,518.885925
100,1,train,15,524,524.190125
100,1,train,16,500,500.783875
100,1,train,17,495,503.870544
100,1,train,18,585,585.294250
100,1,train,19,509,509.456116
100,1,train,20,577,574.745056
100,1,train,21,479,479.339874
100,1,train,22,504,504.440308
100,1,train,23,509,509.427826
100,1,train,24,606,605.216919
100,1,train,25,605,604.065674
100,1,train,26,484,483.952942
100,1,train,27,488,488.153290
100,1,train,28,630,629.473267
100,1,train,29,507,511.629486
100,1,train,30,522,521.925720
100,1,train,31,628,622.763733
100,1,train,32,522,521.815857
100,1,train,33,578,577.618042
100,1,train,34,640,639.954956
100,1,train,35,618,617.564819
100,1,train,36,431,432.004242
100,1,train,37,649,648.241028
100,1,train,38,526,526.006958
100,1,train,39,535,529.661011
100,1,train,40,507,507.281158
100,1,train,41,541,547.865723
100,1,train,42,612,609.476746
100,1,train,43,617,616.400269
100,1,train,44,459,464.291565
100,1,train,45,597,596.361572
100,1,train,46,538,539.902466
100,1,train,47,508,508.243744
100,1,train,48,525,524.981323
100,1,train,49,455,458.809814
100,1,train,50,472,473.731934
100,1,train,51,596,595.503845
100,1,train,52,617,617.145752
100,1,train,53,623,622.222046
100,1,train,54,594,593.955017
100,1,train,55,480,480.477448
100,1,train,56,504,503.628540
100,1,train,57,516,516.013550
100,1,train,58,541,541.047058
100,1,train,59,505,505.318207
100,1,train,60,515,514.811401
100,1,train,61,522,522.116516
100,1,train,62,506,507.213654
100,1,train,63,577,576.430176
100,1,train,64,574,573.630249
100,1,train,65,624,623.641174
100,1,train,66,543,542.566650
100,1,train,67,644,643.082214
100,1,train,68,584,583.630432
100,1,train,69,500,500.899414
100,1,train,70,689,687.431458
100,1,train,71,586,576.725708
100,1,train,72,617,616.855530
100,1,train,73,473,473.422302
100,1,train,74,572,570.504944
100,1,train,75,595,594.228271
100,1,train,76,528,524.489380
100,1,train,77,492,492.671814
100,1,train,78,516,516.029907
100,1,train,79,473,473.566498
100,1,train,80,505,505.602356
100,1,train,81,534,527.894409
100,1,train,82,630,629.660217
100,1,train,83,670,669.257019
100,1,train,84,598,596.860413
100,1,train,85,488,488.626678
100,1,train,86,481,481.302612
100,1,train,87,455,455.304291
100,1,train,88,550,549.846313
100,1,train,89,505,504.323059
100,1,train,90,608,605.909424
100,1,train,91,482,482.419708
100,1,train,92,466,466.124756
100,1,train,93,471,472.962555
100,1,train,94,624,622.361755
100,1,train,95,591,590.178894
100,1,train,96,488,489.013550
100,1,train,97,606,605.521606
100,1,train,98,693,691.323242
100,1,train,99,475,476.982849
100,1,train,100,484,484.596039
100,1,train,101,580,579.546814
100,1,train,102,511,511.038116
100,1,train,103,562,561.108521
100,1,train,104,630,626.410645
100,1,train,105,583,583.180054
100,1,train,106,465,465.349426
100,1,train,107,524,524.170288
100,1,train,108,472,473.465088
100,1,train,109,456,457.070557
100,1,train,110,456,456.499329
100,1,train,111,475,477.582306
100,1,train,112,465,466.142639
100,1,train,113,561,559.943848
100,1,train,114,464,469.896149
100,1,train,115,490,490.318939
100,1,train,116,450,452.426544
100,1,train,117,601,601.264526
100,1,train,118,463,461.659058
100,1,train,119,670,669.250610
100,1,train,120,597,596.507996
100,1,train,121,592,593.201355
100,1,train,122,597,595.490967
100,1,train,123,371,373.788910
100,1,train,124,500,503.186707
100,1,train,125,476,477.092346
100,1,train,126,464,464.543365
100,1,train,127,494,493.665619
100,1,train,128,585,585.375549
100,1,train,129,507,505.868713
100,1,train,130,568,567.169556
100,1,train,131,500,500.971771
100,1,train,132,605,608.999512
100,1,train,133,519,519.052979
100,1,train,134,504,503.338623
100,1,train,135,487,486.047333
100,1,train,136,517,516.184509
100,1,train,137,532,532.042847
100,1,train,138,493,493.602356
100,1,train,139,477,477.135132
100,1,train,140,648,646.864563
100,2,test,0,495,542.400696
100,2,test,1,473,604.683105
100,2,test,2,618,605.768494
100,2,test,3,568,609.837097
100,2,test,4,584,594.390991
100,2,test,5,507,532.373718
100,2,test,6,455,570.493774
100,2,test,7,543,494.112152
100,2,test,8,597,575.954773
100,2,test,9,600,592.442566
100,2,test,10,524,528.494568
100,2,test,11,475,474.731995
100,2,test,12,459,500.935760
100,2,test,13,500,478.794678
100,2,test,14,689,643.138062
100,2,test,15,606,547.702087
100,2,test,16,580,580.002258
100,2,test,17,541,551.521118
100,2,test,18,580,622.218506
100,2,test,19,476,481.202454
100,2,test,20,617,550.952881
100,2,test,21,628,613.265442
100,2,test,22,509,519.953369
100,2,test,23,509,520.411011
100,2,test,24,463,468.306274
100,2,test,25,596,598.394043
100,2,test,26,522,521.745605
100,2,test,27,608,598.475159
100,2,test,28,560,536.235474
100,2,test,29,693,628.366150
100,2,test,30,517,520.084167
100,2,test,31,455,540.293030
100,2,test,32,446,484.046814
100,2,test,33,534,468.144379
100,2,test,34,577,618.451294
100,2,test,35,575,593.026245
100,2,train,0,528,527.410767
100,2,train,1,645,641.403015
100,2,train,2,585,584.923950
100,2,train,3,516,515.972900
100,2,train,4,479,479.155884
100,2,train,5,473,473.091614
100,2,train,6,487,486.995300
100,2,train,7,460,461.438019
100,2,train,8,500,500.127319
100,2,train,9,596,598.283691
100,2,train,10,519,519.303101
100,2,train,11,608,611.640747
100,2,train,12,492,492.813965
100,2,train,13,509,510.220062
100,2,train,14,479,479.235138
100,2,train,15,505,505.933899
100,2,train,16,466,468.159729
100,2,train,17,613,612.739868
100,2,train,18,630,630.373108
100,2,train,19,511,508.796570
100,2,train,20,478,478.100281
100,2,train,21,465,465.308746
100,2,train,22,605,605.300476
100,2,train,23,524,524.231689
100,2,train,24,515,515.083374
100,2,train,25,477,477.064117
100,2,train,26,494,492.870728
100,2,train,27,577,575.942139
100,2,train,28,488,488.047089
100,2,train,29,578,578.061768
100,2,train,30,484,483.547638
100,2,train,31,465,464.975800
100,2,train,32,480,478.109528
100,2,train,33,538,542.900085
100,2,train,34,586,586.129272
100,2,train,35,532,533.822327
100,2,train,36,598,597.566040
100,2,train,37,670,669.022095
100,2,train,38,507,507.011627
100,2,train,39,505,504.274811
100,2,train,40,500,500.212433
100,2,train,41,519,519.092407
100,2,train,42,525,525.220581
100,2,train,43,630,628.298340
100,2,train,44,508,507.661957
100,2,train,45,605,605.043945
100,2,train,46,442,444.349976
100,2,train,47,482,482.417908
100,2,train,48,484,484.099701
100,2,train,49,464,464.100952
100,2,train,50,451,451.185181
100,2,train,51,371,388.687469
100,2,train,52,524,524.701599
100,2,train,53,535,534.908508
100,2,train,54,472,471.835236
100,2,train,55,545,545.032471
100,2,train,56,572,573.905090
100,2,train,57,617,617.742310
100,2,train,58,649,646.127319
100,2,train,59,504,503.942780
100,2,train,60,463,463.560760
100,2,train,61,456,466.331909
100,2,train,62,601,602.581177
100,2,train,63,630,630.400940
100,2,train,64,572,570.835815
100,2,train,65,597,595.924438
100,2,train,66,648,644.839111
100,2,train,67,613,612.721252
100,2,train,68,500,500.068298
100,2,train,69,502,501.974609
100,2,train,70,464,464.451324
100,2,train,71,489,488.887695
100,2,train,72,504,503.754150
100,2,train,73,592,592.072876
100,2,train,74,475,474.731995
100,2,train,75,505,505.080658
100,2,train,76,534,533.880676
100,2,train,77,525,525.208069
100,2,train,78,481,481.229218
100,2,train,79,670,669.244141
100,2,train,80,612,607.809998
100,2,train,81,585,584.838867
100,2,train,82,528,529.366333
100,2,train,83,456,454.774872
100,2,train,84,574,574.772034
100,2,train,85,601,601.169678
100,2,train,86,577,576.867615
100,2,train,87,488,487.914398
100,2,train,88,472,471.954865
100,2,train,89,456,456.525482
100,2,train,90,591,590.924194
100,2,train,91,624,625.517761
100,2,train,92,431,435.322052
100,2,train,93,597,596.844971
100,2,train,94,584,583.796570
100,2,train,95,469,467.042236
100,2,train,96,522,522.013367
100,2,train,97,495,494.969788
100,2,train,98,526,525.911560
100,2,train,99,640,639.913025
100,2,train,100,616,617.495422
100,2,train,101,580,579.850525
100,2,train,102,623,620.280457
100,2,train,103,507,507.099579
100,2,train,104,597,597.818787
100,2,train,105,624,623.677979
100,2,train,106,471,471.246704
100,2,train,107,506,506.582245
100,2,train,108,583,582.919556
100,2,train,109,504,504.118378
100,2,train,110,594,590.236450
100,2,train,111,617,617.901672
100,2,train,112,557,560.777649
100,2,train,113,595,595.523071
100,2,train,114,488,487.445221
100,2,train,115,523,523.028992
100,2,train,116,637,635.396484
100,2,train,117,644,641.962280
100,2,train,118,572,572.497925
100,2,train,119,644,644.016479
100,2,train,120,485,486.268097
100,2,train,121,555,550.647522
100,2,train,122,572,570.542725
100,2,train,123,648,647.755188
100,2,train,124,510,510.706573
100,2,train,125,522,522.013306
100,2,train,126,484,484.270538
100,2,train,127,612,612.420227
100,2,train,128,490,490.013489
100,2,train,129,610,609.075073
100,2,train,130,462,461.992981
100,2,train,131,584,584.694824
100,2,train,132,541,540.880310
100,2,train,133,450,454.125885
100,2,train,134,516,516.219177
100,2,train,135,501,501.211365
100,2,train,136,606,606.088928
100,2,train,137,561,561.086487
100,2,train,138,493,493.250427
100,2,train,139,550,550.042603
100,2,train,140,562,560.049805
100,3,test,0,601,660.567627
100,3,test,1,596,597.115601
100,3,test,2,574,530.922913
100,3,test,3,466,478.715576
100,3,test,4,482,500.908417
100,3,test,5,473,567.325195
100,3,test,6,594,596.310608
100,3,test,7,493,496.139801
100,3,test,8,524,518.925110
100,3,test,9,644,627.149231
100,3,test,10,455,463.820801
100,3,test,11,475,467.161194
100,3,test,12,505,506.759979
100,3,test,13,612,572.537964
100,3,test,14,644,613.036011
100,3,test,15,459,542.739136
100,3,test,16,597,576.868896
100,3,test,17,550,521.134155
100,3,test,18,524,531.935059
100,3,test,19,506,570.794556
100,3,test,20,523,500.039246
100,3,test,21,500,511.309540
100,3,test,22,568,609.369263
100,3,test,23,640,677.020325
100,3,test,24,605,588.795837
100,3,test,25,465,462.688049
100,3,test,26,610,600.263428
100,3,test,27,608,607.367188
100,3,test,28,585,581.872192
100,3,test,29,584,568.528503
100,3,test,30,597,516.506775
100,3,test,31,555,527.330261
100,3,test,32,507,549.210144
100,3,test,33,670,665.429810
100,3,test,34,598,485.397858
100,3,test,35,617,619.622009
100,3,train,0,580,581.134460
100,3,train,1,595,594.763428
100,3,train,2,612,611.632385
100,3,train,3,463,458.920746
100,3,train,4,463,458.441925
100,3,train,5,541,541.093262
100,3,train,6,617,617.359497
100,3,train,7,572,573.457397
100,3,train,8,525,525.182800
100,3,train,9,495,500.342010
100,3,train,10,460,460.920135
100,3,train,11,693,692.621582
100,3,train,12,484,479.211456
100,3,train,13,495,495.657928
100,3,train,14,472,473.160767
100,3,train,15,623,623.126160
100,3,train,16,586,585.671021
100,3,train,17,488,487.515900
100,3,train,18,519,518.927856
100,3,train,19,585,583.457886
100,3,train,20,670,669.271057
100,3,train,21,630,630.283997
100,3,train,22,465,464.576660
100,3,train,23,618,615.525513
100,3,train,24,606,606.452759
100,3,train,25,572,571.510376
100,3,train,26,561,561.230103
100,3,train,27,605,605.152710
100,3,train,28,504,504.137421
100,3,train,29,473,473.794586
100,3,train,30,528,529.525513
100,3,train,31,490,489.743286
100,3,train,32,500,500.536011
100,3,train,33,649,648.239197
100,3,train,34,522,522.477295
100,3,train,35,628,625.621643
100,3,train,36,584,582.722229
100,3,train,37,455,455.416046
100,3,train,38,597,596.987549
100,3,train,39,516,517.341736
100,3,train,40,515,514.889343
100,3,train,41,525,524.560913
100,3,train,42,484,484.200500
100,3,train,43,502,503.174896
100,3,train,44,592,589.756714
100,3,train,45,488,488.084137
100,3,train,46,645,642.839905
100,3,train,47,577,576.920837
100,3,train,48,577,573.412842
100,3,train,49,476,476.503540
100,3,train,50,500,500.072083
100,3,train,51,481,481.488861
100,3,train,52,528,526.207764
100,3,train,53,494,491.384247
100,3,train,54,456,458.028473
100,3,train,55,580,582.124146
100,3,train,56,616,618.005371
100,3,train,57,534,531.722107
100,3,train,58,431,433.021271
100,3,train,59,606,603.162720
100,3,train,60,532,532.724182
100,3,train,61,477,476.521973
100,3,train,62,442,443.241028
100,3,train,63,451,452.130981
100,3,train,64,608,608.424622
100,3,train,65,479,480.066925
100,3,train,66,578,578.057007
100,3,train,67,464,465.622314
100,3,train,68,478,478.777954
100,3,train,69,624,623.245239
100,3,train,70,517,512.776611
100,3,train,71,464,464.143280
100,3,train,72,600,601.915039
100,3,train,73,630,627.914307
100,3,train,74,504,502.705353
100,3,train,75,507,505.742340
100,3,train,76,584,585.265076
100,3,train,77,597,594.058655
100,3,train,78,472,473.661804
100,3,train,79,501,499.881195
100,3,train,80,508,508.650726
100,3,train,81,456,456.044434
100,3,train,82,583,585.760986
100,3,train,83,624,626.487061
100,3,train,84,471,473.274750
100,3,train,85,545,545.648499
100,3,train,86,572,570.927185
100,3,train,87,630,630.560242
100,3,train,88,617,617.895569
100,3,train,89,522,522.454956
100,3,train,90,543,543.676270
100,3,train,91,504,503.283356
100,3,train,92,562,561.130005
100,3,train,93,526,525.940186
100,3,train,94,613,613.307312
100,3,train,95,475,478.068542
100,3,train,96,575,574.800842
100,3,train,97,462,461.016968
100,3,train,98,510,510.328033
100,3,train,99,648,642.919922
100,3,train,100,601,602.452515
100,3,train,101,560,560.288757
100,3,train,102,488,486.357819
100,3,train,103,577,579.324646
100,3,train,104,505,505.112122
100,3,train,105,580,578.765381
100,3,train,106,509,509.175781
100,3,train,107,507,510.088623
100,3,train,108,648,647.201172
100,3,train,109,487,485.307098
100,3,train,110,479,478.702850
100,3,train,111,637,636.480896
100,3,train,112,450,453.983124
100,3,train,113,480,480.286438
100,3,train,114,689,688.176514
100,3,train,115,613,612.249268
100,3,train,116,469,467.504181
100,3,train,117,516,515.265564
100,3,train,118,557,559.830750
100,3,train,119,572,572.742065
100,3,train,120,519,518.918457
100,3,train,121,456,454.454529
100,3,train,122,541,541.913635
100,3,train,123,509,510.003357
100,3,train,124,446,453.145020
100,3,train,125,489,487.438965
100,3,train,126,591,591.044434
100,3,train,127,371,375.216431
100,3,train,128,522,521.344788
100,3,train,129,484,483.192017
100,3,train,130,596,597.558350
100,3,train,131,492,491.384247
100,3,train,132,505,505.221802
100,3,train,133,524,523.488892
100,3,train,134,485,485.133606
100,3,train,135,500,500.887787
100,3,train,136,535,531.909790
100,3,train,137,538,538.183228
100,3,train,138,511,511.320679
100,3,train,139,534,531.054993
100,3,train,140,509,508.753967
100,4,test,0,541,513.739319
100,4,test,1,463,497.284363
100,4,test,2,460,508.622345
100,4,test,3,628,615.014771
100,4,test,4,489,492.811096
100,4,test,5,476,496.467773
100,4,test,6,591,592.837952
100,4,test,7,504,499.269562
100,4,test,8,475,484.469238
100,4,test,9,488,491.331573
100,4,test,10,572,581.744934
100,4,test,11,648,530.263184
100,4,test,12,524,534.278442
100,4,test,13,618,541.202026
100,4,test,14,637,586.609619
100,4,test,15,522,503.954071
100,4,test,16,600,615.378845
100,4,test,17,572,581.744934
100,4,test,18,522,503.954071
100,4,test,19,484,479.240356
100,4,test,20,572,570.719849
100,4,test,21,623,548.232666
100,4,test,22,479,529.250183
100,4,test,23,504,520.440613
100,4,test,24,459,562.873901
100,4,test,25,517,507.080780
100,4,test,26,557,590.052124
100,4,test,27,516,514.978516
100,4,test,28,371,498.521484
100,4,test,29,473,501.328033
100,4,test,30,610,610.856323
100,4,test,31,525,497.163147
100,4,test,32,495,531.620239
100,4,test,33,575,579.680847
100,4,test,34,488,537.818604
100,4,test,35,464,546.474182
100,4,train,0,545,542.942505
100,4,train,1,525,523.979858
100,4,train,2,541,541.078430
100,4,train,3,617,617.734558
100,4,train,4,500,500.667023
100,4,train,5,580,580.244263
100,4,train,6,693,692.402588
100,4,train,7,464,465.257599
100,4,train,8,451,450.846344
100,4,train,9,463,459.440552
100,4,train,10,585,585.133789
100,4,train,11,477,476.920685
100,4,train,12,568,568.390320
100,4,train,13,500,500.438538
100,4,train,14,522,522.458679
100,4,train,15,585,585.133789
100,4,train,16,613,612.708191
100,4,train,17,577,571.535583
100,4,train,18,577,581.561401
100,4,train,19,505,504.143829
100,4,train,20,584,584.299988
100,4,train,21,509,509.420349
100,4,train,22,488,487.155090
100,4,train,23,508,507.562469
100,4,train,24,574,575.361084
100,4,train,25,479,480.660828
100,4,train,26,630,630.091003
100,4,train,27,605,608.862854
100,4,train,28,617,617.231689
100,4,train,29,608,606.163452
100,4,train,30,507,507.969971
100,4,train,31,505,506.641846
100,4,train,32,597,596.527832
100,4,train,33,507,509.701904
100,4,train,34,645,643.979126
100,4,train,35,455,459.720886
100,4,train,36,515,515.154236
100,4,train,37,584,584.638550
100,4,train,38,597,598.189270
100,4,train,39,446,451.508484
100,4,train,40,580,580.491638
100,4,train,41,594,593.733643
100,4,train,42,455,454.127563
100,4,train,43,471,473.122009
100,4,train,44,482,483.195770
100,4,train,45,506,506.334320
100,4,train,46,478,477.956879
100,4,train,47,490,490.365479
100,4,train,48,450,453.351257
100,4,train,49,577,577.665161
100,4,train,50,500,497.949249
100,4,train,51,507,511.078644
100,4,train,52,550,549.975220
100,4,train,53,670,669.611084
100,4,train,54,606,605.460876
100,4,train,55,456,458.316284
100,4,train,56,586,584.118408
100,4,train,57,469,466.053558
100,4,train,58,543,543.480896
100,4,train,59,456,456.261261
100,4,train,60,595,594.574097
100,4,train,61,596,597.086670
100,4,train,62,598,595.283508
100,4,train,63,612,606.574524
100,4,train,64,510,511.803528
100,4,train,65,616,615.762390
100,4,train,66,528,529.099182
100,4,train,67,484,483.463348
100,4,train,68,689,689.286011
100,4,train,69,480,476.244598
100,4,train,70,592,592.771179
100,4,train,71,596,595.327515
100,4,train,72,528,529.190491
100,4,train,73,524,523.828552
100,4,train,74,605,605.720459
100,4,train,75,601,601.599854
100,4,train,76,612,613.699585
100,4,train,77,617,617.231689
100,4,train,78,494,494.241394
100,4,train,79,484,478.739014
100,4,train,80,502,505.664093
100,4,train,81,555,553.308105
100,4,train,82,534,533.522949
100,4,train,83,597,596.527832
100,4,train,84,562,562.253235
100,4,train,85,560,558.404297
100,4,train,86,640,639.763489
100,4,train,87,493,489.417419
100,4,train,88,648,647.597595
100,4,train,89,583,583.657349
100,4,train,90,472,472.182861
100,4,train,91,644,643.211670
100,4,train,92,485,485.617218
100,4,train,93,442,441.248566
100,4,train,94,578,578.450317
100,4,train,95,487,485.737854
100,4,train,96,613,612.699219
100,4,train,97,505,504.095886
100,4,train,98,524,523.283630
100,4,train,99,473,472.508301
100,4,train,100,501,500.374603
100,4,train,101,561,561.244324
100,4,train,102,504,503.919617
100,4,train,103,495,498.371246
100,4,train,104,462,463.692078
100,4,train,105,584,584.299988
100,4,train,106,670,669.611084
100,4,train,107,465,463.628326
100,4,train,108,456,456.705261
100,4,train,109,475,478.658356
100,4,train,110,481,480.879730
100,4,train,111,624,621.183594
100,4,train,112,431,430.513672
100,4,train,113,509,509.101044
100,4,train,114,580,579.674072
100,4,train,115,500,500.063904
100,4,train,116,630,628.486938
100,4,train,117,526,525.245605
100,4,train,118,534,534.325989
100,4,train,119,492,491.424774
100,4,train,120,535,532.932068
100,4,train,121,538,539.084595
100,4,train,122,511,508.376099
100,4,train,123,624,623.530151
100,4,train,124,519,515.352722
100,4,train,125,644,643.740662
100,4,train,126,608,609.583435
100,4,train,127,601,602.187378
100,4,train,128,465,465.742340
100,4,train,129,472,472.598907
100,4,train,130,509,509.420349
100,4,train,131,466,469.596344
100,4,train,132,572,570.719849
100,4,train,133,523,522.924438
100,4,train,134,532,532.357727
100,4,train,135,597,597.060608
100,4,train,136,630,630.091003
100,4,train,137,516,514.978516
100,4,train,138,519,518.470642
100,4,train,139,649,646.770386
100,4,train,140,606,604.496155
100,5,test,0,482,492.507599
100,5,test,1,601,649.640991
100,5,test,2,475,488.505310
100,5,test,3,605,574.241699
100,5,test,4,617,566.053040
100,5,test,5,465,536.622864
100,5,test,6,689,640.256958
100,5,test,7,616,647.479980
100,5,test,8,522,516.159241
100,5,test,9,500,509.616577
100,5,test,10,598,556.900879
100,5,test,11,560,544.733337
100,5,test,12,500,499.097046
100,5,test,13,594,588.263367
100,5,test,14,509,549.424377
100,5,test,15,568,583.854004
100,5,test,16,600,613.286987
100,5,test,17,580,582.982422
100,5,test,18,577,578.064575
100,5,test,19,535,522.966431
100,5,test,20,618,586.497009
100,5,test,21,534,549.068359
100,5,test,22,489,514.409973
100,5,test,23,617,628.459778
100,5,test,24,591,589.825684
100,5,test,25,456,553.756287
100,5,test,26,606,609.780151
100,5,test,27,605,600.274475
100,5,test,28,472,523.538208
100,5,test,29,516,519.421570
100,5,test,30,473,580.645508
100,5,test,31,504,497.057434
100,5,test,32,475,488.505310
100,5,test,33,505,509.162262
100,5,test,34,465,468.167969
100,5,test,35,596,604.196106
100,5,train,0,644,646.377258
100,5,train,1,541,531.468384
100,5,train,2,525,519.304749
100,5,train,3,670,665.818237
100,5,train,4,517,511.432953
100,5,train,5,480,476.812103
100,5,train,6,524,521.729309
100,5,train,7,463,431.379883
100,5,train,8,464,468.534241
100,5,train,9,511,510.148895
100,5,train,10,490,485.200256
100,5,train,11,495,524.298645
100,5,train,12,584,584.337036
100,5,train,13,597,592.697327
100,5,train,14,528,519.871277
100,5,train,15,597,594.664551
100,5,train,16,525,516.294128
100,5,train,17,371,414.839722
100,5,train,18,500,506.836151
100,5,train,19,488,485.566864
100,5,train,20,510,513.830078
100,5,train,21,459,484.138550
100,5,train,22,584,584.128906
100,5,train,23,550,546.401917
100,5,train,24,464,472.741455
100,5,train,25,577,565.695618
100,5,train,26,601,616.358582
100,5,train,27,534,514.699036
100,5,train,28,524,525.282898
100,5,train,29,578,571.780701
100,5,train,30,555,543.678955
100,5,train,31,630,629.835266
100,5,train,32,492,488.050201
100,5,train,33,479,486.185547
100,5,train,34,597,593.684570
100,5,train,35,505,506.358826
100,5,train,36,485,498.141907
100,5,train,37,462,471.818298
100,5,train,38,493,493.406738
100,5,train,39,580,578.118286
100,5,train,40,507,516.104187
100,5,train,41,584,583.413330
100,5,train,42,612,595.753479
100,5,train,43,487,484.741638
100,5,train,44,519,509.113556
100,5,train,45,456,463.041656
100,5,train,46,613,611.135864
100,5,train,47,557,566.377686
100,5,train,48,624,619.818420
100,5,train,49,561,550.054504
100,5,train,50,585,586.703613
100,5,train,51,501,496.746307
100,5,train,52,648,650.836853
100,5,train,53,572,571.497314
100,5,train,54,640,640.029663
100,5,train,55,431,450.244843
100,5,train,56,455,456.137665
100,5,train,57,476,482.318695
100,5,train,58,481,492.750336
100,5,train,59,606,592.773865
100,5,train,60,484,491.203064
100,5,train,61,505,499.314789
100,5,train,62,645,625.453857
100,5,train,63,456,464.424225
100,5,train,64,596,601.347168
100,5,train,65,543,536.493408
100,5,train,66,506,520.962341
100,5,train,67,488,493.538666
100,5,train,68,624,620.596008
100,5,train,69,526,525.833923
100,5,train,70,516,516.610107
100,5,train,71,507,516.798767
100,5,train,72,693,665.961731
100,5,train,73,442,456.151520
100,5,train,74,628,619.651733
100,5,train,75,574,580.067444
100,5,train,76,446,470.471985
100,5,train,77,500,496.279144
100,5,train,78,610,610.301270
100,5,train,79,477,472.855438
100,5,train,80,528,536.722351
100,5,train,81,504,503.629669
100,5,train,82,572,573.171936
100,5,train,83,460,484.989655
100,5,train,84,509,513.749268
100,5,train,85,545,553.916077
100,5,train,86,562,550.348511
100,5,train,87,613,610.895264
100,5,train,88,585,588.709534
100,5,train,89,637,625.932007
100,5,train,90,580,598.200378
100,5,train,91,484,475.006287
100,5,train,92,524,526.230713
100,5,train,93,572,570.145142
100,5,train,94,522,515.909546
100,5,train,95,595,594.801514
100,5,train,96,577,554.783997
100,5,train,97,466,470.527557
100,5,train,98,451,457.476898
100,5,train,99,617,626.953918
100,5,train,100,508,509.632843
100,5,train,101,488,498.905273
100,5,train,102,648,608.776550
100,5,train,103,484,480.476868
100,5,train,104,644,635.323120
100,5,train,105,592,597.723145
100,5,train,106,541,551.847351
100,5,train,107,612,615.461548
100,5,train,108,623,601.716614
100,5,train,109,522,514.998962
100,5,train,110,469,461.630951
100,5,train,111,507,513.372314
100,5,train,112,538,543.678955
100,5,train,113,523,519.002991
100,5,train,114,463,464.402069
100,5,train,115,649,628.113037
100,5,train,116,572,568.527039
100,5,train,117,519,513.110901
100,5,train,118,608,597.583740
100,5,train,119,509,509.908813
100,5,train,120,532,536.663391
100,5,train,121,583,589.926270
100,5,train,122,494,488.317108
100,5,train,123,502,509.718567
100,5,train,124,670,665.292725
100,5,train,125,630,602.860901
100,5,train,126,455,475.456451
100,5,train,127,608,613.100403
100,5,train,128,586,579.396362
100,5,train,129,471,491.410950
100,5,train,130,575,581.863098
100,5,train,131,473,469.534515
100,5,train,132,450,453.653503
100,5,train,133,478,479.485046
100,5,train,134,597,583.593750
100,5,train,135,479,483.805450
100,5,train,136,472,475.206512
100,5,train,137,495,494.892151
100,5,train,138,504,499.423187
100,5,train,139,515,509.159210
100,5,train,140,630,629.789490
100,6,test,0,493,494.525421
100,6,test,1,596,599.245056
100,6,test,2,509,511.259338
100,6,test,3,585,598.668823
100,6,test,4,525,518.158569
100,6,test,5,577,529.036743
100,6,test,6,500,487.044647
100,6,test,7,516,511.218445
100,6,test,8,617,632.615112
100,6,test,9,459,480.950745
100,6,test,10,630,489.090454
100,6,test,11,451,464.723328
100,6,test,12,516,511.504761
100,6,test,13,555,512.379517
100,6,test,14,644,661.512939
100,6,test,15,580,579.878296
100,6,test,16,541,522.496033
100,6,test,17,597,589.823608
100,6,test,18,489,501.544250
100,6,test,19,522,520.920288
100,6,test,20,464,482.657837
100,6,test,21,463,365.594391
100,6,test,22,584,589.339600
100,6,test,23,538,512.379517
100,6,test,24,644,580.584106
100,6,test,25,455,455.830566
100,6,test,26,484,486.893158
100,6,test,27,484,497.795715
100,6,test,28,476,499.889038
100,6,test,29,624,596.828613
100,6,test,30,481,481.689972
100,6,test,31,528,524.775635
100,6,test,32,463,452.004333
100,6,test,33,670,668.493286
100,6,test,34,613,612.080200
100,6,test,35,446,486.893158
100,6,train,0,560,561.517944
100,6,train,1,689,688.330017
100,6,train,2,371,377.596283
100,6,train,3,601,602.849976
100,6,train,4,492,492.956757
100,6,train,5,482,482.321564
100,6,train,6,648,648.839417
100,6,train,7,586,586.486206
100,6,train,8,442,443.727173
100,6,train,9,630,631.367554
100,6,train,10,473,472.952271
100,6,train,11,572,571.384338
100,6,train,12,630,629.451660
100,6,train,13,605,606.893005
100,6,train,14,624,627.393372
100,6,train,15,648,647.066467
100,6,train,16,506,507.556976
100,6,train,17,572,571.978699
100,6,train,18,628,624.495911
100,6,train,19,495,507.824402
100,6,train,20,572,571.911804
100,6,train,21,545,546.007874
100,6,train,22,465,463.097565
100,6,train,23,616,615.550171
100,6,train,24,507,504.896942
100,6,train,25,617,617.953796
100,6,train,26,478,478.979187
100,6,train,27,584,583.968445
100,6,train,28,510,508.963440
100,6,train,29,515,514.300476
100,6,train,30,605,604.791077
100,6,train,31,504,502.936401
100,6,train,32,608,610.029846
100,6,train,33,597,597.187988
100,6,train,34,594,594.182007
100,6,train,35,472,472.223755
100,6,train,36,572,572.219238
100,6,train,37,574,574.156494
100,6,train,38,649,648.309265
100,6,train,39,464,463.333893
100,6,train,40,473,470.484619
100,6,train,41,431,430.701050
100,6,train,42,507,510.317200
100,6,train,43,523,523.674194
100,6,train,44,504,503.220428
100,6,train,45,532,532.123169
100,6,train,46,456,455.112640
100,6,train,47,606,606.278687
100,6,train,48,526,526.472839
100,6,train,49,598,595.416748
100,6,train,50,475,474.669617
100,6,train,51,519,517.599182
100,6,train,52,460,460.960693
100,6,train,53,580,581.372192
100,6,train,54,597,597.194519
100,6,train,55,575,575.123291
100,6,train,56,485,485.835480
100,6,train,57,524,525.124512
100,6,train,58,500,501.594452
100,6,train,59,456,456.551086
100,6,train,60,477,476.151855
100,6,train,61,455,455.865173
100,6,train,62,495,494.710022
100,6,train,63,488,489.485626
100,6,train,64,508,508.597717
100,6,train,65,645,644.036133
100,6,train,66,585,584.267822
100,6,train,67,583,583.138367
100,6,train,68,528,520.327637
100,6,train,69,562,560.719238
100,6,train,70,500,499.479034
100,6,train,71,535,528.623840
100,6,train,72,610,610.094299
100,6,train,73,557,557.177185
100,6,train,74,479,479.791718
100,6,train,75,534,533.166504
100,6,train,76,541,539.378723
100,6,train,77,488,488.908722
100,6,train,78,637,634.706055
100,6,train,79,534,531.843567
100,6,train,80,504,503.687408
100,6,train,81,578,576.756409
100,6,train,82,450,452.004333
100,6,train,83,511,511.541046
100,6,train,84,580,580.127686
100,6,train,85,600,598.281738
100,6,train,86,693,691.875610
100,6,train,87,522,520.760071
100,6,train,88,479,478.716064
100,6,train,89,608,608.303589
100,6,train,90,561,563.204468
100,6,train,91,584,584.611755
100,6,train,92,505,504.579865
100,6,train,93,519,517.577209
100,6,train,94,484,483.621704
100,6,train,95,595,595.135376
100,6,train,96,577,577.602844
100,6,train,97,494,493.957245
100,6,train,98,612,608.690735
100,6,train,99,601,601.765137
100,6,train,100,596,597.777893
100,6,train,101,524,524.622986
100,6,train,102,618,615.832214
100,6,train,103,597,597.170837
100,6,train,104,500,498.951721
100,6,train,105,465,464.195160
100,6,train,106,606,605.848328
100,6,train,107,577,576.070068
100,6,train,108,522,522.557251
100,6,train,109,613,613.098816
100,6,train,110,490,489.723633
100,6,train,111,509,509.472473
100,6,train,112,505,504.429565
100,6,train,113,462,460.570190
100,6,train,114,543,542.917419
100,6,train,115,507,507.226227
100,6,train,116,456,458.225586
100,6,train,117,670,668.872314
100,6,train,118,550,550.726624
100,6,train,119,524,524.502808
100,6,train,120,502,505.219666
100,6,train,121,517,511.568756
100,6,train,122,612,609.782593
100,6,train,123,617,618.380615
100,6,train,124,472,471.616974
100,6,train,125,623,623.717468
100,6,train,126,592,593.936462
100,6,train,127,469,468.371857
100,6,train,128,488,487.954773
100,6,train,129,591,589.867737
100,6,train,130,525,523.999084
100,6,train,131,501,499.952240
100,6,train,132,475,474.669617
100,6,train,133,568,568.281311
100,6,train,134,480,479.723114
100,6,train,135,471,473.106995
100,6,train,136,640,640.038940
100,6,train,137,487,486.340424
100,6,train,138,466,466.160767
100,6,train,139,509,509.638824
100,6,train,140,505,505.611359
100,7,test,0,623,584.780701
100,7,test,1,456,456.002472
100,7,test,2,606,458.232513
100,7,test,3,597,563.617981
100,7,test,4,624,638.406067
100,7,test,5,524,511.998505
100,7,test,6,543,524.938110
100,7,test,7,507,520.955017
100,7,test,8,502,509.740784
100,7,test,9,561,556.217590
100,7,test,10,597,561.440063
100,7,test,11,644,643.598572
100,7,test,12,481,551.540100
100,7,test,13,572,572.245117
100,7,test,14,526,526.979675
100,7,test,15,451,436.536469
100,7,test,16,463,408.624023
100,7,test,17,670,671.201965
100,7,test,18,578,545.977539
100,7,test,19,504,510.421295
100,7,test,20,517,506.491547
100,7,test,21,488,549.565979
100,7,test,22,507,512.482849
100,7,test,23,478,482.899048
100,7,test,24,617,623.200317
100,7,test,25,689,646.217346
100,7,test,26,613,609.252319
100,7,test,27,630,632.765320
100,7,test,28,541,515.583679
100,7,test,29,693,587.948853
100,7,test,30,628,616.145630
100,7,test,31,583,460.433136
100,7,test,32,522,497.791412
100,7,test,33,500,494.676056
100,7,test,34,466,472.696686
100,7,test,35,519,478.220734
100,7,train,0,490,490.161774
100,7,train,1,577,577.140198
100,7,train,2,584,583.518311
100,7,train,3,586,581.017273
100,7,train,4,509,508.647491
100,7,train,5,504,504.031311
100,7,train,6,494,494.498657
100,7,train,7,516,515.892822
100,7,train,8,648,647.423340
100,7,train,9,577,578.016724
100,7,train,10,455,454.642914
100,7,train,11,505,505.793365
100,7,train,12,509,508.785980
100,7,train,13,492,491.298126
100,7,train,14,670,670.238586
100,7,train,15,463,456.887787
100,7,train,16,605,604.442627
100,7,train,17,456,455.936188
100,7,train,18,596,595.727417
100,7,train,19,506,507.373901
100,7,train,20,580,579.983032
100,7,train,21,598,598.028503
100,7,train,22,594,589.951050
100,7,train,23,618,616.536682
100,7,train,24,613,612.549377
100,7,train,25,446,450.243866
100,7,train,26,601,600.458252
100,7,train,27,500,500.606171
100,7,train,28,505,504.531525
100,7,train,29,480,479.137085
100,7,train,30,455,454.672211
100,7,train,31,591,591.539185
100,7,train,32,471,471.453217
100,7,train,33,608,607.576416
100,7,train,34,624,623.745422
100,7,train,35,524,522.619141
100,7,train,36,450,456.838684
100,7,train,37,479,479.251770
100,7,train,38,575,575.488831
100,7,train,39,612,608.023315
100,7,train,40,484,483.700104
100,7,train,41,572,572.469971
100,7,train,42,472,472.332642
100,7,train,43,510,510.055542
100,7,train,44,487,487.727570
100,7,train,45,431,430.878296
100,7,train,46,485,485.956482
100,7,train,47,580,579.748352
100,7,train,48,475,480.936951
100,7,train,49,616,616.128235
100,7,train,50,465,464.057343
100,7,train,51,525,524.673340
100,7,train,52,484,483.619446
100,7,train,53,509,510.525269
100,7,train,54,560,559.297241
100,7,train,55,572,572.694946
100,7,train,56,504,503.760834
100,7,train,57,606,605.348572
100,7,train,58,456,455.604492
100,7,train,59,600,600.160156
100,7,train,60,488,487.910126
100,7,train,61,442,442.080811
100,7,train,62,550,550.593567
100,7,train,63,596,596.975281
100,7,train,64,507,508.000458
100,7,train,65,460,460.066376
100,7,train,66,601,603.855652
100,7,train,67,488,487.741913
100,7,train,68,528,526.421204
100,7,train,69,522,521.982483
100,7,train,70,645,645.295532
100,7,train,71,495,495.202789
100,7,train,72,545,544.495544
100,7,train,73,610,609.979675
100,7,train,74,523,523.034790
100,7,train,75,482,481.104675
100,7,train,76,511,511.067841
100,7,train,77,535,534.389709
100,7,train,78,648,647.888123
100,7,train,79,597,597.402710
100,7,train,80,473,472.833984
100,7,train,81,541,545.198730
100,7,train,82,612,611.633057
100,7,train,83,489,488.939056
100,7,train,84,477,476.761536
100,7,train,85,495,496.050140
100,7,train,86,585,585.755188
100,7,train,87,465,465.527893
100,7,train,88,630,629.640747
100,7,train,89,617,617.073914
100,7,train,90,637,636.424316
100,7,train,91,519,519.824829
100,7,train,92,500,500.892242
100,7,train,93,476,475.581909
100,7,train,94,479,478.690796
100,7,train,95,649,646.980164
100,7,train,96,617,617.360718
100,7,train,97,464,462.837067
100,7,train,98,464,463.604889
100,7,train,99,584,583.854065
100,7,train,100,577,577.599976
100,7,train,101,524,524.408936
100,7,train,102,605,604.690674
100,7,train,103,462,462.875275
100,7,train,104,522,523.089539
100,7,train,105,515,514.133240
100,7,train,106,475,472.243195
100,7,train,107,584,584.848450
100,7,train,108,562,562.104614
100,7,train,109,630,631.137207
100,7,train,110,532,531.718628
100,7,train,111,555,553.150879
100,7,train,112,644,644.011780
100,7,train,113,528,527.230713
100,7,train,114,574,573.812988
100,7,train,115,597,597.093689
100,7,train,116,534,533.270752
100,7,train,117,534,534.405334
100,7,train,118,557,560.369446
100,7,train,119,608,612.297546
100,7,train,120,525,524.996826
100,7,train,121,459,459.102509
100,7,train,122,472,472.143311
100,7,train,123,501,501.502441
100,7,train,124,538,536.830994
100,7,train,125,508,507.597015
100,7,train,126,505,504.902954
100,7,train,127,592,591.511230
100,7,train,128,500,500.731018
100,7,train,129,580,580.494263
100,7,train,130,469,469.856049
100,7,train,131,585,583.954102
100,7,train,132,493,492.113770
100,7,train,133,473,472.849976
100,7,train,134,371,371.287781
100,7,train,135,516,516.119873
100,7,train,136,572,571.049194
100,7,train,137,484,479.222931
100,7,train,138,595,595.324341
100,7,train,139,568,567.532715
100,7,train,140,640,639.523682
100,8,test,0,511,512.749634
100,8,test,1,601,623.798645
100,8,test,2,572,569.237915
100,8,test,3,475,487.906738
100,8,test,4,562,535.272034
100,8,test,5,617,631.162964
100,8,test,6,689,644.320679
100,8,test,7,591,579.592712
100,8,test,8,534,519.121704
100,8,test,9,624,596.466125
100,8,test,10,601,636.639099
100,8,test,11,568,584.301147
100,8,test,12,462,506.411865
100,8,test,13,473,574.602722
100,8,test,14,519,519.510620
100,8,test,15,595,572.842224
100,8,test,16,455,509.568268
100,8,test,17,555,535.660828
100,8,test,18,586,581.678406
100,8,test,19,525,513.916138
100,8,test,20,597,576.347290
100,8,test,21,617,632.588806
100,8,test,22,605,570.705444
100,8,test,23,528,513.734680
100,8,test,24,446,487.449524
100,8,test,25,476,491.111176
100,8,test,26,475,487.906738
100,8,test,27,612,582.623047
100,8,test,28,465,509.603088
100,8,test,29,583,554.309753
100,8,test,30,488,490.839691
100,8,test,31,431,516.505371
100,8,test,32,507,522.694153
100,8,test,33,606,532.217285
100,8,test,34,481,503.802979
100,8,test,35,526,535.331116
100,8,train,0,630,602.602051
100,8,train,1,510,515.749695
100,8,train,2,617,613.523132
100,8,train,3,577,562.784119
100,8,train,4,488,490.929626
100,8,train,5,506,525.819519
100,8,train,6,471,484.855469
100,8,train,7,505,505.696259
100,8,train,8,504,499.608368
100,8,train,9,484,487.685455
100,8,train,10,515,504.476257
100,8,train,11,557,568.344971
100,8,train,12,456,475.367004
100,8,train,13,487,480.880493
100,8,train,14,572,572.503235
100,8,train,15,630,628.713745
100,8,train,16,538,535.660828
100,8,train,17,608,605.458130
100,8,train,18,371,413.312805
100,8,train,19,580,596.672241
100,8,train,20,584,583.210449
100,8,train,21,580,576.204407
100,8,train,22,500,504.450317
100,8,train,23,623,612.855164
100,8,train,24,495,523.976135
100,8,train,25,561,550.674194
100,8,train,26,628,622.635254
100,8,train,27,492,492.365234
100,8,train,28,574,579.294128
100,8,train,29,472,481.946411
100,8,train,30,509,511.108704
100,8,train,31,480,478.526978
100,8,train,32,516,518.059753
100,8,train,33,637,626.432251
100,8,train,34,613,610.305969
100,8,train,35,608,601.576355
100,8,train,36,524,525.357910
100,8,train,37,519,510.012421
100,8,train,38,597,592.370544
100,8,train,39,606,610.435303
100,8,train,40,523,517.901611
100,8,train,41,488,504.236176
100,8,train,42,477,473.685516
100,8,train,43,456,463.886749
100,8,train,44,618,610.786682
100,8,train,45,509,515.523376
100,8,train,46,493,495.805481
100,8,train,47,575,579.493896
100,8,train,48,577,556.711426
100,8,train,49,501,499.457825
100,8,train,50,585,587.406555
100,8,train,51,596,598.222595
100,8,train,52,463,461.372070
100,8,train,53,649,632.966675
100,8,train,54,598,588.875732
100,8,train,55,693,675.169373
100,8,train,56,630,628.865601
100,8,train,57,508,506.904572
100,8,train,58,469,464.169830
100,8,train,59,472,481.590393
100,8,train,60,524,524.480408
100,8,train,61,545,554.169312
100,8,train,62,597,594.759155
100,8,train,63,543,536.016724
100,8,train,64,484,490.514771
100,8,train,65,525,516.213135
100,8,train,66,580,579.391602
100,8,train,67,522,517.486938
100,8,train,68,505,507.241302
100,8,train,69,504,499.752625
100,8,train,70,450,457.192627
100,8,train,71,478,481.208557
100,8,train,72,495,495.616394
100,8,train,73,624,619.728699
100,8,train,74,584,585.123718
100,8,train,75,459,486.164520
100,8,train,76,500,499.447571
100,8,train,77,594,587.800964
100,8,train,78,616,626.644531
100,8,train,79,541,529.751953
100,8,train,80,560,559.079834
100,8,train,81,644,632.380859
100,8,train,82,505,502.081818
100,8,train,83,494,491.723816
100,8,train,84,463,430.747498
100,8,train,85,648,647.190002
100,8,train,86,592,593.476440
100,8,train,87,464,474.715820
100,8,train,88,484,479.851929
100,8,train,89,504,503.758209
100,8,train,90,585,588.708801
100,8,train,91,645,630.641357
100,8,train,92,479,479.128021
100,8,train,93,578,576.766296
100,8,train,94,541,541.296265
100,8,train,95,455,460.763275
100,8,train,96,610,604.133667
100,8,train,97,577,577.584961
100,8,train,98,535,525.159241
100,8,train,99,507,516.287537
100,8,train,100,612,614.229858
100,8,train,101,670,667.444336
100,8,train,102,490,488.921051
100,8,train,103,572,569.356812
100,8,train,104,550,546.149414
100,8,train,105,485,495.106293
100,8,train,106,489,486.436859
100,8,train,107,502,508.499054
100,8,train,108,534,517.012695
100,8,train,109,524,522.018616
100,8,train,110,509,517.447449
100,8,train,111,640,643.996399
100,8,train,112,500,498.892151
100,8,train,113,605,605.071106
100,8,train,114,596,592.668396
100,8,train,115,644,643.260193
100,8,train,116,528,538.003479
100,8,train,117,482,486.143738
100,8,train,118,572,572.112671
100,8,train,119,460,483.078522
100,8,train,120,648,606.303955
100,8,train,121,442,456.326050
100,8,train,122,670,667.468323
100,8,train,123,522,517.330383
100,8,train,124,473,474.083008
100,8,train,125,464,471.801056
100,8,train,126,532,533.867798
100,8,train,127,507,514.315857
100,8,train,128,451,457.772156
100,8,train,129,479,482.125366
100,8,train,130,465,461.197296
100,8,train,131,456,458.143219
100,8,train,132,613,610.795776
100,8,train,133,466,467.818878
100,8,train,134,600,606.894653
100,8,train,135,516,515.974915
100,8,train,136,584,585.678711
100,8,train,137,500,500.397461
100,8,train,138,517,511.032288
100,8,train,139,522,515.317993
100,8,train,140,597,591.755920
100,9,test,0,507,520.361938
100,9,test,1,510,515.424988
100,9,test,2,648,626.200623
100,9,test,3,500,499.758392
100,9,test,4,606,546.816162
100,9,test,5,482,488.872437
100,9,test,6,605,580.796814
100,9,test,7,488,518.610046
100,9,test,8,585,589.831055
100,9,test,9,585,589.304260
100,9,test,10,640,644.203552
100,9,test,11,630,538.999023
100,9,test,12,586,576.604675
100,9,test,13,644,583.612610
100,9,test,14,505,502.106873
100,9,test,15,495,493.575226
100,9,test,16,560,540.757202
100,9,test,17,472,492.105957
100,9,test,18,543,515.006470
100,9,test,19,572,571.397644
100,9,test,20,577,612.767151
100,9,test,21,612,605.879028
100,9,test,22,550,506.543671
100,9,test,23,595,588.749817
100,9,test,24,459,503.970581
100,9,test,25,597,596.833130
100,9,test,26,509,510.002441
100,9,test,27,492,491.733368
100,9,test,28,616,622.280029
100,9,test,29,591,566.146118
100,9,test,30,477,475.725708
100,9,test,31,500,500.516907
100,9,test,32,608,615.000916
100,9,test,33,371,483.213287
100,9,test,34,644,616.484802
100,9,test,35,504,499.576263
100,9,train,0,475,475.087891
100,9,train,1,528,527.386963
100,9,train,2,592,591.667908
100,9,train,3,541,540.516541
100,9,train,4,568,568.174072
100,9,train,5,535,535.483643
100,9,train,6,617,617.029297
100,9,train,7,524,524.416260
100,9,train,8,485,484.988892
100,9,train,9,456,456.169159
100,9,train,10,613,613.217102
100,9,train,11,472,471.885071
100,9,train,12,596,596.128540
100,9,train,13,471,472.190155
100,9,train,14,507,506.627228
100,9,train,15,525,524.621643
100,9,train,16,484,482.393768
100,9,train,17,606,605.736816
100,9,train,18,557,558.273499
100,9,train,19,562,561.907288
100,9,train,20,473,473.334137
100,9,train,21,473,473.141113
100,9,train,22,572,572.805725
100,9,train,23,598,598.013794
100,9,train,24,522,521.820801
100,9,train,25,584,584.072510
100,9,train,26,484,483.747711
100,9,train,27,610,610.099182
100,9,train,28,509,509.256958
100,9,train,29,628,627.833313
100,9,train,30,538,539.568787
100,9,train,31,511,511.073486
100,9,train,32,450,451.913727
100,9,train,33,500,500.036102
100,9,train,34,528,527.898438
100,9,train,35,612,611.144287
100,9,train,36,597,597.061401
100,9,train,37,541,540.556580
100,9,train,38,431,431.220673
100,9,train,39,584,583.470276
100,9,train,40,577,577.007690
100,9,train,41,478,477.942993
100,9,train,42,617,617.053589
100,9,train,43,500,499.802612
100,9,train,44,522,521.954529
100,9,train,45,649,649.090332
100,9,train,46,524,524.294067
100,9,train,47,494,494.096405
100,9,train,48,577,576.626526
100,9,train,49,487,486.116913
100,9,train,50,488,488.031250
100,9,train,51,584,584.119324
100,9,train,52,479,479.033234
100,9,train,53,465,465.083496
100,9,train,54,583,583.059631
100,9,train,55,613,612.630310
100,9,train,56,466,467.132111
100,9,train,57,670,669.855835
100,9,train,58,637,636.785583
100,9,train,59,630,630.128967
100,9,train,60,517,515.626709
100,9,train,61,455,454.490723
100,9,train,62,505,505.082428
100,9,train,63,578,577.268677
100,9,train,64,505,505.097076
100,9,train,65,624,624.333801
100,9,train,66,618,617.089539
100,9,train,67,605,605.457031
100,9,train,68,462,461.366974
100,9,train,69,501,500.990540
100,9,train,70,460,460.386383
100,9,train,71,534,533.821533
100,9,train,72,515,514.986938
100,9,train,73,617,617.120056
100,9,train,74,545,545.215149
100,9,train,75,508,508.503235
100,9,train,76,597,597.363831
100,9,train,77,489,488.837372
100,9,train,78,600,600.513733
100,9,train,79,481,480.898743
100,9,train,80,575,574.907776
100,9,train,81,623,623.563477
100,9,train,82,580,580.381165
100,9,train,83,608,608.472107
100,9,train,84,479,479.096252
100,9,train,85,469,468.464630
100,9,train,86,464,464.376221
100,9,train,87,670,669.953918
100,9,train,88,597,597.198608
100,9,train,89,580,579.945496
100,9,train,90,509,509.005920
100,9,train,91,572,571.167419
100,9,train,92,594,592.740906
100,9,train,93,456,456.538513
100,9,train,94,465,464.444519
100,9,train,95,451,450.905884
100,9,train,96,574,573.919434
100,9,train,97,475,474.672211
100,9,train,98,493,493.625183
100,9,train,99,476,476.297668
100,9,train,100,484,484.296082
100,9,train,101,693,692.830750
100,9,train,102,463,461.306610
100,9,train,103,507,507.178162
100,9,train,104,504,503.404999
100,9,train,105,506,507.065613
100,9,train,106,624,623.659058
100,9,train,107,630,629.751709
100,9,train,108,555,553.821106
100,9,train,109,504,504.126648
100,9,train,110,524,524.423279
100,9,train,111,490,489.996033
100,9,train,112,523,522.813049
100,9,train,113,463,462.619629
100,9,train,114,516,515.709656
100,9,train,115,580,579.870544
100,9,train,116,601,601.320862
100,9,train,117,532,531.994751
100,9,train,118,596,596.111511
100,9,train,119,525,524.711365
100,9,train,120,464,463.959778
100,9,train,121,519,519.023438
100,9,train,122,648,647.378906
100,9,train,123,495,496.417847
100,9,train,124,645,644.921265
100,9,train,125,522,522.033142
100,9,train,126,480,479.981415
100,9,train,127,456,456.201965
100,9,train,128,488,488.050537
100,9,train,129,572,571.557922
100,9,train,130,526,526.026184
100,9,train,131,601,601.168274
100,9,train,132,442,442.000977
100,9,train,133,561,560.757019
100,9,train,134,455,455.310883
100,9,train,135,502,502.362427
100,9,train,136,446,447.349762
100,9,train,137,534,533.933716
100,9,train,138,689,688.590210
100,9,train,139,516,516.174316
100,9,train,140,519,518.837891
100,10,test,0,557,562.085815
100,10,test,1,572,561.924194
100,10,test,2,507,526.519653
100,10,test,3,510,526.685730
100,10,test,4,534,543.399353
100,10,test,5,613,597.517517
100,10,test,6,526,540.019043
100,10,test,7,616,627.373291
100,10,test,8,462,492.026733
100,10,test,9,577,542.301819
100,10,test,10,525,519.491028
100,10,test,11,509,543.174805
100,10,test,12,472,518.576782
100,10,test,13,464,493.990173
100,10,test,14,572,562.662781
100,10,test,15,442,506.457031
100,10,test,16,584,570.665283
100,10,test,17,524,528.592163
100,10,test,18,469,460.207672
100,10,test,19,506,565.577087
100,10,test,20,475,480.632416
100,10,test,21,481,497.062988
100,10,test,22,610,588.398010
100,10,test,23,580,557.948914
100,10,test,24,595,562.164062
100,10,test,25,500,507.866394
100,10,test,26,592,585.078979
100,10,test,27,517,508.179352
100,10,test,28,456,505.404846
100,10,test,29,488,506.421600
100,10,test,30,543,530.999817
100,10,test,31,524,522.414490
100,10,test,32,612,569.587097
100,10,test,33,504,502.469208
100,10,test,34,522,516.478882
100,10,test,35,591,569.807739
100,10,train,0,584,579.303162
100,10,train,1,572,566.934692
100,10,train,2,693,671.919312
100,10,train,3,466,466.487793
100,10,train,4,583,593.186401
100,10,train,5,535,531.746460
100,10,train,6,640,647.885010
100,10,train,7,490,488.831207
100,10,train,8,523,514.849609
100,10,train,9,630,626.796204
100,10,train,10,504,499.547119
100,10,train,11,489,487.958923
100,10,train,12,630,627.880371
100,10,train,13,606,606.587891
100,10,train,14,446,466.059113
100,10,train,15,645,632.668152
100,10,train,16,505,505.255554
100,10,train,17,584,577.710327
100,10,train,18,601,610.762390
100,10,train,19,505,501.498688
100,10,train,20,541,553.233948
100,10,train,21,456,461.101593
100,10,train,22,528,525.476562
100,10,train,23,644,633.719910
100,10,train,24,624,615.881592
100,10,train,25,371,411.182220
100,10,train,26,689,669.778564
100,10,train,27,494,493.126404
100,10,train,28,484,487.563629
100,10,train,29,585,587.348633
100,10,train,30,471,482.657776
100,10,train,31,493,495.247955
100,10,train,32,484,482.526093
100,10,train,33,670,665.435303
100,10,train,34,608,598.181763
100,10,train,35,624,622.996826
100,10,train,36,522,517.834717
100,10,train,37,600,603.183105
100,10,train,38,568,570.724060
100,10,train,39,596,593.913513
100,10,train,40,572,567.502441
100,10,train,41,492,488.470734
100,10,train,42,644,638.546326
100,10,train,43,460,484.204620
100,10,train,44,541,546.284546
100,10,train,45,580,592.987244
100,10,train,46,475,480.632416
100,10,train,47,473,500.515472
100,10,train,48,511,510.747101
100,10,train,49,618,616.935486
100,10,train,50,648,645.859924
100,10,train,51,488,500.670502
100,10,train,52,623,608.831665
100,10,train,53,628,619.897034
100,10,train,54,598,589.783630
100,10,train,55,500,502.560272
100,10,train,56,580,582.719971
100,10,train,57,487,482.387329
100,10,train,58,473,472.297974
100,10,train,59,479,485.616760
100,10,train,60,596,598.193115
100,10,train,61,500,501.818481
100,10,train,62,495,513.423523
100,10,train,63,505,507.472595
100,10,train,64,561,551.445862
100,10,train,65,613,602.119324
100,10,train,66,459,486.037567
100,10,train,67,509,510.898407
100,10,train,68,597,590.476379
100,10,train,69,508,507.687042
100,10,train,70,507,510.185394
100,10,train,71,516,516.950928
100,10,train,72,574,577.502014
100,10,train,73,534,520.685364
100,10,train,74,451,456.793060
100,10,train,75,597,590.747437
100,10,train,76,562,548.075623
100,10,train,77,617,612.575012
100,10,train,78,519,515.418030
100,10,train,79,555,546.937073
100,10,train,80,463,458.425751
100,10,train,81,608,600.775940
100,10,train,82,456,476.393921
100,10,train,83,597,594.879089
100,10,train,84,597,595.544312
100,10,train,85,524,525.819458
100,10,train,86,577,573.475281
100,10,train,87,501,499.194550
100,10,train,88,450,457.701019
100,10,train,89,594,591.298767
100,10,train,90,605,598.872070
100,10,train,91,577,559.070129
100,10,train,92,478,481.726318
100,10,train,93,605,606.581726
100,10,train,94,515,511.132843
100,10,train,95,532,534.632263
100,10,train,96,649,641.920654
100,10,train,97,504,500.851318
100,10,train,98,509,513.612183
100,10,train,99,484,475.431976
100,10,train,100,522,518.600281
100,10,train,101,648,610.333740
100,10,train,102,586,571.523438
100,10,train,103,578,572.324585
100,10,train,104,465,482.748322
100,10,train,105,612,613.098633
100,10,train,106,455,473.964966
100,10,train,107,477,473.716980
100,10,train,108,585,589.743225
100,10,train,109,630,598.399353
100,10,train,110,670,665.586731
100,10,train,111,516,518.070374
100,10,train,112,463,435.506195
100,10,train,113,519,509.599213
100,10,train,114,507,514.610779
100,10,train,115,525,524.291504
100,10,train,116,482,484.778290
100,10,train,117,488,487.544220
100,10,train,118,637,625.800781
100,10,train,119,480,490.895996
100,10,train,120,606,592.765747
100,10,train,121,485,495.304413
100,10,train,122,617,619.789673
100,10,train,123,560,558.211975
100,10,train,124,464,474.615875
100,10,train,125,617,618.205627
100,10,train,126,545,555.810181
100,10,train,127,465,463.288452
100,10,train,128,601,610.947754
100,10,train,129,538,546.732300
100,10,train,130,495,496.318054
100,10,train,131,472,480.851868
100,10,train,132,431,452.546082
100,10,train,133,500,499.718964
100,10,train,134,476,480.973938
100,10,train,135,479,481.880768
100,10,train,136,575,575.063049
100,10,train,137,455,454.065277
100,10,train,138,550,545.143311
100,10,train,139,502,508.023865
100,10,train,140,528,532.190674
514,1,test,0,584,583.870300
514,1,test,1,510,528.689331
514,1,test,2,525,518.335571
514,1,test,3,557,585.514832
514,1,test,4,596,608.283203
514,1,test,5,528,519.031921
514,1,test,6,645,574.678040
514,1,test,7,460,507.906189
514,1,test,8,572,571.611633
514,1,test,9,509,513.620361
514,1,test,10,577,551.491882
514,1,test,11,555,541.561096
514,1,test,12,485,561.712830
514,1,test,13,580,574.469666
514,1,test,14,456,466.011017
514,1,test,15,597,576.569031
514,1,test,16,484,496.235992
514,1,test,17,584,572.491028
514,1,test,18,502,515.115051
514,1,test,19,612,625.035522
514,1,test,20,644,621.193237
514,1,test,21,501,493.361511
514,1,test,22,462,485.088867
514,1,test,23,495,506.274841
514,1,test,24,601,634.345032
514,1,test,25,613,576.410461
514,1,test,26,610,592.936890
514,1,test,27,580,617.325317
514,1,test,28,545,561.480286
514,1,test,29,469,470.094208
514,1,test,30,479,495.297577
514,1,test,31,478,509.985107
514,1,test,32,446,505.766205
514,1,test,33,463,473.052887
514,1,test,34,613,576.844177
514,1,test,35,572,570.829773
514,1,train,0,572,571.643616
514,1,train,1,524,517.685486
514,1,train,2,575,575.266479
514,1,train,3,600,599.285583
514,1,train,4,560,556.094238
514,1,train,5,442,443.540894
514,1,train,6,451,453.957916
514,1,train,7,616,620.367249
514,1,train,8,534,530.271545
514,1,train,9,608,609.188354
514,1,train,10,489,490.873322
514,1,train,11,637,631.785339
514,1,train,12,648,633.476746
514,1,train,13,523,522.374146
514,1,train,14,519,514.485352
514,1,train,15,524,524.561523
514,1,train,16,500,501.272766
514,1,train,17,495,505.306702
514,1,train,18,585,585.003296
514,1,train,19,509,513.162903
514,1,train,20,577,576.217285
514,1,train,21,479,481.071533
514,1,train,22,504,503.928253
514,1,train,23,509,511.138306
514,1,train,24,606,598.957703
514,1,train,25,605,608.410522
514,1,train,26,484,482.287994
514,1,train,27,488,488.684631
514,1,train,28,630,629.715515
514,1,train,29,507,513.006958
514,1,train,30,522,520.759399
514,1,train,31,628,619.767517
514,1,train,32,522,520.843811
514,1,train,33,578,579.599182
514,1,train,34,640,643.885986
514,1,train,35,618,614.756042
514,1,train,36,431,443.861053
514,1,train,37,649,647.670776
514,1,train,38,526,526.057678
514,1,train,39,535,526.887512
514,1,train,40,507,508.496216
514,1,train,41,541,549.117554
514,1,train,42,612,607.708130
514,1,train,43,617,611.489868
514,1,train,44,459,470.452545
514,1,train,45,597,595.952637
514,1,train,46,538,538.922913
514,1,train,47,508,506.166901
514,1,train,48,525,526.340515
514,1,train,49,455,460.416931
514,1,train,50,472,476.167755
514,1,train,51,596,592.948669
514,1,train,52,617,617.689087
514,1,train,53,623,619.047302
514,1,train,54,594,591.518677
514,1,train,55,480,480.206268
514,1,train,56,504,499.200958
514,1,train,57,516,515.792969
514,1,train,58,541,535.834045
514,1,train,59,505,506.419495
514,1,train,60,515,512.162109
514,1,train,61,522,520.492188
514,1,train,62,506,515.710754
514,1,train,63,577,573.683411
514,1,train,64,574,577.225220
514,1,train,65,624,626.220642
514,1,train,66,543,538.367981
514,1,train,67,644,638.486023
514,1,train,68,584,583.632446
514,1,train,69,500,501.890900
514,1,train,70,689,677.778320
514,1,train,71,586,576.480225
514,1,train,72,617,617.720947
514,1,train,73,473,491.452972
514,1,train,74,572,571.175110
514,1,train,75,595,589.666748
514,1,train,76,528,523.471008
514,1,train,77,492,491.830383
514,1,train,78,516,516.073059
514,1,train,79,473,474.949249
514,1,train,80,505,507.078064
514,1,train,81,534,526.911255
514,1,train,82,630,629.698853
514,1,train,83,670,668.600037
514,1,train,84,598,591.721130
514,1,train,85,488,495.432190
514,1,train,86,481,482.632660
514,1,train,87,455,455.423981
514,1,train,88,550,550.406433
514,1,train,89,505,503.520935
514,1,train,90,608,603.970154
514,1,train,91,482,480.909790
514,1,train,92,466,467.994110
514,1,train,93,471,478.034973
514,1,train,94,624,618.970459
514,1,train,95,591,589.246704
514,1,train,96,488,488.738617
514,1,train,97,606,606.226257
514,1,train,98,693,679.895447
514,1,train,99,475,469.968903
514,1,train,100,484,486.366943
514,1,train,101,580,579.051636
514,1,train,102,511,511.464508
514,1,train,103,562,560.479797
514,1,train,104,630,619.472900
514,1,train,105,583,588.338379
514,1,train,106,465,466.339630
514,1,train,107,524,526.553406
514,1,train,108,472,473.093445
514,1,train,109,456,457.228546
514,1,train,110,456,469.169128
514,1,train,111,475,478.343353
514,1,train,112,465,468.156342
514,1,train,113,561,553.368225
514,1,train,114,464,474.318329
514,1,train,115,490,488.073425
514,1,train,116,450,453.074158
514,1,train,117,601,604.501282
514,1,train,118,463,441.110046
514,1,train,119,670,668.357178
514,1,train,120,597,596.036926
514,1,train,121,592,594.314941
514,1,train,122,597,595.891541
514,1,train,123,371,401.800812
514,1,train,124,500,502.474579
514,1,train,125,476,475.978912
514,1,train,126,464,466.540680
514,1,train,127,494,492.087646
514,1,train,128,585,584.986511
514,1,train,129,507,508.622528
514,1,train,130,568,571.983887
514,1,train,131,500,508.201447
514,1,train,132,605,611.043579
514,1,train,133,519,518.475830
514,1,train,134,504,501.440369
514,1,train,135,487,480.609741
514,1,train,136,517,513.076538
514,1,train,137,532,531.090576
514,1,train,138,493,496.403412
514,1,train,139,477,473.809235
514,1,train,140,648,648.301331
514,2,test,0,495,548.918457
514,2,test,1,473,594.644470
514,2,test,2,618,613.947937
514,2,test,3,568,617.719238
514,2,test,4,584,560.782715
514,2,test,5,507,537.238464
514,2,test,6,455,530.215759
514,2,test,7,543,511.212646
514,2,test,8,597,580.652222
514,2,test,9,600,603.375488
514,2,test,10,524,524.543335
514,2,test,11,475,467.382172
514,2,test,12,459,567.707153
514,2,test,13,500,491.482697
514,2,test,14,689,671.450928
514,2,test,15,606,552.231934
514,2,test,16,580,558.733337
514,2,test,17,541,537.910278
514,2,test,18,580,628.391785
514,2,test,19,476,479.461975
514,2,test,20,617,512.505554
514,2,test,21,628,617.078674
514,2,test,22,509,493.255798
514,2,test,23,509,493.372864
514,2,test,24,463,483.231781
514,2,test,25,596,611.609863
514,2,test,26,522,521.423035
514,2,test,27,608,626.067932
514,2,test,28,560,508.176147
514,2,test,29,693,594.147400
514,2,test,30,517,505.294159
514,2,test,31,455,532.308167
514,2,test,32,446,487.104797
514,2,test,33,534,509.289856
514,2,test,34,577,611.311279
514,2,test,35,575,580.014221
514,2,train,0,528,527.380371
514,2,train,1,645,643.978455
514,2,train,2,585,584.503723
514,2,train,3,516,516.535339
514,2,train,4,479,480.910400
514,2,train,5,473,474.721863
514,2,train,6,487,485.044769
514,2,train,7,460,463.958679
514,2,train,8,500,501.582825
514,2,train,9,596,598.112793
514,2,train,10,519,519.677917
514,2,train,11,608,614.649658
514,2,train,12,492,490.741455
514,2,train,13,509,508.690369
514,2,train,14,479,481.057678
514,2,train,15,505,505.857849
514,2,train,16,466,467.864258
514,2,train,17,613,612.148193
514,2,train,18,630,631.933472
514,2,train,19,511,509.566986
514,2,train,20,478,478.929321
514,2,train,21,465,464.785889
514,2,train,22,605,605.368225
514,2,train,23,524,520.475098
514,2,train,24,515,514.125000
514,2,train,25,477,476.818054
514,2,train,26,494,491.475403
514,2,train,27,577,572.388123
514,2,train,28,488,489.403778
514,2,train,29,578,577.615417
514,2,train,30,484,485.126556
514,2,train,31,465,462.407654
514,2,train,32,480,477.791321
514,2,train,33,538,545.557922
514,2,train,34,586,588.297180
514,2,train,35,532,532.054871
514,2,train,36,598,593.939270
514,2,train,37,670,669.707581
514,2,train,38,507,511.142029
514,2,train,39,505,507.034454
514,2,train,40,500,502.199768
514,2,train,41,519,514.719727
514,2,train,42,525,525.052246
514,2,train,43,630,630.075378
514,2,train,44,508,506.202850
514,2,train,45,605,607.931946
514,2,train,46,442,440.783997
514,2,train,47,482,482.324921
514,2,train,48,484,481.338348
514,2,train,49,464,463.441315
514,2,train,50,451,452.255249
514,2,train,51,371,378.783844
514,2,train,52,524,525.887024
514,2,train,53,535,533.103333
514,2,train,54,472,470.118896
514,2,train,55,545,547.776184
514,2,train,56,572,573.038391
514,2,train,57,617,618.138000
514,2,train,58,649,645.463623
514,2,train,59,504,503.308990
514,2,train,60,463,452.889374
514,2,train,61,456,459.700745
514,2,train,62,601,604.716492
514,2,train,63,630,630.281738
514,2,train,64,572,572.292786
514,2,train,65,597,594.710266
514,2,train,66,648,641.382935
514,2,train,67,613,613.799988
514,2,train,68,500,501.081177
514,2,train,69,502,500.901245
514,2,train,70,464,469.013123
514,2,train,71,489,489.649048
514,2,train,72,504,502.735718
514,2,train,73,592,592.661682
514,2,train,74,475,472.337219
514,2,train,75,505,505.360840
514,2,train,76,534,534.790161
514,2,train,77,525,520.982422
514,2,train,78,481,482.146820
514,2,train,79,670,668.669983
514,2,train,80,612,603.488708
514,2,train,81,585,584.503723
514,2,train,82,528,528.702942
514,2,train,83,456,456.382599
514,2,train,84,574,580.515747
514,2,train,85,601,602.488586
514,2,train,86,577,577.172363
514,2,train,87,488,488.690704
514,2,train,88,472,472.475769
514,2,train,89,456,461.303772
514,2,train,90,591,591.423828
514,2,train,91,624,622.939697
514,2,train,92,431,434.328918
514,2,train,93,597,594.710266
514,2,train,94,584,585.636414
514,2,train,95,469,465.590759
514,2,train,96,522,521.305969
514,2,train,97,495,496.338379
514,2,train,98,526,526.488708
514,2,train,99,640,637.062378
514,2,train,100,616,615.458801
514,2,train,101,580,579.516968
514,2,train,102,623,622.659119
514,2,train,103,507,507.981476
514,2,train,104,597,596.112122
514,2,train,105,624,623.762024
514,2,train,106,471,473.636169
514,2,train,107,506,510.329468
514,2,train,108,583,583.236206
514,2,train,109,504,501.313141
514,2,train,110,594,582.647705
514,2,train,111,617,618.138000
514,2,train,112,557,568.315247
514,2,train,113,595,592.732422
514,2,train,114,488,485.153748
514,2,train,115,523,524.425964
514,2,train,116,637,632.342285
514,2,train,117,644,640.465881
514,2,train,118,572,572.921326
514,2,train,119,644,644.645996
514,2,train,120,485,484.683319
514,2,train,121,555,547.174011
514,2,train,122,572,572.292786
514,2,train,123,648,647.290588
514,2,train,124,510,511.925446
514,2,train,125,522,521.190186
514,2,train,126,484,487.534882
514,2,train,127,612,612.856262
514,2,train,128,490,492.182220
514,2,train,129,610,611.856934
514,2,train,130,462,463.562866
514,2,train,131,584,585.021912
514,2,train,132,541,537.474854
514,2,train,133,450,453.047424
514,2,train,134,516,516.418274
514,2,train,135,501,500.476196
514,2,train,136,606,605.659546
514,2,train,137,561,560.427429
514,2,train,138,493,492.112000
514,2,train,139,550,549.266846
514,2,train,140,562,562.935608
514,3,test,0,601,635.229004
514,3,test,1,596,602.923523
514,3,test,2,574,563.085815
514,3,test,3,466,473.117371
514,3,test,4,482,483.423584
514,3,test,5,473,562.465759
514,3,test,6,594,583.869690
514,3,test,7,493,495.763367
514,3,test,8,524,521.018433
514,3,test,9,644,569.608398
514,3,test,10,455,501.327850
514,3,test,11,475,475.307922
514,3,test,12,505,491.712585
514,3,test,13,612,577.724731
514,3,test,14,644,618.890320
514,3,test,15,459,535.207092
514,3,test,16,597,593.896912
514,3,test,17,550,550.939148
514,3,test,18,524,530.573853
514,3,test,19,506,543.419617
514,3,test,20,523,525.915833
514,3,test,21,500,502.364532
514,3,test,22,568,588.155640
514,3,test,23,640,640.491394
514,3,test,24,605,594.747620
514,3,test,25,465,467.823090
514,3,test,26,610,601.071106
514,3,test,27,608,592.171021
514,3,test,28,585,589.657593
514,3,test,29,584,584.541870
514,3,test,30,597,539.545166
514,3,test,31,555,541.614502
514,3,test,32,507,512.304626
514,3,test,33,670,666.144592
514,3,test,34,598,538.785522
514,3,test,35,617,540.186707
514,3,train,0,580,580.657410
514,3,train,1,595,594.809631
514,3,train,2,612,609.765076
514,3,train,3,463,441.882172
514,3,train,4,463,462.828552
514,3,train,5,541,539.846252
514,3,train,6,617,617.740234
514,3,train,7,572,571.703674
514,3,train,8,525,524.561035
514,3,train,9,495,499.285828
514,3,train,10,460,467.824158
514,3,train,11,693,675.407898
514,3,train,12,484,476.499176
514,3,train,13,495,495.300751
514,3,train,14,472,472.939758
514,3,train,15,623,619.829529
514,3,train,16,586,581.577881
514,3,train,17,488,486.978577
514,3,train,18,519,517.771606
514,3,train,19,585,586.309204
514,3,train,20,670,666.793091
514,3,train,21,630,630.210205
514,3,train,22,465,465.879333
514,3,train,23,618,617.987732
514,3,train,24,606,604.838196
514,3,train,25,572,571.836914
514,3,train,26,561,558.113831
514,3,train,27,605,607.169006
514,3,train,28,504,503.383087
514,3,train,29,473,471.825775
514,3,train,30,528,530.310669
514,3,train,31,490,490.256195
514,3,train,32,500,501.872101
514,3,train,33,649,648.014771
514,3,train,34,522,521.915588
514,3,train,35,628,626.184082
514,3,train,36,584,583.227112
514,3,train,37,455,458.882111
514,3,train,38,597,597.666809
514,3,train,39,516,516.211182
514,3,train,40,515,515.074463
514,3,train,41,525,522.083008
514,3,train,42,484,483.016998
514,3,train,43,502,502.340668
514,3,train,44,592,593.945984
514,3,train,45,488,488.352417
514,3,train,46,645,639.617188
514,3,train,47,577,576.509827
514,3,train,48,577,570.406738
514,3,train,49,476,476.317474
514,3,train,50,500,499.005615
514,3,train,51,481,482.244354
514,3,train,52,528,526.964722
514,3,train,53,494,493.172363
514,3,train,54,456,469.531677
514,3,train,55,580,588.620483
514,3,train,56,616,617.307068
514,3,train,57,534,532.760010
514,3,train,58,431,439.935333
514,3,train,59,606,601.853821
514,3,train,60,532,532.498413
514,3,train,61,477,475.517303
514,3,train,62,442,444.507965
514,3,train,63,451,454.816467
514,3,train,64,608,607.910828
514,3,train,65,479,480.387085
514,3,train,66,578,576.920654
514,3,train,67,464,465.161957
514,3,train,68,478,478.333740
514,3,train,69,624,621.122131
514,3,train,70,517,515.743652
514,3,train,71,464,467.904694
514,3,train,72,600,599.236633
514,3,train,73,630,619.942627
514,3,train,74,504,503.136139
514,3,train,75,507,506.877258
514,3,train,76,584,584.537354
514,3,train,77,597,594.430969
514,3,train,78,472,475.687317
514,3,train,79,501,500.456146
514,3,train,80,508,508.063873
514,3,train,81,456,456.596893
514,3,train,82,583,586.514343
514,3,train,83,624,626.958435
514,3,train,84,471,475.601624
514,3,train,85,545,545.552307
514,3,train,86,572,572.177551
514,3,train,87,630,629.482178
514,3,train,88,617,616.740601
514,3,train,89,522,520.937134
514,3,train,90,543,541.389709
514,3,train,91,504,503.626831
514,3,train,92,562,560.770020
514,3,train,93,526,525.098694
514,3,train,94,613,612.314819
514,3,train,95,475,475.356476
514,3,train,96,575,573.449036
514,3,train,97,462,462.819122
514,3,train,98,510,511.519409
514,3,train,99,648,636.126709
514,3,train,100,601,602.372559
514,3,train,101,560,559.184692
514,3,train,102,488,489.451538
514,3,train,103,577,581.653687
514,3,train,104,505,505.656219
514,3,train,105,580,579.328308
514,3,train,106,509,509.285583
514,3,train,107,507,508.119049
514,3,train,108,648,645.823669
514,3,train,109,487,484.324188
514,3,train,110,479,479.508514
514,3,train,111,637,634.275696
514,3,train,112,450,453.729095
514,3,train,113,480,478.963928
514,3,train,114,689,676.237549
514,3,train,115,613,612.920837
514,3,train,116,469,468.739105
514,3,train,117,516,515.826782
514,3,train,118,557,557.656982
514,3,train,119,572,572.148376
514,3,train,120,519,516.944763
514,3,train,121,456,456.608032
514,3,train,122,541,545.303223
514,3,train,123,509,509.665833
514,3,train,124,446,457.332733
514,3,train,125,489,488.069855
514,3,train,126,591,590.139893
514,3,train,127,371,411.866119
514,3,train,128,522,522.034180
514,3,train,129,484,486.025330
514,3,train,130,596,597.957336
514,3,train,131,492,491.208313
514,3,train,132,505,505.719086
514,3,train,133,524,522.917480
514,3,train,134,485,488.387848
514,3,train,135,500,500.781067
514,3,train,136,535,533.758728
514,3,train,137,538,537.803162
514,3,train,138,511,511.165680
514,3,train,139,534,525.839905
514,3,train,140,509,509.098236
514,4,test,0,541,504.128448
514,4,test,1,463,497.139526
514,4,test,2,460,515.798279
514,4,test,3,628,610.412231
514,4,test,4,489,520.585876
514,4,test,5,476,470.578156
514,4,test,6,591,561.268738
514,4,test,7,504,489.919556
514,4,test,8,475,490.391022
514,4,test,9,488,507.847534
514,4,test,10,572,541.942444
514,4,test,11,648,528.813293
514,4,test,12,524,515.793762
514,4,test,13,618,514.242004
514,4,test,14,637,570.819214
514,4,test,15,522,484.562286
514,4,test,16,600,602.810547
514,4,test,17,572,539.911621
514,4,test,18,522,485.647614
514,4,test,19,484,499.240601
514,4,test,20,572,573.119873
514,4,test,21,623,504.480011
514,4,test,22,479,496.390350
514,4,test,23,504,509.006561
514,4,test,24,459,535.759033
514,4,test,25,517,512.601318
514,4,test,26,557,574.511963
514,4,test,27,516,518.301086
514,4,test,28,371,496.211731
514,4,test,29,473,501.200348
514,4,test,30,610,601.295776
514,4,test,31,525,508.041290
514,4,test,32,495,536.922607
514,4,test,33,575,585.849915
514,4,test,34,488,507.318512
514,4,test,35,464,501.138580
514,4,train,0,545,545.190552
514,4,train,1,525,523.283691
514,4,train,2,541,547.045715
514,4,train,3,617,614.423157
514,4,train,4,500,504.292633
514,4,train,5,580,583.295715
514,4,train,6,693,687.227844
514,4,train,7,464,467.387665
514,4,train,8,451,450.384460
514,4,train,9,463,461.027618
514,4,train,10,585,582.169006
514,4,train,11,477,476.804260
514,4,train,12,568,569.315918
514,4,train,13,500,502.301941
514,4,train,14,522,521.538635
514,4,train,15,585,584.476685
514,4,train,16,613,613.309204
514,4,train,17,577,568.896362
514,4,train,18,577,581.248596
514,4,train,19,505,505.447845
514,4,train,20,584,585.703552
514,4,train,21,509,508.416412
514,4,train,22,488,485.508209
514,4,train,23,508,508.073517
514,4,train,24,574,573.461304
514,4,train,25,479,480.711731
514,4,train,26,630,628.753357
514,4,train,27,605,608.482666
514,4,train,28,617,618.653381
514,4,train,29,608,606.874023
514,4,train,30,507,507.492157
514,4,train,31,505,504.976135
514,4,train,32,597,597.046387
514,4,train,33,507,512.772278
514,4,train,34,645,640.908203
514,4,train,35,455,454.454163
514,4,train,36,515,517.212097
514,4,train,37,584,584.964111
514,4,train,38,597,595.787842
514,4,train,39,446,460.529053
514,4,train,40,580,580.138062
514,4,train,41,594,594.672852
514,4,train,42,455,454.632599
514,4,train,43,471,474.855682
514,4,train,44,482,482.549225
514,4,train,45,506,505.538300
514,4,train,46,478,477.443604
514,4,train,47,490,488.623505
514,4,train,48,450,453.042236
514,4,train,49,577,574.597961
514,4,train,50,500,498.328644
514,4,train,51,507,511.859955
514,4,train,52,550,552.367798
514,4,train,53,670,669.061951
514,4,train,54,606,604.077454
514,4,train,55,456,457.196014
514,4,train,56,586,578.508179
514,4,train,57,469,469.064026
514,4,train,58,543,545.548462
514,4,train,59,456,457.161469
514,4,train,60,595,592.629578
514,4,train,61,596,601.339417
514,4,train,62,598,597.595276
514,4,train,63,612,603.553467
514,4,train,64,510,512.194336
514,4,train,65,616,611.253052
514,4,train,66,528,526.875183
514,4,train,67,484,485.378601
514,4,train,68,689,688.489746
514,4,train,69,480,477.871216
514,4,train,70,592,593.095581
514,4,train,71,596,597.804871
514,4,train,72,528,530.494324
514,4,train,73,524,524.098877
514,4,train,74,605,605.120239
514,4,train,75,601,602.511475
514,4,train,76,612,610.354248
514,4,train,77,617,618.106812
514,4,train,78,494,491.819702
514,4,train,79,484,472.364868
514,4,train,80,502,501.872833
514,4,train,81,555,549.206177
514,4,train,82,534,532.445129
514,4,train,83,597,594.947449
514,4,train,84,562,560.682800
514,4,train,85,560,556.916443
514,4,train,86,640,639.373596
514,4,train,87,493,495.782471
514,4,train,88,648,651.294006
514,4,train,89,583,587.276489
514,4,train,90,472,472.559235
514,4,train,91,644,641.982544
514,4,train,92,485,486.388947
514,4,train,93,442,439.496185
514,4,train,94,578,574.390137
514,4,train,95,487,484.905273
514,4,train,96,613,614.219421
514,4,train,97,505,501.958038
514,4,train,98,524,528.491577
514,4,train,99,473,476.039368
514,4,train,100,501,501.078339
514,4,train,101,561,558.277466
514,4,train,102,504,502.313843
514,4,train,103,495,493.107574
514,4,train,104,462,462.350189
514,4,train,105,584,583.714111
514,4,train,106,670,669.442444
514,4,train,107,465,465.479950
514,4,train,108,456,456.036896
514,4,train,109,475,474.446228
514,4,train,110,481,484.387634
514,4,train,111,624,622.652283
514,4,train,112,431,434.637329
514,4,train,113,509,509.039886
514,4,train,114,580,579.382751
514,4,train,115,500,501.386017
514,4,train,116,630,628.269409
514,4,train,117,526,522.978882
514,4,train,118,534,534.966858
514,4,train,119,492,493.498596
514,4,train,120,535,532.210815
514,4,train,121,538,539.873108
514,4,train,122,511,509.230774
514,4,train,123,624,623.382202
514,4,train,124,519,513.915222
514,4,train,125,644,640.786438
514,4,train,126,608,611.002197
514,4,train,127,601,605.927673
514,4,train,128,465,463.252350
514,4,train,129,472,473.358826
514,4,train,130,509,509.591461
514,4,train,131,466,468.893921
514,4,train,132,572,571.363464
514,4,train,133,523,523.874451
514,4,train,134,532,529.013977
514,4,train,135,597,597.663452
514,4,train,136,630,631.797668
514,4,train,137,516,517.078247
514,4,train,138,519,522.079590
514,4,train,139,649,646.243896
514,4,train,140,606,604.378906
514,5,test,0,482,496.389740
514,5,test,1,601,654.144653
514,5,test,2,475,488.511566
514,5,test,3,605,574.874451
514,5,test,4,617,526.071960
514,5,test,5,465,520.608093
514,5,test,6,689,642.702454
514,5,test,7,616,632.691040
514,5,test,8,522,508.542694
514,5,test,9,500,516.106201
514,5,test,10,598,553.692078
514,5,test,11,560,500.998535
514,5,test,12,500,509.549225
514,5,test,13,594,608.239014
514,5,test,14,509,552.682556
514,5,test,15,568,597.148499
514,5,test,16,600,608.358337
514,5,test,17,580,576.956970
514,5,test,18,577,578.474609
514,5,test,19,535,523.815491
514,5,test,20,618,540.175110
514,5,test,21,534,519.485474
514,5,test,22,489,520.981567
514,5,test,23,617,629.768738
514,5,test,24,591,564.140564
514,5,test,25,456,564.604736
514,5,test,26,606,601.732300
514,5,test,27,605,573.999878
514,5,test,28,472,502.498322
514,5,test,29,516,514.556396
514,5,test,30,473,584.632874
514,5,test,31,504,483.744904
514,5,test,32,475,490.526947
514,5,test,33,505,501.821045
514,5,test,34,465,465.029297
514,5,test,35,596,608.003174
514,5,train,0,644,644.362549
514,5,train,1,541,532.536133
514,5,train,2,525,526.610901
514,5,train,3,670,661.209167
514,5,train,4,517,514.971130
514,5,train,5,480,468.344757
514,5,train,6,524,514.013245
514,5,train,7,463,446.471191
514,5,train,8,464,468.801147
514,5,train,9,511,513.768738
514,5,train,10,490,488.490448
514,5,train,11,495,513.850403
514,5,train,12,584,593.669922
514,5,train,13,597,588.594604
514,5,train,14,528,511.517334
514,5,train,15,597,596.676453
514,5,train,16,525,520.117676
514,5,train,17,371,440.424103
514,5,train,18,500,514.892944
514,5,train,19,488,486.688812
514,5,train,20,510,517.675049
514,5,train,21,459,473.005920
514,5,train,22,584,593.669922
514,5,train,23,550,556.610657
514,5,train,24,464,473.402527
514,5,train,25,577,557.988342
514,5,train,26,601,614.894653
514,5,train,27,534,505.831543
514,5,train,28,524,525.872192
514,5,train,29,578,572.002502
514,5,train,30,555,536.338013
514,5,train,31,630,628.654724
514,5,train,32,492,484.398651
514,5,train,33,479,490.062042
514,5,train,34,597,596.676453
514,5,train,35,505,497.749573
514,5,train,36,485,500.329926
514,5,train,37,462,476.145752
514,5,train,38,493,487.998749
514,5,train,39,580,588.799072
514,5,train,40,507,520.226440
514,5,train,41,584,583.793030
514,5,train,42,612,571.490845
514,5,train,43,487,494.031708
514,5,train,44,519,513.941772
514,5,train,45,456,465.829010
514,5,train,46,613,602.769775
514,5,train,47,557,563.406616
514,5,train,48,624,618.539856
514,5,train,49,561,531.703064
514,5,train,50,585,591.005859
514,5,train,51,501,491.284210
514,5,train,52,648,648.433960
514,5,train,53,572,561.594910
514,5,train,54,640,640.001099
514,5,train,55,431,460.850128
514,5,train,56,455,475.408844
514,5,train,57,476,487.156708
514,5,train,58,481,497.260803
514,5,train,59,606,594.712036
514,5,train,60,484,490.027008
514,5,train,61,505,510.799133
514,5,train,62,645,623.474792
514,5,train,63,456,461.719818
514,5,train,64,596,593.869568
514,5,train,65,543,518.319031
514,5,train,66,506,532.115845
514,5,train,67,488,492.703674
514,5,train,68,624,619.299255
514,5,train,69,526,526.437256
514,5,train,70,516,514.556396
514,5,train,71,507,527.974243
514,5,train,72,693,659.746460
514,5,train,73,442,463.909424
514,5,train,74,628,619.000305
514,5,train,75,574,583.320679
514,5,train,76,446,476.288574
514,5,train,77,500,494.902924
514,5,train,78,610,603.117310
514,5,train,79,477,475.892944
514,5,train,80,528,528.027832
514,5,train,81,504,510.886261
514,5,train,82,572,561.594910
514,5,train,83,460,497.843475
514,5,train,84,509,512.375183
514,5,train,85,545,541.585327
514,5,train,86,562,543.015076
514,5,train,87,613,602.769775
514,5,train,88,585,591.005859
514,5,train,89,637,629.649902
514,5,train,90,580,609.323181
514,5,train,91,484,477.298706
514,5,train,92,524,526.955261
514,5,train,93,572,573.995605
514,5,train,94,522,512.905212
514,5,train,95,595,597.088562
514,5,train,96,577,559.543274
514,5,train,97,466,468.873840
514,5,train,98,451,460.885620
514,5,train,99,617,629.768738
514,5,train,100,508,503.366516
514,5,train,101,488,505.353241
514,5,train,102,648,603.615662
514,5,train,103,484,483.882324
514,5,train,104,644,629.150391
514,5,train,105,592,599.567505
514,5,train,106,541,539.000122
514,5,train,107,612,604.213623
514,5,train,108,623,574.548401
514,5,train,109,522,508.542694
514,5,train,110,469,471.428864
514,5,train,111,507,503.806091
514,5,train,112,538,534.840332
514,5,train,113,523,526.405884
514,5,train,114,463,465.956024
514,5,train,115,649,620.063721
514,5,train,116,572,573.995605
514,5,train,117,519,528.288757
514,5,train,118,608,597.435791
514,5,train,119,509,511.669525
514,5,train,120,532,524.757812
514,5,train,121,583,592.805359
514,5,train,122,494,484.398651
514,5,train,123,502,507.986908
514,5,train,124,670,661.209167
514,5,train,125,630,612.514587
514,5,train,126,455,480.840393
514,5,train,127,608,615.323303
514,5,train,128,586,590.715637
514,5,train,129,471,491.369537
514,5,train,130,575,581.647949
514,5,train,131,473,446.598022
514,5,train,132,450,465.956024
514,5,train,133,478,478.575562
514,5,train,134,597,574.640137
514,5,train,135,479,485.756439
514,5,train,136,472,481.330444
514,5,train,137,495,492.428284
514,5,train,138,504,507.307037
514,5,train,139,515,524.644592
514,5,train,140,630,628.654724
514,6,test,0,493,498.966919
514,6,test,1,596,596.369141
514,6,test,2,509,514.026306
514,6,test,3,585,587.525940
514,6,test,4,525,525.111877
514,6,test,5,577,530.831177
514,6,test,6,500,517.202515
514,6,test,7,516,531.835938
514,6,test,8,617,618.531494
514,6,test,9,459,509.237671
514,6,test,10,630,533.318176
514,6,test,11,451,463.448700
514,6,test,12,516,524.148987
514,6,test,13,555,531.966736
514,6,test,14,644,596.489014
514,6,test,15,580,563.915833
514,6,test,16,541,543.479553
514,6,test,17,597,593.854248
514,6,test,18,489,523.525330
514,6,test,19,522,527.978821
514,6,test,20,464,497.411499
514,6,test,21,463,363.765442
514,6,test,22,584,588.990051
514,6,test,23,538,531.015564
514,6,test,24,644,559.680420
514,6,test,25,455,493.275482
514,6,test,26,484,520.313477
514,6,test,27,484,498.980652
514,6,test,28,476,495.093994
514,6,test,29,624,589.003418
514,6,test,30,481,493.933533
514,6,test,31,528,527.498474
514,6,test,32,463,479.680847
514,6,test,33,670,669.443298
514,6,test,34,613,614.638489
514,6,test,35,446,513.396667
514,6,train,0,560,560.058105
514,6,train,1,689,689.114197
514,6,train,2,371,374.459229
514,6,train,3,601,601.037659
514,6,train,4,492,491.792755
514,6,train,5,482,482.417053
514,6,train,6,648,647.612000
514,6,train,7,586,586.046936
514,6,train,8,442,442.325287
514,6,train,9,630,630.239502
514,6,train,10,473,473.117218
514,6,train,11,572,571.275452
514,6,train,12,630,630.167175
514,6,train,13,605,605.113220
514,6,train,14,624,624.698730
514,6,train,15,648,647.831055
514,6,train,16,506,506.142578
514,6,train,17,572,571.655090
514,6,train,18,628,627.989502
514,6,train,19,495,495.870911
514,6,train,20,572,572.849915
514,6,train,21,545,544.718628
514,6,train,22,465,464.873444
514,6,train,23,616,616.234558
514,6,train,24,507,506.687500
514,6,train,25,617,618.359863
514,6,train,26,478,478.311554
514,6,train,27,584,583.942993
514,6,train,28,510,510.208374
514,6,train,29,515,514.304504
514,6,train,30,605,605.218506
514,6,train,31,504,502.878479
514,6,train,32,608,610.325317
514,6,train,33,597,596.674072
514,6,train,34,594,589.834717
514,6,train,35,472,472.263214
514,6,train,36,572,573.101562
514,6,train,37,574,574.115540
514,6,train,38,649,649.258911
514,6,train,39,464,463.881256
514,6,train,40,473,470.672455
514,6,train,41,431,431.229553
514,6,train,42,507,507.432617
514,6,train,43,523,522.894348
514,6,train,44,504,503.980621
514,6,train,45,532,531.780212
514,6,train,46,456,455.352386
514,6,train,47,606,605.871094
514,6,train,48,526,526.053833
514,6,train,49,598,597.423645
514,6,train,50,475,473.769073
514,6,train,51,519,518.441772
514,6,train,52,460,459.584167
514,6,train,53,580,579.880432
514,6,train,54,597,597.532043
514,6,train,55,575,575.351685
514,6,train,56,485,484.963531
514,6,train,57,524,523.709290
514,6,train,58,500,500.204285
514,6,train,59,456,456.242065
514,6,train,60,477,476.322754
514,6,train,61,455,455.109222
514,6,train,62,495,495.202911
514,6,train,63,488,488.290863
514,6,train,64,508,507.809204
514,6,train,65,645,644.321106
514,6,train,66,585,584.408630
514,6,train,67,583,583.573059
514,6,train,68,528,526.191101
514,6,train,69,562,561.598267
514,6,train,70,500,501.029297
514,6,train,71,535,534.050293
514,6,train,72,610,609.217529
514,6,train,73,557,559.831726
514,6,train,74,479,479.657837
514,6,train,75,534,533.239136
514,6,train,76,541,540.066650
514,6,train,77,488,488.154205
514,6,train,78,637,636.721619
514,6,train,79,534,533.680481
514,6,train,80,504,503.851410
514,6,train,81,578,577.559082
514,6,train,82,450,450.699707
514,6,train,83,511,511.119171
514,6,train,84,580,580.798218
514,6,train,85,600,600.440918
514,6,train,86,693,692.868347
514,6,train,87,522,522.333679
514,6,train,88,479,478.790924
514,6,train,89,608,608.182190
514,6,train,90,561,561.210205
514,6,train,91,584,584.181763
514,6,train,92,505,505.075684
514,6,train,93,519,518.092773
514,6,train,94,484,483.932648
514,6,train,95,595,596.239258
514,6,train,96,577,577.562683
514,6,train,97,494,493.553467
514,6,train,98,612,610.140259
514,6,train,99,601,600.805542
514,6,train,100,596,596.402222
514,6,train,101,524,524.116638
514,6,train,102,618,618.079590
514,6,train,103,597,597.435486
514,6,train,104,500,499.878571
514,6,train,105,465,464.927826
514,6,train,106,606,605.637634
514,6,train,107,577,577.203918
514,6,train,108,522,522.218628
514,6,train,109,613,612.413757
514,6,train,110,490,489.833313
514,6,train,111,509,509.000641
514,6,train,112,505,505.087463
514,6,train,113,462,461.603577
514,6,train,114,543,542.954590
514,6,train,115,507,506.662170
514,6,train,116,456,456.331177
514,6,train,117,670,669.026306
514,6,train,118,550,550.062622
514,6,train,119,524,524.583191
514,6,train,120,502,502.994293
514,6,train,121,517,516.801270
514,6,train,122,612,611.839050
514,6,train,123,617,617.330566
514,6,train,124,472,471.675995
514,6,train,125,623,623.659790
514,6,train,126,592,591.736816
514,6,train,127,469,468.088928
514,6,train,128,488,487.587128
514,6,train,129,591,591.080750
514,6,train,130,525,524.744385
514,6,train,131,501,500.571747
514,6,train,132,475,475.908142
514,6,train,133,568,568.918823
514,6,train,134,480,480.664825
514,6,train,135,471,471.202118
514,6,train,136,640,639.612793
514,6,train,137,487,486.790741
514,6,train,138,466,466.542572
514,6,train,139,509,508.575836
514,6,train,140,505,505.453735
514,7,test,0,623,542.196106
514,7,test,1,456,468.190216
514,7,test,2,606,587.838623
514,7,test,3,597,571.838074
514,7,test,4,624,623.023743
514,7,test,5,524,537.192627
514,7,test,6,543,517.204895
514,7,test,7,507,511.224548
514,7,test,8,502,511.524048
514,7,test,9,561,522.924561
514,7,test,10,597,571.838074
514,7,test,11,644,594.361694
514,7,test,12,481,497.390076
514,7,test,13,572,561.861511
514,7,test,14,526,506.895996
514,7,test,15,451,475.595306
514,7,test,16,463,408.764771
514,7,test,17,670,656.955750
514,7,test,18,578,531.286194
514,7,test,19,504,486.226044
514,7,test,20,517,510.113495
514,7,test,21,488,493.636505
514,7,test,22,507,534.433228
514,7,test,23,478,509.029297
514,7,test,24,617,630.631042
514,7,test,25,689,642.186890
514,7,test,26,613,606.009033
514,7,test,27,630,628.050476
514,7,test,28,541,496.384399
514,7,test,29,693,587.015442
514,7,test,30,628,608.178589
514,7,test,31,583,583.597412
514,7,test,32,522,509.113037
514,7,test,33,500,510.113495
514,7,test,34,466,477.109314
514,7,test,35,519,499.903107
514,7,train,0,490,488.136505
514,7,train,1,577,566.452209
514,7,train,2,584,581.358521
514,7,train,3,586,583.756348
514,7,train,4,509,511.337738
514,7,train,5,504,497.913727
514,7,train,6,494,485.444580
514,7,train,7,516,516.220154
514,7,train,8,648,645.122986
514,7,train,9,577,582.409790
514,7,train,10,455,457.334351
514,7,train,11,505,503.625366
514,7,train,12,509,513.552185
514,7,train,13,492,485.444580
514,7,train,14,670,656.955750
514,7,train,15,463,459.706177
514,7,train,16,605,608.449524
514,7,train,17,456,450.317108
514,7,train,18,596,604.495728
514,7,train,19,506,506.922455
514,7,train,20,580,581.107971
514,7,train,21,598,596.848572
514,7,train,22,594,575.384583
514,7,train,23,618,597.281189
514,7,train,24,613,606.009033
514,7,train,25,446,473.265900
514,7,train,26,601,606.672058
514,7,train,27,500,499.985016
514,7,train,28,505,504.597809
514,7,train,29,480,474.479279
514,7,train,30,455,456.976196
514,7,train,31,591,585.196716
514,7,train,32,471,478.061737
514,7,train,33,608,602.722290
514,7,train,34,624,619.108887
514,7,train,35,524,526.568298
514,7,train,36,450,454.972382
514,7,train,37,479,480.003571
514,7,train,38,575,571.251404
514,7,train,39,612,602.000183
514,7,train,40,484,487.401031
514,7,train,41,572,573.027222
514,7,train,42,472,470.824097
514,7,train,43,510,510.688782
514,7,train,44,487,484.487671
514,7,train,45,431,441.897705
514,7,train,46,485,488.615082
514,7,train,47,580,591.994873
514,7,train,48,475,472.796112
514,7,train,49,616,620.106567
514,7,train,50,465,462.436768
514,7,train,51,525,523.736816
514,7,train,52,484,481.620056
514,7,train,53,509,511.337738
514,7,train,54,560,562.082275
514,7,train,55,572,561.861511
514,7,train,56,504,499.997070
514,7,train,57,606,613.700256
514,7,train,58,456,470.362091
514,7,train,59,600,600.199280
514,7,train,60,488,487.002869
514,7,train,61,442,452.728516
514,7,train,62,550,550.075867
514,7,train,63,596,600.296143
514,7,train,64,507,512.559143
514,7,train,65,460,471.833893
514,7,train,66,601,611.106262
514,7,train,67,488,489.905151
514,7,train,68,528,524.791138
514,7,train,69,522,518.538879
514,7,train,70,645,635.850342
514,7,train,71,495,507.773071
514,7,train,72,545,544.738892
514,7,train,73,610,603.682739
514,7,train,74,523,520.740845
514,7,train,75,482,487.582916
514,7,train,76,511,512.447815
514,7,train,77,535,518.727905
514,7,train,78,648,617.214844
514,7,train,79,597,599.537109
514,7,train,80,473,463.334534
514,7,train,81,541,543.514709
514,7,train,82,612,611.276794
514,7,train,83,489,491.610992
514,7,train,84,477,473.345673
514,7,train,85,495,499.232483
514,7,train,86,585,585.789551
514,7,train,87,465,468.518494
514,7,train,88,630,615.869507
514,7,train,89,617,595.690186
514,7,train,90,637,636.906677
514,7,train,91,519,515.523682
514,7,train,92,500,499.997070
514,7,train,93,476,482.510834
514,7,train,94,479,484.198486
514,7,train,95,649,632.433655
514,7,train,96,617,630.631042
514,7,train,97,464,464.311768
514,7,train,98,464,482.203033
514,7,train,99,584,582.956238
514,7,train,100,577,578.838196
514,7,train,101,524,518.499146
514,7,train,102,605,605.132751
514,7,train,103,462,464.867218
514,7,train,104,522,518.538879
514,7,train,105,515,510.546631
514,7,train,106,475,472.708588
514,7,train,107,584,581.358521
514,7,train,108,562,558.730774
514,7,train,109,630,628.050476
514,7,train,110,532,536.972168
514,7,train,111,555,545.774353
514,7,train,112,644,632.028320
514,7,train,113,528,527.222595
514,7,train,114,574,575.830627
514,7,train,115,597,592.130859
514,7,train,116,534,519.305542
514,7,train,117,534,529.260193
514,7,train,118,557,564.107422
514,7,train,119,608,610.868713
514,7,train,120,525,516.290405
514,7,train,121,459,468.423157
514,7,train,122,472,478.061096
514,7,train,123,501,498.451080
514,7,train,124,538,541.880188
514,7,train,125,508,508.515656
514,7,train,126,505,502.373230
514,7,train,127,592,593.621338
514,7,train,128,500,502.793457
514,7,train,129,580,573.065552
514,7,train,130,469,475.752838
514,7,train,131,585,585.789551
514,7,train,132,493,491.468201
514,7,train,133,473,489.734589
514,7,train,134,371,395.294464
514,7,train,135,516,516.220154
514,7,train,136,572,573.027222
514,7,train,137,484,471.495178
514,7,train,138,595,602.425293
514,7,train,139,568,579.481079
514,7,train,140,640,640.578247
514,8,test,0,511,511.604462
514,8,test,1,601,637.429321
514,8,test,2,572,572.089478
514,8,test,3,475,508.397705
514,8,test,4,562,538.177246
514,8,test,5,617,635.642639
514,8,test,6,689,650.287659
514,8,test,7,591,537.862244
514,8,test,8,534,514.609924
514,8,test,9,624,595.993835
514,8,test,10,601,637.454895
514,8,test,11,568,601.571533
514,8,test,12,462,514.615356
514,8,test,13,473,592.064209
514,8,test,14,519,515.438354
514,8,test,15,595,581.791382
514,8,test,16,455,563.928772
514,8,test,17,555,537.498108
514,8,test,18,586,563.076721
514,8,test,19,525,541.189453
514,8,test,20,597,562.186279
514,8,test,21,617,635.538879
514,8,test,22,605,615.859558
514,8,test,23,528,527.086304
514,8,test,24,446,498.646210
514,8,test,25,476,482.044617
514,8,test,26,475,498.826202
514,8,test,27,612,581.157104
514,8,test,28,465,545.335693
514,8,test,29,583,545.240967
514,8,test,30,488,487.677887
514,8,test,31,431,537.367615
514,8,test,32,507,509.826416
514,8,test,33,606,529.569458
514,8,test,34,481,518.028748
514,8,test,35,526,531.911804
514,8,train,0,630,626.655884
514,8,train,1,510,509.862305
514,8,train,2,617,617.400452
514,8,train,3,577,577.347534
514,8,train,4,488,487.965851
514,8,train,5,506,505.585510
514,8,train,6,471,472.460571
514,8,train,7,505,506.847168
514,8,train,8,504,502.860565
514,8,train,9,484,485.196686
514,8,train,10,515,514.576965
514,8,train,11,557,560.847412
514,8,train,12,456,462.918274
514,8,train,13,487,486.822449
514,8,train,14,572,571.803223
514,8,train,15,630,630.071045
514,8,train,16,538,536.804871
514,8,train,17,608,608.920349
514,8,train,18,371,397.282349
514,8,train,19,580,582.161377
514,8,train,20,584,583.876709
514,8,train,21,580,579.764526
514,8,train,22,500,502.767487
514,8,train,23,623,623.309326
514,8,train,24,495,497.196930
514,8,train,25,561,559.932251
514,8,train,26,628,628.078491
514,8,train,27,492,491.524200
514,8,train,28,574,574.803406
514,8,train,29,472,473.029694
514,8,train,30,509,507.999878
514,8,train,31,480,479.430542
514,8,train,32,516,515.919556
514,8,train,33,637,637.092834
514,8,train,34,613,612.813110
514,8,train,35,608,606.689331
514,8,train,36,524,522.925049
514,8,train,37,519,517.947021
514,8,train,38,597,596.397522
514,8,train,39,606,606.315979
514,8,train,40,523,522.724060
514,8,train,41,488,490.405212
514,8,train,42,477,477.286285
514,8,train,43,456,456.567719
514,8,train,44,618,616.471497
514,8,train,45,509,508.285400
514,8,train,46,493,493.486084
514,8,train,47,575,575.347168
514,8,train,48,577,572.268250
514,8,train,49,501,500.912384
514,8,train,50,585,584.343384
514,8,train,51,596,597.992676
514,8,train,52,463,462.068359
514,8,train,53,649,646.715271
514,8,train,54,598,597.132629
514,8,train,55,693,685.156799
514,8,train,56,630,630.116089
514,8,train,57,508,507.119049
514,8,train,58,469,469.032318
514,8,train,59,472,472.681580
514,8,train,60,524,525.103699
514,8,train,61,545,545.422363
514,8,train,62,597,596.968018
514,8,train,63,543,541.432373
514,8,train,64,484,485.600189
514,8,train,65,525,523.151428
514,8,train,66,580,579.821411
514,8,train,67,522,522.514221
514,8,train,68,505,505.087006
514,8,train,69,504,500.391174
514,8,train,70,450,450.535339
514,8,train,71,478,477.041260
514,8,train,72,495,495.455383
514,8,train,73,624,624.057495
514,8,train,74,584,584.438171
514,8,train,75,459,461.660614
514,8,train,76,500,499.544067
514,8,train,77,594,590.047241
514,8,train,78,616,616.904602
514,8,train,79,541,541.616699
514,8,train,80,560,559.923096
514,8,train,81,644,643.870483
514,8,train,82,505,503.346130
514,8,train,83,494,492.687683
514,8,train,84,463,446.971283
514,8,train,85,648,647.779175
514,8,train,86,592,592.476501
514,8,train,87,464,462.763245
514,8,train,88,484,481.868713
514,8,train,89,504,502.993774
514,8,train,90,585,585.750061
514,8,train,91,645,641.859009
514,8,train,92,479,478.726105
514,8,train,93,578,578.580444
514,8,train,94,541,542.170288
514,8,train,95,455,454.755310
514,8,train,96,610,608.580139
514,8,train,97,577,580.827820
514,8,train,98,535,535.979248
514,8,train,99,507,512.916016
514,8,train,100,612,611.064392
514,8,train,101,670,669.994812
514,8,train,102,490,490.102142
514,8,train,103,572,572.118347
514,8,train,104,550,548.815002
514,8,train,105,485,484.844757
514,8,train,106,489,489.949280
514,8,train,107,502,502.203888
514,8,train,108,534,532.659668
514,8,train,109,524,524.608521
514,8,train,110,509,508.485291
514,8,train,111,640,641.565002
514,8,train,112,500,499.184845
514,8,train,113,605,604.264282
514,8,train,114,596,595.812866
514,8,train,115,644,644.279541
514,8,train,116,528,527.002686
514,8,train,117,482,483.485107
514,8,train,118,572,571.996887
514,8,train,119,460,461.144623
514,8,train,120,648,644.832092
514,8,train,121,442,441.551086
514,8,train,122,670,670.030212
514,8,train,123,522,521.758240
514,8,train,124,473,473.832855
514,8,train,125,464,464.320251
514,8,train,126,532,531.584351
514,8,train,127,507,506.435089
514,8,train,128,451,451.822174
514,8,train,129,479,479.242920
514,8,train,130,465,463.554382
514,8,train,131,456,456.473267
514,8,train,132,613,612.918823
514,8,train,133,466,465.944550
514,8,train,134,600,602.140259
514,8,train,135,516,516.068848
514,8,train,136,584,584.064880
514,8,train,137,500,500.225250
514,8,train,138,517,515.707520
514,8,train,139,522,521.819153
514,8,train,140,597,595.964111
514,9,test,0,507,518.051147
514,9,test,1,510,538.673523
514,9,test,2,648,630.071167
514,9,test,3,500,499.585602
514,9,test,4,606,554.378113
514,9,test,5,482,478.834045
514,9,test,6,605,617.500854
514,9,test,7,488,528.466003
514,9,test,8,585,594.329956
514,9,test,9,585,592.343933
514,9,test,10,640,619.163818
514,9,test,11,630,510.215820
514,9,test,12,586,559.472290
514,9,test,13,644,576.358826
514,9,test,14,505,521.185730
514,9,test,15,495,491.688477
514,9,test,16,560,514.484619
514,9,test,17,472,511.107849
514,9,test,18,543,520.036926
514,9,test,19,572,569.356567
514,9,test,20,577,580.897522
514,9,test,21,612,617.324646
514,9,test,22,550,542.743286
514,9,test,23,595,604.605957
514,9,test,24,459,515.334595
514,9,test,25,597,596.476440
514,9,test,26,509,508.263153
514,9,test,27,492,490.818024
514,9,test,28,616,595.094360
514,9,test,29,591,567.466248
514,9,test,30,477,480.249176
514,9,test,31,500,544.011902
514,9,test,32,608,608.839600
514,9,test,33,371,480.142548
514,9,test,34,644,600.124451
514,9,test,35,504,502.540802
514,9,train,0,475,474.443695
514,9,train,1,528,527.895752
514,9,train,2,592,592.204163
514,9,train,3,541,541.716431
514,9,train,4,568,571.666992
514,9,train,5,535,534.340637
514,9,train,6,617,616.579956
514,9,train,7,524,524.081543
514,9,train,8,485,485.588287
514,9,train,9,456,456.330383
514,9,train,10,613,612.600037
514,9,train,11,472,472.638214
514,9,train,12,596,595.528687
514,9,train,13,471,471.254547
514,9,train,14,507,507.309235
514,9,train,15,525,525.016907
514,9,train,16,484,477.242798
514,9,train,17,606,606.509033
514,9,train,18,557,568.854126
514,9,train,19,562,561.993225
514,9,train,20,473,472.302368
514,9,train,21,473,473.850250
514,9,train,22,572,573.021118
514,9,train,23,598,598.160400
514,9,train,24,522,521.219910
514,9,train,25,584,584.222229
514,9,train,26,484,484.629456
514,9,train,27,610,610.043762
514,9,train,28,509,509.161346
514,9,train,29,628,624.488953
514,9,train,30,538,538.103577
514,9,train,31,511,510.639832
514,9,train,32,450,452.236023
514,9,train,33,500,500.257507
514,9,train,34,528,527.829102
514,9,train,35,612,609.098389
514,9,train,36,597,596.022827
514,9,train,37,541,540.636108
514,9,train,38,431,431.994629
514,9,train,39,584,584.045471
514,9,train,40,577,577.348633
514,9,train,41,478,478.273926
514,9,train,42,617,617.960388
514,9,train,43,500,499.836456
514,9,train,44,522,522.118286
514,9,train,45,649,650.650085
514,9,train,46,524,525.591980
514,9,train,47,494,494.358368
514,9,train,48,577,576.969910
514,9,train,49,487,486.330444
514,9,train,50,488,488.348755
514,9,train,51,584,584.045471
514,9,train,52,479,479.241791
514,9,train,53,465,465.701782
514,9,train,54,583,583.412720
514,9,train,55,613,612.600037
514,9,train,56,466,466.953552
514,9,train,57,670,670.662476
514,9,train,58,637,636.517456
514,9,train,59,630,629.860962
514,9,train,60,517,515.278076
514,9,train,61,455,455.161011
514,9,train,62,505,505.459564
514,9,train,63,578,577.425659
514,9,train,64,505,504.710114
514,9,train,65,624,625.222717
514,9,train,66,618,618.244934
514,9,train,67,605,609.876465
514,9,train,68,462,461.941772
514,9,train,69,501,500.246582
514,9,train,70,460,462.180206
514,9,train,71,534,531.235413
514,9,train,72,515,514.065613
514,9,train,73,617,615.918640
514,9,train,74,545,545.186218
514,9,train,75,508,508.080658
514,9,train,76,597,596.476440
514,9,train,77,489,489.850616
514,9,train,78,600,599.913757
514,9,train,79,481,480.706665
514,9,train,80,575,575.045410
514,9,train,81,623,622.980164
514,9,train,82,580,580.128052
514,9,train,83,608,608.651001
514,9,train,84,479,480.572296
514,9,train,85,469,468.364166
514,9,train,86,464,466.391327
514,9,train,87,670,670.535889
514,9,train,88,597,597.243164
514,9,train,89,580,579.583313
514,9,train,90,509,508.915466
514,9,train,91,572,571.074219
514,9,train,92,594,581.514038
514,9,train,93,456,456.558624
514,9,train,94,465,464.594482
514,9,train,95,451,450.737579
514,9,train,96,574,573.795532
514,9,train,97,475,474.697845
514,9,train,98,493,492.667236
514,9,train,99,476,476.302856
514,9,train,100,484,483.646881
514,9,train,101,693,692.819946
514,9,train,102,463,462.436493
514,9,train,103,507,507.163483
514,9,train,104,504,504.217346
514,9,train,105,506,506.015839
514,9,train,106,624,624.428284
514,9,train,107,630,629.947144
514,9,train,108,555,553.790161
514,9,train,109,504,503.746307
514,9,train,110,524,523.825562
514,9,train,111,490,489.614532
514,9,train,112,523,522.311951
514,9,train,113,463,463.339478
514,9,train,114,516,514.024963
514,9,train,115,580,579.130554
514,9,train,116,601,600.823792
514,9,train,117,532,532.573120
514,9,train,118,596,596.758789
514,9,train,119,525,525.636292
514,9,train,120,464,464.182587
514,9,train,121,519,519.006531
514,9,train,122,648,638.938599
514,9,train,123,495,495.367828
514,9,train,124,645,642.667419
514,9,train,125,522,522.183044
514,9,train,126,480,478.584991
514,9,train,127,456,458.910828
514,9,train,128,488,488.076843
514,9,train,129,572,571.160156
514,9,train,130,526,526.529907
514,9,train,131,601,602.798645
514,9,train,132,442,442.099762
514,9,train,133,561,560.659485
514,9,train,134,455,455.190857
514,9,train,135,502,501.074738
514,9,train,136,446,455.505798
514,9,train,137,534,534.312805
514,9,train,138,689,685.823792
514,9,train,139,516,516.364441
514,9,train,140,519,519.167969
514,10,test,0,557,574.224304
514,10,test,1,572,564.434937
514,10,test,2,507,534.173828
514,10,test,3,510,549.337708
514,10,test,4,534,581.735718
514,10,test,5,613,607.697876
514,10,test,6,526,544.751953
514,10,test,7,616,619.203918
514,10,test,8,462,471.976501
514,10,test,9,577,560.966187
514,10,test,10,525,513.756531
514,10,test,11,509,566.288635
514,10,test,12,472,555.537354
514,10,test,13,464,496.156830
514,10,test,14,572,570.281677
514,10,test,15,442,498.623077
514,10,test,16,584,584.263428
514,10,test,17,524,527.184509
514,10,test,18,469,468.883514
514,10,test,19,506,568.770996
514,10,test,20,475,467.127838
514,10,test,21,481,499.117401
514,10,test,22,610,580.899292
514,10,test,23,580,543.194580
514,10,test,24,595,571.639709
514,10,test,25,500,495.860107
514,10,test,26,592,603.328430
514,10,test,27,517,504.935455
514,10,test,28,456,500.696930
514,10,test,29,488,510.178986
514,10,test,30,543,494.507538
514,10,test,31,524,495.041656
514,10,test,32,612,585.174133
514,10,test,33,504,489.045624
514,10,test,34,522,500.540253
514,10,test,35,591,555.244995
514,10,train,0,584,583.939026
514,10,train,1,572,572.035706
514,10,train,2,693,692.931946
514,10,train,3,466,466.081421
514,10,train,4,583,583.145630
514,10,train,5,535,535.161133
514,10,train,6,640,640.502197
514,10,train,7,490,489.934662
514,10,train,8,523,523.039673
514,10,train,9,630,630.043884
514,10,train,10,504,503.749054
514,10,train,11,489,488.905945
514,10,train,12,630,629.961731
514,10,train,13,606,605.965332
514,10,train,14,446,446.334808
514,10,train,15,645,644.997559
514,10,train,16,505,505.125031
514,10,train,17,584,583.954102
514,10,train,18,601,600.423096
514,10,train,19,505,505.135254
514,10,train,20,541,542.756714
514,10,train,21,456,456.144318
514,10,train,22,528,528.039612
514,10,train,23,644,643.879578
514,10,train,24,624,624.064880
514,10,train,25,371,371.444244
514,10,train,26,689,688.397705
514,10,train,27,494,494.103394
514,10,train,28,484,484.384460
514,10,train,29,585,585.086914
514,10,train,30,471,470.969208
514,10,train,31,493,492.831482
514,10,train,32,484,483.843292
514,10,train,33,670,669.640747
514,10,train,34,608,607.973999
514,10,train,35,624,624.332336
514,10,train,36,522,522.063049
514,10,train,37,600,600.016968
514,10,train,38,568,568.190979
514,10,train,39,596,596.039978
514,10,train,40,572,571.960754
514,10,train,41,492,491.596405
514,10,train,42,644,644.046143
514,10,train,43,460,460.231415
514,10,train,44,541,541.018188
514,10,train,45,580,580.041199
514,10,train,46,475,474.910706
514,10,train,47,473,473.130341
514,10,train,48,511,510.714966
514,10,train,49,618,617.822571
514,10,train,50,648,647.964294
514,10,train,51,488,487.901642
514,10,train,52,623,622.983276
514,10,train,53,628,627.993042
514,10,train,54,598,597.978394
514,10,train,55,500,500.233582
514,10,train,56,580,580.102905
514,10,train,57,487,486.938141
514,10,train,58,473,473.016693
514,10,train,59,479,479.221100
514,10,train,60,596,596.020752
514,10,train,61,500,500.207520
514,10,train,62,495,495.510681
514,10,train,63,505,504.982788
514,10,train,64,561,560.955261
514,10,train,65,613,612.939819
514,10,train,66,459,459.006866
514,10,train,67,509,508.461700
514,10,train,68,597,596.970520
514,10,train,69,508,507.851196
514,10,train,70,507,507.209259
514,10,train,71,516,516.523254
514,10,train,72,574,574.091797
514,10,train,73,534,533.969238
514,10,train,74,451,450.884125
514,10,train,75,597,596.999634
514,10,train,76,562,561.976257
514,10,train,77,617,616.989197
514,10,train,78,519,519.090759
514,10,train,79,555,553.187927
514,10,train,80,463,462.370789
514,10,train,81,608,608.015625
514,10,train,82,456,455.999725
514,10,train,83,597,596.999329
514,10,train,84,597,596.946350
514,10,train,85,524,524.037598
514,10,train,86,577,577.649780
514,10,train,87,501,501.108521
514,10,train,88,450,450.520416
514,10,train,89,594,593.960754
514,10,train,90,605,605.131775
514,10,train,91,577,576.216125
514,10,train,92,478,477.979034
514,10,train,93,605,604.979614
514,10,train,94,515,515.027039
514,10,train,95,532,531.880005
514,10,train,96,649,649.731873
514,10,train,97,504,503.850769
514,10,train,98,509,509.512604
514,10,train,99,484,483.748657
514,10,train,100,522,521.862000
514,10,train,101,648,647.972046
514,10,train,102,586,585.004517
514,10,train,103,578,578.004822
514,10,train,104,465,464.956665
514,10,train,105,612,611.804016
514,10,train,106,455,454.783813
514,10,train,107,477,477.029175
514,10,train,108,585,584.864502
514,10,train,109,630,629.946716
514,10,train,110,670,670.301941
514,10,train,111,516,515.501099
514,10,train,112,463,462.499695
514,10,train,113,519,518.970459
514,10,train,114,507,506.943207
514,10,train,115,525,525.108032
514,10,train,116,482,482.045746
514,10,train,117,488,487.991241
514,10,train,118,637,636.853149
514,10,train,119,480,479.962158
514,10,train,120,606,605.804993
514,10,train,121,485,485.026062
514,10,train,122,617,617.207031
514,10,train,123,560,560.010803
514,10,train,124,464,463.970276
514,10,train,125,617,616.996765
514,10,train,126,545,544.793091
514,10,train,127,465,464.991516
514,10,train,128,601,600.984924
514,10,train,129,538,539.210144
514,10,train,130,495,495.196869
514,10,train,131,472,471.837524
514,10,train,132,431,431.046692
514,10,train,133,500,499.852142
514,10,train,134,476,475.956482
514,10,train,135,479,479.007385
514,10,train,136,575,575.058899
514,10,train,137,455,455.199982
514,10,train,138,550,550.136597
514,10,train,139,502,501.949158
514,10,train,140,528,527.711426
